dataset_id,snapshot_tag,file_path,filename,file_size_bytes,expected_size_bytes,source,download_date_utc,checksum_sha256,status,annexed,subject,session,selection_rule
ds004447,1.0.1,data/raw/openneuro/ds004447/CHANGES,CHANGES,69,69,https://s3.amazonaws.com/openneuro.org/ds004447/CHANGES,2026-07-02T12:33:13.906396+00:00,0b13eb28f1ba652d717dca390c03e132e977a5dc2004dd693944b395fc5f95ee,downloaded,False,,,all_subjects_first_and_last_available_session_plus_top_level_sidecars
ds004447,1.0.1,data/raw/openneuro/ds004447/README,README,319,319,https://s3.amazonaws.com/openneuro.org/ds004447/README,2026-07-02T12:33:14.338151+00:00,303d99da183d969c9ee1beab7ad293e6ad5e5b035444e950456200feb689585d,downloaded,False,,,all_subjects_first_and_last_available_session_plus_top_level_sidecars
ds004447,1.0.1,data/raw/openneuro/ds004447/dataset_description.json,dataset_description.json,490,490,https://s3.amazonaws.com/openneuro.org/ds004447/dataset_description.json,2026-07-02T12:33:14.761326+00:00,8427a9255d513b5847a775446a20f763b1e483b0c65cfe6fe807c9e003bc0140,downloaded,False,,,all_subjects_first_and_last_available_session_plus_top_level_sidecars
ds004447,1.0.1,data/raw/openneuro/ds004447/participants.json,participants.json,334,334,https://s3.amazonaws.com/openneuro.org/ds004447/participants.json,2026-07-02T12:33:15.184257+00:00,423f554bafc18455aa4dd640e41816ac2ed04b88d05693ad05fa9b381d8baedc,downloaded,False,,,all_subjects_first_and_last_available_session_plus_top_level_sidecars
ds004447,1.0.1,data/raw/openneuro/ds004447/participants.tsv,participants.tsv,706,706,https://s3.amazonaws.com/openneuro.org/ds004447/participants.tsv,2026-07-02T12:33:15.834288+00:00,a838a6dbaf1c3bd65762568dc04f661b14a4af4055f9a8cd731eb46bc9e48b03,downloaded,False,,,all_subjects_first_and_last_available_session_plus_top_level_sidecars
ds004447,1.0.1,data/raw/openneuro/ds004447/sub-001/ses-01/eeg/sub-001_ses-01_task-smrbmi_channels.tsv,sub-001/ses-01/eeg/sub-001_ses-01_task-smrbmi_channels.tsv,3157,3157,https://s3.amazonaws.com/openneuro.org/ds004447/sub-022/ses-19/eeg/sub-022_ses-19_task-smrbmi_channels.tsv,2026-07-02T12:33:16.275328+00:00,e3e80484cf5adeb0aa19e66e16c30f4235bb67571f929fd24d325ae98e93b033,downloaded,False,sub-001,ses-01,all_subjects_first_and_last_available_session_plus_top_level_sidecars
ds004447,1.0.1,data/raw/openneuro/ds004447/sub-001/ses-01/eeg/sub-001_ses-01_task-smrbmi_eeg.edf,sub-001/ses-01/eeg/sub-001_ses-01_task-smrbmi_eeg.edf,42933536,42933536,https://s3.amazonaws.com/openneuro.org/ds004447/sub-001/ses-01/eeg/sub-001_ses-01_task-smrbmi_eeg.edf,2026-07-02T12:33:21.374141+00:00,fff8ad10563eabf595b3056d5a67ec6f27a3dede7fa97ed9952b73c4227f5445,downloaded,True,sub-001,ses-01,all_subjects_first_and_last_available_session_plus_top_level_sidecars
ds004447,1.0.1,data/raw/openneuro/ds004447/sub-001/ses-01/eeg/sub-001_ses-01_task-smrbmi_eeg.json,sub-001/ses-01/eeg/sub-001_ses-01_task-smrbmi_eeg.json,463,463,https://s3.amazonaws.com/openneuro.org/ds004447/sub-001/ses-01/eeg/sub-001_ses-01_task-smrbmi_eeg.json,2026-07-02T12:33:21.887309+00:00,3013034b42445a2a10d4f94c3730e8e09dac53416fa6125cf41525dfdaf2dc08,downloaded,False,sub-001,ses-01,all_subjects_first_and_last_available_session_plus_top_level_sidecars
ds004447,1.0.1,data/raw/openneuro/ds004447/sub-001/ses-01/eeg/sub-001_ses-01_task-smrbmi_electrodes.tsv,sub-001/ses-01/eeg/sub-001_ses-01_task-smrbmi_electrodes.tsv,6171,6171,https://s3.amazonaws.com/openneuro.org/ds004447/sub-001/ses-01/eeg/sub-001_ses-01_task-smrbmi_electrodes.tsv,2026-07-02T12:33:22.316937+00:00,0693f7e74ee0fdf919922fd5d6123f1cb304f9bb9044e41600da797bcaf374cd,downloaded,False,sub-001,ses-01,all_subjects_first_and_last_available_session_plus_top_level_sidecars
ds004447,1.0.1,data/raw/openneuro/ds004447/sub-001/ses-01/eeg/sub-001_ses-01_task-smrbmi_events.tsv,sub-001/ses-01/eeg/sub-001_ses-01_task-smrbmi_events.tsv,787,787,https://s3.amazonaws.com/openneuro.org/ds004447/sub-001/ses-01/eeg/sub-001_ses-01_task-smrbmi_events.tsv,2026-07-02T12:33:22.747435+00:00,cbc86ff7f8cc5c0c8dca10b4dbf595c6d858c9253ea400851cbee91572021330,downloaded,False,sub-001,ses-01,all_subjects_first_and_last_available_session_plus_top_level_sidecars
ds004447,1.0.1,data/raw/openneuro/ds004447/sub-001/ses-19/eeg/sub-001_ses-19_task-smrbmi_channels.tsv,sub-001/ses-19/eeg/sub-001_ses-19_task-smrbmi_channels.tsv,3157,3157,https://s3.amazonaws.com/openneuro.org/ds004447/sub-022/ses-19/eeg/sub-022_ses-19_task-smrbmi_channels.tsv,2026-07-02T12:33:23.197556+00:00,e3e80484cf5adeb0aa19e66e16c30f4235bb67571f929fd24d325ae98e93b033,downloaded,False,sub-001,ses-19,all_subjects_first_and_last_available_session_plus_top_level_sidecars
ds004447,1.0.1,data/raw/openneuro/ds004447/sub-001/ses-19/eeg/sub-001_ses-19_task-smrbmi_eeg.edf,sub-001/ses-19/eeg/sub-001_ses-19_task-smrbmi_eeg.edf,43713536,43713536,https://s3.amazonaws.com/openneuro.org/ds004447/sub-001/ses-19/eeg/sub-001_ses-19_task-smrbmi_eeg.edf,2026-07-02T12:33:30.520381+00:00,da14238d5fb47fd19ee88909475288eb4e39c10e610858d349a599643ef2f35b,downloaded,True,sub-001,ses-19,all_subjects_first_and_last_available_session_plus_top_level_sidecars
ds004447,1.0.1,data/raw/openneuro/ds004447/sub-001/ses-19/eeg/sub-001_ses-19_task-smrbmi_electrodes.tsv,sub-001/ses-19/eeg/sub-001_ses-19_task-smrbmi_electrodes.tsv,6161,6161,https://s3.amazonaws.com/openneuro.org/ds004447/sub-002/ses-19/eeg/sub-002_ses-19_task-smrbmi_electrodes.tsv,2026-07-02T12:33:31.141174+00:00,bb6267e406a9f0a6db675d463856b34d17d36cbac2ff9758b15bc9b39dd29bcc,downloaded,False,sub-001,ses-19,all_subjects_first_and_last_available_session_plus_top_level_sidecars
ds004447,1.0.1,data/raw/openneuro/ds004447/sub-001/ses-19/eeg/sub-001_ses-19_task-smrbmi_events.tsv,sub-001/ses-19/eeg/sub-001_ses-19_task-smrbmi_events.tsv,790,790,https://s3.amazonaws.com/openneuro.org/ds004447/sub-002/ses-19/eeg/sub-002_ses-19_task-smrbmi_events.tsv,2026-07-02T12:33:31.662870+00:00,58b9df8f17149b622d3f8fa06ac6cc9939d6e77553cc68f67932fdcf95442f02,downloaded,False,sub-001,ses-19,all_subjects_first_and_last_available_session_plus_top_level_sidecars
ds004447,1.0.1,data/raw/openneuro/ds004447/sub-002/ses-01/eeg/sub-002_ses-01_task-smrbmi_channels.tsv,sub-002/ses-01/eeg/sub-002_ses-01_task-smrbmi_channels.tsv,3157,3157,https://s3.amazonaws.com/openneuro.org/ds004447/sub-022/ses-19/eeg/sub-022_ses-19_task-smrbmi_channels.tsv,2026-07-02T12:33:32.054436+00:00,e3e80484cf5adeb0aa19e66e16c30f4235bb67571f929fd24d325ae98e93b033,downloaded,False,sub-002,ses-01,all_subjects_first_and_last_available_session_plus_top_level_sidecars
ds004447,1.0.1,data/raw/openneuro/ds004447/sub-002/ses-01/eeg/sub-002_ses-01_task-smrbmi_eeg.edf,sub-002/ses-01/eeg/sub-002_ses-01_task-smrbmi_eeg.edf,42153536,42153536,https://s3.amazonaws.com/openneuro.org/ds004447/sub-002/ses-01/eeg/sub-002_ses-01_task-smrbmi_eeg.edf,2026-07-02T12:33:35.738620+00:00,d35c7010a625430e3db3fe62dc6e8106ca33131f14181d94910bb7df184340d8,downloaded,True,sub-002,ses-01,all_subjects_first_and_last_available_session_plus_top_level_sidecars
ds004447,1.0.1,data/raw/openneuro/ds004447/sub-002/ses-01/eeg/sub-002_ses-01_task-smrbmi_eeg.json,sub-002/ses-01/eeg/sub-002_ses-01_task-smrbmi_eeg.json,463,463,https://s3.amazonaws.com/openneuro.org/ds004447/sub-002/ses-01/eeg/sub-002_ses-01_task-smrbmi_eeg.json,2026-07-02T12:33:36.385149+00:00,dd4dda78da10f72f8b81774709299989ec53a8122f76e4294f1d0367807d6f6a,downloaded,False,sub-002,ses-01,all_subjects_first_and_last_available_session_plus_top_level_sidecars
ds004447,1.0.1,data/raw/openneuro/ds004447/sub-002/ses-01/eeg/sub-002_ses-01_task-smrbmi_electrodes.tsv,sub-002/ses-01/eeg/sub-002_ses-01_task-smrbmi_electrodes.tsv,6166,6166,https://s3.amazonaws.com/openneuro.org/ds004447/sub-002/ses-01/eeg/sub-002_ses-01_task-smrbmi_electrodes.tsv,2026-07-02T12:33:36.880427+00:00,1d49bd2b6b6519332643c8b90f5db88e97a14431a8b46215f60fa3c9522bef0b,downloaded,False,sub-002,ses-01,all_subjects_first_and_last_available_session_plus_top_level_sidecars
ds004447,1.0.1,data/raw/openneuro/ds004447/sub-002/ses-01/eeg/sub-002_ses-01_task-smrbmi_events.tsv,sub-002/ses-01/eeg/sub-002_ses-01_task-smrbmi_events.tsv,787,787,https://s3.amazonaws.com/openneuro.org/ds004447/sub-002/ses-01/eeg/sub-002_ses-01_task-smrbmi_events.tsv,2026-07-02T12:33:37.382751+00:00,d3db2744031343ec9354c0c340d86fb63d4205b36156542eeaf78de806bc8d60,downloaded,False,sub-002,ses-01,all_subjects_first_and_last_available_session_plus_top_level_sidecars
ds004447,1.0.1,data/raw/openneuro/ds004447/sub-002/ses-19/eeg/sub-002_ses-19_task-smrbmi_channels.tsv,sub-002/ses-19/eeg/sub-002_ses-19_task-smrbmi_channels.tsv,3157,3157,https://s3.amazonaws.com/openneuro.org/ds004447/sub-022/ses-19/eeg/sub-022_ses-19_task-smrbmi_channels.tsv,2026-07-02T12:33:37.781434+00:00,e3e80484cf5adeb0aa19e66e16c30f4235bb67571f929fd24d325ae98e93b033,downloaded,False,sub-002,ses-19,all_subjects_first_and_last_available_session_plus_top_level_sidecars
ds004447,1.0.1,data/raw/openneuro/ds004447/sub-002/ses-19/eeg/sub-002_ses-19_task-smrbmi_eeg.edf,sub-002/ses-19/eeg/sub-002_ses-19_task-smrbmi_eeg.edf,43713536,43713536,https://s3.amazonaws.com/openneuro.org/ds004447/sub-002/ses-19/eeg/sub-002_ses-19_task-smrbmi_eeg.edf,2026-07-02T12:33:43.862794+00:00,1ef4c2f8b4ba3684326df1cdfa51fadddf89c76f4213093d6d534f47b70c12bb,downloaded,True,sub-002,ses-19,all_subjects_first_and_last_available_session_plus_top_level_sidecars
ds004447,1.0.1,data/raw/openneuro/ds004447/sub-002/ses-19/eeg/sub-002_ses-19_task-smrbmi_eeg.json,sub-002/ses-19/eeg/sub-002_ses-19_task-smrbmi_eeg.json,463,463,https://s3.amazonaws.com/openneuro.org/ds004447/sub-002/ses-19/eeg/sub-002_ses-19_task-smrbmi_eeg.json,2026-07-02T12:33:44.363478+00:00,7ede5d4665aedad12d8b14e3ce554644de2d525b0a6e5a1c1605e3ffa459e0e3,downloaded,False,sub-002,ses-19,all_subjects_first_and_last_available_session_plus_top_level_sidecars
ds004447,1.0.1,data/raw/openneuro/ds004447/sub-002/ses-19/eeg/sub-002_ses-19_task-smrbmi_electrodes.tsv,sub-002/ses-19/eeg/sub-002_ses-19_task-smrbmi_electrodes.tsv,6161,6161,https://s3.amazonaws.com/openneuro.org/ds004447/sub-002/ses-19/eeg/sub-002_ses-19_task-smrbmi_electrodes.tsv,2026-07-02T12:33:45.704996+00:00,bb6267e406a9f0a6db675d463856b34d17d36cbac2ff9758b15bc9b39dd29bcc,downloaded,False,sub-002,ses-19,all_subjects_first_and_last_available_session_plus_top_level_sidecars
ds004447,1.0.1,data/raw/openneuro/ds004447/sub-002/ses-19/eeg/sub-002_ses-19_task-smrbmi_events.tsv,sub-002/ses-19/eeg/sub-002_ses-19_task-smrbmi_events.tsv,790,790,https://s3.amazonaws.com/openneuro.org/ds004447/sub-002/ses-19/eeg/sub-002_ses-19_task-smrbmi_events.tsv,2026-07-02T12:33:46.159719+00:00,58b9df8f17149b622d3f8fa06ac6cc9939d6e77553cc68f67932fdcf95442f02,downloaded,False,sub-002,ses-19,all_subjects_first_and_last_available_session_plus_top_level_sidecars
ds004447,1.0.1,data/raw/openneuro/ds004447/sub-003/ses-01/eeg/sub-003_ses-01_task-smrbmi_channels.tsv,sub-003/ses-01/eeg/sub-003_ses-01_task-smrbmi_channels.tsv,3157,3157,https://s3.amazonaws.com/openneuro.org/ds004447/sub-022/ses-19/eeg/sub-022_ses-19_task-smrbmi_channels.tsv,2026-07-02T12:33:46.559374+00:00,e3e80484cf5adeb0aa19e66e16c30f4235bb67571f929fd24d325ae98e93b033,downloaded,False,sub-003,ses-01,all_subjects_first_and_last_available_session_plus_top_level_sidecars
ds004447,1.0.1,data/raw/openneuro/ds004447/sub-003/ses-01/eeg/sub-003_ses-01_task-smrbmi_eeg.edf,sub-003/ses-01/eeg/sub-003_ses-01_task-smrbmi_eeg.edf,52813536,52813536,https://s3.amazonaws.com/openneuro.org/ds004447/sub-003/ses-01/eeg/sub-003_ses-01_task-smrbmi_eeg.edf,2026-07-02T12:33:51.967855+00:00,308480853c4743b5e9280421212e849c6686db42690a054df734d6e544aac288,downloaded,True,sub-003,ses-01,all_subjects_first_and_last_available_session_plus_top_level_sidecars
ds004447,1.0.1,data/raw/openneuro/ds004447/sub-003/ses-01/eeg/sub-003_ses-01_task-smrbmi_eeg.json,sub-003/ses-01/eeg/sub-003_ses-01_task-smrbmi_eeg.json,462,462,https://s3.amazonaws.com/openneuro.org/ds004447/sub-003/ses-01/eeg/sub-003_ses-01_task-smrbmi_eeg.json,2026-07-02T12:33:52.740366+00:00,93c8055211be519806798ad5837ce26c891bfdca224735c9c64c4e9bdaa1da04,downloaded,False,sub-003,ses-01,all_subjects_first_and_last_available_session_plus_top_level_sidecars
ds004447,1.0.1,data/raw/openneuro/ds004447/sub-003/ses-01/eeg/sub-003_ses-01_task-smrbmi_electrodes.tsv,sub-003/ses-01/eeg/sub-003_ses-01_task-smrbmi_electrodes.tsv,6162,6162,https://s3.amazonaws.com/openneuro.org/ds004447/sub-003/ses-01/eeg/sub-003_ses-01_task-smrbmi_electrodes.tsv,2026-07-02T12:33:53.161099+00:00,d774a06fc0d75f974f019a9ee225e48bf3008b1c016e3a0c31c3fefe35675324,downloaded,False,sub-003,ses-01,all_subjects_first_and_last_available_session_plus_top_level_sidecars
ds004447,1.0.1,data/raw/openneuro/ds004447/sub-003/ses-01/eeg/sub-003_ses-01_task-smrbmi_events.tsv,sub-003/ses-01/eeg/sub-003_ses-01_task-smrbmi_events.tsv,799,799,https://s3.amazonaws.com/openneuro.org/ds004447/sub-003/ses-01/eeg/sub-003_ses-01_task-smrbmi_events.tsv,2026-07-02T12:33:53.601444+00:00,dd84553f1d92c1cf0485f040a16d33d3ebba7666dd463df99bf3c1ee3b9a4b9a,downloaded,False,sub-003,ses-01,all_subjects_first_and_last_available_session_plus_top_level_sidecars
ds004447,1.0.1,data/raw/openneuro/ds004447/sub-003/ses-19/eeg/sub-003_ses-19_task-smrbmi_channels.tsv,sub-003/ses-19/eeg/sub-003_ses-19_task-smrbmi_channels.tsv,3157,3157,https://s3.amazonaws.com/openneuro.org/ds004447/sub-022/ses-19/eeg/sub-022_ses-19_task-smrbmi_channels.tsv,2026-07-02T12:33:54.012937+00:00,e3e80484cf5adeb0aa19e66e16c30f4235bb67571f929fd24d325ae98e93b033,downloaded,False,sub-003,ses-19,all_subjects_first_and_last_available_session_plus_top_level_sidecars
ds004447,1.0.1,data/raw/openneuro/ds004447/sub-003/ses-19/eeg/sub-003_ses-19_task-smrbmi_eeg.edf,sub-003/ses-19/eeg/sub-003_ses-19_task-smrbmi_eeg.edf,42153536,42153536,https://s3.amazonaws.com/openneuro.org/ds004447/sub-003/ses-19/eeg/sub-003_ses-19_task-smrbmi_eeg.edf,2026-07-02T12:33:57.818363+00:00,92933e0c70fe6a8a3097ddcdb1917290cdee4e6d363a98085631062326e05c9b,downloaded,True,sub-003,ses-19,all_subjects_first_and_last_available_session_plus_top_level_sidecars
ds004447,1.0.1,data/raw/openneuro/ds004447/sub-003/ses-19/eeg/sub-003_ses-19_task-smrbmi_eeg.json,sub-003/ses-19/eeg/sub-003_ses-19_task-smrbmi_eeg.json,463,463,https://s3.amazonaws.com/openneuro.org/ds004447/sub-003/ses-19/eeg/sub-003_ses-19_task-smrbmi_eeg.json,2026-07-02T12:33:58.353364+00:00,d88afe353c74a4de0c11a65503bce9221b8d992e1ab8ad9e1a340601e699a9db,downloaded,False,sub-003,ses-19,all_subjects_first_and_last_available_session_plus_top_level_sidecars
ds004447,1.0.1,data/raw/openneuro/ds004447/sub-003/ses-19/eeg/sub-003_ses-19_task-smrbmi_electrodes.tsv,sub-003/ses-19/eeg/sub-003_ses-19_task-smrbmi_electrodes.tsv,6164,6164,https://s3.amazonaws.com/openneuro.org/ds004447/sub-003/ses-19/eeg/sub-003_ses-19_task-smrbmi_electrodes.tsv,2026-07-02T12:33:58.792049+00:00,5666d9cbbc68d592e3d1030cc5f71121f3bbaef4d7bc68a89a227e3f968ca185,downloaded,False,sub-003,ses-19,all_subjects_first_and_last_available_session_plus_top_level_sidecars
ds004447,1.0.1,data/raw/openneuro/ds004447/sub-003/ses-19/eeg/sub-003_ses-19_task-smrbmi_events.tsv,sub-003/ses-19/eeg/sub-003_ses-19_task-smrbmi_events.tsv,787,787,https://s3.amazonaws.com/openneuro.org/ds004447/sub-003/ses-19/eeg/sub-003_ses-19_task-smrbmi_events.tsv,2026-07-02T12:33:59.271235+00:00,4ac79f91552d2826ced1098eb3bf789b61a3c5dab9f83328794d8e4d9726ab2b,downloaded,False,sub-003,ses-19,all_subjects_first_and_last_available_session_plus_top_level_sidecars
ds004447,1.0.1,data/raw/openneuro/ds004447/sub-004/ses-01/eeg/sub-004_ses-01_task-smrbmi_channels.tsv,sub-004/ses-01/eeg/sub-004_ses-01_task-smrbmi_channels.tsv,3157,3157,https://s3.amazonaws.com/openneuro.org/ds004447/sub-022/ses-19/eeg/sub-022_ses-19_task-smrbmi_channels.tsv,2026-07-02T12:33:59.698935+00:00,e3e80484cf5adeb0aa19e66e16c30f4235bb67571f929fd24d325ae98e93b033,downloaded,False,sub-004,ses-01,all_subjects_first_and_last_available_session_plus_top_level_sidecars
ds004447,1.0.1,data/raw/openneuro/ds004447/sub-004/ses-01/eeg/sub-004_ses-01_task-smrbmi_eeg.edf,sub-004/ses-01/eeg/sub-004_ses-01_task-smrbmi_eeg.edf,47353536,47353536,https://s3.amazonaws.com/openneuro.org/ds004447/sub-004/ses-01/eeg/sub-004_ses-01_task-smrbmi_eeg.edf,2026-07-02T12:34:04.007269+00:00,d29ecfe81fd2a5a9a8ddb785a08151dd814f622207da794bec634df8c8d68dd8,downloaded,True,sub-004,ses-01,all_subjects_first_and_last_available_session_plus_top_level_sidecars
ds004447,1.0.1,data/raw/openneuro/ds004447/sub-004/ses-01/eeg/sub-004_ses-01_task-smrbmi_eeg.json,sub-004/ses-01/eeg/sub-004_ses-01_task-smrbmi_eeg.json,463,463,https://s3.amazonaws.com/openneuro.org/ds004447/sub-004/ses-01/eeg/sub-004_ses-01_task-smrbmi_eeg.json,2026-07-02T12:34:04.974035+00:00,5c7ab6241dd1e54642e644a9df9627ce5575df90f16140e8179cb4c5e0bc81d4,downloaded,False,sub-004,ses-01,all_subjects_first_and_last_available_session_plus_top_level_sidecars
ds004447,1.0.1,data/raw/openneuro/ds004447/sub-004/ses-01/eeg/sub-004_ses-01_task-smrbmi_electrodes.tsv,sub-004/ses-01/eeg/sub-004_ses-01_task-smrbmi_electrodes.tsv,6173,6173,https://s3.amazonaws.com/openneuro.org/ds004447/sub-004/ses-01/eeg/sub-004_ses-01_task-smrbmi_electrodes.tsv,2026-07-02T12:34:05.386522+00:00,f053d0a1e2b72bafa97c3f07fa0d5c2e7770c0629eeb0242c687a73e992ff53a,downloaded,False,sub-004,ses-01,all_subjects_first_and_last_available_session_plus_top_level_sidecars
ds004447,1.0.1,data/raw/openneuro/ds004447/sub-004/ses-01/eeg/sub-004_ses-01_task-smrbmi_events.tsv,sub-004/ses-01/eeg/sub-004_ses-01_task-smrbmi_events.tsv,794,794,https://s3.amazonaws.com/openneuro.org/ds004447/sub-004/ses-01/eeg/sub-004_ses-01_task-smrbmi_events.tsv,2026-07-02T12:34:05.819063+00:00,9ac1e098444f7e8c13b100e0d3d6d0d18d9e572fe2b0871d7e03c0fe032e8125,downloaded,False,sub-004,ses-01,all_subjects_first_and_last_available_session_plus_top_level_sidecars
ds004447,1.0.1,data/raw/openneuro/ds004447/sub-004/ses-19/eeg/sub-004_ses-19_task-smrbmi_channels.tsv,sub-004/ses-19/eeg/sub-004_ses-19_task-smrbmi_channels.tsv,3157,3157,https://s3.amazonaws.com/openneuro.org/ds004447/sub-022/ses-19/eeg/sub-022_ses-19_task-smrbmi_channels.tsv,2026-07-02T12:34:06.244005+00:00,e3e80484cf5adeb0aa19e66e16c30f4235bb67571f929fd24d325ae98e93b033,downloaded,False,sub-004,ses-19,all_subjects_first_and_last_available_session_plus_top_level_sidecars
ds004447,1.0.1,data/raw/openneuro/ds004447/sub-004/ses-19/eeg/sub-004_ses-19_task-smrbmi_eeg.edf,sub-004/ses-19/eeg/sub-004_ses-19_task-smrbmi_eeg.edf,43973536,43973536,https://s3.amazonaws.com/openneuro.org/ds004447/sub-004/ses-19/eeg/sub-004_ses-19_task-smrbmi_eeg.edf,2026-07-02T12:34:09.586411+00:00,bd23dfba2db7aaf3b7f60400f57b6c2c7c760ca3838eabcf844b1ec226b9d07e,downloaded,True,sub-004,ses-19,all_subjects_first_and_last_available_session_plus_top_level_sidecars
ds004447,1.0.1,data/raw/openneuro/ds004447/sub-004/ses-19/eeg/sub-004_ses-19_task-smrbmi_eeg.json,sub-004/ses-19/eeg/sub-004_ses-19_task-smrbmi_eeg.json,463,463,https://s3.amazonaws.com/openneuro.org/ds004447/sub-004/ses-19/eeg/sub-004_ses-19_task-smrbmi_eeg.json,2026-07-02T12:34:10.380111+00:00,1de77b6501d1cfc1e336c8f0cbcf9fbeb2d25fae0d775e18aa82ffcaa037d89a,downloaded,False,sub-004,ses-19,all_subjects_first_and_last_available_session_plus_top_level_sidecars
ds004447,1.0.1,data/raw/openneuro/ds004447/sub-004/ses-19/eeg/sub-004_ses-19_task-smrbmi_electrodes.tsv,sub-004/ses-19/eeg/sub-004_ses-19_task-smrbmi_electrodes.tsv,6167,6167,https://s3.amazonaws.com/openneuro.org/ds004447/sub-004/ses-19/eeg/sub-004_ses-19_task-smrbmi_electrodes.tsv,2026-07-02T12:34:10.909096+00:00,bdd08806e76529622e6471f11a5b91d5dde87b0f9cbd468c6834e033cb21e71f,downloaded,False,sub-004,ses-19,all_subjects_first_and_last_available_session_plus_top_level_sidecars
ds004447,1.0.1,data/raw/openneuro/ds004447/sub-004/ses-19/eeg/sub-004_ses-19_task-smrbmi_events.tsv,sub-004/ses-19/eeg/sub-004_ses-19_task-smrbmi_events.tsv,790,790,https://s3.amazonaws.com/openneuro.org/ds004447/sub-004/ses-19/eeg/sub-004_ses-19_task-smrbmi_events.tsv,2026-07-02T12:34:11.362066+00:00,7337998833b0325376618a8636666bda61e4676e748c23f86922a31fe2d8e0d7,downloaded,False,sub-004,ses-19,all_subjects_first_and_last_available_session_plus_top_level_sidecars
ds004447,1.0.1,data/raw/openneuro/ds004447/sub-005/ses-01/eeg/sub-005_ses-01_task-smrbmi_channels.tsv,sub-005/ses-01/eeg/sub-005_ses-01_task-smrbmi_channels.tsv,3157,3157,https://s3.amazonaws.com/openneuro.org/ds004447/sub-022/ses-19/eeg/sub-022_ses-19_task-smrbmi_channels.tsv,2026-07-02T12:34:11.768663+00:00,e3e80484cf5adeb0aa19e66e16c30f4235bb67571f929fd24d325ae98e93b033,downloaded,False,sub-005,ses-01,all_subjects_first_and_last_available_session_plus_top_level_sidecars
ds004447,1.0.1,data/raw/openneuro/ds004447/sub-005/ses-01/eeg/sub-005_ses-01_task-smrbmi_eeg.edf,sub-005/ses-01/eeg/sub-005_ses-01_task-smrbmi_eeg.edf,44753536,44753536,https://s3.amazonaws.com/openneuro.org/ds004447/sub-005/ses-01/eeg/sub-005_ses-01_task-smrbmi_eeg.edf,2026-07-02T12:34:15.918639+00:00,9bc040e4d06f77f179e5073a27054897f1bc29df592ab14330f0e9fad7723649,downloaded,True,sub-005,ses-01,all_subjects_first_and_last_available_session_plus_top_level_sidecars
ds004447,1.0.1,data/raw/openneuro/ds004447/sub-005/ses-01/eeg/sub-005_ses-01_task-smrbmi_eeg.json,sub-005/ses-01/eeg/sub-005_ses-01_task-smrbmi_eeg.json,463,463,https://s3.amazonaws.com/openneuro.org/ds004447/sub-005/ses-01/eeg/sub-005_ses-01_task-smrbmi_eeg.json,2026-07-02T12:34:16.442932+00:00,1573092dbf99d031c7d79598f38185243469ea01d9250f3375dbd5c9105fada3,downloaded,False,sub-005,ses-01,all_subjects_first_and_last_available_session_plus_top_level_sidecars
ds004447,1.0.1,data/raw/openneuro/ds004447/sub-005/ses-01/eeg/sub-005_ses-01_task-smrbmi_electrodes.tsv,sub-005/ses-01/eeg/sub-005_ses-01_task-smrbmi_electrodes.tsv,6169,6169,https://s3.amazonaws.com/openneuro.org/ds004447/sub-005/ses-01/eeg/sub-005_ses-01_task-smrbmi_electrodes.tsv,2026-07-02T12:34:16.927307+00:00,33b9a361e92ceff6423aa7991ec4f06db202371221632696d22bb09d01e6b935,downloaded,False,sub-005,ses-01,all_subjects_first_and_last_available_session_plus_top_level_sidecars
ds004447,1.0.1,data/raw/openneuro/ds004447/sub-005/ses-01/eeg/sub-005_ses-01_task-smrbmi_events.tsv,sub-005/ses-01/eeg/sub-005_ses-01_task-smrbmi_events.tsv,790,790,https://s3.amazonaws.com/openneuro.org/ds004447/sub-005/ses-01/eeg/sub-005_ses-01_task-smrbmi_events.tsv,2026-07-02T12:34:17.365463+00:00,965256af785cbcc744500c5b6a6144d49fda57d1c5b0479b1c45708ba82b069b,downloaded,False,sub-005,ses-01,all_subjects_first_and_last_available_session_plus_top_level_sidecars
ds004447,1.0.1,data/raw/openneuro/ds004447/sub-005/ses-19/eeg/sub-005_ses-19_task-smrbmi_channels.tsv,sub-005/ses-19/eeg/sub-005_ses-19_task-smrbmi_channels.tsv,3157,3157,https://s3.amazonaws.com/openneuro.org/ds004447/sub-022/ses-19/eeg/sub-022_ses-19_task-smrbmi_channels.tsv,2026-07-02T12:34:17.785121+00:00,e3e80484cf5adeb0aa19e66e16c30f4235bb67571f929fd24d325ae98e93b033,downloaded,False,sub-005,ses-19,all_subjects_first_and_last_available_session_plus_top_level_sidecars
ds004447,1.0.1,data/raw/openneuro/ds004447/sub-005/ses-19/eeg/sub-005_ses-19_task-smrbmi_eeg.edf,sub-005/ses-19/eeg/sub-005_ses-19_task-smrbmi_eeg.edf,45273536,45273536,https://s3.amazonaws.com/openneuro.org/ds004447/sub-005/ses-19/eeg/sub-005_ses-19_task-smrbmi_eeg.edf,2026-07-02T12:34:21.767297+00:00,e102361a1e46a42e06141da263687afa15bbf52ab78d1adaf7c93d8bfb888f1b,downloaded,True,sub-005,ses-19,all_subjects_first_and_last_available_session_plus_top_level_sidecars
ds004447,1.0.1,data/raw/openneuro/ds004447/sub-005/ses-19/eeg/sub-005_ses-19_task-smrbmi_eeg.json,sub-005/ses-19/eeg/sub-005_ses-19_task-smrbmi_eeg.json,463,463,https://s3.amazonaws.com/openneuro.org/ds004447/sub-005/ses-19/eeg/sub-005_ses-19_task-smrbmi_eeg.json,2026-07-02T12:34:22.576120+00:00,f92295654fe2e25f8d551c9cb62f61b1b6e4bd2bd53c41de3393298652ee7cf0,downloaded,False,sub-005,ses-19,all_subjects_first_and_last_available_session_plus_top_level_sidecars
ds004447,1.0.1,data/raw/openneuro/ds004447/sub-005/ses-19/eeg/sub-005_ses-19_task-smrbmi_electrodes.tsv,sub-005/ses-19/eeg/sub-005_ses-19_task-smrbmi_electrodes.tsv,6170,6170,https://s3.amazonaws.com/openneuro.org/ds004447/sub-005/ses-19/eeg/sub-005_ses-19_task-smrbmi_electrodes.tsv,2026-07-02T12:34:23.040574+00:00,39ebe61c5e62ff73be384797394afe27f69e87fbc25b534d8fb3cfec046d6c69,downloaded,False,sub-005,ses-19,all_subjects_first_and_last_available_session_plus_top_level_sidecars
ds004447,1.0.1,data/raw/openneuro/ds004447/sub-005/ses-19/eeg/sub-005_ses-19_task-smrbmi_events.tsv,sub-005/ses-19/eeg/sub-005_ses-19_task-smrbmi_events.tsv,791,791,https://s3.amazonaws.com/openneuro.org/ds004447/sub-005/ses-19/eeg/sub-005_ses-19_task-smrbmi_events.tsv,2026-07-02T12:34:23.599324+00:00,f63b4335d7fa665b68aa23a078c23fdc261dfa21484425536743ba7c5874e69d,downloaded,False,sub-005,ses-19,all_subjects_first_and_last_available_session_plus_top_level_sidecars
ds004447,1.0.1,data/raw/openneuro/ds004447/sub-006/ses-01/eeg/sub-006_ses-01_task-smrbmi_channels.tsv,sub-006/ses-01/eeg/sub-006_ses-01_task-smrbmi_channels.tsv,3157,3157,https://s3.amazonaws.com/openneuro.org/ds004447/sub-022/ses-19/eeg/sub-022_ses-19_task-smrbmi_channels.tsv,2026-07-02T12:34:24.008199+00:00,e3e80484cf5adeb0aa19e66e16c30f4235bb67571f929fd24d325ae98e93b033,downloaded,False,sub-006,ses-01,all_subjects_first_and_last_available_session_plus_top_level_sidecars
ds004447,1.0.1,data/raw/openneuro/ds004447/sub-006/ses-01/eeg/sub-006_ses-01_task-smrbmi_eeg.edf,sub-006/ses-01/eeg/sub-006_ses-01_task-smrbmi_eeg.edf,59053536,59053536,https://s3.amazonaws.com/openneuro.org/ds004447/sub-006/ses-01/eeg/sub-006_ses-01_task-smrbmi_eeg.edf,2026-07-02T12:34:29.844762+00:00,1206707aefb168a57560e310a393d23d663d811799a717c85120941c4094a5b9,downloaded,True,sub-006,ses-01,all_subjects_first_and_last_available_session_plus_top_level_sidecars
ds004447,1.0.1,data/raw/openneuro/ds004447/sub-006/ses-01/eeg/sub-006_ses-01_task-smrbmi_eeg.json,sub-006/ses-01/eeg/sub-006_ses-01_task-smrbmi_eeg.json,463,463,https://s3.amazonaws.com/openneuro.org/ds004447/sub-006/ses-01/eeg/sub-006_ses-01_task-smrbmi_eeg.json,2026-07-02T12:34:30.402069+00:00,590046b4317fd0018eb0f49c9463018a9d11450cc74ac8154edd1971a00d0747,downloaded,False,sub-006,ses-01,all_subjects_first_and_last_available_session_plus_top_level_sidecars
ds004447,1.0.1,data/raw/openneuro/ds004447/sub-006/ses-01/eeg/sub-006_ses-01_task-smrbmi_electrodes.tsv,sub-006/ses-01/eeg/sub-006_ses-01_task-smrbmi_electrodes.tsv,6164,6164,https://s3.amazonaws.com/openneuro.org/ds004447/sub-006/ses-01/eeg/sub-006_ses-01_task-smrbmi_electrodes.tsv,2026-07-02T12:34:30.862308+00:00,14325dd936434c5b3b82854f7be26235221cc8eeb972d40aed1a328de21fe46b,downloaded,False,sub-006,ses-01,all_subjects_first_and_last_available_session_plus_top_level_sidecars
ds004447,1.0.1,data/raw/openneuro/ds004447/sub-006/ses-01/eeg/sub-006_ses-01_task-smrbmi_events.tsv,sub-006/ses-01/eeg/sub-006_ses-01_task-smrbmi_events.tsv,806,806,https://s3.amazonaws.com/openneuro.org/ds004447/sub-006/ses-01/eeg/sub-006_ses-01_task-smrbmi_events.tsv,2026-07-02T12:34:31.304127+00:00,9a90d9e65c6618c3f6ca80d1cd0e03664484f1f9f697189968592fc351264823,downloaded,False,sub-006,ses-01,all_subjects_first_and_last_available_session_plus_top_level_sidecars
ds004447,1.0.1,data/raw/openneuro/ds004447/sub-006/ses-19/eeg/sub-006_ses-19_task-smrbmi_channels.tsv,sub-006/ses-19/eeg/sub-006_ses-19_task-smrbmi_channels.tsv,3157,3157,https://s3.amazonaws.com/openneuro.org/ds004447/sub-022/ses-19/eeg/sub-022_ses-19_task-smrbmi_channels.tsv,2026-07-02T12:34:31.708623+00:00,e3e80484cf5adeb0aa19e66e16c30f4235bb67571f929fd24d325ae98e93b033,downloaded,False,sub-006,ses-19,all_subjects_first_and_last_available_session_plus_top_level_sidecars
ds004447,1.0.1,data/raw/openneuro/ds004447/sub-006/ses-19/eeg/sub-006_ses-19_task-smrbmi_eeg.edf,sub-006/ses-19/eeg/sub-006_ses-19_task-smrbmi_eeg.edf,45013536,45013536,https://s3.amazonaws.com/openneuro.org/ds004447/sub-006/ses-19/eeg/sub-006_ses-19_task-smrbmi_eeg.edf,2026-07-02T12:34:38.780136+00:00,e095df8e19a01637e108c79d5fa44e70a4577f9026790a839017cee759530053,downloaded,True,sub-006,ses-19,all_subjects_first_and_last_available_session_plus_top_level_sidecars
ds004447,1.0.1,data/raw/openneuro/ds004447/sub-006/ses-19/eeg/sub-006_ses-19_task-smrbmi_eeg.json,sub-006/ses-19/eeg/sub-006_ses-19_task-smrbmi_eeg.json,463,463,https://s3.amazonaws.com/openneuro.org/ds004447/sub-006/ses-19/eeg/sub-006_ses-19_task-smrbmi_eeg.json,2026-07-02T12:34:39.572865+00:00,8eac5466c427179a3fd11dfbc245be1f2217e2e79c4412ea025a68f366f3700d,downloaded,False,sub-006,ses-19,all_subjects_first_and_last_available_session_plus_top_level_sidecars
ds004447,1.0.1,data/raw/openneuro/ds004447/sub-006/ses-19/eeg/sub-006_ses-19_task-smrbmi_electrodes.tsv,sub-006/ses-19/eeg/sub-006_ses-19_task-smrbmi_electrodes.tsv,6168,6168,https://s3.amazonaws.com/openneuro.org/ds004447/sub-006/ses-19/eeg/sub-006_ses-19_task-smrbmi_electrodes.tsv,2026-07-02T12:34:40.110201+00:00,f7527665c17b271bf92862aa59634cda1d53fbfbbf001ced831269e63ffb7f2c,downloaded,False,sub-006,ses-19,all_subjects_first_and_last_available_session_plus_top_level_sidecars
ds004447,1.0.1,data/raw/openneuro/ds004447/sub-006/ses-19/eeg/sub-006_ses-19_task-smrbmi_events.tsv,sub-006/ses-19/eeg/sub-006_ses-19_task-smrbmi_events.tsv,791,791,https://s3.amazonaws.com/openneuro.org/ds004447/sub-006/ses-19/eeg/sub-006_ses-19_task-smrbmi_events.tsv,2026-07-02T12:34:40.562449+00:00,7dacdfa16b47e7aa8d7ad663319554b762ca66f028abe502f717eaab3334b5de,downloaded,False,sub-006,ses-19,all_subjects_first_and_last_available_session_plus_top_level_sidecars
ds004447,1.0.1,data/raw/openneuro/ds004447/sub-007/ses-01/eeg/sub-007_ses-01_task-smrbmi_channels.tsv,sub-007/ses-01/eeg/sub-007_ses-01_task-smrbmi_channels.tsv,3157,3157,https://s3.amazonaws.com/openneuro.org/ds004447/sub-022/ses-19/eeg/sub-022_ses-19_task-smrbmi_channels.tsv,2026-07-02T12:34:40.987868+00:00,e3e80484cf5adeb0aa19e66e16c30f4235bb67571f929fd24d325ae98e93b033,downloaded,False,sub-007,ses-01,all_subjects_first_and_last_available_session_plus_top_level_sidecars
ds004447,1.0.1,data/raw/openneuro/ds004447/sub-007/ses-01/eeg/sub-007_ses-01_task-smrbmi_eeg.edf,sub-007/ses-01/eeg/sub-007_ses-01_task-smrbmi_eeg.edf,42413536,42413536,https://s3.amazonaws.com/openneuro.org/ds004447/sub-007/ses-01/eeg/sub-007_ses-01_task-smrbmi_eeg.edf,2026-07-02T12:34:45.333418+00:00,0165d6aa7be177947538cce90b1ed02970120fc7e78ef76dc2c45aad69653b00,downloaded,True,sub-007,ses-01,all_subjects_first_and_last_available_session_plus_top_level_sidecars
ds004447,1.0.1,data/raw/openneuro/ds004447/sub-007/ses-01/eeg/sub-007_ses-01_task-smrbmi_eeg.json,sub-007/ses-01/eeg/sub-007_ses-01_task-smrbmi_eeg.json,463,463,https://s3.amazonaws.com/openneuro.org/ds004447/sub-007/ses-01/eeg/sub-007_ses-01_task-smrbmi_eeg.json,2026-07-02T12:34:46.308208+00:00,c8ae41c0dd8a7f8dec386b68e8a094196c6b1024b201172332533ec7895fdbe6,downloaded,False,sub-007,ses-01,all_subjects_first_and_last_available_session_plus_top_level_sidecars
ds004447,1.0.1,data/raw/openneuro/ds004447/sub-007/ses-01/eeg/sub-007_ses-01_task-smrbmi_electrodes.tsv,sub-007/ses-01/eeg/sub-007_ses-01_task-smrbmi_electrodes.tsv,6171,6171,https://s3.amazonaws.com/openneuro.org/ds004447/sub-007/ses-01/eeg/sub-007_ses-01_task-smrbmi_electrodes.tsv,2026-07-02T12:34:46.811494+00:00,105c828c30eab158f6bce2be10607944aefbcdb0b2723b804bf21b43ff2faf5d,downloaded,False,sub-007,ses-01,all_subjects_first_and_last_available_session_plus_top_level_sidecars
ds004447,1.0.1,data/raw/openneuro/ds004447/sub-007/ses-01/eeg/sub-007_ses-01_task-smrbmi_events.tsv,sub-007/ses-01/eeg/sub-007_ses-01_task-smrbmi_events.tsv,787,787,https://s3.amazonaws.com/openneuro.org/ds004447/sub-007/ses-01/eeg/sub-007_ses-01_task-smrbmi_events.tsv,2026-07-02T12:34:47.347698+00:00,d4b4448ee26522c7feffa9d8a59441c908bd8622319fb631b4d0fb0edeacbbd8,downloaded,False,sub-007,ses-01,all_subjects_first_and_last_available_session_plus_top_level_sidecars
ds004447,1.0.1,data/raw/openneuro/ds004447/sub-007/ses-19/eeg/sub-007_ses-19_task-smrbmi_channels.tsv,sub-007/ses-19/eeg/sub-007_ses-19_task-smrbmi_channels.tsv,3157,3157,https://s3.amazonaws.com/openneuro.org/ds004447/sub-022/ses-19/eeg/sub-022_ses-19_task-smrbmi_channels.tsv,2026-07-02T12:34:47.760177+00:00,e3e80484cf5adeb0aa19e66e16c30f4235bb67571f929fd24d325ae98e93b033,downloaded,False,sub-007,ses-19,all_subjects_first_and_last_available_session_plus_top_level_sidecars
ds004447,1.0.1,data/raw/openneuro/ds004447/sub-007/ses-19/eeg/sub-007_ses-19_task-smrbmi_eeg.edf,sub-007/ses-19/eeg/sub-007_ses-19_task-smrbmi_eeg.edf,43453536,43453536,https://s3.amazonaws.com/openneuro.org/ds004447/sub-007/ses-19/eeg/sub-007_ses-19_task-smrbmi_eeg.edf,2026-07-02T12:34:52.190233+00:00,608510b6b076bcdfcd5b5f3e4322aa807f4f1edfe9c925f0aa987ebc4b0f6366,downloaded,True,sub-007,ses-19,all_subjects_first_and_last_available_session_plus_top_level_sidecars
ds004447,1.0.1,data/raw/openneuro/ds004447/sub-007/ses-19/eeg/sub-007_ses-19_task-smrbmi_eeg.json,sub-007/ses-19/eeg/sub-007_ses-19_task-smrbmi_eeg.json,462,462,https://s3.amazonaws.com/openneuro.org/ds004447/sub-007/ses-19/eeg/sub-007_ses-19_task-smrbmi_eeg.json,2026-07-02T12:34:52.927836+00:00,d98e8216af71de578fff3c763c16e9fb16335cbdfd69bce9db88aff78bbc223f,downloaded,False,sub-007,ses-19,all_subjects_first_and_last_available_session_plus_top_level_sidecars
ds004447,1.0.1,data/raw/openneuro/ds004447/sub-007/ses-19/eeg/sub-007_ses-19_task-smrbmi_electrodes.tsv,sub-007/ses-19/eeg/sub-007_ses-19_task-smrbmi_electrodes.tsv,6162,6162,https://s3.amazonaws.com/openneuro.org/ds004447/sub-007/ses-19/eeg/sub-007_ses-19_task-smrbmi_electrodes.tsv,2026-07-02T12:34:53.514168+00:00,eebac8ae10fbc045b51a8c8118c49f93e6908696a66692a635de5e029e393ded,downloaded,False,sub-007,ses-19,all_subjects_first_and_last_available_session_plus_top_level_sidecars
ds004447,1.0.1,data/raw/openneuro/ds004447/sub-007/ses-19/eeg/sub-007_ses-19_task-smrbmi_events.tsv,sub-007/ses-19/eeg/sub-007_ses-19_task-smrbmi_events.tsv,789,789,https://s3.amazonaws.com/openneuro.org/ds004447/sub-007/ses-19/eeg/sub-007_ses-19_task-smrbmi_events.tsv,2026-07-02T12:34:54.043284+00:00,f1ee603c69375d2e11b1be3013a16c0f115ca5a19316cf830a09f4943e6c4df5,downloaded,False,sub-007,ses-19,all_subjects_first_and_last_available_session_plus_top_level_sidecars
ds004447,1.0.1,data/raw/openneuro/ds004447/sub-008/ses-01/eeg/sub-008_ses-01_task-smrbmi_channels.tsv,sub-008/ses-01/eeg/sub-008_ses-01_task-smrbmi_channels.tsv,3157,3157,https://s3.amazonaws.com/openneuro.org/ds004447/sub-022/ses-19/eeg/sub-022_ses-19_task-smrbmi_channels.tsv,2026-07-02T12:34:54.445178+00:00,e3e80484cf5adeb0aa19e66e16c30f4235bb67571f929fd24d325ae98e93b033,downloaded,False,sub-008,ses-01,all_subjects_first_and_last_available_session_plus_top_level_sidecars
ds004447,1.0.1,data/raw/openneuro/ds004447/sub-008/ses-01/eeg/sub-008_ses-01_task-smrbmi_eeg.edf,sub-008/ses-01/eeg/sub-008_ses-01_task-smrbmi_eeg.edf,42413536,42413536,https://s3.amazonaws.com/openneuro.org/ds004447/sub-008/ses-01/eeg/sub-008_ses-01_task-smrbmi_eeg.edf,2026-07-02T12:34:59.157768+00:00,14d4690b28369b96e0b3efb0f476771fc367c3105ca3010b31903de342a2510b,downloaded,True,sub-008,ses-01,all_subjects_first_and_last_available_session_plus_top_level_sidecars
ds004447,1.0.1,data/raw/openneuro/ds004447/sub-008/ses-01/eeg/sub-008_ses-01_task-smrbmi_eeg.json,sub-008/ses-01/eeg/sub-008_ses-01_task-smrbmi_eeg.json,463,463,https://s3.amazonaws.com/openneuro.org/ds004447/sub-008/ses-01/eeg/sub-008_ses-01_task-smrbmi_eeg.json,2026-07-02T12:34:59.698782+00:00,50dda9f30bce7f7be092a6bd89af212fceca9a4184c3d5ad7a145af80462745e,downloaded,False,sub-008,ses-01,all_subjects_first_and_last_available_session_plus_top_level_sidecars
ds004447,1.0.1,data/raw/openneuro/ds004447/sub-008/ses-01/eeg/sub-008_ses-01_task-smrbmi_electrodes.tsv,sub-008/ses-01/eeg/sub-008_ses-01_task-smrbmi_electrodes.tsv,6165,6165,https://s3.amazonaws.com/openneuro.org/ds004447/sub-008/ses-01/eeg/sub-008_ses-01_task-smrbmi_electrodes.tsv,2026-07-02T12:35:00.134657+00:00,629185fc6f1aa9d162db1c69bf278b34656b4b89893d2786de2fa28bf13b4b4b,downloaded,False,sub-008,ses-01,all_subjects_first_and_last_available_session_plus_top_level_sidecars
ds004447,1.0.1,data/raw/openneuro/ds004447/sub-008/ses-01/eeg/sub-008_ses-01_task-smrbmi_events.tsv,sub-008/ses-01/eeg/sub-008_ses-01_task-smrbmi_events.tsv,787,787,https://s3.amazonaws.com/openneuro.org/ds004447/sub-008/ses-01/eeg/sub-008_ses-01_task-smrbmi_events.tsv,2026-07-02T12:35:00.616610+00:00,17cfd931b41b9ec60e9b8399caa69c6eec1ce5e945024d77b18896e9728f8fec,downloaded,False,sub-008,ses-01,all_subjects_first_and_last_available_session_plus_top_level_sidecars
ds004447,1.0.1,data/raw/openneuro/ds004447/sub-008/ses-19/eeg/sub-008_ses-19_task-smrbmi_channels.tsv,sub-008/ses-19/eeg/sub-008_ses-19_task-smrbmi_channels.tsv,3157,3157,https://s3.amazonaws.com/openneuro.org/ds004447/sub-022/ses-19/eeg/sub-022_ses-19_task-smrbmi_channels.tsv,2026-07-02T12:35:01.020188+00:00,e3e80484cf5adeb0aa19e66e16c30f4235bb67571f929fd24d325ae98e93b033,downloaded,False,sub-008,ses-19,all_subjects_first_and_last_available_session_plus_top_level_sidecars
ds004447,1.0.1,data/raw/openneuro/ds004447/sub-008/ses-19/eeg/sub-008_ses-19_task-smrbmi_eeg.edf,sub-008/ses-19/eeg/sub-008_ses-19_task-smrbmi_eeg.edf,43973536,43973536,https://s3.amazonaws.com/openneuro.org/ds004447/sub-008/ses-19/eeg/sub-008_ses-19_task-smrbmi_eeg.edf,2026-07-02T12:35:06.947181+00:00,ab2208ad7d2d01c670cabd16a540cf1bb998a847168c8ec74158d3c358be1eb5,downloaded,True,sub-008,ses-19,all_subjects_first_and_last_available_session_plus_top_level_sidecars
ds004447,1.0.1,data/raw/openneuro/ds004447/sub-008/ses-19/eeg/sub-008_ses-19_task-smrbmi_eeg.json,sub-008/ses-19/eeg/sub-008_ses-19_task-smrbmi_eeg.json,463,463,https://s3.amazonaws.com/openneuro.org/ds004447/sub-008/ses-19/eeg/sub-008_ses-19_task-smrbmi_eeg.json,2026-07-02T12:35:07.482709+00:00,9b9c91c26e0eb2dd43aebff3292ee70d83750142abd843818ae397574d843585,downloaded,False,sub-008,ses-19,all_subjects_first_and_last_available_session_plus_top_level_sidecars
ds004447,1.0.1,data/raw/openneuro/ds004447/sub-008/ses-19/eeg/sub-008_ses-19_task-smrbmi_electrodes.tsv,sub-008/ses-19/eeg/sub-008_ses-19_task-smrbmi_electrodes.tsv,6158,6158,https://s3.amazonaws.com/openneuro.org/ds004447/sub-008/ses-19/eeg/sub-008_ses-19_task-smrbmi_electrodes.tsv,2026-07-02T12:35:07.978508+00:00,dc3ac80686f6270d6b953ba209e4ec7c084c07775a01f6b0c6eaaae1c13bb795,downloaded,False,sub-008,ses-19,all_subjects_first_and_last_available_session_plus_top_level_sidecars
ds004447,1.0.1,data/raw/openneuro/ds004447/sub-008/ses-19/eeg/sub-008_ses-19_task-smrbmi_events.tsv,sub-008/ses-19/eeg/sub-008_ses-19_task-smrbmi_events.tsv,790,790,https://s3.amazonaws.com/openneuro.org/ds004447/sub-008/ses-19/eeg/sub-008_ses-19_task-smrbmi_events.tsv,2026-07-02T12:35:08.466056+00:00,c4d6ef5348fd209d0777278bbf075dec6e0f84c02118d6e597060bbb59c002fe,downloaded,False,sub-008,ses-19,all_subjects_first_and_last_available_session_plus_top_level_sidecars
ds004447,1.0.1,data/raw/openneuro/ds004447/sub-009/ses-01/eeg/sub-009_ses-01_task-smrbmi_channels.tsv,sub-009/ses-01/eeg/sub-009_ses-01_task-smrbmi_channels.tsv,3157,3157,https://s3.amazonaws.com/openneuro.org/ds004447/sub-022/ses-19/eeg/sub-022_ses-19_task-smrbmi_channels.tsv,2026-07-02T12:35:08.868902+00:00,e3e80484cf5adeb0aa19e66e16c30f4235bb67571f929fd24d325ae98e93b033,downloaded,False,sub-009,ses-01,all_subjects_first_and_last_available_session_plus_top_level_sidecars
ds004447,1.0.1,data/raw/openneuro/ds004447/sub-009/ses-01/eeg/sub-009_ses-01_task-smrbmi_eeg.edf,sub-009/ses-01/eeg/sub-009_ses-01_task-smrbmi_eeg.edf,73093536,73093536,https://s3.amazonaws.com/openneuro.org/ds004447/sub-009/ses-01/eeg/sub-009_ses-01_task-smrbmi_eeg.edf,2026-07-02T12:35:14.246232+00:00,6c25202173b6d9a540be59c69c85e1d7af0d104c65a7c5033d7020c83d99f740,downloaded,True,sub-009,ses-01,all_subjects_first_and_last_available_session_plus_top_level_sidecars
ds004447,1.0.1,data/raw/openneuro/ds004447/sub-009/ses-01/eeg/sub-009_ses-01_task-smrbmi_eeg.json,sub-009/ses-01/eeg/sub-009_ses-01_task-smrbmi_eeg.json,463,463,https://s3.amazonaws.com/openneuro.org/ds004447/sub-009/ses-01/eeg/sub-009_ses-01_task-smrbmi_eeg.json,2026-07-02T12:35:15.014228+00:00,fcab80762f721e37a819b385e0162ea7ffb1925707bb44af66f104606e5a89d9,downloaded,False,sub-009,ses-01,all_subjects_first_and_last_available_session_plus_top_level_sidecars
ds004447,1.0.1,data/raw/openneuro/ds004447/sub-009/ses-01/eeg/sub-009_ses-01_task-smrbmi_electrodes.tsv,sub-009/ses-01/eeg/sub-009_ses-01_task-smrbmi_electrodes.tsv,6169,6169,https://s3.amazonaws.com/openneuro.org/ds004447/sub-009/ses-01/eeg/sub-009_ses-01_task-smrbmi_electrodes.tsv,2026-07-02T12:35:15.439369+00:00,1d63a58aace53ecaec9f15d5a022789c90d20217b9137e20bf5574c7a1e1ebbd,downloaded,False,sub-009,ses-01,all_subjects_first_and_last_available_session_plus_top_level_sidecars
ds004447,1.0.1,data/raw/openneuro/ds004447/sub-009/ses-01/eeg/sub-009_ses-01_task-smrbmi_events.tsv,sub-009/ses-01/eeg/sub-009_ses-01_task-smrbmi_events.tsv,813,813,https://s3.amazonaws.com/openneuro.org/ds004447/sub-009/ses-01/eeg/sub-009_ses-01_task-smrbmi_events.tsv,2026-07-02T12:35:15.917394+00:00,d7def034dd2d8cd18fcb73cb0825c6992337ce5225dfe9ac5288e81089c9f9bd,downloaded,False,sub-009,ses-01,all_subjects_first_and_last_available_session_plus_top_level_sidecars
ds004447,1.0.1,data/raw/openneuro/ds004447/sub-009/ses-19/eeg/sub-009_ses-19_task-smrbmi_channels.tsv,sub-009/ses-19/eeg/sub-009_ses-19_task-smrbmi_channels.tsv,3157,3157,https://s3.amazonaws.com/openneuro.org/ds004447/sub-022/ses-19/eeg/sub-022_ses-19_task-smrbmi_channels.tsv,2026-07-02T12:35:16.314159+00:00,e3e80484cf5adeb0aa19e66e16c30f4235bb67571f929fd24d325ae98e93b033,downloaded,False,sub-009,ses-19,all_subjects_first_and_last_available_session_plus_top_level_sidecars
ds004447,1.0.1,data/raw/openneuro/ds004447/sub-009/ses-19/eeg/sub-009_ses-19_task-smrbmi_eeg.edf,sub-009/ses-19/eeg/sub-009_ses-19_task-smrbmi_eeg.edf,45013536,45013536,https://s3.amazonaws.com/openneuro.org/ds004447/sub-009/ses-19/eeg/sub-009_ses-19_task-smrbmi_eeg.edf,2026-07-02T12:35:20.734226+00:00,1cd7ae66c91ce6053b9c45f7990f129dba3d21d56135128829d5ffab0518c90e,downloaded,True,sub-009,ses-19,all_subjects_first_and_last_available_session_plus_top_level_sidecars
ds004447,1.0.1,data/raw/openneuro/ds004447/sub-009/ses-19/eeg/sub-009_ses-19_task-smrbmi_eeg.json,sub-009/ses-19/eeg/sub-009_ses-19_task-smrbmi_eeg.json,463,463,https://s3.amazonaws.com/openneuro.org/ds004447/sub-009/ses-19/eeg/sub-009_ses-19_task-smrbmi_eeg.json,2026-07-02T12:35:21.256909+00:00,06544c4bccd1391c05ed6065f5b62cf6e4570ca7a76d3eff064df1ec6c8ea62a,downloaded,False,sub-009,ses-19,all_subjects_first_and_last_available_session_plus_top_level_sidecars
ds004447,1.0.1,data/raw/openneuro/ds004447/sub-009/ses-19/eeg/sub-009_ses-19_task-smrbmi_electrodes.tsv,sub-009/ses-19/eeg/sub-009_ses-19_task-smrbmi_electrodes.tsv,6160,6160,https://s3.amazonaws.com/openneuro.org/ds004447/sub-009/ses-19/eeg/sub-009_ses-19_task-smrbmi_electrodes.tsv,2026-07-02T12:35:21.704227+00:00,e44409a80406366c343d6dd730ad364b28da2f74ac37c5e94a46a6ae01855c24,downloaded,False,sub-009,ses-19,all_subjects_first_and_last_available_session_plus_top_level_sidecars
ds004447,1.0.1,data/raw/openneuro/ds004447/sub-009/ses-19/eeg/sub-009_ses-19_task-smrbmi_events.tsv,sub-009/ses-19/eeg/sub-009_ses-19_task-smrbmi_events.tsv,790,790,https://s3.amazonaws.com/openneuro.org/ds004447/sub-009/ses-19/eeg/sub-009_ses-19_task-smrbmi_events.tsv,2026-07-02T12:35:22.127875+00:00,82000b219c21db5f4acb7b07739f322d7532bab6b3fa6fce7cd5432baef33485,downloaded,False,sub-009,ses-19,all_subjects_first_and_last_available_session_plus_top_level_sidecars
ds004447,1.0.1,data/raw/openneuro/ds004447/sub-010/ses-01/eeg/sub-010_ses-01_task-smrbmi_channels.tsv,sub-010/ses-01/eeg/sub-010_ses-01_task-smrbmi_channels.tsv,3157,3157,https://s3.amazonaws.com/openneuro.org/ds004447/sub-022/ses-19/eeg/sub-022_ses-19_task-smrbmi_channels.tsv,2026-07-02T12:35:22.541507+00:00,e3e80484cf5adeb0aa19e66e16c30f4235bb67571f929fd24d325ae98e93b033,downloaded,False,sub-010,ses-01,all_subjects_first_and_last_available_session_plus_top_level_sidecars
ds004447,1.0.1,data/raw/openneuro/ds004447/sub-010/ses-01/eeg/sub-010_ses-01_task-smrbmi_eeg.edf,sub-010/ses-01/eeg/sub-010_ses-01_task-smrbmi_eeg.edf,52813536,52813536,https://s3.amazonaws.com/openneuro.org/ds004447/sub-010/ses-01/eeg/sub-010_ses-01_task-smrbmi_eeg.edf,2026-07-02T12:35:27.220027+00:00,c093313a4bff0f032eaf026da4e25b0ecba989b6545725b7e68b6c76ab1baa8b,downloaded,True,sub-010,ses-01,all_subjects_first_and_last_available_session_plus_top_level_sidecars
ds004447,1.0.1,data/raw/openneuro/ds004447/sub-010/ses-01/eeg/sub-010_ses-01_task-smrbmi_eeg.json,sub-010/ses-01/eeg/sub-010_ses-01_task-smrbmi_eeg.json,463,463,https://s3.amazonaws.com/openneuro.org/ds004447/sub-010/ses-01/eeg/sub-010_ses-01_task-smrbmi_eeg.json,2026-07-02T12:35:27.752665+00:00,00475935b58d4967649c74a2976868315f924042878a449a418d29e498ea53d2,downloaded,False,sub-010,ses-01,all_subjects_first_and_last_available_session_plus_top_level_sidecars
ds004447,1.0.1,data/raw/openneuro/ds004447/sub-010/ses-01/eeg/sub-010_ses-01_task-smrbmi_electrodes.tsv,sub-010/ses-01/eeg/sub-010_ses-01_task-smrbmi_electrodes.tsv,6159,6159,https://s3.amazonaws.com/openneuro.org/ds004447/sub-010/ses-01/eeg/sub-010_ses-01_task-smrbmi_electrodes.tsv,2026-07-02T12:35:28.208216+00:00,e741cd64ecebaa9c59d558e8ff0e5dce9b118b6a473c7f04b655ba852a5102db,downloaded,False,sub-010,ses-01,all_subjects_first_and_last_available_session_plus_top_level_sidecars
ds004447,1.0.1,data/raw/openneuro/ds004447/sub-010/ses-01/eeg/sub-010_ses-01_task-smrbmi_events.tsv,sub-010/ses-01/eeg/sub-010_ses-01_task-smrbmi_events.tsv,799,799,https://s3.amazonaws.com/openneuro.org/ds004447/sub-010/ses-01/eeg/sub-010_ses-01_task-smrbmi_events.tsv,2026-07-02T12:35:28.635768+00:00,d5a7bb21c5f245a61e9cb83bdb09e0bad6e8165a69c3bd329d9aca7283ec917e,downloaded,False,sub-010,ses-01,all_subjects_first_and_last_available_session_plus_top_level_sidecars
ds004447,1.0.1,data/raw/openneuro/ds004447/sub-010/ses-19/eeg/sub-010_ses-19_task-smrbmi_channels.tsv,sub-010/ses-19/eeg/sub-010_ses-19_task-smrbmi_channels.tsv,3157,3157,https://s3.amazonaws.com/openneuro.org/ds004447/sub-022/ses-19/eeg/sub-022_ses-19_task-smrbmi_channels.tsv,2026-07-02T12:35:29.030924+00:00,e3e80484cf5adeb0aa19e66e16c30f4235bb67571f929fd24d325ae98e93b033,downloaded,False,sub-010,ses-19,all_subjects_first_and_last_available_session_plus_top_level_sidecars
ds004447,1.0.1,data/raw/openneuro/ds004447/sub-010/ses-19/eeg/sub-010_ses-19_task-smrbmi_eeg.edf,sub-010/ses-19/eeg/sub-010_ses-19_task-smrbmi_eeg.edf,50213536,50213536,https://s3.amazonaws.com/openneuro.org/ds004447/sub-010/ses-19/eeg/sub-010_ses-19_task-smrbmi_eeg.edf,2026-07-02T12:36:00.458893+00:00,65740020323d71bbb2f9eeae3e5784bc0429cd9e9e4a908fafa4577470a8fdfd,downloaded,True,sub-010,ses-19,all_subjects_first_and_last_available_session_plus_top_level_sidecars
ds004447,1.0.1,data/raw/openneuro/ds004447/sub-010/ses-19/eeg/sub-010_ses-19_task-smrbmi_eeg.json,sub-010/ses-19/eeg/sub-010_ses-19_task-smrbmi_eeg.json,463,463,https://s3.amazonaws.com/openneuro.org/ds004447/sub-010/ses-19/eeg/sub-010_ses-19_task-smrbmi_eeg.json,2026-07-02T12:36:01.156199+00:00,98db8497a67f07bfa8993a70491ce2c7deef89c2e14943aa2e9d1fec0a5c1cf2,downloaded,False,sub-010,ses-19,all_subjects_first_and_last_available_session_plus_top_level_sidecars
ds004447,1.0.1,data/raw/openneuro/ds004447/sub-010/ses-19/eeg/sub-010_ses-19_task-smrbmi_electrodes.tsv,sub-010/ses-19/eeg/sub-010_ses-19_task-smrbmi_electrodes.tsv,6124,6124,https://s3.amazonaws.com/openneuro.org/ds004447/sub-010/ses-19/eeg/sub-010_ses-19_task-smrbmi_electrodes.tsv,2026-07-02T12:36:01.736469+00:00,25a9fa1933a6dd76d2eca54a5d5f36a5afafe9496f62f212f63fe5ec72f0e141,downloaded,False,sub-010,ses-19,all_subjects_first_and_last_available_session_plus_top_level_sidecars
ds004447,1.0.1,data/raw/openneuro/ds004447/sub-010/ses-19/eeg/sub-010_ses-19_task-smrbmi_events.tsv,sub-010/ses-19/eeg/sub-010_ses-19_task-smrbmi_events.tsv,796,796,https://s3.amazonaws.com/openneuro.org/ds004447/sub-010/ses-19/eeg/sub-010_ses-19_task-smrbmi_events.tsv,2026-07-02T12:36:02.207518+00:00,35fa65d5c45ff0b911644ef0c3762d27f13f9e371ab2b14abade88106dcb557e,downloaded,False,sub-010,ses-19,all_subjects_first_and_last_available_session_plus_top_level_sidecars
ds004447,1.0.1,data/raw/openneuro/ds004447/sub-011/ses-01/eeg/sub-011_ses-01_task-smrbmi_channels.tsv,sub-011/ses-01/eeg/sub-011_ses-01_task-smrbmi_channels.tsv,3157,3157,https://s3.amazonaws.com/openneuro.org/ds004447/sub-022/ses-19/eeg/sub-022_ses-19_task-smrbmi_channels.tsv,2026-07-02T12:36:02.616546+00:00,e3e80484cf5adeb0aa19e66e16c30f4235bb67571f929fd24d325ae98e93b033,downloaded,False,sub-011,ses-01,all_subjects_first_and_last_available_session_plus_top_level_sidecars
ds004447,1.0.1,data/raw/openneuro/ds004447/sub-011/ses-01/eeg/sub-011_ses-01_task-smrbmi_eeg.edf,sub-011/ses-01/eeg/sub-011_ses-01_task-smrbmi_eeg.edf,42413536,42413536,https://s3.amazonaws.com/openneuro.org/ds004447/sub-011/ses-01/eeg/sub-011_ses-01_task-smrbmi_eeg.edf,2026-07-02T12:36:06.533425+00:00,8462fdca0c19b83a86266c8ed702f10621c338403ac10809b6dd7bd009825ea7,downloaded,True,sub-011,ses-01,all_subjects_first_and_last_available_session_plus_top_level_sidecars
ds004447,1.0.1,data/raw/openneuro/ds004447/sub-011/ses-01/eeg/sub-011_ses-01_task-smrbmi_eeg.json,sub-011/ses-01/eeg/sub-011_ses-01_task-smrbmi_eeg.json,463,463,https://s3.amazonaws.com/openneuro.org/ds004447/sub-011/ses-01/eeg/sub-011_ses-01_task-smrbmi_eeg.json,2026-07-02T12:36:07.361206+00:00,8e4309840690dbad06200f54454dc365983343279140004f180a80100d70ca8d,downloaded,False,sub-011,ses-01,all_subjects_first_and_last_available_session_plus_top_level_sidecars
ds004447,1.0.1,data/raw/openneuro/ds004447/sub-011/ses-01/eeg/sub-011_ses-01_task-smrbmi_electrodes.tsv,sub-011/ses-01/eeg/sub-011_ses-01_task-smrbmi_electrodes.tsv,6168,6168,https://s3.amazonaws.com/openneuro.org/ds004447/sub-011/ses-01/eeg/sub-011_ses-01_task-smrbmi_electrodes.tsv,2026-07-02T12:36:07.812672+00:00,5061e1e7940fb27c7caa10497a81551c83a83605c4082efc016245fb6832c4ec,downloaded,False,sub-011,ses-01,all_subjects_first_and_last_available_session_plus_top_level_sidecars
ds004447,1.0.1,data/raw/openneuro/ds004447/sub-011/ses-01/eeg/sub-011_ses-01_task-smrbmi_events.tsv,sub-011/ses-01/eeg/sub-011_ses-01_task-smrbmi_events.tsv,787,787,https://s3.amazonaws.com/openneuro.org/ds004447/sub-011/ses-01/eeg/sub-011_ses-01_task-smrbmi_events.tsv,2026-07-02T12:36:08.507530+00:00,d145437a9fbecb81b8ae72411251ae4cc4cd7b2af7eddc3dc7bc495fec389668,downloaded,False,sub-011,ses-01,all_subjects_first_and_last_available_session_plus_top_level_sidecars
ds004447,1.0.1,data/raw/openneuro/ds004447/sub-011/ses-19/eeg/sub-011_ses-19_task-smrbmi_channels.tsv,sub-011/ses-19/eeg/sub-011_ses-19_task-smrbmi_channels.tsv,3157,3157,https://s3.amazonaws.com/openneuro.org/ds004447/sub-022/ses-19/eeg/sub-022_ses-19_task-smrbmi_channels.tsv,2026-07-02T12:36:08.906519+00:00,e3e80484cf5adeb0aa19e66e16c30f4235bb67571f929fd24d325ae98e93b033,downloaded,False,sub-011,ses-19,all_subjects_first_and_last_available_session_plus_top_level_sidecars
ds004447,1.0.1,data/raw/openneuro/ds004447/sub-011/ses-19/eeg/sub-011_ses-19_task-smrbmi_eeg.edf,sub-011/ses-19/eeg/sub-011_ses-19_task-smrbmi_eeg.edf,41373536,41373536,https://s3.amazonaws.com/openneuro.org/ds004447/sub-011/ses-19/eeg/sub-011_ses-19_task-smrbmi_eeg.edf,2026-07-02T12:36:14.365707+00:00,76143d40f7da85877d31f8686f8e131bf78d0bddb936e1d8f1603d483871a70c,downloaded,True,sub-011,ses-19,all_subjects_first_and_last_available_session_plus_top_level_sidecars
ds004447,1.0.1,data/raw/openneuro/ds004447/sub-011/ses-19/eeg/sub-011_ses-19_task-smrbmi_electrodes.tsv,sub-011/ses-19/eeg/sub-011_ses-19_task-smrbmi_electrodes.tsv,6168,6168,https://s3.amazonaws.com/openneuro.org/ds004447/sub-012/ses-19/eeg/sub-012_ses-19_task-smrbmi_electrodes.tsv,2026-07-02T12:36:14.913262+00:00,44aff16a7750dfabafa1c7edc0305a87967d315cb43e1876c0f1f2223e6102aa,downloaded,False,sub-011,ses-19,all_subjects_first_and_last_available_session_plus_top_level_sidecars
ds004447,1.0.1,data/raw/openneuro/ds004447/sub-011/ses-19/eeg/sub-011_ses-19_task-smrbmi_events.tsv,sub-011/ses-19/eeg/sub-011_ses-19_task-smrbmi_events.tsv,785,785,https://s3.amazonaws.com/openneuro.org/ds004447/sub-012/ses-19/eeg/sub-012_ses-19_task-smrbmi_events.tsv,2026-07-02T12:36:15.429160+00:00,09a16d1cb34379b6a5d58873e1db4a5a7f691681845f864f1f58a4b41e11239e,downloaded,False,sub-011,ses-19,all_subjects_first_and_last_available_session_plus_top_level_sidecars
ds004447,1.0.1,data/raw/openneuro/ds004447/sub-012/ses-01/eeg/sub-012_ses-01_task-smrbmi_channels.tsv,sub-012/ses-01/eeg/sub-012_ses-01_task-smrbmi_channels.tsv,3157,3157,https://s3.amazonaws.com/openneuro.org/ds004447/sub-022/ses-19/eeg/sub-022_ses-19_task-smrbmi_channels.tsv,2026-07-02T12:36:16.125952+00:00,e3e80484cf5adeb0aa19e66e16c30f4235bb67571f929fd24d325ae98e93b033,downloaded,False,sub-012,ses-01,all_subjects_first_and_last_available_session_plus_top_level_sidecars
ds004447,1.0.1,data/raw/openneuro/ds004447/sub-012/ses-01/eeg/sub-012_ses-01_task-smrbmi_eeg.edf,sub-012/ses-01/eeg/sub-012_ses-01_task-smrbmi_eeg.edf,44493536,44493536,https://s3.amazonaws.com/openneuro.org/ds004447/sub-012/ses-01/eeg/sub-012_ses-01_task-smrbmi_eeg.edf,2026-07-02T12:36:20.545840+00:00,983d934899c8f0d7b366dbf1ce12150ac48858366efd30b9c5bb9d549bf38a53,downloaded,True,sub-012,ses-01,all_subjects_first_and_last_available_session_plus_top_level_sidecars
ds004447,1.0.1,data/raw/openneuro/ds004447/sub-012/ses-01/eeg/sub-012_ses-01_task-smrbmi_eeg.json,sub-012/ses-01/eeg/sub-012_ses-01_task-smrbmi_eeg.json,462,462,https://s3.amazonaws.com/openneuro.org/ds004447/sub-012/ses-01/eeg/sub-012_ses-01_task-smrbmi_eeg.json,2026-07-02T12:36:21.114687+00:00,37711e32f99d5d81f3e5a13442fbd70f60eb26311baa99f1a43eb34257c1c6dd,downloaded,False,sub-012,ses-01,all_subjects_first_and_last_available_session_plus_top_level_sidecars
ds004447,1.0.1,data/raw/openneuro/ds004447/sub-012/ses-01/eeg/sub-012_ses-01_task-smrbmi_electrodes.tsv,sub-012/ses-01/eeg/sub-012_ses-01_task-smrbmi_electrodes.tsv,6172,6172,https://s3.amazonaws.com/openneuro.org/ds004447/sub-012/ses-01/eeg/sub-012_ses-01_task-smrbmi_electrodes.tsv,2026-07-02T12:36:21.620438+00:00,06e9346b8ed51973c0d5890e24155305e04be3ee3ffebea2a3debfd6dbb11b97,downloaded,False,sub-012,ses-01,all_subjects_first_and_last_available_session_plus_top_level_sidecars
ds004447,1.0.1,data/raw/openneuro/ds004447/sub-012/ses-01/eeg/sub-012_ses-01_task-smrbmi_events.tsv,sub-012/ses-01/eeg/sub-012_ses-01_task-smrbmi_events.tsv,790,790,https://s3.amazonaws.com/openneuro.org/ds004447/sub-012/ses-01/eeg/sub-012_ses-01_task-smrbmi_events.tsv,2026-07-02T12:36:22.064939+00:00,84bc06c86b15b000189ba10b62b24db5dcfeb671775a33f835bd1477316f64e5,downloaded,False,sub-012,ses-01,all_subjects_first_and_last_available_session_plus_top_level_sidecars
ds004447,1.0.1,data/raw/openneuro/ds004447/sub-012/ses-19/eeg/sub-012_ses-19_task-smrbmi_channels.tsv,sub-012/ses-19/eeg/sub-012_ses-19_task-smrbmi_channels.tsv,3157,3157,https://s3.amazonaws.com/openneuro.org/ds004447/sub-022/ses-19/eeg/sub-022_ses-19_task-smrbmi_channels.tsv,2026-07-02T12:36:22.466483+00:00,e3e80484cf5adeb0aa19e66e16c30f4235bb67571f929fd24d325ae98e93b033,downloaded,False,sub-012,ses-19,all_subjects_first_and_last_available_session_plus_top_level_sidecars
ds004447,1.0.1,data/raw/openneuro/ds004447/sub-012/ses-19/eeg/sub-012_ses-19_task-smrbmi_eeg.edf,sub-012/ses-19/eeg/sub-012_ses-19_task-smrbmi_eeg.edf,41373536,41373536,https://s3.amazonaws.com/openneuro.org/ds004447/sub-012/ses-19/eeg/sub-012_ses-19_task-smrbmi_eeg.edf,2026-07-02T12:36:27.998800+00:00,8983bebe29cc08a2e488562a875cf1c240bd088bbf9b7bfad753f75142dc340c,downloaded,True,sub-012,ses-19,all_subjects_first_and_last_available_session_plus_top_level_sidecars
ds004447,1.0.1,data/raw/openneuro/ds004447/sub-012/ses-19/eeg/sub-012_ses-19_task-smrbmi_eeg.json,sub-012/ses-19/eeg/sub-012_ses-19_task-smrbmi_eeg.json,463,463,https://s3.amazonaws.com/openneuro.org/ds004447/sub-012/ses-19/eeg/sub-012_ses-19_task-smrbmi_eeg.json,2026-07-02T12:36:28.753438+00:00,d4eb8f0a2832bfe18e9b65df43c7960a589a4ace1bb0d28b96ebac7b2ce2ade0,downloaded,False,sub-012,ses-19,all_subjects_first_and_last_available_session_plus_top_level_sidecars
ds004447,1.0.1,data/raw/openneuro/ds004447/sub-012/ses-19/eeg/sub-012_ses-19_task-smrbmi_electrodes.tsv,sub-012/ses-19/eeg/sub-012_ses-19_task-smrbmi_electrodes.tsv,6168,6168,https://s3.amazonaws.com/openneuro.org/ds004447/sub-012/ses-19/eeg/sub-012_ses-19_task-smrbmi_electrodes.tsv,2026-07-02T12:36:29.184443+00:00,44aff16a7750dfabafa1c7edc0305a87967d315cb43e1876c0f1f2223e6102aa,downloaded,False,sub-012,ses-19,all_subjects_first_and_last_available_session_plus_top_level_sidecars
ds004447,1.0.1,data/raw/openneuro/ds004447/sub-012/ses-19/eeg/sub-012_ses-19_task-smrbmi_events.tsv,sub-012/ses-19/eeg/sub-012_ses-19_task-smrbmi_events.tsv,785,785,https://s3.amazonaws.com/openneuro.org/ds004447/sub-012/ses-19/eeg/sub-012_ses-19_task-smrbmi_events.tsv,2026-07-02T12:36:29.614981+00:00,09a16d1cb34379b6a5d58873e1db4a5a7f691681845f864f1f58a4b41e11239e,downloaded,False,sub-012,ses-19,all_subjects_first_and_last_available_session_plus_top_level_sidecars
ds004447,1.0.1,data/raw/openneuro/ds004447/sub-013/ses-01/eeg/sub-013_ses-01_task-smrbmi_channels.tsv,sub-013/ses-01/eeg/sub-013_ses-01_task-smrbmi_channels.tsv,3157,3157,https://s3.amazonaws.com/openneuro.org/ds004447/sub-022/ses-19/eeg/sub-022_ses-19_task-smrbmi_channels.tsv,2026-07-02T12:36:30.054167+00:00,e3e80484cf5adeb0aa19e66e16c30f4235bb67571f929fd24d325ae98e93b033,downloaded,False,sub-013,ses-01,all_subjects_first_and_last_available_session_plus_top_level_sidecars
ds004447,1.0.1,data/raw/openneuro/ds004447/sub-013/ses-01/eeg/sub-013_ses-01_task-smrbmi_eeg.edf,sub-013/ses-01/eeg/sub-013_ses-01_task-smrbmi_eeg.edf,44493536,44493536,https://s3.amazonaws.com/openneuro.org/ds004447/sub-013/ses-01/eeg/sub-013_ses-01_task-smrbmi_eeg.edf,2026-07-02T12:36:34.178714+00:00,8802ced9e03eda5aad5a40a422e08dc961bbcb700ccda0ccf358e5b60905cada,downloaded,True,sub-013,ses-01,all_subjects_first_and_last_available_session_plus_top_level_sidecars
ds004447,1.0.1,data/raw/openneuro/ds004447/sub-013/ses-01/eeg/sub-013_ses-01_task-smrbmi_eeg.json,sub-013/ses-01/eeg/sub-013_ses-01_task-smrbmi_eeg.json,462,462,https://s3.amazonaws.com/openneuro.org/ds004447/sub-013/ses-01/eeg/sub-013_ses-01_task-smrbmi_eeg.json,2026-07-02T12:36:34.704952+00:00,bb037cc2f51e5917c55b5896f4566c192dc04d31693bca48ab3540287a0bf149,downloaded,False,sub-013,ses-01,all_subjects_first_and_last_available_session_plus_top_level_sidecars
ds004447,1.0.1,data/raw/openneuro/ds004447/sub-013/ses-01/eeg/sub-013_ses-01_task-smrbmi_electrodes.tsv,sub-013/ses-01/eeg/sub-013_ses-01_task-smrbmi_electrodes.tsv,6167,6167,https://s3.amazonaws.com/openneuro.org/ds004447/sub-013/ses-01/eeg/sub-013_ses-01_task-smrbmi_electrodes.tsv,2026-07-02T12:36:35.177374+00:00,7b75023cf7a238b729b87bba23bd5c7ba8403fd8287b808c297c3abf70c78b94,downloaded,False,sub-013,ses-01,all_subjects_first_and_last_available_session_plus_top_level_sidecars
ds004447,1.0.1,data/raw/openneuro/ds004447/sub-013/ses-01/eeg/sub-013_ses-01_task-smrbmi_events.tsv,sub-013/ses-01/eeg/sub-013_ses-01_task-smrbmi_events.tsv,790,790,https://s3.amazonaws.com/openneuro.org/ds004447/sub-013/ses-01/eeg/sub-013_ses-01_task-smrbmi_events.tsv,2026-07-02T12:36:35.608578+00:00,5df40fd68404551ded2741da8d8c7eefad8c6b053472edc1bce8c05d071f0726,downloaded,False,sub-013,ses-01,all_subjects_first_and_last_available_session_plus_top_level_sidecars
ds004447,1.0.1,data/raw/openneuro/ds004447/sub-013/ses-20/eeg/sub-013_ses-20_task-smrbmi_channels.tsv,sub-013/ses-20/eeg/sub-013_ses-20_task-smrbmi_channels.tsv,3157,3157,https://s3.amazonaws.com/openneuro.org/ds004447/sub-022/ses-19/eeg/sub-022_ses-19_task-smrbmi_channels.tsv,2026-07-02T12:36:36.008874+00:00,e3e80484cf5adeb0aa19e66e16c30f4235bb67571f929fd24d325ae98e93b033,downloaded,False,sub-013,ses-20,all_subjects_first_and_last_available_session_plus_top_level_sidecars
ds004447,1.0.1,data/raw/openneuro/ds004447/sub-013/ses-20/eeg/sub-013_ses-20_task-smrbmi_eeg.edf,sub-013/ses-20/eeg/sub-013_ses-20_task-smrbmi_eeg.edf,42673536,42673536,https://s3.amazonaws.com/openneuro.org/ds004447/sub-013/ses-20/eeg/sub-013_ses-20_task-smrbmi_eeg.edf,2026-07-02T12:36:41.055922+00:00,e7bec827f09ea9f3282f343a5244820e8394e5d472f6cb6eca4371349f3dae99,downloaded,True,sub-013,ses-20,all_subjects_first_and_last_available_session_plus_top_level_sidecars
ds004447,1.0.1,data/raw/openneuro/ds004447/sub-013/ses-20/eeg/sub-013_ses-20_task-smrbmi_eeg.json,sub-013/ses-20/eeg/sub-013_ses-20_task-smrbmi_eeg.json,463,463,https://s3.amazonaws.com/openneuro.org/ds004447/sub-013/ses-20/eeg/sub-013_ses-20_task-smrbmi_eeg.json,2026-07-02T12:36:41.617852+00:00,e122ba2d2256a12943962b3c44c638a0c89fa57946da5c00d23eec9aaa5a4782,downloaded,False,sub-013,ses-20,all_subjects_first_and_last_available_session_plus_top_level_sidecars
ds004447,1.0.1,data/raw/openneuro/ds004447/sub-013/ses-20/eeg/sub-013_ses-20_task-smrbmi_electrodes.tsv,sub-013/ses-20/eeg/sub-013_ses-20_task-smrbmi_electrodes.tsv,6153,6153,https://s3.amazonaws.com/openneuro.org/ds004447/sub-013/ses-20/eeg/sub-013_ses-20_task-smrbmi_electrodes.tsv,2026-07-02T12:36:42.332089+00:00,9dc507798145be97bee0ff363e521fe3b0e276762c3aba1e9deeeeb4bcb59fa3,downloaded,False,sub-013,ses-20,all_subjects_first_and_last_available_session_plus_top_level_sidecars
ds004447,1.0.1,data/raw/openneuro/ds004447/sub-013/ses-20/eeg/sub-013_ses-20_task-smrbmi_events.tsv,sub-013/ses-20/eeg/sub-013_ses-20_task-smrbmi_events.tsv,788,788,https://s3.amazonaws.com/openneuro.org/ds004447/sub-013/ses-20/eeg/sub-013_ses-20_task-smrbmi_events.tsv,2026-07-02T12:36:42.758652+00:00,4eacc75ca5f7e9fcefcdb0abbac7186cf5734d2062141b8f1d1e75f4c5e33bc5,downloaded,False,sub-013,ses-20,all_subjects_first_and_last_available_session_plus_top_level_sidecars
ds004447,1.0.1,data/raw/openneuro/ds004447/sub-014/ses-01/eeg/sub-014_ses-01_task-smrbmi_channels.tsv,sub-014/ses-01/eeg/sub-014_ses-01_task-smrbmi_channels.tsv,3157,3157,https://s3.amazonaws.com/openneuro.org/ds004447/sub-022/ses-19/eeg/sub-022_ses-19_task-smrbmi_channels.tsv,2026-07-02T12:36:43.317069+00:00,e3e80484cf5adeb0aa19e66e16c30f4235bb67571f929fd24d325ae98e93b033,downloaded,False,sub-014,ses-01,all_subjects_first_and_last_available_session_plus_top_level_sidecars
ds004447,1.0.1,data/raw/openneuro/ds004447/sub-014/ses-01/eeg/sub-014_ses-01_task-smrbmi_eeg.edf,sub-014/ses-01/eeg/sub-014_ses-01_task-smrbmi_eeg.edf,43973536,43973536,https://s3.amazonaws.com/openneuro.org/ds004447/sub-014/ses-01/eeg/sub-014_ses-01_task-smrbmi_eeg.edf,2026-07-02T12:36:47.317572+00:00,3b1ac7115525568ac8e870831239781e0e3d2bff3a16dc34186c7a2ab9fccb27,downloaded,True,sub-014,ses-01,all_subjects_first_and_last_available_session_plus_top_level_sidecars
ds004447,1.0.1,data/raw/openneuro/ds004447/sub-014/ses-01/eeg/sub-014_ses-01_task-smrbmi_eeg.json,sub-014/ses-01/eeg/sub-014_ses-01_task-smrbmi_eeg.json,463,463,https://s3.amazonaws.com/openneuro.org/ds004447/sub-021/ses-13/eeg/sub-021_ses-13_task-smrbmi_eeg.json,2026-07-02T12:36:47.808907+00:00,bf7530ed1e7b0fe11176f14c44709563f253b66fac297fa5857a37359930dddb,downloaded,False,sub-014,ses-01,all_subjects_first_and_last_available_session_plus_top_level_sidecars
ds004447,1.0.1,data/raw/openneuro/ds004447/sub-014/ses-01/eeg/sub-014_ses-01_task-smrbmi_electrodes.tsv,sub-014/ses-01/eeg/sub-014_ses-01_task-smrbmi_electrodes.tsv,6169,6169,https://s3.amazonaws.com/openneuro.org/ds004447/sub-014/ses-01/eeg/sub-014_ses-01_task-smrbmi_electrodes.tsv,2026-07-02T12:36:48.304304+00:00,5a76eb84216cf91a84763939a97516516812e4646dddee81d520e169028c90a8,downloaded,False,sub-014,ses-01,all_subjects_first_and_last_available_session_plus_top_level_sidecars
ds004447,1.0.1,data/raw/openneuro/ds004447/sub-014/ses-01/eeg/sub-014_ses-01_task-smrbmi_events.tsv,sub-014/ses-01/eeg/sub-014_ses-01_task-smrbmi_events.tsv,790,790,https://s3.amazonaws.com/openneuro.org/ds004447/sub-014/ses-01/eeg/sub-014_ses-01_task-smrbmi_events.tsv,2026-07-02T12:36:48.802204+00:00,be0f06eba08a403d5b9e22f8b7d4d547848a317f731e1316dcff2b7ac3050cd3,downloaded,False,sub-014,ses-01,all_subjects_first_and_last_available_session_plus_top_level_sidecars
ds004447,1.0.1,data/raw/openneuro/ds004447/sub-014/ses-19/eeg/sub-014_ses-19_task-smrbmi_channels.tsv,sub-014/ses-19/eeg/sub-014_ses-19_task-smrbmi_channels.tsv,3157,3157,https://s3.amazonaws.com/openneuro.org/ds004447/sub-022/ses-19/eeg/sub-022_ses-19_task-smrbmi_channels.tsv,2026-07-02T12:36:49.526382+00:00,e3e80484cf5adeb0aa19e66e16c30f4235bb67571f929fd24d325ae98e93b033,downloaded,False,sub-014,ses-19,all_subjects_first_and_last_available_session_plus_top_level_sidecars
ds004447,1.0.1,data/raw/openneuro/ds004447/sub-014/ses-19/eeg/sub-014_ses-19_task-smrbmi_eeg.edf,sub-014/ses-19/eeg/sub-014_ses-19_task-smrbmi_eeg.edf,43453536,43453536,https://s3.amazonaws.com/openneuro.org/ds004447/sub-014/ses-19/eeg/sub-014_ses-19_task-smrbmi_eeg.edf,2026-07-02T12:36:53.520222+00:00,63428a0aceccae75cbab45be39d085ac1171ffb218210378eeaeb694a5a06572,downloaded,True,sub-014,ses-19,all_subjects_first_and_last_available_session_plus_top_level_sidecars
ds004447,1.0.1,data/raw/openneuro/ds004447/sub-014/ses-19/eeg/sub-014_ses-19_task-smrbmi_eeg.json,sub-014/ses-19/eeg/sub-014_ses-19_task-smrbmi_eeg.json,463,463,https://s3.amazonaws.com/openneuro.org/ds004447/sub-014/ses-19/eeg/sub-014_ses-19_task-smrbmi_eeg.json,2026-07-02T12:36:54.121068+00:00,29d1b84fbbfeca1a5069533f744e96e7d97f3aa1d39d45b540f06c7113bae0b4,downloaded,False,sub-014,ses-19,all_subjects_first_and_last_available_session_plus_top_level_sidecars
ds004447,1.0.1,data/raw/openneuro/ds004447/sub-014/ses-19/eeg/sub-014_ses-19_task-smrbmi_electrodes.tsv,sub-014/ses-19/eeg/sub-014_ses-19_task-smrbmi_electrodes.tsv,6165,6165,https://s3.amazonaws.com/openneuro.org/ds004447/sub-014/ses-19/eeg/sub-014_ses-19_task-smrbmi_electrodes.tsv,2026-07-02T12:36:54.572051+00:00,3ddfba4778b314a9448c54bb574c301cea75a25bbf1692495c7b813f3a49eaf1,downloaded,False,sub-014,ses-19,all_subjects_first_and_last_available_session_plus_top_level_sidecars
ds004447,1.0.1,data/raw/openneuro/ds004447/sub-014/ses-19/eeg/sub-014_ses-19_task-smrbmi_events.tsv,sub-014/ses-19/eeg/sub-014_ses-19_task-smrbmi_events.tsv,790,790,https://s3.amazonaws.com/openneuro.org/ds004447/sub-014/ses-19/eeg/sub-014_ses-19_task-smrbmi_events.tsv,2026-07-02T12:36:55.056762+00:00,8c58020f6ff167ca51c9aa0b522f1424b48465432000e92fdd77d9458aae17fd,downloaded,False,sub-014,ses-19,all_subjects_first_and_last_available_session_plus_top_level_sidecars
ds004447,1.0.1,data/raw/openneuro/ds004447/sub-015/ses-01/eeg/sub-015_ses-01_task-smrbmi_channels.tsv,sub-015/ses-01/eeg/sub-015_ses-01_task-smrbmi_channels.tsv,3157,3157,https://s3.amazonaws.com/openneuro.org/ds004447/sub-022/ses-19/eeg/sub-022_ses-19_task-smrbmi_channels.tsv,2026-07-02T12:36:55.474077+00:00,e3e80484cf5adeb0aa19e66e16c30f4235bb67571f929fd24d325ae98e93b033,downloaded,False,sub-015,ses-01,all_subjects_first_and_last_available_session_plus_top_level_sidecars
ds004447,1.0.1,data/raw/openneuro/ds004447/sub-015/ses-01/eeg/sub-015_ses-01_task-smrbmi_eeg.edf,sub-015/ses-01/eeg/sub-015_ses-01_task-smrbmi_eeg.edf,42933536,42933536,https://s3.amazonaws.com/openneuro.org/ds004447/sub-015/ses-01/eeg/sub-015_ses-01_task-smrbmi_eeg.edf,2026-07-02T12:36:59.722136+00:00,5b1b7cc463835e24d6e0669614297c6c2fcb5e4db18b9f2160d106c3edc982d0,downloaded,True,sub-015,ses-01,all_subjects_first_and_last_available_session_plus_top_level_sidecars
ds004447,1.0.1,data/raw/openneuro/ds004447/sub-015/ses-01/eeg/sub-015_ses-01_task-smrbmi_eeg.json,sub-015/ses-01/eeg/sub-015_ses-01_task-smrbmi_eeg.json,463,463,https://s3.amazonaws.com/openneuro.org/ds004447/sub-015/ses-01/eeg/sub-015_ses-01_task-smrbmi_eeg.json,2026-07-02T12:37:00.467408+00:00,26b858ee4a1c2f2acaa9521968f58b8b13b09a809def2eef04587e5d7a8793b5,downloaded,False,sub-015,ses-01,all_subjects_first_and_last_available_session_plus_top_level_sidecars
ds004447,1.0.1,data/raw/openneuro/ds004447/sub-015/ses-01/eeg/sub-015_ses-01_task-smrbmi_electrodes.tsv,sub-015/ses-01/eeg/sub-015_ses-01_task-smrbmi_electrodes.tsv,6162,6162,https://s3.amazonaws.com/openneuro.org/ds004447/sub-015/ses-01/eeg/sub-015_ses-01_task-smrbmi_electrodes.tsv,2026-07-02T12:37:00.872582+00:00,051379e17aea07200958cf75372242e110123f14aa2017e0e499b075a37b03d7,downloaded,False,sub-015,ses-01,all_subjects_first_and_last_available_session_plus_top_level_sidecars
ds004447,1.0.1,data/raw/openneuro/ds004447/sub-015/ses-01/eeg/sub-015_ses-01_task-smrbmi_events.tsv,sub-015/ses-01/eeg/sub-015_ses-01_task-smrbmi_events.tsv,788,788,https://s3.amazonaws.com/openneuro.org/ds004447/sub-015/ses-01/eeg/sub-015_ses-01_task-smrbmi_events.tsv,2026-07-02T12:37:01.354130+00:00,95f1b9a8a623a426bd89f0635fa357a8255c0785340eb7f2d6e9fa537bac6741,downloaded,False,sub-015,ses-01,all_subjects_first_and_last_available_session_plus_top_level_sidecars
ds004447,1.0.1,data/raw/openneuro/ds004447/sub-015/ses-19/eeg/sub-015_ses-19_task-smrbmi_channels.tsv,sub-015/ses-19/eeg/sub-015_ses-19_task-smrbmi_channels.tsv,3157,3157,https://s3.amazonaws.com/openneuro.org/ds004447/sub-022/ses-19/eeg/sub-022_ses-19_task-smrbmi_channels.tsv,2026-07-02T12:37:01.763517+00:00,e3e80484cf5adeb0aa19e66e16c30f4235bb67571f929fd24d325ae98e93b033,downloaded,False,sub-015,ses-19,all_subjects_first_and_last_available_session_plus_top_level_sidecars
ds004447,1.0.1,data/raw/openneuro/ds004447/sub-015/ses-19/eeg/sub-015_ses-19_task-smrbmi_eeg.edf,sub-015/ses-19/eeg/sub-015_ses-19_task-smrbmi_eeg.edf,42673536,42673536,https://s3.amazonaws.com/openneuro.org/ds004447/sub-015/ses-19/eeg/sub-015_ses-19_task-smrbmi_eeg.edf,2026-07-02T12:37:05.809806+00:00,528d7cf7e60285d31d6fed02d562953ce9bcc6e1c7e30fd4c0aa1490e1442998,downloaded,True,sub-015,ses-19,all_subjects_first_and_last_available_session_plus_top_level_sidecars
ds004447,1.0.1,data/raw/openneuro/ds004447/sub-015/ses-19/eeg/sub-015_ses-19_task-smrbmi_eeg.json,sub-015/ses-19/eeg/sub-015_ses-19_task-smrbmi_eeg.json,463,463,https://s3.amazonaws.com/openneuro.org/ds004447/sub-015/ses-19/eeg/sub-015_ses-19_task-smrbmi_eeg.json,2026-07-02T12:37:06.678153+00:00,a76fbddacb6592eb3aac2ab0dc42850740b90cdd99d9febf5e5b677a93d0195a,downloaded,False,sub-015,ses-19,all_subjects_first_and_last_available_session_plus_top_level_sidecars
ds004447,1.0.1,data/raw/openneuro/ds004447/sub-015/ses-19/eeg/sub-015_ses-19_task-smrbmi_electrodes.tsv,sub-015/ses-19/eeg/sub-015_ses-19_task-smrbmi_electrodes.tsv,6156,6156,https://s3.amazonaws.com/openneuro.org/ds004447/sub-015/ses-19/eeg/sub-015_ses-19_task-smrbmi_electrodes.tsv,2026-07-02T12:37:07.131300+00:00,8ec3418bf4e8eeaf8d14aa438aafade14671bec04d1cd09dbceb8d597c9feaef,downloaded,False,sub-015,ses-19,all_subjects_first_and_last_available_session_plus_top_level_sidecars
ds004447,1.0.1,data/raw/openneuro/ds004447/sub-015/ses-19/eeg/sub-015_ses-19_task-smrbmi_events.tsv,sub-015/ses-19/eeg/sub-015_ses-19_task-smrbmi_events.tsv,788,788,https://s3.amazonaws.com/openneuro.org/ds004447/sub-015/ses-19/eeg/sub-015_ses-19_task-smrbmi_events.tsv,2026-07-02T12:37:07.557048+00:00,7d1c06a9550ae360102e1e42e62e960b0cbb775e0c1bf36299ed73e56223091c,downloaded,False,sub-015,ses-19,all_subjects_first_and_last_available_session_plus_top_level_sidecars
ds004447,1.0.1,data/raw/openneuro/ds004447/sub-016/ses-01/eeg/sub-016_ses-01_task-smrbmi_channels.tsv,sub-016/ses-01/eeg/sub-016_ses-01_task-smrbmi_channels.tsv,3157,3157,https://s3.amazonaws.com/openneuro.org/ds004447/sub-022/ses-19/eeg/sub-022_ses-19_task-smrbmi_channels.tsv,2026-07-02T12:37:07.950397+00:00,e3e80484cf5adeb0aa19e66e16c30f4235bb67571f929fd24d325ae98e93b033,downloaded,False,sub-016,ses-01,all_subjects_first_and_last_available_session_plus_top_level_sidecars
ds004447,1.0.1,data/raw/openneuro/ds004447/sub-016/ses-01/eeg/sub-016_ses-01_task-smrbmi_eeg.edf,sub-016/ses-01/eeg/sub-016_ses-01_task-smrbmi_eeg.edf,43713536,43713536,https://s3.amazonaws.com/openneuro.org/ds004447/sub-016/ses-01/eeg/sub-016_ses-01_task-smrbmi_eeg.edf,2026-07-02T12:37:12.327298+00:00,407f07443b420eee1a146bf30e8fa17e4ace58bde5e49396873a09ed79069bb8,downloaded,True,sub-016,ses-01,all_subjects_first_and_last_available_session_plus_top_level_sidecars
ds004447,1.0.1,data/raw/openneuro/ds004447/sub-016/ses-01/eeg/sub-016_ses-01_task-smrbmi_eeg.json,sub-016/ses-01/eeg/sub-016_ses-01_task-smrbmi_eeg.json,463,463,https://s3.amazonaws.com/openneuro.org/ds004447/sub-016/ses-01/eeg/sub-016_ses-01_task-smrbmi_eeg.json,2026-07-02T12:37:12.885480+00:00,9d98398d222bcf6985a059fc99189b9f7358149977a07bab9ed78a7fea4cdcf9,downloaded,False,sub-016,ses-01,all_subjects_first_and_last_available_session_plus_top_level_sidecars
ds004447,1.0.1,data/raw/openneuro/ds004447/sub-016/ses-01/eeg/sub-016_ses-01_task-smrbmi_electrodes.tsv,sub-016/ses-01/eeg/sub-016_ses-01_task-smrbmi_electrodes.tsv,6152,6152,https://s3.amazonaws.com/openneuro.org/ds004447/sub-016/ses-01/eeg/sub-016_ses-01_task-smrbmi_electrodes.tsv,2026-07-02T12:37:13.390705+00:00,08576c0da3279194299a7ebfc268401d009646a2a2ce6cf158d67c954cbcbe26,downloaded,False,sub-016,ses-01,all_subjects_first_and_last_available_session_plus_top_level_sidecars
ds004447,1.0.1,data/raw/openneuro/ds004447/sub-016/ses-01/eeg/sub-016_ses-01_task-smrbmi_events.tsv,sub-016/ses-01/eeg/sub-016_ses-01_task-smrbmi_events.tsv,790,790,https://s3.amazonaws.com/openneuro.org/ds004447/sub-016/ses-01/eeg/sub-016_ses-01_task-smrbmi_events.tsv,2026-07-02T12:37:13.830358+00:00,b372d2d0a257a529b9233ac9c9f8754bbec7218cc88fda1823911d4cee5f7c4a,downloaded,False,sub-016,ses-01,all_subjects_first_and_last_available_session_plus_top_level_sidecars
ds004447,1.0.1,data/raw/openneuro/ds004447/sub-016/ses-18/eeg/sub-016_ses-18_task-smrbmi_channels.tsv,sub-016/ses-18/eeg/sub-016_ses-18_task-smrbmi_channels.tsv,3157,3157,https://s3.amazonaws.com/openneuro.org/ds004447/sub-022/ses-19/eeg/sub-022_ses-19_task-smrbmi_channels.tsv,2026-07-02T12:37:14.641402+00:00,e3e80484cf5adeb0aa19e66e16c30f4235bb67571f929fd24d325ae98e93b033,downloaded,False,sub-016,ses-18,all_subjects_first_and_last_available_session_plus_top_level_sidecars
ds004447,1.0.1,data/raw/openneuro/ds004447/sub-016/ses-18/eeg/sub-016_ses-18_task-smrbmi_eeg.edf,sub-016/ses-18/eeg/sub-016_ses-18_task-smrbmi_eeg.edf,43973536,43973536,https://s3.amazonaws.com/openneuro.org/ds004447/sub-016/ses-18/eeg/sub-016_ses-18_task-smrbmi_eeg.edf,2026-07-02T12:37:20.803531+00:00,205b6f086111c0972e4fb5a8bf6f47ff9609c0d7ccb32a34b42e144791b42838,downloaded,True,sub-016,ses-18,all_subjects_first_and_last_available_session_plus_top_level_sidecars
ds004447,1.0.1,data/raw/openneuro/ds004447/sub-016/ses-18/eeg/sub-016_ses-18_task-smrbmi_eeg.json,sub-016/ses-18/eeg/sub-016_ses-18_task-smrbmi_eeg.json,463,463,https://s3.amazonaws.com/openneuro.org/ds004447/sub-016/ses-18/eeg/sub-016_ses-18_task-smrbmi_eeg.json,2026-07-02T12:37:21.314510+00:00,4aa76934b1aeabb10790fcce1d3c7f419c5001ff87413942b1bf46dd33142c9c,downloaded,False,sub-016,ses-18,all_subjects_first_and_last_available_session_plus_top_level_sidecars
ds004447,1.0.1,data/raw/openneuro/ds004447/sub-016/ses-18/eeg/sub-016_ses-18_task-smrbmi_electrodes.tsv,sub-016/ses-18/eeg/sub-016_ses-18_task-smrbmi_electrodes.tsv,6140,6140,https://s3.amazonaws.com/openneuro.org/ds004447/sub-016/ses-18/eeg/sub-016_ses-18_task-smrbmi_electrodes.tsv,2026-07-02T12:37:21.795433+00:00,4d7060b5122b5a008ffb88dc5fc38f9bf6aebef0c4fef7877cd6874227d566c1,downloaded,False,sub-016,ses-18,all_subjects_first_and_last_available_session_plus_top_level_sidecars
ds004447,1.0.1,data/raw/openneuro/ds004447/sub-016/ses-18/eeg/sub-016_ses-18_task-smrbmi_events.tsv,sub-016/ses-18/eeg/sub-016_ses-18_task-smrbmi_events.tsv,790,790,https://s3.amazonaws.com/openneuro.org/ds004447/sub-016/ses-18/eeg/sub-016_ses-18_task-smrbmi_events.tsv,2026-07-02T12:37:22.311046+00:00,531e8f2a4ffbdb134244b8a50eee393e82a0b2e6172941c17f12f50592ec9f0e,downloaded,False,sub-016,ses-18,all_subjects_first_and_last_available_session_plus_top_level_sidecars
ds004447,1.0.1,data/raw/openneuro/ds004447/sub-017/ses-01/eeg/sub-017_ses-01_task-smrbmi_channels.tsv,sub-017/ses-01/eeg/sub-017_ses-01_task-smrbmi_channels.tsv,3157,3157,https://s3.amazonaws.com/openneuro.org/ds004447/sub-022/ses-19/eeg/sub-022_ses-19_task-smrbmi_channels.tsv,2026-07-02T12:37:22.717122+00:00,e3e80484cf5adeb0aa19e66e16c30f4235bb67571f929fd24d325ae98e93b033,downloaded,False,sub-017,ses-01,all_subjects_first_and_last_available_session_plus_top_level_sidecars
ds004447,1.0.1,data/raw/openneuro/ds004447/sub-017/ses-01/eeg/sub-017_ses-01_task-smrbmi_eeg.edf,sub-017/ses-01/eeg/sub-017_ses-01_task-smrbmi_eeg.edf,44493536,44493536,https://s3.amazonaws.com/openneuro.org/ds004447/sub-017/ses-01/eeg/sub-017_ses-01_task-smrbmi_eeg.edf,2026-07-02T12:37:26.911353+00:00,32287e966badd053ba6754d19e63f8fb55afc633ffdb2f1ea189f56a5108996d,downloaded,True,sub-017,ses-01,all_subjects_first_and_last_available_session_plus_top_level_sidecars
ds004447,1.0.1,data/raw/openneuro/ds004447/sub-017/ses-01/eeg/sub-017_ses-01_task-smrbmi_eeg.json,sub-017/ses-01/eeg/sub-017_ses-01_task-smrbmi_eeg.json,463,463,https://s3.amazonaws.com/openneuro.org/ds004447/sub-017/ses-01/eeg/sub-017_ses-01_task-smrbmi_eeg.json,2026-07-02T12:37:27.808591+00:00,80b43c4d9943ef92950dcd3d5f5d5165e542e8d098c4b2f130605824dad6c377,downloaded,False,sub-017,ses-01,all_subjects_first_and_last_available_session_plus_top_level_sidecars
ds004447,1.0.1,data/raw/openneuro/ds004447/sub-017/ses-01/eeg/sub-017_ses-01_task-smrbmi_electrodes.tsv,sub-017/ses-01/eeg/sub-017_ses-01_task-smrbmi_electrodes.tsv,6170,6170,https://s3.amazonaws.com/openneuro.org/ds004447/sub-017/ses-01/eeg/sub-017_ses-01_task-smrbmi_electrodes.tsv,2026-07-02T12:37:28.258873+00:00,1b91d99f023c4f60dc6dce21ab4c96eb08fc8c850470a26fc0a8b4e7dae65e10,downloaded,False,sub-017,ses-01,all_subjects_first_and_last_available_session_plus_top_level_sidecars
ds004447,1.0.1,data/raw/openneuro/ds004447/sub-017/ses-01/eeg/sub-017_ses-01_task-smrbmi_events.tsv,sub-017/ses-01/eeg/sub-017_ses-01_task-smrbmi_events.tsv,790,790,https://s3.amazonaws.com/openneuro.org/ds004447/sub-017/ses-01/eeg/sub-017_ses-01_task-smrbmi_events.tsv,2026-07-02T12:37:28.724335+00:00,476b9486e6d9b659748975253beb838db6a1822a09a1c6d85e42368c57d3f8d7,downloaded,False,sub-017,ses-01,all_subjects_first_and_last_available_session_plus_top_level_sidecars
ds004447,1.0.1,data/raw/openneuro/ds004447/sub-017/ses-19/eeg/sub-017_ses-19_task-smrbmi_channels.tsv,sub-017/ses-19/eeg/sub-017_ses-19_task-smrbmi_channels.tsv,3157,3157,https://s3.amazonaws.com/openneuro.org/ds004447/sub-022/ses-19/eeg/sub-022_ses-19_task-smrbmi_channels.tsv,2026-07-02T12:37:29.370228+00:00,e3e80484cf5adeb0aa19e66e16c30f4235bb67571f929fd24d325ae98e93b033,downloaded,False,sub-017,ses-19,all_subjects_first_and_last_available_session_plus_top_level_sidecars
ds004447,1.0.1,data/raw/openneuro/ds004447/sub-017/ses-19/eeg/sub-017_ses-19_task-smrbmi_eeg.edf,sub-017/ses-19/eeg/sub-017_ses-19_task-smrbmi_eeg.edf,42933536,42933536,https://s3.amazonaws.com/openneuro.org/ds004447/sub-017/ses-19/eeg/sub-017_ses-19_task-smrbmi_eeg.edf,2026-07-02T12:37:33.552638+00:00,34cef38983aa02d9c8e883d6a3920a6fdff2581fc2d54816ea26282c4d04d397,downloaded,True,sub-017,ses-19,all_subjects_first_and_last_available_session_plus_top_level_sidecars
ds004447,1.0.1,data/raw/openneuro/ds004447/sub-017/ses-19/eeg/sub-017_ses-19_task-smrbmi_eeg.json,sub-017/ses-19/eeg/sub-017_ses-19_task-smrbmi_eeg.json,463,463,https://s3.amazonaws.com/openneuro.org/ds004447/sub-017/ses-19/eeg/sub-017_ses-19_task-smrbmi_eeg.json,2026-07-02T12:37:34.084822+00:00,1b3abdef73680893e83ef1bfddee83e2e70c7d4d31a4c1d5ade8a82a4f49f98d,downloaded,False,sub-017,ses-19,all_subjects_first_and_last_available_session_plus_top_level_sidecars
ds004447,1.0.1,data/raw/openneuro/ds004447/sub-017/ses-19/eeg/sub-017_ses-19_task-smrbmi_electrodes.tsv,sub-017/ses-19/eeg/sub-017_ses-19_task-smrbmi_electrodes.tsv,6161,6161,https://s3.amazonaws.com/openneuro.org/ds004447/sub-017/ses-19/eeg/sub-017_ses-19_task-smrbmi_electrodes.tsv,2026-07-02T12:37:34.536979+00:00,3224d4bc3d30316986ec15c780335586ae7c538c51280d287f53c1b470acb25f,downloaded,False,sub-017,ses-19,all_subjects_first_and_last_available_session_plus_top_level_sidecars
ds004447,1.0.1,data/raw/openneuro/ds004447/sub-017/ses-19/eeg/sub-017_ses-19_task-smrbmi_events.tsv,sub-017/ses-19/eeg/sub-017_ses-19_task-smrbmi_events.tsv,787,787,https://s3.amazonaws.com/openneuro.org/ds004447/sub-017/ses-19/eeg/sub-017_ses-19_task-smrbmi_events.tsv,2026-07-02T12:37:34.946310+00:00,6994229a5ffa3256d149266a8a3d6f49c950bfcbfe494ea4a649a6963421e31a,downloaded,False,sub-017,ses-19,all_subjects_first_and_last_available_session_plus_top_level_sidecars
ds004447,1.0.1,data/raw/openneuro/ds004447/sub-018/ses-01/eeg/sub-018_ses-01_task-smrbmi_channels.tsv,sub-018/ses-01/eeg/sub-018_ses-01_task-smrbmi_channels.tsv,3157,3157,https://s3.amazonaws.com/openneuro.org/ds004447/sub-022/ses-19/eeg/sub-022_ses-19_task-smrbmi_channels.tsv,2026-07-02T12:37:35.368498+00:00,e3e80484cf5adeb0aa19e66e16c30f4235bb67571f929fd24d325ae98e93b033,downloaded,False,sub-018,ses-01,all_subjects_first_and_last_available_session_plus_top_level_sidecars
ds004447,1.0.1,data/raw/openneuro/ds004447/sub-018/ses-01/eeg/sub-018_ses-01_task-smrbmi_eeg.edf,sub-018/ses-01/eeg/sub-018_ses-01_task-smrbmi_eeg.edf,42413536,42413536,https://s3.amazonaws.com/openneuro.org/ds004447/sub-018/ses-01/eeg/sub-018_ses-01_task-smrbmi_eeg.edf,2026-07-02T12:37:40.233069+00:00,776fd603a82ebcb7de21594a5934e27d8ea2e3d1af376fac4ed9c6468d717fdd,downloaded,True,sub-018,ses-01,all_subjects_first_and_last_available_session_plus_top_level_sidecars
ds004447,1.0.1,data/raw/openneuro/ds004447/sub-018/ses-01/eeg/sub-018_ses-01_task-smrbmi_eeg.json,sub-018/ses-01/eeg/sub-018_ses-01_task-smrbmi_eeg.json,462,462,https://s3.amazonaws.com/openneuro.org/ds004447/sub-018/ses-01/eeg/sub-018_ses-01_task-smrbmi_eeg.json,2026-07-02T12:37:40.727367+00:00,6b461db264aa17fd8d080765871b6e1a72a8e01a734371880573f174bf7b4aca,downloaded,False,sub-018,ses-01,all_subjects_first_and_last_available_session_plus_top_level_sidecars
ds004447,1.0.1,data/raw/openneuro/ds004447/sub-018/ses-01/eeg/sub-018_ses-01_task-smrbmi_electrodes.tsv,sub-018/ses-01/eeg/sub-018_ses-01_task-smrbmi_electrodes.tsv,6167,6167,https://s3.amazonaws.com/openneuro.org/ds004447/sub-018/ses-01/eeg/sub-018_ses-01_task-smrbmi_electrodes.tsv,2026-07-02T12:37:41.165025+00:00,c0d65bf906443a539424a2a73dd81143f148d46768939b199ebf3e2ec7ade77c,downloaded,False,sub-018,ses-01,all_subjects_first_and_last_available_session_plus_top_level_sidecars
ds004447,1.0.1,data/raw/openneuro/ds004447/sub-018/ses-01/eeg/sub-018_ses-01_task-smrbmi_events.tsv,sub-018/ses-01/eeg/sub-018_ses-01_task-smrbmi_events.tsv,787,787,https://s3.amazonaws.com/openneuro.org/ds004447/sub-018/ses-01/eeg/sub-018_ses-01_task-smrbmi_events.tsv,2026-07-02T12:37:41.602576+00:00,b61455c077d252c23cd8cadb81b894354a32e1bdc0cc8c0cec42eccce80065eb,downloaded,False,sub-018,ses-01,all_subjects_first_and_last_available_session_plus_top_level_sidecars
ds004447,1.0.1,data/raw/openneuro/ds004447/sub-018/ses-19/eeg/sub-018_ses-19_task-smrbmi_channels.tsv,sub-018/ses-19/eeg/sub-018_ses-19_task-smrbmi_channels.tsv,3157,3157,https://s3.amazonaws.com/openneuro.org/ds004447/sub-022/ses-19/eeg/sub-022_ses-19_task-smrbmi_channels.tsv,2026-07-02T12:37:42.012090+00:00,e3e80484cf5adeb0aa19e66e16c30f4235bb67571f929fd24d325ae98e93b033,downloaded,False,sub-018,ses-19,all_subjects_first_and_last_available_session_plus_top_level_sidecars
ds004447,1.0.1,data/raw/openneuro/ds004447/sub-018/ses-19/eeg/sub-018_ses-19_task-smrbmi_eeg.edf,sub-018/ses-19/eeg/sub-018_ses-19_task-smrbmi_eeg.edf,52293536,52293536,https://s3.amazonaws.com/openneuro.org/ds004447/sub-018/ses-19/eeg/sub-018_ses-19_task-smrbmi_eeg.edf,2026-07-02T12:37:47.202073+00:00,9dfa6ef5ef97d4f41da4893bfe7169877377a87474171689f09550e2c7c14845,downloaded,True,sub-018,ses-19,all_subjects_first_and_last_available_session_plus_top_level_sidecars
ds004447,1.0.1,data/raw/openneuro/ds004447/sub-018/ses-19/eeg/sub-018_ses-19_task-smrbmi_eeg.json,sub-018/ses-19/eeg/sub-018_ses-19_task-smrbmi_eeg.json,463,463,https://s3.amazonaws.com/openneuro.org/ds004447/sub-018/ses-19/eeg/sub-018_ses-19_task-smrbmi_eeg.json,2026-07-02T12:37:47.966047+00:00,ef3ffa79dabfd4b278dac5d2449862b2356a987aa9765c06926f63313055e3f7,downloaded,False,sub-018,ses-19,all_subjects_first_and_last_available_session_plus_top_level_sidecars
ds004447,1.0.1,data/raw/openneuro/ds004447/sub-018/ses-19/eeg/sub-018_ses-19_task-smrbmi_electrodes.tsv,sub-018/ses-19/eeg/sub-018_ses-19_task-smrbmi_electrodes.tsv,6167,6167,https://s3.amazonaws.com/openneuro.org/ds004447/sub-018/ses-19/eeg/sub-018_ses-19_task-smrbmi_electrodes.tsv,2026-07-02T12:37:48.414264+00:00,f367b2926e204071970f19d222940f41eb65c2d01203f85f7f1301de319a26ba,downloaded,False,sub-018,ses-19,all_subjects_first_and_last_available_session_plus_top_level_sidecars
ds004447,1.0.1,data/raw/openneuro/ds004447/sub-018/ses-19/eeg/sub-018_ses-19_task-smrbmi_events.tsv,sub-018/ses-19/eeg/sub-018_ses-19_task-smrbmi_events.tsv,798,798,https://s3.amazonaws.com/openneuro.org/ds004447/sub-018/ses-19/eeg/sub-018_ses-19_task-smrbmi_events.tsv,2026-07-02T12:37:48.916230+00:00,7a8cc445e64e211736023c813379d1ca6ed2798cd08b6d92f4b6ef1cb4601226,downloaded,False,sub-018,ses-19,all_subjects_first_and_last_available_session_plus_top_level_sidecars
ds004447,1.0.1,data/raw/openneuro/ds004447/sub-019/ses-01/eeg/sub-019_ses-01_task-smrbmi_channels.tsv,sub-019/ses-01/eeg/sub-019_ses-01_task-smrbmi_channels.tsv,3157,3157,https://s3.amazonaws.com/openneuro.org/ds004447/sub-022/ses-19/eeg/sub-022_ses-19_task-smrbmi_channels.tsv,2026-07-02T12:37:49.325459+00:00,e3e80484cf5adeb0aa19e66e16c30f4235bb67571f929fd24d325ae98e93b033,downloaded,False,sub-019,ses-01,all_subjects_first_and_last_available_session_plus_top_level_sidecars
ds004447,1.0.1,data/raw/openneuro/ds004447/sub-019/ses-01/eeg/sub-019_ses-01_task-smrbmi_eeg.edf,sub-019/ses-01/eeg/sub-019_ses-01_task-smrbmi_eeg.edf,50213536,50213536,https://s3.amazonaws.com/openneuro.org/ds004447/sub-019/ses-01/eeg/sub-019_ses-01_task-smrbmi_eeg.edf,2026-07-02T12:37:54.542535+00:00,274d307791ff8136afe3815e1611357c6022b3252d7a34b600810c024fc3d228,downloaded,True,sub-019,ses-01,all_subjects_first_and_last_available_session_plus_top_level_sidecars
ds004447,1.0.1,data/raw/openneuro/ds004447/sub-019/ses-01/eeg/sub-019_ses-01_task-smrbmi_eeg.json,sub-019/ses-01/eeg/sub-019_ses-01_task-smrbmi_eeg.json,463,463,https://s3.amazonaws.com/openneuro.org/ds004447/sub-019/ses-01/eeg/sub-019_ses-01_task-smrbmi_eeg.json,2026-07-02T12:37:55.117616+00:00,6ba5431f9ba43581fad97a811b9c73f05dcb4fd2007b84d54c99f02227c4b126,downloaded,False,sub-019,ses-01,all_subjects_first_and_last_available_session_plus_top_level_sidecars
ds004447,1.0.1,data/raw/openneuro/ds004447/sub-019/ses-01/eeg/sub-019_ses-01_task-smrbmi_electrodes.tsv,sub-019/ses-01/eeg/sub-019_ses-01_task-smrbmi_electrodes.tsv,6170,6170,https://s3.amazonaws.com/openneuro.org/ds004447/sub-019/ses-01/eeg/sub-019_ses-01_task-smrbmi_electrodes.tsv,2026-07-02T12:37:55.576986+00:00,cd4836a25fdd7eedec856db727d603d3b5eb51e4aa2d22e63b052947e276d4ac,downloaded,False,sub-019,ses-01,all_subjects_first_and_last_available_session_plus_top_level_sidecars
ds004447,1.0.1,data/raw/openneuro/ds004447/sub-019/ses-01/eeg/sub-019_ses-01_task-smrbmi_events.tsv,sub-019/ses-01/eeg/sub-019_ses-01_task-smrbmi_events.tsv,796,796,https://s3.amazonaws.com/openneuro.org/ds004447/sub-019/ses-01/eeg/sub-019_ses-01_task-smrbmi_events.tsv,2026-07-02T12:37:56.045101+00:00,089754b43202b15bbf137dad3b1c67c7f2a8f4df706ebd8b2770e895e94d67f4,downloaded,False,sub-019,ses-01,all_subjects_first_and_last_available_session_plus_top_level_sidecars
ds004447,1.0.1,data/raw/openneuro/ds004447/sub-019/ses-19/eeg/sub-019_ses-19_task-smrbmi_channels.tsv,sub-019/ses-19/eeg/sub-019_ses-19_task-smrbmi_channels.tsv,3157,3157,https://s3.amazonaws.com/openneuro.org/ds004447/sub-022/ses-19/eeg/sub-022_ses-19_task-smrbmi_channels.tsv,2026-07-02T12:37:56.439003+00:00,e3e80484cf5adeb0aa19e66e16c30f4235bb67571f929fd24d325ae98e93b033,downloaded,False,sub-019,ses-19,all_subjects_first_and_last_available_session_plus_top_level_sidecars
ds004447,1.0.1,data/raw/openneuro/ds004447/sub-019/ses-19/eeg/sub-019_ses-19_task-smrbmi_eeg.edf,sub-019/ses-19/eeg/sub-019_ses-19_task-smrbmi_eeg.edf,43713536,43713536,https://s3.amazonaws.com/openneuro.org/ds004447/sub-019/ses-19/eeg/sub-019_ses-19_task-smrbmi_eeg.edf,2026-07-02T12:38:02.213418+00:00,b9ad45cc57b59f71f2b5d7252ffe4767043383af5221c143ef28a9d27ea480f1,downloaded,True,sub-019,ses-19,all_subjects_first_and_last_available_session_plus_top_level_sidecars
ds004447,1.0.1,data/raw/openneuro/ds004447/sub-019/ses-19/eeg/sub-019_ses-19_task-smrbmi_eeg.json,sub-019/ses-19/eeg/sub-019_ses-19_task-smrbmi_eeg.json,463,463,https://s3.amazonaws.com/openneuro.org/ds004447/sub-019/ses-19/eeg/sub-019_ses-19_task-smrbmi_eeg.json,2026-07-02T12:38:02.791261+00:00,01710a2c0a224c3f5ef11f6c1eda4073db99f41c022ea3aeae52aa8494c5d32e,downloaded,False,sub-019,ses-19,all_subjects_first_and_last_available_session_plus_top_level_sidecars
ds004447,1.0.1,data/raw/openneuro/ds004447/sub-019/ses-19/eeg/sub-019_ses-19_task-smrbmi_electrodes.tsv,sub-019/ses-19/eeg/sub-019_ses-19_task-smrbmi_electrodes.tsv,6152,6152,https://s3.amazonaws.com/openneuro.org/ds004447/sub-019/ses-19/eeg/sub-019_ses-19_task-smrbmi_electrodes.tsv,2026-07-02T12:38:03.247614+00:00,09c00eb99c6274dcef89b28716075b8b69aae7198ae08a480a680ed068cec1ff,downloaded,False,sub-019,ses-19,all_subjects_first_and_last_available_session_plus_top_level_sidecars
ds004447,1.0.1,data/raw/openneuro/ds004447/sub-019/ses-19/eeg/sub-019_ses-19_task-smrbmi_events.tsv,sub-019/ses-19/eeg/sub-019_ses-19_task-smrbmi_events.tsv,790,790,https://s3.amazonaws.com/openneuro.org/ds004447/sub-019/ses-19/eeg/sub-019_ses-19_task-smrbmi_events.tsv,2026-07-02T12:38:03.667576+00:00,26b28aa5dcfd3546334d0e38b887b1e3fb3ca0c5c15b202784bcb6b655e9a47f,downloaded,False,sub-019,ses-19,all_subjects_first_and_last_available_session_plus_top_level_sidecars
ds004447,1.0.1,data/raw/openneuro/ds004447/sub-020/ses-01/eeg/sub-020_ses-01_task-smrbmi_channels.tsv,sub-020/ses-01/eeg/sub-020_ses-01_task-smrbmi_channels.tsv,3157,3157,https://s3.amazonaws.com/openneuro.org/ds004447/sub-022/ses-19/eeg/sub-022_ses-19_task-smrbmi_channels.tsv,2026-07-02T12:38:04.148691+00:00,e3e80484cf5adeb0aa19e66e16c30f4235bb67571f929fd24d325ae98e93b033,downloaded,False,sub-020,ses-01,all_subjects_first_and_last_available_session_plus_top_level_sidecars
ds004447,1.0.1,data/raw/openneuro/ds004447/sub-020/ses-01/eeg/sub-020_ses-01_task-smrbmi_eeg.edf,sub-020/ses-01/eeg/sub-020_ses-01_task-smrbmi_eeg.edf,49953536,49953536,https://s3.amazonaws.com/openneuro.org/ds004447/sub-020/ses-01/eeg/sub-020_ses-01_task-smrbmi_eeg.edf,2026-07-02T12:38:08.630398+00:00,135c72e05adf73af4337d87d8a8c9022be4f44d2614a6904a4c6cbaf3338f2f6,downloaded,True,sub-020,ses-01,all_subjects_first_and_last_available_session_plus_top_level_sidecars
ds004447,1.0.1,data/raw/openneuro/ds004447/sub-020/ses-01/eeg/sub-020_ses-01_task-smrbmi_eeg.json,sub-020/ses-01/eeg/sub-020_ses-01_task-smrbmi_eeg.json,463,463,https://s3.amazonaws.com/openneuro.org/ds004447/sub-020/ses-01/eeg/sub-020_ses-01_task-smrbmi_eeg.json,2026-07-02T12:38:09.474404+00:00,d31aff8d4a44618227dcda1bef5991f82307b08ddd4228a3dcff485401cac31d,downloaded,False,sub-020,ses-01,all_subjects_first_and_last_available_session_plus_top_level_sidecars
ds004447,1.0.1,data/raw/openneuro/ds004447/sub-020/ses-01/eeg/sub-020_ses-01_task-smrbmi_electrodes.tsv,sub-020/ses-01/eeg/sub-020_ses-01_task-smrbmi_electrodes.tsv,6166,6166,https://s3.amazonaws.com/openneuro.org/ds004447/sub-020/ses-01/eeg/sub-020_ses-01_task-smrbmi_electrodes.tsv,2026-07-02T12:38:09.981477+00:00,4250db899b36f9b80b2079abdf3553f4db1dcffc6240c95bb3ed7cf4066ef004,downloaded,False,sub-020,ses-01,all_subjects_first_and_last_available_session_plus_top_level_sidecars
ds004447,1.0.1,data/raw/openneuro/ds004447/sub-020/ses-01/eeg/sub-020_ses-01_task-smrbmi_events.tsv,sub-020/ses-01/eeg/sub-020_ses-01_task-smrbmi_events.tsv,796,796,https://s3.amazonaws.com/openneuro.org/ds004447/sub-020/ses-01/eeg/sub-020_ses-01_task-smrbmi_events.tsv,2026-07-02T12:38:10.485814+00:00,bff849ef3182ea1b8697e458d764610bfde138d529aaea86cbb34a60b31e84d3,downloaded,False,sub-020,ses-01,all_subjects_first_and_last_available_session_plus_top_level_sidecars
ds004447,1.0.1,data/raw/openneuro/ds004447/sub-020/ses-19/eeg/sub-020_ses-19_task-smrbmi_channels.tsv,sub-020/ses-19/eeg/sub-020_ses-19_task-smrbmi_channels.tsv,3157,3157,https://s3.amazonaws.com/openneuro.org/ds004447/sub-022/ses-19/eeg/sub-022_ses-19_task-smrbmi_channels.tsv,2026-07-02T12:38:10.898662+00:00,e3e80484cf5adeb0aa19e66e16c30f4235bb67571f929fd24d325ae98e93b033,downloaded,False,sub-020,ses-19,all_subjects_first_and_last_available_session_plus_top_level_sidecars
ds004447,1.0.1,data/raw/openneuro/ds004447/sub-020/ses-19/eeg/sub-020_ses-19_task-smrbmi_eeg.edf,sub-020/ses-19/eeg/sub-020_ses-19_task-smrbmi_eeg.edf,43453536,43453536,https://s3.amazonaws.com/openneuro.org/ds004447/sub-020/ses-19/eeg/sub-020_ses-19_task-smrbmi_eeg.edf,2026-07-02T12:38:16.195587+00:00,c6a136503c79d14eff23e133dcf4f79f21e20dcb469f31191a6b9d24838d87ea,downloaded,True,sub-020,ses-19,all_subjects_first_and_last_available_session_plus_top_level_sidecars
ds004447,1.0.1,data/raw/openneuro/ds004447/sub-020/ses-19/eeg/sub-020_ses-19_task-smrbmi_eeg.json,sub-020/ses-19/eeg/sub-020_ses-19_task-smrbmi_eeg.json,463,463,https://s3.amazonaws.com/openneuro.org/ds004447/sub-020/ses-19/eeg/sub-020_ses-19_task-smrbmi_eeg.json,2026-07-02T12:38:16.732837+00:00,e4da80540506afb8f165cbc6cc1b1bcbbb57f1b73407771e37c65f71c71d2da3,downloaded,False,sub-020,ses-19,all_subjects_first_and_last_available_session_plus_top_level_sidecars
ds004447,1.0.1,data/raw/openneuro/ds004447/sub-020/ses-19/eeg/sub-020_ses-19_task-smrbmi_electrodes.tsv,sub-020/ses-19/eeg/sub-020_ses-19_task-smrbmi_electrodes.tsv,6168,6168,https://s3.amazonaws.com/openneuro.org/ds004447/sub-020/ses-19/eeg/sub-020_ses-19_task-smrbmi_electrodes.tsv,2026-07-02T12:38:17.224354+00:00,929155872095b4d2443883f797fe4620a418ec8c139f43701b7031912b0f3f32,downloaded,False,sub-020,ses-19,all_subjects_first_and_last_available_session_plus_top_level_sidecars
ds004447,1.0.1,data/raw/openneuro/ds004447/sub-020/ses-19/eeg/sub-020_ses-19_task-smrbmi_events.tsv,sub-020/ses-19/eeg/sub-020_ses-19_task-smrbmi_events.tsv,789,789,https://s3.amazonaws.com/openneuro.org/ds004447/sub-020/ses-19/eeg/sub-020_ses-19_task-smrbmi_events.tsv,2026-07-02T12:38:17.664301+00:00,bae36f15ca19579a056d2d3a14bca0f8f28268a7768d114bc49ab20049236ee0,downloaded,False,sub-020,ses-19,all_subjects_first_and_last_available_session_plus_top_level_sidecars
ds004447,1.0.1,data/raw/openneuro/ds004447/sub-021/ses-01/eeg/sub-021_ses-01_task-smrbmi_channels.tsv,sub-021/ses-01/eeg/sub-021_ses-01_task-smrbmi_channels.tsv,3157,3157,https://s3.amazonaws.com/openneuro.org/ds004447/sub-022/ses-19/eeg/sub-022_ses-19_task-smrbmi_channels.tsv,2026-07-02T12:38:18.070488+00:00,e3e80484cf5adeb0aa19e66e16c30f4235bb67571f929fd24d325ae98e93b033,downloaded,False,sub-021,ses-01,all_subjects_first_and_last_available_session_plus_top_level_sidecars
ds004447,1.0.1,data/raw/openneuro/ds004447/sub-021/ses-01/eeg/sub-021_ses-01_task-smrbmi_eeg.edf,sub-021/ses-01/eeg/sub-021_ses-01_task-smrbmi_eeg.edf,43973536,43973536,https://s3.amazonaws.com/openneuro.org/ds004447/sub-021/ses-01/eeg/sub-021_ses-01_task-smrbmi_eeg.edf,2026-07-02T12:38:22.431602+00:00,a8573041307e431182127c7d64aa89dc480eb50d490619a8863b56191d8b8a61,downloaded,True,sub-021,ses-01,all_subjects_first_and_last_available_session_plus_top_level_sidecars
ds004447,1.0.1,data/raw/openneuro/ds004447/sub-021/ses-01/eeg/sub-021_ses-01_task-smrbmi_eeg.json,sub-021/ses-01/eeg/sub-021_ses-01_task-smrbmi_eeg.json,463,463,https://s3.amazonaws.com/openneuro.org/ds004447/sub-021/ses-01/eeg/sub-021_ses-01_task-smrbmi_eeg.json,2026-07-02T12:38:22.987689+00:00,d7e1a11851731babfe536db8907e90ee9ac7a5148fb685ca319046686bc561b6,downloaded,False,sub-021,ses-01,all_subjects_first_and_last_available_session_plus_top_level_sidecars
ds004447,1.0.1,data/raw/openneuro/ds004447/sub-021/ses-01/eeg/sub-021_ses-01_task-smrbmi_electrodes.tsv,sub-021/ses-01/eeg/sub-021_ses-01_task-smrbmi_electrodes.tsv,6168,6168,https://s3.amazonaws.com/openneuro.org/ds004447/sub-021/ses-01/eeg/sub-021_ses-01_task-smrbmi_electrodes.tsv,2026-07-02T12:38:23.422805+00:00,7f81ac91e6001f6e04bbb9b18180ca72bf39fee37b603790c384f07385092954,downloaded,False,sub-021,ses-01,all_subjects_first_and_last_available_session_plus_top_level_sidecars
ds004447,1.0.1,data/raw/openneuro/ds004447/sub-021/ses-01/eeg/sub-021_ses-01_task-smrbmi_events.tsv,sub-021/ses-01/eeg/sub-021_ses-01_task-smrbmi_events.tsv,790,790,https://s3.amazonaws.com/openneuro.org/ds004447/sub-021/ses-01/eeg/sub-021_ses-01_task-smrbmi_events.tsv,2026-07-02T12:38:23.921097+00:00,6a0d25179bacbcf84cb1e7e0b56664cb830ce49e74112a58c463f0334acc79b4,downloaded,False,sub-021,ses-01,all_subjects_first_and_last_available_session_plus_top_level_sidecars
ds004447,1.0.1,data/raw/openneuro/ds004447/sub-021/ses-19/eeg/sub-021_ses-19_task-smrbmi_channels.tsv,sub-021/ses-19/eeg/sub-021_ses-19_task-smrbmi_channels.tsv,3157,3157,https://s3.amazonaws.com/openneuro.org/ds004447/sub-022/ses-19/eeg/sub-022_ses-19_task-smrbmi_channels.tsv,2026-07-02T12:38:24.329528+00:00,e3e80484cf5adeb0aa19e66e16c30f4235bb67571f929fd24d325ae98e93b033,downloaded,False,sub-021,ses-19,all_subjects_first_and_last_available_session_plus_top_level_sidecars
ds004447,1.0.1,data/raw/openneuro/ds004447/sub-021/ses-19/eeg/sub-021_ses-19_task-smrbmi_eeg.edf,sub-021/ses-19/eeg/sub-021_ses-19_task-smrbmi_eeg.edf,44493536,44493536,https://s3.amazonaws.com/openneuro.org/ds004447/sub-021/ses-19/eeg/sub-021_ses-19_task-smrbmi_eeg.edf,2026-07-02T12:38:28.881060+00:00,8a1cb0c8fc997bd9732ffaf5c2b119ae65847807519f96c43265d39fa023b702,downloaded,True,sub-021,ses-19,all_subjects_first_and_last_available_session_plus_top_level_sidecars
ds004447,1.0.1,data/raw/openneuro/ds004447/sub-021/ses-19/eeg/sub-021_ses-19_task-smrbmi_eeg.json,sub-021/ses-19/eeg/sub-021_ses-19_task-smrbmi_eeg.json,463,463,https://s3.amazonaws.com/openneuro.org/ds004447/sub-021/ses-19/eeg/sub-021_ses-19_task-smrbmi_eeg.json,2026-07-02T12:38:29.627485+00:00,3ba8b2569c22aeee3b25da185e2bc50a0b0f971be69ba3bf07c8b1612fb4128d,downloaded,False,sub-021,ses-19,all_subjects_first_and_last_available_session_plus_top_level_sidecars
ds004447,1.0.1,data/raw/openneuro/ds004447/sub-021/ses-19/eeg/sub-021_ses-19_task-smrbmi_electrodes.tsv,sub-021/ses-19/eeg/sub-021_ses-19_task-smrbmi_electrodes.tsv,6157,6157,https://s3.amazonaws.com/openneuro.org/ds004447/sub-021/ses-19/eeg/sub-021_ses-19_task-smrbmi_electrodes.tsv,2026-07-02T12:38:30.103309+00:00,eff1bd44f8bf3cad80dad9d41639ab5aa52593eba54c2b077917921a2c6f2cef,downloaded,False,sub-021,ses-19,all_subjects_first_and_last_available_session_plus_top_level_sidecars
ds004447,1.0.1,data/raw/openneuro/ds004447/sub-021/ses-19/eeg/sub-021_ses-19_task-smrbmi_events.tsv,sub-021/ses-19/eeg/sub-021_ses-19_task-smrbmi_events.tsv,790,790,https://s3.amazonaws.com/openneuro.org/ds004447/sub-021/ses-19/eeg/sub-021_ses-19_task-smrbmi_events.tsv,2026-07-02T12:38:30.529414+00:00,f727507c0537b1bda57aff9176e5cb0e9a96de0ec5063e9914d19274308e348d,downloaded,False,sub-021,ses-19,all_subjects_first_and_last_available_session_plus_top_level_sidecars
ds004447,1.0.1,data/raw/openneuro/ds004447/sub-022/ses-01/eeg/sub-022_ses-01_task-smrbmi_channels.tsv,sub-022/ses-01/eeg/sub-022_ses-01_task-smrbmi_channels.tsv,3157,3157,https://s3.amazonaws.com/openneuro.org/ds004447/sub-022/ses-19/eeg/sub-022_ses-19_task-smrbmi_channels.tsv,2026-07-02T12:38:30.955733+00:00,e3e80484cf5adeb0aa19e66e16c30f4235bb67571f929fd24d325ae98e93b033,downloaded,False,sub-022,ses-01,all_subjects_first_and_last_available_session_plus_top_level_sidecars
ds004447,1.0.1,data/raw/openneuro/ds004447/sub-022/ses-01/eeg/sub-022_ses-01_task-smrbmi_eeg.edf,sub-022/ses-01/eeg/sub-022_ses-01_task-smrbmi_eeg.edf,42413536,42413536,https://s3.amazonaws.com/openneuro.org/ds004447/sub-022/ses-01/eeg/sub-022_ses-01_task-smrbmi_eeg.edf,2026-07-02T12:38:36.326825+00:00,74a90932bfd03ae556f8734a144bb7d99ce440ed91dd98144b1b55f9fab32715,downloaded,True,sub-022,ses-01,all_subjects_first_and_last_available_session_plus_top_level_sidecars
ds004447,1.0.1,data/raw/openneuro/ds004447/sub-022/ses-01/eeg/sub-022_ses-01_task-smrbmi_eeg.json,sub-022/ses-01/eeg/sub-022_ses-01_task-smrbmi_eeg.json,463,463,https://s3.amazonaws.com/openneuro.org/ds004447/sub-022/ses-01/eeg/sub-022_ses-01_task-smrbmi_eeg.json,2026-07-02T12:38:37.084971+00:00,eb82a06ef35e1970201de3a3951ebd86c3759505881696879d3b6a7ee406098a,downloaded,False,sub-022,ses-01,all_subjects_first_and_last_available_session_plus_top_level_sidecars
ds004447,1.0.1,data/raw/openneuro/ds004447/sub-022/ses-01/eeg/sub-022_ses-01_task-smrbmi_electrodes.tsv,sub-022/ses-01/eeg/sub-022_ses-01_task-smrbmi_electrodes.tsv,6164,6164,https://s3.amazonaws.com/openneuro.org/ds004447/sub-022/ses-01/eeg/sub-022_ses-01_task-smrbmi_electrodes.tsv,2026-07-02T12:38:37.524368+00:00,c41a3bbd6a175d64044aafe0596d39bd9d55b4fe27141a89748b465915d3c9b5,downloaded,False,sub-022,ses-01,all_subjects_first_and_last_available_session_plus_top_level_sidecars
ds004447,1.0.1,data/raw/openneuro/ds004447/sub-022/ses-01/eeg/sub-022_ses-01_task-smrbmi_events.tsv,sub-022/ses-01/eeg/sub-022_ses-01_task-smrbmi_events.tsv,787,787,https://s3.amazonaws.com/openneuro.org/ds004447/sub-022/ses-01/eeg/sub-022_ses-01_task-smrbmi_events.tsv,2026-07-02T12:38:38.046021+00:00,c1e5c199c3c1596d827050dbf112f02eb63c9431937af3e40911aeaf91edebbd,downloaded,False,sub-022,ses-01,all_subjects_first_and_last_available_session_plus_top_level_sidecars
ds004447,1.0.1,data/raw/openneuro/ds004447/sub-022/ses-19/eeg/sub-022_ses-19_task-smrbmi_channels.tsv,sub-022/ses-19/eeg/sub-022_ses-19_task-smrbmi_channels.tsv,3157,3157,https://s3.amazonaws.com/openneuro.org/ds004447/sub-022/ses-19/eeg/sub-022_ses-19_task-smrbmi_channels.tsv,2026-07-02T12:38:38.451751+00:00,e3e80484cf5adeb0aa19e66e16c30f4235bb67571f929fd24d325ae98e93b033,downloaded,False,sub-022,ses-19,all_subjects_first_and_last_available_session_plus_top_level_sidecars
ds004447,1.0.1,data/raw/openneuro/ds004447/sub-022/ses-19/eeg/sub-022_ses-19_task-smrbmi_eeg.edf,sub-022/ses-19/eeg/sub-022_ses-19_task-smrbmi_eeg.edf,43713536,43713536,https://s3.amazonaws.com/openneuro.org/ds004447/sub-022/ses-19/eeg/sub-022_ses-19_task-smrbmi_eeg.edf,2026-07-02T12:38:43.115902+00:00,9adf3a7fd3cfdddb253784cb0732769c2a625473bfec8d928aefce1ba831aea9,downloaded,True,sub-022,ses-19,all_subjects_first_and_last_available_session_plus_top_level_sidecars
ds004447,1.0.1,data/raw/openneuro/ds004447/sub-022/ses-19/eeg/sub-022_ses-19_task-smrbmi_eeg.json,sub-022/ses-19/eeg/sub-022_ses-19_task-smrbmi_eeg.json,463,463,https://s3.amazonaws.com/openneuro.org/ds004447/sub-022/ses-19/eeg/sub-022_ses-19_task-smrbmi_eeg.json,2026-07-02T12:38:43.810827+00:00,41f9b6ecfedd3a683fd5576fa821f61ea19766c398bfc7083ef697bc0e12ffe3,downloaded,False,sub-022,ses-19,all_subjects_first_and_last_available_session_plus_top_level_sidecars
ds004447,1.0.1,data/raw/openneuro/ds004447/sub-022/ses-19/eeg/sub-022_ses-19_task-smrbmi_electrodes.tsv,sub-022/ses-19/eeg/sub-022_ses-19_task-smrbmi_electrodes.tsv,6169,6169,https://s3.amazonaws.com/openneuro.org/ds004447/sub-022/ses-19/eeg/sub-022_ses-19_task-smrbmi_electrodes.tsv,2026-07-02T12:38:44.260207+00:00,7ec5f671be93ed7339e3c493ac590d12ca7892c24efad248064cc23cdc737853,downloaded,False,sub-022,ses-19,all_subjects_first_and_last_available_session_plus_top_level_sidecars
ds004447,1.0.1,data/raw/openneuro/ds004447/sub-022/ses-19/eeg/sub-022_ses-19_task-smrbmi_events.tsv,sub-022/ses-19/eeg/sub-022_ses-19_task-smrbmi_events.tsv,790,790,https://s3.amazonaws.com/openneuro.org/ds004447/sub-022/ses-19/eeg/sub-022_ses-19_task-smrbmi_events.tsv,2026-07-02T12:38:44.684127+00:00,711d9cef5260a4d8352099f8daca4824b28617a427d86a4cacabe13b095f6109,downloaded,False,sub-022,ses-19,all_subjects_first_and_last_available_session_plus_top_level_sidecars
ds004447,1.0.1,data/raw/openneuro/ds004447/task-smrbmi_eeg.json,task-smrbmi_eeg.json,854,854,https://s3.amazonaws.com/openneuro.org/ds004447/task-smrbmi_eeg.json,2026-07-02T12:38:45.404132+00:00,d81c01957382c24e795eb356c03deb890e4db086d0f9b8d218ae829557c55ea4,downloaded,False,,,all_subjects_first_and_last_available_session_plus_top_level_sidecars
ds004447,1.0.1,data/raw/openneuro/ds004447/task-smrbmi_events.json,task-smrbmi_events.json,563,563,https://s3.amazonaws.com/openneuro.org/ds004447/task-smrbmi_events.json,2026-07-02T12:38:45.818975+00:00,5c14509e0771c7f9c649ec1760c4efae87198baf7eb96774f91a9bee61263909,downloaded,False,,,all_subjects_first_and_last_available_session_plus_top_level_sidecars
