subject,y_true,y_pred_proba
sub-001,True,0.8902855395710751
sub-001,True,0.8312164060036803
sub-001,True,0.8376493356229925
sub-001,True,0.9422805271427123
sub-001,False,0.9689503085904598
sub-001,False,0.7251190213316806
sub-001,True,0.976650327857523
sub-001,True,0.9582717087178886
sub-001,True,0.8884882783132332
sub-001,True,0.8958672468159989
sub-001,False,0.7289324880457702
sub-001,False,0.9352871756089751
sub-001,False,0.7022810236312081
sub-001,False,0.9313723869709193
sub-001,False,0.7032803604574042
sub-001,False,0.8775538155561612
sub-001,True,0.9831329159476352
sub-001,False,0.7893282311635393
sub-001,False,0.5337442767980363
sub-001,False,0.6648777745413766
sub-001,False,0.6092631528846248
sub-001,False,0.8617769326271842
sub-001,False,0.8233258148865573
sub-001,False,0.8428777279717388
sub-001,False,0.9424078751255952
sub-001,False,0.7689198576731557
sub-001,False,0.6563195666490448
sub-001,False,0.7817129925482497
sub-001,False,0.9270302182364466
sub-001,False,0.8414061517479239
sub-001,False,0.8929998716794035
sub-001,False,0.9778542646094909
sub-001,False,0.9614428068759171
sub-001,False,0.9432986301628147
sub-001,False,0.836503512450514
sub-001,False,0.9821957780842256
sub-001,True,0.9999953821638379
sub-001,True,0.9904393816796802
sub-001,False,0.7940086943005966
sub-001,True,0.720346002381934
sub-001,False,0.8263980888391002
sub-001,False,0.9140438423544401
sub-001,True,0.8258280706001436
sub-001,False,0.7728901576331572
sub-001,True,0.93817022027168
sub-001,True,0.97771812149723
sub-001,False,0.8433146271618278
sub-001,True,0.9879950715170692
sub-001,True,0.6849920573658657
sub-001,False,0.8335836665818812
sub-001,False,0.5424159996300194
sub-001,True,0.7909883517368711
sub-001,False,0.869331731939823
sub-001,False,0.8761063748229212
sub-001,True,0.9900848435412918
sub-001,True,0.947617496994924
sub-001,False,0.9632805186486579
sub-001,False,0.6207162566690133
sub-001,True,0.9989808683958691
sub-001,True,0.998643292017378
sub-001,False,0.9569369750506403
sub-001,False,0.7021622512501259
sub-001,False,0.904584503607171
sub-001,True,0.9643920196336851
sub-001,False,0.769465220096943
sub-001,False,0.8993638428920642
sub-001,False,0.8978697048522429
sub-001,False,0.9227132413479213
sub-001,False,0.925070815980585
sub-001,True,0.9988378895579655
sub-001,False,0.9548274377821191
sub-001,False,0.9163430029054576
sub-001,True,0.9429542179174222
sub-001,False,0.9410978050058365
sub-001,False,0.8807260171255875
sub-001,False,0.5549242630781431
sub-001,True,0.6874521579156174
sub-001,True,0.9963866614532946
sub-001,False,0.9337040183353098
sub-001,True,0.9977119214581394
sub-001,True,0.8484456368725366
sub-001,True,0.8340228109840313
sub-001,False,0.9480709387119914
sub-001,True,0.8500099261711679
sub-001,False,0.8458012345090463
sub-001,True,0.996509378282641
sub-001,False,0.798866367075718
sub-001,False,0.8465334997649366
sub-001,True,0.9232279683210262
sub-001,False,0.8305178424994814
sub-001,True,0.9176572175824805
sub-001,True,0.8288526169754646
sub-001,True,0.8999449303028692
sub-001,False,0.8950733020012343
sub-001,True,0.998543155750383
sub-001,True,0.9680495340415248
sub-001,True,0.9977274933527709
sub-001,True,0.9142321056866056
sub-001,False,0.831469667497063
sub-001,True,0.937115873460062
sub-001,True,0.7685080740107948
sub-001,False,0.9239443848092094
sub-001,False,0.9544922668523649
sub-001,False,0.961073006102374
sub-001,True,0.7807007139087093
sub-001,True,0.6925145614060635
sub-001,True,0.9911358432665865
sub-001,False,0.7324172592876388
sub-001,False,0.8822182529385488
sub-001,True,0.9991051725588718
sub-001,True,0.9945926859795942
sub-001,False,0.9564946017367068
sub-001,True,0.9906902915061899
sub-001,False,0.8215370795678432
sub-001,False,0.8870734914640676
sub-001,False,0.985579596717857
sub-001,False,0.9776264536623266
sub-001,False,0.8765433496876656
sub-001,False,0.304816805380542
sub-001,False,0.280166207527817
sub-001,False,0.26465265404929367
sub-001,True,0.5206245326996344
sub-001,True,0.6033987943539024
sub-001,True,0.7102414180792791
sub-001,False,0.38578831292719207
sub-001,True,0.4534240024403717
sub-001,False,0.30966852357729296
sub-001,False,0.40123342209215385
sub-001,False,0.32056114589481693
sub-001,False,0.3548526269014427
sub-001,False,0.312157525292997
sub-001,False,0.3003920111766456
sub-001,False,0.30149327780139756
sub-001,False,0.34982814676959895
sub-001,True,0.33223778958140143
sub-001,True,0.6884817717120603
sub-001,True,0.5525580188549918
sub-001,False,0.2776052655739177
sub-001,False,0.29990127843429615
sub-001,False,0.2962155274695026
sub-001,False,0.4183262212042622
sub-001,True,0.42922838458713175
sub-001,False,0.317911601782497
sub-001,False,0.2832665864193517
sub-001,False,0.267644401875737
sub-001,False,0.329180130541295
sub-001,False,0.29636099226424684
sub-001,False,0.32452213770332033
sub-001,False,0.2868002770471582
sub-001,True,0.7107317024411748
sub-001,True,0.5822828363744289
sub-001,True,0.6600403138333762
sub-001,False,0.32723235225578223
sub-001,False,0.32591743239625304
sub-001,False,0.3372206594515114
sub-001,False,0.4025163622633913
sub-001,False,0.2747904132059075
sub-001,True,0.51780010019072
sub-001,False,0.3054007077313236
sub-001,False,0.3661655821789952
sub-001,False,0.2706253671682507
sub-001,True,0.45730959627751816
sub-001,False,0.4035367961813622
sub-001,False,0.3962944392639537
sub-001,True,0.3596901966267501
sub-001,False,0.3173808998920632
sub-001,False,0.34704033609351914
sub-001,True,0.3320664365606523
sub-001,False,0.36572579798073895
sub-001,True,0.4481743571576584
sub-001,True,0.6002388144067748
sub-001,True,0.7533107449126463
sub-001,True,0.371562195410574
sub-001,False,0.326905967064343
sub-001,False,0.3533136450423129
sub-001,False,0.2738394158203609
sub-001,False,0.3154151730311062
sub-001,False,0.38519636926481
sub-001,True,0.660476278933773
sub-001,False,0.3339404841295703
sub-001,False,0.30610212341396
sub-001,False,0.4456104780241577
sub-001,False,0.4218287560814426
sub-001,False,0.3598012369959613
sub-001,True,0.32321261951852104
sub-001,True,0.3583260810601374
sub-001,True,0.5223192491679921
sub-001,True,0.6383221731162791
sub-001,False,0.35032912115029874
sub-001,True,0.3613673876880744
sub-001,True,0.5208631346937801
sub-001,True,0.47889068403433305
sub-001,False,0.3993972175574117
sub-001,False,0.3950005862875278
sub-001,False,0.30554747875451677
sub-001,False,0.43289853020543173
sub-001,False,0.3333511833110873
sub-001,True,0.616247154557977
sub-001,True,0.7161015454556064
sub-001,True,0.6863306678598889
sub-001,False,0.37629251690577864
sub-001,True,0.5195524407570171
sub-001,False,0.30737457673806834
sub-001,False,0.26816174513372304
sub-001,False,0.26112480036642666
sub-001,False,0.3421972389757977
sub-001,False,0.406160248401363
sub-001,True,0.49402638909827307
sub-001,True,0.5638291429093899
sub-001,False,0.3728116941349134
sub-001,False,0.4415900303489535
sub-001,False,0.4409212211701644
sub-001,True,0.6156938533767827
sub-001,False,0.26600917414721625
sub-001,True,0.3969680305412239
sub-001,False,0.31549369315096326
sub-001,False,0.36839846151694255
sub-001,True,0.7400255465368054
sub-001,True,0.8125806631216184
sub-001,True,0.5623836164205315
sub-001,True,0.5534363313733742
sub-001,True,0.4538537085214948
sub-001,True,0.4935524165596014
sub-001,True,0.5944224340132035
sub-001,False,0.4217474446854458
sub-001,True,0.5113975795609619
sub-001,False,0.2670352559237657
sub-001,False,0.27842160707587543
sub-001,False,0.29084134009591184
sub-001,False,0.37036760728442997
sub-001,True,0.3713946666365008
sub-001,False,0.38545020189519635
sub-001,False,0.3520899513508085
sub-001,False,0.3692450582363011
sub-001,True,0.4919097726977821
sub-001,True,0.49740244326807453
sub-001,True,0.5305000565233781
sub-001,True,0.3992399983725731
sub-002,False,0.28997057859713976
sub-002,False,0.2651896220874111
sub-002,False,0.3389542766930016
sub-002,False,0.34427617636343916
sub-002,False,0.29628069979050303
sub-002,False,0.34368189770098645
sub-002,False,0.3732343166286106
sub-002,False,0.2808395221548975
sub-002,False,0.2687397789718598
sub-002,False,0.2986953955933535
sub-002,False,0.3231489489234123
sub-002,True,0.48846404970395974
sub-002,True,0.4174198085138164
sub-002,True,0.3697842807419626
sub-002,True,0.29591137251890764
sub-002,True,0.4312417680033616
sub-002,True,0.36132625740152996
sub-002,False,0.3618927672588596
sub-002,False,0.36983308350525446
sub-002,True,0.8569144462009501
sub-002,True,0.8387147338931449
sub-002,True,0.516478179904572
sub-002,True,0.44957606914656106
sub-002,True,0.5560935566168004
sub-002,False,0.3457442246016475
sub-002,True,0.4942116380413845
sub-002,True,0.6620755676806426
sub-002,True,0.7078864353529349
sub-002,True,0.4384456235060013
sub-002,True,0.42636791377070793
sub-002,True,0.4329299143407866
sub-002,False,0.2981061145739328
sub-002,False,0.3627640896493113
sub-002,False,0.25951148294815624
sub-002,False,0.29172196126694205
sub-002,True,0.36795143025616456
sub-002,True,0.3221037597933988
sub-002,False,0.3074664728573647
sub-002,True,0.45858120392028184
sub-002,True,0.5226765952952148
sub-002,False,0.37974827626568497
sub-002,True,0.39898409002375057
sub-002,False,0.33402041517876474
sub-002,True,0.35656118108076207
sub-002,False,0.3083631792189716
sub-002,False,0.3003444337189408
sub-002,True,0.3423425053552237
sub-002,False,0.2929902858483114
sub-002,True,0.593294232214721
sub-002,True,0.49607238281474025
sub-002,True,0.43913977850830405
sub-002,False,0.3402083485293142
sub-002,True,0.4185115189160488
sub-002,True,0.47986534558154864
sub-002,True,0.9435943413899376
sub-002,True,0.4143956302190182
sub-002,False,0.3285706725706078
sub-002,True,0.3014429240809749
sub-002,False,0.30381918919461937
sub-002,False,0.2835076102584882
sub-002,True,0.524683164249004
sub-002,True,0.7232275717014024
sub-002,True,0.42478877685399924
sub-002,True,0.771550836133542
sub-002,True,0.6742422098325317
sub-002,True,0.5583756117702374
sub-002,True,0.39616385564612083
sub-002,False,0.3153826642570983
sub-002,True,0.39851377330111054
sub-002,True,0.40962609133429373
sub-002,False,0.34276386285781
sub-002,False,0.3016307489422842
sub-002,True,0.5469899558553328
sub-002,True,0.5583818043315257
sub-002,True,0.3619532897973727
sub-002,False,0.3865176605843938
sub-002,True,0.31290228145773585
sub-002,True,0.308393809224095
sub-002,False,0.2994215041690978
sub-002,False,0.2857602971503362
sub-002,False,0.2711568628189642
sub-002,False,0.36162769912546006
sub-002,True,0.2945665391925049
sub-002,True,0.3987938083784893
sub-002,True,0.8416220089551372
sub-002,True,0.6575698303562177
sub-002,True,0.47567848655534334
sub-002,False,0.3115677334342617
sub-002,False,0.293352585534066
sub-002,False,0.3343497942677916
sub-002,False,0.3491917043594954
sub-002,False,0.3354259122987143
sub-002,False,0.28343077411050416
sub-002,False,0.31123201473068873
sub-002,False,0.2878085104680561
sub-002,True,0.3520133865122854
sub-002,False,0.31784520003625705
sub-002,True,0.5527673822974504
sub-002,True,0.6308408490438294
sub-002,False,0.37896319163012054
sub-002,False,0.3586559458430233
sub-002,True,0.3839513773698682
sub-002,False,0.32749891286438104
sub-002,True,0.42124306002553236
sub-002,False,0.2882986679875304
sub-002,True,0.48156541977114453
sub-002,False,0.3308931959674692
sub-002,False,0.32710376985299844
sub-002,True,0.46525061212719454
sub-002,True,0.5945888249347624
sub-002,False,0.3635977569693802
sub-002,True,0.29546314564621096
sub-002,True,0.30123444511947395
sub-002,False,0.28979641794794253
sub-002,False,0.38098833463943194
sub-002,False,0.3289965417846169
sub-002,False,0.4006870314316417
sub-002,True,0.3389202514131
sub-002,False,0.31551927642073246
sub-002,False,0.2922794815560392
sub-002,False,0.27907412738558524
sub-002,True,0.48622069394702544
sub-002,True,0.5533510185664282
sub-002,True,0.6514897587768625
sub-002,False,0.3794732452697912
sub-002,True,0.4422816191828694
sub-002,False,0.3175217593042408
sub-002,False,0.388841607643013
sub-002,False,0.32389435674287165
sub-002,False,0.3493474293485553
sub-002,False,0.32319604817240644
sub-002,False,0.30638987643176446
sub-002,False,0.30996991413503655
sub-002,False,0.3492823055424574
sub-002,True,0.33191816415166203
sub-002,True,0.6310121691453668
sub-002,True,0.5137803973171908
sub-002,False,0.28572090715672077
sub-002,False,0.3083644709919231
sub-002,False,0.3058361310498353
sub-002,False,0.4037376420389894
sub-002,True,0.4103063307395921
sub-002,False,0.3181116427105631
sub-002,False,0.2919873802512537
sub-002,False,0.28112728077261867
sub-002,False,0.32641501932968614
sub-002,False,0.30324083320497747
sub-002,False,0.33370548008636763
sub-002,False,0.2922421796030331
sub-002,True,0.6523179252022566
sub-002,True,0.5444120989827761
sub-002,True,0.6132658080542
sub-002,False,0.32858249250659094
sub-002,False,0.33021815852114983
sub-002,False,0.3451550692913259
sub-002,False,0.3982217052368359
sub-002,False,0.28485661936286777
sub-002,True,0.4892901231961597
sub-002,False,0.3170292215140913
sub-002,False,0.36323019557207703
sub-002,False,0.28369630751032293
sub-002,True,0.4353828381003319
sub-002,False,0.397297665095116
sub-002,False,0.38666541081513545
sub-002,True,0.36735320999726717
sub-002,False,0.32293275999626153
sub-002,False,0.3470397648565227
sub-002,True,0.34177123483211236
sub-002,False,0.36383312655238664
sub-002,True,0.42730483031884126
sub-002,True,0.5606648250955293
sub-002,True,0.6889555427705412
sub-002,True,0.3793531584385596
sub-002,False,0.33504466966297725
sub-002,False,0.3481580635383818
sub-002,False,0.28818791250645104
sub-002,False,0.323023921637054
sub-002,False,0.3812190566207044
sub-002,True,0.6047122976066391
sub-002,False,0.33937288583545255
sub-002,False,0.3127589619092417
sub-002,False,0.42965684730259407
sub-002,False,0.41032503509808194
sub-002,False,0.3566118681773718
sub-002,True,0.3343888021081373
sub-002,True,0.35295401961843803
sub-002,True,0.4886827775659564
sub-002,True,0.5887765390891483
sub-002,False,0.3518889282132561
sub-002,True,0.3618764448671446
sub-002,True,0.4977842596726003
sub-002,True,0.48023336346407297
sub-002,False,0.3893163106342853
sub-002,False,0.39008034823944127
sub-002,False,0.3112901132759475
sub-002,False,0.4206672111113333
sub-002,False,0.335066960184059
sub-002,True,0.5802339937828037
sub-002,True,0.6663513205973034
sub-002,True,0.6326362072585479
sub-002,False,0.37210797656145717
sub-002,True,0.4913474353168918
sub-002,False,0.3157851787301225
sub-002,False,0.2817252629437007
sub-002,False,0.2746798016002458
sub-002,False,0.3419039144749254
sub-002,False,0.3929015004637583
sub-002,True,0.47223163584729416
sub-002,True,0.5212542656566163
sub-002,False,0.37244137240805736
sub-002,False,0.4246095113387914
sub-002,False,0.42346512757273536
sub-002,True,0.5737398545787746
sub-002,False,0.27605821261516655
sub-002,True,0.4083781561577986
sub-002,False,0.3202676287895464
sub-002,False,0.36281020904995165
sub-002,True,0.6777887236690118
sub-002,True,0.745446127525137
sub-002,True,0.5290286480454011
sub-002,True,0.5223902508545503
sub-002,True,0.43482823073151916
sub-002,True,0.4665073857867215
sub-002,True,0.5569217575099138
sub-002,False,0.41200913722350024
sub-002,True,0.48063975311567747
sub-002,False,0.2815289745106518
sub-002,False,0.2911528968943329
sub-002,False,0.30087309468082574
sub-002,False,0.36399061449773373
sub-002,True,0.3752038928066993
sub-002,False,0.3820918183106207
sub-002,False,0.3530047813694216
sub-002,False,0.3611358807671066
sub-002,True,0.46619561195124254
sub-002,True,0.4664061953568476
sub-002,True,0.5016448288757154
sub-002,True,0.39293287743584293
sub-003,False,0.5515506361936755
sub-003,False,0.36255824400922965
sub-003,False,0.6655140446345265
sub-003,False,0.5108490997138491
sub-003,True,0.7505338250578556
sub-003,False,0.5765886276924364
sub-003,False,0.48705675097925744
sub-003,False,0.5938007079548754
sub-003,False,0.5420816394711945
sub-003,False,0.39116139691555396
sub-003,False,0.5171104950590646
sub-003,True,0.9271778285632355
sub-003,False,0.5716806140286257
sub-003,False,0.3943834709919046
sub-003,False,0.5647755837749079
sub-003,False,0.6154608254708535
sub-003,False,0.4680327938680916
sub-003,False,0.4763341788367691
sub-003,True,0.7582616334299517
sub-003,True,0.7424218009376158
sub-003,False,0.4410025138318272
sub-003,True,0.9889541330201467
sub-003,True,0.9845869605729572
sub-003,False,0.6335091930859802
sub-003,False,0.5860905213593179
sub-003,False,0.46746406216320663
sub-003,False,0.4444394675298622
sub-003,False,0.44094619370201704
sub-003,False,0.35733098015357295
sub-003,False,0.4858608430962527
sub-003,False,0.49631602213921083
sub-003,False,0.43240469135574344
sub-003,False,0.3976917757554972
sub-003,False,0.3962078472059618
sub-003,False,0.648951740359481
sub-003,False,0.5111442417264959
sub-003,False,0.44943341723085695
sub-003,True,0.9648134007695677
sub-003,False,0.5849927575418197
sub-003,False,0.5196764013954737
sub-003,False,0.466928338512671
sub-003,False,0.5490080825527349
sub-003,False,0.7556248346856297
sub-003,True,0.9687048625322658
sub-003,False,0.7614510100712355
sub-003,False,0.5667675063069977
sub-003,False,0.4468680850460432
sub-003,False,0.7470535989364646
sub-003,False,0.6022486545227604
sub-003,False,0.3338453538150782
sub-003,False,0.46401864857949654
sub-003,False,0.42802548084128034
sub-003,False,0.5021842321306291
sub-003,False,0.49056978562920506
sub-003,False,0.38710571712151465
sub-003,False,0.5279713593071397
sub-003,True,0.6090393747255403
sub-003,False,0.7301675147104844
sub-003,False,0.48517951929765996
sub-003,False,0.4613197417815173
sub-003,False,0.4861360462781202
sub-003,False,0.44556512626120615
sub-003,True,0.7861960482648891
sub-003,False,0.3943978993725693
sub-003,False,0.4001491932301695
sub-003,False,0.5599726596122468
sub-003,False,0.44389537467572127
sub-003,False,0.4651683611285998
sub-003,False,0.4164559770940857
sub-003,False,0.6199980939116336
sub-003,False,0.5196105795171714
sub-003,False,0.5335793389339992
sub-003,False,0.403905776023547
sub-003,False,0.3737916553874032
sub-003,False,0.5362950366333364
sub-003,False,0.36456935655549294
sub-003,False,0.40954423945542145
sub-003,False,0.3267238893157623
sub-003,False,0.3915829196045794
sub-003,False,0.3520245845884756
sub-003,False,0.3991898259694282
sub-003,False,0.3354767890186693
sub-003,False,0.45739759998837864
sub-003,False,0.5064191508875074
sub-003,False,0.42371294385927816
sub-003,False,0.311114604317309
sub-003,False,0.39169772196086583
sub-003,False,0.46249627617922656
sub-003,False,0.7187368140216354
sub-003,False,0.39384626892969393
sub-003,False,0.35831039141357157
sub-003,False,0.32003357645303016
sub-003,False,0.3457894145198954
sub-003,False,0.5005562251216381
sub-003,False,0.43328203707576335
sub-003,False,0.45062219028154915
sub-003,True,0.9090388662860502
sub-003,False,0.4902441049370365
sub-003,False,0.545847725603298
sub-003,False,0.707611384595345
sub-003,False,0.35031565097968786
sub-003,False,0.3792269974378637
sub-003,False,0.4337899297012022
sub-003,False,0.6275419821768163
sub-003,False,0.5052993702151559
sub-003,False,0.48366815118740697
sub-003,False,0.6361002170460047
sub-003,False,0.5809478898133935
sub-003,False,0.3837354840986835
sub-003,False,0.4942345485350264
sub-003,False,0.3323867877951199
sub-003,False,0.36505855869152526
sub-003,False,0.360102151381967
sub-003,False,0.3618767709031072
sub-003,False,0.3772274729697175
sub-003,False,0.38619488173687405
sub-003,False,0.4446649594532455
sub-003,False,0.5683377390994345
sub-003,False,0.3929308970992329
sub-003,False,0.5235986061884444
sub-003,True,0.38397604677000896
sub-003,True,0.7499946808231952
sub-003,False,0.2914033429530086
sub-003,True,0.35018784603450454
sub-003,False,0.48526954980654297
sub-003,False,0.3748036363007501
sub-003,True,0.3978254664437962
sub-003,True,0.45355000457282113
sub-003,False,0.3849193463012285
sub-003,True,0.44661276979193404
sub-003,True,0.33811652936381414
sub-003,True,0.533058332140569
sub-003,False,0.40248161927537623
sub-003,True,0.6834514273175724
sub-003,False,0.5213358461028104
sub-003,True,0.5728309440419747
sub-003,False,0.2660113173087256
sub-003,False,0.34095488954013625
sub-003,False,0.40430314147301394
sub-003,False,0.3733332504635237
sub-003,False,0.42093586269055727
sub-003,True,0.587565284580686
sub-003,False,0.4664892479156914
sub-003,False,0.4096821966505281
sub-003,False,0.3903548919913113
sub-003,False,0.4978840844464591
sub-003,True,0.4594694431219743
sub-003,False,0.3908003786415491
sub-003,False,0.5058285927438859
sub-003,False,0.3729837182969101
sub-003,True,0.7209068555472604
sub-003,False,0.4365903440645737
sub-003,False,0.30150202953640337
sub-003,False,0.46119981624068723
sub-003,False,0.34857632736168004
sub-003,False,0.38465019992003513
sub-003,False,0.38412394951892603
sub-003,False,0.5104476067143683
sub-003,True,0.8300114444736719
sub-003,False,0.34106523385315535
sub-003,False,0.2953243702937996
sub-003,False,0.39841039059214717
sub-003,False,0.48354025602716516
sub-003,True,0.7271676328077822
sub-003,False,0.38137353413004355
sub-003,False,0.4915124584752558
sub-003,False,0.38896288739480295
sub-003,True,0.5179455056323982
sub-003,False,0.3517073825660618
sub-003,False,0.35420312028096235
sub-003,False,0.30171830749238265
sub-003,True,0.5169429310429382
sub-003,False,0.3728019441701167
sub-003,False,0.4400283718835579
sub-003,False,0.4841699001370517
sub-003,False,0.3455164994954843
sub-003,False,0.42557138691794394
sub-003,False,0.3927787293539685
sub-003,True,0.4623606677532604
sub-003,False,0.3101786560281163
sub-003,False,0.47054775528343307
sub-003,True,0.51643683304363
sub-003,True,0.7680503465660029
sub-003,False,0.4408901373452584
sub-003,False,0.44551911861199855
sub-003,False,0.3445922017430592
sub-003,False,0.3633616243681904
sub-003,False,0.4061878866799057
sub-003,False,0.3499089671522909
sub-003,True,0.6561393295558858
sub-003,True,0.7498052189891339
sub-003,False,0.4273599850158632
sub-003,False,0.5050377409532429
sub-003,False,0.5162096793515816
sub-003,True,0.45311425561071683
sub-003,False,0.3292039432379486
sub-003,True,0.7155062971056189
sub-003,False,0.5095920734759973
sub-003,True,0.5643540920942591
sub-003,False,0.361845150527482
sub-003,True,0.6305354617149236
sub-003,True,0.5818083154848394
sub-003,False,0.4771688864166791
sub-003,False,0.41485566620493086
sub-003,False,0.4826864928508671
sub-003,False,0.440604339566873
sub-003,False,0.3702168726968366
sub-003,True,0.605598010591229
sub-003,False,0.31537941928364
sub-003,False,0.5193008014039155
sub-003,True,0.5613488197148239
sub-003,True,0.5440708532698467
sub-003,True,0.6197929880115678
sub-003,False,0.39723682754861933
sub-003,False,0.4106201934818143
sub-003,False,0.494481241788161
sub-003,False,0.41885843360413527
sub-003,False,0.3650175394954039
sub-003,False,0.35054958691627713
sub-003,False,0.3137458056980589
sub-003,False,0.5847244225390347
sub-003,False,0.37008216737632055
sub-003,False,0.3905962127831038
sub-003,False,0.37444900955149946
sub-003,False,0.4201929225261745
sub-003,False,0.37914627728112377
sub-003,False,0.3975636175931328
sub-003,False,0.45003614709825485
sub-003,False,0.37713522478184525
sub-003,True,0.5557935856056515
sub-003,False,0.40043951153726215
sub-003,False,0.42425989553654303
sub-003,False,0.4482386941539263
sub-003,False,0.3381438736507026
sub-003,False,0.43690210694166814
sub-003,True,0.6806320059731799
sub-003,False,0.3997618443385113
sub-003,False,0.3493977910672303
sub-003,False,0.46216070879210586
sub-003,False,0.4660425168900835
sub-004,False,0.4304375206468958
sub-004,False,0.37175998764102897
sub-004,False,0.4002006655366929
sub-004,False,0.4667624127105867
sub-004,False,0.4344942510453534
sub-004,True,0.7897386426997506
sub-004,False,0.3400005047957182
sub-004,False,0.5977817757809741
sub-004,True,0.45880364575637395
sub-004,False,0.5674489535598646
sub-004,True,0.9075522435227209
sub-004,False,0.3127077750946813
sub-004,False,0.38382827771771927
sub-004,False,0.39560281489998705
sub-004,False,0.4537807848345488
sub-004,True,0.32823293444189844
sub-004,False,0.3334748678645277
sub-004,True,0.5690945856381602
sub-004,False,0.5522842780847369
sub-004,False,0.3983932858912111
sub-004,False,0.3329309973918941
sub-004,False,0.3190580865903934
sub-004,True,0.6050223226207887
sub-004,False,0.36067625013247595
sub-004,True,0.5667158666257042
sub-004,False,0.35841833437946113
sub-004,False,0.3347738733304447
sub-004,False,0.3610366759560939
sub-004,False,0.43828984961137196
sub-004,False,0.5431664005421518
sub-004,False,0.4908592439558318
sub-004,False,0.3588445541511383
sub-004,False,0.4846205356609743
sub-004,False,0.34841909768228
sub-004,False,0.515444435260894
sub-004,False,0.40728678644886795
sub-004,False,0.5406456941602482
sub-004,False,0.5356945513911963
sub-004,False,0.38435280806564537
sub-004,False,0.5613986754838263
sub-004,True,0.5044501433491263
sub-004,False,0.4053179835552343
sub-004,False,0.42423256744172744
sub-004,False,0.42313368568381465
sub-004,False,0.3686962943794817
sub-004,False,0.3801998349972118
sub-004,False,0.501243884363208
sub-004,False,0.5524128588914899
sub-004,False,0.3701872458766084
sub-004,False,0.3546371404169385
sub-004,False,0.4618279791339688
sub-004,False,0.36545616262680697
sub-004,True,0.4318008283593779
sub-004,True,0.4570456803220286
sub-004,True,0.404349668791163
sub-004,False,0.40390468669360796
sub-004,False,0.36364859237137204
sub-004,False,0.2813308308212697
sub-004,True,0.4341055192517565
sub-004,False,0.44437223795359687
sub-004,False,0.6079158893899093
sub-004,False,0.4563056133151554
sub-004,True,0.5081383325250097
sub-004,True,0.4407861850461668
sub-004,False,0.3834203156036574
sub-004,False,0.4401257098732077
sub-004,False,0.47610868854058286
sub-004,True,0.5518579714952483
sub-004,False,0.40636160029621027
sub-004,False,0.41128319268304275
sub-004,False,0.38630619957409634
sub-004,True,0.4383867166674748
sub-004,False,0.5550547197302691
sub-004,True,0.5508950540501859
sub-004,True,0.340102137350733
sub-004,False,0.45844611695604004
sub-004,False,0.35333660574780573
sub-004,False,0.29584830328628375
sub-004,False,0.4638601870461677
sub-004,False,0.39642408277880375
sub-004,False,0.364095904374765
sub-004,False,0.4197265822495284
sub-004,False,0.4382003082212172
sub-004,True,0.36732588211548106
sub-004,True,0.8406424639766685
sub-004,True,0.6280228537126061
sub-004,False,0.4489021670837447
sub-004,False,0.4688826667679975
sub-004,False,0.32971799978326477
sub-004,True,0.5117372801926987
sub-004,False,0.37596407535392534
sub-004,True,0.691261817986588
sub-004,False,0.36215826908074744
sub-004,True,0.4838818554562195
sub-004,False,0.36318001513843234
sub-004,True,0.7412080035902211
sub-004,False,0.5177839591122954
sub-004,True,0.31468346797410696
sub-004,False,0.31160470326027057
sub-004,True,0.5981987272507777
sub-004,False,0.4750238039291412
sub-004,False,0.520973814935736
sub-004,False,0.4598815283382161
sub-004,False,0.5474464777180339
sub-004,False,0.5153892692286173
sub-004,False,0.3717485986487814
sub-004,False,0.29108644800844075
sub-004,False,0.452562772871856
sub-004,True,0.435649729884988
sub-004,True,0.40671974116018117
sub-004,False,0.345639243485136
sub-004,False,0.4043349755925066
sub-004,True,0.6685434568572705
sub-004,True,0.8102163106757896
sub-004,True,0.4650829893897216
sub-004,False,0.4664577579816404
sub-004,True,0.39504449336920966
sub-004,False,0.34567846142586056
sub-004,False,0.3612872899428985
sub-004,False,0.3579486874554353
sub-004,False,0.4237143713563614
sub-004,False,0.48728239865088524
sub-004,False,0.40070066824933875
sub-004,False,0.5434082814526888
sub-004,False,0.4585407938920797
sub-004,True,0.43930435709530496
sub-004,False,0.363069452069168
sub-004,False,0.48951374618965704
sub-004,False,0.4105071044208761
sub-004,False,0.354415346944371
sub-004,False,0.44274669839722647
sub-004,False,0.34482712359632967
sub-004,False,0.32863268344687896
sub-004,False,0.45575513884597835
sub-004,False,0.5412041195268555
sub-004,True,0.3978775073391147
sub-004,False,0.2855931957097285
sub-004,False,0.3325344978998531
sub-004,True,0.4163930342452967
sub-004,False,0.42721302196509336
sub-004,False,0.4839311942805527
sub-004,False,0.5216617540029429
sub-004,True,0.42712707581847503
sub-004,False,0.34199317231463344
sub-004,False,0.3313854565968397
sub-004,False,0.3779798170117724
sub-004,False,0.3378172623479115
sub-004,False,0.37003906530633873
sub-004,False,0.3803829008859823
sub-004,True,0.5701327967530881
sub-004,True,0.43197814394194517
sub-004,False,0.38510243626595836
sub-004,False,0.5101273957414955
sub-004,True,0.7264540298364723
sub-004,False,0.4539219196699737
sub-004,False,0.4030568780103756
sub-004,False,0.30537488565510695
sub-004,False,0.31354496599519455
sub-004,False,0.4480747625396858
sub-004,False,0.39718726637054513
sub-004,False,0.3302973570291129
sub-004,False,0.2953675117963004
sub-004,False,0.3534001364563811
sub-004,False,0.5735344673040611
sub-004,False,0.333786867274315
sub-004,False,0.3251213774396471
sub-004,False,0.4045249110631289
sub-004,False,0.438083902750216
sub-004,False,0.4383478731175917
sub-004,False,0.5739911429497572
sub-004,False,0.4044354282473669
sub-004,False,0.37958709715282607
sub-004,False,0.4120991730455897
sub-004,False,0.3232363682292793
sub-004,False,0.44302584235037823
sub-004,True,0.6366943775836394
sub-004,True,0.3178730446718777
sub-004,False,0.32910152589880787
sub-004,False,0.3361008930362533
sub-004,True,0.47927291923032517
sub-004,False,0.32666182779395947
sub-004,True,0.49811037589145235
sub-004,True,0.4247771462642857
sub-004,False,0.44448967079213375
sub-004,False,0.44194736369391746
sub-004,False,0.3446404966672483
sub-004,False,0.26873872778505314
sub-004,False,0.37677437448174983
sub-004,False,0.32218508489013786
sub-004,False,0.5813741731632179
sub-004,False,0.3229226310827247
sub-004,False,0.3575613438426396
sub-004,False,0.4188755627332096
sub-004,False,0.3472849023947792
sub-004,False,0.3945311515091269
sub-004,False,0.3529395662065779
sub-004,False,0.4010114658016205
sub-004,False,0.3483985454125758
sub-004,False,0.36774687966809194
sub-004,False,0.3611743854664452
sub-004,False,0.3041571008689073
sub-004,False,0.3733374254267862
sub-004,False,0.2779161064227977
sub-004,False,0.38095694396343427
sub-004,False,0.33724337768174256
sub-004,False,0.32328060934519026
sub-004,False,0.2811625674120381
sub-004,False,0.35497730288542984
sub-004,False,0.32685334945569916
sub-004,False,0.37416462246203186
sub-004,True,0.832512677693066
sub-004,True,0.8315657891256923
sub-004,False,0.4466178054849846
sub-004,False,0.4832914279529942
sub-004,False,0.29703378268095215
sub-004,False,0.4988097577973844
sub-004,False,0.5645352665631841
sub-004,True,0.7360501747706828
sub-004,True,0.7671276251496367
sub-004,True,0.7808576285249627
sub-004,False,0.4598698889703162
sub-004,False,0.5081098439122753
sub-004,False,0.440129202330006
sub-004,False,0.3265083878893701
sub-004,False,0.41116001542429426
sub-004,False,0.3206006362498096
sub-004,True,0.5088663540975105
sub-004,False,0.5688837365584661
sub-004,False,0.4016216876123522
sub-004,False,0.40094378421103466
sub-004,False,0.43088636058373825
sub-004,False,0.3488180523904756
sub-004,False,0.4297072270844769
sub-004,True,0.7758346280792163
sub-004,False,0.43555739376646985
sub-004,False,0.36755774030154065
sub-005,False,0.39527117728409306
sub-005,False,0.5318795695206573
sub-005,False,0.4497331582284835
sub-005,True,0.6241800648993722
sub-005,True,0.6053361092173853
sub-005,False,0.45236377168516345
sub-005,False,0.505325311067873
sub-005,False,0.6052748800714657
sub-005,False,0.5091070613168127
sub-005,True,0.6811807582126091
sub-005,False,0.4194052986243075
sub-005,False,0.5183560049767539
sub-005,False,0.6026350259984549
sub-005,False,0.48528312838346105
sub-005,True,0.8808116532269992
sub-005,True,0.9536291273170179
sub-005,True,0.8216999212708642
sub-005,True,0.655116645695089
sub-005,False,0.4286450161072542
sub-005,False,0.41449561188543305
sub-005,True,0.5823134835164208
sub-005,False,0.46081850176831085
sub-005,False,0.49933352761983796
sub-005,True,0.7336005857936458
sub-005,False,0.522946197735958
sub-005,True,0.437409113540403
sub-005,False,0.4932709338984805
sub-005,False,0.6673595171371456
sub-005,False,0.6334670478539897
sub-005,True,0.8583102410545964
sub-005,False,0.5750178814359878
sub-005,False,0.5656136384299297
sub-005,False,0.46319814403625026
sub-005,False,0.6172429208867617
sub-005,False,0.4891832733349622
sub-005,False,0.36118931367668367
sub-005,True,0.624719876348797
sub-005,False,0.466304734537868
sub-005,False,0.5772844451570466
sub-005,False,0.3960530405577938
sub-005,False,0.43219831018047145
sub-005,False,0.4828265731604017
sub-005,False,0.5279178526153737
sub-005,True,0.6366399396138204
sub-005,False,0.3547178213889572
sub-005,False,0.588686516147944
sub-005,True,0.7182536934546808
sub-005,True,0.6822394449030574
sub-005,True,0.8440252279040854
sub-005,True,0.7858848881066567
sub-005,True,0.8318532598767772
sub-005,True,0.8674014396453373
sub-005,True,0.7919974683217118
sub-005,True,0.7441367084233466
sub-005,False,0.5813177746580861
sub-005,True,0.6543877735889009
sub-005,False,0.5909701322770179
sub-005,True,0.6529608921011044
sub-005,False,0.4319054510650232
sub-005,True,0.6263761532138321
sub-005,True,0.8414637869473697
sub-005,False,0.6267948394106303
sub-005,False,0.4055771168462656
sub-005,True,0.6937602892439827
sub-005,True,0.6590765916314595
sub-005,True,0.6318740516306385
sub-005,True,0.9228655019867233
sub-005,True,0.663861592028645
sub-005,True,0.7858882102735043
sub-005,True,0.6572546433991172
sub-005,True,0.4696244491402295
sub-005,True,0.722551584541058
sub-005,True,0.9803347716367705
sub-005,True,0.7951103134041969
sub-005,False,0.4282547564729
sub-005,True,0.7877313665768608
sub-005,False,0.5157294888823116
sub-005,True,0.9379013687384472
sub-005,True,0.6937570279965846
sub-005,False,0.6993344989750238
sub-005,True,0.9871735913866846
sub-005,False,0.44706503046782287
sub-005,True,0.868083256954047
sub-005,False,0.7487068146260233
sub-005,False,0.49507031950376656
sub-005,False,0.5922580969665054
sub-005,False,0.45276565150204856
sub-005,False,0.36988598903872966
sub-005,False,0.4169266477861789
sub-005,False,0.48481802042527483
sub-005,False,0.5153678326083978
sub-005,True,0.8436992839698798
sub-005,False,0.39327886524343253
sub-005,False,0.7113777872491222
sub-005,False,0.41516681411245143
sub-005,False,0.517246376388299
sub-005,False,0.45161741944529815
sub-005,True,0.592244700711733
sub-005,False,0.476113363541087
sub-005,True,0.5163509992376925
sub-005,True,0.9599982741864821
sub-005,False,0.5328583023745166
sub-005,False,0.5162052965657383
sub-005,True,0.748087676068276
sub-005,False,0.49652913958016426
sub-005,False,0.4693624198625062
sub-005,False,0.48722821465019994
sub-005,False,0.680091695848239
sub-005,False,0.6060931733099022
sub-005,False,0.46024759535943177
sub-005,False,0.7486764969980818
sub-005,True,0.5683663284255793
sub-005,False,0.388759833226069
sub-005,False,0.5303582413757661
sub-005,True,0.9765759070322115
sub-005,False,0.49583464827424234
sub-005,False,0.640332699647227
sub-005,True,0.6157403586120194
sub-005,True,0.6869049443537573
sub-005,False,0.4461069050775412
sub-005,True,0.39400668086069907
sub-005,False,0.43376544045765797
sub-005,False,0.5134534912789381
sub-005,False,0.4884670270564158
sub-005,False,0.4477467034248395
sub-005,False,0.5255300568720768
sub-005,False,0.3850274398386639
sub-005,False,0.3380516008310632
sub-005,False,0.4660525750854633
sub-005,False,0.5700992438627679
sub-005,False,0.6015339162020864
sub-005,False,0.33892003117135094
sub-005,False,0.38959894840603926
sub-005,False,0.3364604543279142
sub-005,False,0.33990121011806546
sub-005,False,0.3155290471352486
sub-005,False,0.4687998402335651
sub-005,False,0.4704886986118
sub-005,False,0.413050705274475
sub-005,False,0.47780974614921373
sub-005,False,0.3286446689672043
sub-005,False,0.38014380223511296
sub-005,False,0.3126902907949287
sub-005,False,0.40077057379519937
sub-005,False,0.4076221909169807
sub-005,False,0.3799085893995163
sub-005,False,0.4522079884398741
sub-005,False,0.4573853001351378
sub-005,False,0.36288696551487726
sub-005,False,0.5072841970150931
sub-005,False,0.4384491822934459
sub-005,False,0.5078321871452159
sub-005,False,0.43529170871102074
sub-005,False,0.5018766671014031
sub-005,False,0.3935245199935115
sub-005,False,0.4884799763190537
sub-005,True,0.5969089944362177
sub-005,False,0.5468810729069274
sub-005,False,0.3373736817114235
sub-005,False,0.43459873565446266
sub-005,False,0.5221868997368572
sub-005,False,0.5284078082876699
sub-005,False,0.3823438156520833
sub-005,False,0.403702535750471
sub-005,False,0.533147178552973
sub-005,False,0.45902890472377156
sub-005,False,0.4457886489188653
sub-005,False,0.47414189367018034
sub-005,True,0.4657642728369702
sub-005,False,0.3871205811984163
sub-005,False,0.3505722799292065
sub-005,False,0.4191354562735686
sub-005,False,0.6135625588339908
sub-005,False,0.3640251741300142
sub-005,False,0.3587587164401323
sub-005,False,0.5580628019366173
sub-005,False,0.5490234115944653
sub-005,False,0.43649227283140296
sub-005,False,0.494013740906549
sub-005,False,0.49211037299085103
sub-005,False,0.4610100961955238
sub-005,False,0.3974641027317479
sub-005,False,0.510282164464617
sub-005,False,0.34472018759919004
sub-005,False,0.6079704556241652
sub-005,False,0.4103546653041847
sub-005,False,0.42135281915975364
sub-005,False,0.43107920126999927
sub-005,False,0.47076999823651866
sub-005,False,0.36327153163429227
sub-005,False,0.4170752189554289
sub-005,False,0.42775011474764785
sub-005,False,0.4300333839458708
sub-005,True,0.9942940277475808
sub-005,True,0.8319396624649389
sub-005,True,0.8970633964327055
sub-005,True,0.4424564778274677
sub-005,False,0.3632429754899057
sub-005,True,0.5542208646910136
sub-005,False,0.34078415841240417
sub-005,True,0.9799297222313185
sub-005,True,0.9157266448778436
sub-005,True,0.7030781916049664
sub-005,True,0.6893434892647391
sub-005,True,0.7320694507740085
sub-005,False,0.4751771778777577
sub-005,True,0.5832501018197372
sub-005,False,0.5147932872294178
sub-005,False,0.5049437258143333
sub-005,True,0.9374672585462207
sub-005,True,0.8699612641800862
sub-005,True,0.6566088222955394
sub-005,True,0.5206203190309318
sub-005,True,0.6187763097363553
sub-005,True,0.5340564264005889
sub-005,False,0.4056827938364786
sub-005,True,0.4119326035264931
sub-005,False,0.34257275974999274
sub-005,False,0.45918966181020393
sub-005,False,0.40140227292566283
sub-005,False,0.3423055661516075
sub-005,False,0.4000426250133282
sub-005,True,0.9819205223101253
sub-005,True,0.9662878914373616
sub-005,True,0.5311109190209188
sub-005,True,0.4690124355412562
sub-005,True,0.7338850750770599
sub-005,False,0.47805981431691486
sub-005,True,0.6973015718197315
sub-005,False,0.5424866541123771
sub-005,False,0.46798767739009084
sub-005,True,0.5739428863296644
sub-005,False,0.4099460126582218
sub-005,False,0.3938048348315266
sub-005,False,0.363503784444287
sub-005,False,0.5790008931746339
sub-006,False,0.3474656921960328
sub-006,False,0.37453052795466024
sub-006,False,0.37953790940748805
sub-006,False,0.36447989755771387
sub-006,False,0.38148979776821046
sub-006,False,0.30187603607203395
sub-006,False,0.3209783333342022
sub-006,False,0.3650138580602889
sub-006,False,0.555193658608541
sub-006,False,0.34877023616001507
sub-006,False,0.33258431423291945
sub-006,False,0.295337908502494
sub-006,False,0.3272922264542066
sub-006,False,0.3233376316873045
sub-006,False,0.3722595212387143
sub-006,False,0.3470865750683701
sub-006,False,0.3445081860586253
sub-006,False,0.3223563460706902
sub-006,False,0.29845886611943157
sub-006,False,0.3616086021892313
sub-006,False,0.33479787011735923
sub-006,False,0.6805498874495803
sub-006,True,0.33884997656270066
sub-006,False,0.4331066479719293
sub-006,False,0.3636049536550978
sub-006,False,0.3303082561707068
sub-006,False,0.3251039739139135
sub-006,False,0.2868656049547104
sub-006,False,0.5123678749954326
sub-006,True,0.3587619438817676
sub-006,False,0.3598570218121882
sub-006,False,0.3229711853880296
sub-006,False,0.292571807844287
sub-006,False,0.3128176135818174
sub-006,False,0.33675402944750066
sub-006,False,0.3719975223255973
sub-006,False,0.2998811284823634
sub-006,False,0.29895204581036217
sub-006,False,0.3471220975865731
sub-006,False,0.3448993331205574
sub-006,False,0.3228173175195118
sub-006,False,0.31463611228529276
sub-006,True,0.3172208925508212
sub-006,False,0.32626382895568784
sub-006,False,0.38442482947301926
sub-006,False,0.2836873145321251
sub-006,False,0.2936843011885065
sub-006,False,0.2640338326038326
sub-006,False,0.3245032096162669
sub-006,False,0.3294053538802752
sub-006,False,0.5750428518694363
sub-006,False,0.35237501506494817
sub-006,False,0.4417981578873738
sub-006,False,0.38825527410169103
sub-006,False,0.3143596490543907
sub-006,False,0.3759408449396157
sub-006,False,0.2921538715065421
sub-006,False,0.34997253160997815
sub-006,False,0.3199203483819418
sub-006,False,0.375754771449756
sub-006,False,0.3171477363267017
sub-006,False,0.38925254805413734
sub-006,False,0.35874347951302465
sub-006,False,0.3661685105427439
sub-006,False,0.3307023623425953
sub-006,False,0.3317480936508678
sub-006,False,0.39103430827248525
sub-006,False,0.2832759444407346
sub-006,False,0.30510662950235706
sub-006,False,0.29836572614547674
sub-006,False,0.5562251714819577
sub-006,False,0.3379082517649648
sub-006,False,0.37181468351943436
sub-006,False,0.29906306700309393
sub-006,False,0.37501485834083104
sub-006,False,0.2843545912663495
sub-006,False,0.28727503708672825
sub-006,False,0.3593773034317793
sub-006,False,0.33960859792866954
sub-006,False,0.2860208638868558
sub-006,False,0.3145559966640036
sub-006,False,0.3590919135770313
sub-006,False,0.39540388893179934
sub-006,False,0.4238155194785548
sub-006,False,0.40385609091482916
sub-006,False,0.30416162227717763
sub-006,True,0.4102315155258927
sub-006,False,0.3199959584844237
sub-006,False,0.29956528103637253
sub-006,True,0.426845388963254
sub-006,False,0.32045855546103413
sub-006,False,0.36895384882504945
sub-006,False,0.3599959886697293
sub-006,False,0.3821963678410369
sub-006,False,0.33654003835936874
sub-006,True,0.3817914502721515
sub-006,False,0.44213499041863874
sub-006,False,0.3533204509282579
sub-006,False,0.32085137207192344
sub-006,False,0.382486574794161
sub-006,False,0.3301605800144931
sub-006,False,0.3883250259807433
sub-006,False,0.3555107153893708
sub-006,False,0.3397493104812856
sub-006,False,0.3237990776347101
sub-006,False,0.46699674861689394
sub-006,False,0.4424530322683816
sub-006,False,0.4013212652444444
sub-006,False,0.25433694943981566
sub-006,True,0.7533457503819679
sub-006,False,0.45774525910288366
sub-006,False,0.3348662294831029
sub-006,False,0.3279598576995073
sub-006,False,0.35550692192490535
sub-006,False,0.34054762382864207
sub-006,False,0.31844815360381956
sub-006,False,0.31390522844036134
sub-006,False,0.2897994532719307
sub-006,True,0.2857071002384226
sub-006,False,0.26026471889387065
sub-006,False,0.27543675516063393
sub-006,False,0.38280194871040024
sub-006,False,0.3454549932523868
sub-006,False,0.2754420530486936
sub-006,False,0.3118428904577492
sub-006,False,0.2692375976319401
sub-006,False,0.3426559968880577
sub-006,True,0.6271914845461034
sub-006,False,0.37815028450158283
sub-006,False,0.3059338895349285
sub-006,False,0.29218299367655653
sub-006,False,0.2726214547480993
sub-006,False,0.3093273136257072
sub-006,False,0.302671440632649
sub-006,False,0.28577645360189075
sub-006,False,0.32822854381660416
sub-006,True,0.3953667088559633
sub-006,False,0.32951901184183535
sub-006,False,0.3512303268362509
sub-006,False,0.31120684563877643
sub-006,False,0.5387658414797173
sub-006,False,0.375578845800452
sub-006,False,0.29770295320965984
sub-006,False,0.42082340852220657
sub-006,False,0.3092546667028281
sub-006,False,0.28373040903038105
sub-006,False,0.37466131524649293
sub-006,True,0.29574701485757
sub-006,False,0.3242164698650442
sub-006,False,0.29523359830692947
sub-006,False,0.3047076131877947
sub-006,False,0.30939618819497045
sub-006,False,0.3434047807027847
sub-006,False,0.3161600085359877
sub-006,False,0.2816762250401461
sub-006,True,0.32783444605244266
sub-006,False,0.3378970016171967
sub-006,False,0.3704006811609424
sub-006,False,0.3118516365546791
sub-006,False,0.3366170876842756
sub-006,False,0.28823435777668704
sub-006,False,0.26500262340768305
sub-006,False,0.43615986930482586
sub-006,True,0.3375515936293008
sub-006,True,0.9999981799178441
sub-006,True,0.4084780468194836
sub-006,False,0.265483043184591
sub-006,False,0.31898164118108
sub-006,False,0.4167909902061258
sub-006,False,0.27407234792939206
sub-006,False,0.29731407232692436
sub-006,False,0.31391764469671485
sub-006,False,0.38254658402475505
sub-006,False,0.2935781845841315
sub-006,False,0.24949817894915965
sub-006,False,0.34634837405699126
sub-006,False,0.3109922698825433
sub-006,False,0.3079000226374917
sub-006,False,0.34998056880187073
sub-006,False,0.25319643595016006
sub-006,False,0.2825132792016662
sub-006,False,0.35513345055533746
sub-006,False,0.3219120806416205
sub-006,False,0.3606426772071951
sub-006,False,0.4025627806072324
sub-006,True,0.37859621683739436
sub-006,True,0.5476938280847509
sub-006,False,0.2944267545069248
sub-006,False,0.32782782098211166
sub-006,False,0.40585222807678417
sub-006,False,0.5399288181345953
sub-006,False,0.3772495403343781
sub-006,True,0.4243795496854139
sub-006,True,0.2809149293650343
sub-006,False,0.3459382108828697
sub-006,False,0.31666327056730575
sub-006,False,0.38200842249058053
sub-006,False,0.31186333166858365
sub-006,False,0.5697227647959406
sub-006,False,0.3342196083001449
sub-006,True,0.9995959449600806
sub-006,True,0.746279615354815
sub-006,False,0.414656226694183
sub-006,False,0.2686585613063789
sub-006,False,0.3730280693263175
sub-006,False,0.3564554200626458
sub-006,False,0.31110471919086496
sub-006,False,0.34008791845005015
sub-006,False,0.3026156491388041
sub-006,False,0.2792015785378307
sub-006,False,0.330040886877449
sub-006,False,0.2849402429152631
sub-006,True,0.4899456287801948
sub-006,False,0.3399057581573633
sub-006,False,0.41680957494884313
sub-006,False,0.45630940728616326
sub-006,False,0.3722404253671247
sub-006,False,0.30977477876437637
sub-006,False,0.31844616767041284
sub-006,False,0.31200272695385495
sub-006,True,0.3574630837357054
sub-006,True,0.36053169965033316
sub-006,True,0.29299927999458414
sub-006,False,0.26498735534208234
sub-006,False,0.38322892551451154
sub-006,False,0.43219119197779765
sub-006,False,0.40721292874118736
sub-006,False,0.3313680023206814
sub-006,False,0.3439573354147154
sub-006,False,0.3593601481642376
sub-006,False,0.3328306132752087
sub-006,False,0.30647305845673106
sub-006,False,0.32152696900235556
sub-006,False,0.31723901723505343
sub-006,False,0.2976954162427533
sub-006,False,0.3132832686041326
sub-007,False,0.4704078341742186
sub-007,False,0.44747733071946744
sub-007,False,0.4656248757302441
sub-007,False,0.3113637526025885
sub-007,False,0.33810697337407725
sub-007,True,0.6361668290414392
sub-007,False,0.34504247472341
sub-007,False,0.34252979740731754
sub-007,True,0.4346853671895328
sub-007,False,0.46945364351421176
sub-007,False,0.7140933850307786
sub-007,False,0.612055604823226
sub-007,True,0.5098658648298177
sub-007,False,0.42343321056941496
sub-007,False,0.44521673227799896
sub-007,False,0.39816095702802695
sub-007,True,0.45449143754515187
sub-007,False,0.4461277259026923
sub-007,False,0.38292233812173176
sub-007,False,0.43385834759266223
sub-007,True,0.5242685672671228
sub-007,False,0.41344460962063967
sub-007,False,0.44557888018255487
sub-007,True,0.6166432305417259
sub-007,False,0.4935045553491529
sub-007,False,0.3893491498140488
sub-007,False,0.35846077428135015
sub-007,False,0.394873402087638
sub-007,False,0.4808316465140385
sub-007,False,0.4494580267494076
sub-007,False,0.44191475283745973
sub-007,False,0.36855542337342806
sub-007,False,0.3964191084816287
sub-007,False,0.43388154212886765
sub-007,False,0.565652535832958
sub-007,True,0.6261528429599755
sub-007,False,0.4635840872876384
sub-007,False,0.34897018910264943
sub-007,False,0.6216894170887496
sub-007,False,0.5303802095867308
sub-007,False,0.4548528220595789
sub-007,False,0.4357663621396261
sub-007,False,0.34132731786340365
sub-007,False,0.5961474256499649
sub-007,False,0.4741326834730931
sub-007,False,0.4867209583547831
sub-007,False,0.5314383528633815
sub-007,False,0.3515948760949631
sub-007,False,0.5060329776922418
sub-007,False,0.3668412863838018
sub-007,False,0.5300917478117382
sub-007,False,0.4870273448162456
sub-007,False,0.4157933018603975
sub-007,False,0.587061743957659
sub-007,False,0.4765114818496532
sub-007,False,0.48834234338661464
sub-007,False,0.4239979453965579
sub-007,False,0.32993642625085423
sub-007,False,0.5256949621965505
sub-007,False,0.5237069008467906
sub-007,False,0.4725016970927637
sub-007,False,0.43046492786825025
sub-007,True,0.43360144199185885
sub-007,False,0.3238946610526062
sub-007,False,0.46593069643665563
sub-007,False,0.3530041091379321
sub-007,False,0.42305455403126163
sub-007,True,0.6826241587695661
sub-007,False,0.4557862269700904
sub-007,False,0.6225822151196263
sub-007,True,0.7500062650084188
sub-007,True,0.7159808219011476
sub-007,False,0.4994792140199327
sub-007,False,0.5880412275359714
sub-007,False,0.37740520169360775
sub-007,False,0.38437604022733585
sub-007,False,0.5530896429549833
sub-007,False,0.40183242854344886
sub-007,False,0.4261186761676769
sub-007,False,0.37170677937070046
sub-007,False,0.35808944562110967
sub-007,False,0.4934251775389877
sub-007,True,0.34503453849731736
sub-007,True,0.5000248406897937
sub-007,False,0.6898281198740205
sub-007,False,0.5477936144032243
sub-007,False,0.39658719509551554
sub-007,False,0.4189911002213819
sub-007,False,0.4060665845857641
sub-007,False,0.4488836527598575
sub-007,False,0.49664486168088884
sub-007,False,0.4512945955495783
sub-007,False,0.5898554425859509
sub-007,False,0.4259398093473872
sub-007,True,0.7803344682608647
sub-007,False,0.45218482293692003
sub-007,False,0.5157599362595053
sub-007,False,0.505908370736869
sub-007,False,0.35348125435404304
sub-007,False,0.39521606406717996
sub-007,False,0.34179424859946245
sub-007,False,0.43993706615862066
sub-007,False,0.5076283146687525
sub-007,False,0.36831637877152246
sub-007,False,0.6331874984655677
sub-007,False,0.5400081662506434
sub-007,False,0.5131360617627716
sub-007,False,0.47245775693048925
sub-007,False,0.40495787338091443
sub-007,False,0.6065562759864677
sub-007,False,0.45470554335672847
sub-007,False,0.3578223728002327
sub-007,False,0.33279767060620247
sub-007,False,0.605231476856182
sub-007,False,0.4484612931555092
sub-007,False,0.5457636338610448
sub-007,False,0.7168277019661093
sub-007,False,0.5063646608174025
sub-007,False,0.3490632341995612
sub-007,False,0.3696825337894183
sub-007,False,0.3338385061189677
sub-007,False,0.35614906809860836
sub-007,False,0.5176337126357746
sub-007,False,0.47805903432481084
sub-007,True,0.507876506066304
sub-007,False,0.35006887863863484
sub-007,False,0.41964225914827163
sub-007,False,0.34882306477922465
sub-007,True,0.7036863892788067
sub-007,False,0.42240594562626493
sub-007,True,0.5247732473568135
sub-007,True,0.3891878437365482
sub-007,False,0.39921826809845357
sub-007,False,0.3044381867849549
sub-007,False,0.2951933350352792
sub-007,True,0.5113720558129813
sub-007,False,0.3877651031037075
sub-007,False,0.45183749513535887
sub-007,False,0.48203700243914716
sub-007,False,0.4960285870991017
sub-007,False,0.478966855584832
sub-007,False,0.36853465290378795
sub-007,True,0.5559968106526152
sub-007,False,0.4771548966038863
sub-007,False,0.42120875517096634
sub-007,False,0.32466607886020754
sub-007,False,0.4157193805808446
sub-007,False,0.35479648425443266
sub-007,True,0.37147262341460635
sub-007,False,0.3565873995553187
sub-007,False,0.4161658191784461
sub-007,False,0.40803354989661617
sub-007,False,0.4337871074444485
sub-007,False,0.3246702860217359
sub-007,False,0.4589144959934057
sub-007,False,0.38182895951590523
sub-007,False,0.46412959008009536
sub-007,True,0.33884050185967124
sub-007,False,0.3555717688146456
sub-007,True,0.4304769442242601
sub-007,False,0.3738580608119057
sub-007,False,0.34779930113928587
sub-007,True,0.33037388221262076
sub-007,True,0.31994310674609455
sub-007,False,0.3707318215200925
sub-007,False,0.5076500601163709
sub-007,True,0.4160707897318326
sub-007,True,0.5740240923506826
sub-007,False,0.36404459697724484
sub-007,False,0.30250040675275824
sub-007,False,0.3281963114840177
sub-007,False,0.37745053268900813
sub-007,False,0.2951257823245997
sub-007,False,0.3316013706095058
sub-007,False,0.41152323021697385
sub-007,False,0.4878684992874442
sub-007,False,0.37000932001031805
sub-007,False,0.47383177619222344
sub-007,True,0.6964304347698413
sub-007,True,0.7027614165338409
sub-007,False,0.39898496952261236
sub-007,False,0.3592657959058363
sub-007,False,0.5349559509929502
sub-007,False,0.3768058264956822
sub-007,False,0.40772735349115063
sub-007,False,0.37922362171511836
sub-007,False,0.4038312410320491
sub-007,False,0.3982866244029749
sub-007,False,0.4123404842587224
sub-007,False,0.43184827443138685
sub-007,False,0.48399637326264877
sub-007,False,0.5103514276460409
sub-007,False,0.412394064809675
sub-007,False,0.373395847036623
sub-007,False,0.30992793086297277
sub-007,False,0.37065224690161563
sub-007,False,0.5083569859994517
sub-007,True,0.9539050800347845
sub-007,True,0.6024112345228312
sub-007,True,0.7406918708115006
sub-007,False,0.4051288867609556
sub-007,False,0.4632586324947391
sub-007,True,0.32661279660621134
sub-007,False,0.4348671926402337
sub-007,True,0.6785753583462043
sub-007,False,0.3198849399229852
sub-007,True,0.5418130760298844
sub-007,False,0.40241794229757516
sub-007,False,0.35730962702225344
sub-007,False,0.3041945120951304
sub-007,False,0.3111069878159155
sub-007,False,0.2688226970650828
sub-007,False,0.4049462941896678
sub-007,False,0.44052308175070987
sub-007,False,0.3664073742238344
sub-007,False,0.483744013569886
sub-007,False,0.4067368496647105
sub-007,False,0.3618467646221875
sub-007,False,0.34373394005632163
sub-007,True,0.46227950336930973
sub-007,True,0.46628802593428764
sub-007,False,0.38791952774162647
sub-007,True,0.6045465629251646
sub-007,False,0.44486056671365776
sub-007,False,0.49740280488439365
sub-007,True,0.3468140033410866
sub-007,False,0.32247894560278745
sub-007,True,0.567538342375466
sub-007,True,0.4405943501889176
sub-007,False,0.3486619369629713
sub-007,False,0.3522554897928207
sub-007,False,0.3367032237283911
sub-007,False,0.4012665361221634
sub-007,False,0.31727397093782067
sub-007,False,0.2801821915122103
sub-007,False,0.2891741800091366
sub-007,False,0.483110169279859
sub-007,False,0.4598952999550871
sub-007,False,0.3956673851418999
sub-007,False,0.38220180380359153
sub-008,False,0.3875190999553667
sub-008,True,0.43393574190847994
sub-008,False,0.37309915725433446
sub-008,True,0.4503605699033847
sub-008,False,0.40246742535680574
sub-008,False,0.4448649986439606
sub-008,False,0.33066557179369355
sub-008,False,0.3824842117557377
sub-008,False,0.36162527580344483
sub-008,True,0.6146169146231251
sub-008,True,0.4694650211002907
sub-008,True,0.5879522127289424
sub-008,False,0.34984724027080494
sub-008,False,0.3434180366234571
sub-008,False,0.39459343532206426
sub-008,True,0.5582827377004107
sub-008,False,0.3278025529667996
sub-008,False,0.28634140775551703
sub-008,True,0.5161923399889949
sub-008,True,0.5497495471359483
sub-008,True,0.7868704605984611
sub-008,True,0.5058614933125848
sub-008,False,0.39251807854095383
sub-008,False,0.3496519978047289
sub-008,True,0.46873690153030045
sub-008,False,0.39446370648610424
sub-008,True,0.43159412316616735
sub-008,False,0.38593037768260047
sub-008,False,0.32454412413031036
sub-008,True,0.6611369106270021
sub-008,True,0.7175787841756245
sub-008,True,0.4945692167077234
sub-008,True,0.6051678938662108
sub-008,False,0.29888039917570874
sub-008,False,0.38065543621945985
sub-008,False,0.32129193806968964
sub-008,False,0.35302671997039176
sub-008,False,0.379126885270674
sub-008,False,0.32898433196588195
sub-008,False,0.3675191107680737
sub-008,True,0.47452334127023393
sub-008,False,0.4624118379149686
sub-008,False,0.3039119339823898
sub-008,False,0.2940325406042069
sub-008,False,0.43122423122496467
sub-008,False,0.4215435376302255
sub-008,True,0.5888943767378683
sub-008,True,0.7500930454074975
sub-008,True,0.6530635483892798
sub-008,False,0.4580974029876878
sub-008,True,0.5227936307015713
sub-008,True,0.6514413351442406
sub-008,True,0.8380915153638939
sub-008,True,0.5909635138560587
sub-008,True,0.5635516248320459
sub-008,True,0.5051426911448316
sub-008,True,0.4765249990341917
sub-008,False,0.4018873707832431
sub-008,True,0.40920731945431144
sub-008,False,0.3887743129533667
sub-008,False,0.4316267414881008
sub-008,False,0.39913791277187516
sub-008,False,0.3178251968732804
sub-008,False,0.4222286549202333
sub-008,False,0.4266115554152005
sub-008,False,0.4102181422600061
sub-008,False,0.42508993369709847
sub-008,False,0.4273888017621664
sub-008,False,0.3836160049040364
sub-008,False,0.45619306562124584
sub-008,False,0.3582177043326174
sub-008,False,0.35422921899207604
sub-008,False,0.3966134699095831
sub-008,True,0.7312598566854004
sub-008,True,0.8949164283416046
sub-008,False,0.4315465753770874
sub-008,True,0.7477697751196308
sub-008,True,0.6385350448960422
sub-008,True,0.6312718556795184
sub-008,True,0.5378379694892045
sub-008,True,0.6715732896319012
sub-008,False,0.4288162394921734
sub-008,True,0.6587472973731598
sub-008,False,0.48816361706486683
sub-008,False,0.40233540169984233
sub-008,False,0.3781735474122318
sub-008,True,0.7105437765905859
sub-008,True,0.5791403543550357
sub-008,False,0.4225562802633912
sub-008,False,0.3820660177715469
sub-008,False,0.321299738977306
sub-008,True,0.3419666539573667
sub-008,True,0.5519173727638782
sub-008,False,0.44759903041308685
sub-008,True,0.6264075125396685
sub-008,False,0.42320934758135037
sub-008,True,0.5071725035500577
sub-008,False,0.3610667743469952
sub-008,False,0.38634479204824945
sub-008,True,0.5183965922704662
sub-008,True,0.9204790954333961
sub-008,True,0.5329533669466243
sub-008,True,0.7646719097331499
sub-008,False,0.3326483677427276
sub-008,True,0.5891348507673193
sub-008,False,0.4019131570922294
sub-008,True,0.5042433086999581
sub-008,False,0.4190399695936294
sub-008,True,0.4099542504241001
sub-008,False,0.4742506074490636
sub-008,False,0.3937694837858546
sub-008,True,0.4134394635353433
sub-008,False,0.468330702437905
sub-008,True,0.7851219200514967
sub-008,True,0.9717755884684917
sub-008,False,0.34943732278930073
sub-008,True,0.45014489090032805
sub-008,False,0.4228026815435425
sub-008,False,0.3737215770487776
sub-008,True,0.48659002889682323
sub-008,False,0.48681875165929256
sub-008,True,0.6512429314920422
sub-008,False,0.5396965623181812
sub-008,False,0.4313293226075936
sub-008,True,0.5190240378904712
sub-008,False,0.4460824383780776
sub-008,True,0.5158943023732933
sub-008,True,0.5029627237636322
sub-008,False,0.5173583542014029
sub-008,False,0.35417041747732825
sub-008,False,0.4788541550711952
sub-008,False,0.5246550507463386
sub-008,False,0.4147285241874304
sub-008,False,0.4624797660287521
sub-008,False,0.5664351670843234
sub-008,False,0.5593846195449619
sub-008,False,0.5283192358453526
sub-008,True,0.66212210337871
sub-008,True,0.9184940938166924
sub-008,True,0.9394653898476428
sub-008,False,0.6444145539383425
sub-008,True,0.45772798060943976
sub-008,False,0.3891206721167838
sub-008,True,0.32218924718708775
sub-008,False,0.3237468748881175
sub-008,False,0.47321678241278037
sub-008,False,0.43474303134065084
sub-008,False,0.3920220604490428
sub-008,True,0.5157841147013666
sub-008,True,0.5785694529310308
sub-008,False,0.45319490329463635
sub-008,False,0.5035719904214856
sub-008,False,0.5721053475768688
sub-008,False,0.6353620141196306
sub-008,False,0.5129685428473205
sub-008,True,0.5190671194628528
sub-008,True,0.8202101816142449
sub-008,True,0.5301597973565
sub-008,False,0.5102345158331137
sub-008,False,0.4934917451831483
sub-008,False,0.5444071249280542
sub-008,True,0.9339534028185436
sub-008,False,0.4345352562461728
sub-008,True,0.7826060480346712
sub-008,True,0.7003415634514181
sub-008,True,0.7383244775138581
sub-008,False,0.5681274281726807
sub-008,False,0.6178055851551101
sub-008,False,0.6409023685412413
sub-008,True,0.9599210304536399
sub-008,False,0.451446124188571
sub-008,False,0.4937938674403305
sub-008,False,0.5454924244034453
sub-008,False,0.41162237541422486
sub-008,False,0.37386135201398524
sub-008,False,0.45364168860972526
sub-008,True,0.8059624628830341
sub-008,False,0.5016473232727309
sub-008,True,0.46034733188222904
sub-008,False,0.3874118936450556
sub-008,False,0.45319907460300995
sub-008,False,0.6056251949894339
sub-008,True,0.9020475848516061
sub-008,True,0.709709501404477
sub-008,False,0.41559131983603076
sub-008,False,0.5209545785219003
sub-008,True,0.749481030199127
sub-008,False,0.46200240989968866
sub-008,True,0.5759983524976597
sub-008,False,0.3830562321969817
sub-008,False,0.4417009599488176
sub-008,False,0.4533164345679514
sub-008,True,0.8082013947383778
sub-008,True,0.7707179080763044
sub-008,False,0.5907912764866909
sub-008,False,0.3660684037388128
sub-008,True,0.39075152476974406
sub-008,False,0.6112401650208439
sub-008,True,0.9868963384556233
sub-008,True,0.8687352836419012
sub-008,False,0.43293060117622717
sub-008,False,0.42609701967074093
sub-008,False,0.4221315769257892
sub-008,False,0.42927125896017765
sub-008,False,0.5501450701809505
sub-008,True,0.7320042547263022
sub-008,True,0.9761929606777827
sub-008,False,0.5978274790427403
sub-008,False,0.39113387461568017
sub-008,False,0.5147016464274674
sub-008,False,0.6540358318802246
sub-008,True,0.705813414244613
sub-008,False,0.4326294299376931
sub-008,False,0.48147379708265
sub-008,True,0.5066660796878235
sub-008,False,0.4985537712350191
sub-008,False,0.4175685501528228
sub-008,False,0.42177130873380253
sub-008,True,0.7076515569406214
sub-008,True,0.6710281472914055
sub-008,True,0.9180659132568142
sub-008,True,0.782697473520248
sub-008,True,0.9542530751548041
sub-008,True,0.9211094225213797
sub-008,True,0.9860406448323744
sub-008,False,0.5381055559865127
sub-008,False,0.3934941855175103
sub-008,False,0.45359382303911927
sub-008,False,0.4308180904143486
sub-008,False,0.48598108136025886
sub-008,True,0.7687874868841791
sub-008,True,0.7623368006734876
sub-008,True,0.5318237948931879
sub-008,True,0.531554505066696
sub-008,False,0.39825075644578817
sub-008,False,0.4450277217878336
sub-009,False,0.27863267199827657
sub-009,False,0.26337124976702486
sub-009,False,0.2795105335634238
sub-009,False,0.2588797390833131
sub-009,True,0.28977096496757165
sub-009,False,0.2806664692474482
sub-009,False,0.25329362969421676
sub-009,False,0.3272992385548865
sub-009,True,0.25545414240875086
sub-009,False,0.3042465539488759
sub-009,False,0.3465760784222664
sub-009,False,0.2805395268833975
sub-009,False,0.2803191455761102
sub-009,False,0.31026777637207803
sub-009,False,0.2878877828303927
sub-009,True,0.2644876945763749
sub-009,True,0.4626600154133764
sub-009,True,0.2972260113494506
sub-009,True,0.32223082705959405
sub-009,False,0.3372710439178243
sub-009,False,0.28005263664483726
sub-009,False,0.25139356261577805
sub-009,True,0.2856210599278582
sub-009,True,0.24965347136849966
sub-009,False,0.29425887205488205
sub-009,True,0.3118590640584886
sub-009,False,0.26726288664072534
sub-009,False,0.30889233623414813
sub-009,True,0.37790552084595375
sub-009,False,0.3005914269204866
sub-009,False,0.319093654450651
sub-009,True,0.25232621680658673
sub-009,False,0.2403173175904333
sub-009,True,0.27267751785658784
sub-009,False,0.3281965434690348
sub-009,False,0.31345354772045353
sub-009,False,0.3654767348340036
sub-009,False,0.2410790509634389
sub-009,True,0.2509843830265669
sub-009,True,0.2674393500996489
sub-009,True,0.309206719814521
sub-009,True,0.2983279185122046
sub-009,True,0.2742047800156834
sub-009,False,0.27268181916875245
sub-009,False,0.29886107355938984
sub-009,False,0.3044511435219368
sub-009,True,0.3063926927135165
sub-009,False,0.3152376268623003
sub-009,True,0.24795728604115375
sub-009,True,0.2949777034786563
sub-009,True,0.2823520510022819
sub-009,True,0.2673101824911416
sub-009,True,0.2729362627019966
sub-009,False,0.2811859495687134
sub-009,False,0.24227005787610492
sub-009,False,0.2447135259281984
sub-009,True,0.3349153643730916
sub-009,True,0.4651267604152173
sub-009,False,0.27464750083379574
sub-009,True,0.4346258276685346
sub-009,False,0.3624899625027668
sub-009,False,0.3495872940984138
sub-009,True,0.36980957091797084
sub-009,True,0.5817061779514416
sub-009,False,0.3532546579385647
sub-009,False,0.33363140545598774
sub-009,False,0.27046101698469704
sub-009,False,0.32077157180866117
sub-009,False,0.2963189618344776
sub-009,False,0.2905912921334989
sub-009,True,0.3078712666157695
sub-009,False,0.3780945052365451
sub-009,False,0.2839139190585203
sub-009,False,0.2982832276105911
sub-009,False,0.33175368793387017
sub-009,False,0.34214618738159724
sub-009,True,0.3927596035826587
sub-009,False,0.2567360936756645
sub-009,False,0.27648806272232146
sub-009,False,0.28019671156267517
sub-009,False,0.3035101185732853
sub-009,False,0.29155574614761565
sub-009,True,0.2681031868022301
sub-009,False,0.29016557523427455
sub-009,False,0.29123638002422225
sub-009,True,0.365014851112912
sub-009,True,0.3787960536149414
sub-009,True,0.3783108077166887
sub-009,True,0.42304134291628676
sub-009,False,0.324897218044487
sub-009,True,0.25706425582072173
sub-009,True,0.33962542325919126
sub-009,True,0.3847048822114899
sub-009,False,0.27224706177599767
sub-009,False,0.28399620492331856
sub-009,False,0.3536304195297355
sub-009,True,0.4918084216257778
sub-009,False,0.32483244244567144
sub-009,False,0.2936779808536762
sub-009,True,0.2749334168927112
sub-009,True,0.2598681642701172
sub-009,True,0.2344884895035112
sub-009,True,0.31526985536610824
sub-009,False,0.3124660479678748
sub-009,True,0.40212502126548566
sub-009,True,0.288438450874933
sub-009,False,0.2998928558392815
sub-009,False,0.27416155221139543
sub-009,False,0.3279831802782078
sub-009,False,0.3126860435349668
sub-009,False,0.2512871757599654
sub-009,True,0.28562537371814195
sub-009,False,0.2594146330731536
sub-009,False,0.34237678694284013
sub-009,False,0.2962342261107913
sub-009,True,0.5966526587771812
sub-009,True,0.31198558466040344
sub-009,True,0.4340731801522368
sub-009,False,0.2521730743340822
sub-009,False,0.4278118234064804
sub-009,True,0.6104573567081304
sub-009,False,0.25415472648986726
sub-009,False,0.27224111545575214
sub-009,False,0.23873184667903757
sub-009,False,0.2296099538763547
sub-009,False,0.23783247058537174
sub-009,False,0.22964545700238279
sub-009,False,0.2294372774096833
sub-009,False,0.2349448598813944
sub-009,False,0.22363819169647148
sub-009,False,0.2510809561988813
sub-009,False,0.30320003908498483
sub-009,False,0.2930624043627149
sub-009,False,0.2829943451394418
sub-009,False,0.42988361724979435
sub-009,False,0.29355168754788313
sub-009,True,0.8134802068153952
sub-009,False,0.2720754550895507
sub-009,True,0.9999995964474794
sub-009,True,0.3615758373404365
sub-009,True,0.35437490975821695
sub-009,False,0.2954730498304202
sub-009,True,0.7654443429542892
sub-009,True,0.8892658374285544
sub-009,True,0.357329042139989
sub-009,True,0.5155220447637225
sub-009,False,0.37158257305847076
sub-009,False,0.26595301908851116
sub-009,False,0.2546483090983345
sub-009,False,0.2642168045763091
sub-009,False,0.25209117615938786
sub-009,False,0.40894455918880296
sub-009,True,0.33995656120268314
sub-009,True,0.9953074978622243
sub-009,False,0.33381079497128646
sub-009,False,0.3586496847812457
sub-009,True,0.3006871603347715
sub-009,False,0.3879411652737782
sub-009,False,0.24217945874455016
sub-009,False,0.26473499791445343
sub-009,False,0.24015984490278908
sub-009,False,0.3316715549811145
sub-009,True,0.5264233387887954
sub-009,True,0.49255144611430257
sub-009,True,0.39439661508089674
sub-009,True,0.5999546282857885
sub-009,False,0.4069476604841607
sub-009,False,0.2902851349567014
sub-009,False,0.5077918510523458
sub-009,False,0.35136107068022787
sub-009,False,0.3102397031948229
sub-009,False,0.39731246234814166
sub-009,False,0.33367514434669465
sub-009,False,0.503642894917137
sub-009,True,0.958087610097681
sub-009,False,0.2810668918220853
sub-009,False,0.27786726590998784
sub-009,False,0.4965791606377447
sub-009,False,0.3299879203665293
sub-009,False,0.38443313575585014
sub-009,False,0.31233591334068267
sub-009,False,0.3492249498493212
sub-009,False,0.3270834530344067
sub-009,False,0.3634465474024287
sub-009,False,0.3186310106930234
sub-009,False,0.45155766132249125
sub-009,False,0.2974042342575801
sub-009,False,0.31352206188481907
sub-009,False,0.28854211176307837
sub-009,False,0.2520338849770125
sub-009,False,0.2723981353512307
sub-009,False,0.24756095634757327
sub-009,True,0.3084590189821705
sub-009,False,0.2943141169437259
sub-009,False,0.2614922470830279
sub-009,False,0.2908908684066308
sub-009,True,0.6092599424197813
sub-009,False,0.35084667189866536
sub-009,False,0.3353693611971628
sub-009,True,0.5690080883667348
sub-009,False,0.49762322825866623
sub-009,False,0.31706723965808664
sub-009,False,0.3228776842751526
sub-009,False,0.3069784353746099
sub-009,False,0.29331421193960266
sub-009,False,0.23910380423096445
sub-009,False,0.28755233031020583
sub-009,True,0.2976490441409693
sub-009,False,0.3075242370713175
sub-009,False,0.2548958512447337
sub-009,False,0.44903778583967396
sub-009,False,0.31880958517080105
sub-009,False,0.3890103565315781
sub-009,False,0.37115926533008226
sub-009,False,0.24230428343485075
sub-009,True,0.33573576581012454
sub-009,False,0.28718679999399427
sub-009,False,0.30149024153862336
sub-009,True,0.6999663296367586
sub-009,True,0.5060880070860776
sub-009,False,0.3177809755115067
sub-009,True,0.4573230841958304
sub-009,False,0.34546347540535494
sub-009,True,0.5628424902182039
sub-009,False,0.4001832188440003
sub-009,False,0.3006282542100245
sub-009,False,0.2567796538819935
sub-009,False,0.28334187224737
sub-009,True,0.5330443301710286
sub-009,True,0.3566870292791802
sub-009,False,0.42959835309437083
sub-009,False,0.30926355634879926
sub-009,False,0.32223780276729136
sub-009,False,0.28705934985465315
sub-009,True,0.7244952975799844
sub-009,True,0.9998246819122745
sub-009,False,0.2609135648649469
sub-009,True,0.9999601811130333
sub-010,False,0.5788860327829427
sub-010,False,0.35566312669073924
sub-010,False,0.5644516297826668
sub-010,False,0.5441263305524583
sub-010,False,0.9146484981567256
sub-010,True,0.9950351413352526
sub-010,True,0.9398889691911925
sub-010,True,0.9889115304261851
sub-010,True,0.9289500173550727
sub-010,True,0.9852906927896241
sub-010,True,0.9782810914473616
sub-010,True,0.9999539854096027
sub-010,False,0.5859128465090754
sub-010,False,0.4971559372774543
sub-010,False,0.782491186373312
sub-010,False,0.7542005452802426
sub-010,False,0.9246331254782616
sub-010,False,0.9836633473622293
sub-010,False,0.7515581843365113
sub-010,False,0.818050707264541
sub-010,False,0.898142879462541
sub-010,True,0.9070475330744531
sub-010,False,0.6869533391878374
sub-010,False,0.6118464850581553
sub-010,False,0.539742806980743
sub-010,False,0.8839165002107866
sub-010,False,0.5745148377620327
sub-010,False,0.792141548238328
sub-010,False,0.7151079912097904
sub-010,True,0.9356327456068002
sub-010,False,0.8393958132504462
sub-010,True,0.9757983162752246
sub-010,False,0.46011011254241463
sub-010,False,0.7632486300564136
sub-010,False,0.7658598241320401
sub-010,False,0.5976135304484849
sub-010,False,0.5844833922732244
sub-010,False,0.8150133478986777
sub-010,False,0.9248265031239382
sub-010,False,0.5735036896304417
sub-010,False,0.8355571302046132
sub-010,False,0.7555539114167016
sub-010,False,0.5647795709563199
sub-010,False,0.6543818367591663
sub-010,False,0.7477810326463014
sub-010,False,0.4270501533009525
sub-010,False,0.5837000355737412
sub-010,False,0.7110669767564233
sub-010,False,0.37025535281720107
sub-010,False,0.5080486552326986
sub-010,False,0.8358466675657008
sub-010,False,0.6773589767480397
sub-010,False,0.626612072931062
sub-010,False,0.8459009140089255
sub-010,False,0.7148467593172123
sub-010,True,0.7882959187157141
sub-010,False,0.3722670329479787
sub-010,False,0.5475324227208388
sub-010,False,0.38988936056128143
sub-010,False,0.6145438150805539
sub-010,False,0.464967145728423
sub-010,False,0.6214943211623217
sub-010,False,0.9232992720204991
sub-010,False,0.7729983893279458
sub-010,False,0.838712767320785
sub-010,False,0.8101894922936294
sub-010,False,0.6817652927417861
sub-010,False,0.47170301721787805
sub-010,False,0.7796659573233473
sub-010,False,0.6895086076011905
sub-010,False,0.7512279788231734
sub-010,False,0.719426992890378
sub-010,False,0.6657536722413275
sub-010,False,0.8826135114168658
sub-010,False,0.8169386491657522
sub-010,False,0.7425570935411206
sub-010,False,0.9308599896642212
sub-010,False,0.8466231201560308
sub-010,False,0.5547915886351218
sub-010,False,0.7763040209298318
sub-010,False,0.7587507655136989
sub-010,False,0.5323977835846855
sub-010,False,0.7566157988120054
sub-010,False,0.8117748662508425
sub-010,False,0.8175016333218303
sub-010,False,0.49464338006606184
sub-010,False,0.6685760186764209
sub-010,False,0.7111756915379387
sub-010,False,0.6677648727765239
sub-010,False,0.7369724974769744
sub-010,False,0.7511061495756214
sub-010,False,0.44273236436000435
sub-010,False,0.7988133894282446
sub-010,True,0.8890446689330189
sub-010,False,0.634288306300095
sub-010,False,0.8951935334879753
sub-010,False,0.944100042243319
sub-010,False,0.8535619190800523
sub-010,False,0.6408689382841909
sub-010,False,0.9654422739207347
sub-010,False,0.5911061664304362
sub-010,False,0.7883213043909011
sub-010,False,0.8541583510098923
sub-010,False,0.7539922150219137
sub-010,False,0.5075547814005411
sub-010,False,0.7653439077945862
sub-010,False,0.9726668176416888
sub-010,False,0.3897376124512003
sub-010,False,0.9457742143519454
sub-010,False,0.6815935334857103
sub-010,False,0.6111223193324018
sub-010,False,0.48601530162658213
sub-010,False,0.5087602413407498
sub-010,False,0.9231510267541653
sub-010,True,0.9539689255092876
sub-010,True,0.9603335083757419
sub-010,False,0.40565106463195555
sub-010,False,0.41154262434407257
sub-010,False,0.4601374317814009
sub-010,True,0.6257094464090531
sub-010,False,0.5953153547234018
sub-010,False,0.474822730182257
sub-010,False,0.42238029717076503
sub-010,True,0.609181462085114
sub-010,False,0.7555795093091406
sub-010,False,0.6637120565761285
sub-010,False,0.38880468113896344
sub-010,True,0.3774597722047776
sub-010,False,0.7099754233507843
sub-010,True,0.4735546371864995
sub-010,True,0.3630423140939942
sub-010,False,0.3908035008478513
sub-010,False,0.6210470170383966
sub-010,False,0.7224969625852414
sub-010,False,0.507105272537452
sub-010,False,0.8583010428152394
sub-010,False,0.7489223063749458
sub-010,False,0.9323464267419844
sub-010,False,0.3413673619891143
sub-010,False,0.79046603590155
sub-010,False,0.9102984223426241
sub-010,False,0.8497682303018005
sub-010,False,0.7676789359036893
sub-010,True,0.9585168251262066
sub-010,True,0.9870702405468141
sub-010,True,0.7330224083131414
sub-010,True,0.910306529787091
sub-010,True,0.8990377930597128
sub-010,False,0.563310929586409
sub-010,False,0.4804653863881024
sub-010,False,0.6000013991960612
sub-010,False,0.3758312649429648
sub-010,True,0.9943476025779968
sub-010,False,0.46513539761617867
sub-010,True,0.7235123173894676
sub-010,True,0.9857599374343495
sub-010,False,0.7825992697820562
sub-010,False,0.7520098751488499
sub-010,False,0.679825824236162
sub-010,True,0.997927181517453
sub-010,False,0.875377359680278
sub-010,True,0.7283150982273205
sub-010,False,0.7491469631265228
sub-010,False,0.3051877559497714
sub-010,False,0.5322766039704
sub-010,False,0.6173484747549489
sub-010,True,0.8480129641665488
sub-010,True,0.9013321261683284
sub-010,False,0.8341331464374728
sub-010,False,0.8739536872720687
sub-010,False,0.611696076622779
sub-010,False,0.7257733394206478
sub-010,False,0.7057213057411166
sub-010,False,0.5372568524719836
sub-010,False,0.8925890784418824
sub-010,True,0.9904543247203604
sub-010,False,0.4687270860348027
sub-010,False,0.6920897029633497
sub-010,True,0.9890078942242925
sub-010,False,0.887099849261148
sub-010,False,0.9088007964216905
sub-010,False,0.5180788337561184
sub-010,False,0.9047783028573745
sub-010,False,0.807506116280435
sub-010,True,0.969053105493711
sub-010,False,0.9006915182476939
sub-010,True,0.6661837661655355
sub-010,True,0.9705705598433039
sub-010,False,0.8882796728423412
sub-010,False,0.6043188749962983
sub-010,False,0.7394871796483383
sub-010,False,0.595405759133438
sub-010,True,0.9691342296352611
sub-010,True,0.9496945439978579
sub-010,False,0.807355129407746
sub-010,False,0.7872311937852751
sub-010,False,0.8826752224071891
sub-010,True,0.7817110202562851
sub-010,False,0.915384133172047
sub-010,False,0.9540773731888538
sub-010,False,0.4830939025078974
sub-010,False,0.5925443273412693
sub-010,False,0.9252240559245062
sub-010,True,0.9743216421054248
sub-010,False,0.8523334155164295
sub-010,True,0.9139345552795607
sub-010,True,0.9993970439744511
sub-010,True,0.9999753312055703
sub-010,True,0.8452145506911167
sub-010,False,0.36470607381805187
sub-010,True,0.6291152599377272
sub-010,False,0.7840335514756549
sub-010,False,0.8893847267439753
sub-010,False,0.749693422989049
sub-010,True,0.5901821080160774
sub-010,True,0.9134407674348034
sub-010,True,0.9999888323750913
sub-010,True,0.9958923987668987
sub-010,True,0.9066172901380095
sub-010,True,0.9999960463623851
sub-010,True,0.9932188559048589
sub-010,True,0.7764671802242984
sub-010,False,0.9013345735892043
sub-010,True,0.9450293688455248
sub-010,True,0.7278484821112091
sub-010,False,0.7431269237476231
sub-010,False,0.4344651553107174
sub-010,False,0.5367127728446405
sub-010,False,0.4619517660047901
sub-010,True,0.46400486851251477
sub-010,False,0.8146945826635411
sub-010,True,0.956534865493286
sub-010,True,0.6642306486402202
sub-010,False,0.8722227458148981
sub-010,False,0.7107431241916167
sub-010,False,0.7891463802555142
sub-011,False,0.40803681976825107
sub-011,True,0.5364556538863017
sub-011,True,0.8764996418651511
sub-011,True,0.654253323908743
sub-011,False,0.4622157851762289
sub-011,False,0.4960298785888364
sub-011,False,0.34400858809021945
sub-011,False,0.4302228301372554
sub-011,False,0.4576789537568285
sub-011,False,0.34242198452353845
sub-011,True,0.5907651953502957
sub-011,False,0.3762767731982141
sub-011,False,0.4072124556612987
sub-011,True,0.679753028989483
sub-011,False,0.3814378951496379
sub-011,False,0.5412294597904036
sub-011,False,0.4802007780372226
sub-011,False,0.3933813229794337
sub-011,False,0.5631378487123896
sub-011,False,0.38991572838600086
sub-011,False,0.4976333635859075
sub-011,True,0.358820584005334
sub-011,True,0.6017087442586639
sub-011,False,0.39676751261152676
sub-011,False,0.5960425316537791
sub-011,True,0.4498167854204711
sub-011,True,0.3981144742914619
sub-011,False,0.4222608726065557
sub-011,False,0.37188399754342727
sub-011,True,0.3136799006485279
sub-011,False,0.5336601372419784
sub-011,False,0.41317615952073816
sub-011,False,0.4921532218166082
sub-011,False,0.38585876804021435
sub-011,False,0.3261760772046148
sub-011,False,0.42113923756059146
sub-011,True,0.4880466792191142
sub-011,False,0.5794478653375983
sub-011,False,0.396871786442286
sub-011,False,0.38005507272611055
sub-011,False,0.3762656365665695
sub-011,False,0.5577307334805517
sub-011,False,0.5498567425978208
sub-011,False,0.44857448643524134
sub-011,False,0.39347096436622514
sub-011,True,0.5178609511949923
sub-011,True,0.6839060053578512
sub-011,False,0.44982491630282173
sub-011,False,0.3989647508521719
sub-011,False,0.5164915383593655
sub-011,False,0.3223013381812537
sub-011,False,0.41435387461837375
sub-011,False,0.4634917257418139
sub-011,False,0.5783645293994183
sub-011,False,0.3943252518684438
sub-011,True,0.4033824162234802
sub-011,True,0.41253189043674493
sub-011,False,0.3712764600681461
sub-011,True,0.5211384588511655
sub-011,True,0.3303559213962422
sub-011,False,0.422924029614457
sub-011,False,0.4988808948203847
sub-011,False,0.3627262809498343
sub-011,True,0.39501886396890445
sub-011,False,0.5327602026271747
sub-011,True,0.6764917771140193
sub-011,False,0.5619931170016523
sub-011,False,0.32588349338367273
sub-011,True,0.3477896025363987
sub-011,False,0.3852748346667846
sub-011,True,0.624728740039408
sub-011,False,0.5334322411783722
sub-011,True,0.4457792489559315
sub-011,True,0.61571610110347
sub-011,True,0.4981328910922977
sub-011,True,0.49100896411454026
sub-011,True,0.3316270561859879
sub-011,False,0.3772878690241352
sub-011,True,0.3795548466556589
sub-011,False,0.36454409868475285
sub-011,False,0.4190257937477613
sub-011,False,0.5518506522001327
sub-011,False,0.47358731381717356
sub-011,False,0.4644405435752951
sub-011,False,0.6457984368144146
sub-011,True,0.587655251323983
sub-011,False,0.4813652050215745
sub-011,True,0.7585599553810037
sub-011,False,0.5367915916587394
sub-011,True,0.8021472867040332
sub-011,True,0.4956006264232966
sub-011,True,0.7279939163909641
sub-011,False,0.4397646883203009
sub-011,True,0.35592349843485843
sub-011,False,0.43130724769258166
sub-011,False,0.5112849403055989
sub-011,False,0.470149786904423
sub-011,True,0.384867966219511
sub-011,True,0.2939299008116949
sub-011,True,0.5888761354995105
sub-011,False,0.48273725693384006
sub-011,False,0.5224571971277711
sub-011,False,0.5169475700179701
sub-011,False,0.5359413325947031
sub-011,False,0.4104669946443307
sub-011,True,0.5464022016823077
sub-011,False,0.4450691256668728
sub-011,True,0.6520593890101212
sub-011,False,0.4641018104267308
sub-011,False,0.43113796105242497
sub-011,False,0.322937360465128
sub-011,False,0.5519854035968002
sub-011,False,0.35739091805281575
sub-011,False,0.41465502872628857
sub-011,False,0.6093882405514982
sub-011,False,0.3883162160324735
sub-011,False,0.37393255031720146
sub-011,False,0.3543242808377474
sub-011,False,0.3003632375176699
sub-011,False,0.3807065186641397
sub-011,True,0.4509347743385751
sub-011,True,0.47985630898846837
sub-011,False,0.42431898616616226
sub-011,True,0.5007081091650982
sub-011,True,0.45554974800230724
sub-011,True,0.5665478396560766
sub-011,True,0.4787036020246242
sub-011,True,0.5210215414070947
sub-011,True,0.5292806640796466
sub-011,False,0.32279633874276015
sub-011,False,0.3856139727538588
sub-011,False,0.41379092730466477
sub-011,True,0.4720125859931205
sub-011,False,0.4006346620943548
sub-011,True,0.5580238031251978
sub-011,False,0.3720661409269774
sub-011,False,0.4235689862648416
sub-011,True,0.3848635567394142
sub-011,True,0.6137610249462861
sub-011,False,0.3136938903925413
sub-011,False,0.321586413827576
sub-011,True,0.6673753320219861
sub-011,False,0.4852668150255469
sub-011,True,0.4012450430126869
sub-011,True,0.44561632615839236
sub-011,True,0.44966032576824205
sub-011,False,0.39522270893990974
sub-011,False,0.3121114065434188
sub-011,True,0.4491325500988237
sub-011,False,0.3289704954085859
sub-011,True,0.46394288631247116
sub-011,False,0.3332721776136908
sub-011,False,0.42550812509488917
sub-011,True,0.39998062363045267
sub-011,True,0.4522462404118581
sub-011,False,0.40797857774174756
sub-011,False,0.4288078746174629
sub-011,False,0.33026946776356103
sub-011,False,0.36448481739127225
sub-011,False,0.43735740608211526
sub-011,True,0.7157492301001963
sub-011,True,0.6198724021607774
sub-011,True,0.4800387029207479
sub-011,False,0.4205543612932109
sub-011,False,0.41081699152200296
sub-011,True,0.4987174229193718
sub-011,False,0.30741598443488927
sub-011,False,0.4274907395794647
sub-011,False,0.33990744306902476
sub-011,True,0.44742109787661505
sub-011,False,0.3144853433136418
sub-011,True,0.48003221790538203
sub-011,True,0.5378612147665877
sub-011,False,0.370681179861351
sub-011,False,0.47132047788876785
sub-011,False,0.3831075797576302
sub-011,True,0.44010263546900097
sub-011,False,0.4873023026253695
sub-011,False,0.3739988618163032
sub-011,False,0.3969842362475939
sub-011,False,0.33392600930826605
sub-011,False,0.3525070240430898
sub-011,False,0.3580564163438846
sub-011,True,0.6572305099375308
sub-011,False,0.4730844045992608
sub-011,False,0.39059303603310197
sub-011,True,0.538193581601595
sub-011,False,0.33050343819317196
sub-011,False,0.455427733003707
sub-011,False,0.36367521098987227
sub-011,False,0.4927777143961907
sub-011,True,0.4650974010543749
sub-011,False,0.4258260419358223
sub-011,True,0.49139434745219873
sub-011,False,0.3944298695177092
sub-011,True,0.40164809880052404
sub-011,True,0.547703405657432
sub-011,False,0.38598966825115427
sub-011,False,0.42269906604289736
sub-011,True,0.3672554397977821
sub-011,True,0.30651714381741557
sub-011,False,0.30832130294419385
sub-011,False,0.3689374680725305
sub-011,True,0.48901327888107443
sub-011,False,0.45088039278692194
sub-011,True,0.5660204002370249
sub-011,False,0.4356663547586218
sub-011,False,0.3935089331867623
sub-011,True,0.6999840033604633
sub-011,True,0.4593498406482269
sub-011,False,0.47040129888371696
sub-011,True,0.7309016501010762
sub-011,False,0.3283337738600339
sub-011,False,0.4306379622381927
sub-011,False,0.39661956818361255
sub-011,True,0.7389757449557628
sub-011,False,0.33054536645531646
sub-011,True,0.49419664299045774
sub-011,False,0.41139555872940936
sub-011,False,0.385500200435588
sub-011,False,0.31933465283400114
sub-011,False,0.3767724034300738
sub-011,False,0.36073101898314314
sub-011,False,0.3298464317223675
sub-011,True,0.56681512192653
sub-011,True,0.7885013438390711
sub-011,False,0.4107526360007466
sub-011,False,0.38970049504360205
sub-011,True,0.3967831646895363
sub-011,False,0.33210751434663094
sub-011,True,0.4121025972087809
sub-011,False,0.3702281281829629
sub-011,False,0.41669104680882074
sub-011,False,0.3964745171797401
sub-011,False,0.3605556676432743
sub-011,False,0.4051106461802941
sub-012,False,0.3550819838479987
sub-012,False,0.5192235374666204
sub-012,False,0.5546889358233948
sub-012,False,0.4158632538359885
sub-012,False,0.33746418284510865
sub-012,False,0.3523771869910317
sub-012,False,0.4681003932521232
sub-012,False,0.3421728345260713
sub-012,False,0.5007530982047679
sub-012,False,0.3988010345441486
sub-012,False,0.345800578009791
sub-012,False,0.3678928580317757
sub-012,True,0.8466812085488798
sub-012,True,0.7430519508470357
sub-012,True,0.8933683105987212
sub-012,False,0.7148446984722763
sub-012,False,0.5299142475329294
sub-012,False,0.6646361796369583
sub-012,True,0.8321969287419987
sub-012,False,0.3991314893579529
sub-012,False,0.6796507345313956
sub-012,False,0.7080695931906927
sub-012,False,0.3790346131330618
sub-012,False,0.5263716467546915
sub-012,False,0.5660342198838486
sub-012,False,0.49556513563870164
sub-012,False,0.5024953683573024
sub-012,False,0.6341794230531551
sub-012,True,0.5484419033571954
sub-012,True,0.44661526262396883
sub-012,True,0.3734623209100118
sub-012,False,0.40626672766735006
sub-012,False,0.5354780594106842
sub-012,True,0.8277503086007483
sub-012,False,0.6954409532559672
sub-012,True,0.7782444804012469
sub-012,False,0.6418499995198244
sub-012,False,0.5745738035224492
sub-012,False,0.461111410143429
sub-012,True,0.6789678134702308
sub-012,False,0.5859499441317334
sub-012,False,0.5705920418144892
sub-012,False,0.4238117929720774
sub-012,False,0.4618256549164319
sub-012,True,0.4448497157276629
sub-012,False,0.4574522946224088
sub-012,False,0.6636242240216632
sub-012,False,0.4886567359693422
sub-012,False,0.39097162913691846
sub-012,False,0.5846461360278637
sub-012,False,0.6101303272094539
sub-012,False,0.4407768257880368
sub-012,True,0.44079355340731075
sub-012,False,0.42449213839820793
sub-012,False,0.45894944956225586
sub-012,False,0.48268354135106684
sub-012,False,0.7111202848172166
sub-012,True,0.5050289969195131
sub-012,False,0.5524489106727033
sub-012,False,0.5230010019708571
sub-012,False,0.34496881374939165
sub-012,False,0.3485336395370903
sub-012,False,0.5550166522466582
sub-012,False,0.7066919987052157
sub-012,False,0.42688751188618546
sub-012,False,0.6047970158454272
sub-012,False,0.5615463680017512
sub-012,False,0.5481922733370941
sub-012,False,0.363502273867249
sub-012,False,0.3780321602714518
sub-012,False,0.6198394484418719
sub-012,False,0.36837218459220894
sub-012,False,0.5518700577137278
sub-012,False,0.34418452447633335
sub-012,False,0.4965078861169282
sub-012,False,0.47025991690165897
sub-012,False,0.49851508636855085
sub-012,True,0.5968060497055201
sub-012,True,0.9349082844474684
sub-012,True,1.0
sub-012,False,0.4407698542848358
sub-012,False,0.3216673856771641
sub-012,False,0.4240830640872516
sub-012,False,0.5129732611669721
sub-012,True,0.5703856409671708
sub-012,False,0.361856642371429
sub-012,True,0.4160827745631281
sub-012,False,0.4156667447310348
sub-012,False,0.3559765944245669
sub-012,False,0.39736847760674193
sub-012,False,0.4563411235295051
sub-012,False,0.33882654989553784
sub-012,False,0.4545330525808758
sub-012,True,0.8898725431948247
sub-012,False,0.5519574851065245
sub-012,True,0.35078880649951866
sub-012,False,0.3972338623153414
sub-012,False,0.44748908160897144
sub-012,False,0.4197824366889175
sub-012,False,0.3366020225057265
sub-012,False,0.43135015621855477
sub-012,False,0.3174668604496481
sub-012,False,0.3713766471255821
sub-012,False,0.47030214956478367
sub-012,False,0.47935944275196507
sub-012,False,0.649174911196908
sub-012,True,0.7377383098742427
sub-012,False,0.5134997776617914
sub-012,True,0.9419658024752201
sub-012,False,0.447059349123437
sub-012,False,0.3983766226686674
sub-012,True,0.3784763770357635
sub-012,True,0.836710947568177
sub-012,False,0.4136935294556704
sub-012,False,0.4726552989108697
sub-012,True,0.6788718545565721
sub-012,False,0.3723336531312988
sub-012,False,0.3539190531283621
sub-012,False,0.2970791090546857
sub-012,False,0.38138454413974454
sub-012,True,0.45236898865701336
sub-012,True,0.485030289268384
sub-012,False,0.4242942389586602
sub-012,True,0.5020491522092588
sub-012,True,0.46296835891432014
sub-012,True,0.5740621788658192
sub-012,True,0.48559858804998707
sub-012,True,0.5327946380534619
sub-012,True,0.5296564136438043
sub-012,False,0.32025726369812224
sub-012,False,0.38680929896806804
sub-012,False,0.4162765439406884
sub-012,True,0.47456871088022096
sub-012,False,0.40216630924218816
sub-012,True,0.5642507950033656
sub-012,False,0.37189475715647535
sub-012,False,0.4232699960628205
sub-012,True,0.38221571990984865
sub-012,True,0.6252486378116265
sub-012,False,0.311144055755917
sub-012,False,0.31964279827313485
sub-012,True,0.6838851579173624
sub-012,False,0.48925385126890897
sub-012,True,0.3993616806965242
sub-012,True,0.4461726909557399
sub-012,True,0.4534085016573474
sub-012,False,0.3928114702361657
sub-012,False,0.3076369285433635
sub-012,True,0.45102601431747397
sub-012,False,0.3249837214752886
sub-012,True,0.4688262728148755
sub-012,False,0.33343843601407297
sub-012,False,0.42510379522490166
sub-012,True,0.39778606303242814
sub-012,True,0.45601788844711993
sub-012,False,0.4098749324955121
sub-012,False,0.43039947004943135
sub-012,False,0.32686248329814155
sub-012,False,0.361921631262926
sub-012,False,0.4380331364325099
sub-012,True,0.7211511491518605
sub-012,True,0.625989137883679
sub-012,True,0.479224764405502
sub-012,False,0.4181398432427082
sub-012,False,0.40995987140991047
sub-012,True,0.4999100002280834
sub-012,False,0.30247078675311856
sub-012,False,0.4267434867398922
sub-012,False,0.3364721046451069
sub-012,True,0.4478481042686162
sub-012,False,0.3104103136702782
sub-012,True,0.48060706048072255
sub-012,True,0.5453855459141614
sub-012,False,0.36880746659060676
sub-012,False,0.47258485783528115
sub-012,False,0.38189662212038766
sub-012,True,0.44556967396957337
sub-012,False,0.48912380288992807
sub-012,False,0.3735255776533809
sub-012,False,0.39742982631073787
sub-012,False,0.33149585731348485
sub-012,False,0.351446253665723
sub-012,False,0.35493523304911945
sub-012,True,0.6717331802751346
sub-012,False,0.47334198884194445
sub-012,False,0.38997662997209687
sub-012,True,0.5386810536080666
sub-012,False,0.32679080132976807
sub-012,False,0.45431215643000333
sub-012,False,0.36477247256919015
sub-012,False,0.4967842666271184
sub-012,True,0.46743810839268857
sub-012,False,0.42462281903651733
sub-012,True,0.4915269347921488
sub-012,False,0.39165334254015494
sub-012,True,0.4005471200070081
sub-012,True,0.5484447334673263
sub-012,False,0.38370081007650947
sub-012,False,0.4223669766136568
sub-012,True,0.3654267482708938
sub-012,True,0.30282180624215477
sub-012,False,0.30375958088535854
sub-012,False,0.3688110694133205
sub-012,True,0.4942814140119992
sub-012,False,0.45252838313711424
sub-012,True,0.5672953706778581
sub-012,False,0.43843261617180534
sub-012,False,0.39112002060229956
sub-012,True,0.7055462065340569
sub-012,True,0.46419671085784725
sub-012,False,0.47407013849753044
sub-012,True,0.7404076697634276
sub-012,False,0.3252113289643223
sub-012,False,0.4328840311669798
sub-012,False,0.39545435789875305
sub-012,True,0.7460547203774418
sub-012,False,0.3271385990590741
sub-012,True,0.4974531037070605
sub-012,False,0.4117887842569932
sub-012,False,0.38463194096081615
sub-012,False,0.3163485510520343
sub-012,False,0.3751337409472132
sub-012,False,0.3607931535184664
sub-012,False,0.32979843567821115
sub-012,True,0.5680759709936513
sub-012,True,0.7941292243401427
sub-012,False,0.4093774618523539
sub-012,False,0.38957309261969225
sub-012,True,0.3991489880731334
sub-012,False,0.32832685062196654
sub-012,True,0.41372496564489364
sub-012,False,0.367427060985599
sub-012,False,0.41715926562497974
sub-012,False,0.39814467063843234
sub-012,False,0.3606398745389235
sub-012,False,0.40660202152430475
sub-013,True,0.6368660628942652
sub-013,True,0.8621139653949165
sub-013,False,0.41594308790992673
sub-013,False,0.3392972506671721
sub-013,True,0.4562483892544597
sub-013,True,0.40650435169125587
sub-013,False,0.3956597304184335
sub-013,True,0.39076907680048883
sub-013,False,0.3447798391850967
sub-013,False,0.4043712127898402
sub-013,True,0.3576178577199292
sub-013,True,0.41810218443428415
sub-013,True,0.41119301566050165
sub-013,True,0.36351199816362173
sub-013,False,0.30072139211711907
sub-013,False,0.3148018806584661
sub-013,False,0.3288681634405892
sub-013,False,0.2800309078014084
sub-013,False,0.3451246783484686
sub-013,False,0.33883415463244726
sub-013,False,0.40313492549301544
sub-013,False,0.3506263946030175
sub-013,False,0.3762662874739589
sub-013,False,0.3734402946956993
sub-013,False,0.3123489749213382
sub-013,False,0.3270128133027996
sub-013,False,0.3507795296404663
sub-013,False,0.293482359886106
sub-013,False,0.2629955618088961
sub-013,False,0.28707636716870966
sub-013,False,0.2663956826585367
sub-013,True,0.28758054701283625
sub-013,True,0.6409955240251196
sub-013,False,0.3642822386682221
sub-013,False,0.393861166808055
sub-013,True,0.3640019447349499
sub-013,False,0.3515882586468576
sub-013,False,0.31406519672043276
sub-013,False,0.3004185535058766
sub-013,True,0.35254009084650073
sub-013,False,0.4467242182139866
sub-013,False,0.3881028831564048
sub-013,False,0.3571481089673405
sub-013,True,0.2888352449502807
sub-013,False,0.3328351969075369
sub-013,False,0.3381188561670796
sub-013,True,0.5522537854132911
sub-013,False,0.34177628640938224
sub-013,False,0.3620464995687471
sub-013,False,0.32860833921164634
sub-013,False,0.3248226227625535
sub-013,False,0.35096597287395814
sub-013,False,0.33336914119445343
sub-013,False,0.3667306347584553
sub-013,False,0.42053088302951835
sub-013,False,0.5300153169756685
sub-013,False,0.3326968404132277
sub-013,True,0.3039754550397692
sub-013,False,0.3276826756072343
sub-013,False,0.3583243171422903
sub-013,False,0.31591805721816035
sub-013,False,0.367502554956465
sub-013,True,0.4988048031944992
sub-013,True,0.5546951858569443
sub-013,False,0.3792538990271432
sub-013,True,0.5346101740409902
sub-013,True,0.3583655746757658
sub-013,False,0.39025960614453276
sub-013,False,0.3358790147690608
sub-013,True,0.256925548615093
sub-013,False,0.38338380816051304
sub-013,True,0.505473655089303
sub-013,False,0.3045123540885978
sub-013,False,0.35743344529764115
sub-013,False,0.28865968372634937
sub-013,False,0.31475523048580095
sub-013,False,0.3063550932599905
sub-013,False,0.3023912973027698
sub-013,True,0.3179974369493255
sub-013,False,0.28142397589833223
sub-013,False,0.3353951539281755
sub-013,True,0.38326767227459463
sub-013,False,0.3673227549914942
sub-013,False,0.3322313813880439
sub-013,False,0.36027811044919344
sub-013,False,0.31709755727991396
sub-013,False,0.3732684530359381
sub-013,True,0.2848381256893828
sub-013,False,0.3088606774404995
sub-013,False,0.4064288384455616
sub-013,False,0.3468272635289606
sub-013,False,0.31899538076281614
sub-013,True,0.4409426476500603
sub-013,True,0.45923080547858813
sub-013,False,0.36206585311075856
sub-013,True,0.46960002827928193
sub-013,False,0.41488713489046386
sub-013,False,0.44266992662606686
sub-013,False,0.4765758217466895
sub-013,False,0.44021550417864386
sub-013,False,0.48504610437340917
sub-013,True,0.38938920819511114
sub-013,True,0.62615569680713
sub-013,False,0.3047548796332425
sub-013,False,0.34471203489169827
sub-013,False,0.2823835109552561
sub-013,True,0.3987301406780827
sub-013,False,0.4175837534176751
sub-013,False,0.2856745228639608
sub-013,False,0.3611006495103709
sub-013,False,0.35299889125429906
sub-013,False,0.3057469985858479
sub-013,False,0.36028173422028276
sub-013,False,0.3273490231226328
sub-013,False,0.2653622842519411
sub-013,False,0.35378264821400823
sub-013,True,0.5117202928438712
sub-013,False,0.34436490369202033
sub-013,False,0.35951703891203973
sub-013,True,0.35721060576462055
sub-013,False,0.3346800618861686
sub-013,True,0.4139013449894563
sub-013,False,0.3217965839767248
sub-013,False,0.3870141985087964
sub-013,True,0.491343429596887
sub-013,True,0.4858490518974934
sub-013,False,0.2874323425465817
sub-013,False,0.3706931304965109
sub-013,True,0.43726030264905624
sub-013,True,0.5585174131603114
sub-013,False,0.39047904902277986
sub-013,False,0.39171440243656935
sub-013,False,0.3888685997589913
sub-013,False,0.2850303441753048
sub-013,False,0.3601497300193282
sub-013,False,0.30423398355986414
sub-013,False,0.3868269318659245
sub-013,True,0.3913547226083111
sub-013,False,0.37463694782364115
sub-013,True,0.3487970220217719
sub-013,True,0.3969702517838984
sub-013,False,0.34736795396894643
sub-013,False,0.4059365427984646
sub-013,False,0.29962164258624824
sub-013,False,0.4061016018619593
sub-013,False,0.35236405123543335
sub-013,False,0.34049637452247516
sub-013,True,0.7227320734672559
sub-013,False,0.3873384516395119
sub-013,True,0.6054107454862525
sub-013,False,0.39548206249309
sub-013,True,0.3705342544803695
sub-013,False,0.2929713927028931
sub-013,True,0.38133413433709695
sub-013,True,0.5684285910067451
sub-013,True,0.6145943200340406
sub-013,False,0.3127235973001397
sub-013,False,0.31825231831514306
sub-013,True,0.6109589419984768
sub-013,True,0.500081472555564
sub-013,False,0.4312886993514118
sub-013,False,0.2971847049280332
sub-013,False,0.3370121512299529
sub-013,False,0.39588588736376085
sub-013,False,0.2894868580731544
sub-013,True,0.5916449710495022
sub-013,False,0.34297101489799947
sub-013,False,0.39144475405093404
sub-013,False,0.27134270600953697
sub-013,False,0.39746763969013643
sub-013,True,0.6466017334667038
sub-013,True,0.537638379804445
sub-013,False,0.35487249242970753
sub-013,False,0.34880929955879847
sub-013,True,0.4137688474219082
sub-013,True,0.40691823534816157
sub-013,False,0.2935526279681175
sub-013,True,0.41654518997830975
sub-013,True,0.4693217880993757
sub-013,False,0.4326630832211847
sub-013,True,0.37421370679283483
sub-013,False,0.4164621997206775
sub-013,False,0.43199537947513944
sub-013,True,0.32375721228760235
sub-013,True,0.4902694692742269
sub-013,False,0.3342665052242627
sub-013,False,0.41858002453569576
sub-013,False,0.28147093802239936
sub-013,False,0.4648783507850404
sub-013,True,0.45695722224544594
sub-013,False,0.3304940355781552
sub-013,False,0.3664545890395927
sub-013,True,0.29924681931786207
sub-013,True,0.48853335249828606
sub-013,False,0.357164595222085
sub-013,False,0.41285945955569603
sub-013,False,0.34808019334326423
sub-013,False,0.34869969249172295
sub-013,False,0.34185513352741287
sub-013,True,0.3590849335441457
sub-013,False,0.3272197836511419
sub-013,False,0.47214898788852727
sub-013,False,0.3132335477118388
sub-013,False,0.43054844244207724
sub-013,False,0.40791387478351343
sub-013,False,0.3216434649770179
sub-013,False,0.3913964337890595
sub-013,True,0.4656894854784994
sub-013,False,0.3449974718603789
sub-013,True,0.5949963964828168
sub-013,True,0.4607242836001085
sub-013,False,0.30178726240127157
sub-013,False,0.3820733922261034
sub-013,False,0.35898484568681105
sub-013,False,0.3684638318047081
sub-013,False,0.36619093812342446
sub-013,False,0.27783297491766906
sub-013,False,0.33297274428076795
sub-013,False,0.3394977641228528
sub-013,False,0.4460138616633915
sub-013,False,0.31971008344917623
sub-013,True,0.41168955905507154
sub-013,False,0.33655181944766654
sub-013,True,0.502345981323695
sub-013,False,0.41447388985275896
sub-013,False,0.32453066740659325
sub-013,True,0.44182462647763154
sub-013,False,0.364479311911703
sub-013,False,0.3675903755609555
sub-013,True,0.6714265532037494
sub-013,False,0.31455682438221144
sub-013,False,0.3642967718990323
sub-013,True,0.2805788926897551
sub-013,True,0.3147047794434529
sub-013,True,0.328258151995666
sub-013,False,0.3398500769790253
sub-014,True,0.8955584304688694
sub-014,True,0.6726779831513369
sub-014,False,0.5499739389237631
sub-014,False,0.5813551459735263
sub-014,False,0.5033100141623441
sub-014,False,0.4306604329871917
sub-014,True,0.7138939376274367
sub-014,True,0.7076956588575772
sub-014,False,0.5123075087569076
sub-014,False,0.4813018953236217
sub-014,False,0.443302563080688
sub-014,False,0.42976877530236296
sub-014,True,0.624366831490664
sub-014,True,0.7011363159815023
sub-014,False,0.4585674091892096
sub-014,True,0.6919731469636168
sub-014,False,0.6624290469629462
sub-014,True,0.41500152029774023
sub-014,False,0.5344903511646795
sub-014,False,0.5118648274217025
sub-014,False,0.49856711590199426
sub-014,False,0.4891481693866489
sub-014,True,0.461658340446577
sub-014,True,0.7866443072113509
sub-014,False,0.48637985146262946
sub-014,True,0.3697277342439429
sub-014,False,0.4465254682724177
sub-014,False,0.5734421571578661
sub-014,False,0.6501242950794391
sub-014,False,0.5822941689646789
sub-014,False,0.5792856603501315
sub-014,False,0.4230577619720848
sub-014,False,0.4815067410340486
sub-014,False,0.5416320191666882
sub-014,True,0.6199687935450453
sub-014,False,0.4954082304490949
sub-014,False,0.4310938281736007
sub-014,True,0.30668038965114314
sub-014,False,0.4028467513540958
sub-014,False,0.3772284636621752
sub-014,False,0.40751370668418574
sub-014,False,0.6283764668776358
sub-014,False,0.42354102139714883
sub-014,False,0.5050465023455825
sub-014,False,0.7701258512214484
sub-014,False,0.7153472165594817
sub-014,False,0.40534122771267084
sub-014,False,0.6020782058694809
sub-014,False,0.414856814835307
sub-014,False,0.5365094749966274
sub-014,True,0.7836965065353474
sub-014,False,0.5701756641809277
sub-014,False,0.4356902946659365
sub-014,True,0.7040926808746973
sub-014,False,0.6414341102961458
sub-014,False,0.6651311941285931
sub-014,False,0.6438249075761218
sub-014,False,0.5508825274289831
sub-014,True,0.6919344266711164
sub-014,False,0.4221051959623922
sub-014,True,0.582135497696829
sub-014,False,0.5340692938028705
sub-014,False,0.3864282178273088
sub-014,False,0.5708243239435448
sub-014,True,0.6857087774667994
sub-014,False,0.5911995669469159
sub-014,False,0.6450411210256315
sub-014,True,0.6995028696336135
sub-014,False,0.43353764209103784
sub-014,False,0.5728720242496101
sub-014,True,0.7196581733064454
sub-014,True,0.40933635975484634
sub-014,True,0.42839241912184745
sub-014,False,0.3602815710203453
sub-014,False,0.46184105612541926
sub-014,False,0.4936909337842968
sub-014,False,0.6459820112903113
sub-014,False,0.47530088651452584
sub-014,True,0.6025261104349218
sub-014,False,0.5514202213611181
sub-014,True,0.6200210157205236
sub-014,False,0.3742316048626071
sub-014,True,0.7889828251246042
sub-014,False,0.421607769263374
sub-014,False,0.44784884169374867
sub-014,False,0.4113663055258097
sub-014,False,0.5105124841404576
sub-014,False,0.49550013421618083
sub-014,False,0.5971396670150808
sub-014,False,0.5128304108462123
sub-014,False,0.525085115613909
sub-014,True,0.5742376360687338
sub-014,False,0.6590667890716775
sub-014,False,0.471781669091138
sub-014,False,0.4880872409531472
sub-014,False,0.5161842766889964
sub-014,False,0.564196241134488
sub-014,False,0.3958633446611233
sub-014,False,0.473357698458233
sub-014,False,0.41308989265877977
sub-014,False,0.4853217408586182
sub-014,False,0.37450850927126567
sub-014,False,0.4705033111356132
sub-014,True,0.6217605995209187
sub-014,False,0.5804292636491543
sub-014,False,0.49655108092857153
sub-014,False,0.5645442890363161
sub-014,False,0.642113244471553
sub-014,False,0.4567926026014777
sub-014,False,0.4741860052764684
sub-014,False,0.5687029012101932
sub-014,False,0.4586328559050558
sub-014,True,0.5555152834391281
sub-014,False,0.40973138865299796
sub-014,False,0.4052270631943868
sub-014,False,0.6463081154484857
sub-014,True,0.6652666547609304
sub-014,False,0.5677641982536059
sub-014,False,0.5035541494904561
sub-014,True,0.6440047658476008
sub-014,False,0.3838815359321833
sub-014,True,0.7104803888279283
sub-014,False,0.43209891663507577
sub-014,False,0.4859908408755424
sub-014,False,0.44082408660082656
sub-014,False,0.41623496387310027
sub-014,True,0.5594174492235195
sub-014,True,0.6254900423230967
sub-014,False,0.35945753050115925
sub-014,False,0.32365292515885974
sub-014,True,0.49733459543582365
sub-014,False,0.4241672013426769
sub-014,False,0.525851470991544
sub-014,False,0.3971533189497304
sub-014,True,0.6135195999738342
sub-014,True,0.6238222675675471
sub-014,False,0.5463234905505646
sub-014,True,0.6389745546359105
sub-014,False,0.44665066464618275
sub-014,True,0.5903783215925489
sub-014,True,0.5908783161806282
sub-014,False,0.32801711230927444
sub-014,False,0.35215434263407563
sub-014,False,0.37452237264239596
sub-014,False,0.4834604448089288
sub-014,False,0.49217247556774046
sub-014,False,0.36748774670836154
sub-014,False,0.46258830915234916
sub-014,False,0.32053192948615516
sub-014,True,0.5911046803971631
sub-014,False,0.5062242658460314
sub-014,True,0.5818411541903814
sub-014,True,0.6086086667800021
sub-014,True,0.6345222698496147
sub-014,False,0.5359526374662579
sub-014,False,0.3265157498302491
sub-014,False,0.34991320733665404
sub-014,False,0.4555056732445301
sub-014,False,0.6108036984694281
sub-014,False,0.5640356923159147
sub-014,True,0.3916335613010358
sub-014,False,0.4789255151160027
sub-014,False,0.4560502473293212
sub-014,False,0.37168330245828307
sub-014,False,0.4560867923880783
sub-014,False,0.33695009721473995
sub-014,False,0.34078808258861504
sub-014,True,0.5541843861747227
sub-014,False,0.4937900306995667
sub-014,False,0.4509985678406819
sub-014,False,0.49792132390034444
sub-014,False,0.36649238574905935
sub-014,False,0.38996153272003325
sub-014,False,0.42310949163755585
sub-014,False,0.5139461469708543
sub-014,False,0.4906007762810688
sub-014,False,0.4846203690804128
sub-014,True,0.6631121118131699
sub-014,False,0.510942336674096
sub-014,True,0.5353170435543735
sub-014,False,0.35929566534684615
sub-014,False,0.5071666555225125
sub-014,False,0.49364441112532353
sub-014,False,0.5013325779895453
sub-014,False,0.4429122743305176
sub-014,False,0.4300271057003428
sub-014,False,0.3592929858720654
sub-014,False,0.4236290938157946
sub-014,False,0.4628415336635849
sub-014,True,0.5388428956983997
sub-014,True,0.6878117335315245
sub-014,False,0.38240640118436553
sub-014,False,0.41824070840394967
sub-014,False,0.4304715601479522
sub-014,True,0.514612040966719
sub-014,True,0.5658139224433197
sub-014,False,0.44461190259568084
sub-014,False,0.357105779996276
sub-014,False,0.4386503619903884
sub-014,False,0.4241580653940057
sub-014,True,0.7868712638915235
sub-014,False,0.33810089590645637
sub-014,False,0.38920789420795215
sub-014,False,0.45552917939540954
sub-014,True,0.6457564560800501
sub-014,True,0.710305287727211
sub-014,False,0.3614371264671593
sub-014,True,0.6494058186350454
sub-014,False,0.39456367991239694
sub-014,False,0.5626830397732508
sub-014,True,0.671317831674396
sub-014,True,0.6943035459895714
sub-014,False,0.4077426644787592
sub-014,True,0.6740561397428797
sub-014,False,0.47181121619481353
sub-014,False,0.3952043650663515
sub-014,False,0.4071958837021655
sub-014,False,0.40233860973358776
sub-014,False,0.42229825318332675
sub-014,False,0.44230392357767284
sub-014,False,0.40102289731695434
sub-014,False,0.5136560682364745
sub-014,False,0.505744057454986
sub-014,False,0.559998174487311
sub-014,False,0.42723672578705946
sub-014,True,0.5987176073312417
sub-014,True,0.6347671989841828
sub-014,True,0.5291905616581055
sub-014,False,0.46540047162445425
sub-014,False,0.42024573123381065
sub-014,False,0.41316139253589523
sub-014,False,0.4628336904718274
sub-014,False,0.4503911007790739
sub-014,True,0.4611219824095278
sub-014,True,0.6271843184027448
sub-014,False,0.3761888667996184
sub-015,False,0.28203164267108394
sub-015,False,0.3410865589896948
sub-015,False,0.30587569873464904
sub-015,False,0.2650415752007133
sub-015,False,0.2876473894827575
sub-015,False,0.24991671227994655
sub-015,False,0.25328366051957146
sub-015,False,0.27513148425620904
sub-015,True,0.3661284910483064
sub-015,False,0.2635479554976671
sub-015,True,0.3140762828770431
sub-015,False,0.32949966240998235
sub-015,False,0.2865809452171413
sub-015,False,0.25854494933182715
sub-015,False,0.2906776297523311
sub-015,False,0.25594024953751593
sub-015,False,0.37508033373632144
sub-015,True,0.3747255316684238
sub-015,True,0.30475981519137785
sub-015,False,0.2724044752493178
sub-015,True,0.3759128332677221
sub-015,False,0.30802626965200053
sub-015,False,0.30608305614105813
sub-015,False,0.2554816233679035
sub-015,False,0.2864086531326285
sub-015,False,0.32065139374169715
sub-015,False,0.2459376977967675
sub-015,False,0.2814098847443146
sub-015,False,0.29271381891229314
sub-015,False,0.29490760597651433
sub-015,False,0.25839692719989443
sub-015,False,0.33015587138796254
sub-015,False,0.27326342205114124
sub-015,False,0.27803101479915987
sub-015,False,0.3524219028829312
sub-015,False,0.3136884491097317
sub-015,False,0.25575796350942237
sub-015,False,0.2921418784458301
sub-015,False,0.2687150707818441
sub-015,False,0.33858969012438106
sub-015,False,0.3051405473432555
sub-015,False,0.2398017966415362
sub-015,False,0.3241581993693173
sub-015,False,0.2839291186845666
sub-015,False,0.2776631313658709
sub-015,False,0.2971776864367136
sub-015,True,0.4071428184732347
sub-015,True,0.28487911913138947
sub-015,False,0.2520437639452587
sub-015,False,0.25151828543249344
sub-015,False,0.28357483510968223
sub-015,False,0.27753677216022465
sub-015,True,0.37073389199094386
sub-015,True,0.36259981310655953
sub-015,True,0.29446088842445167
sub-015,True,0.31420821443285935
sub-015,False,0.2891202527533504
sub-015,False,0.37195188866253626
sub-015,False,0.2896848687350377
sub-015,True,0.31310465942348503
sub-015,False,0.300228309984466
sub-015,True,0.3344126519653016
sub-015,False,0.2886784625002893
sub-015,False,0.2898957988448731
sub-015,False,0.34422644717527046
sub-015,False,0.2607032548497809
sub-015,False,0.3463552557076837
sub-015,False,0.286887409016687
sub-015,False,0.282004147714795
sub-015,False,0.26976966583550616
sub-015,False,0.2634619253895919
sub-015,True,0.28670082767806726
sub-015,False,0.2895893639629972
sub-015,False,0.27397032432550145
sub-015,False,0.32608983454948276
sub-015,False,0.3142301428066108
sub-015,False,0.2891061235701524
sub-015,False,0.26358085980938045
sub-015,False,0.27729734085338276
sub-015,False,0.3240806165194295
sub-015,False,0.28287226678776906
sub-015,False,0.25708661045560416
sub-015,False,0.2614440231986309
sub-015,True,0.36631684415937993
sub-015,False,0.2932497626081483
sub-015,False,0.304052650597066
sub-015,False,0.28171002592198346
sub-015,False,0.28838091769680557
sub-015,True,0.3940618183247576
sub-015,True,0.30027695312987596
sub-015,False,0.309490880090529
sub-015,False,0.32806600237474953
sub-015,True,0.2929160997190321
sub-015,True,0.3114115219713
sub-015,False,0.3437220654022425
sub-015,False,0.27610254236055415
sub-015,True,0.549856888487938
sub-015,False,0.2866672715190586
sub-015,True,0.3873875366952334
sub-015,True,0.2508513646405844
sub-015,False,0.2654930269243154
sub-015,False,0.3267135605900857
sub-015,False,0.2833868572260242
sub-015,False,0.3350009273199066
sub-015,False,0.262014233746097
sub-015,True,0.30339958130270367
sub-015,True,0.25490145923166535
sub-015,True,0.41680998970178385
sub-015,False,0.29284088988689816
sub-015,False,0.28551867579833656
sub-015,False,0.257772113256005
sub-015,False,0.2413820950450588
sub-015,False,0.2570255112567071
sub-015,False,0.2617782075511787
sub-015,False,0.2831035990521802
sub-015,False,0.3080005784403361
sub-015,True,0.33695981533627095
sub-015,True,0.31910982389855436
sub-015,False,0.2729304658635936
sub-015,False,0.2879672074321875
sub-015,True,0.3044278097142195
sub-015,False,0.2675225027819122
sub-015,True,0.35198001582202243
sub-015,False,0.28742819868147795
sub-015,False,0.2726975559674597
sub-015,False,0.2548773617695997
sub-015,False,0.27788048517072506
sub-015,False,0.26472547904259314
sub-015,True,0.36783732431887106
sub-015,False,0.25051945637685913
sub-015,False,0.2529287668039059
sub-015,False,0.2701755876566102
sub-015,False,0.30604829212293655
sub-015,False,0.25112236949085476
sub-015,False,0.28368775149505476
sub-015,False,0.2929159296443599
sub-015,False,0.2983524942255271
sub-015,True,0.36654561188775336
sub-015,False,0.24120984116538183
sub-015,False,0.2859315929585359
sub-015,False,0.2778952314887041
sub-015,False,0.28217909769965455
sub-015,False,0.2782514906455669
sub-015,True,0.31598460020206504
sub-015,False,0.26320246387393403
sub-015,False,0.26120324991974475
sub-015,False,0.3123899975309101
sub-015,True,0.32973690704618747
sub-015,False,0.2822046900425996
sub-015,False,0.3097873439082072
sub-015,False,0.28810785826945
sub-015,False,0.29116308760889237
sub-015,False,0.31643123031175474
sub-015,False,0.2936270905433162
sub-015,False,0.29655116009880955
sub-015,True,0.27143048862174357
sub-015,True,0.3661510768581626
sub-015,False,0.2942661265648601
sub-015,True,0.2877355015571597
sub-015,True,0.2898561555199076
sub-015,False,0.2698732984635054
sub-015,True,0.3352819214162591
sub-015,False,0.34533356754451466
sub-015,True,0.2846338436083434
sub-015,True,0.46644684167227646
sub-015,False,0.26061058728030806
sub-015,True,0.24943735469040165
sub-015,True,0.4676618526119597
sub-015,True,0.3468452815332726
sub-015,True,0.329550847244092
sub-015,True,0.3810305962000371
sub-015,False,0.3497287252393718
sub-015,True,0.42706427419555804
sub-015,True,0.3574295957312147
sub-015,False,0.3288234974621543
sub-015,True,0.4123772249594983
sub-015,False,0.23879730631746793
sub-015,False,0.29858740579640736
sub-015,True,0.30898453151155375
sub-015,False,0.2702204251598628
sub-015,False,0.28233242149445736
sub-015,False,0.2755994301500804
sub-015,True,0.3510103639366805
sub-015,True,0.36167336111549775
sub-015,True,0.47363480658609053
sub-015,False,0.2677255459430994
sub-015,False,0.2858226730769956
sub-015,False,0.2914920172562807
sub-015,True,0.3308425083190204
sub-015,False,0.3387946198668169
sub-015,True,0.31955925803014584
sub-015,True,0.36090125992553873
sub-015,False,0.29585381625319673
sub-015,False,0.29628181162233175
sub-015,False,0.29006264885244015
sub-015,False,0.2920698678014581
sub-015,False,0.2719127424546092
sub-015,False,0.262454836955581
sub-015,True,0.2797114559125261
sub-015,True,0.33020890911067474
sub-015,True,0.37045827285642974
sub-015,False,0.2832756525583933
sub-015,False,0.3129416643593467
sub-015,False,0.3053061151275542
sub-015,False,0.29260703093256757
sub-015,True,0.3747844369414589
sub-015,False,0.23051339324348333
sub-015,True,0.31075130149053676
sub-015,True,0.33167678387513305
sub-015,True,0.38437237371010763
sub-015,False,0.28287588471609304
sub-015,False,0.2665558020555981
sub-015,False,0.2640920408718608
sub-015,True,0.24589396477099204
sub-015,True,0.45052864668586
sub-015,False,0.28138681363095225
sub-015,False,0.2819498209483688
sub-015,False,0.29808786598639875
sub-015,False,0.26494051978239247
sub-015,False,0.2886925463237797
sub-015,False,0.2723015852685668
sub-015,True,0.34908277602786036
sub-015,False,0.2564352253834627
sub-015,True,0.27628909145871006
sub-015,True,0.3684523431143653
sub-015,False,0.2620554718451464
sub-015,True,0.2870529591402962
sub-015,True,0.3638198092679872
sub-015,False,0.26224465656056395
sub-015,False,0.3002359668503681
sub-015,False,0.2695521338587847
sub-015,True,0.38340025953619405
sub-015,True,0.355856603494683
sub-015,False,0.23404103766304543
sub-015,False,0.25473231916832306
sub-015,False,0.2677624791453205
sub-016,False,0.40869223900254337
sub-016,False,0.3192595401146118
sub-016,False,0.3116045921935673
sub-016,False,0.37367929401997535
sub-016,False,0.3165867196218885
sub-016,False,0.3071313762897843
sub-016,True,0.5212961565808569
sub-016,False,0.32013032856642487
sub-016,True,0.4784603089561907
sub-016,True,0.6792115610019411
sub-016,True,0.6178136719078943
sub-016,True,0.4858320190266313
sub-016,False,0.3300144915115978
sub-016,False,0.32633740312094317
sub-016,False,0.3200352859565992
sub-016,False,0.26936884030709096
sub-016,False,0.3168765739439892
sub-016,True,0.28462296000271525
sub-016,True,0.33143214637745166
sub-016,False,0.29121269468297
sub-016,False,0.3142313178192042
sub-016,False,0.33229028748211825
sub-016,False,0.2606865881735741
sub-016,False,0.3545652346557362
sub-016,False,0.3168711136836729
sub-016,True,0.40707218385412913
sub-016,True,0.24492499054331923
sub-016,False,0.30925472438157026
sub-016,False,0.4048890461360848
sub-016,False,0.3165711560755943
sub-016,True,0.4154621454154313
sub-016,True,0.3687732866836709
sub-016,True,0.2891347391757023
sub-016,True,0.2979523694133483
sub-016,True,0.6159977861348357
sub-016,True,0.4562798955340738
sub-016,True,0.44948431434416375
sub-016,False,0.2987559746356513
sub-016,False,0.26799118163999663
sub-016,False,0.2649991709235715
sub-016,False,0.2880709615108766
sub-016,False,0.3028177805524197
sub-016,True,0.2576527888746575
sub-016,False,0.33250384476713246
sub-016,True,0.45359215956419396
sub-016,False,0.29629473336414575
sub-016,False,0.31944159059099736
sub-016,True,0.30611586826719905
sub-016,False,0.4156936147301975
sub-016,True,0.34945477464912295
sub-016,True,0.4429431244882795
sub-016,False,0.38530510517535443
sub-016,False,0.363233658554526
sub-016,True,0.44586359461578073
sub-016,False,0.36657529988060605
sub-016,False,0.35737461722664526
sub-016,False,0.35111476122462554
sub-016,False,0.2804399764797346
sub-016,False,0.35255552451655225
sub-016,False,0.27613962230112593
sub-016,False,0.3468891870177444
sub-016,False,0.3150707654104746
sub-016,True,0.3649680124071598
sub-016,False,0.3328105622973784
sub-016,False,0.3752560819704625
sub-016,False,0.3276769049444632
sub-016,False,0.3078002133778042
sub-016,False,0.36070350691781106
sub-016,True,0.3757555901559541
sub-016,False,0.3117655952662482
sub-016,False,0.3685014536350967
sub-016,True,0.36445997085987536
sub-016,True,0.5243150557890569
sub-016,False,0.37448144323310856
sub-016,True,0.49759840844845576
sub-016,False,0.3541578723321244
sub-016,False,0.32152736520369085
sub-016,False,0.32540914717142866
sub-016,False,0.3661225580433306
sub-016,False,0.34325273831265535
sub-016,True,0.42314529584394434
sub-016,False,0.3413993879840906
sub-016,False,0.33826432050601424
sub-016,False,0.3472963456876941
sub-016,True,0.5080507698963834
sub-016,True,0.5234777749838182
sub-016,False,0.28436125417232616
sub-016,False,0.3337392408803309
sub-016,False,0.3183270315775327
sub-016,True,0.36116479021323344
sub-016,False,0.31072262809955964
sub-016,False,0.2658108045656179
sub-016,False,0.33556055887722097
sub-016,False,0.32896985397441875
sub-016,False,0.3565414446862722
sub-016,True,0.4731899020445683
sub-016,False,0.3286380281639998
sub-016,False,0.32937785799903574
sub-016,False,0.3110163364370768
sub-016,False,0.3303014581890705
sub-016,False,0.30747277371800374
sub-016,False,0.3179876817406604
sub-016,False,0.3047647764049821
sub-016,False,0.32853406297655185
sub-016,True,0.47438335542354004
sub-016,True,0.34808618477682424
sub-016,True,0.29554441010149524
sub-016,False,0.37809665799427467
sub-016,False,0.30713645444216875
sub-016,True,0.44887736134847683
sub-016,False,0.30706635337184124
sub-016,False,0.321698769648165
sub-016,False,0.42959648614612916
sub-016,False,0.3427767579090892
sub-016,True,0.32629321538366424
sub-016,False,0.30466108065762226
sub-016,False,0.3254486095537984
sub-016,False,0.34232147349526393
sub-016,False,0.358966221561208
sub-016,False,0.3795835314858853
sub-016,True,0.447483897135835
sub-016,True,0.40904798719532465
sub-016,False,0.3232695854920504
sub-016,False,0.3563217236978587
sub-016,True,0.3880678573330765
sub-016,False,0.31594742362164224
sub-016,False,0.33017947207151543
sub-016,False,0.36361191736765375
sub-016,False,0.31833060311929723
sub-016,False,0.32434328834074766
sub-016,False,0.2972096456337119
sub-016,False,0.4236945971100348
sub-016,True,0.461415221023439
sub-016,True,0.6039095793457234
sub-016,False,0.3684203597826378
sub-016,True,0.659944555774092
sub-016,True,0.6280228448630816
sub-016,False,0.4782563656982163
sub-016,True,0.5778368334089147
sub-016,True,0.43535975731100846
sub-016,True,0.41876573008879386
sub-016,False,0.36394356333575034
sub-016,True,0.45692336433838554
sub-016,True,0.4892423126490828
sub-016,False,0.2996943839590339
sub-016,False,0.39388308772414526
sub-016,False,0.34411975955138824
sub-016,False,0.364406583654645
sub-016,False,0.3662240645191068
sub-016,False,0.41286927217171904
sub-016,False,0.35783976888385477
sub-016,False,0.3656891802636898
sub-016,True,0.310855922599514
sub-016,True,0.2900528593233639
sub-016,False,0.46688137486895803
sub-016,True,0.36934059810502157
sub-016,False,0.3004813374512917
sub-016,True,0.41820063174447847
sub-016,True,0.4451586795476634
sub-016,False,0.38201980155582066
sub-016,False,0.2896150073135022
sub-016,True,0.37904670440084376
sub-016,False,0.45134072529224073
sub-016,True,0.5020042484632329
sub-016,False,0.3331910016402281
sub-016,True,0.5143829763259784
sub-016,False,0.42875292835255663
sub-016,True,0.4396647590016523
sub-016,True,0.33674897558309647
sub-016,True,0.44698804100474687
sub-016,False,0.47566158257241437
sub-016,False,0.4060832458569525
sub-016,False,0.32573817467463767
sub-016,False,0.3019816115502967
sub-016,False,0.41512530651974267
sub-016,False,0.31708414794460443
sub-016,False,0.3423565800579176
sub-016,True,0.5536853457687277
sub-016,False,0.39410472810403946
sub-016,False,0.3356188736689659
sub-016,False,0.393200517420062
sub-016,False,0.48586301714137203
sub-016,False,0.31851456628553587
sub-016,False,0.2969784667537552
sub-016,False,0.3887651969496788
sub-016,False,0.4043774545092551
sub-016,False,0.3590310619980033
sub-016,False,0.2821691302655472
sub-016,False,0.44203628655210303
sub-016,False,0.35830429195928815
sub-016,False,0.3949835457962159
sub-016,False,0.3969757659346972
sub-016,False,0.43631570241794776
sub-016,False,0.44302483235292234
sub-016,True,0.5503864802380047
sub-016,False,0.31855312898657534
sub-016,False,0.34026333467846986
sub-016,False,0.3554278800797474
sub-016,False,0.3178429679083324
sub-016,False,0.41766437260164596
sub-016,True,0.4664925194556893
sub-016,True,0.5749433026298735
sub-016,True,0.46629125697580276
sub-016,True,0.42554603820858733
sub-016,True,0.4836047936733216
sub-016,True,0.45711319523209976
sub-016,True,0.39375090424488435
sub-016,True,0.45074240187616516
sub-016,True,0.38275276861406754
sub-016,False,0.3903685186830088
sub-016,True,0.5818593063573011
sub-016,True,0.543460483903844
sub-016,False,0.48081204214706647
sub-016,True,0.46200528040245686
sub-016,True,0.4411697099547995
sub-016,False,0.3055936472373888
sub-016,False,0.40835213123810726
sub-016,True,0.6170337693531962
sub-016,True,0.3608734127183524
sub-016,False,0.38336225628931253
sub-016,False,0.4424222913584792
sub-016,True,0.5629182294421295
sub-016,False,0.3557258338442813
sub-016,True,0.35305701977100756
sub-016,False,0.2855566458226427
sub-016,False,0.42163627991044644
sub-016,False,0.40653696467842265
sub-016,False,0.5104323148487471
sub-016,False,0.4669041953669515
sub-016,False,0.4104847527527355
sub-016,True,0.47891182793038717
sub-016,True,0.4531751675901102
sub-016,False,0.2597769483939731
sub-016,False,0.36513336824578363
sub-016,True,0.7910235430360099
sub-016,False,0.4213521242427461
sub-017,True,0.6778107349762824
sub-017,False,0.5093997070648374
sub-017,False,0.335689757320369
sub-017,False,0.4307488157741416
sub-017,False,0.363458078421359
sub-017,False,0.37076967637731256
sub-017,False,0.4631013258866571
sub-017,True,0.4264829791392914
sub-017,False,0.3810304076721172
sub-017,True,0.27528879420817837
sub-017,False,0.3678731143403355
sub-017,True,0.7517570337313253
sub-017,False,0.33334614869697327
sub-017,True,0.397705734559264
sub-017,True,0.4857310853204013
sub-017,False,0.3740182547071723
sub-017,False,0.43749541877797543
sub-017,True,0.6965717285446417
sub-017,True,0.5524764358802758
sub-017,False,0.3595492005493256
sub-017,True,0.393423963078373
sub-017,False,0.34800218584720943
sub-017,True,0.4905633841964412
sub-017,False,0.3164182166739192
sub-017,False,0.4902610898728885
sub-017,True,0.4110769829506524
sub-017,False,0.3753893768864516
sub-017,False,0.3843411734238446
sub-017,False,0.4325968493716319
sub-017,False,0.36345340161942147
sub-017,False,0.40001315086664585
sub-017,False,0.3843021501066717
sub-017,False,0.3618272223202656
sub-017,False,0.3501399666661018
sub-017,True,0.935735291191748
sub-017,True,0.36529692936821734
sub-017,True,0.4613015236096264
sub-017,False,0.4634832641726136
sub-017,False,0.4724718868674954
sub-017,True,0.4503804417648895
sub-017,True,0.985652021737395
sub-017,True,0.44336574315216704
sub-017,False,0.38045993473401984
sub-017,False,0.31688939958597706
sub-017,False,0.29175264890439173
sub-017,False,0.34177975231489066
sub-017,False,0.3861638848203254
sub-017,False,0.323320653686289
sub-017,False,0.35223777630333153
sub-017,False,0.32506615189125393
sub-017,False,0.32775073183294784
sub-017,True,0.5506946673492148
sub-017,False,0.4054070285210987
sub-017,True,0.4076642796530251
sub-017,True,0.5271098334293743
sub-017,True,0.3426910070465617
sub-017,True,0.4105925420730737
sub-017,True,0.41798394410966055
sub-017,False,0.38275851621902235
sub-017,False,0.31603060630607677
sub-017,False,0.3275326287206641
sub-017,False,0.5089320152585272
sub-017,True,0.8760859514064772
sub-017,False,0.4270530433596502
sub-017,False,0.40149722792182685
sub-017,False,0.3493151913724394
sub-017,False,0.4226972592375815
sub-017,True,0.45676043074007033
sub-017,True,0.6651179595599788
sub-017,True,0.42027966613047524
sub-017,True,0.6348958803841144
sub-017,False,0.36248020593550045
sub-017,True,0.4115273515544955
sub-017,True,0.48268022610702277
sub-017,False,0.34702285338319694
sub-017,True,0.3793355466364824
sub-017,True,0.5432573684364154
sub-017,False,0.42375689257380034
sub-017,True,0.8780427028937867
sub-017,True,0.5310619425595711
sub-017,False,0.44197254381240003
sub-017,True,0.43158742956024987
sub-017,False,0.37810011382285713
sub-017,False,0.46220704517814193
sub-017,True,0.4780849975582998
sub-017,False,0.38475528351771576
sub-017,False,0.38312765777424934
sub-017,False,0.35276254290355474
sub-017,False,0.40311411936645464
sub-017,False,0.38770739462176873
sub-017,False,0.41026429181669427
sub-017,True,0.6353441312317133
sub-017,True,0.6365398739258795
sub-017,False,0.4482102055012548
sub-017,True,0.36253473097480293
sub-017,False,0.4095734103369602
sub-017,False,0.3397872858722517
sub-017,False,0.34607529506260015
sub-017,False,0.4527165831162764
sub-017,True,0.34363294830966495
sub-017,False,0.36974420380124895
sub-017,True,0.6187907441623494
sub-017,True,0.5983790410553707
sub-017,True,0.5965595412868746
sub-017,True,0.4780945795097704
sub-017,False,0.3420848885504356
sub-017,False,0.4053239025407128
sub-017,True,0.5884885254509353
sub-017,False,0.3634094579922404
sub-017,True,0.33494925554658717
sub-017,False,0.3902858327064285
sub-017,True,0.5714531698567534
sub-017,True,0.7250234496641226
sub-017,False,0.3346279173497434
sub-017,False,0.3621990107421363
sub-017,True,0.4341446220658522
sub-017,False,0.3561209471001819
sub-017,True,0.45984723251791015
sub-017,False,0.309858487652704
sub-017,False,0.375492063639846
sub-017,True,0.31224412390646045
sub-017,False,0.36824971957366726
sub-017,True,0.4389764565541726
sub-017,True,0.3751797743980072
sub-017,False,0.3618657692940755
sub-017,True,0.3859653304923808
sub-017,True,0.4466939635838511
sub-017,True,0.6207564182925608
sub-017,False,0.3633758836268868
sub-017,True,0.33116679858636555
sub-017,True,0.3076724621993504
sub-017,False,0.37914538192340386
sub-017,True,0.4801128667091165
sub-017,True,0.5053240709871898
sub-017,True,0.5373083470493478
sub-017,True,0.4671032357265794
sub-017,True,0.55754177253345
sub-017,True,0.6579449888491041
sub-017,False,0.4646003559784054
sub-017,False,0.41066896364009586
sub-017,True,0.7570636432865365
sub-017,False,0.37324355317619795
sub-017,False,0.4417092229766983
sub-017,True,0.4930741196700328
sub-017,True,0.48810095513278395
sub-017,False,0.33946113425981805
sub-017,False,0.39790611787387464
sub-017,True,0.550697592420617
sub-017,True,0.4516998358011999
sub-017,True,0.3540557964257927
sub-017,False,0.4202107198892555
sub-017,False,0.33196428960342494
sub-017,True,0.4045468423359761
sub-017,False,0.4002495993798169
sub-017,True,0.35427822832353895
sub-017,True,0.30699210609905014
sub-017,False,0.46563826930176105
sub-017,False,0.3925520837913776
sub-017,False,0.3759527579766784
sub-017,False,0.35827482647180736
sub-017,False,0.31713506121692425
sub-017,True,0.47852722147722826
sub-017,True,0.46593104276117164
sub-017,False,0.3196261594327529
sub-017,True,0.6109146009053746
sub-017,True,0.5444241290113615
sub-017,True,0.5325263574356508
sub-017,False,0.34854248251371167
sub-017,True,0.4961238671013339
sub-017,True,0.8258368512362599
sub-017,True,0.527619419129646
sub-017,False,0.3790654611323026
sub-017,False,0.4190153979982341
sub-017,False,0.31852710494946296
sub-017,False,0.42353355401702075
sub-017,False,0.3955736492177693
sub-017,True,0.547486645841753
sub-017,True,0.5766480600930657
sub-017,True,0.4748790275585716
sub-017,False,0.38896401319889773
sub-017,True,0.4464850743630802
sub-017,True,0.5274276627342867
sub-017,False,0.4722188429300929
sub-017,True,0.4246812936589421
sub-017,False,0.3709738856845994
sub-017,False,0.4297807397733538
sub-017,True,0.4706161252730169
sub-017,True,0.571146634993549
sub-017,True,0.46743950497413983
sub-017,True,0.46330819645421484
sub-017,True,0.4911399804094883
sub-017,False,0.3665137004390634
sub-017,True,0.6057465707078137
sub-017,True,0.6202260104443623
sub-017,True,0.530459100860575
sub-017,True,0.5440762380788986
sub-017,True,0.4278911238188438
sub-017,True,0.6090124118744269
sub-017,True,0.5374093712982155
sub-017,True,0.41389900892894216
sub-017,True,0.5205155223833989
sub-017,True,0.8587066016071289
sub-017,True,0.5510819801770014
sub-017,True,0.846829814356802
sub-017,True,0.37840132925364944
sub-017,True,0.44941651386785886
sub-017,False,0.41715461585172064
sub-017,False,0.3211749664705951
sub-017,True,0.4377112182816514
sub-017,True,0.38436227154332264
sub-017,True,0.41880191648720333
sub-017,False,0.3782921604306762
sub-017,False,0.4186990252004845
sub-017,True,0.4538799959120754
sub-017,False,0.4099378258575
sub-017,True,0.626145188023234
sub-017,True,0.40819949470329736
sub-017,True,0.4789794683885685
sub-017,True,0.5168132998108743
sub-017,True,0.4993777200910481
sub-017,True,0.6227499723578809
sub-017,False,0.4028814855601186
sub-017,True,0.6506448028023143
sub-017,False,0.3918523148210634
sub-017,False,0.3144767777008846
sub-017,True,0.565225856695029
sub-017,False,0.39823162572367293
sub-017,False,0.3751434371729399
sub-017,True,0.45555284461248774
sub-017,True,0.4688342662491187
sub-017,True,0.49489467304772183
sub-017,True,0.4042138545212433
sub-017,True,0.50290355804532
sub-017,True,0.49131742263014133
sub-017,False,0.41637706386412643
sub-017,True,0.5028042250084461
sub-018,False,0.2592411154855596
sub-018,False,0.2916988163763838
sub-018,False,0.2692698249786168
sub-018,True,0.6470668838880315
sub-018,True,0.4433258661555486
sub-018,False,0.32907289851893123
sub-018,False,0.28484124613980766
sub-018,False,0.2814501759598153
sub-018,True,0.9998163892129565
sub-018,False,0.2785433613043144
sub-018,False,0.31071531227727706
sub-018,True,0.30033002033861145
sub-018,False,0.27132020993717776
sub-018,True,0.3042069643696127
sub-018,False,0.2721778446403539
sub-018,True,0.38562617494800483
sub-018,False,0.7066023222474441
sub-018,False,0.37943733497330806
sub-018,False,0.32387987332197365
sub-018,False,0.29952290427220946
sub-018,False,0.2802249675838641
sub-018,False,0.3266798488127243
sub-018,False,0.24174965694078274
sub-018,False,0.23777134898411195
sub-018,False,0.25225962042165057
sub-018,False,0.2898876253759829
sub-018,False,0.46323843269388953
sub-018,False,0.4987805253343717
sub-018,False,0.5055210668090304
sub-018,True,0.3154121935791235
sub-018,False,0.31518127314314454
sub-018,True,0.9978826086180805
sub-018,False,0.27545113693634515
sub-018,False,0.27586468528499736
sub-018,True,0.33686357521357707
sub-018,False,0.3085184389548964
sub-018,False,0.4783894286501007
sub-018,True,0.534197596050249
sub-018,False,0.4172770486500305
sub-018,False,0.2831064309279965
sub-018,False,0.3007038122942404
sub-018,True,0.3472839337827324
sub-018,False,0.334780420967029
sub-018,False,0.39808070045555033
sub-018,True,0.9999999999999689
sub-018,True,0.23165366263266207
sub-018,False,0.26931260136404445
sub-018,False,0.4054014974664432
sub-018,False,0.3059450303593065
sub-018,False,0.3518684744260215
sub-018,False,0.33098594052085195
sub-018,True,0.3113795766780354
sub-018,True,0.3386645345201132
sub-018,False,0.3035335568606041
sub-018,True,0.3716056458609987
sub-018,False,0.2732685319426647
sub-018,False,0.317893968438371
sub-018,False,0.3169318322674339
sub-018,False,0.3395208738213665
sub-018,False,0.42669224737527917
sub-018,False,0.39162604492388486
sub-018,False,0.2778820413145804
sub-018,True,0.968619947666191
sub-018,False,0.2724373364730449
sub-018,False,0.31852430664867476
sub-018,True,0.30664321610711254
sub-018,False,0.33874861805438006
sub-018,False,0.28207496779978736
sub-018,False,0.3841808795468398
sub-018,True,0.3644222406739231
sub-018,False,0.3197552985193041
sub-018,False,0.3562857923177398
sub-018,False,0.3623277200297512
sub-018,False,0.26953727017505175
sub-018,False,0.28105110133257827
sub-018,True,0.3156672469151102
sub-018,False,0.2955323897032069
sub-018,True,0.3890558019503493
sub-018,False,0.3126401550056709
sub-018,False,0.2700571353699481
sub-018,False,0.3094727923822039
sub-018,False,0.29804889407045404
sub-018,False,0.45591841324368937
sub-018,False,0.4206136479144436
sub-018,True,0.43159135142722
sub-018,True,0.3370129927095066
sub-018,False,0.305325004139696
sub-018,False,0.3615723143275049
sub-018,False,0.32469670966824576
sub-018,True,0.470712416671758
sub-018,False,0.3225518597778947
sub-018,False,0.28329051576648917
sub-018,False,0.43614178432074885
sub-018,False,0.2693567262113712
sub-018,False,0.32874011183919066
sub-018,False,0.26857348444769974
sub-018,True,0.3033189166490715
sub-018,True,0.29995290080758935
sub-018,True,0.37940934553131195
sub-018,True,0.3288237781628963
sub-018,True,0.9745046214390491
sub-018,False,0.25090468569138064
sub-018,False,0.2672504803019006
sub-018,False,0.3107919315358689
sub-018,False,0.33763470635666737
sub-018,False,0.29325855169515214
sub-018,False,0.30519680504082775
sub-018,False,0.23015428693909926
sub-018,False,0.26765782508802294
sub-018,False,0.30414568973359474
sub-018,True,0.4914784324387726
sub-018,False,0.5730459246845567
sub-018,False,0.27758820325005407
sub-018,False,0.2736747268236564
sub-018,False,0.2760868071535872
sub-018,False,0.29655596761297726
sub-018,False,0.27429869427164183
sub-018,True,0.2587987252729131
sub-018,True,0.24692189691862507
sub-018,False,0.28757614375691193
sub-018,False,0.29915888892334075
sub-018,False,0.3540306316339732
sub-018,False,0.279565189709609
sub-018,False,0.2915064446582908
sub-018,False,0.2990325450126247
sub-018,False,0.2829265363362329
sub-018,False,0.3092222234335746
sub-018,False,0.2774559573531718
sub-018,False,0.31146853862058665
sub-018,False,0.28950656970011235
sub-018,False,0.384892770677797
sub-018,False,0.4178591313151802
sub-018,True,0.42266425042077566
sub-018,False,0.2787604984292247
sub-018,False,0.2900589208836863
sub-018,False,0.26923584247320326
sub-018,True,0.7874408377186646
sub-018,False,0.33322393343913953
sub-018,False,0.4105608974042675
sub-018,False,0.3729987857249571
sub-018,False,0.6192534671200355
sub-018,False,0.5401855901142566
sub-018,False,0.5430762344783121
sub-018,False,0.28752235807120113
sub-018,False,0.35685416370141576
sub-018,False,0.3902193269400739
sub-018,True,0.25242934353256125
sub-018,False,0.37999274191308724
sub-018,False,0.5389596023568071
sub-018,False,0.3027797503602716
sub-018,False,0.38934176562998746
sub-018,True,0.7413035216355452
sub-018,False,0.4413276635794301
sub-018,False,0.36544135159694846
sub-018,False,0.4182431354254057
sub-018,False,0.4632032776828459
sub-018,False,0.29125938589319256
sub-018,False,0.3076580714274547
sub-018,False,0.3998257571498152
sub-018,True,0.798537494143519
sub-018,False,0.2740878952679183
sub-018,False,0.33036604132759867
sub-018,False,0.25693208076418783
sub-018,False,0.3027427875600391
sub-018,False,0.33847200858410115
sub-018,False,0.38024762401966966
sub-018,False,0.553927417187656
sub-018,False,0.2905605474767223
sub-018,False,0.5315000921393185
sub-018,False,0.5526828667742415
sub-018,False,0.31829077615386236
sub-018,False,0.3773824750425019
sub-018,False,0.5114222397427194
sub-018,False,0.5986334005145239
sub-018,True,0.28888909884021413
sub-018,False,0.6855947595799249
sub-018,False,0.37403300039691745
sub-018,False,0.3880513088284906
sub-018,False,0.3638132462180045
sub-018,False,0.3067921049233737
sub-018,False,0.3205485690316843
sub-018,False,0.5629214073264062
sub-018,False,0.5339122443928318
sub-018,True,0.29842991059140406
sub-018,False,0.34917200027545964
sub-018,False,0.3787808454472709
sub-018,False,0.3649014236957696
sub-018,False,0.3701077972539957
sub-018,False,0.379892461311336
sub-018,False,0.27168137629044836
sub-018,False,0.30160435263515883
sub-018,False,0.4158491916261341
sub-018,False,0.5803609873045206
sub-018,False,0.39282123717443596
sub-018,False,0.6105061791728735
sub-018,False,0.4159755707449321
sub-018,True,0.2898459045905677
sub-018,False,0.26952504894731905
sub-018,False,0.29544028949802004
sub-018,False,0.34618168962097945
sub-018,False,0.30704762546754333
sub-018,False,0.34271892031853823
sub-018,False,0.5725230576517136
sub-018,False,0.6357242635664189
sub-018,True,0.8297946314021422
sub-018,False,0.4190708894616602
sub-018,False,0.5338787616385527
sub-018,False,0.46495006957195145
sub-018,False,0.41203027879122606
sub-018,False,0.39476348111403897
sub-018,False,0.5048080929456731
sub-018,False,0.34860782055839634
sub-018,True,0.283869614430496
sub-018,False,0.3183077076041876
sub-018,False,0.32070402007039933
sub-018,False,0.34333229311492547
sub-018,False,0.30771480716267224
sub-018,True,0.2741654644658429
sub-018,False,0.2629779649130181
sub-018,False,0.33232976671974473
sub-018,True,0.7895032319204717
sub-018,False,0.34494805599944844
sub-018,False,0.25910108586980646
sub-018,False,0.2707701076878783
sub-018,False,0.4286144021986784
sub-018,False,0.33350729497256254
sub-018,False,0.3144232947452577
sub-018,True,0.9263646823209345
sub-018,False,0.34255902479971007
sub-018,True,0.2695471637975909
sub-018,False,0.35776172441673765
sub-018,False,0.3538211952091825
sub-018,False,0.4516970558488563
sub-018,False,0.31566193402597115
sub-018,False,0.5158363639444145
sub-018,False,0.41318749663473003
sub-019,False,0.8669618657093142
sub-019,False,0.9805876890230066
sub-019,False,0.860940057232922
sub-019,False,0.994077749030755
sub-019,False,0.8959747967930712
sub-019,False,0.9781094870486939
sub-019,True,0.9337144684640629
sub-019,False,0.9944635461746275
sub-019,False,0.9916251352314754
sub-019,True,0.9803259487693802
sub-019,True,0.9991918668754556
sub-019,False,0.9865451606997885
sub-019,False,0.9682785314627192
sub-019,False,0.9558021361839668
sub-019,False,0.7583250144198589
sub-019,False,0.8471577115771962
sub-019,False,0.9522378471951994
sub-019,True,0.9677346906691131
sub-019,False,0.7737962813582003
sub-019,False,0.9802332789632168
sub-019,False,0.9123921238030385
sub-019,False,0.8292768005965802
sub-019,False,0.8652696461833677
sub-019,False,0.6443735929036299
sub-019,False,0.8808913936400669
sub-019,False,0.6492871108400005
sub-019,False,0.9547630595119074
sub-019,False,0.95115446814626
sub-019,False,0.854700374379598
sub-019,False,0.7965723153023055
sub-019,False,0.5083190975468505
sub-019,False,0.9144241091520288
sub-019,False,0.7793620663682623
sub-019,False,0.7362881072236057
sub-019,False,0.9659743437031313
sub-019,False,0.990540641555469
sub-019,False,0.6112646810877089
sub-019,False,0.6825433489667222
sub-019,False,0.618048073260902
sub-019,False,0.6340824986249045
sub-019,False,0.889865970367867
sub-019,False,0.7295613662243788
sub-019,False,0.6776197855994851
sub-019,False,0.8684747097921726
sub-019,False,0.7577063880360373
sub-019,False,0.8260341278743363
sub-019,False,0.6338270383708213
sub-019,False,0.9329972489133921
sub-019,False,0.9800789097127198
sub-019,False,0.6129765085505352
sub-019,False,0.9317470612303479
sub-019,False,0.9179967855569932
sub-019,False,0.7834584549801692
sub-019,False,0.8879607829842685
sub-019,False,0.8710247805020948
sub-019,False,0.81742447354083
sub-019,False,0.8770414910007662
sub-019,False,0.8789073316873043
sub-019,False,0.5453095899831841
sub-019,False,0.9265475762230861
sub-019,False,0.5550809018817983
sub-019,False,0.7693815066310026
sub-019,False,0.7977132135806726
sub-019,False,0.6094432866682811
sub-019,False,0.5303776672322392
sub-019,False,0.7660696516016586
sub-019,False,0.7764733564618739
sub-019,False,0.48876221590052715
sub-019,False,0.9190740069147452
sub-019,False,0.5751681112347848
sub-019,False,0.5371447214003646
sub-019,False,0.6302849375742213
sub-019,False,0.326974463724103
sub-019,False,0.34953726117736883
sub-019,False,0.5850400704936883
sub-019,False,0.6061026080500114
sub-019,False,0.6003910843096962
sub-019,False,0.6352644768924173
sub-019,False,0.49585791351165426
sub-019,False,0.7981446475051897
sub-019,False,0.7077514340161474
sub-019,False,0.6518646379101284
sub-019,False,0.7703171607757109
sub-019,False,0.5074300289391023
sub-019,False,0.7082203923711373
sub-019,False,0.5306678601451276
sub-019,True,0.5034784422194625
sub-019,False,0.687202841502362
sub-019,False,0.6066105196979942
sub-019,True,0.42342253161103005
sub-019,False,0.5831644774522746
sub-019,False,0.5358215013037121
sub-019,False,0.5420720465069604
sub-019,False,0.5140147559013417
sub-019,False,0.5508857129274504
sub-019,True,0.6031507557830852
sub-019,False,0.4544575762877567
sub-019,False,0.6622176533063145
sub-019,False,0.7905160382088879
sub-019,False,0.5354755764739755
sub-019,False,0.46120785393230834
sub-019,False,0.7253385156609043
sub-019,False,0.47821657166922427
sub-019,False,0.38613957077791466
sub-019,False,0.8372541764295522
sub-019,True,0.748976926769978
sub-019,True,0.4538967556336498
sub-019,False,0.5882824601162625
sub-019,False,0.4940006362019266
sub-019,False,0.6578500795999722
sub-019,True,0.4488853985772329
sub-019,True,0.5168621231038176
sub-019,False,0.6435358104422525
sub-019,False,0.5104139093585356
sub-019,False,0.6505809251244243
sub-019,False,0.4242906863665615
sub-019,False,0.9174023421057339
sub-019,True,0.9776129051362721
sub-019,False,0.9500733297248194
sub-019,False,0.7395872614787585
sub-019,True,0.9837626155105736
sub-019,True,0.9932515553511406
sub-019,False,0.9865212943160323
sub-019,True,0.9418106335080472
sub-019,True,0.9974282316713001
sub-019,True,0.9927858811936071
sub-019,True,0.9151835325289714
sub-019,True,0.9934930860399591
sub-019,False,0.569665659888575
sub-019,True,0.999856814496175
sub-019,True,0.9978578062724917
sub-019,False,0.9631887662178026
sub-019,False,0.9346603868207967
sub-019,False,0.9319237756306444
sub-019,True,0.9532114864359074
sub-019,False,0.9850781843277178
sub-019,True,0.9915239631717072
sub-019,True,0.9999801405395431
sub-019,False,0.8010309107352417
sub-019,True,0.9449245061235328
sub-019,False,0.8993194398334243
sub-019,True,0.9817194914282807
sub-019,True,0.9274884748230664
sub-019,False,0.9534091398344455
sub-019,True,0.9596930288111954
sub-019,False,0.958464091758752
sub-019,True,0.9801319907971554
sub-019,False,0.9408889941823022
sub-019,True,0.9549812552153563
sub-019,True,0.9545331766383838
sub-019,True,0.9499810492872073
sub-019,False,0.814109932436288
sub-019,True,0.9995320566708522
sub-019,True,0.9785796538532628
sub-019,True,0.9641556687593901
sub-019,True,0.9669569897559317
sub-019,True,0.9938447443454907
sub-019,False,0.9556833385447663
sub-019,False,0.9705230964548399
sub-019,False,0.9476306692487525
sub-019,True,0.9787858284502392
sub-019,False,0.9529597823663669
sub-019,False,0.815614248916302
sub-019,False,0.9136519215124235
sub-019,True,0.9946978887902838
sub-019,False,0.7432732214452215
sub-019,False,0.6586465577381577
sub-019,True,0.9785977657899638
sub-019,True,0.9963029203880116
sub-019,False,0.8915082108185102
sub-019,False,0.8220514543541555
sub-019,True,0.9957192836884861
sub-019,True,0.9993118670999415
sub-019,False,0.9383615076458399
sub-019,True,0.9901270613306363
sub-019,True,0.96187981622812
sub-019,False,0.7120153067021976
sub-019,False,0.5574633476251206
sub-019,False,0.6184395947447693
sub-019,False,0.6072197892534006
sub-019,False,0.3791981439440289
sub-019,False,0.6970214561087711
sub-019,False,0.45394266430153624
sub-019,False,0.44712749948979935
sub-019,False,0.42859863723060154
sub-019,False,0.5113433256136279
sub-019,False,0.415821027444998
sub-019,False,0.32339167101909705
sub-019,False,0.4118109968796851
sub-019,False,0.6995296989371074
sub-019,False,0.6279634748613914
sub-019,False,0.5069634547638998
sub-019,False,0.660027915660311
sub-019,False,0.49759660855309606
sub-019,False,0.6699139628677881
sub-019,False,0.5507064692210206
sub-019,False,0.3783928197423964
sub-019,False,0.6043707874134233
sub-019,False,0.4848838880782829
sub-019,False,0.7639019947486683
sub-019,True,0.7023899149885948
sub-019,False,0.5331191629159574
sub-019,False,0.5304199548297599
sub-019,False,0.5943928071373769
sub-019,False,0.47101114447988096
sub-019,True,0.8576685020022355
sub-019,True,0.6431854790829628
sub-019,True,0.5858501991181297
sub-019,False,0.30530532564666674
sub-019,False,0.5259289680521743
sub-019,True,0.8854752349081961
sub-019,False,0.8158156472503207
sub-019,False,0.4562742801362874
sub-019,False,0.5150754251784134
sub-019,True,0.9212704337607556
sub-019,True,0.6913650835050553
sub-019,False,0.8310040789691981
sub-019,False,0.344335039824267
sub-019,False,0.457398455592355
sub-019,False,0.6200826366045804
sub-019,False,0.6762922092310081
sub-019,False,0.38987990757326213
sub-019,False,0.7257038917815167
sub-019,False,0.5405164685413267
sub-019,False,0.39669635980834606
sub-019,False,0.707990477400179
sub-019,False,0.4051919714380187
sub-019,False,0.5239508054626525
sub-019,False,0.645750535335147
sub-019,True,0.8203811812486306
sub-019,False,0.5721760586630711
sub-019,False,0.5208036011840482
sub-019,True,0.7046583041881551
sub-019,False,0.5891828118207625
sub-019,False,0.3181912711759983
sub-019,False,0.47167782052554436
sub-020,False,0.31895908632387926
sub-020,False,0.41503956182316964
sub-020,False,0.3534800981445919
sub-020,False,0.5610836677998862
sub-020,False,0.4997820524957689
sub-020,False,0.4761636755942928
sub-020,False,0.3445656702897164
sub-020,False,0.3577873315714324
sub-020,False,0.510375048829902
sub-020,False,0.319914260894614
sub-020,False,0.42478567016288665
sub-020,False,0.5160253036518911
sub-020,False,0.5731945630488674
sub-020,False,0.4768932395844598
sub-020,False,0.5587452750311404
sub-020,False,0.43089624472298665
sub-020,True,0.7466030219374494
sub-020,False,0.6078429154224851
sub-020,False,0.6031883936642264
sub-020,False,0.6239493542915615
sub-020,False,0.5340709954921173
sub-020,True,0.7733534205024221
sub-020,False,0.4219028502876946
sub-020,True,0.656263742636146
sub-020,False,0.46677382340185875
sub-020,True,0.3708070656833291
sub-020,False,0.508250382803838
sub-020,True,0.6763679417991888
sub-020,True,0.5356747034575909
sub-020,False,0.3923201249400004
sub-020,False,0.35830980094038684
sub-020,False,0.47731432479206715
sub-020,False,0.4780033148442343
sub-020,False,0.40579780612386734
sub-020,False,0.6354701269367671
sub-020,False,0.5011076475344759
sub-020,True,0.6900552525642131
sub-020,False,0.4693057122635145
sub-020,False,0.5825211808856177
sub-020,False,0.40746775907242444
sub-020,False,0.3351504912570577
sub-020,False,0.6038666151724856
sub-020,False,0.5656909333921004
sub-020,False,0.45790817480221513
sub-020,False,0.43629072017566817
sub-020,True,0.6737906470026823
sub-020,False,0.4751676885668602
sub-020,False,0.5611347270533618
sub-020,False,0.4896546463400399
sub-020,False,0.5876881737185573
sub-020,False,0.49795607216976157
sub-020,True,0.781664594115769
sub-020,False,0.33004135912317883
sub-020,True,0.8122096611112184
sub-020,True,0.9358123614290559
sub-020,False,0.493013538230973
sub-020,False,0.38770147443129616
sub-020,False,0.6340177163028741
sub-020,False,0.5805478175090275
sub-020,False,0.5656549036815663
sub-020,True,0.517192710140221
sub-020,False,0.544783459970621
sub-020,False,0.33587539487566137
sub-020,False,0.5151666531084976
sub-020,False,0.5220965467176001
sub-020,True,0.6519553301680502
sub-020,False,0.41948687835487586
sub-020,False,0.5670120410342494
sub-020,True,0.44976245061836495
sub-020,False,0.38324437323929134
sub-020,False,0.3755589123963355
sub-020,True,0.8418743686277491
sub-020,False,0.4653328907597884
sub-020,False,0.4273337000914781
sub-020,False,0.33489292338568716
sub-020,False,0.5127589789638398
sub-020,False,0.45043562616998295
sub-020,False,0.4917759213126255
sub-020,False,0.4258579346463994
sub-020,False,0.3686463688978868
sub-020,False,0.3243526880123773
sub-020,True,0.4825833933178517
sub-020,False,0.5713095061469784
sub-020,False,0.6423500625828888
sub-020,False,0.6728001205728277
sub-020,False,0.6317532748316248
sub-020,True,0.7048743158621842
sub-020,False,0.3757497135875764
sub-020,False,0.44723982979498317
sub-020,True,0.8365758427213152
sub-020,True,0.8990630969180312
sub-020,False,0.41693871225814677
sub-020,False,0.5839856039786974
sub-020,False,0.4075594409124777
sub-020,False,0.44566504064877843
sub-020,False,0.34233040091556277
sub-020,False,0.4730591362936002
sub-020,False,0.312047746037809
sub-020,False,0.2794289118410912
sub-020,False,0.38119216096287506
sub-020,True,0.6508160879093355
sub-020,True,0.7709887472161143
sub-020,False,0.6205230786784817
sub-020,True,0.4336476298396899
sub-020,True,0.6442475881871723
sub-020,True,0.337850111350478
sub-020,False,0.5175432149804464
sub-020,False,0.6248578819550903
sub-020,False,0.4440889466442888
sub-020,True,0.5192798736203572
sub-020,False,0.5071251525808405
sub-020,True,0.46554300802877424
sub-020,False,0.4949673818348222
sub-020,True,0.7426679605085214
sub-020,False,0.37125736185013536
sub-020,False,0.4333335401732482
sub-020,False,0.5348333695462685
sub-020,True,0.7780382041739592
sub-020,False,0.594560028716313
sub-020,False,0.540123247491774
sub-020,False,0.49564384863773164
sub-020,False,0.4392537333975423
sub-020,False,0.3661756954871592
sub-020,True,0.7512787079080046
sub-020,False,0.39822375552641526
sub-020,True,0.3758896777201709
sub-020,False,0.4913254233873958
sub-020,False,0.6147801636923615
sub-020,True,0.48699392706029926
sub-020,False,0.35587387160398953
sub-020,False,0.7049583259669759
sub-020,False,0.42384368163270153
sub-020,False,0.5361593604424737
sub-020,True,0.6342760224805368
sub-020,True,0.977856623082595
sub-020,True,0.47677293365723794
sub-020,True,0.7311649216753722
sub-020,True,0.434255522894878
sub-020,False,0.4218976136425962
sub-020,True,0.3774213691008205
sub-020,True,0.4775035576769681
sub-020,False,0.6896957773456894
sub-020,False,0.374682878936111
sub-020,False,0.4458337973507502
sub-020,True,0.623563145713861
sub-020,False,0.35235257099257555
sub-020,False,0.5668090645923313
sub-020,True,0.7489104895184594
sub-020,False,0.6365534185759908
sub-020,False,0.41928365079399205
sub-020,False,0.5884453428410632
sub-020,True,0.47930436392405446
sub-020,False,0.7006044177061016
sub-020,True,0.41580800505632376
sub-020,False,0.5519863489871899
sub-020,False,0.40877620970054435
sub-020,False,0.7087284289607102
sub-020,False,0.4042903454296366
sub-020,False,0.5328212830461332
sub-020,True,0.514524335321888
sub-020,False,0.5037761683998361
sub-020,False,0.49795557887967007
sub-020,False,0.6538992711407574
sub-020,False,0.648248006003448
sub-020,False,0.722004410499323
sub-020,True,0.7964834490332131
sub-020,False,0.6002791064339663
sub-020,False,0.7199544494925311
sub-020,True,0.810748896980869
sub-020,True,0.6469689294596822
sub-020,False,0.5614025821600966
sub-020,True,0.5420261396054654
sub-020,False,0.4131815821762736
sub-020,True,0.5310111054785834
sub-020,False,0.3849894741369146
sub-020,True,0.843164775086535
sub-020,False,0.33792816403299564
sub-020,False,0.4637095367905979
sub-020,False,0.5549559065135012
sub-020,False,0.5633819100361201
sub-020,False,0.506986350468
sub-020,False,0.44220815636035443
sub-020,True,0.5148884250756769
sub-020,True,0.6140961288163532
sub-020,True,0.48610893052233073
sub-020,True,0.29810270427170765
sub-020,False,0.38049598227504544
sub-020,False,0.5991097115132282
sub-020,False,0.4488518628536321
sub-020,False,0.5678562667400883
sub-020,False,0.5705161809009389
sub-020,False,0.60501985253985
sub-020,False,0.32840393209127045
sub-020,False,0.4482573904599303
sub-020,True,0.4396828090479383
sub-020,False,0.5912439667581479
sub-020,True,0.5977478085493163
sub-020,False,0.6443502308798789
sub-020,False,0.6498973778474533
sub-020,False,0.48559194326913147
sub-020,False,0.3569600165945388
sub-020,False,0.6024873890399545
sub-020,False,0.5626827124262522
sub-020,False,0.6505607681612737
sub-020,True,0.41200134659068116
sub-020,False,0.5369405853052623
sub-020,False,0.3752869117230855
sub-020,False,0.4576297039454147
sub-020,True,0.46566597398248744
sub-020,False,0.5661379709599972
sub-020,False,0.40181410900366477
sub-020,True,0.3520862664405935
sub-020,False,0.5870874943224479
sub-020,True,0.5775381520727958
sub-020,False,0.3656046667312185
sub-020,True,0.7078836081206259
sub-020,True,0.6559364853530801
sub-020,False,0.6351303463973584
sub-020,False,0.4286525264535126
sub-020,True,0.5307518594145114
sub-020,False,0.5183401126425141
sub-020,False,0.5533657665684658
sub-020,True,0.9081462100314649
sub-020,False,0.41901092696686065
sub-020,True,0.5439756025068564
sub-020,True,0.562750249433211
sub-020,True,0.5985124480704341
sub-020,False,0.5520015718052093
sub-020,True,0.5880711706421292
sub-020,False,0.44489390487559566
sub-020,False,0.4603953673867853
sub-020,False,0.5313866871273487
sub-020,True,0.5387521741266096
sub-020,True,0.7316231920145967
sub-020,False,0.3931836728687179
sub-020,False,0.49510186694088226
sub-020,True,0.8527290030215389
sub-020,True,0.591872851630387
sub-020,True,0.6208767874338385
sub-020,False,0.5063727231782337
sub-021,False,0.4973181723188835
sub-021,False,0.43789722997050784
sub-021,False,0.416553700773371
sub-021,False,0.47559269524710873
sub-021,False,0.4340288738295044
sub-021,False,0.5083522967730709
sub-021,False,0.408683767025774
sub-021,False,0.3862427469856324
sub-021,False,0.4703933878579788
sub-021,False,0.4819762156110682
sub-021,False,0.48621339275670133
sub-021,False,0.5330880526915076
sub-021,False,0.5876383275764491
sub-021,False,0.6654465208909972
sub-021,False,0.4482719498859674
sub-021,False,0.6368132599215215
sub-021,False,0.4422285611914029
sub-021,False,0.6188939963343748
sub-021,False,0.5398543040455756
sub-021,False,0.37980241077627813
sub-021,False,0.6733857966456062
sub-021,False,0.595573193059462
sub-021,True,0.6989485404493897
sub-021,True,0.3975959005272002
sub-021,False,0.40145104500137696
sub-021,False,0.5402856556420074
sub-021,False,0.41927503911498454
sub-021,False,0.532536042085883
sub-021,False,0.4653423444598711
sub-021,False,0.5813132433983098
sub-021,False,0.4282640994869732
sub-021,False,0.5067368168763958
sub-021,False,0.5156200701488732
sub-021,False,0.6087327718806961
sub-021,True,0.7420044170261844
sub-021,False,0.36817270080104136
sub-021,True,0.33918404497814736
sub-021,False,0.32756676308750104
sub-021,False,0.6028040013877809
sub-021,True,0.6454112460044942
sub-021,False,0.5756654161976181
sub-021,False,0.714571991109011
sub-021,False,0.47004118480044743
sub-021,False,0.43872760212909684
sub-021,False,0.5143649750179948
sub-021,False,0.4282016002228691
sub-021,False,0.4442244066008609
sub-021,False,0.5493957077503621
sub-021,False,0.49626297351318294
sub-021,False,0.5650806275274389
sub-021,True,0.3414065551491656
sub-021,False,0.37270105558895306
sub-021,False,0.4184852857255015
sub-021,True,0.4151525376677041
sub-021,True,0.48237832933151886
sub-021,False,0.5806475363219255
sub-021,False,0.49063212764869507
sub-021,False,0.5033388552265767
sub-021,False,0.34072367196983977
sub-021,True,0.39341593536140357
sub-021,True,0.8384952304803811
sub-021,False,0.5900237031021489
sub-021,True,0.3286802083028869
sub-021,True,0.5765201825909223
sub-021,False,0.5174301243750189
sub-021,False,0.4107976418057183
sub-021,True,0.5566401941706066
sub-021,True,0.881340077914917
sub-021,True,0.8953865079830015
sub-021,False,0.6033215640327598
sub-021,False,0.5762963770639481
sub-021,False,0.5034156210385679
sub-021,True,0.5709450012423735
sub-021,False,0.6144588400727974
sub-021,False,0.3926557369665428
sub-021,False,0.40658430706451865
sub-021,False,0.42333046013588704
sub-021,False,0.32228889336694533
sub-021,False,0.6077264413379814
sub-021,False,0.41224803600719834
sub-021,False,0.45139068319763626
sub-021,False,0.35780598367924943
sub-021,False,0.4682644249435108
sub-021,False,0.4756184099329285
sub-021,False,0.5692052872639711
sub-021,False,0.57382244591336
sub-021,True,0.7703313021690851
sub-021,False,0.5990564904178844
sub-021,False,0.3783878684128506
sub-021,False,0.4643155569911983
sub-021,True,0.674517032720927
sub-021,True,0.40159321980146456
sub-021,False,0.3733155816476258
sub-021,False,0.4822708149027431
sub-021,False,0.38497086633077454
sub-021,True,0.5695338895479448
sub-021,False,0.45826152330123904
sub-021,True,0.34723118563775873
sub-021,False,0.3961293338379257
sub-021,False,0.4513553158505346
sub-021,False,0.4555415406057144
sub-021,False,0.4606443311948834
sub-021,False,0.3123668257337367
sub-021,False,0.42053308320486116
sub-021,True,0.7137372213305578
sub-021,True,0.8174913840640351
sub-021,False,0.36202734134950043
sub-021,True,0.8519064681605811
sub-021,True,0.3280181329475443
sub-021,True,0.4163710607756083
sub-021,False,0.30360172132117064
sub-021,False,0.36220907376011746
sub-021,False,0.5023197000681329
sub-021,False,0.5184537756822707
sub-021,True,0.33552945849390603
sub-021,False,0.48742628422319156
sub-021,False,0.3509904705049229
sub-021,False,0.4471075217390735
sub-021,False,0.4097863404833546
sub-021,True,0.4644443544438383
sub-021,False,0.31643628666736734
sub-021,False,0.27679247392654266
sub-021,False,0.288697955263787
sub-021,False,0.3341307570358493
sub-021,False,0.31886908630068433
sub-021,False,0.36023522748991416
sub-021,False,0.3193575852581542
sub-021,False,0.4053048200474831
sub-021,False,0.4264090188761862
sub-021,False,0.4443680991683139
sub-021,False,0.4178475431803067
sub-021,False,0.37244039737162354
sub-021,False,0.36872645006310867
sub-021,False,0.5393959486135523
sub-021,False,0.32735601449395096
sub-021,False,0.3651341626137912
sub-021,False,0.5400486127886103
sub-021,False,0.39809086657789877
sub-021,False,0.36354426214604096
sub-021,False,0.3007109139610472
sub-021,False,0.4490844552838156
sub-021,False,0.43462469917083757
sub-021,False,0.3311726446317737
sub-021,False,0.4187419685415464
sub-021,False,0.3631884652376099
sub-021,False,0.358325834345402
sub-021,False,0.30661074468689475
sub-021,False,0.319403061441157
sub-021,False,0.4211022312280609
sub-021,False,0.3813041380271382
sub-021,False,0.402227579235167
sub-021,False,0.41960917340576603
sub-021,False,0.42794112634240317
sub-021,False,0.33923295375803364
sub-021,False,0.388452316914485
sub-021,False,0.33253338586061587
sub-021,False,0.4845625414695174
sub-021,False,0.30346446462858734
sub-021,False,0.4639212048232587
sub-021,False,0.3847542808819057
sub-021,False,0.409923410134586
sub-021,False,0.5236167045043967
sub-021,False,0.46132619415654436
sub-021,False,0.3956991522571513
sub-021,False,0.42100079576824284
sub-021,False,0.36650983892286204
sub-021,False,0.30460451007569594
sub-021,False,0.33973099197537515
sub-021,False,0.413876827668147
sub-021,True,0.5585358020490809
sub-021,False,0.43162179955639035
sub-021,True,0.6666418753060368
sub-021,True,0.6303816813311255
sub-021,False,0.4386812239173096
sub-021,True,0.9341667952675392
sub-021,False,0.62622624040047
sub-021,False,0.4686435000750667
sub-021,False,0.49876089756499037
sub-021,False,0.4910681478175974
sub-021,False,0.41142489521734793
sub-021,False,0.4088918919285103
sub-021,False,0.41702224786274217
sub-021,False,0.31557168600213237
sub-021,False,0.40259386215372683
sub-021,False,0.39984138164882294
sub-021,False,0.340701730601544
sub-021,False,0.3494013830514934
sub-021,False,0.5346064173422983
sub-021,False,0.45761208954720745
sub-021,False,0.4540472624559347
sub-021,False,0.29771703895958895
sub-021,False,0.3809105772802426
sub-021,False,0.29024950372122305
sub-021,False,0.4047475775709912
sub-021,False,0.3894240657687759
sub-021,False,0.4084360836678935
sub-021,False,0.37787366384625193
sub-021,False,0.4114250526458692
sub-021,False,0.4133842169818225
sub-021,False,0.31545833041000515
sub-021,True,0.4210038843957101
sub-021,False,0.4137608002227799
sub-021,False,0.4332467006558641
sub-021,False,0.4908040654707464
sub-021,True,0.5367591383949948
sub-021,False,0.41133212618913034
sub-021,False,0.36875840372374835
sub-021,False,0.3306516698316153
sub-021,False,0.4498449308864847
sub-021,False,0.5097147995096435
sub-021,False,0.35223736920449544
sub-021,False,0.3633370944743416
sub-021,True,0.8293128826960752
sub-021,False,0.36972286261749643
sub-021,False,0.4401443028255274
sub-021,False,0.3952830760005114
sub-021,False,0.5700454771659778
sub-021,False,0.357264461444692
sub-021,False,0.3662673278799527
sub-021,False,0.5465858102329308
sub-021,False,0.5568749314190125
sub-021,False,0.351816898409357
sub-021,False,0.5002063195381823
sub-021,False,0.3351991649229359
sub-021,False,0.5695106221944369
sub-021,False,0.3138080967895331
sub-021,False,0.3076279152453485
sub-021,False,0.3632630398666663
sub-021,False,0.3925298308701248
sub-021,False,0.31729681554248035
sub-021,False,0.48627505041153163
sub-021,False,0.3893139375538272
sub-021,False,0.3833744199941232
sub-021,False,0.45907807207577966
sub-021,False,0.613703576549959
sub-021,False,0.3786999377027612
sub-021,False,0.4670072933750904
sub-021,False,0.3945042260381266
sub-021,False,0.4399104082751474
sub-021,False,0.4016052255528099
sub-022,True,0.6165583460370626
sub-022,False,0.4258677736035994
sub-022,True,0.4364761522776616
sub-022,False,0.4916970165755049
sub-022,True,0.6252132686422547
sub-022,True,0.555335445022339
sub-022,True,0.47153636911910934
sub-022,False,0.372734936314378
sub-022,False,0.4609941009733029
sub-022,True,0.5011359398923377
sub-022,False,0.3459811419793105
sub-022,False,0.3533417228756998
sub-022,False,0.38917463310408223
sub-022,True,0.5434090017941615
sub-022,False,0.38403177056680055
sub-022,True,0.4701292324228597
sub-022,False,0.3792597894715163
sub-022,True,0.5878629086094197
sub-022,True,0.47927486319878954
sub-022,False,0.3220246411941771
sub-022,False,0.4296498966217723
sub-022,False,0.4020827302497842
sub-022,False,0.40714782196513244
sub-022,False,0.42171481813144085
sub-022,True,0.47330356605693136
sub-022,False,0.32865740014305256
sub-022,True,0.4211531307095036
sub-022,True,0.5702312032522863
sub-022,False,0.47974736808176943
sub-022,False,0.3225167319627838
sub-022,False,0.4183274273232781
sub-022,False,0.48333781197896836
sub-022,False,0.5791371121327497
sub-022,True,0.6423522287785194
sub-022,True,0.8153571129973484
sub-022,True,0.5202793351507783
sub-022,False,0.2828471722285253
sub-022,False,0.42564360165437526
sub-022,False,0.44119880526849886
sub-022,False,0.3199481334490156
sub-022,False,0.4570576038650657
sub-022,False,0.39239678945101464
sub-022,True,0.553631378725466
sub-022,True,0.6092594659838887
sub-022,False,0.5191159162130784
sub-022,False,0.5204784273419967
sub-022,True,0.80901326695608
sub-022,True,0.6205809665957848
sub-022,False,0.36232073363350886
sub-022,False,0.33739512398097166
sub-022,False,0.33456791059536334
sub-022,False,0.369311829159815
sub-022,True,0.7381477628736396
sub-022,True,0.6784720280339096
sub-022,True,0.7120475781628006
sub-022,True,0.6004178104396247
sub-022,False,0.5669220937197463
sub-022,False,0.39532875708399856
sub-022,True,0.6791575318484161
sub-022,True,0.7227495319988922
sub-022,True,0.6132761251497093
sub-022,False,0.42354504804157256
sub-022,False,0.40151239645250825
sub-022,False,0.44160922298916133
sub-022,True,0.42102565308965095
sub-022,False,0.41505146766300105
sub-022,True,0.5341381655477259
sub-022,False,0.31864622714828117
sub-022,False,0.4055542935535199
sub-022,False,0.41850379334220406
sub-022,False,0.38573735934315667
sub-022,True,0.4467768254606558
sub-022,False,0.4017627088750337
sub-022,False,0.40109705125289585
sub-022,False,0.37402267543922413
sub-022,True,0.38030443342339393
sub-022,False,0.43968655458482625
sub-022,False,0.5162690497439353
sub-022,False,0.42366718706534623
sub-022,False,0.37945964673530197
sub-022,False,0.349031792555187
sub-022,True,0.6213277354854988
sub-022,False,0.33997377345682855
sub-022,False,0.41832524210129707
sub-022,False,0.4077090611851983
sub-022,False,0.4678561694164132
sub-022,False,0.35746685297347197
sub-022,False,0.36452717481822877
sub-022,False,0.35990107917230413
sub-022,False,0.4170441974735439
sub-022,False,0.4113877132049016
sub-022,False,0.4141565463080665
sub-022,False,0.438441764694484
sub-022,True,0.7393372944901617
sub-022,False,0.44114979505621893
sub-022,True,0.5769186901756352
sub-022,False,0.33379858806227625
sub-022,False,0.3895444895917211
sub-022,True,0.45256677926050476
sub-022,False,0.3894650537102318
sub-022,False,0.32221890899425165
sub-022,True,0.44291145775071694
sub-022,True,0.5604682449015118
sub-022,True,0.5094083567556238
sub-022,False,0.39790104187083775
sub-022,False,0.46633151728265226
sub-022,False,0.37488523508356564
sub-022,False,0.468345510747377
sub-022,False,0.37911086590817095
sub-022,False,0.5016804793814014
sub-022,False,0.3214476111715603
sub-022,False,0.564632880358994
sub-022,True,0.6596411638604993
sub-022,True,0.6459312498514648
sub-022,False,0.37779148806160806
sub-022,False,0.4738479459445473
sub-022,False,0.2722769419069081
sub-022,False,0.4240123631165132
sub-022,False,0.3636928530283086
sub-022,True,0.6369108972708067
sub-022,False,0.31486994516215944
sub-022,True,0.34606835178063317
sub-022,False,0.3399274074741842
sub-022,True,0.39156662615810744
sub-022,False,0.3220604223199467
sub-022,False,0.37246184786856384
sub-022,True,0.49176029054807785
sub-022,True,0.4320586647729434
sub-022,True,0.4749910679640605
sub-022,False,0.32732576107192185
sub-022,False,0.3347966876638496
sub-022,True,0.44328826966006496
sub-022,False,0.3697162352541095
sub-022,False,0.3887524343971094
sub-022,False,0.2923860599386442
sub-022,False,0.3495072745365369
sub-022,False,0.46052361747013976
sub-022,False,0.2907980308604184
sub-022,False,0.3024802292883219
sub-022,False,0.36815746414787004
sub-022,True,0.3558241956953788
sub-022,True,0.574004656240533
sub-022,True,0.728848125528893
sub-022,False,0.461149998865507
sub-022,False,0.35303640737187175
sub-022,False,0.355414619227895
sub-022,True,0.3874826716986331
sub-022,False,0.34514083902451387
sub-022,False,0.2984790438732206
sub-022,False,0.3117510374693551
sub-022,False,0.2867427857217105
sub-022,False,0.4112643164345598
sub-022,False,0.2911751544048421
sub-022,False,0.3389886082251225
sub-022,True,0.3863676760180189
sub-022,True,0.6004349778631262
sub-022,False,0.3122150634294196
sub-022,False,0.31411363269648424
sub-022,False,0.4500219880070246
sub-022,True,0.501920253482637
sub-022,True,0.4894550868765903
sub-022,False,0.4476510406750207
sub-022,False,0.476772857547079
sub-022,False,0.45033987220887556
sub-022,False,0.4910435132411584
sub-022,False,0.365538853283782
sub-022,False,0.3603903873628066
sub-022,False,0.27117079816379663
sub-022,False,0.35538990504421397
sub-022,False,0.48172859683555763
sub-022,False,0.35819141755048906
sub-022,False,0.33138357830068993
sub-022,False,0.3633628447401917
sub-022,False,0.3909567534451896
sub-022,True,0.5111517573472293
sub-022,False,0.37316391510326413
sub-022,False,0.455458108697988
sub-022,False,0.2992130838176071
sub-022,True,0.43139747024327657
sub-022,False,0.29608330850037273
sub-022,False,0.3566358314168681
sub-022,False,0.3796975003416701
sub-022,False,0.2976782530075001
sub-022,False,0.38984650686251016
sub-022,True,0.592831707647148
sub-022,False,0.45051944242173014
sub-022,False,0.4016588259793179
sub-022,False,0.35997589651786277
sub-022,False,0.28861217269495903
sub-022,False,0.44803015344026603
sub-022,False,0.33669177219990837
sub-022,True,0.39735066321285656
sub-022,True,0.9677645198506145
sub-022,True,0.4786042743960849
sub-022,False,0.3594442867448664
sub-022,False,0.33755520046837895
sub-022,False,0.2765631519638644
sub-022,True,0.31674641829530603
sub-022,False,0.26694062180227474
sub-022,False,0.3917304639335912
sub-022,True,0.45115812040597814
sub-022,True,0.5470980760792247
sub-022,False,0.3339440998351585
sub-022,False,0.27290759119150915
sub-022,False,0.3742183618590741
sub-022,False,0.33410707753403207
sub-022,True,0.367650394557018
sub-022,False,0.328807378480654
sub-022,False,0.3360729477196156
sub-022,False,0.39257587155865625
sub-022,False,0.32297826103775645
sub-022,False,0.33955696016444564
sub-022,False,0.33395508306558064
sub-022,True,0.42034285209015965
sub-022,False,0.3554152860891836
sub-022,False,0.33738880706442986
sub-022,True,0.5721419999863351
sub-022,False,0.3564496167694099
sub-022,False,0.4285539975430539
sub-022,False,0.3348743912318379
sub-022,False,0.5078185801053391
sub-022,False,0.46966904323814995
sub-022,True,0.31860220310205584
sub-022,False,0.4717465532991404
sub-022,True,0.5267547463414247
sub-022,True,0.6552658173339218
sub-022,False,0.3207000406151922
sub-022,False,0.4332216532984481
sub-022,True,0.5010079117123276
sub-022,True,0.31253308916654166
sub-022,True,0.5591902105874517
sub-022,False,0.43027535990289856
sub-022,True,0.294080787033463
sub-022,False,0.37361614595623105
sub-022,False,0.3974804529124397
sub-022,False,0.4933007020325306
sub-022,False,0.46473741490906084
sub-022,False,0.26703699917697005
sub-022,False,0.31873470080269073
sub-022,True,0.32400486242591237
