wp,grid,mu_f,feedback_gain,noise_f,seed,effective_mu_f,regime,analytic_lambda,analytic_radial_var,smr_power,beta_power,broadband_4_45_power,high_freq_35_55_power,smr_env_mean,beta_env_mean,beta_env_std,burst_threshold,burst_rate_per_min,burst_duration_s,burst_occupancy,n_bursts,ar1_tau_s,acf_efold_s,baseline_beta_power,baseline_burst_rate,beta_power_change_frac,burst_rate_change_frac,sim_beta_env_var,monotonic_suppression_candidate
WP4,reduced,-0.12,0.0,0.025,1,-0.12,clearly stable,0.24,0.0013020833333333337,0.27750177355133465,0.0024483016331509335,0.2800131406422616,3.366398809127714e-06,0.7364018792822099,0.06910940343616488,0.03445178505059554,0.09325211750469062,12.5,0.95625,0.2001953125,5,12.512109792170612,1.4765625,0.0024483016331509335,12.5,0.0,0.0,0.0011869254931724383,False
WP4,reduced,-0.12,0.1,0.025,1,-0.22,clearly stable,0.44,0.0007102272727272729,0.27750210291532,0.0011244656682208082,0.27868963841475236,3.3672959689163564e-06,0.7363977680590704,0.045904804908231185,0.030373941211008542,0.09325211750469062,12.5,0.4484375,0.09342447916666667,5,8.580243656412241,1.25,0.0024483016331509335,12.5,-0.5407160404604089,0.0,0.000922576304689803,True
WP4,reduced,-0.12,0.2,0.025,1,-0.32,clearly stable,0.64,0.0004882812500000001,0.277502444367344,0.0007253698031405405,0.2782908885073938,3.3682309767619963e-06,0.7363941023367252,0.037104460696165575,0.025121024027965115,0.09325211750469062,5.0,0.58203125,0.048502604166666664,2,5.173767536997996,1.0390625,0.0024483016331509335,12.5,-0.7037253117349765,-0.6,0.0006310658482136007,True
WP4,reduced,-0.12,0.3,0.025,1,-0.42,clearly stable,0.84,0.0003720238095238096,0.27750278780696613,0.000559320933099329,0.2781251876015326,3.369174029136314e-06,0.7363910588857875,0.03267092821307876,0.02114990011975435,0.09325211750469062,2.5,0.0546875,0.0022786458333333335,1,3.4922917873763404,0.8359375,0.0024483016331509335,12.5,-0.771547375729399,-0.8,0.00044731827507558513,True
WP4,reduced,-0.12,0.4,0.025,1,-0.52,clearly stable,1.04,0.0003004807692307693,0.2775031317111322,0.00047219153697654846,0.27803840662291457,3.3701184268023798e-06,0.7363886389584441,0.02988841869361723,0.01829446851067883,0.09325211750469062,0.0,0.0,0.0009765625,0,2.582837205378982,0.6953125,0.0024483016331509335,12.5,-0.8071350643307605,-1.0,0.0003346875780882193,True
WP4,reduced,-0.12,0.0,0.025,2,-0.12,clearly stable,0.24,0.0013020833333333337,0.2676797607354362,0.008515714982012451,0.2762604974209036,3.4767281909861277e-06,0.7207280457468492,0.12297257786568146,0.04872156507301756,0.18948821205986083,12.5,0.9578125,0.2001953125,5,7812.4960935246945,3.53125,0.008515714982012451,12.5,0.0,0.0,0.0023737909031642844,False
WP4,reduced,-0.12,0.1,0.025,2,-0.22,clearly stable,0.44,0.0007102272727272729,0.26767995318180315,0.004220615733657961,0.27196559262211,3.4772924467220325e-06,0.7207032170175397,0.08355902999823876,0.04575991418237645,0.18948821205986083,0.0,0.0,0.0006510416666666666,0,24.184687349743495,3.3203125,0.008515714982012451,12.5,-0.5043732977708776,-1.0,0.0020939697459784576,True
WP4,reduced,-0.12,0.2,0.025,2,-0.32,clearly stable,0.64,0.0004882812500000001,0.2676801636418917,0.0025211446379310633,0.2702663340650538,3.4779420641649515e-06,0.7206859726316109,0.06455683950149282,0.03802598238553865,0.18948821205986083,0.0,0.0,0.0,0,10.179329169877466,3.125,0.008515714982012451,12.5,-0.7039421066514768,-1.0,0.0014459753363852957,True
WP4,reduced,-0.12,0.3,0.025,2,-0.42,clearly stable,0.84,0.0003720238095238096,0.267680380097101,0.0016808562038661116,0.26942626416208987,3.4786212412599056e-06,0.7206724157568812,0.053289240634762224,0.031537934902034596,0.18948821205986083,0.0,0.0,0.0,0,6.024324376325626,2.8671875,0.008515714982012451,12.5,-0.802617136973637,-1.0,0.000994641337884972,True
WP4,reduced,-0.12,0.4,0.025,2,-0.52,clearly stable,1.04,0.0003004807692307693,0.2676805996699921,0.0012071708132987806,0.2689528003949012,3.479312868774418e-06,0.7206613379692054,0.045701550388730916,0.026636452712625658,0.18948821205986083,0.0,0.0,0.0,0,4.075774838269803,2.578125,0.008515714982012451,12.5,-0.8582419895629834,-1.0,0.0007095006131119428,True
WP4,reduced,-0.12,0.0,0.025,3,-0.12,clearly stable,0.24,0.0013020833333333337,0.260402320527193,0.0021153631631333977,0.26259385834453997,3.1554102576261968e-06,0.7119518517984771,0.0634743212725391,0.025771139869974438,0.08773267194173051,32.5,0.3671875,0.2001953125,13,5.479557137553822,1.7421875,0.0021153631631333977,32.5,0.0,0.0,0.0006641516501977861,False
WP4,reduced,-0.12,0.1,0.025,3,-0.22,clearly stable,0.44,0.0007102272727272729,0.2604025594132816,0.0011123309054019556,0.2615910712360946,3.156481395910319e-06,0.7119263186208222,0.046310516189870345,0.019520800857073143,0.08773267194173051,5.0,0.20703125,0.017252604166666668,2,3.3510954377208777,1.59375,0.0021153631631333977,32.5,-0.47416551219776987,-0.8461538461538461,0.00038106166610150753,True
WP4,reduced,-0.12,0.2,0.025,3,-0.32,clearly stable,0.64,0.0004882812500000001,0.26040280070080635,0.000753372535070996,0.26123236050212895,3.157587799614395e-06,0.7119066600110306,0.0381329575490019,0.015552141093644297,0.08773267194173051,2.5,0.0625,0.0026041666666666665,1,2.2917870732906285,0.75,0.0021153631631333977,32.5,-0.6438566444756194,-0.9230769230769231,0.00024186909259661963,True
WP4,reduced,-0.12,0.3,0.025,3,-0.42,clearly stable,0.84,0.0003720238095238096,0.2604030427165732,0.0005741406779839599,0.2610533769820342,3.1587040787003642e-06,0.7118914397768087,0.03287123808145051,0.013752195971929759,0.08773267194173051,0.0,0.0,0.0003255208333333333,0,1.8857224080167974,0.4921875,0.0021153631631333977,32.5,-0.7285852907008602,-1.0,0.0001891228940503611,True
WP4,reduced,-0.12,0.4,0.025,3,-0.52,clearly stable,1.04,0.0003004807692307693,0.26040328543920177,0.00046713438776288703,0.2609466196856533,3.159823750867293e-06,0.7118794440961794,0.029182677340344323,0.01279010477330819,0.08773267194173051,0.0,0.0,0.0,0,1.6833761204466278,0.40625,0.0021153631631333977,32.5,-0.7791705954305544,-1.0,0.00016358678011220095,True
WP4,reduced,-0.12,0.0,0.055,1,-0.12,clearly stable,0.24,0.006302083333333333,0.2775468549799653,0.0059621512382820215,0.28358985124462455,8.521932148414753e-06,0.7364565822044392,0.10751867196995596,0.05636188340179801,0.1452148592151397,20.0,0.5966796875,0.2001953125,8,10.763461544016533,0.984375,0.0059621512382820215,20.0,0.0,0.0,0.0031766619005978744,False
WP4,reduced,-0.12,0.1,0.055,1,-0.22,clearly stable,0.44,0.0034375,0.27754717828326175,0.003649636467496206,0.28127767775423484,8.526314326746368e-06,0.7364565472438076,0.08302622452545418,0.04926730486518477,0.1452148592151397,15.0,0.5403645833333334,0.13541666666666666,6,9.902589027595921,0.875,0.0059621512382820215,20.0,-0.3878658353947023,-0.25,0.0024272673286790587,True
WP4,reduced,-0.12,0.2,0.055,1,-0.32,clearly stable,0.64,0.00236328125,0.27754751340066725,0.0028141454864986483,0.28044254070938346,8.530975083132953e-06,0.7364558455308959,0.07245619615069453,0.04304545124318129,0.1452148592151397,12.5,0.375,0.07845052083333333,5,8.95009660963199,0.7421875,0.0059621512382820215,20.0,-0.527998305640174,-0.375,0.001852910872729098,True
WP4,reduced,-0.12,0.3,0.055,1,-0.42,clearly stable,0.84,0.001800595238095238,0.2775478489293011,0.002392636112347376,0.28002138577942026,8.535703192697998e-06,0.7364550335742522,0.06608564728632106,0.03877024300009842,0.1452148592151397,7.5,0.3645833333333333,0.045572916666666664,3,8.440227265742578,0.65625,0.0059621512382820215,20.0,-0.5986958370018122,-0.625,0.0015031317422866803,True
WP4,reduced,-0.12,0.4,0.055,1,-0.52,clearly stable,1.04,0.001454326923076923,0.2775481838573152,0.002124087975911612,0.279753191407651,8.540449248669706e-06,0.7364543461905076,0.061531897878523555,0.035599373714104106,0.1452148592151397,7.5,0.24739583333333334,0.030924479166666668,3,8.272533228528374,0.6015625,0.0059621512382820215,20.0,-0.6437379913690914,-0.625,0.0012673154088364464,True
WP4,reduced,-0.12,0.0,0.055,2,-0.12,clearly stable,0.24,0.006302083333333333,0.2676464470042308,0.022295862492636674,0.29002783981358926,8.547806571900037e-06,0.7206843242743958,0.1984266537891317,0.0776425399102873,0.2777024035624917,7.5,1.5755208333333333,0.2001953125,3,7812.4960935246945,3.0078125,0.022295862492636674,7.5,0.0,0.0,0.0060283640037205564,False
WP4,reduced,-0.12,0.1,0.055,2,-0.22,clearly stable,0.44,0.0034375,0.26764651680517987,0.013618500725426443,0.28135055817238375,8.55046853561141e-06,0.7206604068294333,0.15200598953522979,0.07320480182189991,0.2777024035624917,5.0,0.9921875,0.08268229166666667,2,7812.4960935246945,3.0234375,0.022295862492636674,7.5,-0.3891915717580325,-0.3333333333333333,0.005358943009783641,True
WP4,reduced,-0.12,0.2,0.055,2,-0.32,clearly stable,0.64,0.00236328125,0.267646593337155,0.009212870330061036,0.2769450164743597,8.553892074697185e-06,0.7206446295813177,0.12478939373518043,0.0639078733802951,0.2777024035624917,2.5,0.09375,0.00390625,1,25.379807156810855,2.90625,0.022295862492636674,7.5,-0.5867901350260105,-0.6666666666666666,0.004084216279991832,True
WP4,reduced,-0.12,0.3,0.055,2,-0.42,clearly stable,0.84,0.001800595238095238,0.26764667198142505,0.006662341084623214,0.2743945787151949,8.557653542650437e-06,0.7206326236286458,0.10655987579474173,0.055569854436531896,0.2777024035624917,0.0,0.0,0.0,0,12.116769531603692,2.6484375,0.022295862492636674,7.5,-0.7011848684111912,-1.0,0.0030880087220973435,True
WP4,reduced,-0.12,0.4,0.055,2,-0.52,clearly stable,1.04,0.001454326923076923,0.2676467522151335,0.00505743528865627,0.27278976623703627,8.561589318126459e-06,0.7206228004757739,0.09338133180039476,0.048768481476210136,0.2777024035624917,0.0,0.0,0.0,0,7.808027125169842,2.4296875,0.022295862492636674,7.5,-0.7731670936557616,-1.0,0.0023783647854954512,True
WP4,reduced,-0.12,0.0,0.055,3,-0.12,clearly stable,0.24,0.006302083333333333,0.2603488768134625,0.006394718011813603,0.26684272496249517,7.948968049371366e-06,0.7119103817300277,0.10611401542680514,0.0483561529855289,0.14817116784377382,25.0,0.47734375,0.2001953125,10,6.378843415059018,1.640625,0.006394718011813603,25.0,0.0,0.0,0.0023383175315598755,False
WP4,reduced,-0.12,0.1,0.055,3,-0.22,clearly stable,0.44,0.0034375,0.26034900921330767,0.004347604187865468,0.26479576651783027,7.953580157476406e-06,0.7118764674766173,0.08778473319659565,0.03799495447335516,0.14817116784377382,20.0,0.2197265625,0.0732421875,8,4.92058180133745,1.2109375,0.006394718011813603,25.0,-0.3201257381742708,-0.2,0.0014436165654323312,True
WP4,reduced,-0.12,0.2,0.055,3,-0.32,clearly stable,0.64,0.00236328125,0.26034914034125356,0.0032702548925568325,0.26371857180928443,7.95840266164315e-06,0.7118499349504278,0.075575746250141,0.03313765965190939,0.14817116784377382,2.5,0.0859375,0.005533854166666667,1,4.182118813386804,0.7265625,0.006394718011813603,25.0,-0.48860060967264496,-0.9,0.0010981044872057834,True
WP4,reduced,-0.12,0.3,0.055,3,-0.42,clearly stable,0.84,0.001800595238095238,0.26034927278909725,0.002612690651303003,0.26306116352446585,7.963314353511173e-06,0.7118295184322397,0.06708004388103199,0.03002751433760721,0.14817116784377382,2.5,0.0546875,0.0022786458333333335,1,3.6870908232556556,0.5859375,0.006394718011813603,25.0,-0.5914298884679015,-0.9,0.0009016516172952067,True
WP4,reduced,-0.12,0.4,0.055,3,-0.52,clearly stable,1.04,0.001454326923076923,0.260349407029853,0.0021727942206803833,0.26262142476221867,7.968271012969408e-06,0.7118135275058268,0.06085710866528506,0.027725083173047664,0.14817116784377382,0.0,0.0,0.0,0,3.331651505115628,0.484375,0.006394718011813603,25.0,-0.6602204793602527,-1.0,0.0007686802369524107,True
WP4,reduced,-0.12,0.0,0.09,1,-0.12,clearly stable,0.24,0.016875,0.2776010387187638,0.012158203900119027,0.2898781540651259,1.9296222020401002e-05,0.7365271118228834,0.151734708895515,0.08207496050743973,0.20911097441557955,27.5,0.43323863636363635,0.2001953125,11,10.083359620894313,0.8671875,0.012158203900119027,27.5,0.0,0.0,0.006736299142297792,False
WP4,reduced,-0.12,0.1,0.09,1,-0.22,clearly stable,0.44,0.009204545454545455,0.27760137538359997,0.008586597252233746,0.28630692812836717,1.9307547209963875e-05,0.7365296690106419,0.12637669428608475,0.07234572789317278,0.20911097441557955,15.0,0.5052083333333334,0.12630208333333334,6,9.617293926872248,0.7578125,0.012158203900119027,27.5,-0.293761042110037,-0.45454545454545453,0.005233904344392999,True
WP4,reduced,-0.12,0.2,0.09,1,-0.32,clearly stable,0.64,0.0063281249999999995,0.27760171188507676,0.007041270703672851,0.284761985143805,1.931985933097905e-05,0.7365313176053462,0.11323915569546872,0.06539543589154216,0.20911097441557955,15.0,0.3736979166666667,0.09342447916666667,6,9.252930004560456,0.671875,0.012158203900119027,27.5,-0.4208625910934165,-0.45454545454545453,0.0042765630354448005,True
WP4,reduced,-0.12,0.3,0.09,1,-0.42,clearly stable,0.84,0.004821428571428571,0.27760204409451944,0.0061544641047914395,0.2838755583277507,1.9332458164573406e-05,0.7365324630790568,0.10455932128126633,0.06043280707772773,0.20911097441557955,10.0,0.41796875,0.06998697916666667,4,9.055311927442668,0.625,0.012158203900119027,27.5,-0.4938015388332821,-0.6363636363636364,0.003652124171293859,True
WP4,reduced,-0.12,0.4,0.09,1,-0.52,clearly stable,1.04,0.0038942307692307688,0.2776023733990881,0.005537114611327177,0.28325858558896855,1.9345157509639255e-05,0.7365333805155109,0.09807247078074956,0.0564290035705004,0.20911097441557955,10.0,0.314453125,0.052408854166666664,4,8.877622733417192,0.5859375,0.012158203900119027,27.5,-0.544577911604775,-0.6363636363636364,0.003184232443959547,True
WP4,reduced,-0.12,0.0,0.09,2,-0.12,clearly stable,0.24,0.016875,0.2676089158760325,0.03936474986460618,0.30710156189687643,1.9179890286329816e-05,0.7206342881849496,0.2632494647109868,0.10696866999661227,0.3666922943703424,22.5,0.5303819444444444,0.2001953125,9,7812.4960935246945,2.8671875,0.03936474986460618,22.5,0.0,0.0,0.011442296360844137,False
WP4,reduced,-0.12,0.1,0.09,2,-0.22,clearly stable,0.44,0.009204545454545455,0.26760889275136657,0.027442604550525423,0.2951794173973256,1.918596472290568e-05,0.7206134354088563,0.21782371867400632,0.09944027234358398,0.3666922943703424,5.0,1.1328125,0.09440104166666667,2,7812.4960935246945,2.859375,0.03936474986460618,22.5,-0.3028634845918392,-0.7777777777777778,0.009888367763766153,True
WP4,reduced,-0.12,0.2,0.09,2,-0.32,clearly stable,0.64,0.0063281249999999995,0.26760884679212465,0.02020509738835576,0.2879418949044079,1.919431807054412e-05,0.7205993286496247,0.18650419899420898,0.08978524303901218,0.3666922943703424,10.0,0.234375,0.0390625,4,31.90457766909092,2.6953125,0.03936474986460618,22.5,-0.48672105226502,-0.5555555555555556,0.008061389867574485,True
WP4,reduced,-0.12,0.3,0.09,2,-0.42,clearly stable,0.84,0.004821428571428571,0.2676087893618566,0.015466420901128344,0.28320319484878603,1.9203914531848365e-05,0.7205886797868168,0.16342229354201912,0.08055942560450073,0.3666922943703424,2.5,0.109375,0.004557291666666667,1,15.040821613686283,2.484375,0.03936474986460618,22.5,-0.6070997287084355,-0.8888888888888888,0.006489821053727088,True
WP4,reduced,-0.12,0.4,0.09,2,-0.52,clearly stable,1.04,0.0038942307692307688,0.26760872601822855,0.01221141980442389,0.2799481659574562,1.921426528137429e-05,0.7205799366071962,0.1456434726053252,0.07251670048551008,0.3666922943703424,0.0,0.0,0.0,0,9.748157406078896,2.3125,0.03936474986460618,22.5,-0.6897879486996695,-1.0,0.005258671849305178,True
WP4,reduced,-0.12,0.0,0.09,3,-0.12,clearly stable,0.24,0.016875,0.26028805957773243,0.014578620832734947,0.2750109070668121,1.8105070613162795e-05,0.7118536059085744,0.15880448713440995,0.07256964137907945,0.22074946367363152,22.5,0.5286458333333334,0.2001953125,9,8.6197610244503,1.3203125,0.014578620832734947,22.5,0.0,0.0,0.005266352849888201,False
WP4,reduced,-0.12,0.1,0.09,3,-0.22,clearly stable,0.44,0.009204545454545455,0.2602880819709919,0.010747623303492201,0.2711799842614064,1.8116192913797252e-05,0.7118140112743538,0.1362926868544855,0.0608490386095675,0.22074946367363152,12.5,0.4875,0.1015625,5,6.9700641676489585,1.015625,0.014578620832734947,22.5,-0.26278188953516063,-0.4444444444444444,0.0037026054997086363,True
WP4,reduced,-0.12,0.2,0.09,3,-0.32,clearly stable,0.64,0.0063281249999999995,0.2602880886437705,0.008361532024139135,0.2687939539181751,1.8128062601544913e-05,0.7117818520721949,0.11973584690239407,0.053632824344959466,0.22074946367363152,12.5,0.153125,0.031901041666666664,5,5.97588569686847,0.7265625,0.014578620832734947,22.5,-0.4264524662467326,-0.4444444444444444,0.0028764798472172767,True
WP4,reduced,-0.12,0.3,0.09,3,-0.42,clearly stable,0.84,0.004821428571428571,0.2602880938864221,0.0067890930760624545,0.2672215753745052,1.8140364182604886e-05,0.7117565577841919,0.1075255440834596,0.04856891684156285,0.22074946367363152,5.0,0.0625,0.005208333333333333,2,5.188578316178242,0.578125,0.014578620832734947,22.5,-0.5343117052047768,-0.7777777777777778,0.0023589396831626475,True
WP4,reduced,-0.12,0.4,0.09,3,-0.52,clearly stable,1.04,0.0038942307692307688,0.26028810127642227,0.005693351829267454,0.2661258970568327,1.815292542493592e-05,0.7117365260834055,0.0982386910261022,0.04472664943351307,0.22074946367363152,0.0,0.0,0.0,0,4.553182931933706,0.4609375,0.014578620832734947,22.5,-0.609472535530689,-1.0,0.0020004731695483753,True
WP4,reduced,-0.03,0.0,0.025,1,-0.03,weakly stable,0.06,0.005208333333333335,0.27750153630296526,0.007889746457243427,0.28545434500728334,3.365756973743874e-06,0.7364072806990736,0.127804336604414,0.027910949631492557,0.14443279739744694,10.0,1.201171875,0.2001953125,4,6.259643012525477,1.234375,0.007889746457243427,10.0,0.0,0.0,0.0007790211093317145,False
WP4,reduced,-0.03,0.1,0.025,1,-0.13,clearly stable,0.26,0.0012019230769230772,0.27750180504923005,0.002215991881073398,0.2797808628100904,3.366484417294291e-06,0.7364014478601302,0.06547043468179235,0.034376413390579126,0.14443279739744694,7.5,0.3671875,0.046223958333333336,3,12.23240334270829,1.4609375,0.007889746457243427,10.0,-0.7191301529038442,-0.25,0.0011817377975999878,True
WP4,reduced,-0.03,0.2,0.025,1,-0.23,clearly stable,0.46,0.0006793478260869566,0.27750213683165303,0.0010635123900046327,0.27862871950076107,3.3673886407815594e-06,0.7363973775539149,0.04465224378381457,0.029810157773078303,0.14443279739744694,0.0,0.0,0.0,0,8.135035118178719,1.2265625,0.007889746457243427,10.0,-0.8652032234789697,-1.0,0.0008886455064558207,True
WP4,reduced,-0.03,0.3,0.025,1,-0.32999999999999996,clearly stable,0.6599999999999999,0.00047348484848484866,0.27750247867108613,0.000702446788562914,0.2782680002489291,3.36832510407639e-06,0.7363937687402814,0.036533428577715514,0.024668705005789805,0.14443279739744694,0.0,0.0,0.0,0,4.952527517249813,1.0234375,0.007889746457243427,10.0,-0.9109671277309538,-1.0,0.000608545006662679,True
WP4,reduced,-0.03,0.4,0.025,1,-0.43000000000000005,clearly stable,0.8600000000000001,0.00036337209302325586,0.2775028221823204,0.0005482329536253063,0.2781141344495153,3.3692684570383065e-06,0.7363907898820012,0.03234201658445262,0.020817016396536374,0.14443279739744694,0.0,0.0,0.0,0,3.376504640941006,0.8125,0.007889746457243427,10.0,-0.9305132355524576,-1.0,0.0004333481716536642,True
WP4,reduced,-0.03,0.0,0.025,2,-0.03,weakly stable,0.06,0.005208333333333335,0.26767964766262325,0.019981428726146548,0.28772609654340703,3.476454624134464e-06,0.7207656241104258,0.19502409308016522,0.04009828174244077,0.22970171003608725,7.5,1.59375,0.2001953125,3,7812.4960935246945,3.0859375,0.019981428726146548,7.5,0.0,0.0,0.0016078721986961587,False
WP4,reduced,-0.03,0.1,0.025,2,-0.13,clearly stable,0.26,0.0012019230769230772,0.2676797782128131,0.007846500971582598,0.2755913010799415,3.476777012429496e-06,0.7207249668668118,0.11752859175362702,0.048838260242216866,0.22970171003608725,0.0,0.0,0.0,0,7812.4960935246945,3.5234375,0.019981428726146548,7.5,-0.6073103140359969,-1.0,0.0023851756634865008,True
WP4,reduced,-0.03,0.2,0.025,2,-0.23,clearly stable,0.46,0.0006793478260869566,0.26767997376987374,0.003981998089003336,0.271726995772069,3.4773550759360406e-06,0.7207012569147232,0.08103158996987515,0.04507048380912303,0.22970171003608725,0.0,0.0,0.0,0,21.380009866485242,3.3046875,0.019981428726146548,7.5,-0.800715046777775,-1.0,0.0020313485107884208,True
WP4,reduced,-0.03,0.3,0.025,2,-0.32999999999999996,clearly stable,0.6599999999999999,0.00047348484848484866,0.26768018509272495,0.002410977107606046,0.27015618819386705,3.478009078413777e-06,0.7206844805026772,0.06318786300434166,0.03729503684979038,0.22970171003608725,0.0,0.0,0.0,0,9.56931601125221,3.1015625,0.019981428726146548,7.5,-0.8793391032918891,-1.0,0.0013909197736272224,True
WP4,reduced,-0.03,0.4,0.025,2,-0.43000000000000005,clearly stable,0.8600000000000001,0.00036337209302325586,0.26768040193851156,0.0016213209026827249,0.2693667509086961,3.4786899999980882e-06,0.7206712082295667,0.0524015193617856,0.03098089739985273,0.22970171003608725,0.0,0.0,0.0,0,5.767209771182688,2.828125,0.019981428726146548,7.5,-0.9188586099170597,-1.0,0.0009598160037002018,True
WP4,reduced,-0.03,0.0,0.025,3,-0.03,weakly stable,0.06,0.005208333333333335,0.2604021238453807,0.006156498958204904,0.26663479243093396,3.1545983034104947e-06,0.7119781300920187,0.10949887087073958,0.029387308377181204,0.13715609854827202,32.5,0.36959134615384615,0.2001953125,13,6.285732268565897,1.953125,0.006156498958204904,32.5,0.0,0.0,0.0008636138936555446,False
WP4,reduced,-0.03,0.1,0.025,3,-0.13,clearly stable,0.26,0.0012019230769230772,0.2604023441030807,0.0019459374075978197,0.26242445677802273,3.1555137333991374e-06,0.7119490203497655,0.06084447912647111,0.025206653939959744,0.13715609854827202,0.0,0.0,0.0,0,5.243730555798972,1.7265625,0.006156498958204904,32.5,-0.6839214266406355,-1.0,0.0006353754028488881,True
WP4,reduced,-0.03,0.2,0.025,3,-0.23,clearly stable,0.46,0.0006793478260869566,0.2604025834945794,0.0010613060130679878,0.26154007105946675,3.156591185105747e-06,0.7119241090150862,0.04527336318077648,0.018982764085783442,0.13715609854827202,0.0,0.0,0.0,0,3.195940392333623,1.5625,0.006156498958204904,32.5,-0.8276120859805294,-1.0,0.0003603453323365097,True
WP4,reduced,-0.03,0.3,0.025,3,-0.32999999999999996,clearly stable,0.6599999999999999,0.00047348484848484866,0.2604028248729312,0.0007301834896875413,0.26120919626288824,3.1576991499185594e-06,0.711904962093961,0.03751032244610945,0.015301315516983426,0.13715609854827202,0.0,0.0,0.0,0,2.2321293335127232,0.71875,0.006156498958204904,32.5,-0.8813963106881697,-1.0,0.00023413025655027778,True
WP4,reduced,-0.03,0.4,0.025,3,-0.43000000000000005,clearly stable,0.8600000000000001,0.00036337209302325586,0.26040306695535276,0.0005610774366899208,0.2610403386090276,3.158815948922963e-06,0.711890111086935,0.032443477291996224,0.013633874206746223,0.13715609854827202,0.0,0.0,0.0,0,1.860753032566396,0.4765625,0.006156498958204904,32.5,-0.9088642034216281,-1.0,0.00018588252588537995,True
WP4,reduced,-0.03,0.0,0.055,1,-0.03,weakly stable,0.06,0.025208333333333333,0.27754662636965055,0.013390941017032986,0.2910184001272011,8.51901447749857e-06,0.736457445544984,0.16560914561214507,0.05615419161667136,0.20081684419312243,20.0,0.59765625,0.2001953125,8,7.072986613265665,1.0234375,0.013390941017032986,20.0,0.0,0.0,0.003153293236121844,False
WP4,reduced,-0.03,0.1,0.055,1,-0.13,clearly stable,0.26,0.005817307692307692,0.27754688573479025,0.005582905816528619,0.28321063827820125,8.522341697682286e-06,0.736456617518329,0.10377306831667206,0.05581670759902602,0.20081684419312243,10.0,0.458984375,0.07649739583333333,4,10.780798008880897,0.9765625,0.013390941017032986,20.0,-0.5830833838019834,-0.5,0.0031155048471951693,True
WP4,reduced,-0.03,0.2,0.055,1,-0.23,clearly stable,0.46,0.0032880434782608693,0.27754721163376606,0.0035301678320664113,0.2811582443349703,8.526773958546465e-06,0.7364564961085901,0.08160765762681144,0.04856061397950923,0.20081684419312243,5.0,0.14453125,0.012044270833333334,2,9.797162918689482,0.859375,0.013390941017032986,20.0,-0.736376418387915,-0.75,0.0023581332300669075,True
WP4,reduced,-0.03,0.3,0.055,1,-0.32999999999999996,clearly stable,0.6599999999999999,0.0022916666666666667,0.27754754697876366,0.0027603253966738375,0.28038875608959823,8.531446216124792e-06,0.736455763072365,0.07169651589542705,0.04254097398699211,0.20081684419312243,0.0,0.0,0.0,0,8.869779717052205,0.7265625,0.013390941017032986,20.0,-0.7938662120038642,-1.0,0.0018097344677619393,True
WP4,reduced,-0.03,0.4,0.055,1,-0.43000000000000005,clearly stable,0.8600000000000001,0.001758720930232558,0.27754788244537143,0.002360953577125363,0.2799897386488163,8.536177352955505e-06,0.7364549574989319,0.06556723604848674,0.038415149591583424,0.20081684419312243,0.0,0.0,0.0,0,8.406777515593726,0.6484375,0.013390941017032986,20.0,-0.8236902414757646,-1.0,0.0014757237181437322,True
WP4,reduced,-0.03,0.0,0.055,2,-0.03,weakly stable,0.06,0.025208333333333333,0.26764640426605796,0.038433127247070924,0.30616505634934266,8.546864112327342e-06,0.7207189707752764,0.2670261466878466,0.07180720228444527,0.3276777800664742,10.0,1.1953125,0.2001953125,4,315.9438414135048,2.7734375,0.038433127247070924,10.0,0.0,0.0,0.005156274299919243,False
WP4,reduced,-0.03,0.1,0.055,2,-0.13,clearly stable,0.26,0.005817307692307692,0.26764645329042747,0.021100952898424452,0.28883293739156585,8.54801522754801e-06,0.7206813440532837,0.19245131047154285,0.0777869121055582,0.3276777800664742,7.5,0.5598958333333334,0.06998697916666667,3,7812.4960935246945,3.015625,0.038433127247070924,10.0,-0.45096966055416154,-0.25,0.006050803694917837,True
WP4,reduced,-0.03,0.2,0.055,2,-0.23,clearly stable,0.46,0.0032880434782608693,0.2676465243045079,0.013046062881285833,0.28077812899010296,8.550787105556545e-06,0.7206585698818825,0.14867277911877022,0.07230265879923274,0.3276777800664742,0.0,0.0,0.0,0,630.1596916374338,3.015625,0.038433127247070924,10.0,-0.660551617425821,-1.0,0.005227674469438268,True
WP4,reduced,-0.03,0.3,0.055,2,-0.32999999999999996,clearly stable,0.6599999999999999,0.0022916666666666667,0.26764660112433136,0.008895933053627826,0.27662808824933566,8.554256866753595e-06,0.7206432985025614,0.12265303144121535,0.06301153081678143,0.3276777800664742,0.0,0.0,0.0,0,22.90150001792465,2.8828125,0.038433127247070924,10.0,-0.7685347591821114,-1.0,0.003970453015874196,True
WP4,reduced,-0.03,0.4,0.055,2,-0.43000000000000005,clearly stable,0.8600000000000001,0.001758720930232558,0.2676466799358927,0.006468400348871032,0.27420064723563015,8.558040941474654e-06,0.7206315577705013,0.10505565577873106,0.05481999216174837,0.3276777800664742,0.0,0.0,0.0,0,11.500377281236608,2.625,0.038433127247070924,10.0,-0.8316972671183294,-1.0,0.0030052315406141525,True
WP4,reduced,-0.03,0.0,0.055,3,-0.03,weakly stable,0.06,0.025208333333333333,0.2603487466358274,0.011103827324678548,0.27155168555554315,7.945437953769058e-06,0.7119416417074129,0.13906988378112214,0.06339808799985745,0.19946992780308834,17.5,0.6808035714285714,0.2001953125,7,8.557725709911757,1.796875,0.011103827324678548,17.5,0.0,0.0,0.0040193175620376696,False
WP4,reduced,-0.03,0.1,0.055,3,-0.13,clearly stable,0.26,0.005817307692307692,0.2603488903245961,0.006109739691269948,0.2665577623985868,7.949411600583567e-06,0.7119067081477964,0.10383152479819603,0.04694224856753087,0.19946992780308834,5.0,0.1875,0.015625,2,6.187904663477116,1.625,0.011103827324678548,17.5,-0.4497627248137324,-0.7142857142857143,0.002203574700575854,True
WP4,reduced,-0.03,0.2,0.055,3,-0.23,clearly stable,0.46,0.0032880434782608693,0.2603490223053304,0.00421053156926268,0.2646587093273338,7.95405612252547e-06,0.7118734857522332,0.08634522703497782,0.03735330404652601,0.19946992780308834,2.5,0.046875,0.001953125,1,4.824542241307994,1.1484375,0.011103827324678548,17.5,-0.6208035800498569,-0.8571428571428571,0.0013952693231922162,True
WP4,reduced,-0.03,0.3,0.055,3,-0.32999999999999996,clearly stable,0.6599999999999999,0.0022916666666666667,0.2603491535120804,0.0031903276967341987,0.263638660136136,7.95889084136812e-06,0.7118476494975461,0.07459029339320461,0.03276964046460537,0.19946992780308834,0.0,0.0,0.0,0,4.124394572767899,0.703125,0.011103827324678548,17.5,-0.712682158732457,-1.0,0.0010738493361795018,True
WP4,reduced,-0.03,0.4,0.055,3,-0.43000000000000005,clearly stable,0.8600000000000001,0.001758720930232558,0.26034928613050656,0.0025609789259596243,0.26300946748816356,7.963808458752517e-06,0.7118277436396815,0.06637287549713818,0.029769071304433316,0.19946992780308834,0.0,0.0,0.0,0,3.6461748955964866,0.578125,0.011103827324678548,17.5,-0.7693607031993571,-1.0,0.0008861976063284351,True
WP4,reduced,-0.03,0.0,0.09,1,-0.03,weakly stable,0.06,0.0675,0.2776007696740348,0.021104970763628206,0.2988246229587556,1.9288956433710746e-05,0.7365254978901282,0.20316301955957528,0.08915752111704041,0.25647198103346386,27.5,0.4346590909090909,0.2001953125,11,8.919354187660046,0.9453125,0.021104970763628206,27.5,0.0,0.0,0.007949063571735507,False
WP4,reduced,-0.03,0.1,0.09,1,-0.13,clearly stable,0.26,0.015576923076923075,0.277601071826589,0.011617222509153528,0.2893372098713756,1.929726180649995e-05,0.7365274040714169,0.14820106417088566,0.08094202373702475,0.25647198103346386,10.0,0.54296875,0.09147135416666667,4,10.052603820510143,0.859375,0.021104970763628206,27.5,-0.4495504097463917,-0.6363636363636364,0.0065516112066450775,True
WP4,reduced,-0.03,0.2,0.09,1,-0.23,clearly stable,0.46,0.008804347826086956,0.2776014092171872,0.008378212417170041,0.28609858176773495,1.930875337845758e-05,0.7365298693338822,0.12471485759294616,0.0715364924315439,0.25647198103346386,7.5,0.4869791666666667,0.0615234375,3,9.588893495528902,0.7421875,0.021104970763628206,27.5,-0.603021842057756,-0.7272727272727273,0.005117469749408339,True
WP4,reduced,-0.03,0.3,0.09,1,-0.32999999999999996,clearly stable,0.6599999999999999,0.006136363636363637,0.27760174528505527,0.006933039138143185,0.2846537917297474,1.9321111270183436e-05,0.7365314484598898,0.11222755854329947,0.06483333002802225,0.25647198103346386,7.5,0.3307291666666667,0.041341145833333336,3,9.211679352509272,0.6640625,0.021104970763628206,27.5,-0.6714973351163596,-0.7272727272727273,0.004203360682522451,True
WP4,reduced,-0.03,0.4,0.09,1,-0.43000000000000005,clearly stable,0.8600000000000001,0.004709302325581395,0.2776020771285432,0.0060838560645370895,0.28380498807684024,1.9333725035161865e-05,0.7365325622966487,0.10383356156748703,0.05999756126281652,0.25647198103346386,5.0,0.1640625,0.013671875,2,9.032279956290129,0.6171875,0.021104970763628206,27.5,-0.7117334995307428,-0.8181818181818182,0.0035997073574854216,True
WP4,reduced,-0.03,0.0,0.09,2,-0.03,weakly stable,0.06,0.0675,0.26760889881422206,0.05742498747151237,0.3251617720775554,1.917794800122076e-05,0.7206623124916103,0.32342454675003857,0.10519239849145325,0.41936972634424696,15.0,0.80078125,0.2001953125,6,7812.4960935246945,2.7109375,0.05742498747151237,15.0,0.0,0.0,0.011065440700384696,False
WP4,reduced,-0.03,0.1,0.09,2,-0.13,clearly stable,0.26,0.015576923076923075,0.26760891512665935,0.03785753540006976,0.30559434860866497,1.9180345992814632e-05,0.7206317658083051,0.25781169321039615,0.10648783544449503,0.41936972634424696,5.0,1.0859375,0.09049479166666667,2,7812.4960935246945,2.875,0.05742498747151237,15.0,-0.3407480424989159,-0.6666666666666666,0.011339659097653852,True
WP4,reduced,-0.03,0.2,0.09,2,-0.23,clearly stable,0.46,0.008804347826086956,0.2676088889277327,0.02655835107851854,0.29429516294372143,1.9186721271305332e-05,0.7206117925893819,0.21418827423609033,0.098499623120441,0.41936972634424696,7.5,0.16666666666666666,0.020833333333333332,3,1319.9217885058538,2.8515625,0.05742498747151237,15.0,-0.537512287805135,-0.5,0.009702175754868914,True
WP4,reduced,-0.03,0.3,0.09,2,-0.32999999999999996,clearly stable,0.6599999999999999,0.006136363636363637,0.2676088414415949,0.01964140704618199,0.28737820248749446,1.9195232573121523e-05,0.7205981442571553,0.18388982816564403,0.08882274666145569,0.41936972634424696,0.0,0.0,0.0,0,28.70828618539727,2.671875,0.05742498747151237,15.0,-0.657964103937754,-1.0,0.007889480324485137,True
WP4,reduced,-0.03,0.4,0.09,2,-0.43000000000000005,clearly stable,0.8600000000000001,0.004709302325581395,0.2676087832331437,0.015085485562963796,0.2828222568776009,1.9204921215298496e-05,0.7205877354260459,0.1614388866396247,0.07969760333505607,0.41936972634424696,0.0,0.0,0.0,0,14.276053927861104,2.46875,0.05742498747151237,15.0,-0.7373010212592999,-1.0,0.0063517079773519405,True
WP4,reduced,-0.03,0.0,0.09,3,-0.03,weakly stable,0.06,0.0675,0.260287980853163,0.02060588482949708,0.28103804969765256,1.8096420246129743e-05,0.7118905431855045,0.18759396241007867,0.08899177592550225,0.2650263143752582,20.0,0.595703125,0.2001953125,8,11.040151246923205,1.4609375,0.02060588482949708,20.0,0.0,0.0,0.007919536182374802,False
WP4,reduced,-0.03,0.1,0.09,3,-0.13,clearly stable,0.26,0.015576923076923075,0.26028806352346345,0.014100457924898967,0.27453275319446224,1.8106133537828133e-05,0.711849385012151,0.15622472580872568,0.07110516886249746,0.2650263143752582,12.5,0.3234375,0.06868489583333333,5,8.375123774824758,1.28125,0.02060588482949708,20.0,-0.3157072340463474,-0.375,0.005055945038964278,True
WP4,reduced,-0.03,0.2,0.09,3,-0.23,clearly stable,0.46,0.008804347826086956,0.2602880829486022,0.010457840437192717,0.27089020773613925,1.811735325298039e-05,0.7118104477920978,0.13439874620293188,0.05997221168269702,0.2650263143752582,2.5,0.09375,0.005533854166666667,1,6.858595117166091,0.9921875,0.02060588482949708,20.0,-0.49248282596326837,-0.875,0.003596666174114221,True
WP4,reduced,-0.03,0.3,0.09,3,-0.32999999999999996,clearly stable,0.6599999999999999,0.006136363636363637,0.2602880891329051,0.008174888049034983,0.2686073159189598,1.8129276921676178e-05,0.7117790400316713,0.1183453967532606,0.05305266314446224,0.2650263143752582,2.5,0.046875,0.001953125,1,5.891078505298675,0.703125,0.02060588482949708,20.0,-0.6032741075339445,-0.875,0.002814585066719782,True
WP4,reduced,-0.03,0.4,0.09,3,-0.43000000000000005,clearly stable,0.8600000000000001,0.004709302325581395,0.2602880945049556,0.006662000002888486,0.26709448846308315,1.8141610717305694e-05,0.7117543429155807,0.10648670584668292,0.048135080049489014,0.2650263143752582,0.0,0.0,0.0,0,5.120294728338193,0.5625,0.02060588482949708,20.0,-0.6766943007780034,-1.0,0.002316985931370715,True
WP4,reduced,0.02,0.0,0.025,1,0.02,near Hopf,0.04,0.007812500000000002,0.2775014847832778,0.017178892102515712,0.2947434385560912,3.36562799618854e-06,0.7364144193822059,0.18753314142109304,0.02440297907072393,0.20470695025934613,22.5,0.5234375,0.2001953125,9,1.7088111107866606,1.0859375,0.017178892102515712,22.5,0.0,0.0,0.00059550538752619,False
WP4,reduced,0.02,0.1,0.025,1,-0.08,clearly stable,0.16,0.0019531250000000004,0.2775016547286037,0.003875799831865004,0.2814405184124188,3.3660761316587474e-06,0.7364037622430274,0.08849570365475712,0.03328174875945477,0.20470695025934613,0.0,0.0,0.0,0,12.725868326490689,1.46875,0.017178892102515712,22.5,-0.7743859261274816,-1.0,0.0011076748004874692,True
WP4,reduced,0.02,0.2,0.025,1,-0.18000000000000002,clearly stable,0.36000000000000004,0.0008680555555555556,0.27750196837309443,0.0014557266936421217,0.2790207631188233,3.366928894707311e-06,0.7363993691570107,0.05235956418000725,0.032543608479091025,0.20470695025934613,0.0,0.0,0.0,0,10.385533745686773,1.3359375,0.017178892102515712,22.5,-0.9152607348043742,-1.0,0.0010590864528403653,True
WP4,reduced,0.02,0.3,0.025,1,-0.27999999999999997,clearly stable,0.5599999999999999,0.0005580357142857145,0.27750230733747716,0.0008401722708868705,0.27840555213771934,3.3678552616589355e-06,0.7363954999490795,0.03982214469145088,0.027073905313526717,0.20470695025934613,0.0,0.0,0.0,0,6.252912266204994,1.125,0.017178892102515712,22.5,-0.9510927558149204,-1.0,0.0007329963489258102,True
WP4,reduced,0.02,0.4,0.025,1,-0.38,clearly stable,0.76,0.0004111842105263159,0.27750265034814453,0.0006116571590883907,0.27817738455921187,3.3687964535310596e-06,0.7363921984028979,0.03415147520359619,0.022600156424030793,0.20470695025934613,0.0,0.0,0.0,0,4.036250706384746,0.9140625,0.017178892102515712,22.5,-0.9643948424940152,-1.0,0.0005107670703906603,True
WP4,reduced,0.02,0.0,0.025,2,0.02,near Hopf,0.04,0.007812500000000002,0.267679637612041,0.032773698462193676,0.3005183556172261,3.4764963879886478e-06,0.7207932790416508,0.25169298322320693,0.03247238033629848,0.27933897228793086,17.5,0.6729910714285714,0.2001953125,7,4.903823427290548,2.1328125,0.032773698462193676,17.5,0.0,0.0,0.001054455484705224,False
WP4,reduced,0.02,0.1,0.025,2,-0.08,clearly stable,0.16,0.0019531250000000004,0.26767969850675083,0.012162389811374125,0.27990710928551654,3.4765627360264497e-06,0.7207423923882382,0.14955457744975834,0.046647381735850035,0.27933897228793086,0.0,0.0,0.0,0,7812.4960935246945,3.46875,0.032773698462193676,17.5,-0.6288978546194861,-1.0,0.0021759782228101153,True
WP4,reduced,0.02,0.2,0.025,2,-0.18000000000000002,clearly stable,0.36000000000000004,0.0008680555555555556,0.26767987256351544,0.005430827616215641,0.27317572306788224,3.4770504131565475e-06,0.7207118152335976,0.09586871243755418,0.04782976950853558,0.27933897228793086,0.0,0.0,0.0,0,56.11827837833463,3.421875,0.032773698462193676,17.5,-0.8342931109078089,-1.0,0.00228768685123964,True
WP4,reduced,0.02,0.3,0.025,2,-0.27999999999999997,clearly stable,0.5599999999999999,0.0005580357142857145,0.2676800784364664,0.003048371125169603,0.27079347451339153,3.477676999117787e-06,0.7206923122419262,0.0707963888164421,0.04112091968258431,0.27933897228793086,0.0,0.0,0.0,0,13.44684220150858,3.2109375,0.032773698462193676,17.5,-0.9069872712508761,-1.0,0.0016909300355415495,True
WP4,reduced,0.02,0.4,0.025,2,-0.38,clearly stable,0.76,0.0004111842105263159,0.2676802930477107,0.001956422206756106,0.26970174228755844,3.4783474826302762e-06,0.7206774971187716,0.05721873758970745,0.033924656463622756,0.27933897228793086,0.0,0.0,0.0,0,7.269886039243622,2.9765625,0.032773698462193676,17.5,-0.9403051135954964,-1.0,0.0011508823161748211,True
WP4,reduced,0.02,0.0,0.025,3,0.02,near Hopf,0.04,0.007812500000000002,0.26040205486496487,0.01392076761832568,0.2743989903703311,3.154390262745436e-06,0.7119896687408747,0.16393103596718495,0.03701529922948223,0.20560264645484588,25.0,0.48046875,0.2001953125,10,3.7882934507894412,3.03125,0.01392076761832568,25.0,0.0,0.0,0.001370132377048108,False
WP4,reduced,0.02,0.1,0.025,3,-0.08,clearly stable,0.16,0.0019531250000000004,0.2604022281915512,0.0031492182347382667,0.2636276186991969,3.1550140093331306e-06,0.7119636077000622,0.07781417656130403,0.027650334671274097,0.20560264645484588,0.0,0.0,0.0,0,6.238722051237259,1.8046875,0.01392076761832568,25.0,-0.7737755329962875,-1.0,0.0007645410074334625,True
WP4,reduced,0.02,0.2,0.025,3,-0.18000000000000002,clearly stable,0.36000000000000004,0.0008680555555555556,0.2604024632927285,0.0013770202546469555,0.26185566193501725,3.1560456115098002e-06,0.7119357716803548,0.05131330763300174,0.02196097487968409,0.20560264645484588,0.0,0.0,0.0,0,4.106252030563444,1.6640625,0.01392076761832568,25.0,-0.9010815859870968,-1.0,0.00048228441766611565,True
WP4,reduced,0.02,0.3,0.025,3,-0.27999999999999997,clearly stable,0.5599999999999999,0.0005580357142857145,0.2604027040804404,0.0008640627809363241,0.2613429515887085,3.157143390060235e-06,0.7119139067158066,0.04091379237572923,0.016788557160710975,0.20560264645484588,0.0,0.0,0.0,0,2.5993892253718993,1.140625,0.01392076761832568,25.0,-0.9379299472107523,-1.0,0.00028185565153845976,True
WP4,reduced,0.02,0.4,0.025,3,-0.38,clearly stable,0.76,0.0004111842105263159,0.26040294583084295,0.0006337431123034936,0.26111288000757427,3.1582569462225268e-06,0.7118970836820098,0.0347425813846938,0.014312566472666155,0.20560264645484588,0.0,0.0,0.0,0,2.006602573652582,0.5703125,0.01392076761832568,25.0,-0.9544749880409455,-1.0,0.0002048495590344873,True
WP4,reduced,0.02,0.0,0.055,1,0.02,near Hopf,0.04,0.0378125,0.2775465769535753,0.023533082591401168,0.30116049033599057,8.518522723551829e-06,0.7364620335702291,0.21939087452029868,0.055818259349392656,0.2538939423080425,22.5,0.5303819444444444,0.2001953125,9,4.405528826999724,1.125,0.023533082591401168,22.5,0.0,0.0,0.0031156780767960606,False
WP4,reduced,0.02,0.1,0.055,1,-0.08,clearly stable,0.16,0.009453125,0.27754673974756866,0.008137808996828677,0.285765387442075,8.520421187114023e-06,0.7364564925216284,0.12743380594496012,0.057129420773195244,0.2538939423080425,5.0,0.484375,0.040364583333333336,2,9.767124724791103,1.0,0.023533082591401168,22.5,-0.6541970663969803,-0.7777777777777778,0.003263770717880792,True
WP4,reduced,0.02,0.2,0.055,1,-0.18000000000000002,clearly stable,0.36000000000000004,0.004201388888888888,0.277547045957592,0.0042706355858220975,0.2818985371643332,8.524502800368542e-06,0.7364566738811087,0.09009017796277081,0.05221419701282769,0.2538939423080425,0.0,0.0,0.0,0,10.343504327555799,0.9375,0.023533082591401168,22.5,-0.8185262993390182,-1.0,0.002726322369694384,True
WP4,reduced,0.02,0.3,0.055,1,-0.27999999999999997,clearly stable,0.5599999999999999,0.0027008928571428574,0.27754737910298255,0.003070710631558464,0.28069896399853705,8.529097221004328e-06,0.7364561636697043,0.07590713109998304,0.04528050476491672,0.2538939423080425,0.0,0.0,0.0,0,9.300620406573303,0.7890625,0.023533082591401168,22.5,-0.8695151551169722,-1.0,0.002050324111765646,True
WP4,reduced,0.02,0.4,0.055,1,-0.38,clearly stable,0.76,0.0019901315789473684,0.2775477147965754,0.002534860335560216,0.2801634683079021,8.533808360039328e-06,0.7364553504652922,0.06834856655698247,0.04029590044665806,0.2538939423080425,0.0,0.0,0.0,0,8.58330929967729,0.6796875,0.023533082591401168,22.5,-0.8922852403328395,-1.0,0.0016237595928069773,True
WP4,reduced,0.02,0.0,0.055,2,0.02,near Hopf,0.04,0.0378125,0.26764639161441556,0.05242877528763358,0.32016069119403145,8.547216019365635e-06,0.7207434148246755,0.3145668416197058,0.06638223920060887,0.3732684371321809,7.5,1.5885416666666667,0.2001953125,3,20.789684355954005,2.3671875,0.05242877528763358,7.5,0.0,0.0,0.004406601681286853,False
WP4,reduced,0.02,0.1,0.055,2,-0.08,clearly stable,0.16,0.009453125,0.2676464245879023,0.02814766717944652,0.2958796190288508,8.547158620657714e-06,0.7206979586948488,0.22564218474488854,0.07598528208414314,0.3732684371321809,12.5,0.1640625,0.0341796875,5,7812.4960935246945,2.9453125,0.05242877528763358,7.5,-0.46312560182793866,0.6666666666666666,0.005773763093406804,True
WP4,reduced,0.02,0.2,0.055,2,-0.18000000000000002,clearly stable,0.36000000000000004,0.004201388888888888,0.2676464874515624,0.016343694604136982,0.28407571823598227,8.54927199724677e-06,0.7206685938148043,0.16732057840536219,0.07635758272534529,0.3732684371321809,0.0,0.0,0.0,0,7812.4960935246945,3.03125,0.05242877528763358,7.5,-0.6882686174820494,-1.0,0.00583048043965795,True
WP4,reduced,0.02,0.3,0.055,2,-0.27999999999999997,clearly stable,0.5599999999999999,0.0027008928571428574,0.2676465623889478,0.01066965579614532,0.27840176600457417,8.552467371225657e-06,0.7206503358203329,0.13424702798409496,0.06760407154046282,0.3732684371321809,0.0,0.0,0.0,0,44.56935212911396,2.9609375,0.05242877528763358,7.5,-0.7964923701229012,-1.0,0.004570310488848014,True
WP4,reduced,0.02,0.4,0.055,2,-0.38,clearly stable,0.76,0.0019901315789473684,0.26764664032366003,0.007535012437953636,0.27526721322905556,8.556121828822791e-06,0.7206371082695426,0.11309253610970384,0.05872831758565581,0.3732684371321809,0.0,0.0,0.0,0,15.36283087643301,2.7578125,0.05242877528763358,7.5,-0.856280975540336,-1.0,0.0034490152864416496,True
WP4,reduced,0.02,0.0,0.055,3,0.02,near Hopf,0.04,0.0378125,0.2603486670552419,0.017978841857533935,0.2784266138380857,7.944340087896017e-06,0.711950505800265,0.17890429912406725,0.0702311303422524,0.25154549489983863,20.0,0.6005859375,0.2001953125,8,6.609674726303701,1.96875,0.017978841857533935,20.0,0.0,0.0,0.004932411669150445,False
WP4,reduced,0.02,0.1,0.055,3,-0.08,clearly stable,0.16,0.009453125,0.2603488213208454,0.007867959517004034,0.26831590224140495,7.947267072594294e-06,0.7119251805221366,0.11718455531531025,0.0547262950043571,0.25154549489983863,2.5,0.078125,0.0032552083333333335,1,7.614849363725793,1.703125,0.017978841857533935,20.0,-0.5623767326421524,-0.875,0.0029949673649039207,True
WP4,reduced,0.02,0.2,0.055,3,-0.18000000000000002,clearly stable,0.36000000000000004,0.004201388888888888,0.260348956734897,0.004992288036872291,0.2654403885908895,7.95169715672743e-06,0.7118891772504213,0.09413371311380027,0.04118144987603744,0.25154549489983863,0.0,0.0,0.0,0,5.391418914759715,1.4375,0.017978841857533935,20.0,-0.7223242700263087,-1.0,0.001695911813892584,True
WP4,reduced,0.02,0.3,0.055,3,-0.27999999999999997,clearly stable,0.5599999999999999,0.0027008928571428574,0.2603490877920535,0.003632841426487181,0.2640810963919006,7.956459056551794e-06,0.7118597067866596,0.07990388225285587,0.03477649250663006,0.25154549489983863,0.0,0.0,0.0,0,4.435262833290539,0.8984375,0.017978841857533935,20.0,-0.797937962006999,-1.0,0.001209404431063697,True
WP4,reduced,0.02,0.4,0.055,3,-0.38,clearly stable,0.76,0.0019901315789473684,0.2603492196043945,0.002841853102323274,0.2632902633924387,7.961342561652209e-06,0.7118370703231457,0.07014355474245045,0.031140476590923262,0.25154549489983863,0.0,0.0,0.0,0,3.86446764461823,0.6328125,0.017978841857533935,20.0,-0.8419334724203934,-1.0,0.0009697292823098397,True
WP4,reduced,0.02,0.0,0.09,1,0.02,near Hopf,0.04,0.10124999999999999,0.277600682582827,0.03127914179415027,0.3089987016179318,1.9287594561675704e-05,0.7365276202271183,0.24925498535371748,0.08980929866435496,0.3051347025258201,30.0,0.3984375,0.2001953125,12,7.150724138742242,1.0390625,0.03127914179415027,30.0,0.0,0.0,0.008065710126583308,False
WP4,reduced,0.02,0.1,0.09,1,-0.08,clearly stable,0.16,0.025312499999999998,0.2776009103241676,0.015046018218758134,0.29276582498149084,1.9292433599804462e-05,0.7365260083058661,0.16968645880313082,0.08621950298674594,0.3051347025258201,7.5,0.59375,0.07421875,3,10.025953241709894,0.890625,0.03127914179415027,30.0,-0.5189759898856305,-0.75,0.007433802695281492,True
WP4,reduced,0.02,0.2,0.09,1,-0.18000000000000002,clearly stable,0.36000000000000004,0.011249999999999998,0.27760123993186825,0.00962162412732205,0.2873418012843899,1.930282038766475e-05,0.7365287649164309,0.13430032846922155,0.07581185580229177,0.3051347025258201,5.0,0.48046875,0.0400390625,2,9.792505216063937,0.8046875,0.03127914179415027,30.0,-0.6923948812073399,-0.8333333333333334,0.00574743748018748,True
WP4,reduced,0.02,0.3,0.09,1,-0.27999999999999997,clearly stable,0.5599999999999999,0.007232142857142857,0.27760157782217354,0.007540445610768108,0.2852610070328261,1.931488025625535e-05,0.7365307419893162,0.1177261830389708,0.06786602757523216,0.3051347025258201,2.5,0.1953125,0.008138020833333334,1,9.416686019801078,0.6953125,0.03127914179415027,30.0,-0.7589305467396711,-0.9166666666666666,0.0046057976988421725,True
WP4,reduced,0.02,0.4,0.09,1,-0.38,clearly stable,0.76,0.005328947368421052,0.27760191165391207,0.006464264297300347,0.28418520704624545,1.9327400852708367e-05,0.7365320428264713,0.10768717638787893,0.06226907844504881,0.3051347025258201,2.5,0.078125,0.0032552083333333335,1,9.132774429391278,0.640625,0.03127914179415027,30.0,-0.7933362641519379,-0.9166666666666666,0.003877438130395642,True
WP4,reduced,0.02,0.0,0.09,2,0.02,near Hopf,0.04,0.10124999999999999,0.267608865938727,0.0714446064210495,0.3391813588691166,1.917880110742904e-05,0.7206817505273903,0.3641095499141637,0.10043628940153217,0.4526553102319875,15.0,0.80078125,0.2001953125,6,106.18430475480055,2.4765625,0.0714446064210495,15.0,0.0,0.0,0.010087448228748323,False
WP4,reduced,0.02,0.1,0.09,2,-0.08,clearly stable,0.16,0.025312499999999998,0.2676089141121836,0.046320229640443536,0.3140570336219491,1.9178512057227713e-05,0.7206455461719955,0.28745308020515137,0.10773663284174398,0.4526553102319875,5.0,1.0,0.08333333333333333,2,7812.4960935246945,2.8203125,0.0714446064210495,15.0,-0.35166233028898936,-0.6666666666666666,0.011607182056076748,True
WP4,reduced,0.02,0.2,0.09,2,-0.18000000000000002,clearly stable,0.36000000000000004,0.011249999999999998,0.26760890569477663,0.03146162547251167,0.29919844058439043,1.9183172868316154e-05,0.720620711274561,0.2338181662557647,0.10299662372970396,0.4526553102319875,7.5,0.109375,0.013671875,3,7812.4960935246945,2.8828125,0.0714446064210495,15.0,-0.5596361006302327,-0.5,0.010608304499718217,True
WP4,reduced,0.02,0.3,0.09,2,-0.27999999999999997,clearly stable,0.5599999999999999,0.007232142857142857,0.2676088670105684,0.02271549865895319,0.2904523036218688,1.9190787198523127e-05,0.7206044207868594,0.197805602373983,0.0936723798501494,0.4526553102319875,0.0,0.0,0.0,0,57.39452865905373,2.7734375,0.0714446064210495,15.0,-0.6820543943501858,-1.0,0.008774514746790675,True
WP4,reduced,0.02,0.4,0.09,2,-0.38,clearly stable,0.76,0.005328947368421052,0.267608813268972,0.01714228182571313,0.28487906587158185,1.9199965153003305e-05,0.7205926513996181,0.1718970356125876,0.08412764637421423,0.4526553102319875,0.0,0.0,0.0,0,19.105251835341804,2.5703125,0.0714446064210495,15.0,-0.7600619181147514,-1.0,0.007077460884464841,True
WP4,reduced,0.02,0.0,0.09,3,0.02,near Hopf,0.04,0.10124999999999999,0.260287875792564,0.02671532018638417,0.28714736220850695,1.809304822928993e-05,0.7119046992380825,0.21419990679603482,0.09696309713783904,0.29994065907285505,20.0,0.5966796875,0.2001953125,8,10.502798265980763,1.46875,0.02671532018638417,20.0,0.0,0.0,0.00940184220656201,False
WP4,reduced,0.02,0.1,0.09,3,-0.08,clearly stable,0.16,0.025312499999999998,0.26028803645629733,0.01679764525700773,0.27722988853536856,1.810098097524631e-05,0.711870621779244,0.17004528960813617,0.07929341056578934,0.29994065907285505,12.5,0.2421875,0.050455729166666664,5,9.74975408128392,1.4140625,0.02671532018638417,20.0,-0.37123548810884616,-0.375,0.0062874449591548325,True
WP4,reduced,0.02,0.2,0.09,3,-0.18000000000000002,clearly stable,0.36000000000000004,0.011249999999999998,0.26028807650963914,0.012054690108885602,0.27248702434799305,1.811162769789158e-05,0.7118290424742296,0.14446922046705998,0.06484315798347375,0.29994065907285505,2.5,0.078125,0.0032552083333333335,1,7.471958615925463,1.1171875,0.02671532018638417,20.0,-0.5487723888471514,-0.875,0.004204635137269735,True
WP4,reduced,0.02,0.3,0.09,3,-0.27999999999999997,clearly stable,0.5599999999999999,0.007232142857142857,0.26028808654631547,0.009191917845749298,0.2696243157887639,1.8123249803350655e-05,0.711793807361098,0.12575056586800237,0.05616461971671966,0.29994065907285505,0.0,0.0,0.0,0,6.342729216771582,0.8984375,0.02671532018638417,20.0,-0.6559308373764472,-1.0,0.003154464507923735,True
WP4,reduced,0.02,0.4,0.09,3,-0.38,clearly stable,0.76,0.005328947368421052,0.2602880916300648,0.0073464526688037,0.2677789105781166,1.813540478383751e-05,0.71176595609254,0.11198533615925922,0.050420655601835514,0.29994065907285505,0.0,0.0,0.0,0,5.482136560676047,0.625,0.02671532018638417,20.0,-0.7250097465592825,-1.0,0.002542242511318907,True
WP4,reduced,0.15,0.0,0.025,1,0.15,self-oscillatory,0.3,0.0010416666666666669,0.2775017633828896,0.06857048025371182,0.34613530885210186,3.3663028750911867e-06,0.7364481068333908,0.366216005145161,0.04773647151395895,0.4030820627499279,17.5,0.6852678571428571,0.2001953125,7,1.2959802929469244,3.796875,0.06857048025371182,17.5,0.0,0.0,0.002278770712603014,False
WP4,reduced,0.15,0.1,0.025,1,0.04999999999999999,near Hopf,0.09999999999999998,0.0031250000000000015,0.27750150059543405,0.02620282644625086,0.3037673890321007,3.3656745076317174e-06,0.736420958493091,0.22985772613544384,0.02889353826914784,0.4030820627499279,0.0,0.0,0.0,0,1.382272856892083,1.6796875,0.06857048025371182,17.5,-0.6178701629432957,-1.0,0.0008348365537107107,True
WP4,reduced,0.15,0.2,0.025,1,-0.05000000000000002,weakly stable,0.10000000000000003,0.0031249999999999997,0.2775015779346558,0.005842123768067838,0.283406764508448,3.3658683511316284e-06,0.7364055986024115,0.10966961114779517,0.03054792470816729,0.4030820627499279,0.0,0.0,0.0,0,9.67511028936934,1.359375,0.06857048025371182,17.5,-0.914801183447281,-1.0,0.0009331757039758576,True
WP4,reduced,0.15,0.3,0.025,1,-0.15,clearly stable,0.3,0.0010416666666666669,0.277501869420644,0.001845584631538436,0.2794105207907734,3.3666594713421314e-06,0.7364006045499819,0.05932572261927258,0.03387942705792738,0.4030820627499279,0.0,0.0,0.0,0,11.55728268013135,1.4140625,0.06857048025371182,17.5,-0.9730848518967675,-1.0,0.001147815577773422,True
WP4,reduced,0.15,0.4,0.025,1,-0.25,clearly stable,0.5,0.0006250000000000001,0.27750220488134775,0.0009600632978884994,0.2785253393566327,3.3675747323420353e-06,0.7363966106322124,0.04247084802225682,0.028686877839161302,0.4030820627499279,0.0,0.0,0.0,0,7.297958541548688,1.1875,0.06857048025371182,17.5,-0.9859988832754816,-1.0,0.0008229369601589639,True
WP4,reduced,0.15,0.0,0.025,2,0.15,self-oscillatory,0.3,0.0010416666666666669,0.2676797281985669,0.08397196266212814,0.3517167102900573,3.4771674383943533e-06,0.72086616817155,0.40295930922001116,0.034382504696211305,0.428913248119174,25.0,0.4796875,0.2001953125,10,0.8485620904067073,1.1171875,0.08397196266212814,25.0,0.0,0.0,0.0011821566291849925,False
WP4,reduced,0.15,0.1,0.025,2,0.04999999999999999,near Hopf,0.09999999999999998,0.0031250000000000015,0.2676796489499156,0.04278791882084372,0.3105325870909942,3.4765928856281616e-06,0.7208104134841583,0.287916325477201,0.03001421289843373,0.428913248119174,0.0,0.0,0.0,0,2.1222106904265114,1.5234375,0.08397196266212814,25.0,-0.49044993752252347,-1.0,0.0009008529759125056,True
WP4,reduced,0.15,0.2,0.025,2,-0.05000000000000002,weakly stable,0.10000000000000003,0.0031249999999999997,0.2676796634852709,0.01631476877269078,0.28405945271941707,3.4764816453384743e-06,0.7207556273570707,0.1751982664906245,0.04315990045132468,0.428913248119174,0.0,0.0,0.0,0,7812.4960935246945,3.296875,0.08397196266212814,25.0,-0.8057117131067267,-1.0,0.0018627770069682564,True
WP4,reduced,0.15,0.3,0.025,2,-0.15,clearly stable,0.3,0.0010416666666666669,0.2676798147694906,0.006719018509331685,0.27446385556581326,3.476881253323206e-06,0.7207193029062662,0.10784796144917048,0.04871063327068501,0.428913248119174,0.0,0.0,0.0,0,7812.4960935246945,3.4921875,0.08397196266212814,25.0,-0.9199849771718864,-1.0,0.0023727257936311656,True
WP4,reduced,0.15,0.4,0.025,2,-0.25,clearly stable,0.5,0.0006250000000000001,0.2676800153296861,0.0035623577154225714,0.2713073973728265,3.477482274430519e-06,0.7206975209369034,0.07652027747226964,0.043535370989520324,0.428913248119174,0.0,0.0,0.0,0,17.36253611865851,3.265625,0.08397196266212814,25.0,-0.9575768196611508,-1.0,0.0018953285271951679,True
WP4,reduced,0.15,0.0,0.025,3,0.15,self-oscillatory,0.3,0.0010416666666666669,0.2604021155310936,0.0649385635599673,0.3254168499439065,3.155275100417328e-06,0.7120206180789493,0.35009831117518003,0.06860373679990489,0.40900539606955044,22.5,0.5329861111111112,0.2001953125,9,2.313912158027842,5.0,0.0649385635599673,22.5,0.0,0.0,0.004706472702910624,False
WP4,reduced,0.15,0.1,0.025,3,0.04999999999999999,near Hopf,0.09999999999999998,0.0031250000000000015,0.260402043467503,0.022284200360803565,0.2827624114398932,3.154427688153074e-06,0.7119951728328099,0.20627432278632077,0.04606795924648192,0.40900539606955044,0.0,0.0,0.0,0,3.2879330015958095,5.0,0.0649385635599673,22.5,-0.6568418034035308,-1.0,0.0021222568691355186,True
WP4,reduced,0.15,0.2,0.025,3,-0.05000000000000002,weakly stable,0.10000000000000003,0.0031249999999999997,0.260402163129608,0.004596847099366494,0.2650751808470055,3.154748540990405e-06,0.7119725014079638,0.09444438261027156,0.0285974041530039,0.40900539606955044,0.0,0.0,0.0,0,6.479233646640268,1.8671875,0.0649385635599673,22.5,-0.9292123686240527,-1.0,0.0008178115242902448,True
WP4,reduced,0.15,0.3,0.025,3,-0.15,clearly stable,0.3,0.0010416666666666669,0.260402391575828,0.0016726767623310604,0.2621512448448398,3.1557240679388067e-06,0.7119435319520613,0.056418532899429795,0.0239501676113078,0.40900539606955044,0.0,0.0,0.0,0,4.782622851792389,1.703125,0.0649385635599673,22.5,-0.9742421656619117,-1.0,0.0005736105286097373,True
WP4,reduced,0.15,0.4,0.025,3,-0.25,clearly stable,0.5,0.0006250000000000001,0.26040263169776134,0.0009722654022844368,0.2614510799217412,3.1568114952437666e-06,0.7119198639364902,0.04338281881653019,0.01800831775702516,0.40900539606955044,0.0,0.0,0.0,0,2.923530575786603,1.453125,0.0649385635599673,22.5,-0.9850279194829031,-1.0,0.00032429950843798774,True
WP4,reduced,0.15,0.0,0.055,1,0.15,self-oscillatory,0.3,0.0050416666666666665,0.2775468853031464,0.07332146623385857,0.3509491964510765,8.521727754840872e-06,0.7364924324163487,0.3815506612226054,0.05879400992477429,0.4238547256877745,20.0,0.59765625,0.2001953125,8,1.7276880529403666,1.9921875,0.07332146623385857,20.0,0.0,0.0,0.003456735603034458,False
WP4,reduced,0.15,0.1,0.055,1,0.04999999999999999,near Hopf,0.09999999999999998,0.015125000000000003,0.2775465931837279,0.03248372275071995,0.3101111479346572,8.51876553909304e-06,0.7364671997981799,0.25671463987625515,0.056573922451012185,0.4238547256877745,2.5,0.0859375,0.0035807291666666665,1,3.3781579525908696,1.2578125,0.07332146623385857,20.0,-0.5569684511338981,-0.875,0.0032006087014931407,True
WP4,reduced,0.15,0.2,0.055,1,-0.05000000000000002,weakly stable,0.10000000000000003,0.015124999999999994,0.2775466660962237,0.010829874502668268,0.28845737535538823,8.519490497214684e-06,0.7364567904475084,0.14840395588455269,0.056628227303635814,0.4238547256877745,0.0,0.0,0.0,0,8.271787080740273,1.0078125,0.07332146623385857,20.0,-0.8522959910795234,-1.0,0.0032067561275522447,True
WP4,reduced,0.15,0.3,0.055,1,-0.15,clearly stable,0.3,0.0050416666666666665,0.2775469487689552,0.004958964689483739,0.282586763678131,8.523186925105636e-06,0.7364566686571976,0.09744008708338359,0.054450577362725926,0.4238547256877745,0.0,0.0,0.0,0,10.662182815567352,0.96875,0.07332146623385857,20.0,-0.932366809555238,-1.0,0.002964865375134201,True
WP4,reduced,0.15,0.4,0.055,1,-0.25,clearly stable,0.5,0.003025,0.27754727851515565,0.0033222541558905385,0.28095040128719967,8.52769893345385e-06,0.7364563762132247,0.07908471131976019,0.047190140785821816,0.4238547256877745,0.0,0.0,0.0,0,9.592587035744147,0.828125,0.07332146623385857,20.0,-0.9546892018594635,-1.0,0.0022269093873856834,True
WP4,reduced,0.15,0.0,0.055,2,0.15,self-oscillatory,0.3,0.0050416666666666665,0.2676463554724996,0.10192955044892028,0.3696614368241403,8.550489165655062e-06,0.7208135540263046,0.44257734436722124,0.055041605687409276,0.4945196171870235,25.0,0.48046875,0.2001953125,10,2.6419201131280805,1.2578125,0.10192955044892028,25.0,0.0,0.0,0.003029578356648245,False
WP4,reduced,0.15,0.1,0.055,2,0.04999999999999999,near Hopf,0.09999999999999998,0.015125000000000003,0.267646385475686,0.06245799453251606,0.3301899048999014,8.547715654868889e-06,0.7207590199319251,0.34449097363312814,0.06313872436444629,0.4945196171870235,0.0,0.0,0.0,0,10.587043905645587,2.1015625,0.10192955044892028,25.0,-0.3872435004624543,-1.0,0.003986498514369523,True
WP4,reduced,0.15,0.2,0.055,2,-0.05000000000000002,weakly stable,0.10000000000000003,0.015124999999999994,0.2676464113055326,0.033880904937405726,0.3016128418380861,8.546905930477673e-06,0.7207100655339541,0.24955925360563605,0.07370846411245004,0.4945196171870235,0.0,0.0,0.0,0,7812.4960935246945,2.8671875,0.10192955044892028,25.0,-0.6676046859013237,-1.0,0.005432937681816335,True
WP4,reduced,0.15,0.3,0.055,2,-0.15,clearly stable,0.3,0.0050416666666666665,0.26764646648394175,0.01897627211756569,0.2867082716958512,8.548478933871076e-06,0.7206758429367479,0.18145254519597068,0.07771019153968352,0.4945196171870235,0.0,0.0,0.0,0,7812.4960935246945,3.0234375,0.10192955044892028,25.0,-0.8138295319268065,-1.0,0.006038873869134299,True
WP4,reduced,0.15,0.4,0.055,2,-0.25,clearly stable,0.5,0.003025,0.2676465394363822,0.012006590275067185,0.2797386738853243,8.551443175098473e-06,0.7206551015690356,0.14249086120573465,0.07044016130384037,0.4945196171870235,0.0,0.0,0.0,0,101.47055070873697,3.0,0.10192955044892028,25.0,-0.882206973128131,-1.0,0.00496181632451105,True
WP4,reduced,0.15,0.0,0.055,3,0.15,self-oscillatory,0.3,0.0050416666666666665,0.26034856529087663,0.06546028563297464,0.32590796892239293,7.947671700893237e-06,0.7119617430470516,0.34752756452507655,0.08763882705169047,0.42384074602397465,25.0,0.47890625,0.2001953125,10,2.9570176906373216,3.1015625,0.06546028563297464,25.0,0.0,0.0,0.007680564006996114,False
WP4,reduced,0.15,0.1,0.055,3,0.04999999999999999,near Hopf,0.09999999999999998,0.015125000000000003,0.260348625671909,0.025198793982600165,0.28564652352066705,7.944288734590785e-06,0.7119514347436677,0.21312109632642504,0.07445679056915612,0.42384074602397465,0.0,0.0,0.0,0,5.232431310679222,2.2109375,0.06546028563297464,25.0,-0.6150521841000546,-1.0,0.005543813661859176,True
WP4,reduced,0.15,0.2,0.055,3,-0.05000000000000002,weakly stable,0.10000000000000003,0.015124999999999994,0.26034877738958817,0.009534195596315544,0.26998208827926706,7.94611223204504e-06,0.7119356214132307,0.1287929719761072,0.05990814293639882,0.42384074602397465,0.0,0.0,0.0,0,8.514337667698557,1.7578125,0.06546028563297464,25.0,-0.8543514513552193,-1.0,0.0035889855900879913,True
WP4,reduced,0.15,0.3,0.055,3,-0.15,clearly stable,0.3,0.0050416666666666665,0.26034891707063457,0.005609178857101812,0.26605723284999677,7.950314025777194e-06,0.7118995035000011,0.09965554041391267,0.044376102725308994,0.42384074602397465,0.0,0.0,0.0,0,5.8430886311734795,1.578125,0.06546028563297464,25.0,-0.9143117265245132,-1.0,0.0019692384930871764,True
WP4,reduced,0.15,0.4,0.055,3,-0.25,clearly stable,0.5,0.003025,0.26034904848638035,0.003959688909403327,0.26440789753012284,7.955013062601266e-06,0.7118677526912092,0.08362271333437436,0.03621441314157309,0.42384074602397465,0.0,0.0,0.0,0,4.653552770054396,1.0390625,0.06546028563297464,25.0,-0.9395100575697963,-1.0,0.0013114837191885416,True
WP4,reduced,0.15,0.0,0.09,1,0.15,self-oscillatory,0.3,0.0135,0.2776009510963561,0.07803796292557662,0.35575782181788407,1.929463943802462e-05,0.7365494748069846,0.3943223258498246,0.08438245662696169,0.4513610519160363,30.0,0.400390625,0.2001953125,12,3.220426959876798,1.3203125,0.07803796292557662,30.0,0.0,0.0,0.00712039898640107,False
WP4,reduced,0.15,0.1,0.09,1,0.04999999999999999,near Hopf,0.09999999999999998,0.04050000000000001,0.27760067634235835,0.03971083652528773,0.31743039199232265,1.928797901380815e-05,0.7365307342147284,0.28132447426247253,0.08952105306954207,0.4513610519160363,5.0,0.73046875,0.060872395833333336,2,6.050923282680879,1.1171875,0.07803796292557662,30.0,-0.49113437823640743,-0.8333333333333334,0.008014018942679767,True
WP4,reduced,0.15,0.2,0.09,1,-0.05000000000000002,weakly stable,0.10000000000000003,0.04049999999999999,0.27760082187022533,0.018268033464818992,0.29598774258051497,1.929013486481021e-05,0.736525494561118,0.18819757800234405,0.08826569167200833,0.4513610519160363,0.0,0.0,0.0,0,9.472126791510911,0.9140625,0.07803796292557662,30.0,-0.7659083761291811,-1.0,0.007790832326338041,True
WP4,reduced,0.15,0.3,0.09,1,-0.15,clearly stable,0.3,0.0135,0.27760113870003295,0.010695111426332341,0.28841517412567386,1.929942272233461e-05,0.7365279747331593,0.14196693862906667,0.0787765136319562,0.4513610519160363,0.0,0.0,0.0,0,9.934591349451601,0.8359375,0.07803796292557662,30.0,-0.8629498897026301,-1.0,0.0062057391000057815,True
WP4,reduced,0.15,0.4,0.09,1,-0.25,clearly stable,0.5,0.0081,0.2776014767848573,0.008006847705372673,0.28572729396607877,1.9311187270674898e-05,0.7365302425072399,0.12168702806253824,0.06998713792850397,0.4513610519160363,0.0,0.0,0.0,0,9.532070172010016,0.7265625,0.07803796292557662,30.0,-0.8973980431420454,-1.0,0.004898199475423439,True
WP4,reduced,0.15,0.0,0.09,2,0.15,self-oscillatory,0.3,0.0135,0.2676086990587393,0.11901754630557332,0.38675415388389073,1.918667241733856e-05,0.7207411468043187,0.4765708219133747,0.08578068184430934,0.5505578158161274,25.0,0.4765625,0.2001953125,10,9.078689306848847,1.7109375,0.11901754630557332,25.0,0.0,0.0,0.007358325377674622,False
WP4,reduced,0.15,0.1,0.09,2,0.04999999999999999,near Hopf,0.09999999999999998,0.04050000000000001,0.2676088372802589,0.08117817086229559,0.34891489738363135,1.917996974242626e-05,0.7206944410174719,0.38984877436639676,0.09708228615772879,0.5505578158161274,7.5,0.4739583333333333,0.059244791666666664,3,44.26228490385401,2.3046875,0.11901754630557332,25.0,-0.3179310666187528,-0.7,0.00942497028561114,True
WP4,reduced,0.15,0.2,0.09,2,-0.05000000000000002,weakly stable,0.10000000000000003,0.04049999999999999,0.2676089068936598,0.05263798504821116,0.32037477881235227,1.9178007185539024e-05,0.7206552554078943,0.30834574448995594,0.10659875771500578,0.5505578158161274,0.0,0.0,0.0,0,7812.4960935246945,2.765625,0.11901754630557332,25.0,-0.5577292031120773,-1.0,0.011363295146382504,True
WP4,reduced,0.15,0.3,0.09,2,-0.15,clearly stable,0.3,0.0135,0.26760891241110024,0.035085784680643176,0.3028225993903413,1.918137399424531e-05,0.7206270468675425,0.2476071278852953,0.1052767771626128,0.5505578158161274,0.0,0.0,0.0,0,7812.4960935246945,2.8828125,0.11901754630557332,25.0,-0.7052049401979632,-1.0,0.011083199809746432,True
WP4,reduced,0.15,0.4,0.09,2,-0.25,clearly stable,0.5,0.0081,0.2676088806826014,0.02491300639055267,0.2926498158675045,1.9188294543699323e-05,0.7206086869814624,0.2072962383999134,0.09658555982992752,0.5505578158161274,0.0,0.0,0.0,0,138.91575748699367,2.828125,0.11901754630557332,25.0,-0.7906778692396379,-1.0,0.009328770367660508,True
WP4,reduced,0.15,0.0,0.09,3,0.15,self-oscillatory,0.3,0.0135,0.2602874981572481,0.06694371152170094,0.3273753917530201,1.809682504136482e-05,0.7119094143199934,0.3482798078983517,0.10463522022598643,0.44149605920251606,32.5,0.36959134615384615,0.2001953125,13,4.380586401284162,1.609375,0.06694371152170094,32.5,0.0,0.0,0.010948529311740679,False
WP4,reduced,0.15,0.1,0.09,3,0.04999999999999999,near Hopf,0.09999999999999998,0.04050000000000001,0.26028778615715376,0.03243212002832917,0.2928640666479399,1.8092039594091307e-05,0.7119083577300063,0.23752692687167212,0.09965477649107003,0.44149605920251606,2.5,0.078125,0.0032552083333333335,1,8.979296271193224,1.484375,0.06694371152170094,32.5,-0.515531492187795,-0.9230769230769231,0.009931074477485124,True
WP4,reduced,0.15,0.2,0.09,3,-0.05000000000000002,weakly stable,0.10000000000000003,0.04049999999999999,0.2602880078122127,0.018897663446760336,0.2793298640204788,1.8098146326911066e-05,0.7118829620769045,0.17992070869619106,0.085006908293541,0.44149605920251606,0.0,0.0,0.0,0,10.628131962147751,1.453125,0.06694371152170094,32.5,-0.7177081608235251,-1.0,0.00722617445762649,True
WP4,reduced,0.15,0.3,0.09,3,-0.15,clearly stable,0.3,0.0135,0.2602880698678846,0.013218282751670057,0.27365059466292957,1.8108298119575138e-05,0.7118410722771511,0.15129883865731472,0.06841142243294311,0.44149605920251606,0.0,0.0,0.0,0,7.95141202418726,1.2109375,0.06694371152170094,32.5,-0.8025463116519148,-1.0,0.004680122719298592,True
WP4,reduced,0.15,0.4,0.09,3,-0.25,clearly stable,0.5,0.0081,0.26028808459786434,0.009916939827332796,0.27034931955155844,1.811969391819529e-05,0.7118035577164473,0.13077934996404156,0.05834345293818048,0.44149605920251606,0.0,0.0,0.0,0,6.6448702574075575,0.9609375,0.06694371152170094,32.5,-0.8518615176554999,-1.0,0.0034039585007496808,True
WP4,reduced,0.35,0.0,0.025,1,0.35,self-oscillatory,0.7,0.0004464285714285715,0.2775024996863802,0.1687535500805638,0.4463191250514545,3.3683158265136705e-06,0.7365093767002268,0.5729870314062685,0.05510137190896537,0.6066310919514235,25.0,0.4765625,0.2001953125,10,0.690666980115268,2.171875,0.1687535500805638,25.0,0.0,0.0,0.003036161186250118,False
WP4,reduced,0.35,0.1,0.025,1,0.24999999999999997,self-oscillatory,0.49999999999999994,0.0006250000000000002,0.27750213406536456,0.1177890306011442,0.39535423451360285,3.3672519921274715e-06,0.7364776520714548,0.47857036775017886,0.0544875755650486,0.6066310919514235,0.0,0.0,0.0,0,0.9718722225829889,3.109375,0.1687535500805638,25.0,-0.30200561383798374,-1.0,0.0029688958909568812,True
WP4,reduced,0.35,0.2,0.025,1,0.14999999999999997,self-oscillatory,0.29999999999999993,0.001041666666666667,0.2775017633828898,0.06857048025371183,0.3461353088521021,3.3663028750911774e-06,0.7364481068333912,0.36621600514516106,0.047736471513958975,0.6066310919514235,0.0,0.0,0.0,0,1.2959802929469002,3.796875,0.1687535500805638,25.0,-0.5936649615905802,-1.0,0.002278770712603017,True
WP4,reduced,0.35,0.3,0.025,1,0.04999999999999999,near Hopf,0.09999999999999998,0.0031250000000000015,0.27750150059543405,0.02620282644625086,0.3037673890321007,3.3656745076317174e-06,0.736420958493091,0.22985772613544384,0.02889353826914784,0.6066310919514235,0.0,0.0,0.0,0,1.382272856892083,1.6796875,0.1687535500805638,25.0,-0.8447272579821788,-1.0,0.0008348365537107107,True
WP4,reduced,0.35,0.4,0.025,1,-0.050000000000000044,weakly stable,0.10000000000000009,0.003124999999999998,0.2775015779346558,0.005842123768067829,0.283406764508448,3.3658683511316335e-06,0.7364055986024115,0.10966961114779507,0.03054792470816723,0.6066310919514235,0.0,0.0,0.0,0,9.675110289368007,1.359375,0.1687535500805638,25.0,-0.9653807356036138,-1.0,0.0009331757039758539,True
WP4,reduced,0.35,0.0,0.025,2,0.35,self-oscillatory,0.7,0.0004464285714285715,0.26767990327031393,0.17944561247900354,0.4471905374148997,3.4788068074266127e-06,0.7209833393624452,0.5895682110861036,0.04539767434526686,0.6160896192797194,45.0,0.2651909722222222,0.2001953125,18,0.521188310592875,1.0,0.17944561247900354,45.0,0.0,0.0,0.002060948835958901,False
WP4,reduced,0.35,0.1,0.025,2,0.24999999999999997,self-oscillatory,0.49999999999999994,0.0006250000000000002,0.2676798187168412,0.13063650948130048,0.39838134855461904,3.477942735123754e-06,0.7209227038471054,0.5024987195341772,0.04169906264046809,0.6160896192797194,0.0,0.0,0.0,0,0.6676507523376933,1.09375,0.17944561247900354,45.0,-0.27199942268532246,-1.0,0.0017388118250936816,True
WP4,reduced,0.35,0.2,0.025,2,0.14999999999999997,self-oscillatory,0.29999999999999993,0.001041666666666667,0.2676797281985669,0.08397196266212814,0.35171671029005724,3.4771674383943516e-06,0.72086616817155,0.402959309220011,0.03438250469621129,0.6160896192797194,0.0,0.0,0.0,0,0.8485620904067589,1.1171875,0.17944561247900354,45.0,-0.5320478360987874,-1.0,0.0011821566291849914,True
WP4,reduced,0.35,0.3,0.025,2,0.04999999999999999,near Hopf,0.09999999999999998,0.0031250000000000015,0.2676796489499156,0.04278791882084372,0.3105325870909942,3.4765928856281616e-06,0.7208104134841583,0.287916325477201,0.03001421289843373,0.6160896192797194,0.0,0.0,0.0,0,2.1222106904265114,1.5234375,0.17944561247900354,45.0,-0.7615549456476669,-1.0,0.0009008529759125056,True
WP4,reduced,0.35,0.4,0.025,2,-0.050000000000000044,weakly stable,0.10000000000000009,0.003124999999999998,0.2676796634852709,0.016314768772690752,0.28405945271941707,3.476481645338473e-06,0.7207556273570708,0.17519826649062434,0.043159900451324694,0.6160896192797194,0.0,0.0,0.0,0,7812.4960935246945,3.296875,0.17944561247900354,45.0,-0.9090823757276334,-1.0,0.0018627770069682575,True
WP4,reduced,0.35,0.0,0.025,3,0.35,self-oscillatory,0.7,0.0004464285714285715,0.26040232679500525,0.16677400422281446,0.42725251446477264,3.1579436464524333e-06,0.7121010640383588,0.5647937213372566,0.07354103846296894,0.6100901170814257,25.0,0.478125,0.2001953125,10,0.9996607088967799,2.078125,0.16677400422281446,25.0,0.0,0.0,0.005408284338211878,False
WP4,reduced,0.35,0.1,0.025,3,0.24999999999999997,self-oscillatory,0.49999999999999994,0.0006250000000000002,0.26040221404964,0.11505989269106517,0.37553828374529374,3.156546713275958e-06,0.7120571078045428,0.4674846129609144,0.07441146007671448,0.6100901170814257,0.0,0.0,0.0,0,1.507837475267849,3.171875,0.16677400422281446,25.0,-0.31008496661540774,-1.0,0.005537065390748473,True
WP4,reduced,0.35,0.2,0.025,3,0.14999999999999997,self-oscillatory,0.29999999999999993,0.001041666666666667,0.2604021155310936,0.06493856355996716,0.32541684994390635,3.1552751004173373e-06,0.7120206180789491,0.3500983111751797,0.06860373679990459,0.6100901170814257,0.0,0.0,0.0,0,2.3139121580279185,5.0,0.16677400422281446,25.0,-0.6106193896189749,-1.0,0.004706472702910583,True
WP4,reduced,0.35,0.3,0.025,3,0.04999999999999999,near Hopf,0.09999999999999998,0.0031250000000000015,0.260402043467503,0.022284200360803565,0.2827624114398932,3.154427688153074e-06,0.7119951728328099,0.20627432278632077,0.04606795924648192,0.6100901170814257,0.0,0.0,0.0,0,3.2879330015958095,5.0,0.16677400422281446,25.0,-0.8663808519520148,-1.0,0.0021222568691355186,True
WP4,reduced,0.35,0.4,0.025,3,-0.050000000000000044,weakly stable,0.10000000000000009,0.003124999999999998,0.260402163129608,0.004596847099366491,0.2650751808470055,3.1547485409904093e-06,0.711972501407964,0.09444438261027155,0.02859740415300391,0.6100901170814257,0.0,0.0,0.0,0,6.479233646640268,1.8671875,0.16677400422281446,25.0,-0.9724366688874065,-1.0,0.0008178115242902453,True
WP4,reduced,0.35,0.0,0.055,1,0.35,self-oscillatory,0.7,0.0021607142857142858,0.27754773409552635,0.17168277279126032,0.44931139180137714,8.53150377813164e-06,0.7365530126049009,0.5812704659701587,0.05430054101902633,0.6236218402001416,25.0,0.47890625,0.2001953125,10,0.671304779676958,1.78125,0.17168277279126032,25.0,0.0,0.0,0.002948548754958961,False
WP4,reduced,0.35,0.1,0.055,1,0.24999999999999997,self-oscillatory,0.49999999999999994,0.0030250000000000003,0.277547315859756,0.12147158485174084,0.39909976455410234,8.526311003636116e-06,0.7365218623612423,0.489346332983172,0.057276774469882316,0.6236218402001416,2.5,0.046875,0.001953125,1,1.0302715548398014,2.1328125,0.17168277279126032,25.0,-0.29246491726090956,-0.9,0.003280628893673763,True
WP4,reduced,0.35,0.2,0.055,1,0.14999999999999997,self-oscillatory,0.29999999999999993,0.005041666666666667,0.2775468853031465,0.07332146623385859,0.3509491964510766,8.521727754840898e-06,0.7364924324163488,0.38155066122260556,0.058794009924774356,0.6236218402001416,0.0,0.0,0.0,0,1.7276880529403666,1.9921875,0.17168277279126032,25.0,-0.5729247318075056,-1.0,0.0034567356030344655,True
WP4,reduced,0.35,0.3,0.055,1,0.04999999999999999,near Hopf,0.09999999999999998,0.015125000000000003,0.2775465931837279,0.03248372275071995,0.3101111479346572,8.51876553909304e-06,0.7364671997981799,0.25671463987625515,0.056573922451012185,0.6236218402001416,0.0,0.0,0.0,0,3.3781579525908696,1.2578125,0.17168277279126032,25.0,-0.8107921824502734,-1.0,0.0032006087014931407,True
WP4,reduced,0.35,0.4,0.055,1,-0.050000000000000044,weakly stable,0.10000000000000009,0.015124999999999986,0.2775466660962237,0.010829874502668245,0.2884573753553883,8.519490497214664e-06,0.7364567904475084,0.1484039558845525,0.056628227303635856,0.6236218402001416,0.0,0.0,0.0,0,8.271787080738328,1.0078125,0.17168277279126032,25.0,-0.936919270777181,-1.0,0.0032067561275522494,True
WP4,reduced,0.35,0.0,0.055,2,0.35,self-oscillatory,0.7,0.0021607142857142858,0.2676462102088226,0.1933518623861029,0.46108362447698925,8.558464943534538e-06,0.720935079586083,0.6123462600991687,0.04945402412976968,0.6531685382087953,35.0,0.34263392857142855,0.2001953125,14,0.7287475209306997,0.7890625,0.1933518623861029,35.0,0.0,0.0,0.002445700502627842,False
WP4,reduced,0.35,0.1,0.055,2,0.24999999999999997,self-oscillatory,0.49999999999999994,0.0030250000000000003,0.2676462972699183,0.14647185033018262,0.41420368820621956,8.554243008651467e-06,0.7208719445013502,0.5318896582605247,0.05126427426801939,0.6531685382087953,0.0,0.0,0.0,0,1.2101717753315888,0.9296875,0.1933518623861029,35.0,-0.2424595836698275,-1.0,0.002628025816226715,True
WP4,reduced,0.35,0.2,0.055,2,0.14999999999999997,self-oscillatory,0.29999999999999993,0.005041666666666667,0.2676463554724995,0.10192955044892021,0.36966143682414015,8.550489165655073e-06,0.7208135540263042,0.44257734436722124,0.05504160568740934,0.6531685382087953,0.0,0.0,0.0,0,2.6419201131280805,1.2578125,0.1933518623861029,35.0,-0.47282871139157767,-1.0,0.003029578356648252,True
WP4,reduced,0.35,0.3,0.055,2,0.04999999999999999,near Hopf,0.09999999999999998,0.015125000000000003,0.267646385475686,0.06245799453251606,0.3301899048999014,8.547715654868889e-06,0.7207590199319251,0.34449097363312814,0.06313872436444629,0.6531685382087953,0.0,0.0,0.0,0,10.587043905645587,2.1015625,0.1933518623861029,35.0,-0.6769723665356058,-1.0,0.003986498514369523,True
WP4,reduced,0.35,0.4,0.055,2,-0.050000000000000044,weakly stable,0.10000000000000009,0.015124999999999986,0.2676464113055326,0.033880904937405726,0.30161284183808607,8.546905930477678e-06,0.7207100655339542,0.24955925360563613,0.07370846411245005,0.6531685382087953,0.0,0.0,0.0,0,7812.4960935246945,2.8671875,0.1933518623861029,35.0,-0.8247707339391994,-1.0,0.005432937681816337,True
WP4,reduced,0.35,0.0,0.055,3,0.35,self-oscillatory,0.7,0.0021607142857142858,0.2603483953119029,0.16759479745145603,0.42804236299026516,7.960400734280593e-06,0.7120346983179426,0.5640526167744837,0.08603773642922487,0.622684478642204,20.0,0.5830078125,0.2001953125,8,1.14711109960909,1.7890625,0.16759479745145603,20.0,0.0,0.0,0.007402492089864768,False
WP4,reduced,0.35,0.1,0.055,3,0.24999999999999997,self-oscillatory,0.49999999999999994,0.0030250000000000003,0.26034847752869616,0.11558891165446208,0.3760365327099487,7.953744200089015e-06,0.7119932276550002,0.46580991437984,0.08937300277729429,0.622684478642204,0.0,0.0,0.0,0,1.7892283343446218,2.3671875,0.16759479745145603,20.0,-0.31030728034417354,-1.0,0.007987533625430253,True
WP4,reduced,0.35,0.2,0.055,3,0.14999999999999997,self-oscillatory,0.29999999999999993,0.005041666666666667,0.2603485652908765,0.06546028563297465,0.3259079689223928,7.947671700893234e-06,0.7119617430470516,0.34752756452507666,0.08763882705169049,0.622684478642204,0.0,0.0,0.0,0,2.957017690637072,3.1015625,0.16759479745145603,20.0,-0.6094133790045883,-1.0,0.007680564006996116,True
WP4,reduced,0.35,0.3,0.055,3,0.04999999999999999,near Hopf,0.09999999999999998,0.015125000000000003,0.260348625671909,0.025198793982600165,0.28564652352066705,7.944288734590785e-06,0.7119514347436677,0.21312109632642504,0.07445679056915612,0.622684478642204,0.0,0.0,0.0,0,5.232431310679222,2.2109375,0.16759479745145603,20.0,-0.8496445333280765,-1.0,0.005543813661859176,True
WP4,reduced,0.35,0.4,0.055,3,-0.050000000000000044,weakly stable,0.10000000000000009,0.015124999999999986,0.26034877738958817,0.00953419559631553,0.26998208827926706,7.946112232045028e-06,0.7119356214132311,0.12879297197610715,0.05990814293639879,0.622684478642204,0.0,0.0,0.0,0,8.51433766770062,1.7578125,0.16759479745145603,20.0,-0.9431116255319494,-1.0,0.0035889855900879883,True
WP4,reduced,0.35,0.0,0.09,1,0.35,self-oscillatory,0.7,0.0057857142857142855,0.2776019669274787,0.17386859686434367,0.45158956946333945,1.9319479139836987e-05,0.7366016300199297,0.5876407028878745,0.06821069582983189,0.6412968760915927,27.5,0.43607954545454547,0.2001953125,11,1.0631281892424211,1.03125,0.17386859686434367,27.5,0.0,0.0,0.004652699025589845,False
WP4,reduced,0.35,0.1,0.09,1,0.24999999999999997,self-oscillatory,0.49999999999999994,0.008100000000000001,0.2776014564531029,0.12461995838732923,0.40234036890714997,1.930602949783378e-05,0.736574429469821,0.49777676346260674,0.07591948840874269,0.6412968760915927,7.5,0.4192708333333333,0.053059895833333336,3,1.7616721007265856,1.28125,0.17386859686434367,27.5,-0.28325206141416887,-0.7272727272727273,0.005763768720245215,True
WP4,reduced,0.35,0.2,0.09,1,0.14999999999999997,self-oscillatory,0.29999999999999993,0.013500000000000002,0.2776009510963561,0.07803796292557652,0.35575782181788396,1.92946394380246e-05,0.7365494748069846,0.39432232584982446,0.08438245662696175,0.6412968760915927,2.5,0.0859375,0.0035807291666666665,1,3.220426959877093,1.3203125,0.17386859686434367,27.5,-0.5511670058138011,-0.9090909090909091,0.0071203989864010815,True
WP4,reduced,0.35,0.3,0.09,1,0.04999999999999999,near Hopf,0.09999999999999998,0.04050000000000001,0.27760067634235835,0.03971083652528773,0.31743039199232265,1.928797901380815e-05,0.7365307342147284,0.28132447426247253,0.08952105306954207,0.6412968760915927,0.0,0.0,0.0,0,6.050923282680879,1.1171875,0.17386859686434367,27.5,-0.7716043193454247,-1.0,0.008014018942679767,True
WP4,reduced,0.35,0.4,0.09,1,-0.050000000000000044,weakly stable,0.10000000000000009,0.04049999999999996,0.27760082187022544,0.01826803346481899,0.29598774258051497,1.929013486481021e-05,0.7365254945611182,0.18819757800234396,0.08826569167200829,0.6412968760915927,0.0,0.0,0.0,0,9.472126791510911,0.9140625,0.17386859686434367,27.5,-0.8949319555441508,-1.0,0.007790832326338033,True
WP4,reduced,0.35,0.0,0.09,2,0.35,self-oscillatory,0.7,0.0057857142857142855,0.26760828445428786,0.20723770446072204,0.4749739606625428,1.9206991192153283e-05,0.7208538715788627,0.6337979172106167,0.07030267165797192,0.6920138438803296,25.0,0.47265625,0.2001953125,10,1.8115408824489552,0.9453125,0.20723770446072204,25.0,0.0,0.0,0.0049424656422486085,False
WP4,reduced,0.35,0.1,0.09,2,0.24999999999999997,self-oscillatory,0.49999999999999994,0.008100000000000001,0.2676085104405184,0.1618763034936465,0.42961275174704117,1.9196133787442283e-05,0.7207943081583376,0.5584689434081166,0.0767629228632991,0.6920138438803296,12.5,0.1359375,0.0283203125,5,3.517287492755637,1.1953125,0.20723770446072204,25.0,-0.21888584939268577,-0.5,0.005892546326516807,True
WP4,reduced,0.35,0.2,0.09,2,0.14999999999999997,self-oscillatory,0.29999999999999993,0.013500000000000002,0.26760869905873924,0.11901754630557335,0.3867541538838908,1.9186672417338528e-05,0.7207411468043187,0.4765708219133747,0.08578068184430938,0.6920138438803296,0.0,0.0,0.0,0,9.07868930685002,1.7109375,0.20723770446072204,25.0,-0.4256954996906422,-1.0,0.007358325377674629,True
WP4,reduced,0.35,0.3,0.09,2,0.04999999999999999,near Hopf,0.09999999999999998,0.04050000000000001,0.2676088372802589,0.08117817086229559,0.34891489738363135,1.917996974242626e-05,0.7206944410174719,0.38984877436639676,0.09708228615772879,0.6920138438803296,0.0,0.0,0.0,0,44.26228490385401,2.3046875,0.20723770446072204,25.0,-0.6082847420379462,-1.0,0.00942497028561114,True
WP4,reduced,0.35,0.4,0.09,2,-0.050000000000000044,weakly stable,0.10000000000000009,0.04049999999999996,0.2676089068936598,0.052637985048211135,0.32037477881235227,1.9178007185539048e-05,0.7206552554078943,0.30834574448995594,0.10659875771500571,0.6920138438803296,0.0,0.0,0.0,0,7812.4960935246945,2.765625,0.20723770446072204,25.0,-0.7460018909918602,-1.0,0.01136329514638249,True
WP4,reduced,0.35,0.0,0.09,3,0.35,self-oscillatory,0.7,0.0057857142857142855,0.26028710832509794,0.16747298546008527,0.4279044021134689,1.812895824064745e-05,0.7119668774071105,0.5618537886040379,0.0993064649275762,0.6412516402505228,17.5,0.6696428571428571,0.2001953125,7,1.4982346140247063,1.359375,0.16747298546008527,17.5,0.0,0.0,0.00986177397641192,False
WP4,reduced,0.35,0.1,0.09,3,0.24999999999999997,self-oscillatory,0.49999999999999994,0.008100000000000001,0.2602872928060047,0.11549993718579796,0.3759314715382512,1.8111236775706934e-05,0.7119302671931939,0.4631498348571102,0.10409584690908745,0.6412516402505228,2.5,0.0703125,0.0029296875,1,2.434139979177638,1.5546875,0.16747298546008527,17.5,-0.31033690676443054,-0.8571428571428571,0.010835945343720172,True
WP4,reduced,0.35,0.2,0.09,3,0.14999999999999997,self-oscillatory,0.29999999999999993,0.013500000000000002,0.260287498157248,0.06694371152170098,0.32737539175301994,1.8096825041364835e-05,0.711909414319993,0.34827980789835183,0.1046352202259862,0.6412516402505228,0.0,0.0,0.0,0,4.380586401282523,1.609375,0.16747298546008527,17.5,-0.6002715820835711,-1.0,0.010948529311740632,True
WP4,reduced,0.35,0.3,0.09,3,0.04999999999999999,near Hopf,0.09999999999999998,0.04050000000000001,0.26028778615715376,0.03243212002832917,0.2928640666479399,1.8092039594091307e-05,0.7119083577300063,0.23752692687167212,0.09965477649107003,0.6412516402505228,0.0,0.0,0.0,0,8.979296271193224,1.484375,0.16747298546008527,17.5,-0.8063441698418943,-1.0,0.009931074477485124,True
WP4,reduced,0.35,0.4,0.09,3,-0.050000000000000044,weakly stable,0.10000000000000009,0.04049999999999996,0.2602880078122127,0.018897663446760336,0.2793298640204788,1.8098146326911066e-05,0.7118829620769042,0.17992070869619106,0.085006908293541,0.6412516402505228,0.0,0.0,0.0,0,10.628131962144536,1.453125,0.16747298546008527,17.5,-0.8871599297352688,-1.0,0.00722617445762649,True
WP4,reduced,0.55,0.0,0.025,1,0.55,self-oscillatory,1.1,0.00028409090909090913,0.2775032151794561,0.27161311092000906,0.5491794133586425,3.370472494605015e-06,0.7365835465330474,0.7290187905716565,0.04927694650461484,0.7538013104631321,27.5,0.43394886363636365,0.2001953125,11,0.3395381501605842,1.0625,0.27161311092000906,27.5,0.0,0.0,0.0024282174568186726,False
WP4,reduced,0.55,0.1,0.025,1,0.45000000000000007,self-oscillatory,0.9000000000000001,0.00034722222222222224,0.2775028566603518,0.2201874120321689,0.4977533498943547,3.369401370577748e-06,0.7365443646977795,0.6553265465982665,0.052887622977063065,0.7538013104631321,0.0,0.0,0.0,0,0.48553445919524446,1.5390625,0.27161311092000906,27.5,-0.18933437606767514,-1.0,0.002797100664163969,True
WP4,reduced,0.55,0.2,0.025,1,0.35000000000000003,self-oscillatory,0.7000000000000001,0.00044642857142857147,0.2775024996863802,0.16875355008056395,0.4463191250514547,3.3683158265136815e-06,0.7365093767002268,0.5729870314062687,0.05510137190896536,0.7538013104631321,0.0,0.0,0.0,0,0.6906669801152611,2.171875,0.27161311092000906,27.5,-0.3786988061476075,-1.0,0.003036161186250117,True
WP4,reduced,0.55,0.3,0.025,1,0.25000000000000006,self-oscillatory,0.5000000000000001,0.000625,0.27750213406536467,0.11778903060114414,0.39535423451360285,3.3672519921274664e-06,0.7364776520714544,0.4785703677501787,0.054487575565048525,0.7538013104631321,0.0,0.0,0.0,0,0.9718722225829348,3.109375,0.27161311092000906,27.5,-0.5663352545752719,-1.0,0.002968895890956873,True
WP4,reduced,0.55,0.4,0.025,1,0.15000000000000002,self-oscillatory,0.30000000000000004,0.0010416666666666667,0.2775017633828898,0.0685704802537119,0.3461353088521021,3.3663028750911837e-06,0.7364481068333912,0.3662160051451611,0.04773647151395885,0.7538013104631321,0.0,0.0,0.0,0,1.2959802929468522,3.796875,0.27161311092000906,27.5,-0.7475435555321697,-1.0,0.0022787707126030047,True
WP4,reduced,0.55,0.0,0.025,2,0.55,self-oscillatory,1.1,0.00028409090909090913,0.267680057952085,0.27942235583406005,0.5471674385983928,3.480636362171166e-06,0.7211231525996227,0.7383907378286422,0.04444402308172517,0.7615878233748505,52.5,0.22805059523809523,0.2001953125,21,0.2864181430393989,0.7421875,0.27942235583406005,52.5,0.0,0.0,0.0019752711876889193,False
WP4,reduced,0.55,0.1,0.025,2,0.45000000000000007,self-oscillatory,0.9000000000000001,0.00034722222222222224,0.26767998182138375,0.2292323743925176,0.49697737940987285,3.479712545218464e-06,0.7210498620746701,0.6674890938287904,0.045937334180839166,0.7615878233748505,0.0,0.0,0.0,0,0.3913828981698961,0.8671875,0.27942235583406005,52.5,-0.17962049347028153,-1.0,0.0021102386716420943,True
WP4,reduced,0.55,0.2,0.025,2,0.35000000000000003,self-oscillatory,0.7000000000000001,0.00044642857142857147,0.26767990327031393,0.1794456124790036,0.4471905374148997,3.4788068074265966e-06,0.7209833393624449,0.5895682110861039,0.04539767434526694,0.7615878233748505,0.0,0.0,0.0,0,0.5211883105928828,1.0,0.27942235583406005,52.5,-0.35779794017064775,-1.0,0.002060948835958908,True
WP4,reduced,0.55,0.3,0.025,2,0.25000000000000006,self-oscillatory,0.5000000000000001,0.000625,0.2676798187168413,0.13063650948130054,0.39838134855461915,3.477942735123766e-06,0.7209227038471057,0.5024987195341774,0.041699062640468104,0.7615878233748505,0.0,0.0,0.0,0,0.6676507523377125,1.09375,0.27942235583406005,52.5,-0.5324765296915563,-1.0,0.0017388118250936829,True
WP4,reduced,0.55,0.4,0.025,2,0.15000000000000002,self-oscillatory,0.30000000000000004,0.0010416666666666667,0.2676797281985669,0.08397196266212813,0.3517167102900573,3.4771674383943592e-06,0.7208661681715499,0.402959309220011,0.034382504696211284,0.7615878233748505,0.0,0.0,0.0,0,0.8485620904067487,1.1171875,0.27942235583406005,52.5,-0.6994801564410387,-1.0,0.001182156629184991,True
WP4,reduced,0.55,0.0,0.025,3,0.55,self-oscillatory,1.1,0.00028409090909090913,0.26040255266060497,0.27103853241620757,0.5315172797615193,3.1608697381769822e-06,0.7122133757277611,0.724371536099721,0.06391527479102686,0.7568872370057154,25.0,0.4703125,0.2001953125,10,0.451917279143339,1.234375,0.27103853241620757,25.0,0.0,0.0,0.004085162351612474,False
WP4,reduced,0.55,0.1,0.025,3,0.45000000000000007,self-oscillatory,0.9000000000000001,0.00034722222222222224,0.26040244162292286,0.21892543026234415,0.4794040612319208,3.1594020528920464e-06,0.7121530555251571,0.6491483301752173,0.06951726887688059,0.7568872370057154,0.0,0.0,0.0,0,0.6710543085786822,1.578125,0.27103853241620757,25.0,-0.19227193155635297,-1.0,0.004832650672100511,True
WP4,reduced,0.55,0.2,0.025,3,0.35000000000000003,self-oscillatory,0.7000000000000001,0.00044642857142857147,0.26040232679500525,0.1667740042228144,0.4272525144647725,3.157943646452446e-06,0.7121010640383592,0.5647937213372565,0.07354103846296883,0.7568872370057154,0.0,0.0,0.0,0,0.9996607088968086,2.078125,0.27103853241620757,25.0,-0.3846852595603796,-1.0,0.0054082843382118615,True
WP4,reduced,0.55,0.3,0.025,3,0.25000000000000006,self-oscillatory,0.5000000000000001,0.000625,0.2604022140496401,0.11505989269106515,0.37553828374529385,3.156546713275958e-06,0.7120571078045429,0.4674846129609144,0.07441146007671454,0.7568872370057154,0.0,0.0,0.0,0,1.5078374752677837,3.171875,0.27103853241620757,25.0,-0.5754851103075675,-1.0,0.005537065390748481,True
WP4,reduced,0.55,0.4,0.025,3,0.15000000000000002,self-oscillatory,0.30000000000000004,0.0010416666666666667,0.2604021155310936,0.06493856355996722,0.3254168499439064,3.155275100417328e-06,0.7120206180789492,0.35009831117517987,0.06860373679990467,0.7568872370057154,0.0,0.0,0.0,0,2.3139121580277657,5.0,0.27103853241620757,25.0,-0.7604083707911783,-1.0,0.004706472702910594,True
WP4,reduced,0.55,0.0,0.055,1,0.55,self-oscillatory,1.1,0.001375,0.2775485420826892,0.27331600794980687,0.5509454786736921,8.542264388936668e-06,0.7366225495625125,0.7342079567800676,0.04737786749106094,0.7676755265318695,27.5,0.4353693181818182,0.2001953125,11,0.3283081716396668,0.7421875,0.27331600794980687,27.5,0.0,0.0,0.0022446623280005288,False
WP4,reduced,0.55,0.1,0.055,1,0.45000000000000007,self-oscillatory,0.9000000000000001,0.0016805555555555554,0.27754813714298215,0.22246389197730765,0.5000929358967915,8.536879874183816e-06,0.7365863548887744,0.6618575208869197,0.050911943863961556,0.7676755265318695,0.0,0.0,0.0013020833333333333,0,0.4621739479319637,1.0546875,0.27331600794980687,27.5,-0.1860561199980572,-1.0,0.002592026028007173,True
WP4,reduced,0.55,0.2,0.055,1,0.35000000000000003,self-oscillatory,0.7000000000000001,0.0021607142857142853,0.27754773409552624,0.17168277279126032,0.4493113918013769,8.531503778131656e-06,0.7365530126049006,0.5812704659701586,0.054300541019026274,0.7676755265318695,0.0,0.0,0.0,0,0.6713047796769451,1.78125,0.27331600794980687,27.5,-0.37185247919035536,-1.0,0.0029485487549589548,True
WP4,reduced,0.55,0.3,0.055,1,0.25000000000000006,self-oscillatory,0.5000000000000001,0.003024999999999999,0.27754731585975595,0.1214715848517409,0.39909976455410234,8.526311003636121e-06,0.7365218623612425,0.48934633298317204,0.057276774469882476,0.7676755265318695,0.0,0.0,0.0,0,1.030271554839786,2.1328125,0.27331600794980687,27.5,-0.5555635918915933,-1.0,0.003280628893673781,True
WP4,reduced,0.55,0.4,0.055,1,0.15000000000000002,self-oscillatory,0.30000000000000004,0.005041666666666666,0.2775468853031464,0.07332146623385861,0.35094919645107653,8.521727754840876e-06,0.7364924324163485,0.38155066122260556,0.05879400992477439,0.7676755265318695,0.0,0.0,0.0,0,1.7276880529404945,1.9921875,0.27331600794980687,27.5,-0.7317337290857705,-1.0,0.0034567356030344694,True
WP4,reduced,0.55,0.0,0.055,2,0.55,self-oscillatory,1.1,0.001375,0.26764598248020816,0.2901805070165988,0.5579120651057125,8.567500065728017e-06,0.7210773718136464,0.7531626866314172,0.04612944713585149,0.7883416231028998,47.5,0.2512335526315789,0.2001953125,19,0.3553891176735529,0.6171875,0.2901805070165988,47.5,0.0,0.0,0.0021279258930593167,False
WP4,reduced,0.55,0.1,0.055,2,0.45000000000000007,self-oscillatory,0.9000000000000001,0.0016805555555555554,0.2676461020355102,0.24144211904679727,0.5091737848051593,8.56292273539331e-06,0.7210034922626062,0.6856419307373821,0.04792231336318846,0.7883416231028998,0.0,0.0,0.0,0,0.495042683942787,0.703125,0.2901805070165988,47.5,-0.16795886281573566,-1.0,0.0022965481180796314,True
WP4,reduced,0.55,0.2,0.055,2,0.35000000000000003,self-oscillatory,0.7000000000000001,0.0021607142857142853,0.2676462102088226,0.19335186238610286,0.4610836244769893,8.55846494353454e-06,0.720935079586083,0.6123462600991686,0.04945402412976973,0.7883416231028998,0.0,0.0,0.0,0,0.7287475209307074,0.7890625,0.2901805070165988,47.5,-0.33368418032627256,-1.0,0.0024457005026278468,True
WP4,reduced,0.55,0.3,0.055,2,0.25000000000000006,self-oscillatory,0.5000000000000001,0.003024999999999999,0.26764629726991834,0.14647185033018256,0.41420368820621967,8.55424300865146e-06,0.7208719445013504,0.5318896582605247,0.051264274268019494,0.7883416231028998,0.0,0.0,0.0,0,1.2101717753315677,0.9296875,0.2901805070165988,47.5,-0.4952388365569844,-1.0,0.0026280258162267255,True
WP4,reduced,0.55,0.4,0.055,2,0.15000000000000002,self-oscillatory,0.30000000000000004,0.005041666666666666,0.2676463554724996,0.10192955044892024,0.36966143682414027,8.55048916565508e-06,0.7208135540263046,0.44257734436722135,0.05504160568740939,0.7883416231028998,0.0,0.0,0.0,0,2.641920113127981,1.2578125,0.2901805070165988,47.5,-0.6487374307224237,-1.0,0.003029578356648257,True
WP4,reduced,0.55,0.0,0.055,3,0.55,self-oscillatory,1.1,0.001375,0.260348225303916,0.27237303335206986,0.5328204766671566,7.974080114022304e-06,0.7121459601967933,0.7245107931326767,0.0739289826863092,0.7718193058627535,27.5,0.4268465909090909,0.2001953125,11,0.5132223164086306,1.1796875,0.27237303335206986,27.5,0.0,0.0,0.005465494481032605,False
WP4,reduced,0.55,0.1,0.055,3,0.45000000000000007,self-oscillatory,0.9000000000000001,0.0016805555555555554,0.26034831737736913,0.22001407547177032,0.48046158798088284,7.96723441818908e-06,0.7120855722897933,0.648940398823069,0.08054601514077216,0.7718193058627535,0.0,0.0,0.0003255208333333333,0,0.7618036889910992,1.4296875,0.27237303335206986,27.5,-0.19223253211201807,-1.0,0.0064876605550574975,True
WP4,reduced,0.55,0.2,0.055,3,0.35000000000000003,self-oscillatory,0.7000000000000001,0.0021607142857142853,0.26034839531190285,0.16759479745145617,0.42804236299026527,7.960400734280603e-06,0.7120346983179427,0.5640526167744839,0.0860377364292251,0.7718193058627535,0.0,0.0,0.0,0,1.1471110996090712,1.7890625,0.27237303335206986,27.5,-0.3846865257221597,-1.0,0.007402492089864808,True
WP4,reduced,0.55,0.3,0.055,3,0.25000000000000006,self-oscillatory,0.5000000000000001,0.003024999999999999,0.26034847752869605,0.11558891165446214,0.37603653270994863,7.953744200088994e-06,0.711993227655,0.46580991437984015,0.08937300277729429,0.7718193058627535,0.0,0.0,0.0,0,1.7892283343443933,2.3671875,0.27237303335206986,27.5,-0.575622776484441,-1.0,0.007987533625430253,True
WP4,reduced,0.55,0.4,0.055,3,0.15000000000000002,self-oscillatory,0.30000000000000004,0.005041666666666666,0.2603485652908765,0.06546028563297465,0.3259079689223928,7.947671700893234e-06,0.7119617430470516,0.34752756452507666,0.08763882705169049,0.7718193058627535,0.0,0.0,0.0,0,2.9570176906368233,3.1015625,0.27237303335206986,27.5,-0.7596667892288714,-1.0,0.007680564006996116,True
WP4,reduced,0.55,0.0,0.09,1,0.55,self-oscillatory,1.1,0.0036818181818181815,0.2776029359555279,0.27416182514013554,0.5518838718493456,1.934825129345629e-05,0.736661668891727,0.738105014979114,0.05719097074848537,0.7811188952234691,30.0,0.3984375,0.2001953125,12,0.49441064879126767,0.5859375,0.27416182514013554,30.0,0.0,0.0,0.0032708071351541094,False
WP4,reduced,0.55,0.1,0.09,1,0.45000000000000007,self-oscillatory,0.9000000000000001,0.004499999999999999,0.27760245373040904,0.2239116271721736,0.5016331393438359,1.933373877712665e-05,0.7366306453025397,0.6668351017684625,0.062080913690061676,0.7811188952234691,7.5,0.2734375,0.035481770833333336,3,0.7017162846359957,0.765625,0.27416182514013554,30.0,-0.1832866335138999,-0.75,0.003854039844592887,True
WP4,reduced,0.55,0.2,0.09,1,0.35000000000000003,self-oscillatory,0.7000000000000001,0.005785714285714285,0.2776019669274787,0.17386859686434375,0.4515895694633395,1.9319479139836974e-05,0.7366016300199298,0.5876407028878746,0.06821069582983182,0.7811188952234691,0.0,0.0,0.0016276041666666667,0,1.0631281892424373,1.03125,0.27416182514013554,30.0,-0.365817626960018,-1.0,0.0046526990255898355,True
WP4,reduced,0.55,0.3,0.09,1,0.25000000000000006,self-oscillatory,0.5000000000000001,0.008099999999999998,0.2776014564531029,0.12461995838732925,0.40234036890715,1.930602949783377e-05,0.7365744294698208,0.49777676346260685,0.07591948840874269,0.7811188952234691,0.0,0.0,0.0,0,1.761672100726497,1.28125,0.27416182514013554,30.0,-0.5454510914361225,-1.0,0.005763768720245215,True
WP4,reduced,0.55,0.4,0.09,1,0.15000000000000002,self-oscillatory,0.30000000000000004,0.013499999999999998,0.2776009510963562,0.07803796292557667,0.3557578218178842,1.9294639438024593e-05,0.7365494748069846,0.39432232584982474,0.08438245662696169,0.7811188952234691,0.0,0.0,0.0,0,3.220426959877241,1.3203125,0.27416182514013554,30.0,-0.7153580266483555,-1.0,0.00712039898640107,True
WP4,reduced,0.55,0.0,0.09,2,0.55,self-oscillatory,1.1,0.0036818181818181815,0.26760776435367145,0.3015163327407772,0.5692521404991713,1.923050694144453e-05,0.7209902143780483,0.7679210780312372,0.061705879791398535,0.8176084652526269,35.0,0.3364955357142857,0.2001953125,14,0.7395397996303001,0.734375,0.3015163327407772,35.0,0.0,0.0,0.0038076156008305263,False
WP4,reduced,0.55,0.1,0.09,2,0.45000000000000007,self-oscillatory,0.9000000000000001,0.004499999999999999,0.26760803199702954,0.2539700674405776,0.5217061068681319,1.9218559396466836e-05,0.7209193994819723,0.7033035679085186,0.06551862078635198,0.8176084652526269,10.0,0.134765625,0.0224609375,4,1.1000689729874225,0.8203125,0.3015163327407772,35.0,-0.15769051337287454,-0.7142857142857143,0.004292689669745794,True
WP4,reduced,0.55,0.2,0.09,2,0.35000000000000003,self-oscillatory,0.7000000000000001,0.005785714285714285,0.2676082844542877,0.20723770446072226,0.47497396066254294,1.9206991192153283e-05,0.7208538715788627,0.6337979172106171,0.07030267165797208,0.8176084652526269,0.0,0.0,0.0,0,1.8115408824492363,0.9453125,0.3015163327407772,35.0,-0.3126816627910806,-1.0,0.00494246564224863,True
WP4,reduced,0.55,0.3,0.09,2,0.25000000000000006,self-oscillatory,0.5000000000000001,0.008099999999999998,0.2676085104405184,0.16187630349364648,0.4296127517470411,1.9196133787442276e-05,0.7207943081583373,0.5584689434081166,0.0767629228632989,0.8176084652526269,0.0,0.0,0.0,0,3.5172874927551083,1.1953125,0.3015163327407772,35.0,-0.463125920834224,-1.0,0.005892546326516777,True
WP4,reduced,0.55,0.4,0.09,2,0.15000000000000002,self-oscillatory,0.30000000000000004,0.013499999999999998,0.2676086990587393,0.11901754630557343,0.38675415388389084,1.9186672417338548e-05,0.7207411468043187,0.47657082191337485,0.08578068184430926,0.8176084652526269,0.0,0.0,0.0,0,9.078689306848847,1.7109375,0.3015163327407772,35.0,-0.605269985795773,-1.0,0.007358325377674608,True
WP4,reduced,0.55,0.0,0.09,3,0.55,self-oscillatory,1.1,0.0036818181818181815,0.2602867217558098,0.27276222688422735,0.5331933810950269,1.8166053889378496e-05,0.7120739825091675,0.7234551587190383,0.08560072814472149,0.7841630903593821,22.5,0.5251736111111112,0.2001953125,9,0.6594970398411553,1.078125,0.27276222688422735,22.5,0.0,0.0,0.007327484658906513,False
WP4,reduced,0.55,0.1,0.09,3,0.45000000000000007,self-oscillatory,0.9000000000000001,0.004499999999999999,0.2602869297734562,0.22012781262234551,0.48055911495817283,1.8147482155906015e-05,0.7120150339796348,0.6473791104180635,0.09286039776208051,0.7841630903593821,5.0,0.21484375,0.017903645833333332,2,0.9794179786401211,1.1953125,0.27276222688422735,22.5,-0.19296812048767395,-0.7777777777777778,0.008623053472531806,True
WP4,reduced,0.55,0.2,0.09,3,0.35000000000000003,self-oscillatory,0.7000000000000001,0.005785714285714285,0.26028710832509794,0.16747298546008552,0.42790440211346914,1.8128958240647428e-05,0.7119668774071105,0.5618537886040385,0.09930646492757611,0.7841630903593821,0.0,0.0,0.0,0,1.498234614024642,1.359375,0.27276222688422735,22.5,-0.3860110786851413,-1.0,0.009861773976411903,True
WP4,reduced,0.55,0.3,0.09,3,0.25000000000000006,self-oscillatory,0.5000000000000001,0.008099999999999998,0.2602872928060047,0.11549993718579801,0.37593147153825124,1.8111236775706965e-05,0.7119302671931939,0.46314983485711037,0.1040958469090875,0.7841630903593821,0.0,0.0,0.0,0,2.434139979177638,1.5546875,0.27276222688422735,22.5,-0.5765545013136243,-1.0,0.010835945343720182,True
WP4,reduced,0.55,0.4,0.09,3,0.15000000000000002,self-oscillatory,0.30000000000000004,0.013499999999999998,0.2602874981572481,0.06694371152170095,0.32737539175302,1.8096825041364818e-05,0.7119094143199932,0.3482798078983517,0.10463522022598643,0.7841630903593821,0.0,0.0,0.0,0,4.380586401283616,1.609375,0.27276222688422735,22.5,-0.7545711798645972,-1.0,0.010948529311740679,True
