subject,y_true,y_pred_proba
sub-001,1,0.8951103751418749
sub-001,1,0.830177276707452
sub-001,1,0.8460414232241239
sub-001,1,0.9429072423100446
sub-001,0,0.9717442092091371
sub-001,0,0.7030780407341197
sub-001,1,0.9762480673596582
sub-001,1,0.9627983068920771
sub-001,1,0.8804476399227087
sub-001,1,0.8895405538596668
sub-001,0,0.7146776022482407
sub-001,0,0.9340653978373774
sub-001,0,0.6952962352013677
sub-001,0,0.9276231745278161
sub-001,0,0.7002461278996818
sub-001,0,0.8736425352943962
sub-001,1,0.9838927297252696
sub-001,0,0.7985469671701281
sub-001,0,0.5442409200593809
sub-001,0,0.6486422749040963
sub-001,0,0.5727674735025137
sub-001,0,0.8606514672503298
sub-001,0,0.8184389774077309
sub-001,0,0.839158370383795
sub-001,0,0.9469651808179333
sub-001,0,0.7762331986718235
sub-001,0,0.6228662254735674
sub-001,0,0.7868704625839102
sub-001,0,0.9234687879331901
sub-001,0,0.8282569345952411
sub-001,0,0.8797266508098955
sub-001,0,0.9791925928882556
sub-001,0,0.956658243641506
sub-001,0,0.9435268786140574
sub-001,0,0.8371377002637408
sub-001,0,0.9808710148264228
sub-001,1,0.9999958865265073
sub-001,1,0.9896654325976102
sub-001,0,0.7769661852256471
sub-001,1,0.6842770946044375
sub-001,0,0.8158134100632783
sub-001,0,0.8886289948741561
sub-001,1,0.823901665591847
sub-001,0,0.7764193870865398
sub-001,1,0.9433300873213435
sub-001,1,0.9793751850826193
sub-001,0,0.8233635858285825
sub-001,1,0.9877547746188915
sub-001,1,0.6712006443653882
sub-001,0,0.8347168424878108
sub-001,0,0.5472417814555309
sub-001,1,0.8022101521848097
sub-001,0,0.8747446536963199
sub-001,0,0.8691977097920265
sub-001,1,0.9910977681096441
sub-001,1,0.9509993519192989
sub-001,0,0.9639804138314918
sub-001,0,0.5967094349182077
sub-001,1,0.9990851676181024
sub-001,1,0.9988161096394473
sub-001,0,0.946470300538463
sub-001,0,0.6898858729500076
sub-001,0,0.8960708855491565
sub-001,1,0.9676168215939241
sub-001,0,0.7348184487193786
sub-001,0,0.907860516928218
sub-001,0,0.8890439461262319
sub-001,0,0.9193110459477833
sub-001,0,0.9251895661499179
sub-001,1,0.9989886920815905
sub-001,0,0.9556120639429148
sub-001,0,0.9179411655342667
sub-001,1,0.9447386095503821
sub-001,0,0.9461180881855157
sub-001,0,0.8659778264418339
sub-001,0,0.5425368223541309
sub-001,1,0.6833682446091297
sub-001,1,0.9966509787710206
sub-001,0,0.9340096681770806
sub-001,1,0.9979943136611702
sub-001,1,0.8569012218071945
sub-001,1,0.8307231192930574
sub-001,0,0.948324200303538
sub-001,1,0.8494448065409582
sub-001,0,0.8250474588990943
sub-001,1,0.9971170509400927
sub-001,0,0.7848809341773976
sub-001,0,0.8465164070067849
sub-001,1,0.9178360919754134
sub-001,0,0.8313585798596327
sub-001,1,0.9187323391924019
sub-001,1,0.8232588112797111
sub-001,1,0.9023345171034455
sub-001,0,0.886111632226318
sub-001,1,0.9986705456541783
sub-001,1,0.971583743243163
sub-001,1,0.9980324670817239
sub-001,1,0.9201870412828149
sub-001,0,0.8274626514591854
sub-001,1,0.9447976286835326
sub-001,1,0.7514316904837022
sub-001,0,0.9216713861906392
sub-001,0,0.9591153132727646
sub-001,0,0.9500455410238527
sub-001,1,0.7851122259861651
sub-001,1,0.701396277627873
sub-001,1,0.9925080276301339
sub-001,0,0.7355663682952439
sub-001,0,0.881135840653739
sub-001,1,0.9992663359886506
sub-001,1,0.9947468203676161
sub-001,0,0.9605970991241717
sub-001,1,0.9917850838570925
sub-001,0,0.806485917504503
sub-001,0,0.8899444210254589
sub-001,0,0.9855241846095794
sub-001,0,0.9786663750286394
sub-001,0,0.8795943090324501
sub-001,0,0.31274343400739124
sub-001,0,0.2855058924378172
sub-001,0,0.2737323703143022
sub-001,1,0.5324973961039505
sub-001,1,0.6064228096240487
sub-001,1,0.722975537722792
sub-001,0,0.3887033549790249
sub-001,1,0.4640758872342786
sub-001,0,0.31623985736201665
sub-001,0,0.40730693089092385
sub-001,0,0.3237408302199222
sub-001,0,0.36012448629469895
sub-001,0,0.3198434937388892
sub-001,0,0.3064712514177125
sub-001,0,0.3096992935925499
sub-001,0,0.356778697917649
sub-001,1,0.3189292360382739
sub-001,1,0.6892379785717317
sub-001,1,0.5503658046689722
sub-001,0,0.2738124765964868
sub-001,0,0.30867140479962996
sub-001,0,0.3055388955703368
sub-001,0,0.42890252040865007
sub-001,1,0.4355974040835817
sub-001,0,0.3194614522652928
sub-001,0,0.288836940146273
sub-001,0,0.27332162872093485
sub-001,0,0.3346913284666957
sub-001,0,0.29779665657100846
sub-001,0,0.333536443202535
sub-001,0,0.2867079306403837
sub-001,1,0.707010217458051
sub-001,1,0.5932099642693123
sub-001,1,0.6745655784820956
sub-001,0,0.3343069945782151
sub-001,0,0.3296111581475476
sub-001,0,0.35019520265858367
sub-001,0,0.41463087463859194
sub-001,0,0.27846873676612915
sub-001,1,0.5258444779823525
sub-001,0,0.31596018575430945
sub-001,0,0.3699826622240436
sub-001,0,0.27051189884181076
sub-001,1,0.46870543600853215
sub-001,0,0.4148864245844041
sub-001,0,0.40820916830855897
sub-001,1,0.37056100316044255
sub-001,0,0.31928014454728093
sub-001,0,0.3436282171267638
sub-001,1,0.3426259278936669
sub-001,0,0.37836853327079245
sub-001,1,0.4602329523615265
sub-001,1,0.6070672703862272
sub-001,1,0.7626664548029451
sub-001,1,0.381171118393056
sub-001,0,0.3355143407068773
sub-001,0,0.36053986982482744
sub-001,0,0.2780448130396419
sub-001,0,0.3213179654135275
sub-001,0,0.3967823412797714
sub-001,1,0.6702695878357817
sub-001,0,0.33680921719947343
sub-001,0,0.315673129028603
sub-001,0,0.4550576833869928
sub-001,0,0.4289863924167618
sub-001,0,0.3623729546411086
sub-001,1,0.32862180971741856
sub-001,1,0.3681207205728244
sub-001,1,0.536875876127585
sub-001,1,0.6506086025599936
sub-001,0,0.3596211872787176
sub-001,1,0.37133184491088284
sub-001,1,0.5186868013327913
sub-001,1,0.49710631320590704
sub-001,0,0.4053989839453393
sub-001,0,0.4078004959145599
sub-001,0,0.3079844339618594
sub-001,0,0.4365506630335715
sub-001,0,0.3424734819854581
sub-001,1,0.632722959708317
sub-001,1,0.7261477728664162
sub-001,1,0.6963151707773763
sub-001,0,0.384733559671311
sub-001,1,0.5253122968284568
sub-001,0,0.3138130061209488
sub-001,0,0.27353065573414664
sub-001,0,0.26701056231453724
sub-001,0,0.3479118350283702
sub-001,0,0.410669784677164
sub-001,1,0.5015688330684067
sub-001,1,0.5721312514082085
sub-001,0,0.38077162178317503
sub-001,0,0.4506307168879728
sub-001,0,0.447111709149719
sub-001,1,0.6242899493006485
sub-001,0,0.26850694781998485
sub-001,1,0.41338853835201433
sub-001,0,0.3171515211865194
sub-001,0,0.37880821521194813
sub-001,1,0.7499970546111001
sub-001,1,0.8190867335643424
sub-001,1,0.5563154211698097
sub-001,1,0.5685793836886747
sub-001,1,0.46523648828923847
sub-001,1,0.4981574317463654
sub-001,1,0.6017524296996691
sub-001,0,0.4355744743421939
sub-001,1,0.5087567531918784
sub-001,0,0.27114189365636837
sub-001,0,0.28792604346793826
sub-001,0,0.29985232990280286
sub-001,0,0.37262706786165123
sub-001,1,0.37414537572576123
sub-001,0,0.3996357536364695
sub-001,0,0.3495269984649566
sub-001,0,0.37197196562683554
sub-001,1,0.4953069729796779
sub-001,1,0.5079290430074945
sub-001,1,0.5452474660034436
sub-001,1,0.39851598251405623
sub-002,0,0.29490797149006237
sub-002,0,0.2718366049510115
sub-002,0,0.3466459542662723
sub-002,0,0.3524140018513374
sub-002,0,0.3029360444869476
sub-002,0,0.34918862357746244
sub-002,0,0.38241336518734004
sub-002,0,0.28401399687446327
sub-002,0,0.2732848363217387
sub-002,0,0.30234352596614916
sub-002,0,0.3302885052988534
sub-002,1,0.5078130088761085
sub-002,1,0.4286992345595457
sub-002,1,0.38000789358538234
sub-002,1,0.28418987531069406
sub-002,1,0.43748764782611427
sub-002,1,0.36837495859131303
sub-002,0,0.36873744610246284
sub-002,0,0.37590298100152103
sub-002,1,0.8613649696325494
sub-002,1,0.8537485732972405
sub-002,1,0.533117159910714
sub-002,1,0.43751814181682397
sub-002,1,0.5549874686267676
sub-002,0,0.35233783765365145
sub-002,1,0.508414308056523
sub-002,1,0.6794459902098577
sub-002,1,0.7267574071786089
sub-002,1,0.44824979153188077
sub-002,1,0.43556372828033385
sub-002,1,0.44308916391582515
sub-002,0,0.3073869362969703
sub-002,0,0.3661934411900971
sub-002,0,0.263959598674858
sub-002,0,0.2950745335853184
sub-002,1,0.3748255573251853
sub-002,1,0.3246619809955301
sub-002,0,0.3138596037547374
sub-002,1,0.4703617765954381
sub-002,1,0.5383608108578486
sub-002,0,0.3876947685793331
sub-002,1,0.41108834964072377
sub-002,0,0.3450773879971616
sub-002,1,0.3646424609324822
sub-002,0,0.3165654505616484
sub-002,0,0.30640570886997637
sub-002,1,0.34995612599373566
sub-002,0,0.2967757582167489
sub-002,1,0.6052376522095059
sub-002,1,0.5073672210964152
sub-002,1,0.4521976962345397
sub-002,0,0.3465278999891677
sub-002,1,0.42567846301708706
sub-002,1,0.486561436524599
sub-002,1,0.9493029162330944
sub-002,1,0.42310857094289955
sub-002,0,0.3372311442922397
sub-002,1,0.3096897635437748
sub-002,0,0.30836973779060284
sub-002,0,0.28731626954832296
sub-002,1,0.5290752085642015
sub-002,1,0.7173534128882825
sub-002,1,0.426032670549995
sub-002,1,0.7844564524947875
sub-002,1,0.6900847620826452
sub-002,1,0.5763259210964954
sub-002,1,0.4066696580346795
sub-002,0,0.31907235608122325
sub-002,1,0.41104632712605327
sub-002,1,0.4255181479240412
sub-002,0,0.349783145523163
sub-002,0,0.30401411741839207
sub-002,1,0.5466106591377827
sub-002,1,0.5688768950699368
sub-002,1,0.36986963464557876
sub-002,0,0.39384357777072965
sub-002,1,0.3156166004529897
sub-002,1,0.30958244164980886
sub-002,0,0.30292225191571726
sub-002,0,0.2897319574182255
sub-002,0,0.27859508025523033
sub-002,0,0.3714196573919273
sub-002,1,0.2976519043175186
sub-002,1,0.40895587860047344
sub-002,1,0.8545700605846324
sub-002,1,0.6738194174779086
sub-002,1,0.485970520785863
sub-002,0,0.31263495777230094
sub-002,0,0.2967202048128007
sub-002,0,0.33534078066526257
sub-002,0,0.3524640710205797
sub-002,0,0.344388861565776
sub-002,0,0.28945483797793875
sub-002,0,0.31521492322250766
sub-002,0,0.29363555150156934
sub-002,1,0.36272473802569594
sub-002,0,0.32468329389476014
sub-002,1,0.5526256314780247
sub-002,1,0.6406163546600396
sub-002,0,0.38370268401286955
sub-002,0,0.365083346064371
sub-002,1,0.3969065487956614
sub-002,0,0.3302138166990631
sub-002,1,0.42693719231076854
sub-002,0,0.29406499324974095
sub-002,1,0.4884093937306993
sub-002,0,0.3355022117420068
sub-002,0,0.3377523599396797
sub-002,1,0.4599240639713894
sub-002,1,0.6055246031090858
sub-002,0,0.3745694913796963
sub-002,1,0.3040284990673794
sub-002,1,0.3039502059473138
sub-002,0,0.2894880563101507
sub-002,0,0.3805396875528842
sub-002,0,0.33506927555982735
sub-002,0,0.4021356246809827
sub-002,1,0.34368918678929006
sub-002,0,0.32248446993540864
sub-002,0,0.2967955320095662
sub-002,0,0.28713355670006585
sub-002,1,0.4978392834259356
sub-002,1,0.5572700906129795
sub-002,1,0.6658792967338669
sub-002,0,0.38206724669381803
sub-002,1,0.45217365513295327
sub-002,0,0.3232412789380287
sub-002,0,0.39444525369663824
sub-002,0,0.3265146928695129
sub-002,0,0.354054259158904
sub-002,0,0.329932126888158
sub-002,0,0.31166420217004553
sub-002,0,0.31721291491656145
sub-002,0,0.3554687046858427
sub-002,1,0.3193625533354463
sub-002,1,0.6330781258793319
sub-002,1,0.5124736138564602
sub-002,0,0.28169346645626747
sub-002,0,0.31613590380885626
sub-002,0,0.3141209819931026
sub-002,0,0.41352515831029046
sub-002,1,0.41632831138555715
sub-002,0,0.3192696813701596
sub-002,0,0.2967544998661471
sub-002,0,0.2859530748178089
sub-002,0,0.33127801329083995
sub-002,0,0.304161975858441
sub-002,0,0.3417023479123568
sub-002,0,0.29175468178256325
sub-002,1,0.6498954253028847
sub-002,1,0.5554955825610641
sub-002,1,0.6285471503834119
sub-002,0,0.33484263579674234
sub-002,0,0.3333061185632392
sub-002,0,0.35685874243114724
sub-002,0,0.4092761554010908
sub-002,0,0.2878264026946887
sub-002,1,0.49723821859963235
sub-002,0,0.3264646309186673
sub-002,0,0.36657705518482187
sub-002,0,0.2830239261902909
sub-002,1,0.4461236101204735
sub-002,0,0.40767020585194746
sub-002,0,0.39757643881478333
sub-002,1,0.37710304040748294
sub-002,0,0.32432430293002656
sub-002,0,0.3436410679153413
sub-002,1,0.35121045701114323
sub-002,0,0.3752995069921674
sub-002,1,0.4386101262545447
sub-002,1,0.5679745758960545
sub-002,1,0.7004964748859537
sub-002,1,0.387932067436515
sub-002,0,0.3426706548904043
sub-002,0,0.3546523256529982
sub-002,0,0.29160362419250635
sub-002,0,0.32812294869363584
sub-002,0,0.3917563050175224
sub-002,1,0.6156104578681912
sub-002,0,0.3416823834720957
sub-002,0,0.3212889421449687
sub-002,0,0.43849311938230023
sub-002,0,0.41694666153791715
sub-002,0,0.35880888315516724
sub-002,1,0.3389866282023188
sub-002,1,0.36181491725471787
sub-002,1,0.5027886049253079
sub-002,1,0.6017892456389089
sub-002,0,0.36021904697830626
sub-002,1,0.3708481345400599
sub-002,1,0.49616787888708397
sub-002,1,0.4969580118600742
sub-002,0,0.39481882511699246
sub-002,0,0.401759202777456
sub-002,0,0.31317164589088897
sub-002,0,0.42410164041764986
sub-002,0,0.34322403895232134
sub-002,1,0.5967377651928678
sub-002,1,0.6777118479302721
sub-002,1,0.6438449429716959
sub-002,0,0.37974007196991527
sub-002,1,0.4971770712082904
sub-002,0,0.3213742538118121
sub-002,0,0.2862570760405416
sub-002,0,0.279706076202427
sub-002,0,0.3469385760015284
sub-002,0,0.3970956340313681
sub-002,1,0.4795284435771748
sub-002,1,0.529882415671537
sub-002,0,0.37958270727625615
sub-002,0,0.43307768552994047
sub-002,0,0.4293261968879654
sub-002,1,0.5828557571636649
sub-002,0,0.27791170834603324
sub-002,1,0.42326723953010054
sub-002,0,0.32144593693139645
sub-002,0,0.3722534205056563
sub-002,1,0.6897570212779779
sub-002,1,0.7546515442228869
sub-002,1,0.5240050965868849
sub-002,1,0.5371457844845491
sub-002,1,0.44550631727318335
sub-002,1,0.47118652453181314
sub-002,1,0.5646397656143669
sub-002,0,0.4247327967613652
sub-002,1,0.47873238132353396
sub-002,0,0.28484960294544803
sub-002,0,0.29960613620014087
sub-002,0,0.308863932843287
sub-002,0,0.3659650835704696
sub-002,1,0.3774633100177441
sub-002,0,0.39501794251449945
sub-002,0,0.3503756424506913
sub-002,0,0.36356592596578335
sub-002,1,0.4697345963560287
sub-002,1,0.47662504831543817
sub-002,1,0.515875518160549
sub-002,1,0.3921978289656677
sub-003,0,0.5785570199707238
sub-003,0,0.36124972456518417
sub-003,0,0.6774071568798405
sub-003,0,0.49363476307483445
sub-003,1,0.7748373404826633
sub-003,0,0.6001995747061347
sub-003,0,0.4895559633945735
sub-003,0,0.5924784131005721
sub-003,0,0.5259946289066308
sub-003,0,0.3997667511773402
sub-003,0,0.5367782529489618
sub-003,1,0.9432341235575639
sub-003,0,0.5782675575213645
sub-003,0,0.39499577052736934
sub-003,0,0.5724307148386859
sub-003,0,0.6242887721070405
sub-003,0,0.49108302244387114
sub-003,0,0.4829909751974275
sub-003,1,0.7695059918945016
sub-003,1,0.7247892607636982
sub-003,0,0.4276350681966727
sub-003,1,0.9921857294147305
sub-003,1,0.9878753513768765
sub-003,0,0.6553385757572205
sub-003,0,0.5949291025722919
sub-003,0,0.46499489786602693
sub-003,0,0.43242364562637053
sub-003,0,0.45464913718772204
sub-003,0,0.3574646498898606
sub-003,0,0.5011230380758862
sub-003,0,0.5181452571368019
sub-003,0,0.4427525782580948
sub-003,0,0.39377930890210655
sub-003,0,0.37955475109843523
sub-003,0,0.6730417689380885
sub-003,0,0.5314833340955882
sub-003,0,0.4641313944854405
sub-003,1,0.9657843216034032
sub-003,0,0.5834484416086886
sub-003,0,0.5431633259968961
sub-003,0,0.4589622087916599
sub-003,0,0.5571713442239312
sub-003,0,0.7889158879204098
sub-003,1,0.9729892036069109
sub-003,0,0.7716513486935097
sub-003,0,0.5744596142687196
sub-003,0,0.447911866413506
sub-003,0,0.7630133313751246
sub-003,0,0.6281732532433453
sub-003,0,0.3360202286389964
sub-003,0,0.47622762424360404
sub-003,0,0.4179815761325247
sub-003,0,0.5150813672478648
sub-003,0,0.4771241684766393
sub-003,0,0.3886121026294225
sub-003,0,0.5380513299582905
sub-003,1,0.6118232880720206
sub-003,0,0.7454599180918816
sub-003,0,0.507096599583324
sub-003,0,0.46862866648525825
sub-003,0,0.4824216345640205
sub-003,0,0.43553941347592195
sub-003,1,0.8008926211864411
sub-003,0,0.375175870748725
sub-003,0,0.40789451892147216
sub-003,0,0.5672080006432365
sub-003,0,0.44695662709588385
sub-003,0,0.4768624030381185
sub-003,0,0.42651437048439256
sub-003,0,0.6400139247783997
sub-003,0,0.5130038434856693
sub-003,0,0.5432097095164905
sub-003,0,0.40587387535980307
sub-003,0,0.37535649332927207
sub-003,0,0.5505488861747363
sub-003,0,0.371159338781047
sub-003,0,0.4244317109884806
sub-003,0,0.3274155204628545
sub-003,0,0.3964970487975833
sub-003,0,0.3614894787459618
sub-003,0,0.4131972083201926
sub-003,0,0.33008102413459284
sub-003,0,0.45161236135263766
sub-003,0,0.508972944424465
sub-003,0,0.42960027469833023
sub-003,0,0.302334712800814
sub-003,0,0.3822475145167659
sub-003,0,0.46762010687096833
sub-003,0,0.7141928009748921
sub-003,0,0.3896902997562833
sub-003,0,0.3606371653680732
sub-003,0,0.3201191082353989
sub-003,0,0.33726457406905946
sub-003,0,0.5217072131778562
sub-003,0,0.44464507611382054
sub-003,0,0.4498767462601949
sub-003,1,0.9218768200236698
sub-003,0,0.498520884478402
sub-003,0,0.5248600725644942
sub-003,0,0.7303270576867481
sub-003,0,0.3501713349585478
sub-003,0,0.3770853665480656
sub-003,0,0.4326503745762978
sub-003,0,0.6205690754545842
sub-003,0,0.4995566017994901
sub-003,0,0.4938131186953787
sub-003,0,0.6323670978260759
sub-003,0,0.5809378516089564
sub-003,0,0.3885373316176392
sub-003,0,0.49976291652398547
sub-003,0,0.3010643451038433
sub-003,0,0.37112476257467736
sub-003,0,0.36281192993948924
sub-003,0,0.33887601799514583
sub-003,0,0.3840617338685576
sub-003,0,0.38297628797706373
sub-003,0,0.43243460388622884
sub-003,0,0.5889255975433774
sub-003,0,0.38572379776263843
sub-003,0,0.53870174052043
sub-003,1,0.3855963307124101
sub-003,1,0.7705006719918667
sub-003,0,0.2941433800738599
sub-003,1,0.3475283663035326
sub-003,0,0.5018212943220326
sub-003,0,0.38405673753363656
sub-003,1,0.40114925737606477
sub-003,1,0.47100561793573253
sub-003,0,0.398986451569987
sub-003,1,0.4395948405376131
sub-003,1,0.34169295869495153
sub-003,1,0.5446744731291625
sub-003,0,0.41123016203210205
sub-003,1,0.7041295128046845
sub-003,0,0.540310910535339
sub-003,1,0.5995510487364386
sub-003,0,0.26721611237325243
sub-003,0,0.33792746121185613
sub-003,0,0.4047767512190069
sub-003,0,0.3671364476977059
sub-003,0,0.4352304882166894
sub-003,1,0.6083457654604465
sub-003,0,0.4703994702014232
sub-003,0,0.42287668948817186
sub-003,0,0.3987772099050637
sub-003,0,0.4963713185065011
sub-003,1,0.46846860915235516
sub-003,0,0.386934591158951
sub-003,0,0.5055818301376543
sub-003,0,0.36139468999453445
sub-003,1,0.7388990240130376
sub-003,0,0.4382117125336296
sub-003,0,0.2846704661138793
sub-003,0,0.45515274099128156
sub-003,0,0.3528615186300542
sub-003,0,0.3687496342196419
sub-003,0,0.39226834923461074
sub-003,0,0.523969942991433
sub-003,1,0.8452625535050113
sub-003,0,0.3435432394268246
sub-003,0,0.29683016470453627
sub-003,0,0.38548303499987363
sub-003,0,0.4928826671949205
sub-003,1,0.7424600462846198
sub-003,0,0.3636502437314216
sub-003,0,0.47550649264821565
sub-003,0,0.3941597017843798
sub-003,1,0.5235946752983776
sub-003,0,0.35542137165934695
sub-003,0,0.3570587485765684
sub-003,0,0.30429485578460985
sub-003,1,0.500665498786352
sub-003,0,0.38198949543857136
sub-003,0,0.4596629219279914
sub-003,0,0.48210563886500013
sub-003,0,0.3485782243829188
sub-003,0,0.4396181189041698
sub-003,0,0.3996764299771582
sub-003,1,0.4445731495540063
sub-003,0,0.30287890354915903
sub-003,0,0.4878307904905293
sub-003,1,0.5031973484440826
sub-003,1,0.7907439244625064
sub-003,0,0.45731777872302515
sub-003,0,0.46959857406484196
sub-003,0,0.3559497040572272
sub-003,0,0.36985388316593903
sub-003,0,0.4063097871656652
sub-003,0,0.35780525599976365
sub-003,1,0.6747092414216564
sub-003,1,0.776340356555001
sub-003,0,0.4344736341502612
sub-003,0,0.5059705848104171
sub-003,0,0.5247683653873207
sub-003,1,0.45145990938358216
sub-003,0,0.3408283414158844
sub-003,1,0.7406619830701394
sub-003,0,0.5274584922505056
sub-003,1,0.5683444212728875
sub-003,0,0.36392861710463276
sub-003,1,0.6478180172975055
sub-003,1,0.6074891789667055
sub-003,0,0.4952697345811628
sub-003,0,0.41853598168330614
sub-003,0,0.4736917716539858
sub-003,0,0.4510963667351585
sub-003,0,0.3738773607498503
sub-003,1,0.6210210083459821
sub-003,0,0.31947988460370175
sub-003,0,0.5311398501558441
sub-003,1,0.563858953556863
sub-003,1,0.5624055091149893
sub-003,1,0.648662896812241
sub-003,0,0.37596935603165177
sub-003,0,0.4092576585083512
sub-003,0,0.5125424274323996
sub-003,0,0.4315133447512662
sub-003,0,0.3714824168293564
sub-003,0,0.3390154024766247
sub-003,0,0.309600872152131
sub-003,0,0.5907835987456062
sub-003,0,0.38172865515754
sub-003,0,0.4004329693836366
sub-003,0,0.3741843024742334
sub-003,0,0.42994352286903514
sub-003,0,0.3599382726979535
sub-003,0,0.3832001009988926
sub-003,0,0.4610097474704427
sub-003,0,0.37807269283807
sub-003,1,0.5415217610856307
sub-003,0,0.40427052807830754
sub-003,0,0.4190864403356577
sub-003,0,0.46263500234141797
sub-003,0,0.3479579243171885
sub-003,0,0.4367732144893113
sub-003,1,0.7031917916485126
sub-003,0,0.3999539236831916
sub-003,0,0.3542130763254899
sub-003,0,0.4767440147810128
sub-003,0,0.454022545938478
sub-004,0,0.431443424311922
sub-004,0,0.3847876251655991
sub-004,0,0.4090708312534185
sub-004,0,0.46782552490088336
sub-004,0,0.43654271416123636
sub-004,1,0.8082105778367458
sub-004,0,0.34204267184203024
sub-004,0,0.6209880649558366
sub-004,1,0.47058765242815875
sub-004,0,0.5834659698485167
sub-004,1,0.9227530608556423
sub-004,0,0.3091826883238455
sub-004,0,0.39839107509209076
sub-004,0,0.39058327882830934
sub-004,0,0.45725739383181024
sub-004,1,0.32684332250749903
sub-004,0,0.3371088965554475
sub-004,1,0.593941709546234
sub-004,0,0.5650843739705838
sub-004,0,0.4040378535659343
sub-004,0,0.3385089879808507
sub-004,0,0.32275778338119016
sub-004,1,0.6310438487431608
sub-004,0,0.36697339638847004
sub-004,1,0.5908802669709466
sub-004,0,0.36715817302975284
sub-004,0,0.34303067098103235
sub-004,0,0.3694137598342778
sub-004,0,0.44029008600060165
sub-004,0,0.5581865058691154
sub-004,0,0.5082996599958695
sub-004,0,0.3706798130940876
sub-004,0,0.49884322027320666
sub-004,0,0.3527686861576327
sub-004,0,0.523404779540595
sub-004,0,0.421261139891891
sub-004,0,0.562146375726497
sub-004,0,0.5241882134921457
sub-004,0,0.39816621070962205
sub-004,0,0.5674332317635008
sub-004,1,0.525133629447344
sub-004,0,0.41345225804088387
sub-004,0,0.43880414648533567
sub-004,0,0.42843854669137726
sub-004,0,0.3722437757912846
sub-004,0,0.39002343953051327
sub-004,0,0.5228849117927165
sub-004,0,0.5624362219151595
sub-004,0,0.37122123896822
sub-004,0,0.36263635113389425
sub-004,0,0.4796146089995864
sub-004,0,0.36459684990168545
sub-004,1,0.4379082882943937
sub-004,1,0.4749951010327661
sub-004,1,0.41312598099313447
sub-004,0,0.4148614572608443
sub-004,0,0.36309655181111067
sub-004,0,0.2815025628385576
sub-004,1,0.4431258924436094
sub-004,0,0.45832103840203436
sub-004,0,0.6278715897904574
sub-004,0,0.47259586090444355
sub-004,1,0.5346025172844961
sub-004,1,0.4529162786825438
sub-004,0,0.39134436708189
sub-004,0,0.4313470068459788
sub-004,0,0.48120995597191757
sub-004,1,0.5695844802229577
sub-004,0,0.4163162800588149
sub-004,0,0.43007392590792654
sub-004,0,0.39549535672263575
sub-004,1,0.44781887154789235
sub-004,0,0.5807259140854931
sub-004,1,0.5617651392466211
sub-004,1,0.32568581103693905
sub-004,0,0.45810900953526057
sub-004,0,0.3553627423386789
sub-004,0,0.30384527598772204
sub-004,0,0.47488641621618966
sub-004,0,0.3932279628923954
sub-004,0,0.37425237041214204
sub-004,0,0.43371851449047955
sub-004,0,0.437296348974469
sub-004,1,0.35211459526160815
sub-004,1,0.8550163352001154
sub-004,1,0.6516244771667603
sub-004,0,0.45783039838878004
sub-004,0,0.46723377483875855
sub-004,0,0.3127488111121864
sub-004,1,0.5285870816110648
sub-004,0,0.3787094977803728
sub-004,1,0.69705476942151
sub-004,0,0.36599685858379777
sub-004,1,0.5109598703198972
sub-004,0,0.3721711475036808
sub-004,1,0.7464634682109136
sub-004,0,0.5251979302731545
sub-004,1,0.30910766272030116
sub-004,0,0.3178023079421895
sub-004,1,0.6215887645349679
sub-004,0,0.48694163841758337
sub-004,0,0.5315517479459668
sub-004,0,0.4607570940890525
sub-004,0,0.5712025181666482
sub-004,0,0.521544125976531
sub-004,0,0.37794975119390806
sub-004,0,0.2861564558376799
sub-004,0,0.45560494238925575
sub-004,1,0.4509556399409528
sub-004,1,0.41402384251101965
sub-004,0,0.346843600724904
sub-004,0,0.408395205838922
sub-004,1,0.6659492504180623
sub-004,1,0.8322220901719356
sub-004,1,0.4862464421872831
sub-004,0,0.47980288577382524
sub-004,1,0.4081654774215717
sub-004,0,0.35817765437740107
sub-004,0,0.3630422494725652
sub-004,0,0.3622236751944115
sub-004,0,0.4343561612825207
sub-004,0,0.5072659102544477
sub-004,0,0.4063903169026565
sub-004,0,0.5441604595713827
sub-004,0,0.46444820327761016
sub-004,1,0.4607832482534908
sub-004,0,0.3730010743471664
sub-004,0,0.5073143824701843
sub-004,0,0.42639709679206955
sub-004,0,0.357338428046408
sub-004,0,0.4571410303538014
sub-004,0,0.34957523124494666
sub-004,0,0.3244210400589233
sub-004,0,0.4721059758512571
sub-004,0,0.5527626494401605
sub-004,1,0.40656026492671365
sub-004,0,0.2854324923392185
sub-004,0,0.3416676891346675
sub-004,1,0.42714025171385434
sub-004,0,0.43738450472563756
sub-004,0,0.4929845553663768
sub-004,0,0.5332881604600255
sub-004,1,0.41994961043439727
sub-004,0,0.3407749958610367
sub-004,0,0.3330473563969163
sub-004,0,0.3889267126578873
sub-004,0,0.34483879075619406
sub-004,0,0.3782201037726063
sub-004,0,0.3921704664790025
sub-004,1,0.5638034644562575
sub-004,1,0.4474946081627104
sub-004,0,0.40283390670762487
sub-004,0,0.5103397998409879
sub-004,1,0.7503084060834682
sub-004,0,0.463001633437043
sub-004,0,0.41640690673894476
sub-004,0,0.3112635306180451
sub-004,0,0.30455894035493003
sub-004,0,0.458357852664442
sub-004,0,0.39807368518716074
sub-004,0,0.33624568179295516
sub-004,0,0.29991005699258755
sub-004,0,0.3619182905569555
sub-004,0,0.5922671094283134
sub-004,0,0.33998064015632
sub-004,0,0.3321686682506082
sub-004,0,0.4102066939024915
sub-004,0,0.4529952474720245
sub-004,0,0.4433836410560839
sub-004,0,0.5959300145388988
sub-004,0,0.41221537912272693
sub-004,0,0.3919563937742562
sub-004,0,0.4238612657737776
sub-004,0,0.33208901005938385
sub-004,0,0.4534925576725534
sub-004,1,0.6455252753374349
sub-004,1,0.32781526621527257
sub-004,0,0.33993023963052565
sub-004,0,0.34784660243002846
sub-004,1,0.501708775768727
sub-004,0,0.3295043360509832
sub-004,1,0.5195919888018101
sub-004,1,0.42625843714772593
sub-004,0,0.45705333407547405
sub-004,0,0.4588306732886478
sub-004,0,0.3419342252595291
sub-004,0,0.2701810282080152
sub-004,0,0.3802135047762437
sub-004,0,0.32731077711688733
sub-004,0,0.602768093185256
sub-004,0,0.32246845867048296
sub-004,0,0.36385177336660607
sub-004,0,0.43385074274084534
sub-004,0,0.33802033556218475
sub-004,0,0.40479704788205684
sub-004,0,0.36254014485154734
sub-004,0,0.40957568449568393
sub-004,0,0.3513464050616111
sub-004,0,0.3685322049654685
sub-004,0,0.37484563365127066
sub-004,0,0.2934546682344789
sub-004,0,0.38467136744533376
sub-004,0,0.2842326157282164
sub-004,0,0.3968202912975468
sub-004,0,0.3335568753851249
sub-004,0,0.3210956984072168
sub-004,0,0.2872513590364034
sub-004,0,0.3638910117832555
sub-004,0,0.3325324441192419
sub-004,0,0.3785919521739272
sub-004,1,0.847155466634201
sub-004,1,0.8461103938143294
sub-004,0,0.46526164742879184
sub-004,0,0.4982792163892811
sub-004,0,0.2968829441355695
sub-004,0,0.5075336785695693
sub-004,0,0.5801632685613978
sub-004,1,0.743637146296794
sub-004,1,0.7722996249841846
sub-004,1,0.7959448910222594
sub-004,0,0.4623467670711222
sub-004,0,0.5038945275190605
sub-004,0,0.4465869082275397
sub-004,0,0.3179154485328394
sub-004,0,0.4237098308680293
sub-004,0,0.3261529258371796
sub-004,1,0.5283140278791669
sub-004,0,0.5918762480698819
sub-004,0,0.41698318845877486
sub-004,0,0.4094174348975907
sub-004,0,0.44322144954067066
sub-004,0,0.35681826935314404
sub-004,0,0.4371979092851625
sub-004,1,0.783283195476616
sub-004,0,0.45203730612808596
sub-004,0,0.3810729459261319
sub-005,0,0.3972727909515482
sub-005,0,0.5403876516111661
sub-005,0,0.46382660712196033
sub-005,1,0.6472831046782165
sub-005,1,0.6229255728718867
sub-005,0,0.45633546010359294
sub-005,0,0.5148725883266182
sub-005,0,0.6126391110158831
sub-005,0,0.49632875158444417
sub-005,1,0.6906789846681453
sub-005,0,0.4202818774183099
sub-005,0,0.5311482624964022
sub-005,0,0.6049887093599533
sub-005,0,0.47197049143605563
sub-005,1,0.9023515834675375
sub-005,1,0.9584945576843126
sub-005,1,0.7610169679882005
sub-005,1,0.6753695586545845
sub-005,0,0.4151390012582641
sub-005,0,0.4143389045692242
sub-005,1,0.6073928178525885
sub-005,0,0.46954477426507824
sub-005,0,0.4899782545699553
sub-005,1,0.7356435722688027
sub-005,0,0.5208566881759998
sub-005,1,0.43714284002610837
sub-005,0,0.5132648534464189
sub-005,0,0.6797389444064137
sub-005,0,0.6249824700832137
sub-005,1,0.8742716932451788
sub-005,0,0.5831645731090366
sub-005,0,0.5735250005987599
sub-005,0,0.46907131809646135
sub-005,0,0.5860338404529134
sub-005,0,0.4902660258300856
sub-005,0,0.36261883560871033
sub-005,1,0.6268322287320357
sub-005,0,0.4797457630246577
sub-005,0,0.5908355602694192
sub-005,0,0.3913453606789805
sub-005,0,0.4352104876183155
sub-005,0,0.4663989390425999
sub-005,0,0.5350007578120723
sub-005,1,0.636223238988118
sub-005,0,0.35279882116065214
sub-005,0,0.6038467087138882
sub-005,1,0.7385440720073645
sub-005,1,0.7002221373408772
sub-005,1,0.842596253716657
sub-005,1,0.8055984246633222
sub-005,1,0.8336369052146781
sub-005,1,0.8807670296403769
sub-005,1,0.7941594240032842
sub-005,1,0.7555209689954188
sub-005,0,0.5938000370968446
sub-005,1,0.6595188605333836
sub-005,0,0.5930301463370692
sub-005,1,0.6597299472278242
sub-005,0,0.4256868047327638
sub-005,1,0.6113834969062237
sub-005,1,0.8543647085328486
sub-005,0,0.6342621908683994
sub-005,0,0.4176757120401366
sub-005,1,0.7112205267253241
sub-005,1,0.6600000711238437
sub-005,1,0.637120746982423
sub-005,1,0.9293440261862036
sub-005,1,0.680348478959653
sub-005,1,0.7982387788310067
sub-005,1,0.6799894936290529
sub-005,1,0.4895839117927997
sub-005,1,0.7354002272450368
sub-005,1,0.9875914463532134
sub-005,1,0.8041008163824017
sub-005,0,0.41622244449955487
sub-005,1,0.7868812917867409
sub-005,0,0.520741787395888
sub-005,1,0.9481672798911651
sub-005,1,0.7202525944676768
sub-005,0,0.7071252793766436
sub-005,1,0.9903589660193856
sub-005,0,0.44633522531115366
sub-005,1,0.8714293277816516
sub-005,0,0.7641162365266543
sub-005,0,0.4934007626595371
sub-005,0,0.5887491039448399
sub-005,0,0.43464292544279676
sub-005,0,0.3775860996440106
sub-005,0,0.42298313407833416
sub-005,0,0.4945028035695824
sub-005,0,0.5057312486869447
sub-005,1,0.8550431230885128
sub-005,0,0.39157519033384175
sub-005,0,0.7219414244830527
sub-005,0,0.42528655901040474
sub-005,0,0.5191159912821605
sub-005,0,0.46663020531233823
sub-005,1,0.6061824850999858
sub-005,0,0.489075989155711
sub-005,1,0.5300133653230615
sub-005,1,0.9664310482746297
sub-005,0,0.5345366212712341
sub-005,0,0.523105500662192
sub-005,1,0.7686487184114511
sub-005,0,0.5111543193418846
sub-005,0,0.48092382251529714
sub-005,0,0.5057344203289835
sub-005,0,0.695436702816411
sub-005,0,0.6065605785395973
sub-005,0,0.4468055386577935
sub-005,0,0.7578635377216297
sub-005,1,0.5751851610301896
sub-005,0,0.38492564415781544
sub-005,0,0.5199257070771227
sub-005,1,0.9800036288048933
sub-005,0,0.49787747584643793
sub-005,0,0.660885745540352
sub-005,1,0.6294613625636178
sub-005,1,0.7015089531873754
sub-005,0,0.45724334532525035
sub-005,1,0.3802953260651391
sub-005,0,0.43152958375631595
sub-005,0,0.5254937406402008
sub-005,0,0.48810873981125613
sub-005,0,0.45851744600191396
sub-005,0,0.5137197854914254
sub-005,0,0.3786687594318407
sub-005,0,0.3251844795960317
sub-005,0,0.4768928843455001
sub-005,0,0.5846695868281695
sub-005,0,0.5890514510151406
sub-005,0,0.332544721265564
sub-005,0,0.395039435574397
sub-005,0,0.3283689077037116
sub-005,0,0.3440270713685187
sub-005,0,0.3233770886848008
sub-005,0,0.46646705614511774
sub-005,0,0.45532642421671865
sub-005,0,0.4206160595578643
sub-005,0,0.48314260911107104
sub-005,0,0.3330276588443159
sub-005,0,0.38613696094848843
sub-005,0,0.31723236608472377
sub-005,0,0.4064864115117819
sub-005,0,0.4133910527814454
sub-005,0,0.37347683830963774
sub-005,0,0.45208864678455357
sub-005,0,0.46254329927791127
sub-005,0,0.370415554571668
sub-005,0,0.5018761336635438
sub-005,0,0.4418673205284524
sub-005,0,0.5235557855695216
sub-005,0,0.43655534302539856
sub-005,0,0.5170873102973731
sub-005,0,0.3926415653006287
sub-005,0,0.50254940865792
sub-005,1,0.5671217189475253
sub-005,0,0.5468332077580353
sub-005,0,0.32957104621538025
sub-005,0,0.43599955373237115
sub-005,0,0.5374725483558884
sub-005,0,0.5531490726059121
sub-005,0,0.39293611301790576
sub-005,0,0.4114876135334803
sub-005,0,0.5458346846990972
sub-005,0,0.47591864279644525
sub-005,0,0.44209890753242836
sub-005,0,0.47130287003164345
sub-005,1,0.47710402067861535
sub-005,0,0.3969734085868878
sub-005,0,0.35889749490177925
sub-005,0,0.42162437005764974
sub-005,0,0.6350150796956108
sub-005,0,0.3721027667957198
sub-005,0,0.36389877475060534
sub-005,0,0.5611842559004212
sub-005,0,0.5652831223373802
sub-005,0,0.43639554610047787
sub-005,0,0.49174069121262015
sub-005,0,0.5015671839930477
sub-005,0,0.4764605352326006
sub-005,0,0.4002792261084639
sub-005,0,0.5218596758072884
sub-005,0,0.3481802689831388
sub-005,0,0.6092898475731635
sub-005,0,0.4222900599571045
sub-005,0,0.4249954442960303
sub-005,0,0.43816563800981795
sub-005,0,0.47276079922530767
sub-005,0,0.3502291593237851
sub-005,0,0.42487706734607344
sub-005,0,0.43089228248781586
sub-005,0,0.4206568954083749
sub-005,1,0.995261946827759
sub-005,1,0.8428272527701498
sub-005,1,0.9065770398119091
sub-005,1,0.44999378256296035
sub-005,0,0.3704163656831719
sub-005,1,0.5717569951882827
sub-005,0,0.3331045077144003
sub-005,1,0.9821623244810357
sub-005,1,0.9123584425110867
sub-005,1,0.7131282117146581
sub-005,1,0.7050452686891201
sub-005,1,0.755153775306077
sub-005,0,0.47390104243773795
sub-005,1,0.6061451162498962
sub-005,0,0.5240257416357617
sub-005,0,0.4970431551028163
sub-005,1,0.9451717935338537
sub-005,1,0.8826128866593502
sub-005,1,0.6591548654356194
sub-005,1,0.5249506635641924
sub-005,1,0.6411145037720717
sub-005,1,0.5373271025000427
sub-005,0,0.4125076389987991
sub-005,1,0.3992646619039511
sub-005,0,0.3452919744147872
sub-005,0,0.46406327634394395
sub-005,0,0.3908841553616289
sub-005,0,0.3447731428228933
sub-005,0,0.3902860632409827
sub-005,1,0.9848150803117395
sub-005,1,0.9703264896209448
sub-005,1,0.5540747127005952
sub-005,1,0.4749991240304486
sub-005,1,0.7557080045585186
sub-005,0,0.48620467376076726
sub-005,1,0.7065898356178067
sub-005,0,0.5405149851230523
sub-005,0,0.45991456474017306
sub-005,1,0.5380712731295613
sub-005,0,0.39063169484746035
sub-005,0,0.3749853821761509
sub-005,0,0.37500945812182546
sub-005,0,0.5972468602996004
sub-006,0,0.32921111439957634
sub-006,0,0.3754417355018464
sub-006,0,0.3872961821031253
sub-006,0,0.36475838478886263
sub-006,0,0.3929980715519904
sub-006,0,0.30982429974373044
sub-006,0,0.3280630903629871
sub-006,0,0.37430576251108577
sub-006,0,0.5571649716918113
sub-006,0,0.3496189147080563
sub-006,0,0.33845014340107527
sub-006,0,0.2913543375722488
sub-006,0,0.3282379629149107
sub-006,0,0.3255092932621359
sub-006,0,0.3749482798146493
sub-006,0,0.3561201752430795
sub-006,0,0.3198174498655255
sub-006,0,0.33143899125474563
sub-006,0,0.2867738974869684
sub-006,0,0.35862751820336125
sub-006,0,0.33339459488307727
sub-006,0,0.6837491342798663
sub-006,1,0.3434560978324175
sub-006,0,0.44467920596022203
sub-006,0,0.3477894998960463
sub-006,0,0.33773436220900593
sub-006,0,0.3172171367409483
sub-006,0,0.2901128998686628
sub-006,0,0.5237859936234607
sub-006,1,0.3479982955712715
sub-006,0,0.36997825860548883
sub-006,0,0.3225890329075028
sub-006,0,0.2870931735487406
sub-006,0,0.3147506072293325
sub-006,0,0.3406776482960693
sub-006,0,0.3815954428371338
sub-006,0,0.2990767678535917
sub-006,0,0.2901650906037664
sub-006,0,0.3479775228004366
sub-006,0,0.35287553914248865
sub-006,0,0.33125686371951274
sub-006,0,0.32327364448031626
sub-006,1,0.3206697174692741
sub-006,0,0.32775592814872184
sub-006,0,0.3847792702930127
sub-006,0,0.2786310623372444
sub-006,0,0.2856041845709444
sub-006,0,0.2560412946328748
sub-006,0,0.32685548286319044
sub-006,0,0.33326311306426576
sub-006,0,0.5870325559469086
sub-006,0,0.35257878462199166
sub-006,0,0.43796610119484786
sub-006,0,0.3761774823692163
sub-006,0,0.30833415553741966
sub-006,0,0.36480313849021534
sub-006,0,0.3032792237610914
sub-006,0,0.34736771971982877
sub-006,0,0.3080471995985361
sub-006,0,0.37688869336186404
sub-006,0,0.32356860861851366
sub-006,0,0.403926782952232
sub-006,0,0.35949650964715935
sub-006,0,0.35022180968835787
sub-006,0,0.33615263686778396
sub-006,0,0.3367316474156494
sub-006,0,0.3957916602693643
sub-006,0,0.2844652845302846
sub-006,0,0.3150902730806567
sub-006,0,0.3019187124988761
sub-006,0,0.5229394137758363
sub-006,0,0.343214124806525
sub-006,0,0.3729353476929653
sub-006,0,0.30345884656889477
sub-006,0,0.3783123879898252
sub-006,0,0.287206142945056
sub-006,0,0.2899591035658807
sub-006,0,0.3618766932288423
sub-006,0,0.3463250000599936
sub-006,0,0.283895414319176
sub-006,0,0.313639525452488
sub-006,0,0.3535974584341899
sub-006,0,0.40793041947710396
sub-006,0,0.42623906535507694
sub-006,0,0.39909456707507013
sub-006,0,0.2989837549102193
sub-006,1,0.418572388409107
sub-006,0,0.32102859569923387
sub-006,0,0.30304770767675093
sub-006,1,0.43529673526887547
sub-006,0,0.32291262337784815
sub-006,0,0.368463079721262
sub-006,0,0.364454613077944
sub-006,0,0.3723541677354879
sub-006,0,0.3313365617145661
sub-006,1,0.38507145546532423
sub-006,0,0.44974670765830926
sub-006,0,0.3553331350070212
sub-006,0,0.3275417841042602
sub-006,0,0.3924089105975783
sub-006,0,0.33566531244097686
sub-006,0,0.38592617850142363
sub-006,0,0.3544400491831209
sub-006,0,0.3439773366803754
sub-006,0,0.3284885727251351
sub-006,0,0.47146488635665534
sub-006,0,0.43927068420789117
sub-006,0,0.41640466722550434
sub-006,0,0.25278101343333764
sub-006,1,0.7731373393881241
sub-006,0,0.4623740708051595
sub-006,0,0.3446999131032689
sub-006,0,0.32988363832103107
sub-006,0,0.3588419784976207
sub-006,0,0.3494742020470689
sub-006,0,0.3255005641698878
sub-006,0,0.32087063635470525
sub-006,0,0.28721694735042014
sub-006,1,0.28683899584168093
sub-006,0,0.2529027881075935
sub-006,0,0.27234283765900846
sub-006,0,0.3936849800615965
sub-006,0,0.3563625077276698
sub-006,0,0.28171966129460485
sub-006,0,0.31740923378966496
sub-006,0,0.26560916150635666
sub-006,0,0.34993303865380865
sub-006,1,0.6325339831592067
sub-006,0,0.3889517169310105
sub-006,0,0.31055721235750894
sub-006,0,0.29574806840232026
sub-006,0,0.27656380934212027
sub-006,0,0.3045094734608249
sub-006,0,0.3050382919796082
sub-006,0,0.284338552356625
sub-006,0,0.33371417369923534
sub-006,1,0.39850153586051
sub-006,0,0.3343553860296656
sub-006,0,0.36240097246716135
sub-006,0,0.3082374317712753
sub-006,0,0.5453009315119142
sub-006,0,0.38456392960479463
sub-006,0,0.2977898552655045
sub-006,0,0.42788358242110486
sub-006,0,0.3141230465791094
sub-006,0,0.28361227837207026
sub-006,0,0.36784337526600025
sub-006,1,0.2957931368021413
sub-006,0,0.32752822280808297
sub-006,0,0.2969121576993035
sub-006,0,0.29861161580858747
sub-006,0,0.3164589704405166
sub-006,0,0.3512269833382474
sub-006,0,0.3250713530345242
sub-006,0,0.2887437595027053
sub-006,1,0.31802403595852763
sub-006,0,0.33346897440901957
sub-006,0,0.380757557464422
sub-006,0,0.3121694706100174
sub-006,0,0.3406592108436463
sub-006,0,0.29424914143880415
sub-006,0,0.2702126268987422
sub-006,0,0.43218029717878886
sub-006,1,0.34147176280303926
sub-006,1,0.9999989226727328
sub-006,1,0.41714431078012737
sub-006,0,0.2651190036556088
sub-006,0,0.31680738512097106
sub-006,0,0.42799013592015905
sub-006,0,0.26951797044784803
sub-006,0,0.2951534789811492
sub-006,0,0.3140951153277476
sub-006,0,0.3836681134015584
sub-006,0,0.29445312377896943
sub-006,0,0.24805175448330297
sub-006,0,0.356103965425289
sub-006,0,0.31710778702575454
sub-006,0,0.31622746004330565
sub-006,0,0.355802355545023
sub-006,0,0.2547088326131013
sub-006,0,0.29118274857288584
sub-006,0,0.3602125438934007
sub-006,0,0.3210240179827139
sub-006,0,0.36145559097899105
sub-006,0,0.4153841283009716
sub-006,1,0.3756202579629125
sub-006,1,0.5493734481955986
sub-006,0,0.2938686840474514
sub-006,0,0.33718815057930285
sub-006,0,0.4161537261999181
sub-006,0,0.5616750391302693
sub-006,0,0.3921973637211887
sub-006,1,0.42850928480641437
sub-006,1,0.2833956998643795
sub-006,0,0.34834515420959916
sub-006,0,0.32740537692766164
sub-006,0,0.39278075926890604
sub-006,0,0.31480508336204654
sub-006,0,0.5532815386267982
sub-006,0,0.3254819880923269
sub-006,1,0.9997029350189197
sub-006,1,0.7695918344514828
sub-006,0,0.4105636167403483
sub-006,0,0.27305563557681606
sub-006,0,0.36813173670342353
sub-006,0,0.3550201623206015
sub-006,0,0.3154167156091593
sub-006,0,0.3486000584059978
sub-006,0,0.3019981284759732
sub-006,0,0.2795514744220465
sub-006,0,0.33085405007075924
sub-006,0,0.28769622475534057
sub-006,1,0.5069520599121028
sub-006,0,0.3455379511523446
sub-006,0,0.4270868066296224
sub-006,0,0.4639810839972859
sub-006,0,0.3726923459451879
sub-006,0,0.3100893475966264
sub-006,0,0.3236147891006683
sub-006,0,0.31219549065227686
sub-006,1,0.3347094343219862
sub-006,1,0.37517523871457625
sub-006,1,0.2920902828737107
sub-006,0,0.26808614969727956
sub-006,0,0.3907128500388984
sub-006,0,0.44442645999486036
sub-006,0,0.4128941820356217
sub-006,0,0.3339472151421196
sub-006,0,0.3404487828444153
sub-006,0,0.36745834414808504
sub-006,0,0.33997116044915654
sub-006,0,0.31574334377595054
sub-006,0,0.3232182154512727
sub-006,0,0.3263607138147734
sub-006,0,0.2948348882919584
sub-006,0,0.3186270931486503
sub-007,0,0.45229695726863084
sub-007,0,0.4556082266906715
sub-007,0,0.46683897461513385
sub-007,0,0.305650030188133
sub-007,0,0.32336270858021793
sub-007,1,0.634659105829032
sub-007,0,0.33644674188391344
sub-007,0,0.3418074470759656
sub-007,1,0.37813373111621695
sub-007,0,0.4514133700152091
sub-007,0,0.6872866208380924
sub-007,0,0.5884196169450656
sub-007,1,0.5185007671676424
sub-007,0,0.4164202200488881
sub-007,0,0.4481043904012244
sub-007,0,0.3844655496830481
sub-007,1,0.455168487683311
sub-007,0,0.43713322338275834
sub-007,0,0.360117322085793
sub-007,0,0.4322108769376833
sub-007,1,0.530656751413575
sub-007,0,0.41241967120020395
sub-007,0,0.44382099980239154
sub-007,1,0.6304596744526036
sub-007,0,0.5034366864974156
sub-007,0,0.3901861028520895
sub-007,0,0.3627280124653963
sub-007,0,0.37396760069168783
sub-007,0,0.47833879695326564
sub-007,0,0.46019475271878685
sub-007,0,0.4389128971166462
sub-007,0,0.37234951264091803
sub-007,0,0.38240679838571656
sub-007,0,0.4102848979890118
sub-007,0,0.568938981325481
sub-007,1,0.6498286169103491
sub-007,0,0.46611202625106885
sub-007,0,0.3323632012836222
sub-007,0,0.6349684995715357
sub-007,0,0.4650208181412031
sub-007,0,0.4514717616828466
sub-007,0,0.4376227644722184
sub-007,0,0.3326517124780838
sub-007,0,0.59532884056437
sub-007,0,0.4813375192898547
sub-007,0,0.46675424769014945
sub-007,0,0.5165062443080125
sub-007,0,0.34730414464472387
sub-007,0,0.5155765275159566
sub-007,0,0.3675765526938686
sub-007,0,0.4814300480659941
sub-007,0,0.45891488888818727
sub-007,0,0.40827956301859347
sub-007,0,0.5935746968676938
sub-007,0,0.4536657864200434
sub-007,0,0.46883499857334365
sub-007,0,0.41317157932842935
sub-007,0,0.3176846783019301
sub-007,0,0.5330602078688128
sub-007,0,0.535924067036204
sub-007,0,0.4524798588064761
sub-007,0,0.4286680872437769
sub-007,1,0.3982976178709356
sub-007,0,0.3293781843896158
sub-007,0,0.4514654857313389
sub-007,0,0.3479431793134578
sub-007,0,0.4237466229708488
sub-007,1,0.6626154718226481
sub-007,0,0.4645822660244605
sub-007,0,0.6047353167903574
sub-007,1,0.7531398316153268
sub-007,1,0.7023129130207355
sub-007,0,0.47904591709118266
sub-007,0,0.5847873606081809
sub-007,0,0.3778475911337007
sub-007,0,0.3593166917182129
sub-007,0,0.5503638140980514
sub-007,0,0.3929906546589247
sub-007,0,0.4029375763645772
sub-007,0,0.36288476965757716
sub-007,0,0.3595874169194719
sub-007,0,0.48537208186871333
sub-007,1,0.338786248591408
sub-007,1,0.46342827982177304
sub-007,0,0.7072289966059677
sub-007,0,0.5178571952609027
sub-007,0,0.36727395095041004
sub-007,0,0.42484356879523716
sub-007,0,0.38371999517934874
sub-007,0,0.423887528803479
sub-007,0,0.5070040354288579
sub-007,0,0.46199864182987327
sub-007,0,0.5670875895672044
sub-007,0,0.41795204051821494
sub-007,1,0.7959934730820408
sub-007,0,0.4441976649313377
sub-007,0,0.535940371894502
sub-007,0,0.5065792322429826
sub-007,0,0.3474036328604021
sub-007,0,0.39024838505612847
sub-007,0,0.34747808267356445
sub-007,0,0.4215922065477929
sub-007,0,0.47355604868605755
sub-007,0,0.3428304113514726
sub-007,0,0.6093957543305933
sub-007,0,0.5041888614587168
sub-007,0,0.522573178315243
sub-007,0,0.4634356649269314
sub-007,0,0.4011593486942175
sub-007,0,0.6038431150608716
sub-007,0,0.4682600275708332
sub-007,0,0.3591849659114915
sub-007,0,0.33142585024521
sub-007,0,0.5684922636199679
sub-007,0,0.44138946957395153
sub-007,0,0.5540725114311189
sub-007,0,0.6876942102193827
sub-007,0,0.4974917395403392
sub-007,0,0.3330040292046706
sub-007,0,0.3614439426317155
sub-007,0,0.31285320826754826
sub-007,0,0.35849359771345723
sub-007,0,0.5273849803423392
sub-007,0,0.42987056517716554
sub-007,1,0.5234209567018087
sub-007,0,0.32189515630460697
sub-007,0,0.4253804617572825
sub-007,0,0.342857818931955
sub-007,1,0.6744916442533339
sub-007,0,0.4283422090788434
sub-007,1,0.53183600051335
sub-007,1,0.3628878035935599
sub-007,0,0.3935689412323555
sub-007,0,0.3070940718270128
sub-007,0,0.2882947619379959
sub-007,1,0.5342523714323859
sub-007,0,0.3773746022814346
sub-007,0,0.41220393125833277
sub-007,0,0.49194515261890776
sub-007,0,0.4805242232544899
sub-007,0,0.44515034974830586
sub-007,0,0.35045521799484225
sub-007,1,0.5601056756825874
sub-007,0,0.462548998160246
sub-007,0,0.4279873005999514
sub-007,0,0.3131718867278286
sub-007,0,0.3820538606263712
sub-007,0,0.3392780314354117
sub-007,1,0.37414058913547615
sub-007,0,0.3373538486266682
sub-007,0,0.4156881506171884
sub-007,0,0.39258412016274125
sub-007,0,0.4341027391940367
sub-007,0,0.3182616882350988
sub-007,0,0.46259905932922507
sub-007,0,0.38426884045112814
sub-007,0,0.4550304269696679
sub-007,1,0.32481924693212183
sub-007,0,0.36019395472411586
sub-007,1,0.44781218166842096
sub-007,0,0.3744545350084973
sub-007,0,0.34686114200934903
sub-007,1,0.3157361722319169
sub-007,1,0.27659579979398247
sub-007,0,0.3360321772425783
sub-007,0,0.5146124243352662
sub-007,1,0.39006822930508056
sub-007,1,0.5523211024580902
sub-007,0,0.3436429531752746
sub-007,0,0.29177003195953705
sub-007,0,0.3270373590037587
sub-007,0,0.3534529377617798
sub-007,0,0.29325255560650204
sub-007,0,0.32054443531408633
sub-007,0,0.4167372281121014
sub-007,0,0.46536561154633993
sub-007,0,0.36813882683934
sub-007,0,0.4815166477439766
sub-007,1,0.7090132264875053
sub-007,1,0.692711348757971
sub-007,0,0.4096435444429613
sub-007,0,0.3580814729289184
sub-007,0,0.5224284243772526
sub-007,0,0.37310134800962574
sub-007,0,0.40616356366178535
sub-007,0,0.3622184048356917
sub-007,0,0.4080892317762543
sub-007,0,0.39257357560172795
sub-007,0,0.4137165423308936
sub-007,0,0.42468864010962815
sub-007,0,0.4997053083549764
sub-007,0,0.5198417636601268
sub-007,0,0.4138766969073998
sub-007,0,0.379545184834999
sub-007,0,0.2756270558181133
sub-007,0,0.3607637071209617
sub-007,0,0.4936476149587238
sub-007,1,0.9549845801812703
sub-007,1,0.5832512108662365
sub-007,1,0.7143700413175168
sub-007,0,0.392666493510174
sub-007,0,0.402044801863551
sub-007,1,0.31223008839176997
sub-007,0,0.43194496814791244
sub-007,1,0.686903484332702
sub-007,0,0.29950299917676987
sub-007,1,0.5665232760989175
sub-007,0,0.41520078835965524
sub-007,0,0.36711361293339
sub-007,0,0.3010620069909309
sub-007,0,0.30675336490505434
sub-007,0,0.2766701268744783
sub-007,0,0.4027935468389052
sub-007,0,0.43075016846263553
sub-007,0,0.3673804741618569
sub-007,0,0.48762194612310417
sub-007,0,0.4208566466712719
sub-007,0,0.3615815337126027
sub-007,0,0.33611829747972444
sub-007,1,0.4785160508894223
sub-007,1,0.450270573999583
sub-007,0,0.37342446675481483
sub-007,1,0.5580070236844007
sub-007,0,0.43921746192898203
sub-007,0,0.4893397067971297
sub-007,1,0.33449824813319495
sub-007,0,0.2913828908101612
sub-007,1,0.5813993501793693
sub-007,1,0.44805248918737
sub-007,0,0.3484220567901914
sub-007,0,0.35278823885924476
sub-007,0,0.32482955236775485
sub-007,0,0.4138765866339625
sub-007,0,0.3288745420904287
sub-007,0,0.2817469249723374
sub-007,0,0.28110749626080045
sub-007,0,0.46622287855466527
sub-007,0,0.4517928145865411
sub-007,0,0.3671740858251389
sub-007,0,0.3792364900517706
sub-008,0,0.3909133318731907
sub-008,1,0.44253764508875626
sub-008,0,0.383771389421871
sub-008,1,0.4361583066176622
sub-008,0,0.41452952857884834
sub-008,0,0.45351683310058877
sub-008,0,0.334572279010384
sub-008,0,0.38296554959259904
sub-008,0,0.3685809727197813
sub-008,1,0.6196566112921054
sub-008,1,0.4657084923461979
sub-008,1,0.6047597669348561
sub-008,0,0.3536320581504675
sub-008,0,0.3513326296930597
sub-008,0,0.4028088691324728
sub-008,1,0.5723244420170435
sub-008,0,0.3362342619584842
sub-008,0,0.2907964972039042
sub-008,1,0.5077826166800334
sub-008,1,0.5653680270416075
sub-008,1,0.8039449072264465
sub-008,1,0.5019563084663754
sub-008,0,0.40375113024175086
sub-008,0,0.35610796107790404
sub-008,1,0.4815644789416945
sub-008,0,0.39757148495697403
sub-008,1,0.4283100496470205
sub-008,0,0.38356796703327073
sub-008,0,0.3242231233203384
sub-008,1,0.6546852246185763
sub-008,1,0.7315956231121614
sub-008,1,0.4966890717296624
sub-008,1,0.6268750693938707
sub-008,0,0.2982727297951653
sub-008,0,0.36733123842262444
sub-008,0,0.3255377524482975
sub-008,0,0.3534626799918526
sub-008,0,0.3798286378943354
sub-008,0,0.33676823028200537
sub-008,0,0.38045672948170856
sub-008,1,0.48001044988380104
sub-008,0,0.4583998515309863
sub-008,0,0.3084998253709964
sub-008,0,0.29880509791886095
sub-008,0,0.4359365817703932
sub-008,0,0.426895024724869
sub-008,1,0.6003685211717337
sub-008,1,0.7580825576210967
sub-008,1,0.6649894689520307
sub-008,0,0.46643121251516373
sub-008,1,0.5321446017933321
sub-008,1,0.6540010000306393
sub-008,1,0.8537057424411244
sub-008,1,0.5920618021093711
sub-008,1,0.5738476137599992
sub-008,1,0.5045012585969435
sub-008,1,0.47808264707384635
sub-008,0,0.3943905369333159
sub-008,1,0.41171923123038157
sub-008,0,0.3930698183055174
sub-008,0,0.4206902212832611
sub-008,0,0.4083451543972813
sub-008,0,0.32117231486547704
sub-008,0,0.43823755719215257
sub-008,0,0.42440246364985384
sub-008,0,0.4078104030148178
sub-008,0,0.43407878237853903
sub-008,0,0.4314441770282164
sub-008,0,0.3885595253865523
sub-008,0,0.4550802319409735
sub-008,0,0.36087929078695385
sub-008,0,0.34299201546447716
sub-008,0,0.3950112007539161
sub-008,1,0.7339923945166555
sub-008,1,0.9015909879776014
sub-008,0,0.43313266295782077
sub-008,1,0.7593244371118102
sub-008,1,0.6476521752195489
sub-008,1,0.6300778848450249
sub-008,1,0.5416025510611623
sub-008,1,0.6907297552696624
sub-008,0,0.426815387654401
sub-008,1,0.6588663267192438
sub-008,0,0.4952597114187566
sub-008,0,0.40425885101323467
sub-008,0,0.3825670556396753
sub-008,1,0.7327167226791906
sub-008,1,0.586087165895427
sub-008,0,0.42618723672007675
sub-008,0,0.3812721759177226
sub-008,0,0.31679278254196774
sub-008,1,0.3355085759379781
sub-008,1,0.5552211572710986
sub-008,0,0.4579198814919848
sub-008,1,0.6327843359495762
sub-008,0,0.4243354299113165
sub-008,1,0.5121271405870559
sub-008,0,0.3504190719242214
sub-008,0,0.3732497243059855
sub-008,1,0.5219089054755787
sub-008,1,0.9273604485501832
sub-008,1,0.5358078148861104
sub-008,1,0.7777242841547667
sub-008,0,0.3351515120478252
sub-008,1,0.6037941493922304
sub-008,0,0.4048073281799704
sub-008,1,0.5044985377187329
sub-008,0,0.42565535354412887
sub-008,1,0.39824088856435275
sub-008,0,0.47708146485563974
sub-008,0,0.38950579361776533
sub-008,1,0.4193696604157029
sub-008,0,0.47062155306487624
sub-008,1,0.8013574833669973
sub-008,1,0.9711720381807243
sub-008,0,0.353200827300898
sub-008,1,0.4467318501829867
sub-008,0,0.4259265416341105
sub-008,0,0.36326686987211454
sub-008,1,0.49637029478012157
sub-008,0,0.48568046622272776
sub-008,1,0.643726357840097
sub-008,0,0.5368118648537135
sub-008,0,0.4377009415813675
sub-008,1,0.5330070881756032
sub-008,0,0.4555668608173398
sub-008,1,0.5103713364518389
sub-008,1,0.47248666196307393
sub-008,0,0.5228005359290977
sub-008,0,0.35358964685131855
sub-008,0,0.4747622932716628
sub-008,0,0.5341760525559803
sub-008,0,0.3883361687026354
sub-008,0,0.47346399750262924
sub-008,0,0.5876833779725652
sub-008,0,0.5493530880048505
sub-008,0,0.5306260912331968
sub-008,1,0.6669181400023749
sub-008,1,0.9248459995169195
sub-008,1,0.9445428093548427
sub-008,0,0.6400628337734798
sub-008,1,0.45894066050106025
sub-008,0,0.38372315393565026
sub-008,1,0.32671696554310725
sub-008,0,0.3282908327257745
sub-008,0,0.4799191223324244
sub-008,0,0.42837608122501286
sub-008,0,0.3910976924637016
sub-008,1,0.5252626223184771
sub-008,1,0.5916578383912257
sub-008,0,0.45285878147617276
sub-008,0,0.5193518973760701
sub-008,0,0.5463016127253103
sub-008,0,0.6505212472521397
sub-008,0,0.5166520328407785
sub-008,1,0.5075178149623836
sub-008,1,0.8240321991697607
sub-008,1,0.5337954501810344
sub-008,0,0.5123678486901717
sub-008,0,0.5065013402592312
sub-008,0,0.5520105287357396
sub-008,1,0.9386516082611079
sub-008,0,0.4360765411557695
sub-008,1,0.7961735024576481
sub-008,1,0.7145292795794091
sub-008,1,0.7440741089190503
sub-008,0,0.5796368780111479
sub-008,0,0.6362202844086974
sub-008,0,0.6418846388266338
sub-008,1,0.958197537278111
sub-008,0,0.4400270757990827
sub-008,0,0.46921480027490636
sub-008,0,0.5315985167490829
sub-008,0,0.4077335246089267
sub-008,0,0.3537907489994632
sub-008,0,0.4652920093149657
sub-008,1,0.8170306757697001
sub-008,0,0.5018982978975572
sub-008,1,0.456122444291697
sub-008,0,0.36408232466043694
sub-008,0,0.45403908963212
sub-008,0,0.6105568439667151
sub-008,1,0.9087563835763468
sub-008,1,0.7235284495111953
sub-008,0,0.4068212666253636
sub-008,0,0.5368036587886647
sub-008,1,0.7684195299762074
sub-008,0,0.4407847059678216
sub-008,1,0.5758155481588578
sub-008,0,0.36466729282344656
sub-008,0,0.44621874185132304
sub-008,0,0.43626414834077254
sub-008,1,0.7654057533354061
sub-008,1,0.7857271429609171
sub-008,0,0.6081113227625287
sub-008,0,0.363715504579056
sub-008,1,0.39064223049289615
sub-008,0,0.6238246043493564
sub-008,1,0.9891110213530018
sub-008,1,0.8755276459377227
sub-008,0,0.4450762070150952
sub-008,0,0.4137161892497754
sub-008,0,0.4171561496375865
sub-008,0,0.43959906331328824
sub-008,0,0.5572481892569057
sub-008,1,0.7048112957497247
sub-008,1,0.9795633180895013
sub-008,0,0.6030731668902629
sub-008,0,0.3845520542005698
sub-008,0,0.5292770809189443
sub-008,0,0.6496588877137912
sub-008,1,0.7085785244633609
sub-008,0,0.43743839023319203
sub-008,0,0.49806209638534304
sub-008,1,0.5112228602837753
sub-008,0,0.5016988376509667
sub-008,0,0.4074463882761651
sub-008,0,0.4187811685511431
sub-008,1,0.7129583759615399
sub-008,1,0.6710795291071951
sub-008,1,0.914163438991377
sub-008,1,0.7901165308615263
sub-008,1,0.9606841527215445
sub-008,1,0.9277136256760309
sub-008,1,0.9887851995123913
sub-008,0,0.5530962240873504
sub-008,0,0.4096227778607947
sub-008,0,0.4408934068937527
sub-008,0,0.4180471349999973
sub-008,0,0.4884181208116105
sub-008,1,0.7663744116196064
sub-008,1,0.770293828172114
sub-008,1,0.540270198294527
sub-008,1,0.5328744103016755
sub-008,0,0.3740144400136282
sub-008,0,0.44863851453469433
sub-009,0,0.28152316079720047
sub-009,0,0.26906287782395477
sub-009,0,0.2862702079617674
sub-009,0,0.2582154115856506
sub-009,1,0.2960946942977855
sub-009,0,0.28170458561871453
sub-009,0,0.257170253472019
sub-009,0,0.3316454399672365
sub-009,1,0.2617525435484254
sub-009,0,0.30742611574794954
sub-009,0,0.3542771184268764
sub-009,0,0.2771611783561733
sub-009,0,0.28318115447395664
sub-009,0,0.31269010344101333
sub-009,0,0.2916698805633015
sub-009,1,0.2731400581205798
sub-009,1,0.47260461060695763
sub-009,1,0.30681268316664423
sub-009,1,0.33172046952372347
sub-009,0,0.33590778194611043
sub-009,0,0.2833276877206764
sub-009,0,0.2525017589232565
sub-009,1,0.2946698712371074
sub-009,1,0.25361358485826074
sub-009,0,0.3040828214604769
sub-009,1,0.3218553344543896
sub-009,0,0.2719649398689125
sub-009,0,0.3190835542704353
sub-009,1,0.3914466108247863
sub-009,0,0.300679226671318
sub-009,0,0.3313643574605209
sub-009,1,0.2562548565273314
sub-009,0,0.24490770150567728
sub-009,1,0.2740449926507816
sub-009,0,0.33393279816039795
sub-009,0,0.31865299008693704
sub-009,0,0.3756503150298006
sub-009,0,0.2423155549376338
sub-009,1,0.2576757993856381
sub-009,1,0.27293167524754325
sub-009,1,0.3169995942811922
sub-009,1,0.3058006252074886
sub-009,1,0.277570425328889
sub-009,0,0.277193472498988
sub-009,0,0.303174069347789
sub-009,0,0.31258473897507244
sub-009,1,0.3085578843423944
sub-009,0,0.32105275555816587
sub-009,1,0.24950823764031474
sub-009,1,0.3028152765970169
sub-009,1,0.28926789511099227
sub-009,1,0.27374363363110277
sub-009,1,0.2811999016272333
sub-009,0,0.2774617484155968
sub-009,0,0.24511092880072186
sub-009,0,0.24746854527964698
sub-009,1,0.3442811718596561
sub-009,1,0.47958140486456646
sub-009,0,0.27710989783367407
sub-009,1,0.44957608195692755
sub-009,0,0.3692361277975908
sub-009,0,0.3558869467125993
sub-009,1,0.375664752606588
sub-009,1,0.5914125732413751
sub-009,0,0.35843325846932506
sub-009,0,0.344750805817921
sub-009,0,0.2723462036536317
sub-009,0,0.3284097226691116
sub-009,0,0.3028542618804441
sub-009,0,0.29160201904503835
sub-009,1,0.31547172876187585
sub-009,0,0.3932759945804109
sub-009,0,0.28590905183644966
sub-009,0,0.304168403788357
sub-009,0,0.3322683379362001
sub-009,0,0.34717760092695127
sub-009,1,0.4023558174063328
sub-009,0,0.2558517302190557
sub-009,0,0.2792568325244531
sub-009,0,0.2846626871870028
sub-009,0,0.3142286250624632
sub-009,0,0.2981141918765096
sub-009,1,0.27517287132720397
sub-009,0,0.2928407298862205
sub-009,0,0.2967054920067138
sub-009,1,0.3705950043802482
sub-009,1,0.3859537288815054
sub-009,1,0.3832238639879793
sub-009,1,0.4359485349032646
sub-009,0,0.32871877502993196
sub-009,1,0.2613703067374162
sub-009,1,0.3461122964015963
sub-009,1,0.39081150648365803
sub-009,0,0.2729549091816025
sub-009,0,0.28871329213519603
sub-009,0,0.36373964716527535
sub-009,1,0.5029948307385944
sub-009,0,0.3277938661804343
sub-009,0,0.297666921873405
sub-009,1,0.27884189801640735
sub-009,1,0.26481501794683027
sub-009,1,0.23963188822486953
sub-009,1,0.3257986068841881
sub-009,0,0.3138628149232366
sub-009,1,0.40722758582461155
sub-009,1,0.29763189191223766
sub-009,0,0.3041742424593313
sub-009,0,0.279565100192996
sub-009,0,0.3343928517275529
sub-009,0,0.3212904650320423
sub-009,0,0.25659462932026816
sub-009,1,0.29079350533887516
sub-009,0,0.2634138583911032
sub-009,0,0.3452745834995001
sub-009,0,0.29721297638847827
sub-009,1,0.600645906232636
sub-009,1,0.32318387127421644
sub-009,1,0.443149847387029
sub-009,0,0.2545078068719097
sub-009,0,0.4356234588726965
sub-009,1,0.6237286440364723
sub-009,0,0.2626356981670849
sub-009,0,0.2767143314059659
sub-009,0,0.24619039472153925
sub-009,0,0.2343029176306384
sub-009,0,0.24508931956402066
sub-009,0,0.23086730287196555
sub-009,0,0.2338482517030828
sub-009,0,0.23863235757890447
sub-009,0,0.2271623450709148
sub-009,0,0.2579578392462984
sub-009,0,0.3107375163305293
sub-009,0,0.2987336127981171
sub-009,0,0.29209565012708366
sub-009,0,0.4341336396715676
sub-009,0,0.3042085946265218
sub-009,1,0.8191398994029091
sub-009,0,0.2759070419801626
sub-009,1,0.9999995150486445
sub-009,1,0.37512309938712995
sub-009,1,0.3672610355773421
sub-009,0,0.30253296050662076
sub-009,1,0.7592608201047751
sub-009,1,0.8821598043758898
sub-009,1,0.367057851670227
sub-009,1,0.530245854028857
sub-009,0,0.3845184028933543
sub-009,0,0.27274235661506285
sub-009,0,0.2613476676548516
sub-009,0,0.2725306680194657
sub-009,0,0.2565242117672935
sub-009,0,0.4228664068271567
sub-009,1,0.3459978506133364
sub-009,1,0.9946753395288396
sub-009,0,0.3358379083910699
sub-009,0,0.36915740536781344
sub-009,1,0.3075401128501586
sub-009,0,0.39951361210436404
sub-009,0,0.24666522328060347
sub-009,0,0.26764958352891
sub-009,0,0.24594576678097
sub-009,0,0.339926568219487
sub-009,1,0.5421893213015421
sub-009,1,0.48837203143988955
sub-009,1,0.3909268693235963
sub-009,1,0.6042399776302204
sub-009,0,0.42122838654974815
sub-009,0,0.2908018692386132
sub-009,0,0.5202632949096097
sub-009,0,0.3570201344848812
sub-009,0,0.31688354801331187
sub-009,0,0.40844033751425923
sub-009,0,0.3434896040323724
sub-009,0,0.5113057594918301
sub-009,1,0.9624665634925744
sub-009,0,0.2842550956800079
sub-009,0,0.2843303968101874
sub-009,0,0.5137795556883896
sub-009,0,0.3386907665560401
sub-009,0,0.38858782454692053
sub-009,0,0.31584903374874707
sub-009,0,0.35738668536616597
sub-009,0,0.3376659204645981
sub-009,0,0.3618575845195899
sub-009,0,0.326181392670592
sub-009,0,0.4678819401289335
sub-009,0,0.3046533877448995
sub-009,0,0.318729386906014
sub-009,0,0.29539895526946947
sub-009,0,0.2584390563002727
sub-009,0,0.276094077184465
sub-009,0,0.24930445423955544
sub-009,1,0.31365179240713625
sub-009,0,0.30196229712000683
sub-009,0,0.268889922730323
sub-009,0,0.2963537105690386
sub-009,1,0.6300556979144021
sub-009,0,0.36171899512157
sub-009,0,0.337889392453235
sub-009,1,0.5738755036509188
sub-009,0,0.5119374839193688
sub-009,0,0.32775707514596264
sub-009,0,0.332344883972878
sub-009,0,0.31534277621268375
sub-009,0,0.299684379835319
sub-009,0,0.24012102062573473
sub-009,0,0.29252173395376446
sub-009,1,0.30544062097519215
sub-009,0,0.31669879890205954
sub-009,0,0.2608016669991736
sub-009,0,0.45902580196014797
sub-009,0,0.33102333958904
sub-009,0,0.4028753197248679
sub-009,0,0.37573443019939023
sub-009,0,0.24595826249884511
sub-009,1,0.3455748578201884
sub-009,0,0.2871325746127536
sub-009,0,0.3057491926826793
sub-009,1,0.6980802681123439
sub-009,1,0.5126662538556109
sub-009,0,0.3225674389501567
sub-009,1,0.45507636638253146
sub-009,0,0.35678143429271203
sub-009,1,0.5686782510351472
sub-009,0,0.4116260114226188
sub-009,0,0.3078109829014501
sub-009,0,0.2589907578144325
sub-009,0,0.29015504239348583
sub-009,1,0.5449519748971476
sub-009,1,0.3578872264117147
sub-009,0,0.44297953382265287
sub-009,0,0.31558339524782075
sub-009,0,0.3235343829619524
sub-009,0,0.293262529840044
sub-009,1,0.7328675383957024
sub-009,1,0.9998300773531208
sub-009,0,0.26499619157524573
sub-009,1,0.9999666817279342
sub-010,0,0.5802965506196127
sub-010,0,0.36069039182476154
sub-010,0,0.5813594955524479
sub-010,0,0.5548156705199793
sub-010,0,0.9172336487917312
sub-010,1,0.9952277835656909
sub-010,1,0.9427232259656608
sub-010,1,0.9908799889437793
sub-010,1,0.9338513093630951
sub-010,1,0.9862313373007611
sub-010,1,0.9804980689039529
sub-010,1,0.9999583629375504
sub-010,0,0.6022970048464046
sub-010,0,0.5099574889371882
sub-010,0,0.7966951973692921
sub-010,0,0.756196033978571
sub-010,0,0.9259742219634429
sub-010,0,0.9853890774330025
sub-010,0,0.7589255241289362
sub-010,0,0.8262933770462141
sub-010,0,0.9054858749286521
sub-010,1,0.9094689116571503
sub-010,0,0.7006204371774583
sub-010,0,0.6165547536275939
sub-010,0,0.5532238170616387
sub-010,0,0.8853782600312579
sub-010,0,0.5852495354866518
sub-010,0,0.7949874622540595
sub-010,0,0.7168905453709876
sub-010,1,0.9356755730463924
sub-010,0,0.8512238922562319
sub-010,1,0.9767910466407056
sub-010,0,0.46678133165256186
sub-010,0,0.7624530449299924
sub-010,0,0.7678783408600782
sub-010,0,0.6040249963256583
sub-010,0,0.5911997419698444
sub-010,0,0.8154019503037794
sub-010,0,0.9265788947157504
sub-010,0,0.5765252202374063
sub-010,0,0.8363140322479973
sub-010,0,0.7563202344824853
sub-010,0,0.5754121626038801
sub-010,0,0.6891523750209051
sub-010,0,0.7487446333964058
sub-010,0,0.43600015913160006
sub-010,0,0.5926129281198836
sub-010,0,0.7182154982904912
sub-010,0,0.37581775333192485
sub-010,0,0.5126924126731993
sub-010,0,0.8353753766319059
sub-010,0,0.6765115921658502
sub-010,0,0.6271090610406203
sub-010,0,0.856388950345619
sub-010,0,0.7254994075057842
sub-010,1,0.7967821744899392
sub-010,0,0.3741643216471116
sub-010,0,0.5543454274440611
sub-010,0,0.3910405319077329
sub-010,0,0.6197061322802325
sub-010,0,0.46807732945053204
sub-010,0,0.6245386971288283
sub-010,0,0.9248806711531239
sub-010,0,0.7812378446077415
sub-010,0,0.8478708969485846
sub-010,0,0.8109104586988931
sub-010,0,0.6801266754896912
sub-010,0,0.47348542408584204
sub-010,0,0.7811070781475858
sub-010,0,0.6953327214304302
sub-010,0,0.7505856911156547
sub-010,0,0.7215944545272052
sub-010,0,0.6701404061011903
sub-010,0,0.8803303554788552
sub-010,0,0.8210820803731752
sub-010,0,0.7601981161523091
sub-010,0,0.9315281366881132
sub-010,0,0.845682252839139
sub-010,0,0.5717805610301804
sub-010,0,0.7762913654452508
sub-010,0,0.7664375594959382
sub-010,0,0.5309873797872683
sub-010,0,0.764803239878007
sub-010,0,0.8120799212573127
sub-010,0,0.8163200275136354
sub-010,0,0.4995059062328308
sub-010,0,0.673640835978797
sub-010,0,0.7212880367273883
sub-010,0,0.6944309031504782
sub-010,0,0.7425973849629443
sub-010,0,0.7557692390851481
sub-010,0,0.4452428699687872
sub-010,0,0.806694827620049
sub-010,1,0.8924263894319436
sub-010,0,0.6420571804064684
sub-010,0,0.9023781392463641
sub-010,0,0.9465196531781792
sub-010,0,0.864710142858371
sub-010,0,0.6421039297643124
sub-010,0,0.9654689677421388
sub-010,0,0.5974612850900104
sub-010,0,0.8026902170379322
sub-010,0,0.8563311072800907
sub-010,0,0.75577912324122
sub-010,0,0.5202443747973297
sub-010,0,0.7706995909350575
sub-010,0,0.972671006110956
sub-010,0,0.3943536551756409
sub-010,0,0.9460789826325533
sub-010,0,0.6840710588169201
sub-010,0,0.619263361996816
sub-010,0,0.49186286379795185
sub-010,0,0.5072950009881911
sub-010,0,0.9273378075278182
sub-010,1,0.9550219525985624
sub-010,1,0.9606834915445973
sub-010,0,0.4101449772910754
sub-010,0,0.4259827303853641
sub-010,0,0.4762865620473733
sub-010,1,0.6293141599489229
sub-010,0,0.5995162226998503
sub-010,0,0.4806948963099121
sub-010,0,0.43366152099345545
sub-010,1,0.614742564672736
sub-010,0,0.7671550537064723
sub-010,0,0.6694321465179166
sub-010,0,0.40629894213825535
sub-010,1,0.38491382355667236
sub-010,0,0.7092137797308883
sub-010,1,0.4732913686179955
sub-010,1,0.3648375573964214
sub-010,0,0.3967711648527252
sub-010,0,0.6390442097929336
sub-010,0,0.7279335875837357
sub-010,0,0.5103053859483107
sub-010,0,0.8614359124427505
sub-010,0,0.7514167653340668
sub-010,0,0.9334758960962309
sub-010,0,0.3467636528812739
sub-010,0,0.8009928806526357
sub-010,0,0.9146401132159604
sub-010,0,0.8505498163190716
sub-010,0,0.7707240238519192
sub-010,1,0.95816624908915
sub-010,1,0.9873099568615745
sub-010,1,0.7351479791095216
sub-010,1,0.9129697266733465
sub-010,1,0.9095213929244
sub-010,0,0.5678142717214869
sub-010,0,0.5012592880702854
sub-010,0,0.6072380476960353
sub-010,0,0.3859073636455551
sub-010,1,0.9945899801330181
sub-010,0,0.46863348516208647
sub-010,1,0.7286468999415553
sub-010,1,0.9859913970172557
sub-010,0,0.7981161635277672
sub-010,0,0.7595741662583044
sub-010,0,0.7001801198556757
sub-010,1,0.9980680242511533
sub-010,0,0.879878150395984
sub-010,1,0.7297276536503445
sub-010,0,0.7497415561967075
sub-010,0,0.3076667372403297
sub-010,0,0.5341595704390825
sub-010,0,0.6179668200499688
sub-010,1,0.8510541761516601
sub-010,1,0.9009547211158566
sub-010,0,0.8325597562258717
sub-010,0,0.8759769177560361
sub-010,0,0.611478108231869
sub-010,0,0.7261308791696826
sub-010,0,0.7107143679271478
sub-010,0,0.5412871044805123
sub-010,0,0.8929855637932085
sub-010,1,0.9905417329631728
sub-010,0,0.474636433867969
sub-010,0,0.6908338338052208
sub-010,1,0.9888566890518166
sub-010,0,0.8888807544584432
sub-010,0,0.90964900058127
sub-010,0,0.525127153511534
sub-010,0,0.9100827313814536
sub-010,0,0.815584300916117
sub-010,1,0.9696663072924085
sub-010,0,0.9016986038844458
sub-010,1,0.6721658307841716
sub-010,1,0.9712673765014544
sub-010,0,0.8884434324317749
sub-010,0,0.6063792732069897
sub-010,0,0.757420473736156
sub-010,0,0.6074122207961187
sub-010,1,0.9692606587160697
sub-010,1,0.950857579644897
sub-010,0,0.8106121425823775
sub-010,0,0.7945914223076881
sub-010,0,0.8842731373103928
sub-010,1,0.7889790760930777
sub-010,0,0.9197637859122633
sub-010,0,0.9553898767616846
sub-010,0,0.4906218928171734
sub-010,0,0.5938196605633369
sub-010,0,0.9260850720939411
sub-010,1,0.9757059120891631
sub-010,0,0.8554014152645476
sub-010,1,0.9172608912098302
sub-010,1,0.9994131044099811
sub-010,1,0.9999747415242224
sub-010,1,0.8453767408554299
sub-010,0,0.36893044023424454
sub-010,1,0.6284861420666408
sub-010,0,0.7834592044122604
sub-010,0,0.8893502008931885
sub-010,0,0.7515789450085136
sub-010,1,0.6031532926686562
sub-010,1,0.9186611526927502
sub-010,1,0.9999897725424677
sub-010,1,0.9960699072976014
sub-010,1,0.9119109069313104
sub-010,1,0.999995921211945
sub-010,1,0.9935941653905745
sub-010,1,0.7901400230823866
sub-010,0,0.9040490438731232
sub-010,1,0.9458026655226742
sub-010,1,0.7302255848343441
sub-010,0,0.7446079403077768
sub-010,0,0.44521572662631503
sub-010,0,0.5443441276269846
sub-010,0,0.46620047079143084
sub-010,1,0.4651679486485384
sub-010,0,0.8204505394209453
sub-010,1,0.9583638365864836
sub-010,1,0.6805735436667428
sub-010,0,0.8712973722493225
sub-010,0,0.7102867046356242
sub-010,0,0.7902488302454886
sub-011,0,0.4020058584314651
sub-011,1,0.5585695654435083
sub-011,1,0.8868222119941517
sub-011,1,0.6650504335363442
sub-011,0,0.4669270231948831
sub-011,0,0.5059072433717577
sub-011,0,0.3447065473677007
sub-011,0,0.4337471369062235
sub-011,0,0.4625094666689779
sub-011,0,0.3398399177448231
sub-011,1,0.6041178126177573
sub-011,0,0.38471326106983056
sub-011,0,0.4117511104287198
sub-011,1,0.699780644172669
sub-011,0,0.3911150865171896
sub-011,0,0.54290982767346
sub-011,0,0.4846144609307505
sub-011,0,0.3908644352256292
sub-011,0,0.5812080540753694
sub-011,0,0.38031940653586604
sub-011,0,0.5095052384880788
sub-011,1,0.3674693939829181
sub-011,1,0.5667384351877661
sub-011,0,0.3904450666465218
sub-011,0,0.6132125026614852
sub-011,1,0.4300786633331985
sub-011,1,0.40886834409256584
sub-011,0,0.4310955304453578
sub-011,0,0.3584202229923926
sub-011,1,0.3091591915507704
sub-011,0,0.5424119984441674
sub-011,0,0.4142374679697327
sub-011,0,0.48465863163370754
sub-011,0,0.3981622585502932
sub-011,0,0.32041354023226304
sub-011,0,0.42608416540388455
sub-011,1,0.5011351802923197
sub-011,0,0.5991886745216338
sub-011,0,0.4006587507601437
sub-011,0,0.3902310654373336
sub-011,0,0.3768264494936756
sub-011,0,0.5762947744488134
sub-011,0,0.5567936550155493
sub-011,0,0.4450751320909521
sub-011,0,0.4050036912164874
sub-011,1,0.531293162692273
sub-011,1,0.7015607446528286
sub-011,0,0.4652781546382408
sub-011,0,0.37735621484378074
sub-011,0,0.5058117194220979
sub-011,0,0.3179142841189292
sub-011,0,0.4020334149801548
sub-011,0,0.454071352275384
sub-011,0,0.599168089927119
sub-011,0,0.3885408912595954
sub-011,1,0.4209691103571953
sub-011,1,0.42857878305578384
sub-011,0,0.35924711609665755
sub-011,1,0.531101977153696
sub-011,1,0.3271887045909476
sub-011,0,0.4171252865330888
sub-011,0,0.5037654701133671
sub-011,0,0.3558440261792755
sub-011,1,0.3965479828315835
sub-011,0,0.5494308231006256
sub-011,1,0.6986170428992385
sub-011,0,0.5502171483952939
sub-011,0,0.323124310391716
sub-011,1,0.35775922877147104
sub-011,0,0.38047597001507
sub-011,1,0.6447088870814348
sub-011,0,0.5447417170293731
sub-011,1,0.4609081805772206
sub-011,1,0.6424787802732699
sub-011,1,0.4976790120220853
sub-011,1,0.49533526796633814
sub-011,1,0.3339703179770846
sub-011,0,0.3822176951309745
sub-011,1,0.3775638433372849
sub-011,0,0.3697464713313926
sub-011,0,0.41845845863441883
sub-011,0,0.5704244866313372
sub-011,0,0.47927748800351627
sub-011,0,0.4637587558513932
sub-011,0,0.6562492559731034
sub-011,1,0.612052236255729
sub-011,0,0.4943535773914747
sub-011,1,0.7828271563543172
sub-011,0,0.5527979598544884
sub-011,1,0.8271377860584677
sub-011,1,0.5205967847122273
sub-011,1,0.7582314288925068
sub-011,0,0.4371548028734431
sub-011,1,0.3621682801488326
sub-011,0,0.447464233122401
sub-011,0,0.5248326706595994
sub-011,0,0.47435275658683324
sub-011,1,0.38836326058391957
sub-011,1,0.2916054158941184
sub-011,1,0.592375731227029
sub-011,0,0.48800593608574355
sub-011,0,0.5286909556688479
sub-011,0,0.5081259370404002
sub-011,0,0.5400423637542917
sub-011,0,0.4053284090428186
sub-011,1,0.5639838120951844
sub-011,0,0.45739031439314115
sub-011,1,0.6689218377777426
sub-011,0,0.47535191677482386
sub-011,0,0.40842967759995796
sub-011,0,0.32628203041469184
sub-011,0,0.5621778156892507
sub-011,0,0.35646027626281873
sub-011,0,0.4147029373415431
sub-011,0,0.631948295908798
sub-011,0,0.40050364617992884
sub-011,0,0.3776375058787387
sub-011,0,0.3627749820952476
sub-011,0,0.3030687429280278
sub-011,0,0.3791639431801001
sub-011,1,0.457671430531963
sub-011,1,0.4798452007101748
sub-011,0,0.4368391845346296
sub-011,1,0.5082808667436252
sub-011,1,0.4752013635173797
sub-011,1,0.5851186581081506
sub-011,1,0.48862653833177233
sub-011,1,0.5425707226533186
sub-011,1,0.5249095493740988
sub-011,0,0.3305523093183592
sub-011,0,0.38810584166046697
sub-011,0,0.4120727163780678
sub-011,1,0.48144347345755045
sub-011,0,0.41282184730893623
sub-011,1,0.5536050619069476
sub-011,0,0.360231980799755
sub-011,0,0.4231029846100934
sub-011,1,0.39098717931969895
sub-011,1,0.6291653497755002
sub-011,0,0.31669332858595195
sub-011,0,0.31386383627106873
sub-011,1,0.6903108309211308
sub-011,0,0.4915993106108552
sub-011,1,0.3938155495943378
sub-011,1,0.44369600950901766
sub-011,1,0.46152144258567884
sub-011,0,0.4060758496724931
sub-011,0,0.31082069115699845
sub-011,1,0.4599881658808129
sub-011,0,0.3307426162612747
sub-011,1,0.46158692008953517
sub-011,0,0.3384481279674839
sub-011,0,0.42189431467690897
sub-011,1,0.39988840187005315
sub-011,1,0.4681507925525529
sub-011,0,0.42555883081580964
sub-011,0,0.42557278785364155
sub-011,0,0.32258160918949214
sub-011,0,0.3571569746641108
sub-011,0,0.44264725270678723
sub-011,1,0.7306117402733261
sub-011,1,0.6428968585090561
sub-011,1,0.4841395796162788
sub-011,0,0.41798857127614225
sub-011,0,0.41180329843909474
sub-011,1,0.5119573701136275
sub-011,0,0.30884528212410145
sub-011,0,0.441641184787393
sub-011,0,0.3378592259167387
sub-011,1,0.4444076756235961
sub-011,0,0.31361430161075965
sub-011,1,0.48933892550900365
sub-011,1,0.5466665813238275
sub-011,0,0.37711295225776453
sub-011,0,0.4735655657090404
sub-011,0,0.38899253454072097
sub-011,1,0.45264686487265293
sub-011,0,0.4961536330473275
sub-011,0,0.3871608776061253
sub-011,0,0.4055083256786821
sub-011,0,0.34028539214157855
sub-011,0,0.3552745882756181
sub-011,0,0.3668661634648392
sub-011,1,0.6754527501169687
sub-011,0,0.4466078732050014
sub-011,0,0.390792353832963
sub-011,1,0.5497847712073329
sub-011,0,0.32391361844271943
sub-011,0,0.454535801469351
sub-011,0,0.3696012780972952
sub-011,0,0.4828375024198767
sub-011,1,0.46885416376321026
sub-011,0,0.41936886633894527
sub-011,1,0.5002978265836995
sub-011,0,0.4018899847482779
sub-011,1,0.4107242766789117
sub-011,1,0.5512035091494463
sub-011,0,0.3911272776348366
sub-011,0,0.42474706768455966
sub-011,1,0.3740479757160953
sub-011,1,0.2984814511482274
sub-011,0,0.3045600959758376
sub-011,0,0.368501287958584
sub-011,1,0.49284799822633296
sub-011,0,0.4627246949472149
sub-011,1,0.5742341601050988
sub-011,0,0.41806887344770705
sub-011,0,0.3890346264875004
sub-011,1,0.7052461707349801
sub-011,1,0.4672015368306359
sub-011,0,0.47864937967691035
sub-011,1,0.7338514578638554
sub-011,0,0.30819881345824773
sub-011,0,0.44755786860912794
sub-011,0,0.3837040571778578
sub-011,1,0.7540087725407368
sub-011,0,0.3346686176521152
sub-011,1,0.5059847037246262
sub-011,0,0.42271760893490395
sub-011,0,0.3811762855256087
sub-011,0,0.32460213026118057
sub-011,0,0.377116951596101
sub-011,0,0.36556576013807834
sub-011,0,0.3348947417668212
sub-011,1,0.5781313490652017
sub-011,1,0.7998670928902192
sub-011,0,0.4230093043069365
sub-011,0,0.3852612453388294
sub-011,1,0.4007723937727325
sub-011,0,0.3279482435042997
sub-011,1,0.42283546014447987
sub-011,0,0.3715937846552915
sub-011,0,0.42336707719961564
sub-011,0,0.40296937740035643
sub-011,0,0.3744109688681532
sub-011,0,0.4118816012967775
sub-012,0,0.3566607795457006
sub-012,0,0.5066390565251875
sub-012,0,0.5611637375511199
sub-012,0,0.4099658280413548
sub-012,0,0.333140289802574
sub-012,0,0.3315566129716081
sub-012,0,0.4683297035705721
sub-012,0,0.3511873856906144
sub-012,0,0.5090182822385725
sub-012,0,0.4007674945517393
sub-012,0,0.3343092313140984
sub-012,0,0.3783375754981446
sub-012,1,0.8512023709956805
sub-012,1,0.7734072018813937
sub-012,1,0.9128201412497988
sub-012,0,0.7219060391715
sub-012,0,0.5321261702653681
sub-012,0,0.6632064063593296
sub-012,1,0.8493657123050804
sub-012,0,0.38931283737190636
sub-012,0,0.6987672516347623
sub-012,0,0.7070159812060255
sub-012,0,0.37723175818203886
sub-012,0,0.5374230234643428
sub-012,0,0.5556182946225601
sub-012,0,0.48284154598606016
sub-012,0,0.4952910043387836
sub-012,0,0.640609545921087
sub-012,1,0.5179253379439936
sub-012,1,0.43505287426638295
sub-012,1,0.37032817473420165
sub-012,0,0.410893865299399
sub-012,0,0.49986276269051494
sub-012,1,0.8390522566940958
sub-012,0,0.715429563241454
sub-012,1,0.8109667274814747
sub-012,0,0.6662949542490577
sub-012,0,0.5923130882355926
sub-012,0,0.4616588478430791
sub-012,1,0.6926387157047503
sub-012,0,0.5863636428069745
sub-012,0,0.5793132696003709
sub-012,0,0.4158246269813
sub-012,0,0.4683397901336323
sub-012,1,0.4334628754924562
sub-012,0,0.46494982508976895
sub-012,0,0.676056547608084
sub-012,0,0.49394295980145225
sub-012,0,0.3907931729333284
sub-012,0,0.6038820387405811
sub-012,0,0.6200891579400725
sub-012,0,0.44893080694555487
sub-012,1,0.4480282582313332
sub-012,0,0.404265986877949
sub-012,0,0.44844637816919386
sub-012,0,0.46704989223443893
sub-012,0,0.7344395688140042
sub-012,1,0.5056064532072447
sub-012,0,0.5301061437341817
sub-012,0,0.54340614909553
sub-012,0,0.3314938805856945
sub-012,0,0.3297123123608988
sub-012,0,0.5553331244375527
sub-012,0,0.7357939061107728
sub-012,0,0.42085981410306766
sub-012,0,0.6049980505565723
sub-012,0,0.552246135217662
sub-012,0,0.561030619439659
sub-012,0,0.3547598827874166
sub-012,0,0.39020465163532686
sub-012,0,0.6259162743935318
sub-012,0,0.3804800626834141
sub-012,0,0.5737702883354632
sub-012,0,0.3523183647021436
sub-012,0,0.5041249643690409
sub-012,0,0.485787630167216
sub-012,0,0.45468982346926157
sub-012,1,0.5803874908429116
sub-012,1,0.936976647196826
sub-012,1,1.0
sub-012,0,0.4440635124702937
sub-012,0,0.32650682205743853
sub-012,0,0.4379628590784598
sub-012,0,0.5304490495557133
sub-012,1,0.5897037879595698
sub-012,0,0.34575389492234765
sub-012,1,0.4233674960703841
sub-012,0,0.43563625144952434
sub-012,0,0.36379604341909594
sub-012,0,0.40380836044896995
sub-012,0,0.4607136104470629
sub-012,0,0.34232613384591165
sub-012,0,0.4693417090262419
sub-012,1,0.9090076011850232
sub-012,0,0.5660987644835804
sub-012,1,0.34506011369242257
sub-012,0,0.40414592870604554
sub-012,0,0.46074420501521784
sub-012,0,0.43395040870510615
sub-012,0,0.3374415566372976
sub-012,0,0.4275383810934743
sub-012,0,0.3206201362559997
sub-012,0,0.3818715503273764
sub-012,0,0.4854302264255299
sub-012,0,0.4737540155763169
sub-012,0,0.666413363362411
sub-012,1,0.7312408936399982
sub-012,0,0.534723201747517
sub-012,1,0.9506157124886956
sub-012,0,0.45476426960643396
sub-012,0,0.41238333016649836
sub-012,1,0.3949127644230787
sub-012,1,0.853696240853394
sub-012,0,0.4166656405979101
sub-012,0,0.4897081616197022
sub-012,1,0.700614743919812
sub-012,0,0.3761956016929989
sub-012,0,0.3633231989345764
sub-012,0,0.29941186871618697
sub-012,0,0.37866288112954344
sub-012,1,0.4602206486938005
sub-012,1,0.48448573847487836
sub-012,0,0.4391521324993501
sub-012,1,0.5113215198231686
sub-012,1,0.486065038548993
sub-012,1,0.5965140558797665
sub-012,1,0.49701137029025155
sub-012,1,0.558131683851463
sub-012,1,0.524667832382151
sub-012,0,0.3287959095490309
sub-012,0,0.38899874293598413
sub-012,0,0.4133987645539733
sub-012,1,0.48576533204823724
sub-012,0,0.41629509987198154
sub-012,1,0.5588480298525318
sub-012,0,0.35666720442724026
sub-012,0,0.42228260819297575
sub-012,1,0.38920815736667597
sub-012,1,0.6436495150032823
sub-012,0,0.31383978806347634
sub-012,0,0.3093079676074127
sub-012,1,0.710690725356384
sub-012,0,0.4966230415423141
sub-012,1,0.3898861775672631
sub-012,1,0.4434935116128726
sub-012,1,0.4672896846096586
sub-012,0,0.4056307294010912
sub-012,0,0.30531707481046694
sub-012,1,0.46385428770659437
sub-012,0,0.32642447564161314
sub-012,1,0.4653171457071045
sub-012,0,0.3386481755426648
sub-012,0,0.42030066961868456
sub-012,1,0.39726946455734186
sub-012,1,0.4748618658496072
sub-012,0,0.4306282824130456
sub-012,0,0.4258764583662221
sub-012,0,0.31678852036206806
sub-012,0,0.3523941967540321
sub-012,0,0.4440855786351163
sub-012,1,0.7400347502655122
sub-012,1,0.6542517514949011
sub-012,1,0.48431130662408634
sub-012,0,0.4147858292132121
sub-012,0,0.4107043053562165
sub-012,1,0.5161011556216952
sub-012,0,0.3034619338343415
sub-012,0,0.4436866136950726
sub-012,0,0.333290372350358
sub-012,1,0.4438616041066436
sub-012,0,0.3085697911120439
sub-012,1,0.49191264122857603
sub-012,1,0.5557981680601793
sub-012,0,0.3759982307148954
sub-012,0,0.4751254355742531
sub-012,0,0.38844756266873204
sub-012,1,0.46005053553978753
sub-012,0,0.4998043428829484
sub-012,0,0.38883482247099477
sub-012,0,0.40715064591695793
sub-012,0,0.3383959776007229
sub-012,0,0.35396255539842636
sub-012,0,0.36505010357382817
sub-012,1,0.6932518026683739
sub-012,0,0.44095357611006875
sub-012,0,0.38958547577124186
sub-012,1,0.5532343126521699
sub-012,0,0.3180815798524996
sub-012,0,0.45313664157265165
sub-012,0,0.37101446313096687
sub-012,0,0.48433249088150226
sub-012,1,0.4716680909910286
sub-012,0,0.41643874719242086
sub-012,1,0.50247401853053
sub-012,0,0.4003599536129623
sub-012,1,0.411123393533826
sub-012,1,0.5531734391929121
sub-012,0,0.3894648541120576
sub-012,0,0.4244455342004139
sub-012,1,0.3730287451540075
sub-012,1,0.29223822518197706
sub-012,0,0.29844346333675514
sub-012,0,0.367439256038522
sub-012,1,0.4984987495255246
sub-012,0,0.46660278814275674
sub-012,1,0.5778542346679134
sub-012,0,0.41630294232522924
sub-012,0,0.38524003637548243
sub-012,1,0.7128546714948782
sub-012,1,0.47313795361024985
sub-012,0,0.4836976612466202
sub-012,1,0.7446167289682792
sub-012,0,0.3000748331690022
sub-012,0,0.4529594647328599
sub-012,0,0.3791929652229884
sub-012,1,0.7649280399230821
sub-012,0,0.3313876775317411
sub-012,1,0.5116268250808887
sub-012,0,0.4250441797889624
sub-012,0,0.3787158333824282
sub-012,0,0.3218775057332665
sub-012,0,0.37492373545374696
sub-012,0,0.365779610176388
sub-012,0,0.334850669474138
sub-012,1,0.5824215970489202
sub-012,1,0.808857412123794
sub-012,0,0.42393498533437035
sub-012,0,0.3834674317691963
sub-012,1,0.40313581967520634
sub-012,0,0.32257616465427336
sub-012,1,0.42614952719242266
sub-012,0,0.36853161664719913
sub-012,0,0.42476686397230057
sub-012,0,0.4052628712353015
sub-012,0,0.37665483936533267
sub-012,0,0.4141392711505233
sub-013,1,0.5937511874625231
sub-013,1,0.8723976808592536
sub-013,0,0.41888451757260287
sub-013,0,0.32578997204163246
sub-013,1,0.4481140191626515
sub-013,1,0.3930897327251693
sub-013,0,0.40413534560513314
sub-013,1,0.37969532875859374
sub-013,0,0.3423311326365669
sub-013,0,0.40597026059552055
sub-013,1,0.3519244658779261
sub-013,1,0.422087301935102
sub-013,1,0.42344940378512824
sub-013,1,0.37751888185987187
sub-013,0,0.3021849290849225
sub-013,0,0.32135449289402346
sub-013,0,0.33538122518772423
sub-013,0,0.2709109671661911
sub-013,0,0.3386909457600661
sub-013,0,0.3408078675336502
sub-013,0,0.4127949504489844
sub-013,0,0.3485391906234187
sub-013,0,0.385154026368317
sub-013,0,0.35328709427426375
sub-013,0,0.30110902660755323
sub-013,0,0.32817176071851906
sub-013,0,0.35128590436360957
sub-013,0,0.28993910357444086
sub-013,0,0.260168209944428
sub-013,0,0.2757918420432908
sub-013,0,0.2473806097925917
sub-013,1,0.28141521448635426
sub-013,1,0.6015270101809806
sub-013,0,0.3738742634379238
sub-013,0,0.4001873557004889
sub-013,1,0.36602579392640855
sub-013,0,0.34289602627920807
sub-013,0,0.32219512330451605
sub-013,0,0.30566705383834847
sub-013,1,0.3313241769161292
sub-013,0,0.4449734880336855
sub-013,0,0.3980770617953601
sub-013,0,0.3572499359157988
sub-013,1,0.2901198635201283
sub-013,0,0.32062857486594665
sub-013,0,0.33706515665780423
sub-013,1,0.5687353987298928
sub-013,0,0.35196652426476743
sub-013,0,0.36409973014285885
sub-013,0,0.3295651687980407
sub-013,0,0.31762987980739954
sub-013,0,0.3513720117012394
sub-013,0,0.3396117864703756
sub-013,0,0.37238574627627485
sub-013,0,0.3748640941681739
sub-013,0,0.5498881301399323
sub-013,0,0.3257120721881619
sub-013,1,0.29433064885801424
sub-013,0,0.3279739729179961
sub-013,0,0.36402676097459596
sub-013,0,0.31685926729098457
sub-013,0,0.35968262008525426
sub-013,1,0.5086843518883765
sub-013,1,0.5719470324066411
sub-013,0,0.38590068078801076
sub-013,1,0.5458842454114617
sub-013,1,0.3652180716050404
sub-013,0,0.39131540994783737
sub-013,0,0.33408148702756485
sub-013,1,0.2458901283530815
sub-013,0,0.3751719244074043
sub-013,1,0.5193094344824974
sub-013,0,0.31049012905368095
sub-013,0,0.3565306113547204
sub-013,0,0.28586078441657164
sub-013,0,0.3056783401065287
sub-013,0,0.30890946564079713
sub-013,0,0.30114653317783363
sub-013,1,0.32144462055959167
sub-013,0,0.273482040677794
sub-013,0,0.34452941573484036
sub-013,1,0.38417098133024785
sub-013,0,0.3771987647336776
sub-013,0,0.32804615191780184
sub-013,0,0.3601289233218573
sub-013,0,0.31929638592421933
sub-013,0,0.3830051226610637
sub-013,1,0.288582069620739
sub-013,0,0.30802618749314215
sub-013,0,0.41696908558958234
sub-013,0,0.3520511769173794
sub-013,0,0.31276636963499377
sub-013,1,0.4530404935559909
sub-013,1,0.467682672696322
sub-013,0,0.3662833164075722
sub-013,1,0.4760156520199356
sub-013,0,0.41899905553660227
sub-013,0,0.44222673884313957
sub-013,0,0.48753240548137905
sub-013,0,0.4532166939255285
sub-013,0,0.4815539310651168
sub-013,1,0.3957000274280633
sub-013,1,0.628482338050778
sub-013,0,0.30558525970041567
sub-013,0,0.33607333512319737
sub-013,0,0.28448208862458874
sub-013,1,0.38771936207441937
sub-013,0,0.4289924752978461
sub-013,0,0.2811352224213545
sub-013,0,0.36490496124735683
sub-013,0,0.3579868476281144
sub-013,0,0.31416967339986485
sub-013,0,0.35367504288851465
sub-013,0,0.33095839839967317
sub-013,0,0.2686458280699615
sub-013,0,0.34088209061666247
sub-013,1,0.5240292399529558
sub-013,0,0.3515447409597117
sub-013,0,0.36485637829068746
sub-013,1,0.3462793841383131
sub-013,0,0.33011121824244716
sub-013,1,0.42508615115361253
sub-013,0,0.320391129616864
sub-013,0,0.3924703404851656
sub-013,1,0.4981544252920693
sub-013,1,0.4969512368260772
sub-013,0,0.28016115262709906
sub-013,0,0.3667752254866952
sub-013,1,0.4426568368548107
sub-013,1,0.5663627459393991
sub-013,0,0.37536292775288754
sub-013,0,0.38838751420920076
sub-013,0,0.39262120779485443
sub-013,0,0.2719721123756255
sub-013,0,0.3604037482126378
sub-013,0,0.3094340374636996
sub-013,0,0.39050063768469484
sub-013,1,0.3924501873727023
sub-013,0,0.35181278997096604
sub-013,1,0.35011549012062765
sub-013,1,0.39591391347931343
sub-013,0,0.3497201181784632
sub-013,0,0.4039594362914526
sub-013,0,0.3061297799088712
sub-013,0,0.3949641450680185
sub-013,0,0.36030467321808496
sub-013,0,0.3404040181537501
sub-013,1,0.725738267113335
sub-013,0,0.39372353921416714
sub-013,1,0.6218936483023781
sub-013,0,0.40779056932568575
sub-013,1,0.3761688183004806
sub-013,0,0.28239406694166547
sub-013,1,0.3754986771123984
sub-013,1,0.5608806710189994
sub-013,1,0.6293713428052816
sub-013,0,0.3111330687750061
sub-013,0,0.2903158678233113
sub-013,1,0.6066766629899922
sub-013,1,0.502406606226
sub-013,0,0.4351008926102385
sub-013,0,0.28783937225690037
sub-013,0,0.326979242886183
sub-013,0,0.39766874138314423
sub-013,0,0.29064452305063226
sub-013,1,0.5911020522027172
sub-013,0,0.351747037871493
sub-013,0,0.392475255322206
sub-013,0,0.25931657082228043
sub-013,0,0.3641089252209483
sub-013,1,0.6613750445942913
sub-013,1,0.5543470501187342
sub-013,0,0.3525482780554995
sub-013,0,0.35023688344073317
sub-013,1,0.4057029891933841
sub-013,1,0.39469878956449567
sub-013,0,0.3015729137947068
sub-013,1,0.4240041741517191
sub-013,1,0.4826542873731259
sub-013,0,0.4355029555450181
sub-013,1,0.38206644982177396
sub-013,0,0.4044639747220071
sub-013,0,0.44080870746462814
sub-013,1,0.3164072804725656
sub-013,1,0.5058508587494185
sub-013,0,0.3290862154954675
sub-013,0,0.4024151836368607
sub-013,0,0.2808317676020151
sub-013,0,0.4651779151574975
sub-013,1,0.4433568314738577
sub-013,0,0.3360438901505966
sub-013,0,0.3633990703184135
sub-013,1,0.28300045501149224
sub-013,1,0.4797405423265535
sub-013,0,0.35433786502370385
sub-013,0,0.39404475549246015
sub-013,0,0.33157728817111704
sub-013,0,0.3376019512647591
sub-013,0,0.34513186059008527
sub-013,1,0.3593740808813358
sub-013,0,0.33408917604875554
sub-013,0,0.48179439421047926
sub-013,0,0.3081130882153673
sub-013,0,0.40426822882444535
sub-013,0,0.3766265955978171
sub-013,0,0.3260400834799519
sub-013,0,0.4012508135951781
sub-013,1,0.4623688999156162
sub-013,0,0.3581685978281625
sub-013,1,0.6180914935832181
sub-013,1,0.4731089155612239
sub-013,0,0.3044144384544274
sub-013,0,0.38419055730541496
sub-013,0,0.3565136870996288
sub-013,0,0.37566456717531005
sub-013,0,0.3636866207893306
sub-013,0,0.27080620665444344
sub-013,0,0.33156626019113655
sub-013,0,0.30778401246086834
sub-013,0,0.4558297631364897
sub-013,0,0.3176386949986046
sub-013,1,0.4245434210304195
sub-013,0,0.3323889456722911
sub-013,1,0.5093850573565112
sub-013,0,0.4238016058828377
sub-013,0,0.32220509121918517
sub-013,1,0.43158808177993624
sub-013,0,0.353416664244279
sub-013,0,0.3543854785068615
sub-013,1,0.6825634409034836
sub-013,0,0.3052918403646197
sub-013,0,0.3589492253451331
sub-013,1,0.2712314442495725
sub-013,1,0.31923877759346986
sub-013,1,0.33587393320085973
sub-013,0,0.34449568123933066
sub-014,1,0.895390961158501
sub-014,1,0.6433457428258123
sub-014,0,0.5261120894438216
sub-014,0,0.5984779662094455
sub-014,0,0.49431985843546744
sub-014,0,0.4187797474755857
sub-014,1,0.714512205324223
sub-014,1,0.6889483804218349
sub-014,0,0.5159430000764637
sub-014,0,0.4807506543203324
sub-014,0,0.4458015348302682
sub-014,0,0.438946078883288
sub-014,1,0.6113211255780112
sub-014,1,0.7069006977827785
sub-014,0,0.4585590096399378
sub-014,1,0.6931355110977402
sub-014,0,0.6601498027322351
sub-014,1,0.39050952496051483
sub-014,0,0.5503694879939524
sub-014,0,0.5281498693084017
sub-014,0,0.5092303345467629
sub-014,0,0.476022829864659
sub-014,1,0.4557699570857624
sub-014,1,0.8023100676258837
sub-014,0,0.4841490121065561
sub-014,1,0.37663572179382115
sub-014,0,0.4489279949751912
sub-014,0,0.5543811945260104
sub-014,0,0.6437283986456785
sub-014,0,0.5979936348798911
sub-014,0,0.5486537133736653
sub-014,0,0.41595728674783544
sub-014,0,0.47298478363820445
sub-014,0,0.5109484249608075
sub-014,1,0.6310654470587516
sub-014,0,0.4956300079177458
sub-014,0,0.43390260131124975
sub-014,1,0.30677335917213844
sub-014,0,0.4000101955492473
sub-014,0,0.36122694050458076
sub-014,0,0.4062125731815345
sub-014,0,0.639656748518761
sub-014,0,0.43032123093262953
sub-014,0,0.5072448977500825
sub-014,0,0.7673123490295862
sub-014,0,0.7014679746108224
sub-014,0,0.4154259725144383
sub-014,0,0.6179066073564677
sub-014,0,0.41293071762703965
sub-014,0,0.5526032869218896
sub-014,1,0.7843335868050325
sub-014,0,0.5917962981990043
sub-014,0,0.42781541158803527
sub-014,1,0.731870365328538
sub-014,0,0.6219736555589972
sub-014,0,0.6756907332735431
sub-014,0,0.6600669428475125
sub-014,0,0.5347079669526413
sub-014,1,0.6991332630530942
sub-014,0,0.42532448504613557
sub-014,1,0.6075056607214897
sub-014,0,0.545661904833447
sub-014,0,0.3975000476862648
sub-014,0,0.5815331377607084
sub-014,1,0.6857940054932034
sub-014,0,0.5947410632366835
sub-014,0,0.6362268886906687
sub-014,1,0.7239826988002095
sub-014,0,0.41482837634568526
sub-014,0,0.596106646966686
sub-014,1,0.7304980057450935
sub-014,1,0.39454533000459396
sub-014,1,0.4308349168979466
sub-014,0,0.33663985693764537
sub-014,0,0.47675788831027166
sub-014,0,0.48326804017294805
sub-014,0,0.6456861614733774
sub-014,0,0.4832818215165074
sub-014,1,0.6015737104285906
sub-014,0,0.5361365077203688
sub-014,1,0.622015606614997
sub-014,0,0.38498427533891083
sub-014,1,0.7932603958529492
sub-014,0,0.4232060040005248
sub-014,0,0.4396226073163272
sub-014,0,0.3821309924913935
sub-014,0,0.5160352386985079
sub-014,0,0.5100157445984217
sub-014,0,0.6027926411818553
sub-014,0,0.5216344792988904
sub-014,0,0.5099373401507805
sub-014,1,0.5657749470591131
sub-014,0,0.642959949799841
sub-014,0,0.47415273533714664
sub-014,0,0.47386823450743676
sub-014,0,0.5185058372758964
sub-014,0,0.5792026022942449
sub-014,0,0.39580110214338254
sub-014,0,0.43477819088591546
sub-014,0,0.4189902170224007
sub-014,0,0.4883094766698586
sub-014,0,0.3620852680503448
sub-014,0,0.4695921339720543
sub-014,1,0.640738980530032
sub-014,0,0.5800301658246727
sub-014,0,0.5069800538912246
sub-014,0,0.572006744501014
sub-014,0,0.6613136462184125
sub-014,0,0.4576027373933969
sub-014,0,0.4749482848081681
sub-014,0,0.5526183355147506
sub-014,0,0.460243159996581
sub-014,1,0.5794377593717226
sub-014,0,0.39551155887849754
sub-014,0,0.39577518415005114
sub-014,0,0.6634738578358577
sub-014,1,0.6750984228022843
sub-014,0,0.5855443847354092
sub-014,0,0.5158450803807748
sub-014,1,0.6367602620721368
sub-014,0,0.37257354607878057
sub-014,1,0.7188345487283259
sub-014,0,0.38164750096642547
sub-014,0,0.4666365325910786
sub-014,0,0.3976437692027011
sub-014,0,0.40517107540832564
sub-014,1,0.533767418853363
sub-014,1,0.633458367564043
sub-014,0,0.35534192886462596
sub-014,0,0.31235365249458663
sub-014,1,0.508195354169851
sub-014,0,0.4297718969180827
sub-014,0,0.5330744985689552
sub-014,0,0.39705826752670753
sub-014,1,0.6186411183457652
sub-014,1,0.6292153191038774
sub-014,0,0.5592075656523714
sub-014,1,0.6478847342374798
sub-014,0,0.462378985858584
sub-014,1,0.5681026115534051
sub-014,1,0.5785828929851461
sub-014,0,0.3041313180034803
sub-014,0,0.35132402825795445
sub-014,0,0.37806993958702906
sub-014,0,0.48080793042815523
sub-014,0,0.5048143494312554
sub-014,0,0.3441626863598897
sub-014,0,0.4653518788814688
sub-014,0,0.3195232532424391
sub-014,1,0.592780492505381
sub-014,0,0.48559447189492966
sub-014,1,0.602148784235639
sub-014,1,0.5863045446743238
sub-014,1,0.6244581980980858
sub-014,0,0.48078518354042005
sub-014,0,0.29803523447813157
sub-014,0,0.35002917606758444
sub-014,0,0.4547959672839984
sub-014,0,0.615914702886252
sub-014,0,0.5730589999918835
sub-014,1,0.38684686939407736
sub-014,0,0.4576682447266895
sub-014,0,0.455052561095439
sub-014,0,0.37373337676319085
sub-014,0,0.4683663282412383
sub-014,0,0.30037815019499403
sub-014,0,0.343941043301072
sub-014,1,0.5696800606307891
sub-014,0,0.4787512517554692
sub-014,0,0.4580642780527813
sub-014,0,0.4947232786738354
sub-014,0,0.37115421655899944
sub-014,0,0.3874340969794315
sub-014,0,0.40604756105738515
sub-014,0,0.5010402773674415
sub-014,0,0.49038286714348656
sub-014,0,0.5032920218986389
sub-014,1,0.6743463118289961
sub-014,0,0.5070895877545544
sub-014,1,0.5508036327893051
sub-014,0,0.3622018640978903
sub-014,0,0.5125029022799699
sub-014,0,0.49179795270485294
sub-014,0,0.5098586136246298
sub-014,0,0.43970582104582795
sub-014,0,0.42151002336939714
sub-014,0,0.3709548899500052
sub-014,0,0.4386133741586546
sub-014,0,0.4799343178730789
sub-014,1,0.5469358987304355
sub-014,1,0.7046895120409061
sub-014,0,0.3727880846112141
sub-014,0,0.4058978737591574
sub-014,0,0.4365496206876335
sub-014,1,0.5115074484597669
sub-014,1,0.5745558465558551
sub-014,0,0.42827813924918884
sub-014,0,0.35798229273582516
sub-014,0,0.4361785747493418
sub-014,0,0.43261008930994094
sub-014,1,0.7491503016797137
sub-014,0,0.3134539363266692
sub-014,0,0.3937295224445464
sub-014,0,0.4621551613995526
sub-014,1,0.6785139703383074
sub-014,1,0.7171967459514964
sub-014,0,0.36307262521026856
sub-014,1,0.6568569627367263
sub-014,0,0.37995942717912157
sub-014,0,0.5784001181313533
sub-014,1,0.6509472065277667
sub-014,1,0.7140057428840954
sub-014,0,0.38326437010180675
sub-014,1,0.6638982855635567
sub-014,0,0.46522008027395567
sub-014,0,0.3856706784801623
sub-014,0,0.3999948453803611
sub-014,0,0.3900467183424042
sub-014,0,0.42938915561907065
sub-014,0,0.45449405833872897
sub-014,0,0.3959369245258761
sub-014,0,0.5102566064804627
sub-014,0,0.5118542069126434
sub-014,0,0.5711343837099908
sub-014,0,0.4353228237608428
sub-014,1,0.5747262524547774
sub-014,1,0.6475619085807105
sub-014,1,0.5316223518746008
sub-014,0,0.4675614021876237
sub-014,0,0.4040703331752817
sub-014,0,0.4212224384767183
sub-014,0,0.46361550677511715
sub-014,0,0.4604741844238867
sub-014,1,0.464915910603896
sub-014,1,0.6328771789049443
sub-014,0,0.37335925878188875
sub-015,0,0.28940142875964603
sub-015,0,0.3443384035847367
sub-015,0,0.31287294231071194
sub-015,0,0.2684658585803171
sub-015,0,0.2910443284300575
sub-015,0,0.24965038297817813
sub-015,0,0.25386862320740855
sub-015,0,0.2813072468473921
sub-015,1,0.3771014815289338
sub-015,0,0.26656548967202803
sub-015,1,0.3153751461606238
sub-015,0,0.33903405273521325
sub-015,0,0.2992796291259158
sub-015,0,0.26379700233074205
sub-015,0,0.2988116858937538
sub-015,0,0.2605444148444815
sub-015,0,0.3864413341176623
sub-015,1,0.379031347663303
sub-015,1,0.3179238529437178
sub-015,0,0.27828212343465125
sub-015,1,0.3831141284473321
sub-015,0,0.3160381535290673
sub-015,0,0.3137210530467149
sub-015,0,0.2623314887366219
sub-015,0,0.2850000792929606
sub-015,0,0.32850561930386457
sub-015,0,0.2383582625127666
sub-015,0,0.2875531906305079
sub-015,0,0.2995619286961661
sub-015,0,0.29839231225543134
sub-015,0,0.2632147847303805
sub-015,0,0.3404542663382446
sub-015,0,0.2768890080904293
sub-015,0,0.2805636936661347
sub-015,0,0.3653780213430834
sub-015,0,0.3115502029667861
sub-015,0,0.2551115358773169
sub-015,0,0.2957316781233479
sub-015,0,0.27141948433548185
sub-015,0,0.3417565698395386
sub-015,0,0.30667417540690173
sub-015,0,0.23516308836783853
sub-015,0,0.33080062822221895
sub-015,0,0.26803965495389465
sub-015,0,0.2837124249959138
sub-015,0,0.3090099023080268
sub-015,1,0.4012529154038322
sub-015,1,0.2878710767007947
sub-015,0,0.2554663886469417
sub-015,0,0.24779083204206245
sub-015,0,0.2873073117631023
sub-015,0,0.281355745276771
sub-015,1,0.36369170430285935
sub-015,1,0.3742619670211945
sub-015,1,0.29378335804955336
sub-015,1,0.31435713796986353
sub-015,0,0.29317420657349097
sub-015,0,0.3827920028683711
sub-015,0,0.29152657656765824
sub-015,1,0.3233298855761335
sub-015,0,0.30906455702554636
sub-015,1,0.34578781864658636
sub-015,0,0.2957068931161989
sub-015,0,0.29699318079549264
sub-015,0,0.35817633848265473
sub-015,0,0.26437417246283823
sub-015,0,0.35324497365743135
sub-015,0,0.2923201609830062
sub-015,0,0.2885468972980232
sub-015,0,0.2636588501031004
sub-015,0,0.26174631218082484
sub-015,1,0.2796488307386704
sub-015,0,0.2933988120167598
sub-015,0,0.2765969225345479
sub-015,0,0.3308933811051461
sub-015,0,0.32332634088550005
sub-015,0,0.29402924628184335
sub-015,0,0.26014396193252126
sub-015,0,0.2757164145056402
sub-015,0,0.3335517150510455
sub-015,0,0.2821672167169319
sub-015,0,0.2634984193909469
sub-015,0,0.25974065844398264
sub-015,1,0.3782959678697684
sub-015,0,0.29477863620654504
sub-015,0,0.3121621540114605
sub-015,0,0.2842638392900827
sub-015,0,0.2894556705404622
sub-015,1,0.40706437573920545
sub-015,1,0.2980997522293211
sub-015,0,0.31192864451516417
sub-015,0,0.33370462133189593
sub-015,1,0.2912967432833062
sub-015,1,0.3138556498003613
sub-015,0,0.3470852248767804
sub-015,0,0.2837153248600855
sub-015,1,0.5789375705433062
sub-015,0,0.2926886520052916
sub-015,1,0.3874625653565211
sub-015,1,0.24926597203693268
sub-015,0,0.2732039103539409
sub-015,0,0.3300033698319899
sub-015,0,0.2789086294496077
sub-015,0,0.3450062655454058
sub-015,0,0.26632986739242204
sub-015,1,0.30750848357704896
sub-015,1,0.2493574662533051
sub-015,1,0.41226400332584473
sub-015,0,0.2972635924757755
sub-015,0,0.2881515678128981
sub-015,0,0.25730352160227865
sub-015,0,0.2377884194264454
sub-015,0,0.26436357505399105
sub-015,0,0.2609308943822509
sub-015,0,0.2859878696932539
sub-015,0,0.3152407758599516
sub-015,1,0.3501681850841786
sub-015,1,0.33167094838266087
sub-015,0,0.27480063424036694
sub-015,0,0.29439819052670996
sub-015,1,0.31323832112114847
sub-015,0,0.27452106176566804
sub-015,1,0.3542964313246664
sub-015,0,0.29609962540320617
sub-015,0,0.2758053454605753
sub-015,0,0.262728570284309
sub-015,0,0.2827046000081312
sub-015,0,0.2685172463494341
sub-015,1,0.37781314938108773
sub-015,0,0.25740808578010993
sub-015,0,0.25646819565795886
sub-015,0,0.2677377934919622
sub-015,0,0.3146705377869416
sub-015,0,0.2544917876820465
sub-015,0,0.28794577909120855
sub-015,0,0.29374157602409434
sub-015,0,0.306721949941253
sub-015,1,0.3728944041771978
sub-015,0,0.24393425127330917
sub-015,0,0.2958465853358983
sub-015,0,0.2836810491482801
sub-015,0,0.28800803935027824
sub-015,0,0.2806949076494494
sub-015,1,0.32589747185431317
sub-015,0,0.27035830392038407
sub-015,0,0.2662249620710083
sub-015,0,0.3123686786292837
sub-015,1,0.33650667266998796
sub-015,0,0.29034999290772695
sub-015,0,0.31577650547621816
sub-015,0,0.29604624274975827
sub-015,0,0.292935296442493
sub-015,0,0.3180590694541572
sub-015,0,0.30074712997988917
sub-015,0,0.3045096905207223
sub-015,1,0.2704634958374179
sub-015,1,0.37513660548727606
sub-015,0,0.2998714067853095
sub-015,1,0.29235294043224364
sub-015,1,0.2947704839695648
sub-015,0,0.2757165395527789
sub-015,1,0.3385296796323459
sub-015,0,0.357947936010748
sub-015,1,0.26908804202934955
sub-015,1,0.4766218604578796
sub-015,0,0.2608291402827465
sub-015,1,0.24150382969213893
sub-015,1,0.4686192313727991
sub-015,1,0.3591499336970561
sub-015,1,0.33174814296697097
sub-015,1,0.3892580879936122
sub-015,0,0.34869228317123346
sub-015,1,0.439221606264742
sub-015,1,0.36798659175348447
sub-015,0,0.336592408059674
sub-015,1,0.42371205893353403
sub-015,0,0.24237514719400355
sub-015,0,0.3090514388394345
sub-015,1,0.3081756113869215
sub-015,0,0.27691370613757166
sub-015,0,0.27400146920746343
sub-015,0,0.26598199315574206
sub-015,1,0.36319892841834
sub-015,1,0.3621835059273719
sub-015,1,0.49386123988927083
sub-015,0,0.2698394694968496
sub-015,0,0.29364544750936933
sub-015,0,0.2995099505971552
sub-015,1,0.3374901692107772
sub-015,0,0.34582263769936217
sub-015,1,0.32666340589015286
sub-015,1,0.36726528738563136
sub-015,0,0.2985586352060936
sub-015,0,0.30540233111650117
sub-015,0,0.29409470294422174
sub-015,0,0.29054360876994734
sub-015,0,0.2725190773901414
sub-015,0,0.2679641755580704
sub-015,1,0.2874491711123324
sub-015,1,0.34184012737139524
sub-015,1,0.3776423000054045
sub-015,0,0.28795296575939416
sub-015,0,0.3184069464259132
sub-015,0,0.3123172181330611
sub-015,0,0.30055866401277415
sub-015,1,0.37384180400099964
sub-015,0,0.2317070074950641
sub-015,1,0.3091815606205238
sub-015,1,0.3460829790581899
sub-015,1,0.39338632637198007
sub-015,0,0.28390394197181096
sub-015,0,0.266868289026197
sub-015,0,0.26145563019708457
sub-015,1,0.25184137832743436
sub-015,1,0.46733156531720066
sub-015,0,0.2880475579467395
sub-015,0,0.29020838721818726
sub-015,0,0.30091700863175314
sub-015,0,0.26912612714667355
sub-015,0,0.2913380469104444
sub-015,0,0.2772007735516649
sub-015,1,0.3537900000448737
sub-015,0,0.25489199212351127
sub-015,1,0.2854951334911471
sub-015,1,0.3771342217889244
sub-015,0,0.26740728445201684
sub-015,1,0.2818974931086015
sub-015,1,0.36947164818099465
sub-015,0,0.2675497264820294
sub-015,0,0.29797164506428975
sub-015,0,0.2706802179315416
sub-015,1,0.38455564498891126
sub-015,1,0.36505583940355635
sub-015,0,0.2322518607517921
sub-015,0,0.2603739101084636
sub-015,0,0.27252643558550377
sub-016,0,0.4117649459017579
sub-016,0,0.32856960838097166
sub-016,0,0.319380469358306
sub-016,0,0.38404806002760883
sub-016,0,0.3253210325614177
sub-016,0,0.314867872704327
sub-016,1,0.5363332919180261
sub-016,0,0.3264497171387044
sub-016,1,0.47888572104788013
sub-016,1,0.6914762124868339
sub-016,1,0.6260831541893204
sub-016,1,0.49822303021602715
sub-016,0,0.33317842614471005
sub-016,0,0.3335084353836605
sub-016,0,0.325346211109873
sub-016,0,0.2749253170026429
sub-016,0,0.32369498454027373
sub-016,1,0.29351583770916784
sub-016,1,0.34190447052179923
sub-016,0,0.2878254624629765
sub-016,0,0.31656731478466876
sub-016,0,0.333358123170473
sub-016,0,0.2611924226029552
sub-016,0,0.3630165387425281
sub-016,0,0.3229028637504577
sub-016,1,0.41695672499297864
sub-016,1,0.2478315931560876
sub-016,0,0.316028779592651
sub-016,0,0.4143569732101681
sub-016,0,0.32125304647737546
sub-016,1,0.43004484475318866
sub-016,1,0.38056196667863923
sub-016,1,0.29793431045594987
sub-016,1,0.29865826100146525
sub-016,1,0.6327472203323328
sub-016,1,0.46928836526785256
sub-016,1,0.4658555071055207
sub-016,0,0.3025693300754386
sub-016,0,0.26848183022297806
sub-016,0,0.2662259104765843
sub-016,0,0.2936785026051107
sub-016,0,0.3078175029498947
sub-016,1,0.25738845089531953
sub-016,0,0.33150796233731844
sub-016,1,0.4616422356910387
sub-016,0,0.29989043677246446
sub-016,0,0.32260873687966685
sub-016,1,0.3127244859531262
sub-016,0,0.4245539245514725
sub-016,1,0.35964521239046515
sub-016,1,0.4471974945989348
sub-016,0,0.3962992082599873
sub-016,0,0.3724149666048596
sub-016,1,0.45780950374246643
sub-016,0,0.37128013113279257
sub-016,0,0.3588940013147968
sub-016,0,0.3570723225829349
sub-016,0,0.28109882044483187
sub-016,0,0.3568171940182862
sub-016,0,0.27471596329668446
sub-016,0,0.3555837257019812
sub-016,0,0.3229515730868103
sub-016,1,0.35269479996352043
sub-016,0,0.3373544798734358
sub-016,0,0.38518235194882505
sub-016,0,0.332088216028273
sub-016,0,0.3081782229967807
sub-016,0,0.3651931164340701
sub-016,1,0.3788202952692112
sub-016,0,0.3195456819951583
sub-016,0,0.36456706474340633
sub-016,1,0.3767693479993303
sub-016,1,0.5383719731530975
sub-016,0,0.3773676218867912
sub-016,1,0.5096893156478614
sub-016,0,0.3582121543205856
sub-016,0,0.3265115065775716
sub-016,0,0.320389635886171
sub-016,0,0.370061591748862
sub-016,0,0.345747492203801
sub-016,1,0.4244158238913654
sub-016,0,0.3494442649189312
sub-016,0,0.34062760707060236
sub-016,0,0.3420469751281199
sub-016,1,0.5237832973272523
sub-016,1,0.5367422017330845
sub-016,0,0.2881160140285307
sub-016,0,0.33659162439016876
sub-016,0,0.3164951515631022
sub-016,1,0.3702808837635465
sub-016,0,0.31622686008380624
sub-016,0,0.26600976501635665
sub-016,0,0.3363560056938826
sub-016,0,0.33123338009887165
sub-016,0,0.3628135334738132
sub-016,1,0.4867269863973973
sub-016,0,0.33395239772313046
sub-016,0,0.3358162485000602
sub-016,0,0.31773522533823756
sub-016,0,0.3358846787163786
sub-016,0,0.3145137590931719
sub-016,0,0.32668769269657394
sub-016,0,0.3087316666907785
sub-016,0,0.33292617510137434
sub-016,1,0.48861833905528296
sub-016,1,0.36087590520650475
sub-016,1,0.3048852140983188
sub-016,0,0.38465852597774575
sub-016,0,0.3096795073584182
sub-016,1,0.4560801142121218
sub-016,0,0.3107561341011007
sub-016,0,0.31983007590314594
sub-016,0,0.426829267529037
sub-016,0,0.3333971050579465
sub-016,1,0.3311095992155487
sub-016,0,0.3088303296241077
sub-016,0,0.3297588435282545
sub-016,0,0.3511094332440395
sub-016,0,0.3659347454430057
sub-016,0,0.39140648745917966
sub-016,1,0.4602155888963603
sub-016,1,0.4207045078473378
sub-016,0,0.32738262021084885
sub-016,0,0.36972677121726566
sub-016,1,0.3994251756139106
sub-016,0,0.3245681791996596
sub-016,0,0.3382524093611306
sub-016,0,0.3727132473327731
sub-016,0,0.32440293591541514
sub-016,0,0.32280151493063514
sub-016,0,0.3032306966688108
sub-016,0,0.4075122651488015
sub-016,1,0.46145123493175905
sub-016,1,0.6089290916875257
sub-016,0,0.36058634572319964
sub-016,1,0.6514029083294915
sub-016,1,0.6183874481387355
sub-016,0,0.49579411400934154
sub-016,1,0.57727622257561
sub-016,1,0.4405743911060954
sub-016,1,0.42733381409907517
sub-016,0,0.3739833833541294
sub-016,1,0.464724638467727
sub-016,1,0.4946223210477373
sub-016,0,0.2877435996807487
sub-016,0,0.38501670957697637
sub-016,0,0.33516909462815625
sub-016,0,0.35512601529391524
sub-016,0,0.3743841962951859
sub-016,0,0.41006475900016987
sub-016,0,0.36505422470248
sub-016,0,0.34824216391860074
sub-016,1,0.312426691283601
sub-016,1,0.29572063373663293
sub-016,0,0.46905938537991904
sub-016,1,0.38043421053015547
sub-016,0,0.30058674070532587
sub-016,1,0.432622418892471
sub-016,1,0.45027268761864786
sub-016,0,0.3888435169744253
sub-016,0,0.29356085707354557
sub-016,1,0.3746705860037913
sub-016,0,0.4558013075801568
sub-016,1,0.520707129355127
sub-016,0,0.3429210796729085
sub-016,1,0.510582524375364
sub-016,0,0.4315963136929121
sub-016,1,0.45222167136281205
sub-016,1,0.33592611589912863
sub-016,1,0.4562273253648303
sub-016,0,0.4869346179142551
sub-016,0,0.4192248678379607
sub-016,0,0.3327885825705502
sub-016,0,0.30525583149703317
sub-016,0,0.4244477608817394
sub-016,0,0.3292734246686613
sub-016,0,0.35002312226810006
sub-016,1,0.5645093964799781
sub-016,0,0.40266612094920207
sub-016,0,0.3277083911130127
sub-016,0,0.4032039234869462
sub-016,0,0.5002429338065938
sub-016,0,0.3218140643137568
sub-016,0,0.3005481145405663
sub-016,0,0.39192284172345593
sub-016,0,0.41719592207310036
sub-016,0,0.37167640747852204
sub-016,0,0.2818568638437353
sub-016,0,0.44600838402658055
sub-016,0,0.37001128764409696
sub-016,0,0.4074197264863808
sub-016,0,0.4046942582185494
sub-016,0,0.4496729432502874
sub-016,0,0.44080381584395373
sub-016,1,0.5390422304380461
sub-016,0,0.3195696178023337
sub-016,0,0.3463865942193654
sub-016,0,0.35860608480484196
sub-016,0,0.3187797638813641
sub-016,0,0.42567124164937076
sub-016,1,0.4577243031370102
sub-016,1,0.5897058123653195
sub-016,1,0.4648856533013374
sub-016,1,0.4261090455234172
sub-016,1,0.4938794241432606
sub-016,1,0.45346200900357125
sub-016,1,0.39579001911688044
sub-016,1,0.4658427236077071
sub-016,1,0.3897922715477488
sub-016,0,0.3911736211276722
sub-016,1,0.5766971950862386
sub-016,1,0.522938958873974
sub-016,0,0.47674860232270366
sub-016,1,0.4758049160797221
sub-016,1,0.44554717214573314
sub-016,0,0.2941809549749072
sub-016,0,0.408300726242144
sub-016,1,0.6406099406804289
sub-016,1,0.36087589373323276
sub-016,0,0.37637508089164
sub-016,0,0.4437431224826655
sub-016,1,0.5777419613481614
sub-016,0,0.3552592419372441
sub-016,1,0.3498138268773899
sub-016,0,0.2910747013228409
sub-016,0,0.42910061108779385
sub-016,0,0.41766440163840746
sub-016,0,0.5233628809448816
sub-016,0,0.47857900436511763
sub-016,0,0.4085733167940671
sub-016,1,0.440908689421187
sub-016,1,0.45506564901862784
sub-016,0,0.2610490198161731
sub-016,0,0.3785692156081982
sub-016,1,0.8080464209727534
sub-016,0,0.43460010560513773
sub-017,1,0.7391599675439672
sub-017,0,0.36144064685751326
sub-017,0,0.272095181255128
sub-017,0,0.3957187839914334
sub-017,0,0.22496259100596994
sub-017,0,0.1232359992823119
sub-017,0,0.3658013909653749
sub-017,1,0.39105542653227826
sub-017,0,0.1409818192168874
sub-017,1,0.003911499937244262
sub-017,0,0.2041749450572178
sub-017,1,0.46246631174132763
sub-017,0,0.2977426369372442
sub-017,1,0.38805897060162925
sub-017,1,0.4891414675719231
sub-017,0,0.25027637731058844
sub-017,0,0.08107901378312322
sub-017,1,0.0726052430242481
sub-017,1,0.07223607624306999
sub-017,0,0.06943468018220599
sub-017,1,0.3218843458224529
sub-017,0,0.2178944976543622
sub-017,1,0.516703753920574
sub-017,0,0.3041393906500237
sub-017,0,0.4709984518397518
sub-017,1,0.0008404463763217427
sub-017,0,0.36348101534492855
sub-017,0,0.31754223469488774
sub-017,0,0.3554035811882655
sub-017,0,0.21784378565807885
sub-017,0,0.3493516292421035
sub-017,0,0.21258319360029507
sub-017,0,0.3279390557035513
sub-017,0,0.30835592422239594
sub-017,1,0.9312784985475698
sub-017,1,0.3237886433429057
sub-017,1,0.029212425144232907
sub-017,0,0.38448208308381404
sub-017,0,0.2539103838382341
sub-017,1,0.21218661126584984
sub-017,1,0.9446377682984946
sub-017,1,0.11880114994538485
sub-017,0,0.21386557748937957
sub-017,0,0.14059088091503022
sub-017,0,0.15937161329778635
sub-017,0,0.25286796064454997
sub-017,0,0.21103370559919427
sub-017,0,0.25905549628914626
sub-017,0,0.34556993699563127
sub-017,0,0.24596173991790224
sub-017,0,0.24815384926979328
sub-017,1,0.05096246843459658
sub-017,0,0.18179195236367565
sub-017,1,0.3367540830920961
sub-017,1,0.22102764283991821
sub-017,1,0.15760802112746927
sub-017,1,0.22360308802527237
sub-017,1,0.1705677817506531
sub-017,0,0.40471381694880726
sub-017,0,0.07454048152902244
sub-017,0,0.20862007693079465
sub-017,0,0.24549146013566503
sub-017,1,0.7067262299719635
sub-017,0,0.3514897972020436
sub-017,0,0.38905789219178055
sub-017,0,0.21773268879065036
sub-017,0,0.3313325565811205
sub-017,1,0.22848707273534005
sub-017,1,0.7029212541626547
sub-017,1,0.3262415885145031
sub-017,1,0.3613458320685788
sub-017,0,0.30911774914682816
sub-017,1,0.034628730429687296
sub-017,1,0.2502671544410387
sub-017,0,0.14490103396881446
sub-017,1,0.05406127863986985
sub-017,1,0.4549837166779405
sub-017,0,0.2493864977073213
sub-017,1,0.8739469455200182
sub-017,1,0.3515763175157436
sub-017,0,0.4017691614879923
sub-017,1,0.27758568761818103
sub-017,0,0.26059251228558583
sub-017,0,0.02624539779326387
sub-017,1,0.10453184459427686
sub-017,0,0.3730063088368327
sub-017,0,0.15800128629381138
sub-017,0,0.20178485244412758
sub-017,0,0.30363512482409144
sub-017,0,0.14486954235057822
sub-017,0,0.19768070470612115
sub-017,1,0.4319461851736474
sub-017,1,0.6439300226216881
sub-017,0,0.2800865594950872
sub-017,1,0.06932208978518727
sub-017,0,0.3208727653757704
sub-017,0,0.23061989263588534
sub-017,0,0.06753427503935787
sub-017,0,0.36945440435749033
sub-017,1,0.024813991628318925
sub-017,0,0.0657165527422668
sub-017,1,0.46164659828617827
sub-017,1,0.575598711320389
sub-017,1,0.22105766447749126
sub-017,1,0.1869864245723063
sub-017,0,0.3446280767123822
sub-017,0,0.19578765013718827
sub-017,1,0.19759984512210818
sub-017,0,0.29017146851331527
sub-017,1,0.2281107967883939
sub-017,0,0.3075295081410482
sub-017,1,0.3445494273632707
sub-017,1,0.30551296271945527
sub-017,0,0.21393901788570124
sub-017,0,0.22661928806374584
sub-017,1,0.09997672170419031
sub-017,0,0.08962250414748141
sub-017,1,0.35982117830773175
sub-017,0,0.1996858043062906
sub-017,0,0.1701069126884858
sub-017,1,0.24679617752039237
sub-017,0,0.2373822269010661
sub-017,1,0.4601134014136512
sub-017,1,0.3656011113508393
sub-017,0,0.38005508330185767
sub-017,1,0.34131850738645175
sub-017,1,0.3948162052043983
sub-017,1,0.5838487617729887
sub-017,0,0.28329032672964705
sub-017,1,0.281247614805323
sub-017,1,0.28366882273582866
sub-017,0,0.2509997832391776
sub-017,1,0.4427943332776273
sub-017,1,0.5693206107121669
sub-017,1,0.5909566682317916
sub-017,1,0.38359183396676116
sub-017,1,0.5275699356995915
sub-017,1,0.6406041426784553
sub-017,0,0.4157792665847551
sub-017,0,0.2980906849548745
sub-017,1,0.44538220824252206
sub-017,0,0.25178790610166535
sub-017,0,0.29918701342873444
sub-017,1,0.4554141938765183
sub-017,1,0.3854862237884332
sub-017,0,0.17248625848233942
sub-017,0,0.23966782989187524
sub-017,1,0.5186820227159226
sub-017,1,0.4529728856510348
sub-017,1,0.24976892417220495
sub-017,0,0.3818469536888391
sub-017,0,0.25101594042306624
sub-017,1,0.08701497008859527
sub-017,0,0.20716647567736776
sub-017,1,0.0737770088158735
sub-017,1,0.10296663765923059
sub-017,0,0.09016934349240711
sub-017,0,0.2904963336363489
sub-017,0,0.277686115089592
sub-017,0,0.1985997172386192
sub-017,0,0.23344671667032738
sub-017,1,0.3323500011869237
sub-017,1,0.2565819200716401
sub-017,0,0.23350387162660266
sub-017,1,0.4307239215639481
sub-017,1,0.5291516611435803
sub-017,1,0.4396372836718193
sub-017,0,0.11401598197381865
sub-017,1,0.5481504914166861
sub-017,1,0.8463401717104151
sub-017,1,0.5218297629566646
sub-017,0,0.24801370259446204
sub-017,0,0.2175879995791338
sub-017,0,0.2176149546140545
sub-017,0,0.45018675939088476
sub-017,0,0.3619006704004924
sub-017,1,0.33189401062914065
sub-017,1,0.45269112188861466
sub-017,1,0.4194345758469122
sub-017,0,0.2625899538621486
sub-017,1,0.4288730146609622
sub-017,1,0.38757792643368255
sub-017,0,0.47347456008554706
sub-017,1,0.4627242248999599
sub-017,0,0.31053728113614837
sub-017,0,0.37708219655393627
sub-017,1,0.3850080266576813
sub-017,1,0.46936568523699124
sub-017,1,0.38994339487552127
sub-017,1,0.40418611019252804
sub-017,1,0.48694699451117734
sub-017,0,0.26137081812508806
sub-017,1,0.5849127636466548
sub-017,1,0.6448049683318975
sub-017,1,0.5573197702997651
sub-017,1,0.5945835480410642
sub-017,1,0.3831498181505536
sub-017,1,0.6751980563228764
sub-017,1,0.6164187121801037
sub-017,1,0.28699873419871125
sub-017,1,0.13089158869276946
sub-017,1,0.7139277572021803
sub-017,1,0.6107473370338353
sub-017,1,0.7783764280886657
sub-017,1,0.18253239488913225
sub-017,1,0.24539255677471056
sub-017,0,0.17440813985645942
sub-017,0,0.0900301256929342
sub-017,1,0.2960670850647591
sub-017,1,0.1623793633001507
sub-017,1,0.18360214511794362
sub-017,0,0.28552279444596795
sub-017,0,0.2088201835582974
sub-017,1,0.41675133817523724
sub-017,0,0.30566810986966375
sub-017,1,0.7146041363315299
sub-017,1,0.19964983245839923
sub-017,1,0.4839548095544569
sub-017,1,0.578238022274505
sub-017,1,0.5680591335224918
sub-017,1,0.6436990490630278
sub-017,0,0.4192125330940087
sub-017,1,0.7225352091715039
sub-017,0,0.1924957068745147
sub-017,0,0.25633074266758205
sub-017,1,0.5060848144951668
sub-017,0,0.27330581829506834
sub-017,0,0.31067986660297114
sub-017,1,0.47213323417046776
sub-017,1,0.4712536395689478
sub-017,1,0.43291356981259643
sub-017,1,0.36657972103213926
sub-017,1,0.3712974104476953
sub-017,1,0.45425889467680886
sub-017,0,0.2810033943890406
sub-017,1,0.40805600031941003
sub-018,0,0.26477459208822257
sub-018,0,0.2986088795535333
sub-018,0,0.27460167770403066
sub-018,1,0.6343670797614818
sub-018,1,0.4488707148264411
sub-018,0,0.3264646247021958
sub-018,0,0.28482045655014504
sub-018,0,0.2898495267916826
sub-018,1,0.9998772614544092
sub-018,0,0.28453060964374116
sub-018,0,0.31586585768343967
sub-018,1,0.31560875226037044
sub-018,0,0.27720157023122904
sub-018,1,0.30909242751204413
sub-018,0,0.26951440154609296
sub-018,1,0.38526109124416397
sub-018,0,0.7187839641723393
sub-018,0,0.3909760459699476
sub-018,0,0.32989030223178567
sub-018,0,0.3036456355539672
sub-018,0,0.2812509083540304
sub-018,0,0.33455126649274225
sub-018,0,0.24502631030954442
sub-018,0,0.24181155671064253
sub-018,0,0.25782004436160544
sub-018,0,0.2942995701897136
sub-018,0,0.4755699758166866
sub-018,0,0.5146887092548802
sub-018,0,0.5117428194501641
sub-018,1,0.3129743135272387
sub-018,0,0.3182783623711834
sub-018,1,0.9983465311569122
sub-018,0,0.2798749966453309
sub-018,0,0.28001201024219285
sub-018,1,0.3488417006111293
sub-018,0,0.31761603509812386
sub-018,0,0.49356901082401367
sub-018,1,0.5515892608082441
sub-018,0,0.4319912192837034
sub-018,0,0.2904850677447674
sub-018,0,0.30671859266717033
sub-018,1,0.3358129378689644
sub-018,0,0.34534681337154666
sub-018,0,0.4175084772013289
sub-018,1,0.9999999999999911
sub-018,1,0.2372926574056714
sub-018,0,0.27661435304370396
sub-018,0,0.4188369531544237
sub-018,0,0.3051186589313717
sub-018,0,0.35995295954533046
sub-018,0,0.3403516110127069
sub-018,1,0.3252629250791704
sub-018,1,0.3435800519748527
sub-018,0,0.3052365580079382
sub-018,1,0.3652421349508937
sub-018,0,0.2723087935744591
sub-018,0,0.32160462629833264
sub-018,0,0.3257531419308758
sub-018,0,0.34268800352300005
sub-018,0,0.4350120657966325
sub-018,0,0.40350868378376786
sub-018,0,0.2827896629056523
sub-018,1,0.9740353397508693
sub-018,0,0.27764183354299843
sub-018,0,0.3215091799488549
sub-018,1,0.3163197847472936
sub-018,0,0.35385289365721884
sub-018,0,0.2834747202204157
sub-018,0,0.3959933805371167
sub-018,1,0.3746290885784368
sub-018,0,0.3246048360921556
sub-018,0,0.357024391961179
sub-018,0,0.37522288264770715
sub-018,0,0.27438693918348517
sub-018,0,0.2820642097599342
sub-018,1,0.3295113222684464
sub-018,0,0.29506777704205484
sub-018,1,0.40677772338844537
sub-018,0,0.31269373723626964
sub-018,0,0.26880682882863355
sub-018,0,0.3177999569771397
sub-018,0,0.29947188256709517
sub-018,0,0.45649478282193473
sub-018,0,0.432050283884872
sub-018,1,0.44611684373023414
sub-018,1,0.3426439534028549
sub-018,0,0.30963546478363624
sub-018,0,0.3495827967072503
sub-018,0,0.3295495803535282
sub-018,1,0.4517751498003235
sub-018,0,0.32625369763655776
sub-018,0,0.28978364143807694
sub-018,0,0.440645467721762
sub-018,0,0.2774076285140848
sub-018,0,0.34072914346627525
sub-018,0,0.2785113876653479
sub-018,1,0.3109189958754552
sub-018,1,0.3097031255116029
sub-018,1,0.3741651376206154
sub-018,1,0.3196768456396026
sub-018,1,0.9785389100547901
sub-018,0,0.25320276744409886
sub-018,0,0.27083778017984184
sub-018,0,0.3161253937383105
sub-018,0,0.34883184193941347
sub-018,0,0.29738035285610215
sub-018,0,0.30787601591652136
sub-018,0,0.2322529368056906
sub-018,0,0.27074168884867
sub-018,0,0.30726847045840755
sub-018,1,0.5104694464570124
sub-018,0,0.5955035959192181
sub-018,0,0.28102434815352934
sub-018,0,0.2811351453829973
sub-018,0,0.27737601650671656
sub-018,0,0.3013613645268096
sub-018,0,0.27486724722778255
sub-018,1,0.2648740502866238
sub-018,1,0.2529893190147952
sub-018,0,0.29364339184024507
sub-018,0,0.30156350618091393
sub-018,0,0.35641314579644734
sub-018,0,0.27482074643851984
sub-018,0,0.2948719117701359
sub-018,0,0.3015016073566571
sub-018,0,0.2686581102294448
sub-018,0,0.31049570804055215
sub-018,0,0.28475968745402325
sub-018,0,0.3207748455354425
sub-018,0,0.2976572370392779
sub-018,0,0.38641309885635755
sub-018,0,0.4305749872545443
sub-018,1,0.42395512998261026
sub-018,0,0.28593427219658923
sub-018,0,0.2936384222071658
sub-018,0,0.2760100393408992
sub-018,1,0.8066565792408718
sub-018,0,0.34401493893865714
sub-018,0,0.4229343217656324
sub-018,0,0.37780538294445676
sub-018,0,0.6313757231137829
sub-018,0,0.54154598162755
sub-018,0,0.5588369991181134
sub-018,0,0.29367045798322594
sub-018,0,0.348793867329422
sub-018,0,0.39620913799326113
sub-018,1,0.2576148432850168
sub-018,0,0.3914762986624196
sub-018,0,0.5323308062980822
sub-018,0,0.30120914895114653
sub-018,0,0.38853985486290726
sub-018,1,0.7559822215292185
sub-018,0,0.43781315428858286
sub-018,0,0.37732960126529214
sub-018,0,0.43128223793608067
sub-018,0,0.44326648035706345
sub-018,0,0.2844481129378787
sub-018,0,0.295111039386731
sub-018,0,0.40059397341670816
sub-018,1,0.8137359144187516
sub-018,0,0.27557675154989597
sub-018,0,0.33689668964058855
sub-018,0,0.25607445031647225
sub-018,0,0.29656238626154197
sub-018,0,0.3472887894933159
sub-018,0,0.3859150969871348
sub-018,0,0.5632044845109735
sub-018,0,0.29317811248839043
sub-018,0,0.5472891083709274
sub-018,0,0.5701856444229277
sub-018,0,0.31909340804162434
sub-018,0,0.3581996636417221
sub-018,0,0.5181366559181368
sub-018,0,0.5603657850540241
sub-018,1,0.2979267420724849
sub-018,0,0.6894396151969795
sub-018,0,0.3797304142140923
sub-018,0,0.3864785778400956
sub-018,0,0.3611454530551777
sub-018,0,0.30378360526250775
sub-018,0,0.3266317560801179
sub-018,0,0.5725425242418174
sub-018,0,0.5514070496238564
sub-018,1,0.30436159745785396
sub-018,0,0.3572100420487804
sub-018,0,0.3871293514657583
sub-018,0,0.3744783852335785
sub-018,0,0.37242351074020075
sub-018,0,0.3888588852359105
sub-018,0,0.2762469177896281
sub-018,0,0.3071037018091118
sub-018,0,0.4141588190392402
sub-018,0,0.5933958387743642
sub-018,0,0.3889704683839334
sub-018,0,0.6229086046721469
sub-018,0,0.4233465191382647
sub-018,1,0.29610152615829743
sub-018,0,0.26747316065170335
sub-018,0,0.2922043070404986
sub-018,0,0.33644075448556826
sub-018,0,0.31708867731078166
sub-018,0,0.3523276693366778
sub-018,0,0.595647065772825
sub-018,0,0.6452788369814493
sub-018,1,0.8284685317492025
sub-018,0,0.4311222100154757
sub-018,0,0.5485941920506424
sub-018,0,0.4516340382815911
sub-018,0,0.4242809084668052
sub-018,0,0.40598166777527694
sub-018,0,0.5105450434790916
sub-018,0,0.35456441729269855
sub-018,1,0.28892881734607256
sub-018,0,0.32615450895338677
sub-018,0,0.3318154062726111
sub-018,0,0.3446555535912823
sub-018,0,0.3035033849962311
sub-018,1,0.278645207518566
sub-018,0,0.26355953123726417
sub-018,0,0.33445921544351753
sub-018,1,0.7996562327908079
sub-018,0,0.3424177475591848
sub-018,0,0.2634824669191001
sub-018,0,0.2717776525764622
sub-018,0,0.43308951695799836
sub-018,0,0.3139788130670204
sub-018,0,0.3175345905452594
sub-018,1,0.9335922575279976
sub-018,0,0.3455174740181332
sub-018,1,0.2778911925820619
sub-018,0,0.35566845825429616
sub-018,0,0.3625280357672257
sub-018,0,0.46022552244392767
sub-018,0,0.30702762294270064
sub-018,0,0.529899960126664
sub-018,0,0.4191721796911906
sub-019,0,0.8694257002604516
sub-019,0,0.9838920307049479
sub-019,0,0.8249422198344697
sub-019,0,0.994299437087598
sub-019,0,0.8854798283316592
sub-019,0,0.9788585540064624
sub-019,1,0.9290331993520551
sub-019,0,0.9965918694912635
sub-019,0,0.9937976956957507
sub-019,1,0.9836833199130499
sub-019,1,0.9995703485670351
sub-019,0,0.990225232738764
sub-019,0,0.9759496881591425
sub-019,0,0.9669799567789731
sub-019,0,0.7634728825841973
sub-019,0,0.8341841772877363
sub-019,0,0.9620263032739551
sub-019,1,0.9669523475816204
sub-019,0,0.7729711860394787
sub-019,0,0.9842138008760747
sub-019,0,0.9238553793496418
sub-019,0,0.8503495563894321
sub-019,0,0.8565697882210345
sub-019,0,0.610486978121169
sub-019,0,0.8521500904919637
sub-019,0,0.5877496840641026
sub-019,0,0.9492852709751396
sub-019,0,0.9553755875686905
sub-019,0,0.8586894758880418
sub-019,0,0.7946998585499601
sub-019,0,0.5015402973750693
sub-019,0,0.9265377916711215
sub-019,0,0.8084428151412882
sub-019,0,0.6726641747590018
sub-019,0,0.9731847074365193
sub-019,0,0.9936243853246616
sub-019,0,0.6067441137004013
sub-019,0,0.6336949375991889
sub-019,0,0.5908769297564965
sub-019,0,0.6321543439721514
sub-019,0,0.8605679447755723
sub-019,0,0.7205429556542647
sub-019,0,0.7023613136052634
sub-019,0,0.8892717750582251
sub-019,0,0.7411499651915625
sub-019,0,0.8461847015572402
sub-019,0,0.6571309540245323
sub-019,0,0.9399756453254964
sub-019,0,0.9851253587105601
sub-019,0,0.6378551351722277
sub-019,0,0.9414862851285036
sub-019,0,0.9321778144233717
sub-019,0,0.764255773522917
sub-019,0,0.9034148329374139
sub-019,0,0.886425474123994
sub-019,0,0.826490908124454
sub-019,0,0.8848795126002889
sub-019,0,0.8943677679519243
sub-019,0,0.5329774019282644
sub-019,0,0.9313532255714844
sub-019,0,0.5381488358123426
sub-019,0,0.7866470307247969
sub-019,0,0.8349990798797675
sub-019,0,0.5994357468146114
sub-019,0,0.5362846367031665
sub-019,0,0.7611286178637535
sub-019,0,0.7972762749287027
sub-019,0,0.4802696029893203
sub-019,0,0.9353735001440565
sub-019,0,0.5711233326339817
sub-019,0,0.5083082388881371
sub-019,0,0.603072047565692
sub-019,0,0.2619774327157004
sub-019,0,0.32288034699149426
sub-019,0,0.5541178493814843
sub-019,0,0.5918747344354757
sub-019,0,0.63309462864496
sub-019,0,0.6286054860072051
sub-019,0,0.5063804264648392
sub-019,0,0.7983925518311059
sub-019,0,0.7021091893299924
sub-019,0,0.6468047942326244
sub-019,0,0.7644935100642829
sub-019,0,0.4719868100013364
sub-019,0,0.7260272000503274
sub-019,0,0.5575855605020844
sub-019,1,0.5133735003209483
sub-019,0,0.694461815943579
sub-019,0,0.6055312885525923
sub-019,1,0.42068057255279606
sub-019,0,0.5406057787349555
sub-019,0,0.5437888917403216
sub-019,0,0.5473282331168464
sub-019,0,0.5037221821293071
sub-019,0,0.5301075998430029
sub-019,1,0.6198891471370929
sub-019,0,0.41445235630407923
sub-019,0,0.6268013422830402
sub-019,0,0.7992499875471972
sub-019,0,0.5169241163503618
sub-019,0,0.4682700029386262
sub-019,0,0.6997482461268094
sub-019,0,0.45992057271089976
sub-019,0,0.40334697920800583
sub-019,0,0.817658246332374
sub-019,1,0.7356937249741915
sub-019,1,0.455712942888598
sub-019,0,0.6189001014584048
sub-019,0,0.49775816446441484
sub-019,0,0.6828098883171826
sub-019,1,0.3943717163512907
sub-019,1,0.5074972176955218
sub-019,0,0.6252548547732747
sub-019,0,0.5161014712065409
sub-019,0,0.678532583230714
sub-019,0,0.43970772682116294
sub-019,0,0.9103322189303309
sub-019,1,0.9810809133368738
sub-019,0,0.9594739222592176
sub-019,0,0.7392053057568754
sub-019,1,0.9876098647805565
sub-019,1,0.9940507468737876
sub-019,0,0.9900886668459605
sub-019,1,0.9366782325823222
sub-019,1,0.9979270873022231
sub-019,1,0.9927491060064029
sub-019,1,0.9118538148834339
sub-019,1,0.9953391927305804
sub-019,0,0.5394654797630926
sub-019,1,0.9999217564799175
sub-019,1,0.9985216572011433
sub-019,0,0.9686963968968
sub-019,0,0.9202204194990515
sub-019,0,0.9147461192074432
sub-019,1,0.9556294420190866
sub-019,0,0.975415930620596
sub-019,1,0.9933255778270247
sub-019,1,0.9999910023896486
sub-019,0,0.8004824069598929
sub-019,1,0.9444968661681987
sub-019,0,0.9031784795369311
sub-019,1,0.9840205141757988
sub-019,1,0.9283843856096337
sub-019,0,0.9518711366465776
sub-019,1,0.9557080755490087
sub-019,0,0.9566951656976534
sub-019,1,0.9844379611401989
sub-019,0,0.9512851417224057
sub-019,1,0.9493570862018903
sub-019,1,0.951962622636475
sub-019,1,0.9585535969765947
sub-019,0,0.837433452818788
sub-019,1,0.999762439853317
sub-019,1,0.9782988327700386
sub-019,1,0.953812031688692
sub-019,1,0.9364739283607583
sub-019,1,0.9931334258032045
sub-019,0,0.950026912344268
sub-019,0,0.9741767759759979
sub-019,0,0.9586030003407553
sub-019,1,0.9796547316851171
sub-019,0,0.9593896463658557
sub-019,0,0.7614775204685635
sub-019,0,0.9273268745017132
sub-019,1,0.9963744905257044
sub-019,0,0.7531173310853022
sub-019,0,0.6541241787635835
sub-019,1,0.9837722788883534
sub-019,1,0.9966091369157432
sub-019,0,0.911067431031178
sub-019,0,0.8465586766776028
sub-019,1,0.997411475637247
sub-019,1,0.9995768370338338
sub-019,0,0.9504481015314237
sub-019,1,0.9922026701413068
sub-019,1,0.9619831917556289
sub-019,0,0.7265155333697829
sub-019,0,0.539992163232842
sub-019,0,0.6247073927357354
sub-019,0,0.5970477748815305
sub-019,0,0.3433861965123007
sub-019,0,0.6917281303769607
sub-019,0,0.46980910010382804
sub-019,0,0.42790190048972854
sub-019,0,0.4317083793100661
sub-019,0,0.5269895303568297
sub-019,0,0.4356132333431591
sub-019,0,0.32255609690054904
sub-019,0,0.4227476021112354
sub-019,0,0.7102435243479152
sub-019,0,0.6144782239942294
sub-019,0,0.4729861695122183
sub-019,0,0.6394811473038682
sub-019,0,0.49656323418893444
sub-019,0,0.6550854237989031
sub-019,0,0.47170027442074897
sub-019,0,0.3902517020690621
sub-019,0,0.6187654718185563
sub-019,0,0.5044537939115683
sub-019,0,0.7362710463141242
sub-019,1,0.6442143939936984
sub-019,0,0.4561259096956953
sub-019,0,0.4795907204848829
sub-019,0,0.31934521869963844
sub-019,0,0.39171447423005956
sub-019,1,0.8587049468352631
sub-019,1,0.5629382637278314
sub-019,1,0.5523627635147766
sub-019,0,0.2895869227877787
sub-019,0,0.538375129000351
sub-019,1,0.8882596554632869
sub-019,0,0.8343971557594251
sub-019,0,0.45894437504702984
sub-019,0,0.5335880666822906
sub-019,1,0.9105677444027531
sub-019,1,0.5204023120899994
sub-019,0,0.8227542077041107
sub-019,0,0.29758966774800805
sub-019,0,0.41737118400846757
sub-019,0,0.6388312658582126
sub-019,0,0.6867912201116291
sub-019,0,0.40523738103621965
sub-019,0,0.7493158517322484
sub-019,0,0.4415630751183181
sub-019,0,0.39652141071382646
sub-019,0,0.7144097924831623
sub-019,0,0.4274961887076313
sub-019,0,0.5345726846785848
sub-019,0,0.6715577969717968
sub-019,1,0.7931076544334682
sub-019,0,0.5686420304550975
sub-019,0,0.4663930318252447
sub-019,1,0.6764703521568847
sub-019,0,0.4908936633633252
sub-019,0,0.28113195144809505
sub-019,0,0.4788240840290801
sub-020,0,0.31321723341894697
sub-020,0,0.4217201294279289
sub-020,0,0.34912748204850774
sub-020,0,0.577175000391175
sub-020,0,0.516690383066452
sub-020,0,0.4857163620365315
sub-020,0,0.3446215409894987
sub-020,0,0.3590455285222442
sub-020,0,0.5175527881193227
sub-020,0,0.3187618510358494
sub-020,0,0.4264864340739873
sub-020,0,0.5266624194162856
sub-020,0,0.5816425252463094
sub-020,0,0.48451417180243245
sub-020,0,0.5677522436389485
sub-020,0,0.4176076337585323
sub-020,1,0.768344249585486
sub-020,0,0.6097268144927114
sub-020,0,0.5956289096165971
sub-020,0,0.6424039131785232
sub-020,0,0.5512313164159757
sub-020,1,0.7951181905585198
sub-020,0,0.43385868846673653
sub-020,1,0.6770011393295252
sub-020,0,0.476183843423143
sub-020,1,0.3802478601073612
sub-020,0,0.5208497672265854
sub-020,1,0.68101751242812
sub-020,1,0.5538997245887637
sub-020,0,0.40245096625968996
sub-020,0,0.3709327930512703
sub-020,0,0.4987569726594051
sub-020,0,0.49726355465582134
sub-020,0,0.4039319433545703
sub-020,0,0.6412836195170692
sub-020,0,0.522155035555431
sub-020,1,0.7173065188522592
sub-020,0,0.4906880901721967
sub-020,0,0.5922852861696118
sub-020,0,0.41135364899776145
sub-020,0,0.33332368065796
sub-020,0,0.5925687346936406
sub-020,0,0.5554167514029997
sub-020,0,0.4395424771719708
sub-020,0,0.4300132461587829
sub-020,1,0.6949756090101539
sub-020,0,0.490566163932663
sub-020,0,0.5825473436810079
sub-020,0,0.5023536605781213
sub-020,0,0.602405229757755
sub-020,0,0.5007498176696532
sub-020,1,0.8013626166538395
sub-020,0,0.33759262399543377
sub-020,1,0.8288414067378934
sub-020,1,0.9444674777363062
sub-020,0,0.5067910661409543
sub-020,0,0.3886162114206401
sub-020,0,0.6591817874291719
sub-020,0,0.5971156400041613
sub-020,0,0.5882135402973524
sub-020,1,0.5397291826223554
sub-020,0,0.5608497695635228
sub-020,0,0.32485248456516624
sub-020,0,0.517034440476292
sub-020,0,0.5230644707994615
sub-020,1,0.6714080460595819
sub-020,0,0.4086535676793338
sub-020,0,0.5690717958718711
sub-020,1,0.43453526991316777
sub-020,0,0.3935657560494684
sub-020,0,0.3834959028257027
sub-020,1,0.8563244770387735
sub-020,0,0.4796042303271977
sub-020,0,0.44570484037676866
sub-020,0,0.3471053971904251
sub-020,0,0.5340182636069741
sub-020,0,0.46000442065941805
sub-020,0,0.4995591636999203
sub-020,0,0.4294346240032216
sub-020,0,0.378879859942431
sub-020,0,0.33336665311169955
sub-020,1,0.48089118582002593
sub-020,0,0.5684812427847942
sub-020,0,0.6537030982741945
sub-020,0,0.6854239795688627
sub-020,0,0.645368668364546
sub-020,1,0.732747988067269
sub-020,0,0.3830029937971217
sub-020,0,0.46345847515986127
sub-020,1,0.8564721548268681
sub-020,1,0.9075007874777167
sub-020,0,0.42828159395988774
sub-020,0,0.6034175949054423
sub-020,0,0.4182162363150674
sub-020,0,0.4582124502614427
sub-020,0,0.34620715264114144
sub-020,0,0.4944011149748284
sub-020,0,0.29187273172844946
sub-020,0,0.2812011726515109
sub-020,0,0.3843412139131977
sub-020,1,0.6636156563089977
sub-020,1,0.7897148713313986
sub-020,0,0.6405016071576569
sub-020,1,0.45519148550582944
sub-020,1,0.6633328224210863
sub-020,1,0.342851101855904
sub-020,0,0.5022572337281173
sub-020,0,0.638664932193333
sub-020,0,0.45885574161602033
sub-020,1,0.5359046597415472
sub-020,0,0.5214481699828535
sub-020,1,0.4690445062711197
sub-020,0,0.4972617044412306
sub-020,1,0.7624201562571894
sub-020,0,0.3760212447414183
sub-020,0,0.4413859267894028
sub-020,0,0.5356153237410264
sub-020,1,0.7906143037023646
sub-020,0,0.6038336131370197
sub-020,0,0.5575565754637941
sub-020,0,0.5145258702571643
sub-020,0,0.44883398054188983
sub-020,0,0.3564007155046309
sub-020,1,0.768425955375299
sub-020,0,0.40188981382337013
sub-020,1,0.38218545417831656
sub-020,0,0.4888144174354001
sub-020,0,0.6206834879872611
sub-020,1,0.5068521628866407
sub-020,0,0.3597247997108841
sub-020,0,0.7172119304710094
sub-020,0,0.4254153922010425
sub-020,0,0.5427978836868391
sub-020,1,0.6439574331329899
sub-020,1,0.9818655901840839
sub-020,1,0.4874177644828703
sub-020,1,0.7441958641542399
sub-020,1,0.4446660497217766
sub-020,0,0.4431264935872278
sub-020,1,0.36280098508519126
sub-020,1,0.493569081032423
sub-020,0,0.712524062564069
sub-020,0,0.39358352262009194
sub-020,0,0.4637847017965165
sub-020,1,0.6185145906741814
sub-020,0,0.3562182878588509
sub-020,0,0.5662686916867923
sub-020,1,0.7638752613435896
sub-020,0,0.6567293772295497
sub-020,0,0.43713928280835995
sub-020,0,0.6024705931515211
sub-020,1,0.4817373545426478
sub-020,0,0.7061063191488289
sub-020,1,0.4158372941562352
sub-020,0,0.5721229309323685
sub-020,0,0.41952900857850123
sub-020,0,0.7293597410070286
sub-020,0,0.41714891622298794
sub-020,0,0.5487188125690003
sub-020,1,0.5130737024356977
sub-020,0,0.5039558558839118
sub-020,0,0.4996740272503124
sub-020,0,0.675447208210432
sub-020,0,0.6673696659315003
sub-020,0,0.7289135569312608
sub-020,1,0.8132701601840895
sub-020,0,0.6172428145003304
sub-020,0,0.7314809199134058
sub-020,1,0.8258602663122943
sub-020,1,0.6706323004826071
sub-020,0,0.563142978407176
sub-020,1,0.5770609669672999
sub-020,0,0.43286258737124167
sub-020,1,0.5312577339587804
sub-020,0,0.3949771593256404
sub-020,1,0.8612841201713579
sub-020,0,0.34572159615099646
sub-020,0,0.48093485622347143
sub-020,0,0.5771097849583996
sub-020,0,0.5690629727587435
sub-020,0,0.5078712312890759
sub-020,0,0.4481777005005573
sub-020,1,0.5390255938915753
sub-020,1,0.6107066212366422
sub-020,1,0.47694720710106925
sub-020,1,0.30368497841018816
sub-020,0,0.3843913771449019
sub-020,0,0.6138406096800589
sub-020,0,0.4640028169320027
sub-020,0,0.5832031449975386
sub-020,0,0.5841508529408932
sub-020,0,0.6082268047646615
sub-020,0,0.3259578490903579
sub-020,0,0.4532649972363569
sub-020,1,0.4323296670960026
sub-020,0,0.599809955209547
sub-020,1,0.6022426776408251
sub-020,0,0.6616400907940786
sub-020,0,0.6468745799600039
sub-020,0,0.4966678556869231
sub-020,0,0.3572639996239777
sub-020,0,0.6214078702793508
sub-020,0,0.5804059864064978
sub-020,0,0.6688582447704032
sub-020,1,0.43177334758489727
sub-020,0,0.5481514564994936
sub-020,0,0.37707851232232836
sub-020,0,0.4673115027208266
sub-020,1,0.4601255832330752
sub-020,0,0.5829075451020924
sub-020,0,0.4051146252106155
sub-020,1,0.34589219704451346
sub-020,0,0.6120252336223926
sub-020,1,0.5958586904702476
sub-020,0,0.35611712585857286
sub-020,1,0.724765986286659
sub-020,1,0.6750765459183043
sub-020,0,0.6417399500484487
sub-020,0,0.4179448061795555
sub-020,1,0.5536060218977801
sub-020,0,0.5249919713265873
sub-020,0,0.5748056538073808
sub-020,1,0.920577276426054
sub-020,0,0.4327694343326189
sub-020,1,0.5655170164077601
sub-020,1,0.5770973507595003
sub-020,1,0.6111615441597373
sub-020,0,0.5688978396715895
sub-020,1,0.5701137080654284
sub-020,0,0.4469003205573819
sub-020,0,0.47100595801524014
sub-020,0,0.5482631672096604
sub-020,1,0.5132164404727458
sub-020,1,0.7394362805006324
sub-020,0,0.393119766053197
sub-020,0,0.49971391634315004
sub-020,1,0.8710180619662682
sub-020,1,0.6056083009326118
sub-020,1,0.632924474488731
sub-020,0,0.511048220526327
sub-021,0,0.5151856585652346
sub-021,0,0.4494466617710569
sub-021,0,0.4214261718683727
sub-021,0,0.48845957983364874
sub-021,0,0.43328820002521573
sub-021,0,0.523664132396335
sub-021,0,0.42070140955003715
sub-021,0,0.39008957565576247
sub-021,0,0.47997402976348313
sub-021,0,0.4826724714497619
sub-021,0,0.4930213128334316
sub-021,0,0.5500790960248829
sub-021,0,0.6110767706670079
sub-021,0,0.6801948861215991
sub-021,0,0.4469961061423233
sub-021,0,0.6515553685923146
sub-021,0,0.4364736728562935
sub-021,0,0.6339766578456544
sub-021,0,0.5150038306224431
sub-021,0,0.39003160554176364
sub-021,0,0.6998642879893141
sub-021,0,0.5831673881838311
sub-021,1,0.7036532148524186
sub-021,1,0.37636046604477286
sub-021,0,0.3984711690862034
sub-021,0,0.5448893989654909
sub-021,0,0.4105748642872473
sub-021,0,0.5124519607776923
sub-021,0,0.456785723987462
sub-021,0,0.5821296368926983
sub-021,0,0.4108198051169988
sub-021,0,0.5040960733439459
sub-021,0,0.49701162132786986
sub-021,0,0.6107367344040807
sub-021,1,0.7512639780819869
sub-021,0,0.36021229254147774
sub-021,1,0.34108592099258533
sub-021,0,0.3337092648576466
sub-021,0,0.6083178143067582
sub-021,1,0.6523572854710293
sub-021,0,0.5970309941865712
sub-021,0,0.7333849250380563
sub-021,0,0.4403633857661231
sub-021,0,0.4328082883887362
sub-021,0,0.4960168335654019
sub-021,0,0.43890021157653364
sub-021,0,0.45336993491689137
sub-021,0,0.5456929442345924
sub-021,0,0.4890228266325666
sub-021,0,0.5787825277259692
sub-021,1,0.328511718334904
sub-021,0,0.3738521092948204
sub-021,0,0.42287912372889397
sub-021,1,0.4150326407791062
sub-021,1,0.4970714003706691
sub-021,0,0.5829545346540155
sub-021,0,0.49578173964286376
sub-021,0,0.5077302783961359
sub-021,0,0.33831240160137066
sub-021,1,0.3906700755362716
sub-021,1,0.8522002814464337
sub-021,0,0.6095994410392225
sub-021,1,0.31776954135070956
sub-021,1,0.583061545773486
sub-021,0,0.5108739524831262
sub-021,0,0.417291680625013
sub-021,1,0.5699848150875163
sub-021,1,0.8904466033376155
sub-021,1,0.9032326926516857
sub-021,0,0.5882354037196376
sub-021,0,0.594623080860547
sub-021,0,0.48924425672426136
sub-021,1,0.5803586311373128
sub-021,0,0.6180394264015178
sub-021,0,0.40506396356771446
sub-021,0,0.4033575382483551
sub-021,0,0.42973951034275915
sub-021,0,0.32276899356492744
sub-021,0,0.6222441506223776
sub-021,0,0.4089955906072583
sub-021,0,0.43760161301956646
sub-021,0,0.34559044245820275
sub-021,0,0.47630171831245427
sub-021,0,0.49595327759592656
sub-021,0,0.577891739861951
sub-021,0,0.5763748503029937
sub-021,1,0.7609240945636079
sub-021,0,0.5942509967851815
sub-021,0,0.38692312448300975
sub-021,0,0.45523694573561124
sub-021,1,0.6928645215491915
sub-021,1,0.40368890901292065
sub-021,0,0.3746598937955705
sub-021,0,0.48196612586354737
sub-021,0,0.3825487503212307
sub-021,1,0.5730742698821174
sub-021,0,0.4656162847249535
sub-021,1,0.35250264261461994
sub-021,0,0.39364294826646623
sub-021,0,0.4394479590918305
sub-021,0,0.44557615153883584
sub-021,0,0.43544734886774483
sub-021,0,0.2893111917487904
sub-021,0,0.419250207279155
sub-021,1,0.7272360639779947
sub-021,1,0.8308345783103671
sub-021,0,0.375581516516436
sub-021,1,0.8644190087649051
sub-021,1,0.31588001136852817
sub-021,1,0.42930123942520765
sub-021,0,0.30603086133239477
sub-021,0,0.34397690476027964
sub-021,0,0.5040480977718377
sub-021,0,0.5297935953288165
sub-021,1,0.32861285642149823
sub-021,0,0.4439790750613938
sub-021,0,0.34398631039915667
sub-021,0,0.44704972740350357
sub-021,0,0.3950081527382918
sub-021,1,0.479747673975613
sub-021,0,0.3167414301794253
sub-021,0,0.2650111524649162
sub-021,0,0.29404349839496813
sub-021,0,0.3376900814708557
sub-021,0,0.31671535019066305
sub-021,0,0.36605080253708755
sub-021,0,0.33374267506891814
sub-021,0,0.4131334381108021
sub-021,0,0.43122539373809227
sub-021,0,0.4475313889609084
sub-021,0,0.41815841853227986
sub-021,0,0.3699139394163073
sub-021,0,0.36810704443025727
sub-021,0,0.5399156926192785
sub-021,0,0.32473562520407834
sub-021,0,0.3762890172927076
sub-021,0,0.5513475024059917
sub-021,0,0.4049519436556862
sub-021,0,0.3634108082482034
sub-021,0,0.2994777904508014
sub-021,0,0.46503738093329355
sub-021,0,0.44659282214360385
sub-021,0,0.3306348533775744
sub-021,0,0.4135617999910754
sub-021,0,0.3691256264630902
sub-021,0,0.3405089845545237
sub-021,0,0.29954157680375054
sub-021,0,0.3276573017692686
sub-021,0,0.4166194970613737
sub-021,0,0.3873575682014996
sub-021,0,0.4078259698561035
sub-021,0,0.41689634697126715
sub-021,0,0.4272102105745854
sub-021,0,0.34527580381916306
sub-021,0,0.3949556534287684
sub-021,0,0.3206108904819957
sub-021,0,0.4956982075368008
sub-021,0,0.29198677182657656
sub-021,0,0.45882563429407025
sub-021,0,0.38833945356784155
sub-021,0,0.38609568471395056
sub-021,0,0.5345576138321658
sub-021,0,0.4698794150916413
sub-021,0,0.4084490480874765
sub-021,0,0.4278740667145492
sub-021,0,0.3523066307239417
sub-021,0,0.2754578443773764
sub-021,0,0.34719225945539517
sub-021,0,0.4264323840993887
sub-021,1,0.583674582737329
sub-021,0,0.4359362041582551
sub-021,1,0.6842754303078291
sub-021,1,0.6504929626557869
sub-021,0,0.4435143506045276
sub-021,1,0.9418973172576033
sub-021,0,0.6411080377788976
sub-021,0,0.4786745051487055
sub-021,0,0.518157052381067
sub-021,0,0.49499334996235106
sub-021,0,0.42381705786733154
sub-021,0,0.398340310575994
sub-021,0,0.4202817640833884
sub-021,0,0.31827596185206436
sub-021,0,0.40625298867406145
sub-021,0,0.41081908366291064
sub-021,0,0.3444999894240081
sub-021,0,0.3450721506976987
sub-021,0,0.5292250679823618
sub-021,0,0.4572207449559235
sub-021,0,0.4612742026280192
sub-021,0,0.30028682850488103
sub-021,0,0.38048588739966804
sub-021,0,0.28984126395514925
sub-021,0,0.42127836170383387
sub-021,0,0.39881160503608504
sub-021,0,0.4175998211718479
sub-021,0,0.3870714512442155
sub-021,0,0.4274451477741576
sub-021,0,0.40232230941989966
sub-021,0,0.3052773902393605
sub-021,1,0.4080012378589584
sub-021,0,0.41769961887791773
sub-021,0,0.4142646166447782
sub-021,0,0.501648082444396
sub-021,1,0.5407037726449502
sub-021,0,0.4234791525129904
sub-021,0,0.3557140634897169
sub-021,0,0.32638951481380524
sub-021,0,0.44484525256646984
sub-021,0,0.5333633499506139
sub-021,0,0.3527619036020462
sub-021,0,0.3591778119264394
sub-021,1,0.8336637597346481
sub-021,0,0.37969192829933285
sub-021,0,0.44870644276138455
sub-021,0,0.4092350135344968
sub-021,0,0.5790124051135496
sub-021,0,0.3686200241521893
sub-021,0,0.37445208325684304
sub-021,0,0.5502394252608841
sub-021,0,0.5769534747374877
sub-021,0,0.35671722668202166
sub-021,0,0.5144403959229126
sub-021,0,0.3380910278256223
sub-021,0,0.5788618097798001
sub-021,0,0.3128451048998358
sub-021,0,0.29636684459381507
sub-021,0,0.3732701651875945
sub-021,0,0.3916198068279273
sub-021,0,0.3056678490010608
sub-021,0,0.4954088806573398
sub-021,0,0.3962818417626345
sub-021,0,0.3917970911403051
sub-021,0,0.4756511551802743
sub-021,0,0.6271873455339115
sub-021,0,0.3854179119919488
sub-021,0,0.4774754849055752
sub-021,0,0.40766540774049737
sub-021,0,0.4490272100171646
sub-021,0,0.41135763684079224
sub-022,1,0.6107822892188687
sub-022,0,0.433961690815591
sub-022,1,0.4469936685622415
sub-022,0,0.48361501665862877
sub-022,1,0.6420094222270707
sub-022,1,0.540732806218808
sub-022,1,0.46315974412245464
sub-022,0,0.372212929475534
sub-022,0,0.45513263504956186
sub-022,1,0.49662083110248034
sub-022,0,0.320985808703329
sub-022,0,0.3323331190700967
sub-022,0,0.3842853838468339
sub-022,1,0.553424947376467
sub-022,0,0.3858894928621233
sub-022,1,0.4933662839607983
sub-022,0,0.360518511382182
sub-022,1,0.5866056368177859
sub-022,1,0.48818164637380557
sub-022,0,0.2838912173174141
sub-022,0,0.42949874285910694
sub-022,0,0.4079531553587967
sub-022,0,0.39445992061925433
sub-022,0,0.42496400512648
sub-022,1,0.45554691760333865
sub-022,0,0.3216249713102504
sub-022,1,0.43930917660474156
sub-022,1,0.580350626538772
sub-022,0,0.4958432784041587
sub-022,0,0.32379861345040645
sub-022,0,0.4260745461117358
sub-022,0,0.49450946471223706
sub-022,0,0.5825211818688445
sub-022,1,0.6561062038137635
sub-022,1,0.8251456980928059
sub-022,1,0.5115633849342005
sub-022,0,0.28204537622765463
sub-022,0,0.41385648715625795
sub-022,0,0.4502257945260085
sub-022,0,0.31474869343242934
sub-022,0,0.4575229916966682
sub-022,0,0.3917735148726546
sub-022,1,0.5596023910772459
sub-022,1,0.5906545134186572
sub-022,0,0.5331175812225951
sub-022,0,0.5101031583150043
sub-022,1,0.8133991964049041
sub-022,1,0.6312284235900367
sub-022,0,0.3597766790970582
sub-022,0,0.3458320294684729
sub-022,0,0.3314736566506307
sub-022,0,0.37723663103966465
sub-022,1,0.736189728626688
sub-022,1,0.6771657140242469
sub-022,1,0.7221936132256176
sub-022,1,0.5999624436332831
sub-022,0,0.5700972232932604
sub-022,0,0.40624649789282147
sub-022,1,0.690394372092468
sub-022,1,0.7283738896331766
sub-022,1,0.6257012886268287
sub-022,0,0.4369172964472199
sub-022,0,0.40690110663939716
sub-022,0,0.43872825234318236
sub-022,1,0.41076760451141014
sub-022,0,0.41308271898502397
sub-022,1,0.5319538171150493
sub-022,0,0.3148958703780501
sub-022,0,0.4078827582895392
sub-022,0,0.41219926946567775
sub-022,0,0.3674302450292927
sub-022,1,0.4600959143432008
sub-022,0,0.4111356335606142
sub-022,0,0.39316672790324275
sub-022,0,0.38220361923037177
sub-022,1,0.3697783528248105
sub-022,0,0.44378333821912863
sub-022,0,0.5220900217788339
sub-022,0,0.42893812716304974
sub-022,0,0.3695742328996456
sub-022,0,0.34294875191121765
sub-022,1,0.6222583197981358
sub-022,0,0.3494929279303735
sub-022,0,0.421732290992069
sub-022,0,0.4220708798078353
sub-022,0,0.48428438786703254
sub-022,0,0.3706509979416365
sub-022,0,0.36468193574719204
sub-022,0,0.36850763824497623
sub-022,0,0.4189336673129064
sub-022,0,0.41864744010098337
sub-022,0,0.3975090921955008
sub-022,0,0.4312673252305933
sub-022,1,0.740406776124223
sub-022,0,0.4210811319357692
sub-022,1,0.5695309882188874
sub-022,0,0.3396544976513324
sub-022,0,0.4044399272050434
sub-022,1,0.455568875391322
sub-022,0,0.39972749196743745
sub-022,0,0.3267616035539833
sub-022,1,0.4433220817986478
sub-022,1,0.5564814172728442
sub-022,1,0.5085487704336417
sub-022,0,0.4057753455677648
sub-022,0,0.47761387274806155
sub-022,0,0.37421398257181754
sub-022,0,0.4768535677043026
sub-022,0,0.39369042695958617
sub-022,0,0.5062343129164107
sub-022,0,0.3229620588321348
sub-022,0,0.5709418885981634
sub-022,1,0.6594854170399516
sub-022,1,0.6493526216774078
sub-022,0,0.38232205466913777
sub-022,0,0.48819440500753214
sub-022,0,0.2600204227106804
sub-022,0,0.4273314887394627
sub-022,0,0.37547433369592054
sub-022,1,0.6445218020268956
sub-022,0,0.32468194190451427
sub-022,1,0.35035703014947517
sub-022,0,0.3474439284876206
sub-022,1,0.4083491761887363
sub-022,0,0.3148739888484495
sub-022,0,0.37208688677158075
sub-022,1,0.4855146582031551
sub-022,1,0.43998985135679347
sub-022,1,0.4886108275131552
sub-022,0,0.32979222768954414
sub-022,0,0.32368316685184295
sub-022,1,0.4489452818537631
sub-022,0,0.3756141315252074
sub-022,0,0.3978599400373823
sub-022,0,0.2898589409291101
sub-022,0,0.3409355222838021
sub-022,0,0.45342307086702954
sub-022,0,0.2885967533854689
sub-022,0,0.3060537544841035
sub-022,0,0.3691317843213134
sub-022,1,0.36425502106171975
sub-022,1,0.5794140050000446
sub-022,1,0.7320885736425922
sub-022,0,0.46882619069782794
sub-022,0,0.3546481549341519
sub-022,0,0.3532442962713865
sub-022,1,0.3892132639635714
sub-022,0,0.3402502622595478
sub-022,0,0.2956036350101411
sub-022,0,0.3135163856314782
sub-022,0,0.28072227977654235
sub-022,0,0.42185726102349613
sub-022,0,0.29148958299498745
sub-022,0,0.34176782388628174
sub-022,1,0.39029994086258113
sub-022,1,0.5997325280026167
sub-022,0,0.31087618169753894
sub-022,0,0.3194425700254326
sub-022,0,0.4606757914828823
sub-022,1,0.5137203787578873
sub-022,1,0.5058491626487926
sub-022,0,0.4515320160346854
sub-022,0,0.48361493484225837
sub-022,0,0.43689488633502593
sub-022,0,0.4948575844846784
sub-022,0,0.37194578783726984
sub-022,0,0.3638989299569041
sub-022,0,0.2752128474431418
sub-022,0,0.35828324086747854
sub-022,0,0.47465700928596477
sub-022,0,0.3482213551437297
sub-022,0,0.30630388169640677
sub-022,0,0.3452249406307671
sub-022,0,0.3638424798832183
sub-022,1,0.5220020445556616
sub-022,0,0.368070177454687
sub-022,0,0.47235682621069003
sub-022,0,0.29879146437677223
sub-022,1,0.43401200164782094
sub-022,0,0.298706041444006
sub-022,0,0.3579529954707584
sub-022,0,0.3836798791779922
sub-022,0,0.28701969190366866
sub-022,0,0.38822576510394136
sub-022,1,0.6042249738983895
sub-022,0,0.45744741407735506
sub-022,0,0.3985477346479287
sub-022,0,0.36634890653244817
sub-022,0,0.28933013093505033
sub-022,0,0.45608790722663145
sub-022,0,0.339766886249763
sub-022,1,0.4121692832375247
sub-022,1,0.9720211937621475
sub-022,1,0.48205347227829476
sub-022,0,0.36362639977950767
sub-022,0,0.3461880013659451
sub-022,0,0.2779519867333791
sub-022,1,0.32240863083631593
sub-022,0,0.26084999006497195
sub-022,0,0.38861961134118256
sub-022,1,0.42878192788013403
sub-022,1,0.5568787139050363
sub-022,0,0.34292040629322396
sub-022,0,0.25118060648486745
sub-022,0,0.38274365445126385
sub-022,0,0.34612922220526277
sub-022,1,0.378960008932649
sub-022,0,0.33444012312708177
sub-022,0,0.325543598509235
sub-022,0,0.4025196767271811
sub-022,0,0.3282632827650853
sub-022,0,0.34632259983247843
sub-022,0,0.33569940117585445
sub-022,1,0.43880317924001094
sub-022,0,0.3411622384115732
sub-022,0,0.335837200079509
sub-022,1,0.5877394844727298
sub-022,0,0.35723276854245495
sub-022,0,0.4383495252626553
sub-022,0,0.33926672050553397
sub-022,0,0.4976168102673749
sub-022,0,0.4728541981891592
sub-022,1,0.3230400677067151
sub-022,0,0.48229101191150836
sub-022,1,0.5437769325535906
sub-022,1,0.662940062760038
sub-022,0,0.31339728406429046
sub-022,0,0.431312277438592
sub-022,1,0.518711711674615
sub-022,1,0.31899228761692294
sub-022,1,0.5713565131907098
sub-022,0,0.4341805624912954
sub-022,1,0.30270544402096966
sub-022,0,0.3803608684954487
sub-022,0,0.40803378243115696
sub-022,0,0.5052578777872729
sub-022,0,0.47184349964706734
sub-022,0,0.2676544014764576
sub-022,0,0.31953827976094196
sub-022,1,0.33217865392132284
