subject,y_true,y_pred_proba
sub-001,1,0.8408887873062384
sub-001,1,0.7524678935206103
sub-001,1,0.7882721375286625
sub-001,1,0.9117380880940289
sub-001,0,0.9653512725809975
sub-001,0,0.5807170094256296
sub-001,1,0.9568675294500274
sub-001,1,0.9512255282555445
sub-001,1,0.8057661991924151
sub-001,1,0.8411429230993863
sub-001,0,0.6328733492546209
sub-001,0,0.9113027457824523
sub-001,0,0.6243851613004664
sub-001,0,0.9059737302086054
sub-001,0,0.6550798005682461
sub-001,0,0.8431345838359662
sub-001,1,0.9786754036137266
sub-001,0,0.7640701503783283
sub-001,0,0.47200340707879135
sub-001,0,0.5875359092238879
sub-001,0,0.4982507695633481
sub-001,0,0.8279248986669465
sub-001,0,0.7680131286193618
sub-001,0,0.7883401472848091
sub-001,0,0.9375345618866506
sub-001,0,0.7202957870583897
sub-001,0,0.5359573073513912
sub-001,0,0.7346229369348519
sub-001,0,0.8867016575572384
sub-001,0,0.7340080067751187
sub-001,0,0.8306464427539428
sub-001,0,0.9738816768835699
sub-001,0,0.9367186940680137
sub-001,0,0.9219192271517291
sub-001,0,0.7915125058093323
sub-001,0,0.9698621426986017
sub-001,1,0.9999944491305589
sub-001,1,0.9858741811909822
sub-001,0,0.6908335236707156
sub-001,1,0.6039948749853676
sub-001,0,0.7613490660232333
sub-001,0,0.8238307001842736
sub-001,1,0.7790489079982498
sub-001,0,0.7333477443792915
sub-001,1,0.9324686167711095
sub-001,1,0.9707978088998928
sub-001,0,0.7663755613728973
sub-001,1,0.9840862145644363
sub-001,1,0.60787512118195
sub-001,0,0.7815541437540569
sub-001,0,0.46370282584282835
sub-001,1,0.7728313320945636
sub-001,0,0.8233944096623677
sub-001,0,0.8150060540554461
sub-001,1,0.9887555890052929
sub-001,1,0.9400485605152132
sub-001,0,0.9545589966964436
sub-001,0,0.5002371626455543
sub-001,1,0.9988026531020882
sub-001,1,0.9984682865503598
sub-001,0,0.9172641090622009
sub-001,0,0.6136340748153444
sub-001,0,0.8514797284761026
sub-001,1,0.9623036470503102
sub-001,0,0.6463408898688277
sub-001,0,0.8845417312229147
sub-001,0,0.851469977797948
sub-001,0,0.8948839601919489
sub-001,0,0.9008944074641633
sub-001,1,0.9987974686785468
sub-001,0,0.9430834870920866
sub-001,0,0.9006023536701191
sub-001,1,0.9340867328175242
sub-001,0,0.9306635031495721
sub-001,0,0.8160377441445247
sub-001,0,0.4983431895764467
sub-001,1,0.6056029370982824
sub-001,1,0.9951116401092563
sub-001,0,0.9010946050378886
sub-001,1,0.9974552934307087
sub-001,1,0.8311976606384461
sub-001,1,0.7872911370926204
sub-001,0,0.9345225754341798
sub-001,1,0.8259316216525461
sub-001,0,0.7639079885253087
sub-001,1,0.9961826313705106
sub-001,0,0.7280277665253738
sub-001,0,0.8104258364724091
sub-001,1,0.8750086792005172
sub-001,0,0.7711453500457482
sub-001,1,0.894742852803361
sub-001,1,0.7499436121671915
sub-001,1,0.8633052817749282
sub-001,0,0.8254536867387455
sub-001,1,0.9982225631292727
sub-001,1,0.9599536123830864
sub-001,1,0.9972110564187677
sub-001,1,0.8995703457140076
sub-001,0,0.7721562902885775
sub-001,1,0.9317962028566795
sub-001,1,0.6842383448531206
sub-001,0,0.8949098670398167
sub-001,0,0.952636117224048
sub-001,0,0.9177948698119628
sub-001,1,0.7378954306418862
sub-001,1,0.6295916767484964
sub-001,1,0.9893579306599104
sub-001,0,0.6747510143444558
sub-001,0,0.8401831811011937
sub-001,1,0.999171419131757
sub-001,1,0.9924165031436087
sub-001,0,0.9434089940113973
sub-001,1,0.9886259860981091
sub-001,0,0.7510240750163713
sub-001,0,0.8603286277047952
sub-001,0,0.9782189390539274
sub-001,0,0.9737434294577493
sub-001,0,0.8608462636572972
sub-001,0,0.27080313660338734
sub-001,0,0.24239159916980554
sub-001,0,0.23765587607329863
sub-001,1,0.48214325479450065
sub-001,1,0.5553560649738721
sub-001,1,0.6859419503145556
sub-001,0,0.33005987509137397
sub-001,1,0.4018133412467939
sub-001,0,0.27125399831349734
sub-001,0,0.3561956832794591
sub-001,0,0.27761236920763244
sub-001,0,0.31472770714192666
sub-001,0,0.2703512374437389
sub-001,0,0.2622232714749388
sub-001,0,0.2684009071185805
sub-001,0,0.31194143152310033
sub-001,1,0.2614247663681845
sub-001,1,0.6384683807874257
sub-001,1,0.5003969880119542
sub-001,0,0.23804597887905016
sub-001,0,0.26582717054216237
sub-001,0,0.26530447390049244
sub-001,0,0.37646644980540034
sub-001,1,0.38064385607813
sub-001,0,0.27836211683769774
sub-001,0,0.25061658976914597
sub-001,0,0.23117299968303834
sub-001,0,0.29196392903644147
sub-001,0,0.253018255524025
sub-001,0,0.2868609111657666
sub-001,0,0.24484648100514955
sub-001,1,0.6503698713298934
sub-001,1,0.5467928204664008
sub-001,1,0.6313720534372486
sub-001,0,0.2930956162566082
sub-001,0,0.285215707919852
sub-001,0,0.29925739613646857
sub-001,0,0.3660243127699299
sub-001,0,0.2382655234977792
sub-001,1,0.4709906229104689
sub-001,0,0.2683370422891907
sub-001,0,0.3152146459657835
sub-001,0,0.22514891846567345
sub-001,1,0.42066320492581744
sub-001,0,0.3655273424207868
sub-001,0,0.36516931052508217
sub-001,1,0.3209543526921828
sub-001,0,0.2725055897976304
sub-001,0,0.28979097560493705
sub-001,1,0.2930279033335804
sub-001,0,0.3319061044469335
sub-001,1,0.4110686835302227
sub-001,1,0.5564545972148788
sub-001,1,0.7310979106257581
sub-001,1,0.3215398705159735
sub-001,0,0.2855525817035407
sub-001,0,0.3183253062328212
sub-001,0,0.23616787663900915
sub-001,0,0.27446226113744066
sub-001,0,0.353208727078172
sub-001,1,0.6366698100067103
sub-001,0,0.28438438975220925
sub-001,0,0.2745667445162732
sub-001,0,0.40457844255089104
sub-001,0,0.3865491135162054
sub-001,0,0.3178868908603431
sub-001,1,0.27936741214465005
sub-001,1,0.3212968921854608
sub-001,1,0.49645403942357275
sub-001,1,0.6058674956428143
sub-001,0,0.31238658738660574
sub-001,1,0.3222469600352643
sub-001,1,0.4592710082272403
sub-001,1,0.43745994116089626
sub-001,0,0.3644369876990831
sub-001,0,0.3570529803424855
sub-001,0,0.2656743913080927
sub-001,0,0.38109402719961505
sub-001,0,0.2976049878800281
sub-001,1,0.5862553676726582
sub-001,1,0.6821200480879676
sub-001,1,0.6519554676917566
sub-001,0,0.3371172035948725
sub-001,1,0.46899410598629404
sub-001,0,0.2729588075000649
sub-001,0,0.2376770284639807
sub-001,0,0.227659558009597
sub-001,0,0.3005044334314647
sub-001,0,0.36479027119935536
sub-001,1,0.4468105953182402
sub-001,1,0.5257536405165806
sub-001,0,0.32883008609999553
sub-001,0,0.403683297576339
sub-001,0,0.39932309811620126
sub-001,1,0.570059144684862
sub-001,0,0.2285724435544607
sub-001,1,0.3600956474758175
sub-001,0,0.27719715704439696
sub-001,0,0.333613529730982
sub-001,1,0.7106089444644554
sub-001,1,0.7924154677012454
sub-001,1,0.49176011214746773
sub-001,1,0.5155012813283315
sub-001,1,0.4162018560284767
sub-001,1,0.4416210435130564
sub-001,1,0.5435410138435129
sub-001,0,0.387573248851091
sub-001,1,0.45063187777073926
sub-001,0,0.23157719500663693
sub-001,0,0.2475244790462946
sub-001,0,0.26035736978971763
sub-001,0,0.32174845963382426
sub-001,1,0.317236370504811
sub-001,0,0.35084832618965833
sub-001,0,0.29507862049546796
sub-001,0,0.32738883734346547
sub-001,1,0.4436589806201232
sub-001,1,0.46318842098928564
sub-001,1,0.4966945202990863
sub-001,1,0.34446378603001243
sub-002,0,0.2395944376379753
sub-002,0,0.2243405888541002
sub-002,0,0.30057621815365476
sub-002,0,0.31305292540459434
sub-002,0,0.24760525152887483
sub-002,0,0.29268330658874053
sub-002,0,0.3184538651608113
sub-002,0,0.22609339794465738
sub-002,0,0.2221307134399109
sub-002,0,0.24538730667154215
sub-002,0,0.2793570896374418
sub-002,1,0.44887188710470755
sub-002,1,0.36114021398747753
sub-002,1,0.31091343736848076
sub-002,1,0.22048497833157807
sub-002,1,0.37453754376663706
sub-002,1,0.31735045825229546
sub-002,0,0.30980240364166184
sub-002,0,0.3168536055264686
sub-002,1,0.8297497068799284
sub-002,1,0.8329471012276676
sub-002,1,0.4681844335506995
sub-002,1,0.40387382426116347
sub-002,1,0.5320878448441168
sub-002,0,0.2972330290128473
sub-002,1,0.4570798390829353
sub-002,1,0.6421644723276152
sub-002,1,0.692110070132376
sub-002,1,0.3935337064119661
sub-002,1,0.37285121638538643
sub-002,1,0.38525873676044975
sub-002,0,0.25295460383126867
sub-002,0,0.3034304002839352
sub-002,0,0.21744243260134669
sub-002,0,0.24444574292471472
sub-002,1,0.3204104787253208
sub-002,1,0.27261863248144336
sub-002,0,0.2566822585318714
sub-002,1,0.40847990639395115
sub-002,1,0.4710900135015473
sub-002,0,0.32767308605842604
sub-002,1,0.3442289288632745
sub-002,0,0.28878897243334467
sub-002,1,0.29330590720826843
sub-002,0,0.25667333576390716
sub-002,0,0.25836690435162324
sub-002,1,0.28835349428491486
sub-002,0,0.24172314939119935
sub-002,1,0.5540019584287051
sub-002,1,0.44881691764698173
sub-002,1,0.3922822504336476
sub-002,0,0.2851630264711092
sub-002,1,0.36154472971554863
sub-002,1,0.4352436006869809
sub-002,1,0.9439032330950784
sub-002,1,0.36309147340773035
sub-002,0,0.28389241998011605
sub-002,1,0.25706729985819127
sub-002,0,0.2531064132207255
sub-002,0,0.23990095274409487
sub-002,1,0.46550212374315697
sub-002,1,0.6515776421632509
sub-002,1,0.3601101879876997
sub-002,1,0.7508393698349747
sub-002,1,0.6464571187605721
sub-002,1,0.504163295940062
sub-002,1,0.34686856074106986
sub-002,0,0.2765772329670011
sub-002,1,0.36275079103018815
sub-002,1,0.35992959786852136
sub-002,0,0.2997580687191711
sub-002,0,0.2514466791771883
sub-002,1,0.4855429491501559
sub-002,1,0.5110722162885338
sub-002,1,0.30855931402963904
sub-002,0,0.334601710795344
sub-002,1,0.2558011504917405
sub-002,1,0.24569379424903376
sub-002,0,0.24810124213863646
sub-002,0,0.23491580770170764
sub-002,0,0.22976999155301517
sub-002,0,0.30932296276748256
sub-002,1,0.24498456515709863
sub-002,1,0.3506312246452539
sub-002,1,0.8359622881188069
sub-002,1,0.6332017630278874
sub-002,1,0.42028911009300324
sub-002,0,0.25810981981188963
sub-002,0,0.23956563714053536
sub-002,0,0.2902270896588533
sub-002,0,0.30630720041173565
sub-002,0,0.29007139189544545
sub-002,0,0.2366686740416901
sub-002,0,0.2643055868858074
sub-002,0,0.23999966613102838
sub-002,1,0.2944064287888865
sub-002,0,0.26665776893695364
sub-002,1,0.4999461796950448
sub-002,1,0.5989466030118332
sub-002,0,0.31499172775826995
sub-002,0,0.3143601117401166
sub-002,1,0.34180090761796367
sub-002,0,0.27112695059104497
sub-002,1,0.3531679161923298
sub-002,0,0.2428608567772439
sub-002,1,0.4247191691705993
sub-002,0,0.2755957071792107
sub-002,0,0.2796652902074379
sub-002,1,0.3864586292720373
sub-002,1,0.554552447067855
sub-002,0,0.3157368840841623
sub-002,1,0.2504358224756305
sub-002,1,0.24895434799472876
sub-002,0,0.23569011610313786
sub-002,0,0.3118111423131418
sub-002,0,0.28115650823013333
sub-002,0,0.3290739902501518
sub-002,1,0.28188701774109615
sub-002,0,0.26813975262684786
sub-002,0,0.2416889786151982
sub-002,0,0.23879776396128516
sub-002,1,0.43935192499095427
sub-002,1,0.4984715182628476
sub-002,1,0.6213188845203439
sub-002,0,0.3131732431462565
sub-002,1,0.3793565043009169
sub-002,0,0.2663542653353691
sub-002,0,0.33398948598661415
sub-002,0,0.2693365261876521
sub-002,0,0.2986967419844342
sub-002,0,0.2677768051337983
sub-002,0,0.25621686541585154
sub-002,0,0.26422146132887575
sub-002,0,0.2997327502875674
sub-002,1,0.250957184209089
sub-002,1,0.5734306367678591
sub-002,1,0.4538079547787554
sub-002,0,0.23442956956328406
sub-002,0,0.26160196215417214
sub-002,0,0.26199365258376234
sub-002,0,0.3520998048247005
sub-002,1,0.3528479905047154
sub-002,0,0.2676482591083179
sub-002,0,0.24709178599240547
sub-002,0,0.23157547447925314
sub-002,0,0.278585917762664
sub-002,0,0.24786613782524713
sub-002,0,0.2825996376409017
sub-002,0,0.23903052447807288
sub-002,1,0.5833797261848233
sub-002,1,0.5002132993720789
sub-002,1,0.5768823108712335
sub-002,0,0.282829441551261
sub-002,0,0.2774244948119981
sub-002,0,0.2937781716333125
sub-002,0,0.34968231352339035
sub-002,0,0.23621726875770405
sub-002,1,0.43314458210022483
sub-002,0,0.26655044720571164
sub-002,0,0.301326978517751
sub-002,0,0.22526655136605048
sub-002,1,0.38918254649922274
sub-002,0,0.3475814203639843
sub-002,0,0.34454571763054814
sub-002,1,0.3147193090816961
sub-002,0,0.2658621218175577
sub-002,0,0.2787246126900962
sub-002,1,0.28913393022509
sub-002,0,0.31820847888965054
sub-002,1,0.38074601524457213
sub-002,1,0.5082172106259877
sub-002,1,0.6619390258270097
sub-002,1,0.31552787123967885
sub-002,0,0.2806083392541512
sub-002,0,0.3024773687464539
sub-002,0,0.23710504055501608
sub-002,0,0.2693624126641961
sub-002,0,0.3374289037048436
sub-002,1,0.5754446487052627
sub-002,0,0.2775505349805735
sub-002,0,0.26904616881882076
sub-002,0,0.37831169202496534
sub-002,0,0.3641894741229877
sub-002,0,0.30395853151239083
sub-002,1,0.2767259594619688
sub-002,1,0.30529588295282634
sub-002,1,0.45414792056122416
sub-002,1,0.5492281287719941
sub-002,0,0.30168709783707076
sub-002,1,0.31052540309020343
sub-002,1,0.42653558533916425
sub-002,1,0.4245658925607158
sub-002,0,0.3436820065958946
sub-002,0,0.3402848781027346
sub-002,0,0.259433455506647
sub-002,0,0.35828039314369037
sub-002,0,0.2874543004524393
sub-002,1,0.5409175583945203
sub-002,1,0.6244248357597322
sub-002,1,0.5911069585666469
sub-002,0,0.32147159239934325
sub-002,1,0.4320199778963853
sub-002,0,0.26861551772696707
sub-002,0,0.2381021743222003
sub-002,0,0.22824458005155396
sub-002,0,0.288788118886813
sub-002,0,0.34146144496135883
sub-002,1,0.4149812457822
sub-002,1,0.47553351530567445
sub-002,0,0.3162398040577983
sub-002,0,0.3765320276968586
sub-002,0,0.371964758070892
sub-002,1,0.5197961920528856
sub-002,0,0.22656174512524338
sub-002,1,0.35617604227640554
sub-002,0,0.27004654743937273
sub-002,0,0.31695530037729014
sub-002,1,0.6432065717323973
sub-002,1,0.7216791569906457
sub-002,1,0.44966979420762354
sub-002,1,0.4749707439823691
sub-002,1,0.38711118344629825
sub-002,1,0.40579334554846924
sub-002,1,0.4971098350357756
sub-002,0,0.36641245354337076
sub-002,1,0.41184075782603397
sub-002,0,0.23277409434835644
sub-002,0,0.24701001325893138
sub-002,0,0.2575053276305986
sub-002,0,0.30504534427083646
sub-002,1,0.3081849105775073
sub-002,0,0.3355487494353806
sub-002,0,0.2844296179868021
sub-002,0,0.30918363270594645
sub-002,1,0.4087311714071755
sub-002,1,0.423582055798416
sub-002,1,0.4582462087170605
sub-002,1,0.32711128025314823
sub-003,0,0.5729842016641051
sub-003,0,0.3704046765215358
sub-003,0,0.647011796746201
sub-003,0,0.48926922828206826
sub-003,1,0.7972054410101173
sub-003,0,0.580603847570342
sub-003,0,0.5007893755029342
sub-003,0,0.5942482391460959
sub-003,0,0.5300459918303302
sub-003,0,0.39467779774750045
sub-003,0,0.5857492328213083
sub-003,1,0.9502275950711605
sub-003,0,0.598088459202034
sub-003,0,0.40092645165597934
sub-003,0,0.5450708336760214
sub-003,0,0.5909654022029013
sub-003,0,0.48857914700233196
sub-003,0,0.4948208246486322
sub-003,1,0.7461555073822921
sub-003,1,0.7609433845445562
sub-003,0,0.41628823573700957
sub-003,1,0.9956345495642872
sub-003,1,0.9909236856995461
sub-003,0,0.6353549102683332
sub-003,0,0.6385870899149464
sub-003,0,0.45295623140067287
sub-003,0,0.4129980463389138
sub-003,0,0.42583873575434006
sub-003,0,0.36719874346566694
sub-003,0,0.49631625651062866
sub-003,0,0.5139903073057136
sub-003,0,0.4398982071072843
sub-003,0,0.3948151564769124
sub-003,0,0.4006701440055227
sub-003,0,0.6497391216568722
sub-003,0,0.5047674207366047
sub-003,0,0.5006650221003895
sub-003,1,0.9689090355699389
sub-003,0,0.6333627973396568
sub-003,0,0.5356604712154586
sub-003,0,0.4410510611192657
sub-003,0,0.5074251215285974
sub-003,0,0.7976989291305776
sub-003,1,0.9791319450876584
sub-003,0,0.7843872813644105
sub-003,0,0.5713637092067494
sub-003,0,0.45745349481897113
sub-003,0,0.7469170925491834
sub-003,0,0.6760884856837376
sub-003,0,0.3558712318506532
sub-003,0,0.47580031594655725
sub-003,0,0.4062212989144988
sub-003,0,0.5112196912312814
sub-003,0,0.4529160675992928
sub-003,0,0.4391045010344149
sub-003,0,0.5190438676847962
sub-003,1,0.6331922075718305
sub-003,0,0.7546575595689978
sub-003,0,0.49633329332477333
sub-003,0,0.4650034614545562
sub-003,0,0.4985203565603569
sub-003,0,0.43237068277063195
sub-003,1,0.8262009042362078
sub-003,0,0.35343637444824055
sub-003,0,0.40032479974219176
sub-003,0,0.5344516756137839
sub-003,0,0.4524000584589172
sub-003,0,0.44586233238845757
sub-003,0,0.4164427149587069
sub-003,0,0.6187362760997319
sub-003,0,0.5192974394771582
sub-003,0,0.5519791321311174
sub-003,0,0.4144528027041871
sub-003,0,0.3654828466740778
sub-003,0,0.5116642490807272
sub-003,0,0.36584132832779126
sub-003,0,0.4364741918950593
sub-003,0,0.31615903366818837
sub-003,0,0.4115204608501962
sub-003,0,0.3512525405861977
sub-003,0,0.4018896401523269
sub-003,0,0.32310657363415846
sub-003,0,0.4288960129012035
sub-003,0,0.5140247016159086
sub-003,0,0.4435772196296439
sub-003,0,0.28154425721005316
sub-003,0,0.37372456131107
sub-003,0,0.4689961349798461
sub-003,0,0.6775370786502157
sub-003,0,0.3643650595495869
sub-003,0,0.3496908795038754
sub-003,0,0.31513861184681624
sub-003,0,0.3303085535107901
sub-003,0,0.49991236621220575
sub-003,0,0.44088183328175207
sub-003,0,0.43822774997070846
sub-003,1,0.9196254635821461
sub-003,0,0.4929638710352591
sub-003,0,0.4906882038495101
sub-003,0,0.7299642373541365
sub-003,0,0.3512050430380244
sub-003,0,0.3705828874347889
sub-003,0,0.43195991716014404
sub-003,0,0.6285198559349355
sub-003,0,0.5433858674279443
sub-003,0,0.48411905429176844
sub-003,0,0.6258007467136264
sub-003,0,0.5706875466367093
sub-003,0,0.37592830534186933
sub-003,0,0.4710672199310096
sub-003,0,0.27954727892595216
sub-003,0,0.37636617503426417
sub-003,0,0.3598023319547771
sub-003,0,0.3157890901229518
sub-003,0,0.36113289064360354
sub-003,0,0.36020392315610283
sub-003,0,0.4130703208213455
sub-003,0,0.5617283336810763
sub-003,0,0.35881119228289354
sub-003,0,0.533942056699433
sub-003,1,0.5381814595539489
sub-003,1,0.8623911880641146
sub-003,0,0.3689933348695368
sub-003,1,0.5338645173042016
sub-003,0,0.5917204592263717
sub-003,0,0.3907530847607598
sub-003,1,0.6470627869314367
sub-003,1,0.708657426065659
sub-003,0,0.43299781776741797
sub-003,1,0.6617727883963523
sub-003,1,0.47633068375930043
sub-003,1,0.7066582350937397
sub-003,0,0.409743782994179
sub-003,1,0.8257608054525845
sub-003,0,0.5106011075219052
sub-003,1,0.6576395456691458
sub-003,0,0.3238658184604501
sub-003,0,0.3952948460227582
sub-003,0,0.41331001413408425
sub-003,0,0.3568414050205614
sub-003,0,0.47936593135528366
sub-003,1,0.7279159072362035
sub-003,0,0.5201390997865966
sub-003,0,0.457682071441199
sub-003,0,0.4222731224854155
sub-003,0,0.5363672628259539
sub-003,1,0.4992178830759239
sub-003,0,0.4460124257857049
sub-003,0,0.5956489590415248
sub-003,0,0.41626744073024496
sub-003,1,0.8180328369151837
sub-003,0,0.4835307761670485
sub-003,0,0.3282253629796703
sub-003,0,0.4741679715732702
sub-003,0,0.39510866713951764
sub-003,0,0.4137978272985409
sub-003,0,0.40709777931237423
sub-003,0,0.5706405007752067
sub-003,1,0.8862601148806771
sub-003,0,0.365014000902684
sub-003,0,0.3231763569509126
sub-003,0,0.4162978462713744
sub-003,0,0.5222865306987944
sub-003,1,0.7988446410194594
sub-003,0,0.40994206394674626
sub-003,0,0.5454443353920337
sub-003,0,0.3915570989985521
sub-003,1,0.6017308996791864
sub-003,0,0.3999654517610213
sub-003,0,0.37547719322101175
sub-003,0,0.3158510091072986
sub-003,1,0.6166058229652452
sub-003,0,0.39840413368721794
sub-003,0,0.5213535591790235
sub-003,0,0.5122823589702636
sub-003,0,0.35374885755472685
sub-003,0,0.4543092526871809
sub-003,0,0.4319552923987664
sub-003,1,0.4802062234112561
sub-003,0,0.32468909533619916
sub-003,0,0.5207588812403193
sub-003,1,0.5983346434354809
sub-003,1,0.8641618394706376
sub-003,0,0.4323376507697618
sub-003,0,0.5122292808951037
sub-003,0,0.387925154037165
sub-003,0,0.39965792795324406
sub-003,0,0.4434509747144711
sub-003,0,0.371119282668495
sub-003,1,0.67405756055975
sub-003,1,0.8224803077571596
sub-003,0,0.4597930486574472
sub-003,0,0.5999382435525535
sub-003,0,0.5116749306604879
sub-003,1,0.588204736202956
sub-003,0,0.32888773443064995
sub-003,1,0.7972310478676192
sub-003,0,0.5734823068759586
sub-003,1,0.6323347509702832
sub-003,0,0.39797051930115884
sub-003,1,0.6837535084961613
sub-003,1,0.6411802133301961
sub-003,0,0.5373101946544137
sub-003,0,0.5332279450185894
sub-003,0,0.5214406917137626
sub-003,0,0.5110448270425201
sub-003,0,0.3765649947030364
sub-003,1,0.6859905728705332
sub-003,0,0.3480961011745648
sub-003,0,0.6147295572129834
sub-003,1,0.5720676703348089
sub-003,1,0.658396106337455
sub-003,1,0.6569582698519941
sub-003,0,0.4024744846302525
sub-003,0,0.48892085065121665
sub-003,0,0.47438834625232373
sub-003,0,0.4692106205798486
sub-003,0,0.3772115474369234
sub-003,0,0.3301717753135405
sub-003,0,0.31911647642036334
sub-003,0,0.6699328011768668
sub-003,0,0.41300698433968913
sub-003,0,0.3860651217115152
sub-003,0,0.3911394574413234
sub-003,0,0.44870677147200594
sub-003,0,0.3876397277409148
sub-003,0,0.4189715307821628
sub-003,0,0.47556324274849654
sub-003,0,0.39658622403147586
sub-003,1,0.6415793665804513
sub-003,0,0.43608057939367456
sub-003,0,0.47342129970387575
sub-003,0,0.5468230415115104
sub-003,0,0.3875686280448275
sub-003,0,0.4562153610856443
sub-003,1,0.773557522585134
sub-003,0,0.4106307414209646
sub-003,0,0.41725880929130826
sub-003,0,0.5399554477919714
sub-003,0,0.44445434829455377
sub-004,0,0.486159503114557
sub-004,0,0.4142847946152975
sub-004,0,0.4060704246267084
sub-004,0,0.5249539341196807
sub-004,0,0.4749851361889853
sub-004,1,0.8957093252854128
sub-004,0,0.4326189344096845
sub-004,0,0.7357343949178132
sub-004,1,0.5167489044933166
sub-004,0,0.6582703729879809
sub-004,1,0.9647911235252487
sub-004,0,0.4290801328892848
sub-004,0,0.43792219309025743
sub-004,0,0.41865057287502233
sub-004,0,0.571684162219129
sub-004,1,0.4740664691214615
sub-004,0,0.33725347848203346
sub-004,1,0.6848578370306123
sub-004,0,0.5708039126454828
sub-004,0,0.4965259892010296
sub-004,0,0.3890960603097637
sub-004,0,0.35497259905826684
sub-004,1,0.7223509187421997
sub-004,0,0.44494704636297444
sub-004,1,0.6695749268145753
sub-004,0,0.40216173818270273
sub-004,0,0.468654653966549
sub-004,0,0.3930589367326283
sub-004,0,0.5260866875340758
sub-004,0,0.6127604150393029
sub-004,0,0.521828584329794
sub-004,0,0.41795842171659686
sub-004,0,0.5470545177544224
sub-004,0,0.35758137353512665
sub-004,0,0.6212381438853436
sub-004,0,0.4667884527903953
sub-004,0,0.5641977954651881
sub-004,0,0.5443557969749498
sub-004,0,0.4789552531737167
sub-004,0,0.6168252475676512
sub-004,1,0.6000711936614149
sub-004,0,0.4613603209102596
sub-004,0,0.5256295600072648
sub-004,0,0.4720159378011008
sub-004,0,0.40078339625845094
sub-004,0,0.4231173072821647
sub-004,0,0.5791157400734833
sub-004,0,0.6567289212855003
sub-004,0,0.4121017127574247
sub-004,0,0.4011232676652522
sub-004,0,0.5614461476024065
sub-004,0,0.4106365417162564
sub-004,1,0.63496070776684
sub-004,1,0.6815946537861819
sub-004,1,0.4148675662920399
sub-004,0,0.4875424508986282
sub-004,0,0.36740619175564154
sub-004,0,0.2921919328781774
sub-004,1,0.5281782542772545
sub-004,0,0.4454450581781935
sub-004,0,0.7361287136180188
sub-004,0,0.5667120927355713
sub-004,1,0.5951903945679358
sub-004,1,0.46484617790919314
sub-004,0,0.4238504227563505
sub-004,0,0.5203005540330982
sub-004,0,0.5947566312370943
sub-004,1,0.6856070043160153
sub-004,0,0.5475816530638317
sub-004,0,0.5142695033820874
sub-004,0,0.43623085448777355
sub-004,1,0.5917920643402412
sub-004,0,0.7139868087345257
sub-004,1,0.7039543895628544
sub-004,1,0.4963790083877173
sub-004,0,0.5232977544257483
sub-004,0,0.43501169673539875
sub-004,0,0.3756162566562247
sub-004,0,0.5645016794694716
sub-004,0,0.46252732742024744
sub-004,0,0.4028965430393157
sub-004,0,0.4475133944290139
sub-004,0,0.4775202641351384
sub-004,1,0.5244236513295442
sub-004,1,0.9013445782287035
sub-004,1,0.7120479867504378
sub-004,0,0.5098788518031082
sub-004,0,0.4620476715707104
sub-004,0,0.3796086720095022
sub-004,1,0.5983446017311389
sub-004,0,0.46938395990005277
sub-004,1,0.8297995715135633
sub-004,0,0.4793418511124017
sub-004,1,0.5553236491745593
sub-004,0,0.4536062207684959
sub-004,1,0.9019382194444197
sub-004,0,0.5524396937697488
sub-004,1,0.4445191193942576
sub-004,0,0.4302742673591175
sub-004,1,0.688671640228193
sub-004,0,0.5519890064926681
sub-004,0,0.6066130296760023
sub-004,0,0.5047082197100079
sub-004,0,0.6752243375224338
sub-004,0,0.5598880957610207
sub-004,0,0.43694530538977255
sub-004,0,0.31410934957427866
sub-004,0,0.47540168537097693
sub-004,1,0.5927888312833488
sub-004,1,0.5652735298335514
sub-004,0,0.41860615375942334
sub-004,0,0.5390918638227099
sub-004,1,0.742901789740519
sub-004,1,0.910770894787059
sub-004,1,0.5602176911343355
sub-004,0,0.5503494565377811
sub-004,1,0.3353724234511172
sub-004,0,0.30536829058529935
sub-004,0,0.2983887609082811
sub-004,0,0.3194735113265726
sub-004,0,0.41066164758809603
sub-004,0,0.488442642281248
sub-004,0,0.3493157323026775
sub-004,0,0.49300131216225024
sub-004,0,0.4116542404020054
sub-004,1,0.41474708918318437
sub-004,0,0.3285018187030736
sub-004,0,0.4592829437996136
sub-004,0,0.3685434790874311
sub-004,0,0.2949418030880557
sub-004,0,0.41944022817713295
sub-004,0,0.3014461793238734
sub-004,0,0.27958497157394413
sub-004,0,0.4339924168806221
sub-004,0,0.5142723869912645
sub-004,1,0.3561423479910411
sub-004,0,0.24117636881047855
sub-004,0,0.29346047941397246
sub-004,1,0.36965186632881475
sub-004,0,0.3860603282990581
sub-004,0,0.4480481379518788
sub-004,0,0.49277703818567836
sub-004,1,0.34537224697093893
sub-004,0,0.28990180360792805
sub-004,0,0.2904820270303619
sub-004,0,0.34474389135082023
sub-004,0,0.27479834356890837
sub-004,0,0.2983067191329199
sub-004,0,0.3428320635123318
sub-004,1,0.495420984485274
sub-004,1,0.39363576082345525
sub-004,0,0.3559647223865308
sub-004,0,0.4611081627697493
sub-004,1,0.7211212857436424
sub-004,0,0.3996189063875766
sub-004,0,0.3679863944530046
sub-004,0,0.2663374710064473
sub-004,0,0.2593810674117822
sub-004,0,0.41533333450036575
sub-004,0,0.3449850568366727
sub-004,0,0.2956549456892402
sub-004,0,0.2524601767790315
sub-004,0,0.30952258885080114
sub-004,0,0.5774920263679181
sub-004,0,0.28409756487129306
sub-004,0,0.28150497708403727
sub-004,0,0.36945214432193374
sub-004,0,0.42233575945091345
sub-004,0,0.4024773776977823
sub-004,0,0.557135958724604
sub-004,0,0.3572625119315437
sub-004,0,0.33901588297422
sub-004,0,0.3745645920160458
sub-004,0,0.2868067849858551
sub-004,0,0.40573571861406366
sub-004,1,0.6063108886527582
sub-004,1,0.27293102756332405
sub-004,0,0.2913754604944387
sub-004,0,0.29630467107640074
sub-004,1,0.43455367251420807
sub-004,0,0.2865190666538521
sub-004,1,0.4593225300269119
sub-004,1,0.37847363379018734
sub-004,0,0.4117326084795325
sub-004,0,0.4150335590965628
sub-004,0,0.29648020792083285
sub-004,0,0.22888234503480043
sub-004,0,0.3248112226089459
sub-004,0,0.28966780137031783
sub-004,0,0.5618903260518914
sub-004,0,0.2821797924944984
sub-004,0,0.3265065023707262
sub-004,0,0.3974683200648768
sub-004,0,0.27681507796088656
sub-004,0,0.3449130244882898
sub-004,0,0.31509173236481414
sub-004,0,0.3569802698626136
sub-004,0,0.2962225291708531
sub-004,0,0.32082063816218354
sub-004,0,0.32808282316399473
sub-004,0,0.24519572555896618
sub-004,0,0.345171265652239
sub-004,0,0.24460607514672317
sub-004,0,0.3503431080857922
sub-004,0,0.278063963432601
sub-004,0,0.26992379562649477
sub-004,0,0.24803034797705825
sub-004,0,0.31940106118648587
sub-004,0,0.2881732132718273
sub-004,0,0.33156173169274356
sub-004,1,0.8317557295555437
sub-004,1,0.8453785008004168
sub-004,0,0.41511875687839445
sub-004,0,0.44962138269416313
sub-004,0,0.24753615672721344
sub-004,0,0.4566114422248402
sub-004,0,0.5356506422093981
sub-004,1,0.7139132836879974
sub-004,1,0.7500551593251669
sub-004,1,0.7877724807460248
sub-004,0,0.4304160664178905
sub-004,0,0.4496314135620944
sub-004,0,0.3899191062972533
sub-004,0,0.25599492936028656
sub-004,0,0.3804867325343702
sub-004,0,0.2820189069053799
sub-004,1,0.4766186444620116
sub-004,0,0.5278507866827941
sub-004,0,0.3520427792956132
sub-004,0,0.37007329411814915
sub-004,0,0.38868132001820116
sub-004,0,0.30734097396524357
sub-004,0,0.38538540921184067
sub-004,1,0.7405598543340275
sub-004,0,0.39107134286589124
sub-004,0,0.3417758029936009
sub-005,0,0.39830247824363213
sub-005,0,0.568826644245656
sub-005,0,0.5026260951983427
sub-005,1,0.6433429510102168
sub-005,1,0.6196764727427185
sub-005,0,0.45359848897711214
sub-005,0,0.5149588031559453
sub-005,0,0.6340976793279257
sub-005,0,0.5497474172711647
sub-005,1,0.6486567633157077
sub-005,0,0.45662714574205404
sub-005,0,0.5578319510829614
sub-005,0,0.6211327628632692
sub-005,0,0.4880589906903015
sub-005,1,0.9494497934676117
sub-005,1,0.9805527269866849
sub-005,1,0.8123073964931338
sub-005,1,0.6695346719240461
sub-005,0,0.40079646240593414
sub-005,0,0.4271654579905646
sub-005,1,0.6296940708211926
sub-005,0,0.4942029779526951
sub-005,0,0.49205020885661277
sub-005,1,0.738490874301645
sub-005,0,0.5302156028181795
sub-005,1,0.5057365798188059
sub-005,0,0.5373584514189748
sub-005,0,0.7066798451363597
sub-005,0,0.6815060944341149
sub-005,1,0.896025384950258
sub-005,0,0.588561055862901
sub-005,0,0.5519926606217538
sub-005,0,0.45474605416837
sub-005,0,0.5687001585059578
sub-005,0,0.5207630210203265
sub-005,0,0.4138865392198308
sub-005,1,0.7009410542865655
sub-005,0,0.502758795945789
sub-005,0,0.5960407109487267
sub-005,0,0.41155499456046596
sub-005,0,0.43973525317659384
sub-005,0,0.45957315840384394
sub-005,0,0.5663275940331125
sub-005,1,0.6242147604373335
sub-005,0,0.40317736884508276
sub-005,0,0.59516154490923
sub-005,1,0.7319461830445744
sub-005,1,0.6879408052576239
sub-005,1,0.890068735554983
sub-005,1,0.8250364041957694
sub-005,1,0.8430858674385268
sub-005,1,0.9020663061223771
sub-005,1,0.7836321723110358
sub-005,1,0.7593382308126021
sub-005,0,0.606193173999454
sub-005,1,0.6557363676639989
sub-005,0,0.6061579055087627
sub-005,1,0.6625537475857487
sub-005,0,0.43709859783145605
sub-005,1,0.7626338903977521
sub-005,1,0.9033438550382141
sub-005,0,0.6422323954010091
sub-005,0,0.4410943121554649
sub-005,1,0.7370717755207717
sub-005,1,0.6756129021765295
sub-005,1,0.6358205628886343
sub-005,1,0.9347218015375679
sub-005,1,0.7668611759906859
sub-005,1,0.9047318386767558
sub-005,1,0.8150046706293386
sub-005,1,0.6661918760405499
sub-005,1,0.7689330269177335
sub-005,1,0.9874958752682192
sub-005,1,0.8098118604730358
sub-005,0,0.47670393699741176
sub-005,1,0.8486040664133712
sub-005,0,0.5255229441945415
sub-005,1,0.96319018300824
sub-005,1,0.6995183123066834
sub-005,0,0.7322757088083315
sub-005,1,0.9937906983188752
sub-005,0,0.4825077353258688
sub-005,1,0.890574823972512
sub-005,0,0.7838164842111691
sub-005,0,0.5129971718421784
sub-005,0,0.5789170984093108
sub-005,0,0.4169720507047205
sub-005,0,0.41419830695733334
sub-005,0,0.4478091249434682
sub-005,0,0.506610656670061
sub-005,0,0.48171574473105155
sub-005,1,0.8700714695305815
sub-005,0,0.403218469699727
sub-005,0,0.7323826168064669
sub-005,0,0.4600393179226238
sub-005,0,0.4918276057565117
sub-005,0,0.4388693755070989
sub-005,1,0.6932284457240717
sub-005,0,0.49929801274068764
sub-005,1,0.6523388661459981
sub-005,1,0.9782630387174095
sub-005,0,0.5325751871282467
sub-005,0,0.5960520855966506
sub-005,1,0.8193567019219058
sub-005,0,0.5792778508090124
sub-005,0,0.462483766612969
sub-005,0,0.4929426675524783
sub-005,0,0.7025596848877166
sub-005,0,0.6198677745926459
sub-005,0,0.43560773622072885
sub-005,0,0.7654684047064131
sub-005,1,0.6489521351521563
sub-005,0,0.41622418371190695
sub-005,0,0.5197848128101961
sub-005,1,0.986965159926776
sub-005,0,0.4855581289497468
sub-005,0,0.6475588786178492
sub-005,1,0.5889821846604186
sub-005,1,0.6359072423360639
sub-005,0,0.39706036641371023
sub-005,1,0.33937465642382453
sub-005,0,0.38894652993556317
sub-005,0,0.47569992981302595
sub-005,0,0.45336105179302705
sub-005,0,0.4175078206039908
sub-005,0,0.44803993772619005
sub-005,0,0.3234013911955243
sub-005,0,0.28155804462714273
sub-005,0,0.4620403574730431
sub-005,0,0.5792369501469548
sub-005,0,0.5320308175888651
sub-005,0,0.2935637669540531
sub-005,0,0.3597638350309197
sub-005,0,0.28594076897772847
sub-005,0,0.3032412156951877
sub-005,0,0.2911382425107814
sub-005,0,0.4250197427739349
sub-005,0,0.3949256940639946
sub-005,0,0.3724193119742048
sub-005,0,0.44548523120537675
sub-005,0,0.30576830882949374
sub-005,0,0.3311006362386301
sub-005,0,0.2875311296733043
sub-005,0,0.35512130686091453
sub-005,0,0.35052219588401534
sub-005,0,0.31398945377942394
sub-005,0,0.4030930504421106
sub-005,0,0.4020325306415999
sub-005,0,0.32494585046899027
sub-005,0,0.4621242909567087
sub-005,0,0.4008535214699782
sub-005,0,0.5027777677320627
sub-005,0,0.39604398258665785
sub-005,0,0.4819437885844716
sub-005,0,0.35269510853853453
sub-005,0,0.4631720883655174
sub-005,1,0.5197032904845609
sub-005,0,0.5061498855516763
sub-005,0,0.28229663715320247
sub-005,0,0.39369925976627596
sub-005,0,0.5010627982075332
sub-005,0,0.5108441878338996
sub-005,0,0.3480037171088546
sub-005,0,0.37506576001590797
sub-005,0,0.5083681345190509
sub-005,0,0.4387522829421818
sub-005,0,0.3513255102452776
sub-005,0,0.42158887758374575
sub-005,1,0.3948272020492983
sub-005,0,0.36237166034087254
sub-005,0,0.31904282504592474
sub-005,0,0.368152498981946
sub-005,0,0.603733741159319
sub-005,0,0.3419225220938285
sub-005,0,0.3266773319670716
sub-005,0,0.5347484441410649
sub-005,0,0.5422068451992409
sub-005,0,0.389624306029704
sub-005,0,0.4478233663019811
sub-005,0,0.4620908603611123
sub-005,0,0.4296386460178906
sub-005,0,0.3608322242278468
sub-005,0,0.4727104037133545
sub-005,0,0.3080044377757458
sub-005,0,0.5758243705642208
sub-005,0,0.4021794040557897
sub-005,0,0.4047735782096259
sub-005,0,0.3875675247768414
sub-005,0,0.43437370862957214
sub-005,0,0.30236376482990657
sub-005,0,0.38257003474426926
sub-005,0,0.39986909513169666
sub-005,0,0.3698433967032166
sub-005,1,0.9963351383133139
sub-005,1,0.844070970730872
sub-005,1,0.9097850533883848
sub-005,1,0.40979459104579896
sub-005,0,0.33547430393386096
sub-005,1,0.5471073854956227
sub-005,0,0.28625524386815426
sub-005,1,0.9834311981547808
sub-005,1,0.8990547205891373
sub-005,1,0.7295190916674676
sub-005,1,0.7244158504318812
sub-005,1,0.7539310322538075
sub-005,0,0.4250892878352866
sub-005,1,0.5876850823113395
sub-005,0,0.4969076830436003
sub-005,0,0.4660031568440372
sub-005,1,0.9455550862121901
sub-005,1,0.8720820811876436
sub-005,1,0.6326624266498744
sub-005,1,0.5153708465066537
sub-005,1,0.6246501515400703
sub-005,1,0.47479571147092736
sub-005,0,0.3604508624066846
sub-005,1,0.35852983338856564
sub-005,0,0.3141141229569382
sub-005,0,0.4271638768828604
sub-005,0,0.35796506620413127
sub-005,0,0.307865329632767
sub-005,0,0.35440186561847764
sub-005,1,0.9863110524531424
sub-005,1,0.9709270499230414
sub-005,1,0.49846002911665666
sub-005,1,0.4650360379791922
sub-005,1,0.7612938862887823
sub-005,0,0.4430700610290981
sub-005,1,0.6683225738861095
sub-005,0,0.48688908518946455
sub-005,0,0.41985954243116097
sub-005,1,0.48380142808940135
sub-005,0,0.3307642254211402
sub-005,0,0.3231988724376631
sub-005,0,0.33146498714184314
sub-005,0,0.5595231981727333
sub-006,0,0.2954687595952064
sub-006,0,0.32801278853942145
sub-006,0,0.3360003977378537
sub-006,0,0.32782407198980873
sub-006,0,0.3615148145275106
sub-006,0,0.2807929081580547
sub-006,0,0.3020462409245693
sub-006,0,0.3403786751846594
sub-006,0,0.5150714487089061
sub-006,0,0.299745130156892
sub-006,0,0.29687650320316233
sub-006,0,0.2794240756056799
sub-006,0,0.29352163483117755
sub-006,0,0.2864726560445574
sub-006,0,0.3310625222082768
sub-006,0,0.32861406055686665
sub-006,0,0.2731646487234166
sub-006,0,0.301691906063578
sub-006,0,0.25983745625125954
sub-006,0,0.3153712358400023
sub-006,0,0.31867573230304025
sub-006,0,0.6393259619752213
sub-006,1,0.33636544903109356
sub-006,0,0.414620391599002
sub-006,0,0.29900668171724504
sub-006,0,0.29016820297781265
sub-006,0,0.28484775594247164
sub-006,0,0.2598485120182509
sub-006,0,0.5034083404098062
sub-006,1,0.2755693473801813
sub-006,0,0.28573155368447967
sub-006,0,0.28949934772465974
sub-006,0,0.2438851731679131
sub-006,0,0.28414622872893236
sub-006,0,0.28624412636003826
sub-006,0,0.3205806518501659
sub-006,0,0.2612622327802924
sub-006,0,0.2605834252922368
sub-006,0,0.3149920292788261
sub-006,0,0.33692828823369886
sub-006,0,0.3082062117389054
sub-006,0,0.28861122836390884
sub-006,1,0.313231490166483
sub-006,0,0.34532876702795084
sub-006,0,0.35119104601019596
sub-006,0,0.25469501937022937
sub-006,0,0.24896200736245946
sub-006,0,0.22517130615043335
sub-006,0,0.297957174405091
sub-006,0,0.2945740280517781
sub-006,0,0.5587758210377736
sub-006,0,0.3169146943574498
sub-006,0,0.4123140011670053
sub-006,0,0.3424214328641284
sub-006,0,0.27544347183017204
sub-006,0,0.3346169709020877
sub-006,0,0.28129288891238974
sub-006,0,0.31925215449337013
sub-006,0,0.27362040646916364
sub-006,0,0.3356314195358544
sub-006,0,0.29684108743526094
sub-006,0,0.36327314782644565
sub-006,0,0.32616019448477646
sub-006,0,0.3025243625562785
sub-006,0,0.2991727848107546
sub-006,0,0.3180069527925996
sub-006,0,0.3620222013041063
sub-006,0,0.2854464045979223
sub-006,0,0.28314860656606844
sub-006,0,0.2877619597509638
sub-006,0,0.4787262434158873
sub-006,0,0.316110231897556
sub-006,0,0.3239933101147411
sub-006,0,0.2793653988645954
sub-006,0,0.3534752682788458
sub-006,0,0.2660284059382442
sub-006,0,0.26334466912787957
sub-006,0,0.3220731676556214
sub-006,0,0.3121908562237545
sub-006,0,0.29413781970093944
sub-006,0,0.2835072005032065
sub-006,0,0.3215096281029275
sub-006,0,0.365876688874486
sub-006,0,0.4105593036950018
sub-006,0,0.3747664182848683
sub-006,0,0.2611277683109808
sub-006,1,0.3924556452424825
sub-006,0,0.27639443648375767
sub-006,0,0.2814945980695752
sub-006,1,0.39168027641090397
sub-006,0,0.2795553296587302
sub-006,0,0.3312468263667613
sub-006,0,0.3334786320939651
sub-006,0,0.3342266249123941
sub-006,0,0.3079652148014241
sub-006,1,0.3709140189663245
sub-006,0,0.39985344187014993
sub-006,0,0.30017460588587425
sub-006,0,0.3027799749687456
sub-006,0,0.36905166351937846
sub-006,0,0.30872795592319546
sub-006,0,0.36134075413185635
sub-006,0,0.3209671041067072
sub-006,0,0.3429208859445876
sub-006,0,0.30515233334499753
sub-006,0,0.4426372654308542
sub-006,0,0.4101562459850525
sub-006,0,0.38023070177649493
sub-006,0,0.23605111497658238
sub-006,1,0.7892487196676664
sub-006,0,0.41969467740015026
sub-006,0,0.2764089706783302
sub-006,0,0.30581875641325523
sub-006,0,0.31746974114691906
sub-006,0,0.33186419183129795
sub-006,0,0.30614985694692765
sub-006,0,0.3734945413036816
sub-006,0,0.30705250226152464
sub-006,1,0.40696682303461357
sub-006,0,0.30361863360756247
sub-006,0,0.29016053964353755
sub-006,0,0.4414208822118832
sub-006,0,0.44295024150746465
sub-006,0,0.3373558861712104
sub-006,0,0.37810933817279613
sub-006,0,0.293846630302377
sub-006,0,0.3999603138729616
sub-006,1,0.8565831522331928
sub-006,0,0.4138437068072143
sub-006,0,0.3556116007952826
sub-006,0,0.3279654139431404
sub-006,0,0.31351669673151145
sub-006,0,0.36793054234452244
sub-006,0,0.37415067265491864
sub-006,0,0.36121747707285207
sub-006,0,0.44758639933504274
sub-006,1,0.5341359423896112
sub-006,0,0.33337313772609384
sub-006,0,0.4367854786369634
sub-006,0,0.3728646138885906
sub-006,0,0.6189523933518457
sub-006,0,0.5202520084773001
sub-006,0,0.3048919153161962
sub-006,0,0.5095218968424688
sub-006,0,0.37074444448555427
sub-006,0,0.3115200144141731
sub-006,0,0.4053935396121509
sub-006,1,0.41949889953300384
sub-006,0,0.37361025021758004
sub-006,0,0.3607910409407779
sub-006,0,0.34562844210379384
sub-006,0,0.36160556948850303
sub-006,0,0.46220772699442914
sub-006,0,0.3814547263034841
sub-006,0,0.33202346464480403
sub-006,1,0.4868364084927503
sub-006,0,0.41043756478669585
sub-006,0,0.46164811771027914
sub-006,0,0.38232136970480757
sub-006,0,0.34295489650371536
sub-006,0,0.33666648449349296
sub-006,0,0.30538947869066235
sub-006,0,0.5401051308820465
sub-006,1,0.5186872191122718
sub-006,1,0.9999999305348489
sub-006,1,0.7421336782723015
sub-006,0,0.33656644968108984
sub-006,0,0.3610103431164934
sub-006,0,0.47583717196024444
sub-006,0,0.30815113554976536
sub-006,0,0.38496938413218346
sub-006,0,0.3553967390363474
sub-006,0,0.40895869071885693
sub-006,0,0.3446712235894432
sub-006,0,0.27593102203540787
sub-006,0,0.43386785066948197
sub-006,0,0.374780039433019
sub-006,0,0.33440967231204355
sub-006,0,0.3833970516302886
sub-006,0,0.2568893793513599
sub-006,0,0.3103901883258521
sub-006,0,0.37684606522269265
sub-006,0,0.37739993830681184
sub-006,0,0.4057432480883296
sub-006,0,0.47598257470621597
sub-006,1,0.5303068124815237
sub-006,1,0.6620292188228584
sub-006,0,0.413589358722639
sub-006,0,0.39430175388866756
sub-006,0,0.497057155231519
sub-006,0,0.6800654243693522
sub-006,0,0.41880560256892385
sub-006,1,0.47606478714301376
sub-006,1,0.4046591017183505
sub-006,0,0.43746519354285124
sub-006,0,0.35808994917719084
sub-006,0,0.49523998040939843
sub-006,0,0.35215212547144625
sub-006,0,0.6046312597329382
sub-006,0,0.4509439307179249
sub-006,1,0.9999643831113457
sub-006,1,0.9346934276201875
sub-006,0,0.5725417823975671
sub-006,0,0.29127391110391315
sub-006,0,0.3953292816496267
sub-006,0,0.3776241055592204
sub-006,0,0.32974280704061626
sub-006,0,0.3693981364906453
sub-006,0,0.3551613692301061
sub-006,0,0.2917423960019758
sub-006,0,0.3441651438085398
sub-006,0,0.3167811336406005
sub-006,1,0.6534302987784716
sub-006,0,0.4533459583236881
sub-006,0,0.4332181150056358
sub-006,0,0.5679471507342122
sub-006,0,0.46940224980792034
sub-006,0,0.34322986685365164
sub-006,0,0.4061208759187065
sub-006,0,0.3617614340287337
sub-006,1,0.46035424241621353
sub-006,1,0.5581722881712496
sub-006,1,0.41631880131965077
sub-006,0,0.27637982109336706
sub-006,0,0.5045781062421789
sub-006,0,0.5071085782587886
sub-006,0,0.4052721549705894
sub-006,0,0.3795959749727164
sub-006,0,0.4422491702951661
sub-006,0,0.4361508457126543
sub-006,0,0.35184734634740134
sub-006,0,0.3380859993352463
sub-006,0,0.35998712386537224
sub-006,0,0.3566480734214982
sub-006,0,0.293936300447974
sub-006,0,0.3538419333330911
sub-007,0,0.4534775148748307
sub-007,0,0.5304820381042943
sub-007,0,0.46072569283930226
sub-007,0,0.35640538282846174
sub-007,0,0.3704749237498105
sub-007,1,0.6368727694467439
sub-007,0,0.3433509256400308
sub-007,0,0.3799258548528972
sub-007,1,0.4466589084978664
sub-007,0,0.4615164156436681
sub-007,0,0.7052125303899918
sub-007,0,0.6230001963001205
sub-007,1,0.5728956319158887
sub-007,0,0.4678755761764844
sub-007,0,0.45409501203117514
sub-007,0,0.39810081941462805
sub-007,1,0.4820564660622039
sub-007,0,0.4974953987883081
sub-007,0,0.34923128921475444
sub-007,0,0.4777670942790014
sub-007,1,0.532320550740492
sub-007,0,0.4232754158855947
sub-007,0,0.469717971965427
sub-007,1,0.6630496452370852
sub-007,0,0.5887975118017954
sub-007,0,0.43413671310453955
sub-007,0,0.4027166764422649
sub-007,0,0.37676884521165094
sub-007,0,0.5001212435975777
sub-007,0,0.5232412904399755
sub-007,0,0.4637619638305587
sub-007,0,0.3534605565728334
sub-007,0,0.38461635258521704
sub-007,0,0.39213660177960236
sub-007,0,0.6026963162898338
sub-007,1,0.6543238149941527
sub-007,0,0.5025104856190681
sub-007,0,0.3292184462599376
sub-007,0,0.6866244144113001
sub-007,0,0.48661542773419736
sub-007,0,0.4407370857425209
sub-007,0,0.48921348378564705
sub-007,0,0.33597518548609123
sub-007,0,0.6039365328807264
sub-007,0,0.5149114904862713
sub-007,0,0.46729420057741683
sub-007,0,0.517015754013248
sub-007,0,0.39641666746772003
sub-007,0,0.5238749116433138
sub-007,0,0.3927094221470882
sub-007,0,0.4421886566709804
sub-007,0,0.4715619809734681
sub-007,0,0.3884199438301151
sub-007,0,0.6631639071975802
sub-007,0,0.47128290475973705
sub-007,0,0.49388515646280484
sub-007,0,0.4027167195261068
sub-007,0,0.31418329924287886
sub-007,0,0.5440491965053957
sub-007,0,0.573489682419522
sub-007,0,0.4844624225392246
sub-007,0,0.5278195851072348
sub-007,1,0.4870195034789402
sub-007,0,0.3463222164683645
sub-007,0,0.4440882788414174
sub-007,0,0.33244115924762824
sub-007,0,0.45445475477943226
sub-007,1,0.6599414366231972
sub-007,0,0.5000266769974966
sub-007,0,0.6357601054429443
sub-007,1,0.7995827700668787
sub-007,1,0.6885345580545459
sub-007,0,0.5115238102200224
sub-007,0,0.6399735492085926
sub-007,0,0.41178819925187876
sub-007,0,0.43434050418005365
sub-007,0,0.6213482298792168
sub-007,0,0.453743442660972
sub-007,0,0.3966050498867794
sub-007,0,0.3718633011996322
sub-007,0,0.41741012348225137
sub-007,0,0.5023862846953626
sub-007,1,0.43111709076808763
sub-007,1,0.5908377720454557
sub-007,0,0.7392335991239743
sub-007,0,0.5752600360293475
sub-007,0,0.41547191668548666
sub-007,0,0.46443379058065937
sub-007,0,0.42591889376566006
sub-007,0,0.421427543175494
sub-007,0,0.5374910773951478
sub-007,0,0.4951691031806844
sub-007,0,0.6173848637501118
sub-007,0,0.4579536253554015
sub-007,1,0.8232804993036595
sub-007,0,0.4677567327114783
sub-007,0,0.5671785051025201
sub-007,0,0.5206149873902669
sub-007,0,0.3261489097742005
sub-007,0,0.4136475165260659
sub-007,0,0.34523734025506336
sub-007,0,0.4129595255726133
sub-007,0,0.45515665081948853
sub-007,0,0.34891793451598213
sub-007,0,0.6486751597421647
sub-007,0,0.47352801778100284
sub-007,0,0.554203090924207
sub-007,0,0.4678406029542813
sub-007,0,0.44547704947400857
sub-007,0,0.6249114168028332
sub-007,0,0.511185639269596
sub-007,0,0.44449880645810724
sub-007,0,0.3577093375897682
sub-007,0,0.6097246860829978
sub-007,0,0.45574678774134875
sub-007,0,0.6010691585243719
sub-007,0,0.6688590154062898
sub-007,0,0.5276961417439164
sub-007,0,0.34723065339461945
sub-007,0,0.39551573534528134
sub-007,0,0.25608280102277287
sub-007,0,0.29813466708236785
sub-007,0,0.46328649338479816
sub-007,0,0.3539479886327977
sub-007,1,0.45923172980379645
sub-007,0,0.24345158265248842
sub-007,0,0.34802155400382545
sub-007,0,0.2880502444225447
sub-007,1,0.5819911149819215
sub-007,0,0.37882934542103053
sub-007,1,0.47974187768617876
sub-007,1,0.2877260558651811
sub-007,0,0.3087537001256883
sub-007,0,0.242048573915714
sub-007,0,0.24075609544526655
sub-007,1,0.4874437652207668
sub-007,0,0.32878518205726076
sub-007,0,0.3337260012222704
sub-007,0,0.4474792358113448
sub-007,0,0.42111568622089957
sub-007,0,0.36597926669109687
sub-007,0,0.2883581227125924
sub-007,1,0.5085344289607218
sub-007,0,0.39960627753497324
sub-007,0,0.3555008302551054
sub-007,0,0.23974753007584554
sub-007,0,0.31003697811005815
sub-007,0,0.2801178160203766
sub-007,1,0.3196806032933815
sub-007,0,0.27074047467937684
sub-007,0,0.36152387356420107
sub-007,0,0.3248985635467965
sub-007,0,0.3782472680729273
sub-007,0,0.26712974166107295
sub-007,0,0.3890236451184891
sub-007,0,0.3499642499802382
sub-007,0,0.39085499618335046
sub-007,1,0.26728605833062025
sub-007,0,0.30819076670506396
sub-007,1,0.38289096451424326
sub-007,0,0.31352923274533934
sub-007,0,0.2869723232158716
sub-007,1,0.24195932944279294
sub-007,1,0.21244780401254226
sub-007,0,0.27744813789095213
sub-007,0,0.4703238345898828
sub-007,1,0.3263860335887621
sub-007,1,0.46429350707932654
sub-007,0,0.2799390700147557
sub-007,0,0.2376503515612181
sub-007,0,0.274686443556798
sub-007,0,0.29597817844898444
sub-007,0,0.24753582702174687
sub-007,0,0.25614538291939914
sub-007,0,0.36532034452952367
sub-007,0,0.397469715565425
sub-007,0,0.311212648398405
sub-007,0,0.42489338828242373
sub-007,1,0.6792894580417678
sub-007,1,0.6261674582661845
sub-007,0,0.34968957538277795
sub-007,0,0.31330150948365343
sub-007,0,0.4687278409679485
sub-007,0,0.3169337968645552
sub-007,0,0.31242741380861205
sub-007,0,0.27431672260037865
sub-007,0,0.3642732098988222
sub-007,0,0.3400805884676667
sub-007,0,0.3457431282237909
sub-007,0,0.3527484735110875
sub-007,0,0.42697176945147997
sub-007,0,0.4606972702765312
sub-007,0,0.3378967385546058
sub-007,0,0.33232358551611413
sub-007,0,0.2121174701657444
sub-007,0,0.2892837137008406
sub-007,0,0.41694511298131715
sub-007,1,0.9483112601901019
sub-007,1,0.5247638950651372
sub-007,1,0.6571186810312055
sub-007,0,0.3330452404490052
sub-007,0,0.32027021332078914
sub-007,1,0.2535775310173172
sub-007,0,0.3656780723729895
sub-007,1,0.6384562383076444
sub-007,0,0.23416480961907477
sub-007,1,0.5001871115801494
sub-007,0,0.36722498327065584
sub-007,0,0.3151386996849856
sub-007,0,0.25168215233125535
sub-007,0,0.2526549539519367
sub-007,0,0.2355144685021397
sub-007,0,0.34588991367164656
sub-007,0,0.3635559478489701
sub-007,0,0.3208081809013076
sub-007,0,0.43375290322264376
sub-007,0,0.36879798991673973
sub-007,0,0.30495540306374874
sub-007,0,0.2695325266390069
sub-007,1,0.4101259193657176
sub-007,1,0.32796790384164753
sub-007,0,0.2565761278379423
sub-007,1,0.46876589601832863
sub-007,0,0.37793869547537795
sub-007,0,0.41414095748087804
sub-007,1,0.2758695507301035
sub-007,0,0.23070314640216585
sub-007,1,0.5264036226268739
sub-007,1,0.3922462462557877
sub-007,0,0.2887521062107339
sub-007,0,0.28985725785504357
sub-007,0,0.2656686001714074
sub-007,0,0.34909398382431656
sub-007,0,0.2803413419037548
sub-007,0,0.2351300051278003
sub-007,0,0.2294429678200315
sub-007,0,0.38673931798591354
sub-007,0,0.3825682115007735
sub-007,0,0.29753769123588947
sub-007,0,0.33250237205852895
sub-008,0,0.3313835536307153
sub-008,1,0.3615888995490592
sub-008,0,0.3238074855021491
sub-008,1,0.35161885685807265
sub-008,0,0.35141521702269135
sub-008,0,0.38850730000057765
sub-008,0,0.2783790858948137
sub-008,0,0.3139590139444686
sub-008,0,0.3009640946084096
sub-008,1,0.5442654449516711
sub-008,1,0.39784527918882656
sub-008,1,0.5536796393572121
sub-008,0,0.2942240892560291
sub-008,0,0.2906332887712779
sub-008,0,0.3420783397927272
sub-008,1,0.5183258159704747
sub-008,0,0.29150793940210473
sub-008,0,0.24627850486050537
sub-008,1,0.4416354687563681
sub-008,1,0.5077415877310115
sub-008,1,0.7647157958956675
sub-008,1,0.4287952529346978
sub-008,0,0.35627096856608914
sub-008,0,0.30561856230831813
sub-008,1,0.4114248607728673
sub-008,0,0.3274309894379728
sub-008,1,0.35377251873958315
sub-008,0,0.3124475388132679
sub-008,0,0.26639107507340304
sub-008,1,0.5947990020849776
sub-008,1,0.6905596718930043
sub-008,1,0.44135645552945296
sub-008,1,0.5738015742632876
sub-008,0,0.2422313275856447
sub-008,0,0.2950449760175045
sub-008,0,0.25927108694186285
sub-008,0,0.28753995087364637
sub-008,0,0.31812506879619407
sub-008,0,0.2815424214113322
sub-008,0,0.3241394799592696
sub-008,1,0.4094193431394106
sub-008,0,0.3910776203103041
sub-008,0,0.2578607501873731
sub-008,0,0.2465243469147083
sub-008,0,0.3671492771989013
sub-008,0,0.3627984541502572
sub-008,1,0.5352775837985279
sub-008,1,0.7093082411138593
sub-008,1,0.6021557069131641
sub-008,0,0.4086653320196623
sub-008,1,0.48412477211668553
sub-008,1,0.5648500955490456
sub-008,1,0.813518972687805
sub-008,1,0.5377361142533941
sub-008,1,0.5146445838358003
sub-008,1,0.443236699314995
sub-008,1,0.4135028961832869
sub-008,0,0.3185827320442444
sub-008,1,0.3405865763803726
sub-008,0,0.33275846052280034
sub-008,0,0.3446993736538561
sub-008,0,0.3562422613478542
sub-008,0,0.2678950928399686
sub-008,0,0.3812108052717586
sub-008,0,0.3578257008880772
sub-008,0,0.34774505934356026
sub-008,0,0.3765620642941006
sub-008,0,0.37114256628725906
sub-008,0,0.3242177510694577
sub-008,0,0.39257418972491964
sub-008,0,0.30469431662215146
sub-008,0,0.25268984939605404
sub-008,0,0.3286554958782034
sub-008,1,0.683544190973749
sub-008,1,0.8832162475004394
sub-008,0,0.36979119400969124
sub-008,1,0.7210986528107611
sub-008,1,0.5979080919068344
sub-008,1,0.5750502439564594
sub-008,1,0.4767404157304035
sub-008,1,0.6123359380500432
sub-008,0,0.34954053485039877
sub-008,1,0.6023246371841364
sub-008,0,0.42278927531771693
sub-008,0,0.34318041736641175
sub-008,0,0.3309586197421886
sub-008,1,0.6989034687457155
sub-008,1,0.5196000013730786
sub-008,0,0.3637486461131744
sub-008,0,0.3150140480254368
sub-008,0,0.2578874086497501
sub-008,1,0.28718045383465657
sub-008,1,0.47181310939109417
sub-008,0,0.4023431556035717
sub-008,1,0.5580381450430318
sub-008,0,0.3549980640785249
sub-008,1,0.4446368452775362
sub-008,0,0.2840857706152203
sub-008,0,0.30676650364564606
sub-008,1,0.46014686898296736
sub-008,1,0.9139887575542376
sub-008,1,0.46578800033198836
sub-008,1,0.7351003161633244
sub-008,0,0.2821514464887931
sub-008,1,0.5425924533478378
sub-008,0,0.34418560745071874
sub-008,1,0.4393960321960475
sub-008,0,0.3692723682283062
sub-008,1,0.32093256184357194
sub-008,0,0.3970253292203823
sub-008,0,0.31779452210366876
sub-008,1,0.3570631641957326
sub-008,0,0.4077784276038935
sub-008,1,0.7773317590205845
sub-008,1,0.964155981453981
sub-008,0,0.29937032293744
sub-008,1,0.3810093012616351
sub-008,0,0.3548631584499419
sub-008,0,0.3055105328246753
sub-008,1,0.4386439866838435
sub-008,0,0.41251440717003585
sub-008,1,0.5712605718257716
sub-008,0,0.4770207064250702
sub-008,0,0.3736087947053967
sub-008,1,0.47563078808556203
sub-008,0,0.39208691624524
sub-008,1,0.43329304096975596
sub-008,1,0.3647951856720448
sub-008,0,0.44321707336286126
sub-008,0,0.2882830357973882
sub-008,0,0.3887991780205534
sub-008,0,0.4779732567554957
sub-008,0,0.31720083742214317
sub-008,0,0.4053896660702068
sub-008,0,0.5335147435462484
sub-008,0,0.47479542928880303
sub-008,0,0.4617428676943437
sub-008,1,0.6000946315266023
sub-008,1,0.9029644183480975
sub-008,1,0.9357748980079946
sub-008,0,0.5695331175285735
sub-008,1,0.39348137335397165
sub-008,0,0.3173500039227867
sub-008,1,0.2712629176636656
sub-008,0,0.28237593367584046
sub-008,0,0.4144155081829687
sub-008,0,0.363079661377284
sub-008,0,0.3232684290730827
sub-008,1,0.45881775633005006
sub-008,1,0.5150446238281724
sub-008,0,0.39448272513786947
sub-008,0,0.4624340106847569
sub-008,0,0.4625506027060525
sub-008,0,0.5949875795172466
sub-008,0,0.4510541242180351
sub-008,1,0.4259040693027225
sub-008,1,0.7708689458012978
sub-008,1,0.4744166332441001
sub-008,0,0.4582950923513926
sub-008,0,0.4552225004744176
sub-008,0,0.4864372805108412
sub-008,1,0.9272470618807845
sub-008,0,0.3668978977219486
sub-008,1,0.7498572617566194
sub-008,1,0.6489529800770872
sub-008,1,0.6889289154645205
sub-008,0,0.5124180475451776
sub-008,0,0.5847518556181991
sub-008,0,0.5821024877165412
sub-008,1,0.9421983428036298
sub-008,0,0.37189225954450594
sub-008,0,0.38596278665022155
sub-008,0,0.4529462895797643
sub-008,0,0.3430547702044652
sub-008,0,0.2803143589681914
sub-008,0,0.39854043399565164
sub-008,1,0.7721064641911269
sub-008,0,0.4159781897636092
sub-008,1,0.38309862185954585
sub-008,0,0.2896620267686904
sub-008,0,0.39011888882610823
sub-008,0,0.5431051224146106
sub-008,1,0.8811664286651639
sub-008,1,0.6703145616009353
sub-008,0,0.33513606136467505
sub-008,0,0.47718426695650273
sub-008,1,0.7211741530471607
sub-008,0,0.3710933149169973
sub-008,1,0.5039906967929879
sub-008,0,0.2911548114762444
sub-008,0,0.3777079415328608
sub-008,0,0.35702491383813156
sub-008,1,0.6636513505717162
sub-008,1,0.7519183866834683
sub-008,0,0.5549979790466848
sub-008,0,0.3004123936491466
sub-008,1,0.3300905095446261
sub-008,0,0.5710911559059624
sub-008,1,0.9875175050561528
sub-008,1,0.8438395204007882
sub-008,0,0.3838521946773706
sub-008,0,0.33311193967030633
sub-008,0,0.3532253768046614
sub-008,0,0.38421914011616065
sub-008,0,0.49011361732669556
sub-008,1,0.619093387909194
sub-008,1,0.9773039062089889
sub-008,0,0.5602798914196194
sub-008,0,0.32448989397989597
sub-008,0,0.4686331906891197
sub-008,0,0.5750908704450621
sub-008,1,0.6232333588628505
sub-008,0,0.3803517233581844
sub-008,0,0.432548133206093
sub-008,1,0.42813851722525353
sub-008,0,0.4059152157315257
sub-008,0,0.3445273327061659
sub-008,0,0.3490136408829278
sub-008,1,0.6527904192413119
sub-008,1,0.596637525782525
sub-008,1,0.8820890327072132
sub-008,1,0.7424548281837903
sub-008,1,0.9512846447381116
sub-008,1,0.9108205373412005
sub-008,1,0.9855325397033194
sub-008,0,0.4868613661278548
sub-008,0,0.3472790367738125
sub-008,0,0.3601493120354389
sub-008,0,0.3496893079275922
sub-008,0,0.42233043309915175
sub-008,1,0.7157936837552825
sub-008,1,0.7158705405338178
sub-008,1,0.48647541839206987
sub-008,1,0.44743296139266786
sub-008,0,0.27168000127266473
sub-008,0,0.38801155536102355
sub-009,0,0.22417366145361295
sub-009,0,0.21812709228620977
sub-009,0,0.2305691400221046
sub-009,0,0.21267084795787342
sub-009,1,0.25377762467956133
sub-009,0,0.23391603850899337
sub-009,0,0.22033665560836957
sub-009,0,0.27647898392371584
sub-009,1,0.20370614227417616
sub-009,0,0.2551153519338914
sub-009,0,0.2994309867582824
sub-009,0,0.22014650446862255
sub-009,0,0.22776379225860893
sub-009,0,0.2564341631242402
sub-009,0,0.24791727973985045
sub-009,1,0.2361572837564746
sub-009,1,0.4185154310340777
sub-009,1,0.2733232434846367
sub-009,1,0.2663411570895914
sub-009,0,0.280184531153484
sub-009,0,0.23345634903587034
sub-009,0,0.20693443201385944
sub-009,1,0.23931369054380527
sub-009,1,0.2093771453991138
sub-009,0,0.24838684773388006
sub-009,1,0.2752283832521877
sub-009,0,0.22355447018460928
sub-009,0,0.26300573352398765
sub-009,1,0.3350879053263179
sub-009,0,0.2502796099754897
sub-009,0,0.268597706552212
sub-009,1,0.20651243651104204
sub-009,0,0.19646096445658448
sub-009,1,0.21982233098460233
sub-009,0,0.2894571642688801
sub-009,0,0.2680222411982136
sub-009,0,0.3102238892101452
sub-009,0,0.19643231684669415
sub-009,1,0.21176306297126127
sub-009,1,0.22584524307912496
sub-009,1,0.2694787265312249
sub-009,1,0.26039541386535314
sub-009,1,0.22773885526433643
sub-009,0,0.22230008246743857
sub-009,0,0.24727587013193403
sub-009,0,0.2580502716261468
sub-009,1,0.2531464544320664
sub-009,0,0.2499080705450718
sub-009,1,0.20411764438762373
sub-009,1,0.24489328349663658
sub-009,1,0.23930506671847956
sub-009,1,0.22384189094513102
sub-009,1,0.22923757086359506
sub-009,0,0.21259075727652524
sub-009,0,0.19098586187970962
sub-009,0,0.1982229086578935
sub-009,1,0.28179011545923555
sub-009,1,0.41194859348117374
sub-009,0,0.21874067422571603
sub-009,1,0.4007398825377277
sub-009,0,0.3088708586801235
sub-009,0,0.30327492187587374
sub-009,1,0.33379837649195854
sub-009,1,0.5602689303112963
sub-009,0,0.32195306050048494
sub-009,0,0.2899335645007052
sub-009,0,0.2187378398700346
sub-009,0,0.2809546066339347
sub-009,0,0.254991856812317
sub-009,0,0.23949443843780963
sub-009,1,0.26640713362801316
sub-009,0,0.33204956406189606
sub-009,0,0.23654866917705075
sub-009,0,0.2228634993427885
sub-009,0,0.25750755964332955
sub-009,0,0.31075441127842385
sub-009,1,0.3616096038080574
sub-009,0,0.21277781733897977
sub-009,0,0.22339431259092007
sub-009,0,0.23966632488313888
sub-009,0,0.2605811793132244
sub-009,0,0.2337549580385324
sub-009,1,0.22638447707611972
sub-009,0,0.24171085147120158
sub-009,0,0.243823140488897
sub-009,1,0.31780148605240705
sub-009,1,0.3478457620247023
sub-009,1,0.34191755739699004
sub-009,1,0.4052540086454393
sub-009,0,0.2847263957408465
sub-009,1,0.2186157868607295
sub-009,1,0.3061976618400312
sub-009,1,0.3539836564856943
sub-009,0,0.22980216419801938
sub-009,0,0.24880724192249834
sub-009,0,0.2671695820212138
sub-009,1,0.4073250865780529
sub-009,0,0.2751875397592149
sub-009,0,0.25155414293684397
sub-009,1,0.22832115625065094
sub-009,1,0.2160117599493977
sub-009,1,0.19448903062973352
sub-009,1,0.2649012040713552
sub-009,0,0.2777295677474718
sub-009,1,0.3690938411107211
sub-009,1,0.24566864096412064
sub-009,0,0.2544366740083789
sub-009,0,0.23736797601577958
sub-009,0,0.276822946256913
sub-009,0,0.27050186659366515
sub-009,0,0.21127357664080623
sub-009,1,0.24351832572320456
sub-009,0,0.2268096972751282
sub-009,0,0.30812007622952486
sub-009,0,0.2523813377075858
sub-009,1,0.5562354120441237
sub-009,1,0.2599008552653286
sub-009,1,0.3825583530847296
sub-009,0,0.237590178256926
sub-009,0,0.41323250040401355
sub-009,1,0.6118090469495215
sub-009,0,0.22966332918036717
sub-009,0,0.24719246167671086
sub-009,0,0.223385303317732
sub-009,0,0.20291623248661786
sub-009,0,0.2045995241274082
sub-009,0,0.18909108013715212
sub-009,0,0.19955585746326804
sub-009,0,0.20605976969147405
sub-009,0,0.24017497735683332
sub-009,0,0.22116345021825543
sub-009,0,0.2785345729682221
sub-009,0,0.2615406250223947
sub-009,0,0.2727672088350317
sub-009,0,0.45460857091906653
sub-009,0,0.3409901063102955
sub-009,1,0.8488528769945892
sub-009,0,0.2910226143655815
sub-009,1,0.9999991482714525
sub-009,1,0.16099468475118273
sub-009,1,0.33332632825341973
sub-009,0,0.2690626467972277
sub-009,1,0.7494022111931629
sub-009,1,0.8889464185295936
sub-009,1,0.32268958531409303
sub-009,1,0.5320341915539272
sub-009,0,0.3663616562835533
sub-009,0,0.25598486208372406
sub-009,0,0.2222099285533075
sub-009,0,0.2373813940713896
sub-009,0,0.2661139685247399
sub-009,0,0.4305524089912029
sub-009,1,0.32978169808555524
sub-009,1,0.9931537637602886
sub-009,0,0.3374264678285447
sub-009,0,0.37572486357335844
sub-009,1,0.2828487596997366
sub-009,0,0.37461836951801086
sub-009,0,0.2222851058336238
sub-009,0,0.23273121642860556
sub-009,0,0.25186898264753277
sub-009,0,0.3607880147206203
sub-009,1,0.5467677795165682
sub-009,1,0.46970994288620893
sub-009,1,0.348573288577902
sub-009,1,0.6068395426076573
sub-009,0,0.44822422512278104
sub-009,0,0.2746389543009609
sub-009,0,0.5129995108233096
sub-009,0,0.33083343196574694
sub-009,0,0.28271149395702155
sub-009,0,0.36773083487117003
sub-009,0,0.3857764980525694
sub-009,0,0.5812510714811001
sub-009,1,0.9778444158634252
sub-009,0,0.2919688044332569
sub-009,0,0.26513039181714027
sub-009,0,0.4992633361114014
sub-009,0,0.34303940333463756
sub-009,0,0.38682984860200637
sub-009,0,0.3076914894583199
sub-009,0,0.3183364187167466
sub-009,0,0.30334638270166187
sub-009,0,0.31415200949297634
sub-009,0,0.2899952704772289
sub-009,0,0.43892670880067197
sub-009,0,0.2721447609519836
sub-009,0,0.27796729735544184
sub-009,0,0.2615309675295438
sub-009,0,0.2651279978739351
sub-009,0,0.22372533438292957
sub-009,0,0.21316925312310225
sub-009,1,0.25541482063702453
sub-009,0,0.2482952797513532
sub-009,0,0.23860459573037104
sub-009,0,0.2695894627455742
sub-009,1,0.6317158296406444
sub-009,0,0.3310837147016214
sub-009,0,0.30228722272397096
sub-009,1,0.5563000754568203
sub-009,0,0.504039707518436
sub-009,0,0.29741725698370003
sub-009,0,0.306761843111033
sub-009,0,0.2793564201413328
sub-009,0,0.26053239492154723
sub-009,0,0.20481453750608214
sub-009,0,0.2545549695804649
sub-009,1,0.26174497854906703
sub-009,0,0.2943990673081359
sub-009,0,0.24884556407255554
sub-009,0,0.44972384080283073
sub-009,0,0.30847328746678654
sub-009,0,0.3714965898462797
sub-009,0,0.33282507014895496
sub-009,0,0.23393499609110383
sub-009,1,0.3159970773230131
sub-009,0,0.2467767949465783
sub-009,0,0.2694044998426198
sub-009,1,0.6710245601024489
sub-009,1,0.4871575893878961
sub-009,0,0.2843094828854505
sub-009,1,0.43814436964264536
sub-009,0,0.33402261564076635
sub-009,1,0.5638430171357973
sub-009,0,0.3869478211241119
sub-009,0,0.27176624354395584
sub-009,0,0.24064507849590488
sub-009,0,0.276676684009402
sub-009,1,0.5356667781018924
sub-009,1,0.32840748393531893
sub-009,0,0.42424568007542496
sub-009,0,0.29477082533783056
sub-009,0,0.2941775278115838
sub-009,0,0.2682089515674123
sub-009,1,0.7569245090119592
sub-009,1,0.9998900369721633
sub-009,0,0.21930925291417216
sub-009,1,0.9999642629635809
sub-010,0,0.5756832001758077
sub-010,0,0.3626259323812221
sub-010,0,0.5886833017629917
sub-010,0,0.4720818839902877
sub-010,0,0.89906709498484
sub-010,1,0.9925683639475359
sub-010,1,0.9158007669182079
sub-010,1,0.9714222417173903
sub-010,1,0.8782797085401339
sub-010,1,0.9751100710362692
sub-010,1,0.9582453188930158
sub-010,1,0.9998768109947096
sub-010,0,0.529957995666401
sub-010,0,0.43098478739214996
sub-010,0,0.7371275987868448
sub-010,0,0.6997058409124091
sub-010,0,0.9057123323053656
sub-010,0,0.977887979144346
sub-010,0,0.6762159670402356
sub-010,0,0.7467253774238553
sub-010,0,0.8554284908957255
sub-010,1,0.89792470042812
sub-010,0,0.6091148463278385
sub-010,0,0.5596681243376828
sub-010,0,0.4849841271842508
sub-010,0,0.8645433015145426
sub-010,0,0.5551030617827208
sub-010,0,0.8108253984476708
sub-010,0,0.6769551011557583
sub-010,1,0.9713204213615115
sub-010,0,0.7572578193526293
sub-010,1,0.9676238979937865
sub-010,0,0.5015099431063118
sub-010,0,0.7860189650542496
sub-010,0,0.7449059745403634
sub-010,0,0.5738996976969005
sub-010,0,0.6130268570502647
sub-010,0,0.8082808847735103
sub-010,0,0.9132493343895217
sub-010,0,0.5468453978009953
sub-010,0,0.8281978947656154
sub-010,0,0.739296522472289
sub-010,0,0.5728391441911818
sub-010,0,0.6077297537499797
sub-010,0,0.7654496549609154
sub-010,0,0.5154599329495609
sub-010,0,0.5453126923963509
sub-010,0,0.6821405947580945
sub-010,0,0.36208168282321523
sub-010,0,0.5017718594948776
sub-010,0,0.8338307320446726
sub-010,0,0.6585669258118038
sub-010,0,0.6261429208273058
sub-010,0,0.8014341253858773
sub-010,0,0.6800851956031723
sub-010,1,0.880704559584416
sub-010,0,0.3666801128083506
sub-010,0,0.5403608741610025
sub-010,0,0.3719394127090031
sub-010,0,0.6269331911876417
sub-010,0,0.4654315381076005
sub-010,0,0.6264714021738322
sub-010,0,0.9117097083788475
sub-010,0,0.7743879225276618
sub-010,0,0.870795806553214
sub-010,0,0.770337137382784
sub-010,0,0.6704441725495054
sub-010,0,0.49713182870412664
sub-010,0,0.8584732431171379
sub-010,0,0.6807602630488782
sub-010,0,0.8125479765605345
sub-010,0,0.7530230235251438
sub-010,0,0.668281405966916
sub-010,0,0.9072480033490439
sub-010,0,0.7977910023189541
sub-010,0,0.6899773692327567
sub-010,0,0.9146306300115815
sub-010,0,0.8488282820414444
sub-010,0,0.3953817852722961
sub-010,0,0.8117932164419229
sub-010,0,0.7582082625460358
sub-010,0,0.5635962870752879
sub-010,0,0.7488041545515299
sub-010,0,0.8448393372193075
sub-010,0,0.8050080448047776
sub-010,0,0.41801306092635315
sub-010,0,0.6562308974696947
sub-010,0,0.7557125199078234
sub-010,0,0.5099808912048797
sub-010,0,0.7149214954965853
sub-010,0,0.7059949483753776
sub-010,0,0.38973784219977603
sub-010,0,0.8427341727956323
sub-010,1,0.9190621864553778
sub-010,0,0.6317720176324743
sub-010,0,0.8994103645466063
sub-010,0,0.9471976157954226
sub-010,0,0.8282422214899244
sub-010,0,0.6304931447451373
sub-010,0,0.9663241031754133
sub-010,0,0.6011037836991244
sub-010,0,0.7840592134679196
sub-010,0,0.8793175461891601
sub-010,0,0.7430451624638532
sub-010,0,0.5310497532861806
sub-010,0,0.8085404948035277
sub-010,0,0.96559786213793
sub-010,0,0.39138461971201355
sub-010,0,0.9507682185851685
sub-010,0,0.63732002804464
sub-010,0,0.5474657491158499
sub-010,0,0.5076196140088344
sub-010,0,0.5646706612745663
sub-010,0,0.9207691942864477
sub-010,1,0.9713346472516672
sub-010,1,0.9908619704102851
sub-010,0,0.3523126264364247
sub-010,0,0.27976424514048
sub-010,0,0.32779127305865513
sub-010,1,0.5791439909276448
sub-010,0,0.523999713488831
sub-010,0,0.40782014363264535
sub-010,0,0.31112412574963705
sub-010,1,0.5561196885696497
sub-010,0,0.6505450712847554
sub-010,0,0.6083758585873592
sub-010,0,0.28263612860919224
sub-010,1,0.33359013581141056
sub-010,0,0.6331936481267948
sub-010,1,0.3740510728054586
sub-010,1,0.3245114811596902
sub-010,0,0.33319116811716293
sub-010,0,0.518314639870658
sub-010,0,0.6649033081741794
sub-010,0,0.44506110753319733
sub-010,0,0.7984536601446938
sub-010,0,0.7102319033716822
sub-010,0,0.921450777304741
sub-010,0,0.2825458256377215
sub-010,0,0.726216233120322
sub-010,0,0.8738769869503467
sub-010,0,0.8315288092474294
sub-010,0,0.7154178207693491
sub-010,1,0.9557003775448242
sub-010,1,0.9825666063643259
sub-010,1,0.6967744936624438
sub-010,1,0.8576431371796809
sub-010,1,0.8070189093527921
sub-010,0,0.4937197160849834
sub-010,0,0.3504599682945774
sub-010,0,0.4672594785573523
sub-010,0,0.30169532358887907
sub-010,1,0.9924636428677163
sub-010,0,0.37451058959593136
sub-010,1,0.7021917444920817
sub-010,1,0.9809427291416317
sub-010,0,0.6627574193671677
sub-010,0,0.6847795128813958
sub-010,0,0.5345682865346367
sub-010,1,0.9970277378922145
sub-010,0,0.8005287001474596
sub-010,1,0.6556482441689664
sub-010,0,0.71667691893918
sub-010,0,0.2676823541225337
sub-010,0,0.4828766872694803
sub-010,0,0.5750977104119411
sub-010,1,0.6551714412631774
sub-010,1,0.7934609053160593
sub-010,0,0.8230740435807938
sub-010,0,0.8472803776967951
sub-010,0,0.550935976906904
sub-010,0,0.6658399917749651
sub-010,0,0.6085590048749532
sub-010,0,0.4707172058279082
sub-010,0,0.8717439365410863
sub-010,1,0.989637442771423
sub-010,0,0.3877363484834841
sub-010,0,0.6515803015981207
sub-010,1,0.977674472951455
sub-010,0,0.7888433821100129
sub-010,0,0.8666305350302076
sub-010,0,0.42250587742012774
sub-010,0,0.8531904544344117
sub-010,0,0.7344068801210768
sub-010,1,0.9664385261823148
sub-010,0,0.878939410414342
sub-010,1,0.6239511334780184
sub-010,1,0.9639483681391305
sub-010,0,0.8593874151390399
sub-010,0,0.5444743256174487
sub-010,0,0.6266701129566278
sub-010,0,0.506383761399804
sub-010,1,0.9685165240382603
sub-010,1,0.9282395470714113
sub-010,0,0.7379269788259322
sub-010,0,0.7339777552338962
sub-010,0,0.8514544533675027
sub-010,1,0.7337179566671691
sub-010,0,0.8711179519845116
sub-010,0,0.9322156613278177
sub-010,0,0.40956137193134406
sub-010,0,0.5484705239990805
sub-010,0,0.910131363896777
sub-010,1,0.9491813003348437
sub-010,0,0.7809521570117148
sub-010,1,0.8654781439452439
sub-010,1,0.9992738489047848
sub-010,1,0.9999705148858008
sub-010,1,0.8172520985635245
sub-010,0,0.2797248130678951
sub-010,1,0.6289851702815364
sub-010,0,0.7604459144608166
sub-010,0,0.8605084813172421
sub-010,0,0.6785451536176982
sub-010,1,0.4579725494540867
sub-010,1,0.8846702767665606
sub-010,1,0.9999796854025562
sub-010,1,0.9954899831887363
sub-010,1,0.8596620904695529
sub-010,1,0.9999956181488768
sub-010,1,0.9866506391330859
sub-010,1,0.6825125220064078
sub-010,0,0.8647721968696078
sub-010,1,0.946922252369891
sub-010,1,0.7117998475157715
sub-010,0,0.7174383984923925
sub-010,0,0.3282045455870918
sub-010,0,0.4475751276226628
sub-010,0,0.4017767686661312
sub-010,1,0.42644397972544934
sub-010,0,0.7669004688433213
sub-010,1,0.9327001503569375
sub-010,1,0.5499835983515942
sub-010,0,0.8624192951575117
sub-010,0,0.6825067046948539
sub-010,0,0.7559062383679196
sub-011,0,0.3532469199385151
sub-011,1,0.5030719808452252
sub-011,1,0.8418966056134439
sub-011,1,0.6000899114018421
sub-011,0,0.3896783539141211
sub-011,0,0.42998988038841185
sub-011,0,0.293641414158629
sub-011,0,0.3745273359294647
sub-011,0,0.39462012186777845
sub-011,0,0.29120293350514476
sub-011,1,0.4926456031061534
sub-011,0,0.31633216758603444
sub-011,0,0.3703191060053795
sub-011,1,0.6453063817355448
sub-011,0,0.3389822291893027
sub-011,0,0.4719663584304234
sub-011,0,0.4553404512413501
sub-011,0,0.3574165583934117
sub-011,0,0.5207539443560466
sub-011,0,0.34164925421664394
sub-011,0,0.4592863871072784
sub-011,1,0.3307378263473443
sub-011,1,0.4972750148926653
sub-011,0,0.3548742664548466
sub-011,0,0.554836956212972
sub-011,1,0.36103269895553664
sub-011,1,0.3687127349719646
sub-011,0,0.3771506054479733
sub-011,0,0.29455740379688783
sub-011,1,0.27255934985658514
sub-011,0,0.5053687551197892
sub-011,0,0.3771596381953985
sub-011,0,0.42947022303322185
sub-011,0,0.3710978723584698
sub-011,0,0.2677031415648584
sub-011,0,0.36032189312766716
sub-011,1,0.4430344148013522
sub-011,0,0.5589701781427112
sub-011,0,0.3508200756686759
sub-011,0,0.32775212616946436
sub-011,0,0.3165816744100973
sub-011,0,0.5394916293803919
sub-011,0,0.5025677174342303
sub-011,0,0.3871892209499857
sub-011,0,0.35560262809508136
sub-011,1,0.48213763100585283
sub-011,1,0.6667302805023599
sub-011,0,0.4329895924615115
sub-011,0,0.30787279410767143
sub-011,0,0.4352963231552803
sub-011,0,0.2853562353250995
sub-011,0,0.35763905581041877
sub-011,0,0.39218088284900166
sub-011,0,0.5646051306915691
sub-011,0,0.3264259231582578
sub-011,1,0.36722658388506985
sub-011,1,0.3986574998096707
sub-011,0,0.29434637899288624
sub-011,1,0.4442476186820015
sub-011,1,0.27113723287990693
sub-011,0,0.35191581846104875
sub-011,0,0.4270032336608001
sub-011,0,0.29947786926295905
sub-011,1,0.3357941730159147
sub-011,0,0.4836463194655043
sub-011,1,0.6378946755817105
sub-011,0,0.4747810247783836
sub-011,0,0.283255906625893
sub-011,1,0.31742401901885053
sub-011,0,0.3251905000984853
sub-011,1,0.5894287703197932
sub-011,0,0.4887470517226872
sub-011,1,0.41048592049744476
sub-011,1,0.5806907629210784
sub-011,1,0.40275843321155197
sub-011,1,0.40229513936244954
sub-011,1,0.2949342335568334
sub-011,0,0.32655396778041124
sub-011,1,0.31788984967473316
sub-011,0,0.3063357388753694
sub-011,0,0.36107176006911335
sub-011,0,0.5117186473652687
sub-011,0,0.42423917272427103
sub-011,0,0.3998969133777029
sub-011,0,0.5986385308066763
sub-011,1,0.5559305642991166
sub-011,0,0.4545016760108795
sub-011,1,0.7014006451681033
sub-011,0,0.4769688429617431
sub-011,1,0.7488655826507195
sub-011,1,0.46515993096571545
sub-011,1,0.7086866129905848
sub-011,0,0.37663690632955416
sub-011,1,0.3183423148543385
sub-011,0,0.38643955588420825
sub-011,0,0.45560521405911275
sub-011,0,0.4393710465108559
sub-011,1,0.35107832979895054
sub-011,1,0.2493637568413788
sub-011,1,0.49040996577656026
sub-011,0,0.4231452831391566
sub-011,0,0.46994911537364725
sub-011,0,0.44937458121223994
sub-011,0,0.4937600409819024
sub-011,0,0.35556391400335435
sub-011,1,0.47341920776928353
sub-011,0,0.4066363323080837
sub-011,1,0.6137087489696681
sub-011,0,0.43661232361160046
sub-011,0,0.34952035836558354
sub-011,0,0.27745500736480666
sub-011,0,0.5086457422716092
sub-011,0,0.3099602242393174
sub-011,0,0.380504787809144
sub-011,0,0.5943305453258834
sub-011,0,0.35433002274050507
sub-011,0,0.41852951971829677
sub-011,0,0.39240802447058526
sub-011,0,0.3199601326226673
sub-011,0,0.38105296467631944
sub-011,1,0.5656814199646333
sub-011,1,0.4896943518723791
sub-011,0,0.47974443140176787
sub-011,1,0.5600218494497531
sub-011,1,0.5300702670188937
sub-011,1,0.6166311583785984
sub-011,1,0.5758387945925163
sub-011,1,0.567894021415749
sub-011,1,0.6315243714350383
sub-011,0,0.3589581242026865
sub-011,0,0.40781446247386055
sub-011,0,0.4109762527194025
sub-011,1,0.6044688009047714
sub-011,0,0.4031066751302639
sub-011,1,0.6469938851316869
sub-011,0,0.3842370091097978
sub-011,0,0.4594149178785543
sub-011,1,0.5100623874844415
sub-011,1,0.6591090267461027
sub-011,0,0.3739612217343587
sub-011,0,0.3482743764892312
sub-011,1,0.6759722251939426
sub-011,0,0.5063691542351713
sub-011,1,0.5027507314713302
sub-011,1,0.601615134183372
sub-011,1,0.45641445754049703
sub-011,0,0.40219524126519457
sub-011,0,0.36999749283631744
sub-011,1,0.5408491875944411
sub-011,0,0.35702744047950397
sub-011,1,0.423310370358703
sub-011,0,0.37050441756796176
sub-011,0,0.4362401536525248
sub-011,1,0.483296715032709
sub-011,1,0.5059982629260907
sub-011,0,0.4857805294528169
sub-011,0,0.4421057700633325
sub-011,0,0.3189753533802285
sub-011,0,0.365897212763781
sub-011,0,0.5001571889515992
sub-011,1,0.8049272135056919
sub-011,1,0.9131757809757958
sub-011,1,0.5729562792706628
sub-011,0,0.4605166562284483
sub-011,0,0.4207732193168675
sub-011,1,0.5545094459181377
sub-011,0,0.3297254478565669
sub-011,0,0.5177918573692417
sub-011,0,0.3689546890311765
sub-011,1,0.6663275666633698
sub-011,0,0.3409834562197662
sub-011,1,0.48318683612113134
sub-011,1,0.5604078845630521
sub-011,0,0.38637371978378143
sub-011,0,0.4750715318191211
sub-011,0,0.4245610271484141
sub-011,1,0.48927488076432396
sub-011,0,0.5232412256841261
sub-011,0,0.3806607979509309
sub-011,0,0.4116995006105177
sub-011,0,0.34731737425360765
sub-011,0,0.3225543322832806
sub-011,0,0.4140188473489304
sub-011,1,0.6680719202155461
sub-011,0,0.42012974538510595
sub-011,0,0.39087494666920475
sub-011,1,0.6197260971608896
sub-011,0,0.31210105372865643
sub-011,0,0.4718721316486686
sub-011,0,0.389699849983143
sub-011,0,0.5497306307955679
sub-011,1,0.6223216690391562
sub-011,0,0.4521763886644601
sub-011,1,0.6172731068515677
sub-011,0,0.4190833285511211
sub-011,1,0.579723157787979
sub-011,1,0.6362604251128883
sub-011,0,0.3848233576908703
sub-011,0,0.45268491431683067
sub-011,1,0.7140368432364458
sub-011,1,0.45848920229663653
sub-011,0,0.3233444001610634
sub-011,0,0.4336632562228725
sub-011,1,0.4836051865055608
sub-011,0,0.5189719201359572
sub-011,1,0.566340682633815
sub-011,0,0.4123323924869239
sub-011,0,0.4447527843538044
sub-011,1,0.884759948985471
sub-011,1,0.6419443297870308
sub-011,0,0.5231460248640625
sub-011,1,0.8306281118844833
sub-011,0,0.2926641534029201
sub-011,0,0.45755945104407547
sub-011,0,0.40004695246164146
sub-011,1,0.7772912305101922
sub-011,0,0.34032163463271925
sub-011,1,0.6768017319317129
sub-011,0,0.47566107958552784
sub-011,0,0.388726420833246
sub-011,0,0.3508269184910538
sub-011,0,0.3877933626995701
sub-011,0,0.3854427338551952
sub-011,0,0.3187627815780646
sub-011,1,0.6877764018340369
sub-011,1,0.8378646516164656
sub-011,0,0.41371804789662353
sub-011,0,0.39905988296294775
sub-011,1,0.5125474204155853
sub-011,0,0.34305535706059365
sub-011,1,0.4984862163004408
sub-011,0,0.40302369882699324
sub-011,0,0.41060347741086384
sub-011,0,0.4418761831307717
sub-011,0,0.41942480052424397
sub-011,0,0.39842789980282634
sub-012,0,0.3897437355685306
sub-012,0,0.5456385605927453
sub-012,0,0.5854492014788878
sub-012,0,0.5441030446457203
sub-012,0,0.3722234680441082
sub-012,0,0.3713134229131532
sub-012,0,0.5228334428028752
sub-012,0,0.3630263143206311
sub-012,0,0.6261650084503773
sub-012,0,0.42479853127913647
sub-012,0,0.3472653959583332
sub-012,0,0.5007058417209227
sub-012,1,0.8621926536953762
sub-012,1,0.7573963557214782
sub-012,1,0.9186402238141399
sub-012,0,0.7673392093380567
sub-012,0,0.5491116508831337
sub-012,0,0.7616548332172013
sub-012,1,0.8481128910466482
sub-012,0,0.42661125438981407
sub-012,0,0.7190780310271823
sub-012,0,0.6721319351864872
sub-012,0,0.4922472170120334
sub-012,0,0.6159727724248022
sub-012,0,0.6385093157919625
sub-012,0,0.5814478847430278
sub-012,0,0.5886353122529047
sub-012,0,0.630235552180389
sub-012,1,0.697756626351957
sub-012,1,0.6561951068819996
sub-012,1,0.5400185529250413
sub-012,0,0.4627403974777482
sub-012,0,0.575001128884373
sub-012,1,0.8526368526020127
sub-012,0,0.7467210777797932
sub-012,1,0.8393894376103291
sub-012,0,0.7217899073510868
sub-012,0,0.5952695172274018
sub-012,0,0.5314741647498658
sub-012,1,0.814299005550307
sub-012,0,0.5739695778123222
sub-012,0,0.6171426647680839
sub-012,0,0.43211767412245383
sub-012,0,0.4902768766745716
sub-012,1,0.5732154554689274
sub-012,0,0.46969804946314303
sub-012,0,0.7519818815990104
sub-012,0,0.557389450156925
sub-012,0,0.4682776867877471
sub-012,0,0.6959473969748804
sub-012,0,0.7423758037411372
sub-012,0,0.5194120813395702
sub-012,1,0.6438646121248125
sub-012,0,0.4548639000871378
sub-012,0,0.5069980257117013
sub-012,0,0.544992920568759
sub-012,0,0.7747838991509628
sub-012,1,0.6757677088412599
sub-012,0,0.5414434109393397
sub-012,0,0.6644605477116341
sub-012,0,0.3996652756300838
sub-012,0,0.40914877312638925
sub-012,0,0.5425355308327421
sub-012,0,0.7451655819191849
sub-012,0,0.4447483499832563
sub-012,0,0.6305042247087571
sub-012,0,0.6282836187261267
sub-012,0,0.6969019418949695
sub-012,0,0.3618569873968729
sub-012,0,0.42687665203807396
sub-012,0,0.6370404251184378
sub-012,0,0.4098113556905392
sub-012,0,0.6888360828762582
sub-012,0,0.47603010451946703
sub-012,0,0.5790994330082224
sub-012,0,0.6378510542765804
sub-012,0,0.5181227008945573
sub-012,1,0.8092898030981015
sub-012,1,0.9953674086648006
sub-012,1,1.0
sub-012,0,0.45133900140002986
sub-012,0,0.33860606005097993
sub-012,0,0.4741179217402309
sub-012,0,0.6775661482976076
sub-012,1,0.6426032142818439
sub-012,0,0.45469441243739345
sub-012,1,0.5815068924124085
sub-012,0,0.4973367358851838
sub-012,0,0.46887690983186314
sub-012,0,0.4537712074851789
sub-012,0,0.5160799086578415
sub-012,0,0.36823513194993135
sub-012,0,0.41449088357901137
sub-012,1,0.9374059018183774
sub-012,0,0.5875476225762695
sub-012,1,0.5501721226809996
sub-012,0,0.4706646473172775
sub-012,0,0.513126812490696
sub-012,0,0.5021141165520332
sub-012,0,0.3649920054705277
sub-012,0,0.42949650500539643
sub-012,0,0.38489511610208776
sub-012,0,0.5380070808522875
sub-012,0,0.5643422522736152
sub-012,0,0.5440143461368558
sub-012,0,0.661566103240881
sub-012,1,0.8488373670111858
sub-012,0,0.5913032696178607
sub-012,1,0.9882022445898432
sub-012,0,0.5287187000662628
sub-012,0,0.49036104634862293
sub-012,1,0.7780631657438497
sub-012,1,0.9370302889464265
sub-012,0,0.3923299224077757
sub-012,0,0.4889194503509814
sub-012,1,0.782936562606288
sub-012,0,0.4233358982106897
sub-012,0,0.4017526049874538
sub-012,0,0.3221189553292585
sub-012,0,0.3862191694883511
sub-012,1,0.5820244384851887
sub-012,1,0.5024502675797031
sub-012,0,0.48989622859780974
sub-012,1,0.5712282231649273
sub-012,1,0.5563467767796961
sub-012,1,0.6396514051042214
sub-012,1,0.5998446814800719
sub-012,1,0.5974758781865197
sub-012,1,0.6401687492925179
sub-012,0,0.3621081553068979
sub-012,0,0.4180767618814936
sub-012,0,0.419279102550683
sub-012,1,0.6254164038344281
sub-012,0,0.4131825501959781
sub-012,1,0.6640357073109583
sub-012,0,0.38580616546788377
sub-012,0,0.4660807334114996
sub-012,1,0.5198256843322789
sub-012,1,0.6841524942735632
sub-012,0,0.37962991491184356
sub-012,0,0.3498154507651078
sub-012,1,0.7097704641855187
sub-012,0,0.5183064911942312
sub-012,1,0.5102604682479883
sub-012,1,0.6196550436209013
sub-012,1,0.46968090848534116
sub-012,0,0.40382075816850027
sub-012,0,0.37047068472838107
sub-012,1,0.5568891429818065
sub-012,0,0.35862970263804395
sub-012,1,0.4341234984620333
sub-012,0,0.3803636409816008
sub-012,0,0.44124491553754286
sub-012,1,0.4901829759035737
sub-012,1,0.5230549139953019
sub-012,0,0.5032526827779586
sub-012,0,0.45003541731288393
sub-012,0,0.31552970402331637
sub-012,0,0.36451382829386186
sub-012,0,0.5095004488417166
sub-012,1,0.8203528989785352
sub-012,1,0.9292230089282643
sub-012,1,0.5836058789597218
sub-012,0,0.46300506573234657
sub-012,0,0.42412018259968426
sub-012,1,0.5671276939699257
sub-012,0,0.32779088214645374
sub-012,0,0.5305917789731984
sub-012,0,0.36972499975290274
sub-012,1,0.6860673383492428
sub-012,0,0.34111285171687916
sub-012,1,0.48993366058062465
sub-012,1,0.5797908338214275
sub-012,0,0.38976142724097473
sub-012,0,0.4819326426317225
sub-012,0,0.4321124881883909
sub-012,1,0.5073199511468492
sub-012,0,0.533131939195782
sub-012,0,0.3859704683351542
sub-012,0,0.4191864327355173
sub-012,0,0.34958509328319126
sub-012,0,0.32376456554995164
sub-012,0,0.4206696820124077
sub-012,1,0.6981517928392078
sub-012,0,0.4157194373353352
sub-012,0,0.3949881817190424
sub-012,1,0.6316435895902102
sub-012,0,0.3070738876675423
sub-012,0,0.4748174274701516
sub-012,0,0.39928860819676454
sub-012,0,0.5585160627318445
sub-012,1,0.6382756848724485
sub-012,0,0.45324391885692755
sub-012,1,0.632799924225899
sub-012,0,0.4214861516527734
sub-012,1,0.5961916214052767
sub-012,1,0.6485156965322287
sub-012,0,0.385582938055895
sub-012,0,0.4580441784860109
sub-012,1,0.7409008821473446
sub-012,1,0.46839480041739934
sub-012,0,0.32088362606240434
sub-012,0,0.44370071606020756
sub-012,1,0.497738845633152
sub-012,0,0.5334250594788458
sub-012,1,0.5719513060354392
sub-012,0,0.4152042995923559
sub-012,0,0.44725466646582696
sub-012,1,0.8992370027748421
sub-012,1,0.6682485104256489
sub-012,0,0.5380999473368155
sub-012,1,0.8489349284034272
sub-012,0,0.2852311894090809
sub-012,0,0.4699118622166369
sub-012,0,0.39908674570867314
sub-012,1,0.7935031269714146
sub-012,0,0.340145849541798
sub-012,1,0.6982105236038081
sub-012,0,0.48711123850516014
sub-012,0,0.38965966897473975
sub-012,0,0.3545107535235317
sub-012,0,0.39153543806846636
sub-012,0,0.3929148539108277
sub-012,0,0.3238763868830789
sub-012,1,0.6996219847403774
sub-012,1,0.8493928954313051
sub-012,0,0.41819719529080013
sub-012,0,0.40243896625168873
sub-012,1,0.5314915998523233
sub-012,0,0.34207420759919444
sub-012,1,0.5135055839079115
sub-012,0,0.40404641970670396
sub-012,0,0.41554030695462857
sub-012,0,0.4550846088023127
sub-012,0,0.43260138599395026
sub-012,0,0.4063479212691892
sub-013,1,0.7548338873893069
sub-013,1,0.9173013445583936
sub-013,0,0.45548110796691144
sub-013,0,0.3387224415563474
sub-013,1,0.40977793004088464
sub-013,1,0.47873540396698266
sub-013,0,0.4333814725913536
sub-013,1,0.3643972944091324
sub-013,0,0.3590605484991793
sub-013,0,0.44171143128486867
sub-013,1,0.4915702907021368
sub-013,1,0.4206264408068812
sub-013,1,0.5710724585970084
sub-013,1,0.3622477523737833
sub-013,0,0.32962057354791535
sub-013,0,0.29265967323635944
sub-013,0,0.32636284368907637
sub-013,0,0.3132724812517757
sub-013,0,0.4010124498819599
sub-013,0,0.37276471454245097
sub-013,0,0.3972907598439641
sub-013,0,0.3326199147860185
sub-013,0,0.4049141129948466
sub-013,0,0.39700982227428633
sub-013,0,0.29889869537571684
sub-013,0,0.404799358769936
sub-013,0,0.35201751199752435
sub-013,0,0.2994705948797442
sub-013,0,0.2767577747455413
sub-013,0,0.2658708129402508
sub-013,0,0.22632269874738425
sub-013,1,0.3498450107684335
sub-013,1,0.7465873832531005
sub-013,0,0.42375334692828837
sub-013,0,0.4258317111929891
sub-013,1,0.4700245249054495
sub-013,0,0.33807152207590313
sub-013,0,0.38932882475855835
sub-013,0,0.2955090605963995
sub-013,1,0.4925324566402678
sub-013,0,0.5138324450713974
sub-013,0,0.40569469202761393
sub-013,0,0.4218939426232254
sub-013,1,0.366378373304054
sub-013,0,0.30083590731459964
sub-013,0,0.3742390355567281
sub-013,1,0.6405734412038963
sub-013,0,0.3909872770095889
sub-013,0,0.3672739919574095
sub-013,0,0.3607804554485576
sub-013,0,0.29841777194272334
sub-013,0,0.32780019567642366
sub-013,0,0.3473845168530406
sub-013,0,0.3271590124089669
sub-013,0,0.4054063995661783
sub-013,0,0.536091028891905
sub-013,0,0.3129467561537586
sub-013,1,0.44879115970304345
sub-013,0,0.3022458927931922
sub-013,0,0.3696460456765583
sub-013,0,0.3000011697504481
sub-013,0,0.44423478574920017
sub-013,1,0.5926973952622872
sub-013,1,0.549244095964021
sub-013,0,0.3598923518687195
sub-013,1,0.55123148935637
sub-013,1,0.4751914308722031
sub-013,0,0.45579685872331327
sub-013,0,0.3119139941739332
sub-013,1,0.40279475955705507
sub-013,0,0.4158455364677429
sub-013,1,0.6906638592425761
sub-013,0,0.3468542654460857
sub-013,0,0.3477433278359359
sub-013,0,0.31003776272530853
sub-013,0,0.37448289866732565
sub-013,0,0.302708294532264
sub-013,0,0.3082997773108357
sub-013,1,0.4464168104861941
sub-013,0,0.2881633301614913
sub-013,0,0.35681178218980103
sub-013,1,0.49323852578048605
sub-013,0,0.33998716546487034
sub-013,0,0.3475110267352737
sub-013,0,0.3789447082357768
sub-013,0,0.3107698653886066
sub-013,0,0.3732089085361443
sub-013,1,0.3612842797585885
sub-013,0,0.30994226179398116
sub-013,0,0.41865195089226825
sub-013,0,0.33240971731558117
sub-013,0,0.32781993028896367
sub-013,1,0.5820946493850795
sub-013,1,0.5205238015180191
sub-013,0,0.41492050858267077
sub-013,1,0.46440963193675366
sub-013,0,0.4520780435409355
sub-013,0,0.5200311052242161
sub-013,0,0.5363164181390826
sub-013,0,0.5192369929257827
sub-013,0,0.55067026678534
sub-013,1,0.512335332739974
sub-013,1,0.7623784980572114
sub-013,0,0.3061446994984044
sub-013,0,0.3540775950091487
sub-013,0,0.31890354388792047
sub-013,1,0.4851363752864076
sub-013,0,0.48213539830032803
sub-013,0,0.28053383155941786
sub-013,0,0.3568839015242279
sub-013,0,0.3952399680683146
sub-013,0,0.33278060231228895
sub-013,0,0.39108331456653606
sub-013,0,0.3857358401625178
sub-013,0,0.2540290205075433
sub-013,0,0.3473737677924387
sub-013,1,0.47776477170632864
sub-013,0,0.2978564371189246
sub-013,0,0.3040286274210927
sub-013,1,0.28654731573309605
sub-013,0,0.2793550254337595
sub-013,1,0.352724433133679
sub-013,0,0.2572757549831444
sub-013,0,0.33130170066600423
sub-013,1,0.41841872679469577
sub-013,1,0.4200772854555891
sub-013,0,0.23330137297462367
sub-013,0,0.3092548892841939
sub-013,1,0.3937581452507052
sub-013,1,0.5160762498298813
sub-013,0,0.30838420053237836
sub-013,0,0.33044842835296445
sub-013,0,0.339820042079803
sub-013,0,0.21112679681452065
sub-013,0,0.303137373440188
sub-013,0,0.2612453817100927
sub-013,0,0.33356783247399935
sub-013,1,0.3261131903474635
sub-013,0,0.27557087976777567
sub-013,1,0.3001973221937906
sub-013,1,0.33074520463183404
sub-013,0,0.2934175434098301
sub-013,0,0.3408226062135606
sub-013,0,0.2675641979710954
sub-013,0,0.34261896859209034
sub-013,0,0.30314798100405776
sub-013,0,0.29201803542983923
sub-013,1,0.672563539012979
sub-013,0,0.3471497532131926
sub-013,1,0.5721763714333481
sub-013,0,0.36087881736191413
sub-013,1,0.3176628696576886
sub-013,0,0.23255434904293476
sub-013,1,0.3123847344285222
sub-013,1,0.47820442757634696
sub-013,1,0.5547306097920575
sub-013,0,0.20897811092929963
sub-013,0,0.23576487273027386
sub-013,1,0.5560972640160076
sub-013,1,0.4545103042508115
sub-013,0,0.38412994433611225
sub-013,0,0.2353442458696522
sub-013,0,0.262290440043334
sub-013,0,0.34589573676038976
sub-013,0,0.2460033605252928
sub-013,1,0.5412390855774247
sub-013,0,0.3234359868121353
sub-013,0,0.3401410127712251
sub-013,0,0.21548459525878844
sub-013,0,0.2982707822901259
sub-013,1,0.6288014068275004
sub-013,1,0.4975117341057838
sub-013,0,0.29486292686728893
sub-013,0,0.3086709935329803
sub-013,1,0.33543327405119855
sub-013,1,0.32988188243469857
sub-013,0,0.26271971811161887
sub-013,1,0.35808101757226646
sub-013,1,0.3975745666444067
sub-013,0,0.38026236636854743
sub-013,1,0.3180341771540042
sub-013,0,0.33766648566827384
sub-013,0,0.3924184315894764
sub-013,1,0.2668791871978689
sub-013,1,0.44914841081554696
sub-013,0,0.261568358831836
sub-013,0,0.31736228119425347
sub-013,0,0.2249515355681424
sub-013,0,0.4009107422414514
sub-013,1,0.37694423012666706
sub-013,0,0.286956937526223
sub-013,0,0.30972526651704785
sub-013,1,0.2245577091197341
sub-013,1,0.38655671270983544
sub-013,0,0.2780827915994348
sub-013,0,0.32817718854973466
sub-013,0,0.26987305953775403
sub-013,0,0.27064296947996813
sub-013,0,0.2506549059039383
sub-013,1,0.25282008155401514
sub-013,0,0.28129350478012405
sub-013,0,0.4180722698150287
sub-013,0,0.2518202162562648
sub-013,0,0.33639062917170337
sub-013,0,0.31584175030679545
sub-013,0,0.2727700464154354
sub-013,0,0.3435643801075348
sub-013,1,0.4026593823107984
sub-013,0,0.30398848333865297
sub-013,1,0.5425473724588001
sub-013,1,0.41968321562197075
sub-013,0,0.25531409373125313
sub-013,0,0.30683416506747485
sub-013,0,0.27058204876580394
sub-013,0,0.3292840180341624
sub-013,0,0.3085994149586987
sub-013,0,0.2248087677968256
sub-013,0,0.28362160688126176
sub-013,0,0.24792091350123432
sub-013,0,0.4018383268050319
sub-013,0,0.26623297123455864
sub-013,1,0.3664111885343143
sub-013,0,0.29283676475184145
sub-013,1,0.4660538586943814
sub-013,0,0.37454854652820446
sub-013,0,0.27045758367351186
sub-013,1,0.3523761771316169
sub-013,0,0.2800114565288259
sub-013,0,0.2706475193451805
sub-013,1,0.6328210136796047
sub-013,0,0.24610827978885433
sub-013,0,0.3093911349956004
sub-013,1,0.21850171443994293
sub-013,1,0.2707409397559472
sub-013,1,0.2835642348582739
sub-013,0,0.29037741371873715
sub-014,1,0.9242082320274169
sub-014,1,0.7828012376007185
sub-014,0,0.5940229250830755
sub-014,0,0.6730955055276071
sub-014,0,0.5500461996174495
sub-014,0,0.4899779235815911
sub-014,1,0.7711682973258794
sub-014,1,0.8078927022143103
sub-014,0,0.595077323063741
sub-014,0,0.6063796511569591
sub-014,0,0.4478420740031041
sub-014,0,0.5152646823997619
sub-014,1,0.7639193475468754
sub-014,1,0.8322158978417782
sub-014,0,0.5312004893761358
sub-014,1,0.7619619701915156
sub-014,0,0.7545067354891837
sub-014,1,0.5875748867779683
sub-014,0,0.6405505725786816
sub-014,0,0.6020199531970146
sub-014,0,0.57006621780657
sub-014,0,0.5846698432706602
sub-014,1,0.6209718222481222
sub-014,1,0.8207419987313237
sub-014,0,0.5881005987385849
sub-014,1,0.5707673342093385
sub-014,0,0.4790344157890253
sub-014,0,0.5779330165736458
sub-014,0,0.655187543001269
sub-014,0,0.6672069917128111
sub-014,0,0.5804748309084516
sub-014,0,0.5419886639905417
sub-014,0,0.5348942093893932
sub-014,0,0.5429629306143012
sub-014,1,0.7173282516435284
sub-014,0,0.4950089406490082
sub-014,0,0.4906640351306312
sub-014,1,0.4645112327986745
sub-014,0,0.4940213263311756
sub-014,0,0.3798117691296405
sub-014,0,0.4742188492678889
sub-014,0,0.743526298079385
sub-014,0,0.5222460715256834
sub-014,0,0.5610762390255069
sub-014,0,0.7620104883857782
sub-014,0,0.6937218337784289
sub-014,0,0.4580636291933475
sub-014,0,0.6335578298423045
sub-014,0,0.44021883269602263
sub-014,0,0.6962203073206659
sub-014,1,0.8624771353809
sub-014,0,0.6746365285894785
sub-014,0,0.4850173146292983
sub-014,1,0.7531698918946214
sub-014,0,0.6477363060493379
sub-014,0,0.7097589970654768
sub-014,0,0.6896453060537826
sub-014,0,0.6369322239027314
sub-014,1,0.7429621914506974
sub-014,0,0.44976043125492954
sub-014,1,0.7200141576170571
sub-014,0,0.6270250235498899
sub-014,0,0.4508937407130954
sub-014,0,0.6618408208866129
sub-014,1,0.8267511839015443
sub-014,0,0.6058102250338513
sub-014,0,0.6789462892795152
sub-014,1,0.7533256721772243
sub-014,0,0.4189681405022834
sub-014,0,0.666254152849308
sub-014,1,0.8378154582384112
sub-014,1,0.5287415232492719
sub-014,1,0.5959481227201813
sub-014,0,0.355939635666265
sub-014,0,0.5652970437106581
sub-014,0,0.5243981719655976
sub-014,0,0.7122876320668512
sub-014,0,0.5938387653237507
sub-014,1,0.6050847323333772
sub-014,0,0.6230131558047883
sub-014,1,0.7113064314043994
sub-014,0,0.44687607791994094
sub-014,1,0.7962623164373258
sub-014,0,0.5162538474863823
sub-014,0,0.449180309624777
sub-014,0,0.4353497436968334
sub-014,0,0.5709278403432064
sub-014,0,0.5540830702988453
sub-014,0,0.675002223918418
sub-014,0,0.5920625612036178
sub-014,0,0.5711196761758377
sub-014,1,0.6755561343057711
sub-014,0,0.7244420545474355
sub-014,0,0.5210107153349943
sub-014,0,0.5328351520686889
sub-014,0,0.6014865319825354
sub-014,0,0.6669678095300658
sub-014,0,0.44401004289050733
sub-014,0,0.4279696494069233
sub-014,0,0.4612661780199392
sub-014,0,0.531452960977187
sub-014,0,0.3659807218728824
sub-014,0,0.5850366534789971
sub-014,1,0.6469952377196218
sub-014,0,0.6407519798859722
sub-014,0,0.5299837089117497
sub-014,0,0.6265521735966413
sub-014,0,0.7190787273660775
sub-014,0,0.4350056278594028
sub-014,0,0.4932456437165943
sub-014,0,0.538117510164591
sub-014,0,0.46330682376016
sub-014,1,0.6860745872278965
sub-014,0,0.4397196480056328
sub-014,0,0.4214593422479069
sub-014,0,0.7347211965379294
sub-014,1,0.7532520169204556
sub-014,0,0.6953234375257229
sub-014,0,0.6464543192691756
sub-014,1,0.7364759962004539
sub-014,0,0.4462748793805663
sub-014,1,0.8262670727719479
sub-014,0,0.4500786946848824
sub-014,0,0.46739688955554054
sub-014,0,0.4751583801705433
sub-014,0,0.4310366140767916
sub-014,1,0.6262711668879447
sub-014,1,0.6709219008713586
sub-014,0,0.41184725653257503
sub-014,0,0.33143637473679205
sub-014,1,0.49380570348596914
sub-014,0,0.4602436397117335
sub-014,0,0.6093816128136249
sub-014,0,0.456380989637025
sub-014,1,0.7070602070278821
sub-014,1,0.7649642594905293
sub-014,0,0.6258814996843266
sub-014,1,0.6624402622033143
sub-014,0,0.510320853046441
sub-014,1,0.6059414390689674
sub-014,1,0.7960688839783683
sub-014,0,0.32977912413168786
sub-014,0,0.3904516401493298
sub-014,0,0.4020262055574322
sub-014,0,0.5747952103772973
sub-014,0,0.5393540293769332
sub-014,0,0.35039527166544454
sub-014,0,0.5046991057742521
sub-014,0,0.37699278822634785
sub-014,1,0.6471492344226849
sub-014,0,0.5785395344285965
sub-014,1,0.650332422774616
sub-014,1,0.7261494245399458
sub-014,1,0.6314511492978381
sub-014,0,0.5751946363594946
sub-014,0,0.38233191046333287
sub-014,0,0.42944448609857666
sub-014,0,0.5294157647228928
sub-014,0,0.6255319710830318
sub-014,0,0.6272021889945334
sub-014,1,0.5754045226013205
sub-014,0,0.5328340291385679
sub-014,0,0.44725504720141634
sub-014,0,0.40229152226971326
sub-014,0,0.49260685139849636
sub-014,0,0.36653280631560714
sub-014,0,0.39505412462218564
sub-014,1,0.595187714738091
sub-014,0,0.5043222683946403
sub-014,0,0.47168911675652886
sub-014,0,0.5338211515936446
sub-014,0,0.46394890192653926
sub-014,0,0.4367878772194405
sub-014,0,0.45716674493551596
sub-014,0,0.5748032708082638
sub-014,0,0.5952537892383225
sub-014,0,0.5829459147059919
sub-014,1,0.803775999062589
sub-014,0,0.6426943124007517
sub-014,1,0.7047748839830762
sub-014,0,0.3973705970997218
sub-014,0,0.6043113639953105
sub-014,0,0.5191371245371346
sub-014,0,0.5524792358318962
sub-014,0,0.49497684205460785
sub-014,0,0.48643871420000045
sub-014,0,0.4066516602831035
sub-014,0,0.5319952119163883
sub-014,0,0.5640151403669633
sub-014,1,0.680037488504728
sub-014,1,0.7573638237383961
sub-014,0,0.4197907868350251
sub-014,0,0.5096163191187761
sub-014,0,0.5002818753826257
sub-014,1,0.6506250584385693
sub-014,1,0.6976856568797293
sub-014,0,0.46179942195187607
sub-014,0,0.41119946385119416
sub-014,0,0.5015697188514164
sub-014,0,0.5097234758998825
sub-014,1,0.8585588970140102
sub-014,0,0.34759970750834746
sub-014,0,0.5062529600110058
sub-014,0,0.5130366550704347
sub-014,1,0.8044866421018335
sub-014,1,0.7673403006403322
sub-014,0,0.4501876935287938
sub-014,1,0.680894097010499
sub-014,0,0.4455532584206155
sub-014,0,0.6161527758491895
sub-014,1,0.7211614287021555
sub-014,1,0.7656196544136159
sub-014,0,0.4778903760034698
sub-014,1,0.7295938493799492
sub-014,0,0.5441879905732303
sub-014,0,0.4131007842654634
sub-014,0,0.4088686196693463
sub-014,0,0.3945403062315093
sub-014,0,0.48938673790085857
sub-014,0,0.5230113457694863
sub-014,0,0.4061264824845432
sub-014,0,0.5231671985834621
sub-014,0,0.5142376785582152
sub-014,0,0.5883652189145901
sub-014,0,0.4803993566991184
sub-014,1,0.6258555765614346
sub-014,1,0.6649027083772069
sub-014,1,0.5512232724638451
sub-014,0,0.5281649175973862
sub-014,0,0.39908180856583925
sub-014,0,0.5029718898043916
sub-014,0,0.5644345806987151
sub-014,0,0.5587419734932428
sub-014,1,0.6079652570910615
sub-014,1,0.8124497033211852
sub-014,0,0.4183640700502638
sub-015,0,0.340411452492974
sub-015,0,0.3579344333872862
sub-015,0,0.38334079790882575
sub-015,0,0.3417690169381612
sub-015,0,0.35072139286227466
sub-015,0,0.2778355535974994
sub-015,0,0.2789926482547793
sub-015,0,0.2925547658712888
sub-015,1,0.41279029956106733
sub-015,0,0.284565141375387
sub-015,1,0.42093018005001853
sub-015,0,0.4032702394737108
sub-015,0,0.30692531723007815
sub-015,0,0.3291131660170948
sub-015,0,0.3555362054343656
sub-015,0,0.26279903554733014
sub-015,0,0.3768550553405602
sub-015,1,0.459681750641135
sub-015,1,0.3214821857779111
sub-015,0,0.3577104942293212
sub-015,1,0.40901907580049884
sub-015,0,0.3412020608651544
sub-015,0,0.3433315075575707
sub-015,0,0.28704111183260733
sub-015,0,0.3516549574739922
sub-015,0,0.3436007143043493
sub-015,0,0.2871177893154651
sub-015,0,0.2811398280991715
sub-015,0,0.315735671441366
sub-015,0,0.3362866177797843
sub-015,0,0.28342629357728133
sub-015,0,0.39273816488563484
sub-015,0,0.2970294548317543
sub-015,0,0.2952997424010047
sub-015,0,0.454164287178495
sub-015,0,0.3402607868699278
sub-015,0,0.2734808389442563
sub-015,0,0.3571848270171361
sub-015,0,0.2742327795419308
sub-015,0,0.4292992943865732
sub-015,0,0.3773108690056897
sub-015,0,0.2741255579925853
sub-015,0,0.3947297763733947
sub-015,0,0.3340559597549124
sub-015,0,0.30258148070434604
sub-015,0,0.3308247679172046
sub-015,1,0.4426999033272928
sub-015,1,0.3986377147802611
sub-015,0,0.26463531596683676
sub-015,0,0.25024390008832637
sub-015,0,0.3501141333798344
sub-015,0,0.3057123718914471
sub-015,1,0.3859045412783298
sub-015,1,0.4082547618904767
sub-015,1,0.40806965209937934
sub-015,1,0.5714840642183766
sub-015,0,0.3045083615295366
sub-015,0,0.42715299538828755
sub-015,0,0.3038949549705892
sub-015,1,0.388166421710457
sub-015,0,0.3937976087463688
sub-015,1,0.3674194615718888
sub-015,0,0.32109118195294967
sub-015,0,0.3435172008778426
sub-015,0,0.3886897834853196
sub-015,0,0.3013584355406172
sub-015,0,0.3925411694944686
sub-015,0,0.3726015446006692
sub-015,0,0.2872754074697183
sub-015,0,0.30565248774921083
sub-015,0,0.28412327535494175
sub-015,1,0.3834167635104549
sub-015,0,0.34284403592937773
sub-015,0,0.30594464118304143
sub-015,0,0.3584456784153865
sub-015,0,0.37419542193240113
sub-015,0,0.3452435304994856
sub-015,0,0.30149809661044663
sub-015,0,0.29893658481232327
sub-015,0,0.3617233792724269
sub-015,0,0.33198463621438995
sub-015,0,0.32948841784502525
sub-015,0,0.2466930898811839
sub-015,1,0.39443784319952774
sub-015,0,0.3042087720636349
sub-015,0,0.395608504654855
sub-015,0,0.34471160470000944
sub-015,0,0.3878674802811519
sub-015,1,0.4463699039780035
sub-015,1,0.43676188547529127
sub-015,0,0.3675067723025237
sub-015,0,0.4042552897575095
sub-015,1,0.45001780540484004
sub-015,1,0.44766611136943524
sub-015,0,0.3824789136268278
sub-015,0,0.3081006918135184
sub-015,1,0.6068351009095532
sub-015,0,0.36791283888543086
sub-015,1,0.4786227603534808
sub-015,1,0.3444103425240166
sub-015,0,0.3238294286146876
sub-015,0,0.3280592200608142
sub-015,0,0.312759140692857
sub-015,0,0.4402374045908758
sub-015,0,0.30974758249300344
sub-015,1,0.6126431738275898
sub-015,1,0.36893318274533293
sub-015,1,0.5371049435316969
sub-015,0,0.3961940973387843
sub-015,0,0.30272044644163654
sub-015,0,0.28331444031224795
sub-015,0,0.23168847357297717
sub-015,0,0.3230384303762342
sub-015,0,0.29312016677446534
sub-015,0,0.32104944370735566
sub-015,0,0.33576747055355627
sub-015,1,0.3930595957065394
sub-015,1,0.3520727232423007
sub-015,0,0.30952588142287524
sub-015,0,0.2953431528145961
sub-015,1,0.3339871865479034
sub-015,0,0.3035198191817842
sub-015,1,0.3709732039656889
sub-015,0,0.34020703864229895
sub-015,0,0.2898658610256404
sub-015,0,0.2827333934557726
sub-015,0,0.2939896710744392
sub-015,0,0.29503876612968355
sub-015,1,0.4127162862141184
sub-015,0,0.29898670661389626
sub-015,0,0.2793641275684284
sub-015,0,0.27898495759520586
sub-015,0,0.32951261973667306
sub-015,0,0.27173168744652254
sub-015,0,0.29312468721742824
sub-015,0,0.34798128658259064
sub-015,0,0.34243458525132325
sub-015,1,0.4278091147564282
sub-015,0,0.2523542788823662
sub-015,0,0.3492889968537406
sub-015,0,0.2864747115566498
sub-015,0,0.29079445207700716
sub-015,0,0.2815433704877797
sub-015,1,0.38050746207606756
sub-015,0,0.2985879158430058
sub-015,0,0.29024880231219113
sub-015,0,0.28989851135635986
sub-015,1,0.32763734606466394
sub-015,0,0.3200715938831874
sub-015,0,0.33593560421354235
sub-015,0,0.29871694680811617
sub-015,0,0.2978687896137552
sub-015,0,0.34217884151852573
sub-015,0,0.3173960363585639
sub-015,0,0.31507466922160665
sub-015,1,0.3144832926677818
sub-015,1,0.37801922849162933
sub-015,0,0.3130535289395697
sub-015,1,0.35779207617038605
sub-015,1,0.3202086468036739
sub-015,0,0.2807545695204431
sub-015,1,0.33571220117104894
sub-015,0,0.3860729504586241
sub-015,1,0.3300615387728074
sub-015,1,0.5152857530436601
sub-015,0,0.2704392413928742
sub-015,1,0.2985501861190563
sub-015,1,0.46497774845308437
sub-015,1,0.41884185253188294
sub-015,1,0.38551660319165887
sub-015,1,0.4119474559090508
sub-015,0,0.36842999179458413
sub-015,1,0.48802095514497157
sub-015,1,0.41319846285813217
sub-015,0,0.35016529099087973
sub-015,1,0.42841724245673674
sub-015,0,0.2772796145916143
sub-015,0,0.3126964416663659
sub-015,1,0.31708560628323823
sub-015,0,0.2808100386553259
sub-015,0,0.30207750530176813
sub-015,0,0.2521134253425209
sub-015,1,0.39146863603020565
sub-015,1,0.36044191252868435
sub-015,1,0.5415729590276883
sub-015,0,0.29833267230055865
sub-015,0,0.32817075416893315
sub-015,0,0.32296576589301185
sub-015,1,0.4062126469637719
sub-015,0,0.3786439655391698
sub-015,1,0.37916990107090853
sub-015,1,0.3666529623192702
sub-015,0,0.2960419069750372
sub-015,0,0.3237156447704129
sub-015,0,0.3082589798500113
sub-015,0,0.3076514851325776
sub-015,0,0.27516179119311845
sub-015,0,0.2948047751280309
sub-015,1,0.3977671146321373
sub-015,1,0.8951360830704039
sub-015,1,0.41772771009948517
sub-015,0,0.3055985167904418
sub-015,0,0.34832427170243285
sub-015,0,0.352740598758795
sub-015,0,0.3394483205656609
sub-015,1,0.36662964609188026
sub-015,0,0.2452379482459518
sub-015,1,0.3357342493604532
sub-015,1,0.3443593664852854
sub-015,1,0.5837396321444348
sub-015,0,0.30192356479144933
sub-015,0,0.2838261406501027
sub-015,0,0.25550680754238786
sub-015,1,0.30495020143750906
sub-015,1,0.5278853864389506
sub-015,0,0.30145269822749315
sub-015,0,0.30872254355804746
sub-015,0,0.31005519477299454
sub-015,0,0.29035711697219235
sub-015,0,0.2858880791690851
sub-015,0,0.2902101527907765
sub-015,1,0.37946972331632833
sub-015,0,0.26419440799083654
sub-015,1,0.33455946008803944
sub-015,1,0.47007615482407666
sub-015,0,0.28629619265783285
sub-015,1,0.3235731742626945
sub-015,1,0.3733865705663112
sub-015,0,0.2784360987959721
sub-015,0,0.32834888733262724
sub-015,0,0.27683320065085826
sub-015,1,0.39828269982450265
sub-015,1,0.3783640903956112
sub-015,0,0.24058056511497486
sub-015,0,0.2653872487379926
sub-015,0,0.30892438250903703
sub-016,0,0.37554093714186015
sub-016,0,0.29776117380631867
sub-016,0,0.2923017128984121
sub-016,0,0.3624619611596813
sub-016,0,0.29650824413907956
sub-016,0,0.3026547927688341
sub-016,1,0.5258004899968655
sub-016,0,0.3057048182643027
sub-016,1,0.45667852327034836
sub-016,1,0.6979424285159819
sub-016,1,0.6287889769163812
sub-016,1,0.4808321763629271
sub-016,0,0.30439172315084956
sub-016,0,0.30819702804126725
sub-016,0,0.29075958631681115
sub-016,0,0.24967329430465024
sub-016,0,0.2976587080090291
sub-016,1,0.2733003003285024
sub-016,1,0.31010403870209463
sub-016,0,0.2559008826819188
sub-016,0,0.27917163428552183
sub-016,0,0.3041607361505681
sub-016,0,0.2401438510588169
sub-016,0,0.32144078713128665
sub-016,0,0.2920224105884578
sub-016,1,0.3809466403049152
sub-016,1,0.22679486205418878
sub-016,0,0.2861654688464252
sub-016,0,0.37293727257473874
sub-016,0,0.2903148785414789
sub-016,1,0.40070110084984206
sub-016,1,0.3485762519782259
sub-016,1,0.2804842303771891
sub-016,1,0.2755232381405003
sub-016,1,0.6285625786224444
sub-016,1,0.43575506127305186
sub-016,1,0.4242435504304286
sub-016,0,0.2504641132805923
sub-016,0,0.23926951822819287
sub-016,0,0.24287325243409683
sub-016,0,0.2626470499350729
sub-016,0,0.27878486962081717
sub-016,1,0.23694655369689677
sub-016,0,0.30457483914923267
sub-016,1,0.41835791456646304
sub-016,0,0.2694666208247707
sub-016,0,0.28166190416839
sub-016,1,0.30192678428076586
sub-016,0,0.3626107960156487
sub-016,1,0.32753439376985943
sub-016,1,0.40746552044894757
sub-016,0,0.3623516328905913
sub-016,0,0.3483425434949395
sub-016,1,0.4474650749279193
sub-016,0,0.336378176215558
sub-016,0,0.32795225893340074
sub-016,0,0.3310448907547534
sub-016,0,0.22967685958310166
sub-016,0,0.30425396511190383
sub-016,0,0.24589286895754878
sub-016,0,0.32438850728270446
sub-016,0,0.29307512609797787
sub-016,1,0.30598292705649816
sub-016,0,0.3104142532211564
sub-016,0,0.3558220780451443
sub-016,0,0.2976246433898517
sub-016,0,0.28191358972118535
sub-016,0,0.32347376191995514
sub-016,1,0.34652793609764543
sub-016,0,0.2929830029715095
sub-016,0,0.32961469345712624
sub-016,1,0.34919686806500555
sub-016,1,0.5176176540647671
sub-016,0,0.33600539960873177
sub-016,1,0.4933776092604045
sub-016,0,0.33937450068389424
sub-016,0,0.2849779486295569
sub-016,0,0.2984387819690997
sub-016,0,0.34142963456454634
sub-016,0,0.31443380165691925
sub-016,1,0.3698238761527344
sub-016,0,0.3180280239082667
sub-016,0,0.3127592860324815
sub-016,0,0.3219898997650033
sub-016,1,0.5131028897329099
sub-016,1,0.5193023127009001
sub-016,0,0.26756412593701295
sub-016,0,0.30435920384387494
sub-016,0,0.2800626403950309
sub-016,1,0.3326738209791765
sub-016,0,0.28568286901985573
sub-016,0,0.24577765331401893
sub-016,0,0.30446995623983075
sub-016,0,0.2891419868604112
sub-016,0,0.3360798424366007
sub-016,1,0.4705876127769021
sub-016,0,0.3128462721641962
sub-016,0,0.3075747827308656
sub-016,0,0.2913436697232636
sub-016,0,0.3127364962422426
sub-016,0,0.28713264275014216
sub-016,0,0.29965453360763933
sub-016,0,0.2785416511194241
sub-016,0,0.31211705393158373
sub-016,1,0.46329924809695266
sub-016,1,0.32087331043247846
sub-016,1,0.28224428044739136
sub-016,0,0.3422001618208046
sub-016,0,0.28829501628424853
sub-016,1,0.41127865320939494
sub-016,0,0.2694866490528572
sub-016,0,0.29610786859916766
sub-016,0,0.4005481595767902
sub-016,0,0.3078154636368806
sub-016,1,0.3068842598650336
sub-016,0,0.27798986130101616
sub-016,0,0.3392617239425253
sub-016,0,0.3414315960946293
sub-016,0,0.40111940087255615
sub-016,0,0.3934600587530611
sub-016,1,0.5005867195421769
sub-016,1,0.4992762477387028
sub-016,0,0.31642872974774344
sub-016,0,0.37427839346364394
sub-016,1,0.41869349010515994
sub-016,0,0.3463323749729518
sub-016,0,0.3738605600097449
sub-016,0,0.40854493890159704
sub-016,0,0.3614519204423156
sub-016,0,0.35335556608063934
sub-016,0,0.32796870794658717
sub-016,0,0.4551465242046422
sub-016,1,0.5159217063809247
sub-016,1,0.7235647731167132
sub-016,0,0.39089414862125654
sub-016,1,0.750341715806005
sub-016,1,0.6619026490862505
sub-016,0,0.5686789818996995
sub-016,1,0.635705190853258
sub-016,1,0.4666833647292348
sub-016,1,0.44337740790845026
sub-016,0,0.39370379743398454
sub-016,1,0.5169094830995559
sub-016,1,0.5310148312531106
sub-016,0,0.28867544132210854
sub-016,0,0.4102252488498353
sub-016,0,0.36053287277714097
sub-016,0,0.40711917276484416
sub-016,0,0.35909896988637446
sub-016,0,0.4836850712826305
sub-016,0,0.38266130595591274
sub-016,0,0.36132758266767373
sub-016,1,0.4629684599709772
sub-016,1,0.40090971075364257
sub-016,0,0.5063838090457565
sub-016,1,0.3894407585894709
sub-016,0,0.33383419230285194
sub-016,1,0.5034507794564174
sub-016,1,0.4820894298859927
sub-016,0,0.4155008696958425
sub-016,0,0.29457910492380207
sub-016,1,0.3785857817380247
sub-016,0,0.4600776738199471
sub-016,1,0.6383274078318218
sub-016,0,0.3475068800812414
sub-016,1,0.6347742665607634
sub-016,0,0.4357570834641791
sub-016,1,0.4904401828902508
sub-016,1,0.3839577662498344
sub-016,1,0.4779535280824784
sub-016,0,0.5134440716943225
sub-016,0,0.4236513965803824
sub-016,0,0.34952910040292523
sub-016,0,0.32474582140158825
sub-016,0,0.4984971469359622
sub-016,0,0.3403288017108487
sub-016,0,0.38529801409402764
sub-016,1,0.6074336016885516
sub-016,0,0.47217740026571114
sub-016,0,0.3592540648012721
sub-016,0,0.4549596056235941
sub-016,0,0.5575850982255287
sub-016,0,0.3218081380077501
sub-016,0,0.3173436732672507
sub-016,0,0.43078426591269836
sub-016,0,0.5070157566388674
sub-016,0,0.3892148554307117
sub-016,0,0.3054519234705544
sub-016,0,0.527389802645078
sub-016,0,0.3711846691621364
sub-016,0,0.44042254945830406
sub-016,0,0.5088566448771096
sub-016,0,0.44521381897897455
sub-016,0,0.4941724823724274
sub-016,1,0.5410179637728352
sub-016,0,0.3870548035240942
sub-016,0,0.3406791949187358
sub-016,0,0.38530354980599074
sub-016,0,0.34805742733528067
sub-016,0,0.4472140448207421
sub-016,1,0.5410943547524105
sub-016,1,0.6224339222233879
sub-016,1,0.607421338859969
sub-016,1,0.4474261953906356
sub-016,1,0.5967856755291326
sub-016,1,0.5130481005332187
sub-016,1,0.43088443024404616
sub-016,1,0.5507024992905931
sub-016,1,0.4569100071871018
sub-016,0,0.4706637490632796
sub-016,1,0.6864778609889257
sub-016,1,0.5733113770839994
sub-016,0,0.5312946869051682
sub-016,1,0.5344729926807995
sub-016,1,0.5945507094232898
sub-016,0,0.29169066627344886
sub-016,0,0.46587857278402167
sub-016,1,0.9016927653648482
sub-016,1,0.44993308183724023
sub-016,0,0.41247236458020237
sub-016,0,0.5008690013503578
sub-016,1,0.6267707085804699
sub-016,0,0.4117804378244608
sub-016,1,0.4980022183614629
sub-016,0,0.3214630815742833
sub-016,0,0.4459474894735132
sub-016,0,0.42084913098795923
sub-016,0,0.5749558256801424
sub-016,0,0.5086361053067691
sub-016,0,0.43538268496506616
sub-016,1,0.657158762423549
sub-016,1,0.4412970493130793
sub-016,0,0.2751612875121873
sub-016,0,0.4679315698280719
sub-016,1,0.894659532593241
sub-016,0,0.4548735340088882
sub-017,1,0.7911672684179358
sub-017,0,0.4826049965592507
sub-017,0,0.29549281874194416
sub-017,0,0.4249549004036767
sub-017,0,0.28405014968985653
sub-017,0,0.1861009277559042
sub-017,0,0.4112580873470138
sub-017,1,0.5523244888109293
sub-017,0,0.16887955176678832
sub-017,1,0.006787799027565995
sub-017,0,0.23512845816040379
sub-017,1,0.6113940408061256
sub-017,0,0.3682692775870346
sub-017,1,0.44895859960134776
sub-017,1,0.5853829231072908
sub-017,0,0.30544814680895965
sub-017,0,0.08985290256017844
sub-017,1,0.1529930340557919
sub-017,1,0.1260834824871377
sub-017,0,0.07440405991809182
sub-017,1,0.3096921992809967
sub-017,0,0.2110999655814543
sub-017,1,0.6113185037818686
sub-017,0,0.3413033577444961
sub-017,0,0.5082528640303785
sub-017,1,0.0017322585820511486
sub-017,0,0.4090371053161947
sub-017,0,0.3741087776927453
sub-017,0,0.4542464341941879
sub-017,0,0.21132714308094305
sub-017,0,0.3955898612569959
sub-017,0,0.2726622699753157
sub-017,0,0.37966200715443604
sub-017,0,0.44025842891148637
sub-017,1,0.9777318807067094
sub-017,1,0.5514292810497358
sub-017,1,0.05517590247999356
sub-017,0,0.40780182305526586
sub-017,0,0.34100107126539214
sub-017,1,0.2774887715795986
sub-017,1,0.9896662082923644
sub-017,1,0.30129668463713155
sub-017,0,0.22652276647143013
sub-017,0,0.17156126647593103
sub-017,0,0.23966089832046442
sub-017,0,0.3523807435894401
sub-017,0,0.2513269397510073
sub-017,0,0.3040180693712156
sub-017,0,0.40723212606788217
sub-017,0,0.3155167018535725
sub-017,0,0.27642508072252386
sub-017,1,0.27421119395201554
sub-017,0,0.25048603542933245
sub-017,1,0.5235241239016806
sub-017,1,0.2520405883649263
sub-017,1,0.28159547471142526
sub-017,1,0.38093774445303324
sub-017,1,0.19877937399398402
sub-017,0,0.4592318905380153
sub-017,0,0.08232024893472338
sub-017,0,0.25865817159564
sub-017,0,0.33926308156227997
sub-017,1,0.8112639329189187
sub-017,0,0.4849913452419156
sub-017,0,0.48777818708906223
sub-017,0,0.3358785357152952
sub-017,0,0.37428608141332836
sub-017,1,0.3658873624989097
sub-017,1,0.7833611328155119
sub-017,1,0.4999322616915852
sub-017,1,0.7595186939314884
sub-017,0,0.3449189338016264
sub-017,1,0.13028951343778597
sub-017,1,0.39430712516703875
sub-017,0,0.21521177841355685
sub-017,1,0.17496593624881493
sub-017,1,0.5266723410978044
sub-017,0,0.3386736128269866
sub-017,1,0.9659480814471705
sub-017,1,0.5030312562655552
sub-017,0,0.5173560474890541
sub-017,1,0.4126054681985232
sub-017,0,0.3572291710622828
sub-017,0,0.033071725371104435
sub-017,1,0.2314169725068045
sub-017,0,0.4443956362928617
sub-017,0,0.2305314069669552
sub-017,0,0.30801002337388655
sub-017,0,0.35464294955912007
sub-017,0,0.15634371092460933
sub-017,0,0.21833275952483586
sub-017,1,0.5069950545150091
sub-017,1,0.7295996212446558
sub-017,0,0.3650990617430259
sub-017,1,0.12161620049298291
sub-017,0,0.30504090023533126
sub-017,0,0.267215645000798
sub-017,0,0.06627852077997676
sub-017,0,0.4332515409239121
sub-017,1,0.05351066264342404
sub-017,0,0.07308398580145775
sub-017,1,0.5286280541952967
sub-017,1,0.617457341292974
sub-017,1,0.25785880790259874
sub-017,1,0.6225421540774673
sub-017,0,0.3518273942382946
sub-017,0,0.2817914910312479
sub-017,1,0.2869449631538602
sub-017,0,0.3340228949099855
sub-017,1,0.3618975107148294
sub-017,0,0.4047687587795506
sub-017,1,0.5178192678568475
sub-017,1,0.4265578198017879
sub-017,0,0.33064750623169004
sub-017,0,0.25568301268433985
sub-017,1,0.2507397275033095
sub-017,0,0.06192634048582581
sub-017,1,0.2707453269326087
sub-017,0,0.15537904607652825
sub-017,0,0.13359038142836757
sub-017,1,0.20707192938998106
sub-017,0,0.18478165632003377
sub-017,1,0.3870160900820909
sub-017,1,0.29571569762364036
sub-017,0,0.3094442976428786
sub-017,1,0.276595457312527
sub-017,1,0.34845199717267095
sub-017,1,0.5354130596666321
sub-017,0,0.2325363510653099
sub-017,1,0.23603197814772717
sub-017,1,0.23844123528899297
sub-017,0,0.19663745748147324
sub-017,1,0.3685994331834881
sub-017,1,0.485609775328411
sub-017,1,0.5012507365196184
sub-017,1,0.3247822030258924
sub-017,1,0.45577337401105866
sub-017,1,0.5531660365931046
sub-017,0,0.34220711474755017
sub-017,0,0.23336137314847033
sub-017,1,0.3555705829134891
sub-017,0,0.18988476767689327
sub-017,0,0.2347840485997891
sub-017,1,0.38946958993056674
sub-017,1,0.3034319862244383
sub-017,0,0.1319821497179695
sub-017,0,0.18749083670241518
sub-017,1,0.42452775065101633
sub-017,1,0.39122624597326344
sub-017,1,0.1942642586193388
sub-017,0,0.30967762417288974
sub-017,0,0.20309340400934367
sub-017,1,0.05559297827913454
sub-017,0,0.14816730564764394
sub-017,1,0.05110632003959164
sub-017,1,0.07523071628765438
sub-017,0,0.05785780581280314
sub-017,0,0.23302313273908556
sub-017,0,0.22431882426073427
sub-017,0,0.15405502889803865
sub-017,0,0.18794691979369516
sub-017,1,0.2679477111759559
sub-017,1,0.20680664868380452
sub-017,0,0.19112430637189964
sub-017,1,0.3531025208727658
sub-017,1,0.47824172199757314
sub-017,1,0.3823765513037862
sub-017,0,0.08435906486091689
sub-017,1,0.4770254642606746
sub-017,1,0.7735120897823676
sub-017,1,0.4569234235375141
sub-017,0,0.18940116734147364
sub-017,0,0.16151068465091092
sub-017,0,0.17424293749510159
sub-017,0,0.38632625259411785
sub-017,0,0.31232126411749433
sub-017,1,0.26739212856960026
sub-017,1,0.368371684093504
sub-017,1,0.35225252960782577
sub-017,0,0.21684126667023185
sub-017,1,0.34449569515895456
sub-017,1,0.29671774558803377
sub-017,0,0.41146687977566965
sub-017,1,0.404489481328598
sub-017,0,0.2508996984792326
sub-017,0,0.3110236225962436
sub-017,1,0.29162098167867495
sub-017,1,0.37240723460623715
sub-017,1,0.3205811241340783
sub-017,1,0.32275074148363314
sub-017,1,0.4038893454799489
sub-017,0,0.20925359815244504
sub-017,1,0.5326253772509763
sub-017,1,0.5788000011418358
sub-017,1,0.4468465439607261
sub-017,1,0.5079245120148557
sub-017,1,0.3296052316053355
sub-017,1,0.5949288243136742
sub-017,1,0.5194260826233467
sub-017,1,0.22938893550270575
sub-017,1,0.08582691353071781
sub-017,1,0.5688554819785859
sub-017,1,0.5238299811577616
sub-017,1,0.7351860519050258
sub-017,1,0.13985762149558928
sub-017,1,0.17728909298221418
sub-017,0,0.12460534511314544
sub-017,0,0.06228099773019959
sub-017,1,0.24084044567771531
sub-017,1,0.10828547913822649
sub-017,1,0.13310750721949124
sub-017,0,0.2248137145022779
sub-017,0,0.16030996451571386
sub-017,1,0.3412427574627448
sub-017,0,0.24616207970500956
sub-017,1,0.6009325670983223
sub-017,1,0.13862112461228046
sub-017,1,0.3975940778760854
sub-017,1,0.5020367930631424
sub-017,1,0.47460371382898603
sub-017,1,0.5626513638511209
sub-017,0,0.34545892547511897
sub-017,1,0.6214619561570259
sub-017,0,0.139613644806759
sub-017,0,0.21269713793985995
sub-017,1,0.41940561415055666
sub-017,0,0.22098519163761218
sub-017,0,0.2481888317982962
sub-017,1,0.4116582841474585
sub-017,1,0.3792100374196292
sub-017,1,0.3506627951872757
sub-017,1,0.30725741223186276
sub-017,1,0.2786851942729185
sub-017,1,0.37120377846566205
sub-017,0,0.22155027145229636
sub-017,1,0.3231142704054739
sub-018,0,0.22722568078975372
sub-018,0,0.2530666359318967
sub-018,0,0.23437059725682619
sub-018,1,0.5292497537017993
sub-018,1,0.40193832997867446
sub-018,0,0.2741293123088898
sub-018,0,0.2386965681419731
sub-018,0,0.281262163398699
sub-018,1,0.9999174575919967
sub-018,0,0.27306726004654935
sub-018,0,0.2695938098085206
sub-018,1,0.2684123459102556
sub-018,0,0.22599835700065912
sub-018,1,0.26200990162152116
sub-018,0,0.22164851624470164
sub-018,1,0.33336678014181936
sub-018,0,0.6850500964070076
sub-018,0,0.336653639123235
sub-018,0,0.2822519571408661
sub-018,0,0.25493565237198906
sub-018,0,0.23956302311935793
sub-018,0,0.2976559108614881
sub-018,0,0.21029707847401216
sub-018,0,0.20668662674671362
sub-018,0,0.2146598425742609
sub-018,0,0.25089708920510573
sub-018,0,0.4264257375947249
sub-018,0,0.47160339692891456
sub-018,0,0.45285951766042926
sub-018,1,0.2639651836881116
sub-018,0,0.276754858536179
sub-018,1,0.9987327772788855
sub-018,0,0.24485292601623299
sub-018,0,0.23526299109317114
sub-018,1,0.2969907620263933
sub-018,0,0.27771752849294257
sub-018,0,0.45203097095764855
sub-018,1,0.49809137517684143
sub-018,0,0.36992290410239753
sub-018,0,0.24710838255831724
sub-018,0,0.26083899194626564
sub-018,1,0.27688300596014
sub-018,0,0.3016079911205565
sub-018,0,0.366570790301164
sub-018,1,0.999999999999998
sub-018,1,0.2076861205466616
sub-018,0,0.23289284265422922
sub-018,0,0.37654352360713694
sub-018,0,0.25449114593007316
sub-018,0,0.30754633441663476
sub-018,0,0.29535001116702003
sub-018,1,0.27756743671117917
sub-018,1,0.30727497872406845
sub-018,0,0.2717131413397932
sub-018,1,0.3095270645649341
sub-018,0,0.2294043274660635
sub-018,0,0.2756886848185845
sub-018,0,0.2841238149480722
sub-018,0,0.29224249094530086
sub-018,0,0.386300849824082
sub-018,0,0.3607647190053421
sub-018,0,0.2626398068024511
sub-018,1,0.9767919926745912
sub-018,0,0.25464748315728253
sub-018,0,0.2655110708507363
sub-018,1,0.2673850236314166
sub-018,0,0.3101000559315479
sub-018,0,0.24042327034885644
sub-018,0,0.3483282922642583
sub-018,1,0.3252156423775174
sub-018,0,0.2772589765057383
sub-018,0,0.3116300836578122
sub-018,0,0.3331058954201129
sub-018,0,0.23185468406050627
sub-018,0,0.23910399894293521
sub-018,1,0.28147387429609244
sub-018,0,0.24398183317369965
sub-018,1,0.3458677310425315
sub-018,0,0.2653467776590646
sub-018,0,0.22358101116130605
sub-018,0,0.2769609478831477
sub-018,0,0.2565404626500434
sub-018,0,0.4139802666502487
sub-018,0,0.38910104934737416
sub-018,1,0.39169685338027366
sub-018,1,0.2846673662789492
sub-018,0,0.26814007026456477
sub-018,0,0.2980075008123803
sub-018,0,0.27301111524929145
sub-018,1,0.37675933065556294
sub-018,0,0.2746255667569371
sub-018,0,0.2439735169102525
sub-018,0,0.3920255884451952
sub-018,0,0.2362370916483465
sub-018,0,0.2994051181497232
sub-018,0,0.23554774355009941
sub-018,1,0.2662964700141647
sub-018,1,0.26681967895166947
sub-018,1,0.3301322139612901
sub-018,1,0.29928950936527
sub-018,1,0.9818461070522784
sub-018,0,0.22763779575200027
sub-018,0,0.22943168776082007
sub-018,0,0.2672371209737559
sub-018,0,0.28646969051926163
sub-018,0,0.2428883235861024
sub-018,0,0.2737079610970346
sub-018,0,0.1974965089223881
sub-018,0,0.222504329081598
sub-018,0,0.26236170138751236
sub-018,1,0.4486875154986289
sub-018,0,0.5597529120187953
sub-018,0,0.24319024873642453
sub-018,0,0.2281070390556959
sub-018,0,0.22985991688936427
sub-018,0,0.25620878701196803
sub-018,0,0.2677627174822824
sub-018,1,0.2443214598188453
sub-018,1,0.24068993729401622
sub-018,0,0.2757659651308532
sub-018,0,0.284775089931367
sub-018,0,0.3268508285073153
sub-018,0,0.25704690020227905
sub-018,0,0.29209688865656025
sub-018,0,0.30389752523737895
sub-018,0,0.23307129907001056
sub-018,0,0.2945030418385552
sub-018,0,0.2708763890572625
sub-018,0,0.3041403296512707
sub-018,0,0.27951651968288255
sub-018,0,0.37086763998569955
sub-018,0,0.4196921125225154
sub-018,1,0.4177972395351086
sub-018,0,0.2770465500419247
sub-018,0,0.2768746672091471
sub-018,0,0.2839541064784956
sub-018,1,0.8186500418236445
sub-018,0,0.33381886965914637
sub-018,0,0.38803085854115593
sub-018,0,0.35725525142448394
sub-018,0,0.613913372116251
sub-018,0,0.5216913918342241
sub-018,0,0.5504962068350547
sub-018,0,0.2783317329449451
sub-018,0,0.3235675366133809
sub-018,0,0.3619047352985092
sub-018,1,0.23872172049019774
sub-018,0,0.38154841533944117
sub-018,0,0.5215706480164346
sub-018,0,0.29318111666220253
sub-018,0,0.36576265436145583
sub-018,1,0.7512476515141272
sub-018,0,0.4037375552125073
sub-018,0,0.35738224842609456
sub-018,0,0.4119703039393277
sub-018,0,0.4003540711591283
sub-018,0,0.25893656959236716
sub-018,0,0.26754756943011443
sub-018,0,0.3789112941441843
sub-018,1,0.8252132518673923
sub-018,0,0.277259030720731
sub-018,0,0.3139624155083206
sub-018,0,0.23540767997315937
sub-018,0,0.26897967169549947
sub-018,0,0.3367473366726446
sub-018,0,0.36174472860439777
sub-018,0,0.5696805523979135
sub-018,0,0.2998867027411197
sub-018,0,0.5202355866376763
sub-018,0,0.5577334380257383
sub-018,0,0.2799489711439983
sub-018,0,0.32722233111040844
sub-018,0,0.5003279831659303
sub-018,0,0.5029240781545014
sub-018,1,0.2855051023986166
sub-018,0,0.6717485300001019
sub-018,0,0.3756662507026903
sub-018,0,0.3574011267157853
sub-018,0,0.3244000442041673
sub-018,0,0.27641348741601124
sub-018,0,0.30878620722131883
sub-018,0,0.5633736279827914
sub-018,0,0.5565980476333539
sub-018,1,0.30741855059828455
sub-018,0,0.34149281302592804
sub-018,0,0.36580450661908526
sub-018,0,0.3548741311827107
sub-018,0,0.34518354482315444
sub-018,0,0.36798613773605016
sub-018,0,0.2634622504413855
sub-018,0,0.2906911700852862
sub-018,0,0.3907343102249579
sub-018,0,0.5703458804865928
sub-018,0,0.35619386624369875
sub-018,0,0.6048222040244495
sub-018,0,0.3923048874880599
sub-018,1,0.2865956321243309
sub-018,0,0.24928858344546967
sub-018,0,0.2690334215965137
sub-018,0,0.2996446338669584
sub-018,0,0.2979982585439794
sub-018,0,0.3244938996719085
sub-018,0,0.5802094721988243
sub-018,0,0.6465672833435008
sub-018,1,0.8256687349212122
sub-018,0,0.4169166175276601
sub-018,0,0.5451349669790566
sub-018,0,0.39859185579545714
sub-018,0,0.3892969990089846
sub-018,0,0.3712005145366516
sub-018,0,0.4758195915788974
sub-018,0,0.32995697270031615
sub-018,1,0.27887611298638915
sub-018,0,0.3118059904812288
sub-018,0,0.3155181683043445
sub-018,0,0.3202665634855349
sub-018,0,0.27557448280588415
sub-018,1,0.2626401319377431
sub-018,0,0.2435007528546511
sub-018,0,0.32952635769214317
sub-018,1,0.80216431557177
sub-018,0,0.3349713417620314
sub-018,0,0.23427215033953439
sub-018,0,0.24693302666138672
sub-018,0,0.3706004595122903
sub-018,0,0.28029627684449093
sub-018,0,0.326784739071168
sub-018,1,0.9455005601983714
sub-018,0,0.36294466288150273
sub-018,1,0.26760283397578843
sub-018,0,0.32753792349080685
sub-018,0,0.34686274052095173
sub-018,0,0.4495182079861463
sub-018,0,0.275244668561865
sub-018,0,0.5193808092233316
sub-018,0,0.3970629127020575
sub-019,0,0.8348604276161858
sub-019,0,0.9769949151890546
sub-019,0,0.7711049551309376
sub-019,0,0.989206072398908
sub-019,0,0.8499416307504295
sub-019,0,0.966953494198054
sub-019,1,0.9035552570829724
sub-019,0,0.9942463335018296
sub-019,0,0.9895311992104621
sub-019,1,0.9724827603292554
sub-019,1,0.9991669708364367
sub-019,0,0.9847213923331363
sub-019,0,0.9635125815984488
sub-019,0,0.9478938475764328
sub-019,0,0.7189840879698618
sub-019,0,0.7743806797917803
sub-019,0,0.9448709177724011
sub-019,1,0.9484528745790642
sub-019,0,0.7123650671216317
sub-019,0,0.9751353352655239
sub-019,0,0.8908896864524618
sub-019,0,0.7956211876323781
sub-019,0,0.7991672642414327
sub-019,0,0.5471332864604421
sub-019,0,0.7791619744908754
sub-019,0,0.5064090919882661
sub-019,0,0.9178497423232546
sub-019,0,0.9289925823313545
sub-019,0,0.811748860334588
sub-019,0,0.7252622782310968
sub-019,0,0.45500018634710393
sub-019,0,0.8969794430813458
sub-019,0,0.7681063804509891
sub-019,0,0.576852320655724
sub-019,0,0.9587018582733422
sub-019,0,0.9896190280449878
sub-019,0,0.5502509161422577
sub-019,0,0.5380092882834532
sub-019,0,0.5171960129220312
sub-019,0,0.5832077810348771
sub-019,0,0.7823751924195365
sub-019,0,0.6475305785006287
sub-019,0,0.6481799970619292
sub-019,0,0.8618072971845199
sub-019,0,0.6885460593503516
sub-019,0,0.8126965278143427
sub-019,0,0.6087836456078808
sub-019,0,0.9159245548669651
sub-019,0,0.9771542251481075
sub-019,0,0.6031638186006097
sub-019,0,0.9151290718614392
sub-019,0,0.9025742928499121
sub-019,0,0.7139054926535967
sub-019,0,0.8718921776464357
sub-019,0,0.8582719113516338
sub-019,0,0.7692651501950654
sub-019,0,0.8345628178055509
sub-019,0,0.8643155694340243
sub-019,0,0.4718113704736411
sub-019,0,0.8988602196507192
sub-019,0,0.46782484239474836
sub-019,0,0.7321524291557094
sub-019,0,0.7945769688146217
sub-019,0,0.5597781545212189
sub-019,0,0.502381878093516
sub-019,0,0.699804560236168
sub-019,0,0.7609734987305413
sub-019,0,0.4329030730419469
sub-019,0,0.9132058777549301
sub-019,0,0.4974638759099508
sub-019,0,0.44172041119174227
sub-019,0,0.5355548592663466
sub-019,0,0.21252165585869648
sub-019,0,0.2827349880022818
sub-019,0,0.49669999370040147
sub-019,0,0.5566509276924775
sub-019,0,0.5923386399416224
sub-019,0,0.5818749209568647
sub-019,0,0.4670181925530979
sub-019,0,0.7426386817894233
sub-019,0,0.5653488061424597
sub-019,0,0.6261032595736924
sub-019,0,0.7021386443001542
sub-019,0,0.43303400431268757
sub-019,0,0.6797304732816609
sub-019,0,0.5222333638312006
sub-019,1,0.48266153739241396
sub-019,0,0.6337501803328588
sub-019,0,0.5571911094453851
sub-019,1,0.39433399450213924
sub-019,0,0.49304430687156364
sub-019,0,0.5038249299563872
sub-019,0,0.4906517802613523
sub-019,0,0.46981288246972774
sub-019,0,0.4800984000394711
sub-019,1,0.5822684993345238
sub-019,0,0.35854941558766845
sub-019,0,0.5517770956442509
sub-019,0,0.7630781957995303
sub-019,0,0.45317629232798184
sub-019,0,0.40749916117514395
sub-019,0,0.626472396398315
sub-019,0,0.4120918504480046
sub-019,0,0.37134855862130006
sub-019,0,0.7557262780156743
sub-019,1,0.6628112640882308
sub-019,1,0.4046821989117871
sub-019,0,0.5857306195280171
sub-019,0,0.4658661005179898
sub-019,0,0.6426971405907159
sub-019,1,0.35160040522647773
sub-019,1,0.4698912798200749
sub-019,0,0.5724821913382011
sub-019,0,0.4834488470901944
sub-019,0,0.635807670952699
sub-019,0,0.4118597984279284
sub-019,0,0.91064524792989
sub-019,1,0.9803595248992178
sub-019,0,0.9652036504276528
sub-019,0,0.768133555402879
sub-019,1,0.991638964846923
sub-019,1,0.9961258803311241
sub-019,0,0.9926894133019396
sub-019,1,0.9354524568274998
sub-019,1,0.9985239194597482
sub-019,1,0.9930089208210282
sub-019,1,0.9072837239395833
sub-019,1,0.9944784866246679
sub-019,0,0.6438418193970278
sub-019,1,0.999939502764918
sub-019,1,0.9985842105371614
sub-019,0,0.9733275202048839
sub-019,0,0.9286273127182624
sub-019,0,0.9155698074325177
sub-019,1,0.969075966778803
sub-019,0,0.973805153641353
sub-019,1,0.9960208619906248
sub-019,1,0.9999949707566215
sub-019,0,0.8380781113721105
sub-019,1,0.9583598627642256
sub-019,0,0.9063261113052893
sub-019,1,0.9919468466114475
sub-019,1,0.951326556282895
sub-019,0,0.9405708483499623
sub-019,1,0.9728854760940638
sub-019,0,0.961154126355671
sub-019,1,0.9866812918812266
sub-019,0,0.9524582172431952
sub-019,1,0.9708315857311035
sub-019,1,0.9788866088737315
sub-019,1,0.9661098232889466
sub-019,0,0.8509335696378566
sub-019,1,0.9998007776474683
sub-019,1,0.9853556173369317
sub-019,1,0.9680386996000775
sub-019,1,0.9438106754333467
sub-019,1,0.994765692425057
sub-019,0,0.9568903312823157
sub-019,0,0.977004636917317
sub-019,0,0.9627357622923743
sub-019,1,0.9897837348303583
sub-019,0,0.9616414813111419
sub-019,0,0.7418720823541584
sub-019,0,0.9467990968542221
sub-019,1,0.9964944063667072
sub-019,0,0.8089504297607448
sub-019,0,0.6952848764075266
sub-019,1,0.989991338545927
sub-019,1,0.9962350408728348
sub-019,0,0.9186925055395287
sub-019,0,0.8726290839288474
sub-019,1,0.9973930331741119
sub-019,1,0.9996855062833417
sub-019,0,0.9583224907576979
sub-019,1,0.994784529922659
sub-019,1,0.9819127269459945
sub-019,0,0.7333013757634925
sub-019,0,0.5307563255088759
sub-019,0,0.641456676843915
sub-019,0,0.6115934968127847
sub-019,0,0.34429981840418256
sub-019,0,0.7032865779276389
sub-019,0,0.45988673581610773
sub-019,0,0.44513328252961787
sub-019,0,0.435189020973186
sub-019,0,0.5584378793647439
sub-019,0,0.46839221845490236
sub-019,0,0.3533668861296605
sub-019,0,0.4724348081445407
sub-019,0,0.69370620391779
sub-019,0,0.613923461556946
sub-019,0,0.50406485661725
sub-019,0,0.6109365828627816
sub-019,0,0.5041981803585227
sub-019,0,0.660024291060494
sub-019,0,0.4542395120461979
sub-019,0,0.4147304613381139
sub-019,0,0.6585711585709852
sub-019,0,0.5290071528614728
sub-019,0,0.7318409104249334
sub-019,1,0.6878989470017816
sub-019,0,0.5195026946600716
sub-019,0,0.4913448706688062
sub-019,0,0.2910089392722921
sub-019,0,0.4628824714563906
sub-019,1,0.904050836584832
sub-019,1,0.6369606092779784
sub-019,1,0.5787317639181286
sub-019,0,0.3177604168786212
sub-019,0,0.5685057435686888
sub-019,1,0.8908968620178166
sub-019,0,0.8197620121858906
sub-019,0,0.5647515407268235
sub-019,0,0.5361932636335134
sub-019,1,0.9171818118008868
sub-019,1,0.6104977203454673
sub-019,0,0.8105360557872223
sub-019,0,0.3105626480421633
sub-019,0,0.4224574085358589
sub-019,0,0.6986665679080445
sub-019,0,0.6551022575290429
sub-019,0,0.4117418659505615
sub-019,0,0.7594583920831094
sub-019,0,0.4152028656279836
sub-019,0,0.4299312746888827
sub-019,0,0.771989448040738
sub-019,0,0.47352783929863596
sub-019,0,0.5631763567229968
sub-019,0,0.6758134180150616
sub-019,1,0.7894769018816488
sub-019,0,0.5679924664098639
sub-019,0,0.48215357205967285
sub-019,1,0.6863930873322194
sub-019,0,0.5280191046189158
sub-019,0,0.2891770707713325
sub-019,0,0.5195124816964933
sub-020,0,0.3896980984604064
sub-020,0,0.4583755929391838
sub-020,0,0.4094865903871384
sub-020,0,0.6773450558966476
sub-020,0,0.5430245459272053
sub-020,0,0.5642457286305878
sub-020,0,0.364735411774414
sub-020,0,0.4259114771008424
sub-020,0,0.6340408108801999
sub-020,0,0.34194484286390164
sub-020,0,0.4294204376525504
sub-020,0,0.5842454358733271
sub-020,0,0.6636949960719878
sub-020,0,0.5117052294889562
sub-020,0,0.7009924940316108
sub-020,0,0.5421974403210383
sub-020,1,0.805668063297564
sub-020,0,0.6658863464852456
sub-020,0,0.6559432834449627
sub-020,0,0.7589922026477225
sub-020,0,0.6554341227990299
sub-020,1,0.8179314459021473
sub-020,0,0.5234813533152884
sub-020,1,0.6667111993609292
sub-020,0,0.6311350112344659
sub-020,1,0.5973422362269822
sub-020,0,0.5783666891895961
sub-020,1,0.7252332416586401
sub-020,1,0.6592087643399307
sub-020,0,0.4431704283710397
sub-020,0,0.36187607467565897
sub-020,0,0.5186376497785541
sub-020,0,0.5201546419852483
sub-020,0,0.5373924143661858
sub-020,0,0.6713711007659021
sub-020,0,0.6347620686732562
sub-020,1,0.8468243088788834
sub-020,0,0.5588283351321438
sub-020,0,0.6579909958479986
sub-020,0,0.4636398238750604
sub-020,0,0.41601411461134763
sub-020,0,0.6695387874551672
sub-020,0,0.6342249475237565
sub-020,0,0.4588087374089741
sub-020,0,0.45879023943088953
sub-020,1,0.8091575507945593
sub-020,0,0.6087466207933059
sub-020,0,0.6559317462986587
sub-020,0,0.5882239463191603
sub-020,0,0.6590867990972347
sub-020,0,0.6100976507635738
sub-020,1,0.8655022163676018
sub-020,0,0.4074696870109079
sub-020,1,0.8902558555780102
sub-020,1,0.971981052105586
sub-020,0,0.5414651150774694
sub-020,0,0.4687303349061045
sub-020,0,0.7815771806117064
sub-020,0,0.6568285173946197
sub-020,0,0.6589814708343094
sub-020,1,0.701075499751577
sub-020,0,0.5744911543867862
sub-020,0,0.400164755980141
sub-020,0,0.6324365204235916
sub-020,0,0.5664613691062673
sub-020,1,0.8749217033570293
sub-020,0,0.4611237033528769
sub-020,0,0.6391948779248318
sub-020,1,0.6778235815069779
sub-020,0,0.4529277459681347
sub-020,0,0.432866400722413
sub-020,1,0.959392828963961
sub-020,0,0.5188315892085315
sub-020,0,0.5780815126681025
sub-020,0,0.40290260540942147
sub-020,0,0.5823628375852669
sub-020,0,0.5462831022771237
sub-020,0,0.6119422002732109
sub-020,0,0.5049688705460789
sub-020,0,0.4337309729616475
sub-020,0,0.4186874506037198
sub-020,1,0.715289163545032
sub-020,0,0.6552701219938875
sub-020,0,0.6837955688715657
sub-020,0,0.7602902114477741
sub-020,0,0.7127433823237903
sub-020,1,0.7583584624115984
sub-020,0,0.3930515074120289
sub-020,0,0.5573964397461354
sub-020,1,0.8882310175544654
sub-020,1,0.9567361629310372
sub-020,0,0.4915176510013687
sub-020,0,0.6539259435895238
sub-020,0,0.476241105798901
sub-020,0,0.5177807596701489
sub-020,0,0.38615448029496935
sub-020,0,0.6011748070492484
sub-020,0,0.32857349833946015
sub-020,0,0.3131033411577801
sub-020,0,0.38655844370006026
sub-020,1,0.8476550222434024
sub-020,1,0.9035077500977898
sub-020,0,0.7171106679691002
sub-020,1,0.5833230338944866
sub-020,1,0.7803379506729388
sub-020,1,0.5018423513988536
sub-020,0,0.6319530611348612
sub-020,0,0.6406466749125358
sub-020,0,0.5007167209473827
sub-020,1,0.6087262269881404
sub-020,0,0.6416167980494574
sub-020,1,0.5253081792925464
sub-020,0,0.507919279700819
sub-020,1,0.8435750226007954
sub-020,0,0.44798996351532133
sub-020,0,0.5286880674208482
sub-020,0,0.6707485880881116
sub-020,1,0.9012878307263317
sub-020,0,0.6466837078811994
sub-020,0,0.6119219600822843
sub-020,0,0.46130201848096447
sub-020,0,0.3995877271561402
sub-020,0,0.3209059238805703
sub-020,1,0.7707352001249549
sub-020,0,0.3566646016792183
sub-020,1,0.32581804788040336
sub-020,0,0.4376797444879611
sub-020,0,0.604692458068034
sub-020,1,0.48308738384651745
sub-020,0,0.31910644438807495
sub-020,0,0.7097089851603758
sub-020,0,0.35695967081622354
sub-020,0,0.5231264512417433
sub-020,1,0.6119713331485548
sub-020,1,0.9826779727256111
sub-020,1,0.457914235889007
sub-020,1,0.7368813612038262
sub-020,1,0.367335854450696
sub-020,0,0.3613075633684125
sub-020,1,0.31256928933434597
sub-020,1,0.464420896795518
sub-020,0,0.7010629815851591
sub-020,0,0.35448862280941296
sub-020,0,0.441192693790952
sub-020,1,0.5712987235946342
sub-020,0,0.2826063937590918
sub-020,0,0.49660654317608866
sub-020,1,0.7552347597862048
sub-020,0,0.631357892002575
sub-020,0,0.3895842919500117
sub-020,0,0.5829709318409284
sub-020,1,0.42799293637560093
sub-020,0,0.6767368930528661
sub-020,1,0.360144662801013
sub-020,0,0.5378361736026532
sub-020,0,0.3863398820665307
sub-020,0,0.7023442282665782
sub-020,0,0.3827222512918445
sub-020,0,0.5366638730152953
sub-020,1,0.45288062596860945
sub-020,0,0.43468421896802584
sub-020,0,0.43204486993913455
sub-020,0,0.6272485364056238
sub-020,0,0.6256099924747586
sub-020,0,0.7010109975134197
sub-020,1,0.7747440336210056
sub-020,0,0.5889842291025367
sub-020,0,0.6858878378940471
sub-020,1,0.8135965432590098
sub-020,1,0.62637388795773
sub-020,0,0.5249763097158145
sub-020,1,0.4664107490235892
sub-020,0,0.38557349208981395
sub-020,1,0.4665052781248321
sub-020,0,0.37400357368160475
sub-020,1,0.8559179400424572
sub-020,0,0.3155832466240545
sub-020,0,0.43396165629369843
sub-020,0,0.5272289431022938
sub-020,0,0.5017265078453458
sub-020,0,0.4635845116054874
sub-020,0,0.3945367062937808
sub-020,1,0.4957649017576153
sub-020,1,0.5456089323239429
sub-020,1,0.36253111130651483
sub-020,1,0.21356736850825217
sub-020,0,0.32976238003811525
sub-020,0,0.5882333098928532
sub-020,0,0.4048920349900862
sub-020,0,0.5155846080018739
sub-020,0,0.5537783167850131
sub-020,0,0.5355928848785093
sub-020,0,0.2678802288668363
sub-020,0,0.3872423753901561
sub-020,1,0.3702434982314995
sub-020,0,0.5426017659319269
sub-020,1,0.5290155340179334
sub-020,0,0.5925282635428203
sub-020,0,0.6042909679799222
sub-020,0,0.4384755894201158
sub-020,0,0.3264425392933453
sub-020,0,0.5765341703367339
sub-020,0,0.5323567329347697
sub-020,0,0.636729110325156
sub-020,1,0.37392311834659525
sub-020,0,0.49316657647646656
sub-020,0,0.3230485548230636
sub-020,0,0.41002213951289523
sub-020,1,0.3979995090797244
sub-020,0,0.5349718013749737
sub-020,0,0.3418336478884232
sub-020,1,0.2940885967036676
sub-020,0,0.5812012078866358
sub-020,1,0.5598607613206473
sub-020,0,0.2988222057610752
sub-020,1,0.7037804319325817
sub-020,1,0.6251474338473962
sub-020,0,0.5793620118885731
sub-020,0,0.34190246092406484
sub-020,1,0.4812015911311019
sub-020,0,0.43516031725357457
sub-020,0,0.48907693334641594
sub-020,1,0.9064894160939642
sub-020,0,0.34563443073544653
sub-020,1,0.5074264104315593
sub-020,1,0.5451272516939223
sub-020,1,0.5503947757064728
sub-020,0,0.5167689856268757
sub-020,1,0.42490304241495913
sub-020,0,0.29320981212333735
sub-020,0,0.4224899383193937
sub-020,0,0.49456022334780303
sub-020,1,0.43547155842247
sub-020,1,0.7086519812998074
sub-020,0,0.3357090723694246
sub-020,0,0.4022343558601849
sub-020,1,0.8375444658046012
sub-020,1,0.3413824018790917
sub-020,1,0.39395784214935
sub-020,0,0.4262279936588092
sub-021,0,0.4870885047999611
sub-021,0,0.41409315520626044
sub-021,0,0.3919441729546112
sub-021,0,0.4580856242071758
sub-021,0,0.3970427337425439
sub-021,0,0.48244832589143766
sub-021,0,0.4012992319698663
sub-021,0,0.36996441536117874
sub-021,0,0.44724129009318603
sub-021,0,0.45515478719913666
sub-021,0,0.46112096653393675
sub-021,0,0.5081831416199335
sub-021,0,0.5724229788517716
sub-021,0,0.6332734211513605
sub-021,0,0.41294474708130047
sub-021,0,0.6133288785791056
sub-021,0,0.3976578165942323
sub-021,0,0.6036026432533829
sub-021,0,0.4533857886335318
sub-021,0,0.35560874450902485
sub-021,0,0.6689688064976361
sub-021,0,0.5456238828222668
sub-021,1,0.6751103711041663
sub-021,1,0.3514544574287272
sub-021,0,0.3427676817423719
sub-021,0,0.47366815332589834
sub-021,0,0.3544743531700937
sub-021,0,0.4616227720422372
sub-021,0,0.40487674818198516
sub-021,0,0.5289954149930514
sub-021,0,0.35495608047609506
sub-021,0,0.4588349240813982
sub-021,0,0.4711170544535482
sub-021,0,0.5779027299280941
sub-021,1,0.7334589826750465
sub-021,0,0.33307687621654986
sub-021,1,0.31774895282637283
sub-021,0,0.2981143111839179
sub-021,0,0.573205633810873
sub-021,1,0.622814275619713
sub-021,0,0.5661400592052479
sub-021,0,0.6868294293039711
sub-021,0,0.38186952501892896
sub-021,0,0.39877747843616757
sub-021,0,0.4541280785927511
sub-021,0,0.4164902626950592
sub-021,0,0.4110709811440435
sub-021,0,0.4838446795662281
sub-021,0,0.43785624770974974
sub-021,0,0.5714125608346811
sub-021,1,0.30487797831325775
sub-021,0,0.3317210868024192
sub-021,0,0.4000877219259001
sub-021,1,0.38338120662812136
sub-021,1,0.46672749336034997
sub-021,0,0.5514788327147084
sub-021,0,0.4518031141866861
sub-021,0,0.46885950437883056
sub-021,0,0.30500645864446707
sub-021,1,0.38165575686002307
sub-021,1,0.8454663116622857
sub-021,0,0.5739422801466179
sub-021,1,0.299258161002871
sub-021,1,0.577317092847781
sub-021,0,0.46917164869264544
sub-021,0,0.3799379585139278
sub-021,1,0.5337696447963682
sub-021,1,0.8866530953730126
sub-021,1,0.8806367293633791
sub-021,0,0.5588265881067416
sub-021,0,0.5697186806075291
sub-021,0,0.4493378665248841
sub-021,1,0.5507106187854619
sub-021,0,0.5582551440648595
sub-021,0,0.37034017003226094
sub-021,0,0.36972827465639774
sub-021,0,0.4141285068475794
sub-021,0,0.29485403117611336
sub-021,0,0.6189078739117468
sub-021,0,0.3989816356292362
sub-021,0,0.4010581896090977
sub-021,0,0.3031756620059799
sub-021,0,0.4511948155092523
sub-021,0,0.46260293729605034
sub-021,0,0.5614816812848028
sub-021,0,0.5559002570800226
sub-021,1,0.7450236261560315
sub-021,0,0.5523879917688203
sub-021,0,0.3572247552414926
sub-021,0,0.4172853343056095
sub-021,1,0.6463056847153393
sub-021,1,0.3426666919244868
sub-021,0,0.34974769197762073
sub-021,0,0.4661582328859342
sub-021,0,0.3324719902187322
sub-021,1,0.5410866152659892
sub-021,0,0.37333163046874
sub-021,1,0.33324408985056025
sub-021,0,0.358976218185318
sub-021,0,0.39470205599539393
sub-021,0,0.4064993650129731
sub-021,0,0.38510419899304715
sub-021,0,0.24930249446077848
sub-021,0,0.3826739976318202
sub-021,1,0.6864881439901562
sub-021,1,0.8053391736614816
sub-021,0,0.3059210929244792
sub-021,1,0.8540772952174726
sub-021,1,0.30036885776666344
sub-021,1,0.416169192054831
sub-021,0,0.2771731691652219
sub-021,0,0.26451271606152943
sub-021,0,0.4844493464941496
sub-021,0,0.4792677105555322
sub-021,1,0.30525452619973964
sub-021,0,0.377517481268294
sub-021,0,0.29807881647190293
sub-021,0,0.39549082907217303
sub-021,0,0.36985587142572823
sub-021,1,0.4557709480361965
sub-021,0,0.27878868204017726
sub-021,0,0.22356831740331856
sub-021,0,0.2676192560265128
sub-021,0,0.29698477284288777
sub-021,0,0.27629030597698634
sub-021,0,0.3125347352671688
sub-021,0,0.2873737355979693
sub-021,0,0.377671279058982
sub-021,0,0.4095694686338234
sub-021,0,0.40396177260487554
sub-021,0,0.3595126475007567
sub-021,0,0.3263983617493211
sub-021,0,0.342099479673599
sub-021,0,0.4977919665421338
sub-021,0,0.28973642457981813
sub-021,0,0.34277436941109135
sub-021,0,0.5213599103702413
sub-021,0,0.3679413794678415
sub-021,0,0.3038574093448026
sub-021,0,0.26696102603351574
sub-021,0,0.4308742003923175
sub-021,0,0.38207776285817846
sub-021,0,0.27525100566585886
sub-021,0,0.36674932163614066
sub-021,0,0.3354531168570146
sub-021,0,0.28308624214076744
sub-021,0,0.25708947380267616
sub-021,0,0.298671279469741
sub-021,0,0.36529795153700095
sub-021,0,0.3422513218959175
sub-021,0,0.35319676538826217
sub-021,0,0.3863770070726749
sub-021,0,0.41352182172616936
sub-021,0,0.30206574020164945
sub-021,0,0.3394300090327463
sub-021,0,0.28825635600557076
sub-021,0,0.44586185125362643
sub-021,0,0.25226311136318585
sub-021,0,0.409013580718949
sub-021,0,0.35040777902405573
sub-021,0,0.32913523902480524
sub-021,0,0.49311273296661096
sub-021,0,0.4169533423506405
sub-021,0,0.35448681903757423
sub-021,0,0.38688594993644354
sub-021,0,0.2861355916375732
sub-021,0,0.22870923768354007
sub-021,0,0.30941296567650073
sub-021,0,0.38353884278093275
sub-021,1,0.5401344058145787
sub-021,0,0.39747779658276694
sub-021,1,0.6300952529439231
sub-021,1,0.6035271003103061
sub-021,0,0.38256064202184115
sub-021,1,0.935627519301785
sub-021,0,0.6146468950492949
sub-021,0,0.4471143926383565
sub-021,0,0.47006065718519335
sub-021,0,0.4547976470528026
sub-021,0,0.37061380271916405
sub-021,0,0.3688313177606848
sub-021,0,0.37354334263840494
sub-021,0,0.2823833176882708
sub-021,0,0.3573991558953708
sub-021,0,0.3689725773357084
sub-021,0,0.29979727883690127
sub-021,0,0.30637226548883284
sub-021,0,0.4082235258190559
sub-021,0,0.35522161855948575
sub-021,0,0.40177469232131174
sub-021,0,0.2679578400117864
sub-021,0,0.3266552964127201
sub-021,0,0.26589649467229326
sub-021,0,0.38555536364963316
sub-021,0,0.35738764121892513
sub-021,0,0.3662358385084194
sub-021,0,0.33232917160612163
sub-021,0,0.38257432874558
sub-021,0,0.32770727998814037
sub-021,0,0.26366075423962165
sub-021,1,0.3629567857529752
sub-021,0,0.3558722998653577
sub-021,0,0.3645457212438999
sub-021,0,0.47185057233033134
sub-021,1,0.46806813543938885
sub-021,0,0.3835010748243587
sub-021,0,0.31330032735178287
sub-021,0,0.28364954336160847
sub-021,0,0.3871069504780464
sub-021,0,0.4892140051749508
sub-021,0,0.3135563413201957
sub-021,0,0.3221205663902988
sub-021,1,0.8256348400198222
sub-021,0,0.3598693217842541
sub-021,0,0.4125022358752658
sub-021,0,0.3687399690088814
sub-021,0,0.5446748648320305
sub-021,0,0.33118841466741517
sub-021,0,0.33693627478139476
sub-021,0,0.48158536260680623
sub-021,0,0.5084564472593786
sub-021,0,0.30903742426927233
sub-021,0,0.4666821676079289
sub-021,0,0.29025753045016156
sub-021,0,0.5240807405492626
sub-021,0,0.2750562033470648
sub-021,0,0.2501471898878838
sub-021,0,0.33607330183122597
sub-021,0,0.3546491700299369
sub-021,0,0.25561929084828383
sub-021,0,0.4499788242822731
sub-021,0,0.3365189642231164
sub-021,0,0.34175407717757794
sub-021,0,0.4330000271774315
sub-021,0,0.5858012668440573
sub-021,0,0.3458806710328778
sub-021,0,0.429926044319717
sub-021,0,0.36240800708663545
sub-021,0,0.41248004477488287
sub-021,0,0.3740111284401798
sub-022,1,0.7897554215893106
sub-022,0,0.48874614752429185
sub-022,1,0.485394159090675
sub-022,0,0.5493886527381918
sub-022,1,0.6580305894634602
sub-022,1,0.6514693731382266
sub-022,1,0.7140161797639752
sub-022,0,0.4526955413874657
sub-022,0,0.5484281883148155
sub-022,1,0.5809420572454721
sub-022,0,0.3860134251091392
sub-022,0,0.39066718122700267
sub-022,0,0.49983479300121314
sub-022,1,0.6279113642234085
sub-022,0,0.48778935861868056
sub-022,1,0.6593812549685386
sub-022,0,0.46394917948776465
sub-022,1,0.711371340386631
sub-022,1,0.6379282844555413
sub-022,0,0.36962547470479984
sub-022,0,0.559515609889903
sub-022,0,0.49520417694483865
sub-022,0,0.5248019524730836
sub-022,0,0.4802768473817428
sub-022,1,0.4112258085520467
sub-022,0,0.39759286396404536
sub-022,1,0.559651663497998
sub-022,1,0.6388297399078637
sub-022,0,0.5442938889656302
sub-022,0,0.35902643998531414
sub-022,0,0.4815635449138026
sub-022,0,0.5219522930418146
sub-022,0,0.6256150163624385
sub-022,1,0.7688379567661502
sub-022,1,0.9241462291916942
sub-022,1,0.6324492152702709
sub-022,0,0.35867033981512764
sub-022,0,0.5329712212195499
sub-022,0,0.6111020983417649
sub-022,0,0.3863103795929756
sub-022,0,0.4756202453309059
sub-022,0,0.47606164130325435
sub-022,1,0.5740943694111839
sub-022,1,0.7867275769051686
sub-022,0,0.6140404944695766
sub-022,0,0.6263185434448204
sub-022,1,0.9180689942312776
sub-022,1,0.7867023806223696
sub-022,0,0.4594555778220198
sub-022,0,0.4031192791764509
sub-022,0,0.37446479096912944
sub-022,0,0.4666398970578586
sub-022,1,0.7679992909455103
sub-022,1,0.7256382175145991
sub-022,1,0.8432229097871983
sub-022,1,0.7368577734140701
sub-022,0,0.6310371108107236
sub-022,0,0.452249333088912
sub-022,1,0.8036484351417462
sub-022,1,0.8012371355308724
sub-022,1,0.7496801583952422
sub-022,0,0.4878563731133655
sub-022,0,0.411908610966712
sub-022,0,0.4631442528776217
sub-022,1,0.5812897933776617
sub-022,0,0.5241078410419252
sub-022,1,0.617801773894444
sub-022,0,0.44856899276536905
sub-022,0,0.5000088162576463
sub-022,0,0.5170346506401093
sub-022,0,0.4195665701115851
sub-022,1,0.5412192959142728
sub-022,0,0.4722180153003336
sub-022,0,0.4044942504146844
sub-022,0,0.49492635249041134
sub-022,1,0.5514045731192406
sub-022,0,0.5433935316096714
sub-022,0,0.6641276279448514
sub-022,0,0.4974855356587312
sub-022,0,0.3733944188500906
sub-022,0,0.49369588382106255
sub-022,1,0.8050662480613089
sub-022,0,0.42106399666884275
sub-022,0,0.5503067683677105
sub-022,0,0.5837931262736927
sub-022,0,0.5945440272515572
sub-022,0,0.41280104998559386
sub-022,0,0.3872191519596861
sub-022,0,0.4681003865093905
sub-022,0,0.4629445190883024
sub-022,0,0.5139305796561882
sub-022,0,0.5460436144300668
sub-022,0,0.5536425298641141
sub-022,1,0.814140729381498
sub-022,0,0.5107964614609016
sub-022,1,0.6886108326356258
sub-022,0,0.5077163390789498
sub-022,0,0.4732005218668228
sub-022,1,0.6373743738810428
sub-022,0,0.4504597637530251
sub-022,0,0.4378285520023009
sub-022,1,0.6495663613637543
sub-022,1,0.760316354126994
sub-022,1,0.7607182500030745
sub-022,0,0.4948623652686682
sub-022,0,0.5294346829810727
sub-022,0,0.4743361569352987
sub-022,0,0.5965266833490125
sub-022,0,0.4880700854668393
sub-022,0,0.6576033805058373
sub-022,0,0.4170452894449419
sub-022,0,0.6123097119964516
sub-022,1,0.8127365170933235
sub-022,1,0.8337188625489148
sub-022,0,0.43841610042629287
sub-022,0,0.5721561520297556
sub-022,0,0.27866029911585605
sub-022,0,0.5319783614894379
sub-022,0,0.49812923256751124
sub-022,1,0.7587951236958825
sub-022,0,0.2739752806857387
sub-022,1,0.3022329200576603
sub-022,0,0.3013652831389605
sub-022,1,0.3471306621586317
sub-022,0,0.2603012794237642
sub-022,0,0.3171116268531073
sub-022,1,0.41515346552205595
sub-022,1,0.3804602573228532
sub-022,1,0.43743325476078515
sub-022,0,0.282321556747226
sub-022,0,0.26352553130347306
sub-022,1,0.37937281578667265
sub-022,0,0.33674285032198015
sub-022,0,0.343392775798018
sub-022,0,0.237176435469635
sub-022,0,0.2796941891928309
sub-022,0,0.38372528102260256
sub-022,0,0.23819457983856673
sub-022,0,0.2543674873215014
sub-022,0,0.31077090274089686
sub-022,1,0.30365793822574055
sub-022,1,0.5314020399458845
sub-022,1,0.6941710315335096
sub-022,0,0.41998245896702235
sub-022,0,0.3075557636357829
sub-022,0,0.29667101120961265
sub-022,1,0.3249981445564646
sub-022,0,0.28653831981245487
sub-022,0,0.23959174224198798
sub-022,0,0.2607213017721997
sub-022,0,0.22883047101472112
sub-022,0,0.3646754020535074
sub-022,0,0.24926049560038216
sub-022,0,0.3011674398066598
sub-022,1,0.3356760841562696
sub-022,1,0.544487787203265
sub-022,0,0.26308322809516377
sub-022,0,0.26293914019042325
sub-022,0,0.4076377697242883
sub-022,1,0.4772465870910845
sub-022,1,0.4654762531382496
sub-022,0,0.39377191983807763
sub-022,0,0.4360431317639686
sub-022,0,0.37720722013445146
sub-022,0,0.45008524406733097
sub-022,0,0.31227068365509336
sub-022,0,0.3135250484430628
sub-022,0,0.23528581045272023
sub-022,0,0.31309574928445444
sub-022,0,0.4175282713883607
sub-022,0,0.2878248791930885
sub-022,0,0.2434507624867588
sub-022,0,0.2817950578764472
sub-022,0,0.2862944895188819
sub-022,1,0.4473440679910127
sub-022,0,0.3096429626373829
sub-022,0,0.42462558538226686
sub-022,0,0.25179578550842724
sub-022,1,0.3686417973483119
sub-022,0,0.25501709843917064
sub-022,0,0.30493230955169903
sub-022,0,0.3368926419352344
sub-022,0,0.2331451319599678
sub-022,0,0.3408650995782532
sub-022,1,0.5670472367510189
sub-022,0,0.40483709586841055
sub-022,0,0.3397889005181263
sub-022,0,0.3130500770600248
sub-022,0,0.24535887429491438
sub-022,0,0.39575671134720686
sub-022,0,0.28713406459609214
sub-022,1,0.3555379832615948
sub-022,1,0.971503204154635
sub-022,1,0.4437450171165607
sub-022,0,0.3177484603125653
sub-022,0,0.3066336608551325
sub-022,0,0.23797341008215653
sub-022,1,0.28239764406891665
sub-022,0,0.21649921493007
sub-022,0,0.3356750753298895
sub-022,1,0.35515304437182493
sub-022,1,0.5025301199144071
sub-022,0,0.2938731770744387
sub-022,0,0.1992541720997683
sub-022,0,0.33705492975724916
sub-022,0,0.30282228128788036
sub-022,1,0.3220966807871328
sub-022,0,0.2799698824161179
sub-022,0,0.26881158647666326
sub-022,0,0.3534654948345498
sub-022,0,0.27275223593225645
sub-022,0,0.28200035025072023
sub-022,0,0.28992454721972394
sub-022,1,0.38558744266477013
sub-022,0,0.2848429427973861
sub-022,0,0.28324815268635545
sub-022,1,0.544054413895169
sub-022,0,0.3177223249174918
sub-022,0,0.3899727424827214
sub-022,0,0.2936790942862483
sub-022,0,0.43278901601156217
sub-022,0,0.4236803131914405
sub-022,1,0.28395598452701987
sub-022,0,0.4338874069878532
sub-022,1,0.5158864822910326
sub-022,1,0.6349578244478884
sub-022,0,0.26510411330590145
sub-022,0,0.39434736577159946
sub-022,1,0.4571092569311111
sub-022,1,0.27293021057456324
sub-022,1,0.5248761290621249
sub-022,0,0.3705636250659018
sub-022,1,0.2542633371140161
sub-022,0,0.32289243856195415
sub-022,0,0.3626065029805831
sub-022,0,0.45712311604909406
sub-022,0,0.4274595617462758
sub-022,0,0.2280308416836786
sub-022,0,0.2767534050902709
sub-022,1,0.27982648535050414
