dataset,subject,session,method,bootstrap_draws,block_seconds,stable_decision_proportion,mean_decision_stability,unstable_windows,smr_snr_min_median,smr_snr_min_p025,smr_snr_min_p975,smr_snr_min_relative_interval_width,high_beta_max_median,high_beta_max_p025,high_beta_max_p975,high_beta_max_relative_interval_width,broadband_max_median,broadband_max_p025,broadband_max_p975,broadband_max_relative_interval_width,noise_floor_max_median,noise_floor_max_p025,noise_floor_max_p975,noise_floor_max_relative_interval_width,transient_max_median,transient_max_p025,transient_max_p975,transient_max_relative_interval_width,channel_inconsistency_max_median,channel_inconsistency_max_p025,channel_inconsistency_max_p975,channel_inconsistency_max_relative_interval_width
ds004447,sub-001,ses-01,C0_CURRENT_OVERLAP_EMPIRICAL,100,10.0,0.9152542372881356,0.9813559322033898,10,0.0019724900759973503,0.0019081272307750674,0.002250605246780437,0.17362724406031557,1.9466854331621177e-12,1.6980678796455255e-12,2.3228362531733945e-12,0.2120241158071032,2.821438976829347e-11,2.579690251833275e-11,3.088299071329137e-11,0.17409530834967427,7.16820058186844e-13,5.031794870638866e-13,1.630113932517346e-12,0.6564080143865686,0.00011260414650186,6.186018610551608e-05,0.0002480146066987,1.6531755243749702,0.002817913093244426,0.0015135987620541096,0.7396844891366473,261.95658477981584
ds004447,sub-001,ses-01,C1_NONOVERLAP_EMPIRICAL,100,10.0,0.8898305084745762,0.9775423728813559,13,0.0019912347799108,0.001796579499291555,0.002380985994393887,0.2934894974238155,2.04449516495829e-12,1.6041293528294514e-12,2.3602239541356196e-12,0.24834810381987477,2.9360483414872976e-11,2.5811813316207828e-11,3.4495221493870315e-11,0.28601020803933125,7.318938428858848e-13,5.208135421043598e-13,1.6126999798214568e-12,0.6304580631210442,0.00011348520708016001,5.3805761020829034e-05,0.000247095823572862,1.7032181182194508,0.6576718163049333,0.5843984098714899,0.7275497209172719,0.21766374580234613
ds004447,sub-001,ses-01,C2_NONOVERLAP_HARRELL_DAVIS,100,10.0,0.9067796610169492,0.9771186440677967,11,0.0019971178026455738,0.0018274996823043563,0.0023792809214779782,0.2762887788423852,2.0678029116328924e-12,1.6404554140437727e-12,2.3422567482529807e-12,0.228763500923748,3.05766677380498e-11,2.5606475185911476e-11,3.6027972613952466e-11,0.33003791009534267,8.286699173867418e-13,5.255230533253123e-13,1.6036016884582695e-12,0.5895425001979493,0.00012382070992837478,6.891682365621565e-05,0.00023905277411151663,1.3740508286510942,0.6597940458380558,0.5650549165955864,0.7442322360087902,0.2715655294908659
ds004447,sub-001,ses-01,C3_BLOCK_SUBSAMPLE_EMPIRICAL,100,10.0,0.8813559322033898,0.9721186440677966,14,0.0019912347799108,0.0017340861049,0.0023090962490951,0.28877064106528294,1.999765023256707e-12,1.6101285004967596e-12,2.264336205045952e-12,0.21808631658720687,2.8449272656485294e-11,2.150716252557355e-11,3.793566942235201e-11,0.5578578149759699,7.899127532832752e-13,4.828638215468711e-13,1.4834175338729794e-12,0.5589958004884714,0.0001040112959487,4.8026860785838845e-05,0.0002480146066987,1.9227502375198553,0.7166577334488118,0.6121248692660057,0.8434983348044583,0.32285072041946494
ds004447,sub-001,ses-01,C4_LOSO_SHRINKAGE,100,10.0,0.8728813559322034,0.9654237288135593,15,0.0017427563451861037,0.001580649524081596,0.0020554360484408996,0.27243425358819645,1.8706542585861783e-12,1.500746976397954e-12,2.1311715897526642e-12,0.21961008068773832,2.6265278097341188e-11,2.3747521714168317e-11,3.149649351297088e-11,0.284206593130558,7.068026991273395e-13,4.921454470876934e-13,1.4507349783475404e-12,0.5616287879963854,0.00010950960660286195,5.838931601739594e-05,0.0002225143022824355,1.4987268227664645,0.578983094250384,0.49652600057780316,0.6466590581421985,0.25930473455104075
ds004447,sub-001,ses-19,C0_CURRENT_OVERLAP_EMPIRICAL,100,10.0,0.9166666666666666,0.982,10,0.0003790544046460125,0.0003332966366501,0.000431559743386275,0.25923219799729735,4.069936006195282e-13,3.651207083219157e-13,5.659406623436664e-13,0.14272982757940442,6.224194260451283e-12,5.426721115763255e-12,7.672216292369542e-12,0.3108298442221036,1.9826273762394115e-13,1.7345299261561736e-13,4.0119026586759887e-13,0.1900562089609548,3.7479377431905335e-05,3.2494163424125785e-05,5.753243579766677e-05,0.6680546322034646,8.845688663384257e-06,4.017951277876485e-06,0.6115049999173067,69129.8253992867
ds004447,sub-001,ses-19,C1_NONOVERLAP_EMPIRICAL,100,10.0,0.9166666666666666,0.9818333333333332,10,0.00036413886780465,0.00033079770007215,0.0004112034560659,0.2208106930679937,3.975890088771474e-13,3.56508265869442e-13,5.722011592773109e-13,0.1543321334368257,6.28444553102204e-12,5.45867165274781e-12,7.383831766119083e-12,0.26428368572084904,1.9066548743613645e-13,1.4795097388454278e-13,4.706418590274766e-13,0.2710172492173138,3.740700389105007e-05,3.236963424124641e-05,6.932567315175037e-05,0.9879443440644453,0.39176381012243155,0.2698928785659608,0.7239296283851759,1.1589553146222555
ds004447,sub-001,ses-19,C2_NONOVERLAP_HARRELL_DAVIS,100,10.0,0.9166666666666666,0.9794999999999999,10,0.00037110245336323004,0.0003290496245130157,0.0004404483901811341,0.30018331692056877,4.1402861939441e-13,3.6080639224003475e-13,6.336058523639092e-13,0.1929235776293602,6.348253632800942e-12,5.5306359035752156e-12,7.673355725086672e-12,0.29159578977334694,1.973600265138851e-13,1.5430440657140642e-13,5.208872444562881e-13,0.30615924180481285,4.552524406551015e-05,3.323758878747567e-05,0.00011277633963232627,1.7471350396993037,0.3899137848441901,0.2667916114004619,0.5842948753807873,0.8142909441029013
ds004447,sub-001,ses-19,C3_BLOCK_SUBSAMPLE_EMPIRICAL,100,10.0,0.925,0.9798333333333334,9,0.0003839870539467875,0.0003386639846203475,0.0005311007018893,0.5011541790012171,4.2708871480618153e-13,3.1237300021588417e-13,7.056366566469949e-13,0.27557057410023833,6.325488447314258e-12,5.177661822217205e-12,7.390971486821758e-12,0.30213816874095517,1.9083487636682589e-13,1.526313411587215e-13,6.433763718695686e-13,0.4121016611539663,4.637027237354217e-05,3.0788311284047974e-05,7.305914396887029e-05,0.9115933465456147,0.4070761023468208,0.2995597649796118,0.5944932288883209,0.7245167726812594
ds004447,sub-001,ses-19,C4_LOSO_SHRINKAGE,100,10.0,0.9333333333333333,0.9773333333333334,8,0.00039686857444006456,0.00037098375085522714,0.00043985013385889607,0.17352440395994315,4.875473599977318e-13,4.5056064087227583e-13,5.874922388664303e-13,0.09205192498500571,6.889295050763607e-12,6.172032051007863e-12,7.772932051313277e-12,0.20292053852776906,2.2775067694397713e-13,1.978002211320404e-13,3.541583162824377e-13,0.1273532958170236,4.6387112321419636e-05,4.133566589230237e-05,5.991286433588217e-05,0.4004818820015175,0.31495220071311836,0.24358061143649634,0.5249903655230971,0.8934998817234364
ds004447,sub-002,ses-01,C0_CURRENT_OVERLAP_EMPIRICAL,100,10.0,0.9576271186440678,0.9877118644067796,5,0.00026957121384685,0.0002402450059530119,0.00031211724625552687,0.2666168950692579,3.310401744796534e-13,2.941178971329797e-13,3.7948802991865544e-13,0.06413790839863244,4.639807079842348e-12,4.148397457687901e-12,5.753841551608127e-12,0.2846629452376771,2.181328981772873e-13,2.0004622462115066e-13,2.3265594939896577e-13,0.02677025210189265,3.804189059281221e-05,3.2176734882123265e-05,5.0299544670786494e-05,0.47639086885173254,0.00018279737391215835,9.751466869051977e-05,0.7833827292522292,4284.991592247642
ds004447,sub-002,ses-01,C1_NONOVERLAP_EMPIRICAL,100,10.0,0.9661016949152542,0.994406779661017,4,0.00029901801279385003,0.0002575119055735,0.000323040021192125,0.21914437457203365,3.051602272365528e-13,2.7853547231994487e-13,3.5181300164162995e-13,0.05614447007540014,4.598578562715765e-12,3.52084352120862e-12,5.874101712591104e-12,0.42033136893964795,2.3042466034147306e-13,2.1456005303013681e-13,2.4850483732132163e-13,0.02758786082990592,3.9473596093689606e-05,3.221736436255357e-05,4.6077469748989814e-05,0.3511234447050677,0.6759493208992555,0.5605568352967654,0.8387621671739159,0.4115772044960796
ds004447,sub-002,ses-01,C2_NONOVERLAP_HARRELL_DAVIS,100,10.0,0.9661016949152542,0.9932203389830507,4,0.0002961840687490745,0.0002687977313285466,0.00034076002188425326,0.2429647570737776,3.0835947344306843e-13,2.801717081609871e-13,3.5173212790440816e-13,0.054694769439092496,4.681525993700816e-12,3.69867692183983e-12,6.193078747190362e-12,0.43903729880248865,2.283090499691334e-13,2.0798567109238908e-13,2.43220450091435e-13,0.028685597488621754,3.9142281223117695e-05,3.3290324133345125e-05,6.9716601291454e-05,0.9306119901357021,0.693475995767832,0.5851605720098628,0.8385227963913336,0.36535110937845394
ds004447,sub-002,ses-01,C3_BLOCK_SUBSAMPLE_EMPIRICAL,100,10.0,0.9576271186440678,0.9923728813559322,5,0.0002859406861715,0.00020443457595692002,0.000348193285426415,0.502757095856289,2.850721155070338e-13,2.6213159757136943e-13,3.41605421556183e-13,0.06184386309982039,4.226647934069454e-12,3.66740178404164e-12,5.385944814882609e-12,0.32880405424646914,2.2436790944680657e-13,1.9733056463306429e-13,2.556149243257841e-13,0.04760363224404815,3.958968032349047e-05,3.146378423742959e-05,6.024275730525752e-05,0.7269311625085494,0.7967871781535282,0.6781468437772804,0.9586777585449675,0.352077596702091
ds004447,sub-002,ses-01,C4_LOSO_SHRINKAGE,100,10.0,0.9576271186440678,0.9946610169491525,5,0.0003521451420431885,0.0003210919089176099,0.00039795433031861757,0.21826915100056038,4.1963845396495777e-13,3.9346769872580135e-13,4.933794190259691e-13,0.07037828541564284,5.583154436815517e-12,4.6597962342624836e-12,6.882190593471899e-12,0.3375880636767286,2.6376007414414693e-13,2.4079666860047513e-13,2.7963510218264015e-13,0.030732442317793176,4.6721958778127e-05,4.1286933199253486e-05,5.343335082379965e-05,0.25997234881043113,0.5979527627515475,0.5035063954723302,0.7519537030217129,0.4154965459239769
ds004447,sub-002,ses-19,C0_CURRENT_OVERLAP_EMPIRICAL,100,10.0,0.9166666666666666,0.9831666666666666,10,0.00037801546713004997,0.0003228976362125962,0.0004215313128883693,0.26092497527598474,4.0949710450314375e-13,3.6257551330293877e-13,5.445218509683188e-13,0.12908599605071,6.269948017543304e-12,5.4992804755525165e-12,7.703285212076854e-12,0.30316650562091996,1.9663495490357738e-13,1.640010909736877e-13,3.727028889627409e-13,0.17440723850981774,3.962653696498146e-05,3.1663968871596604e-05,5.9930116731518796e-05,0.7133135850752692,8.655746027235164e-06,4.213373696935884e-06,0.6062065423466849,70034.66333588338
ds004447,sub-002,ses-19,C1_NONOVERLAP_EMPIRICAL,100,10.0,0.925,0.9806666666666667,9,0.000366961459574025,0.00032175414539856753,0.00041865312986083737,0.26405765965367084,4.0090155091234217e-13,3.647609867114476e-13,5.445558562485983e-13,0.1283422588975354,6.325488447314258e-12,5.46570935080565e-12,7.426712275368674e-12,0.26769585928184564,1.9270516338503525e-13,1.5488885973241014e-13,4.2632126892274223e-13,0.22757712259748714,4.247392996108978e-05,3.2494163424125785e-05,7.305914396887029e-05,0.9550559514236142,0.3645629261651183,0.26154085782916975,0.5468907717635618,0.7827178614546458
ds004447,sub-002,ses-19,C2_NONOVERLAP_HARRELL_DAVIS,100,10.0,0.9166666666666666,0.9809166666666668,10,0.0003620387347294417,0.0003207366023173956,0.00042816040163468007,0.29671907648457885,4.0909139859028726e-13,3.609523372373229e-13,5.46250188138408e-13,0.13150165495755964,6.408543632620803e-12,5.4867594144003634e-12,7.641237619619526e-12,0.29080995024888684,1.885887356344123e-13,1.5260090655697538e-13,4.1797956210879194e-13,0.2232720600453697,4.355308968710568e-05,3.2476944760398446e-05,0.00010902088903553055,1.7574859342368943,0.39258105067753046,0.2749845855233626,0.7002724877322343,1.0833123541592526
ds004447,sub-002,ses-19,C3_BLOCK_SUBSAMPLE_EMPIRICAL,100,10.0,0.9,0.9785833333333334,12,0.000380801141720675,0.0002997377152502,0.0005768041376613776,0.727588211609993,4.1221287789422127e-13,3.0990523401641384e-13,9.303644829755497e-13,0.43935249329004494,6.301332842186191e-12,5.313922704134803e-12,7.398111207524432e-12,0.28545315607959254,1.8692898788918311e-13,1.510934184108899e-13,6.562292025902422e-13,0.42558214462153987,4.637027237354217e-05,3.230638132295848e-05,7.361260700388975e-05,0.8907910753120483,0.41377704749738436,0.30056487870577786,0.6722502719742349,0.8982745551392828
ds004447,sub-002,ses-19,C4_LOSO_SHRINKAGE,100,10.0,0.925,0.9765833333333334,9,0.0004043377481922567,0.0003752915687991759,0.0004803450484955683,0.2598161559395758,4.936262337960317e-13,4.606559591283151e-13,6.511895842986191e-13,0.12756446081297415,6.992932108448446e-12,6.23559682320524e-12,7.896637898546782e-12,0.20781373503546205,2.281209268925902e-13,1.9921469428296657e-13,5.09330851927301e-13,0.2525127215517734,4.549677574464293e-05,4.096791444374675e-05,7.234891404544864e-05,0.6897411607383128,0.3597095710956064,0.24834777933115537,0.5203540856466956,0.7561831215285848
ds004447,sub-003,ses-01,C0_CURRENT_OVERLAP_EMPIRICAL,100,10.0,0.85,0.9554166666666667,18,0.0005450775939853,0.00048052415580232126,0.0006558799837961604,0.32170800929465504,1.0500265085381362e-12,8.080387353277558e-13,1.421569875014903e-12,0.29927961279127724,9.612862973986535e-12,8.29449854908233e-12,1.2794510030619856e-11,0.4240148480732881,9.455587694180547e-13,5.710417258488857e-13,1.2012333915048116e-12,0.32391294242138235,0.0001080869535362,8.412091341077288e-05,0.00012497471295865747,0.37797160372579486,0.46132263135938645,0.32235403340230034,0.6565028255321369,0.7243277684957075
ds004447,sub-003,ses-01,C1_NONOVERLAP_EMPIRICAL,100,10.0,0.8333333333333334,0.9536666666666667,20,0.00051807616577775,0.000484361872963175,0.0006911358652468047,0.3991189047928813,1.0291954523531153e-12,7.628978417643842e-13,1.5595784778407715e-12,0.39260911764440076,9.114559410145638e-12,7.761563110025835e-12,1.2590633996372853e-11,0.47743759174552963,8.838994103830581e-13,4.838196732296768e-13,1.25606433684551e-12,0.4099182044219711,0.0001080869535362,8.435566914816512e-05,0.0001219630983443,0.34793680104604646,0.49585672658546964,0.33401336163359674,0.7429186492459375,0.8246440265664806
ds004447,sub-003,ses-01,C2_NONOVERLAP_HARRELL_DAVIS,100,10.0,0.8166666666666667,0.9541666666666667,22,0.0005317875407258009,0.00048205687994077765,0.0007092606962059394,0.4272454663526362,1.0112864681674282e-12,7.744087006843225e-13,1.4332583392243149e-12,0.32757622992427293,8.906280020386512e-12,7.73858931291539e-12,1.3379503310557732e-11,0.569428078555592,9.233135189847931e-13,4.963326055188625e-13,1.2603146715050579e-12,0.3972218041650628,0.00010572971184682567,8.381938697747297e-05,0.000122831138468735,0.3689762361104651,0.5037766529048543,0.36287775429163693,0.7523546956680454,0.773114313912427
ds004447,sub-003,ses-01,C3_BLOCK_SUBSAMPLE_EMPIRICAL,100,10.0,0.8,0.9360833333333335,24,0.0005510540342884499,0.00041721696356334753,0.0007380573799849,0.5822304091351188,9.476607195927535e-13,6.976650387949263e-13,1.3025178479731566e-12,0.31055347735549255,9.14419868460393e-12,7.855235147652954e-12,1.51099111639183e-11,0.7151551583148629,8.428944258445417e-13,4.628270830934527e-13,1.2864610492709077e-12,0.4469241181843659,0.0001018242687113,7.382638361181044e-05,0.0001163873182269,0.41798418722532055,0.519908105538257,0.3140718687956461,0.7281041852639084,0.7963567254617457
ds004447,sub-003,ses-01,C4_LOSO_SHRINKAGE,100,10.0,0.8583333333333333,0.9645,17,0.000523074702803142,0.0004878822873826327,0.0006649665188536259,0.3385448200485689,9.83799036101106e-13,8.176632699891039e-13,1.2340692799354808e-12,0.20990332305270581,8.991705929189926e-12,8.192498945160324e-12,1.1403894664173478e-11,0.3214061484367081,8.15245610174663e-13,4.982883752195674e-13,1.0149261173464405e-12,0.2846103795712593,9.99391673565532e-05,8.147933153710164e-05,0.0001160985980583886,0.34640338808679827,0.48010529059783436,0.318282169610605,0.686363187996772,0.766667282351878
ds004447,sub-003,ses-19,C0_CURRENT_OVERLAP_EMPIRICAL,100,10.0,0.9,0.96375,12,0.00041619800276745,0.000381902730216275,0.0005002260702388243,0.28429578938745287,7.799523945336433e-13,7.118346853251598e-13,8.559435625706029e-13,0.08096220870176721,7.33914390240991e-12,6.0293668662182075e-12,8.122485579976116e-12,0.25099923184597195,4.1704834152567526e-13,3.4710876351917104e-13,5.039011104700665e-13,0.11064714050763,9.133214282444468e-05,7.415032904173314e-05,0.0001130974076447,0.4264334217078,0.7196503589284884,0.6051774029094844,0.8274441083554034,0.3088537408312427
ds004447,sub-003,ses-19,C1_NONOVERLAP_EMPIRICAL,100,10.0,0.9083333333333333,0.9735833333333334,11,0.0004760155450823,0.00041479030334261503,0.0005872988601918,0.3624010985963879,7.832727451902429e-13,7.002906178901114e-13,8.754685023271692e-13,0.09823392686819171,7.2441755222623955e-12,5.667953217335784e-12,8.439602989382409e-12,0.3361949008196297,4.294778297611166e-13,3.4037863563843117e-13,5.069641448498879e-13,0.1165359166425794,9.133214282444468e-05,7.306696788738814e-05,0.0001201564124513,0.5155845750694901,0.7280972853132717,0.6016345935231519,0.8886851260787055,0.3942474973404864
ds004447,sub-003,ses-19,C2_NONOVERLAP_HARRELL_DAVIS,100,10.0,0.9,0.9740833333333333,12,0.0005037695028193236,0.00042463485941485825,0.0005892268744843461,0.3267208789369645,7.96291321063126e-13,7.11459485127268e-13,8.818019563048881e-13,0.09483009196793521,7.218430868622935e-12,6.2289673405496335e-12,8.482830460103829e-12,0.2742449447569361,4.254395511724335e-13,3.631700496710064e-13,5.211694643205366e-13,0.1108425920408723,9.386284624800688e-05,7.490008216432906e-05,0.00011381624130166034,0.4146066338101378,0.7069319739810787,0.590229076819525,0.8759231407497953,0.404132327359567
ds004447,sub-003,ses-19,C3_BLOCK_SUBSAMPLE_EMPIRICAL,100,10.0,0.875,0.9722500000000001,15,0.0005000648345801,0.00038817589921260004,0.0006070813142265409,0.4377540659502678,7.62246021413473e-13,6.79463329904523e-13,8.685073998884586e-13,0.1072745051978077,7.356021043928271e-12,6.086450995110195e-12,8.636872169813322e-12,0.3052195729636581,3.9593848514265396e-13,3.0135777042143764e-13,4.703377036634602e-13,0.12105113157959405,9.89793980315859e-05,6.093920546272957e-05,0.000121921163653,0.6161075818495335,0.735558727744969,0.5886624859848103,0.939161527266853,0.47650721561839765
ds004447,sub-003,ses-19,C4_LOSO_SHRINKAGE,100,10.0,0.9083333333333333,0.9778333333333333,11,0.0004983542757451925,0.00044521932550548683,0.000591243654472957,0.2930130948632997,8.084113909457713e-13,7.478021370570902e-13,8.843861433201446e-13,0.07552706588052568,7.659595601049914e-12,6.546662908354714e-12,8.65539073054838e-12,0.24351342941903636,4.2822858686427447e-13,3.5020077792189687e-13,4.668186510205608e-13,0.08165210679244456,9.054252380186718e-05,7.581195592034277e-05,0.00011180364344414608,0.3975114191101184,0.6350516716804748,0.5274575783932028,0.7502992528109217,0.3509032167849963
ds004447,sub-004,ses-01,C0_CURRENT_OVERLAP_EMPIRICAL,100,10.0,0.8275862068965517,0.948103448275862,20,0.0006219375709954624,0.0005396059889302512,0.0007394479697151647,0.3213216081217416,5.89464703917092e-13,5.216097169923956e-13,6.754899498464102e-13,0.09681261400444487,9.904300307877616e-12,8.566115500754008e-12,1.226203808062549e-11,0.3389417455058009,3.139630051084622e-13,2.6460382383163277e-13,4.1125018436937245e-13,0.11160615631308024,8.21234924849317e-05,7.109726614785991e-05,0.00011844096382079746,0.57649395640511,0.7115503283353853,0.6479821841169303,0.8622868907705147,0.30117997015703973
ds004447,sub-004,ses-01,C1_NONOVERLAP_EMPIRICAL,100,10.0,0.75,0.944396551724138,29,0.0005751231132452,0.0005110729694829437,0.0008070073265456899,0.5145582741029889,5.940277604686764e-13,4.746645226466015e-13,6.685805787015932e-13,0.1216516179103283,1.0733470559387884e-11,8.581593041114695e-12,1.279448400901905e-11,0.3590490082692238,3.3319284688340675e-13,2.6848215242802436e-13,4.414233546479213e-13,0.1297195695462814,8.426727272449832e-05,7.039191747463186e-05,0.0001163790019073,0.5457288743316577,0.7220185548732896,0.629122746144441,0.8594462766163243,0.3189994618794595
ds004447,sub-004,ses-01,C2_NONOVERLAP_HARRELL_DAVIS,100,10.0,0.7758620689655172,0.9520689655172414,26,0.0005880005470028193,0.0005152584766012491,0.0007749645404260917,0.44167656766128965,5.814440900867739e-13,4.692173614000825e-13,6.760180412069396e-13,0.13076698765588982,1.0172499035874368e-11,8.661188804400281e-12,1.2718167734678545e-11,0.3631218868089848,3.313984202001446e-13,2.6568661552540826e-13,4.301609400679459e-13,0.12353501554990036,8.840041760421043e-05,7.050574537909672e-05,0.00012260899270189423,0.58940045924529,0.7255479816177157,0.6210621813886184,0.8709168646112434,0.34436686415306816
ds004447,sub-004,ses-01,C3_BLOCK_SUBSAMPLE_EMPIRICAL,100,10.0,0.6896551724137931,0.9129310344827586,36,0.0005475001312025,0.000402081543123725,0.0011774335071393848,1.4161676288488747,5.524793557788089e-13,4.556663039080424e-13,6.790095401387994e-13,0.1438622905994881,8.69796470718813e-12,7.383018521711322e-12,1.3965166843139451e-11,0.6787144024714219,3.3853476130876384e-13,2.7793773316424263e-13,4.813191571799422e-13,0.1519433263106605,8.144887632562751e-05,6.765672373540855e-05,0.0001147894686808,0.5786788780029182,0.745635225974197,0.6333132211612106,0.9656891717077886,0.4457621353817775
ds004447,sub-004,ses-01,C4_LOSO_SHRINKAGE,100,10.0,0.8103448275862069,0.9578448275862068,22,0.0005666342599615651,0.000524840462860593,0.000765848365032622,0.42533238594334954,6.366375131185156e-13,5.268065426032197e-13,7.143974102381374e-13,0.11461967975882116,1.051347668615496e-11,8.804605785560969e-12,1.2505458611740365e-11,0.32143660225843845,3.46076025953719e-13,2.8935680531117067e-13,4.3733845088235604e-13,0.10993557772217043,8.333142955672536e-05,7.159981354102672e-05,0.00011967763661826887,0.5769470505431276,0.6410553837117003,0.5516729828516426,0.8419462388791603,0.45280526987604014
ds004447,sub-004,ses-19,C0_CURRENT_OVERLAP_EMPIRICAL,100,10.0,0.925,0.97825,9,0.0006612895503645875,0.0005906921032523819,0.000737891748868,0.22259484564948592,5.144519818500614e-13,4.1561156875606247e-13,6.044745619989526e-13,0.1247071518320272,1.0954518448832597e-11,8.331136092449142e-12,1.4301202412233598e-11,0.4993983108008383,2.2929153095645115e-13,1.9300175228784323e-13,3.0482262015173237e-13,0.09096366894912783,8.002524147402123e-05,6.424641824978991e-05,0.000111103010605,0.5855226539353661,1.5131852736753256e-05,8.137146851739094e-06,0.8601668193792856,56844.23714347854
ds004447,sub-004,ses-19,C1_NONOVERLAP_EMPIRICAL,100,10.0,0.825,0.9545833333333333,21,0.000646845274742075,0.0004936680847373749,0.000832396649282343,0.5236624232222632,4.769099539199843e-13,4.1076967340427963e-13,5.71283409368333e-13,0.1086821410730025,9.815374611268927e-12,6.485690891964575e-12,1.3078183346645425e-11,0.6095482303323915,2.051017250348726e-13,1.5902071141970883e-13,2.6408125608376794e-13,0.08717981435220244,8.017606988632019e-05,6.402933089188955e-05,0.0001034021222247002,0.4910790825436736,0.6565374093595444,0.5121113698758325,0.9071484393892996,0.6016977309765579
ds004447,sub-004,ses-19,C2_NONOVERLAP_HARRELL_DAVIS,100,10.0,0.9,0.9660833333333334,12,0.0006671557212563427,0.000560480882221841,0.0007843344848714412,0.33553426161514427,4.897382617145927e-13,3.96280665509545e-13,5.760006490232281e-13,0.12063863037714892,9.848801721025054e-12,7.652028821106703e-12,1.3033971442592867e-11,0.49608636602288725,2.2520018067563065e-13,1.6552985459088458e-13,2.6511992512839525e-13,0.0812847337996573,8.884382584758699e-05,6.889043851573119e-05,0.00014622613413856823,0.8704678576656505,0.6458777481665723,0.537071080821111,0.803551620052939,0.4125866543442056
ds004447,sub-004,ses-19,C3_BLOCK_SUBSAMPLE_EMPIRICAL,100,10.0,0.8166666666666667,0.9700000000000001,22,0.000653277524420325,0.00047775345022490936,0.0007165432003540563,0.36552573881292993,4.841165172904465e-13,3.9785124222991545e-13,6.678807540146937e-13,0.18194630181582477,6.615648898459678e-12,4.956377906227377e-12,1.1941875408263773e-11,0.9172557184784693,1.9677601309405676e-13,1.553255142313278e-13,2.545507142690409e-13,0.0829104184509711,7.952254093232651e-05,6.092498167391444e-05,0.00010057771477836192,0.4986351308814029,0.8377855527889626,0.7442142853034741,0.9929253332025789,0.29686719599169076
ds004447,sub-004,ses-19,C4_LOSO_SHRINKAGE,100,10.0,0.9,0.9726666666666667,12,0.0006479166752363922,0.0005288406843672531,0.0008179563878992162,0.4462235872849788,5.761755432346319e-13,5.047150918837149e-13,6.556944597826206e-13,0.09578842188419277,1.0546105946123077e-11,7.520901636762539e-12,1.409380671669194e-11,0.5692746204304868,2.552812688831487e-13,2.141780290985346e-13,2.949949992531182e-13,0.06438156304721111,8.14765588426029e-05,6.850926683928407e-05,0.00010214556044475188,0.4128339938559837,0.5658077662790976,0.4543513255027426,0.7756148043464886,0.5677961632727176
ds004447,sub-005,ses-01,C0_CURRENT_OVERLAP_EMPIRICAL,100,10.0,0.9137931034482759,0.9780172413793102,10,0.0007122299868118625,0.0006091359714415,0.0008060040385687749,0.27641080900300175,9.085387716542728e-13,8.08519002195808e-13,1.0560943001592814e-12,0.12971981583003495,1.391085540753155e-11,1.226630422679887e-11,1.709957080972738e-11,0.32414415208447417,5.305537323876648e-13,3.923251113497043e-13,7.251135685688965e-13,0.2174301040055889,8.24217921263447e-05,6.421138429846608e-05,9.86013070227741e-05,0.4172430788006706,0.46748830625940235,0.3972053160716121,0.6503746014322797,0.5415521243426485
ds004447,sub-005,ses-01,C1_NONOVERLAP_EMPIRICAL,100,10.0,0.9051724137931034,0.9717241379310345,11,0.0007146948920103,0.0005755654141915,0.0008647621203768,0.40464358849298815,9.35516126280971e-13,7.626449366376198e-13,1.1608972756803939e-12,0.20576027945993022,1.4706890846886835e-11,1.1919155909736945e-11,1.8424392304899186e-11,0.4141644873308331,5.176666050457095e-13,3.573955827176245e-13,9.378569437241703e-13,0.38246961425962406,7.856661304646372e-05,6.234602849324744e-05,9.88675246051728e-05,0.46484752531561085,0.44280752555384706,0.30648463239128115,0.7134466603355138,0.9190494841619975
ds004447,sub-005,ses-01,C2_NONOVERLAP_HARRELL_DAVIS,100,10.0,0.9051724137931034,0.9743103448275862,11,0.0007044308074196538,0.0006037420843426007,0.000834816379010011,0.3280297964051444,9.466393400723272e-13,7.500578519406182e-13,1.2067791967661331e-12,0.23462042270683045,1.5096566975303664e-11,1.199183747902335e-11,1.7363910101935064e-11,0.333740270900862,5.458223553418767e-13,3.7314180388035706e-13,8.143494176113623e-13,0.2854193511992696,8.301821251075533e-05,6.523330484590558e-05,0.00014016501852717452,0.902593666046081,0.4634580874613194,0.3391828720102091,0.7531287775346447,0.8931679405812305
ds004447,sub-005,ses-01,C3_BLOCK_SUBSAMPLE_EMPIRICAL,100,10.0,0.9137931034482759,0.9697413793103449,10,0.0007364579570774,0.00057658619834034,0.0011530872908198568,0.7828024480644254,8.086992111845231e-13,6.869742573000152e-13,1.0580030881663252e-12,0.2051357287999932,1.4706890846886835e-11,1.1978706944055557e-11,1.859145955554138e-11,0.4210096495829725,5.928583151758836e-13,4.286415147114189e-13,9.837247039343703e-13,0.3484824632137223,6.319192871595332e-05,5.3743767070954454e-05,0.00013005334595557174,1.2075842473497422,0.6412436322717547,0.44761026899982864,0.792926482027924,0.5385101631406364
ds004447,sub-005,ses-01,C4_LOSO_SHRINKAGE,100,10.0,0.9137931034482759,0.9722413793103447,10,0.0006860787871200158,0.0005799904334796691,0.0007912857748372771,0.30797533026286494,9.493663137806215e-13,7.937207084851312e-13,1.1356164288244513e-12,0.1753881340425156,1.4028379015698182e-11,1.097799256809891e-11,1.7059548194943298e-11,0.40467142999865663,5.310629471965062e-13,3.6761365400270393e-13,8.007592235741542e-13,0.28290513487023705,7.985774735717752e-05,6.531176896932127e-05,9.367350894280895e-05,0.35515326385906754,0.4482844396717911,0.30898125991830183,0.6711245617995334,0.8078426771751545
ds004447,sub-005,ses-19,C0_CURRENT_OVERLAP_EMPIRICAL,100,10.0,0.9666666666666667,0.9901666666666666,4,0.0005432391988838,0.0004399295159544,0.0006122653488708119,0.31723747651729634,7.439127393964436e-13,6.390999829506124e-13,8.39314477643498e-13,0.11480763352997725,1.0942275205216613e-11,9.118218632071738e-12,1.3742078177381893e-11,0.3871841391906934,4.1346414261936487e-13,3.210782800943656e-13,4.995378707111852e-13,0.126256892718981,8.559726863508096e-05,6.680301651407624e-05,0.000104965178912,0.44583387484924486,0.058794784485742844,0.025030483096714344,0.7587573741965055,12.47945540586569
ds004447,sub-005,ses-19,C1_NONOVERLAP_EMPIRICAL,100,10.0,0.9583333333333334,0.9893333333333333,5,0.0005770507213972,0.0004911091690817824,0.0006506289328966,0.27643976105278273,7.437267359457931e-13,5.695838926721192e-13,8.260093022521743e-13,0.14705596025685216,1.0649113271694327e-11,8.561520099352655e-12,1.5085936032302572e-11,0.5600783322112003,3.9951191153963823e-13,3.21163116377728e-13,4.888084117314167e-13,0.11978840192167992,8.259774166475882e-05,6.413438620584448e-05,9.663357961394722e-05,0.39346345747011385,0.660587639310565,0.5467198932613389,0.8242591836469304,0.4201399994023967
ds004447,sub-005,ses-19,C2_NONOVERLAP_HARRELL_DAVIS,100,10.0,0.9583333333333334,0.9900000000000001,5,0.0005861775323474832,0.00048793036987932826,0.0006422838368465643,0.2633220452612196,7.412760250746431e-13,5.91595312334934e-13,8.255524924198744e-13,0.13435961715197414,1.0759373398906859e-11,8.973249080006782e-12,1.3617182293895264e-11,0.3949133220244693,4.002165197575494e-13,3.1972913434616485e-13,4.939934998009219e-13,0.12445529887401366,8.23760983227268e-05,6.479206743328453e-05,0.0001034638379128944,0.46945377114913595,0.6951542190892395,0.5618973879816018,0.8440902813658212,0.40594286222347925
ds004447,sub-005,ses-19,C3_BLOCK_SUBSAMPLE_EMPIRICAL,100,10.0,0.925,0.9816666666666668,9,0.0005770507213972,0.0004230927516267,0.0006506289328966,0.3943088058614033,7.419189274966872e-13,5.38945755627336e-13,9.279283729046402e-13,0.22330695828439695,9.431529413828509e-12,7.185144185812138e-12,1.3792266337868268e-11,0.6333800049777388,3.9951191153963823e-13,3.002682189524736e-13,5.055273860740939e-13,0.14666482323527316,8.259774166475882e-05,6.419063096055589e-05,0.00011094544594490492,0.5660543917539463,0.6774551665670777,0.5058995410857848,0.8852502789537975,0.5599643438986033
ds004447,sub-005,ses-19,C4_LOSO_SHRINKAGE,100,10.0,0.9666666666666667,0.9911666666666666,4,0.0005812523862183466,0.0005210791402172109,0.0006437662050110699,0.21107365318703075,7.934791854845472e-13,6.456208147921709e-13,8.5089856659139e-13,0.11445783896497183,1.0870317855929032e-11,8.75708460172191e-12,1.4412539266324111e-11,0.4764366660811356,4.0479438098314816e-13,3.351534041680877e-13,5.080691814400954e-13,0.12308974153996279,8.24416866152564e-05,6.810879210592274e-05,0.00010451393699396993,0.44158660431534114,0.5886703171006309,0.5122065404482674,0.7088773673244414,0.3340933306175514
ds004447,sub-006,ses-01,C0_CURRENT_OVERLAP_EMPIRICAL,100,10.0,0.8103448275862069,0.9524137931034483,22,0.0006629911692542249,0.000575488775876875,0.0008038838030955931,0.34449180843711646,9.198129295788504e-13,7.262617943006146e-13,1.1579302332472038e-12,0.22484921957541162,1.0736045135654349e-11,8.008039378291371e-12,1.4059361917123916e-11,0.5156185468687831,5.800069926808809e-13,3.9036381047348186e-13,8.639034731613288e-13,0.29970732084189533,0.000125228206683425,0.00010190758510714862,0.00014350089642934746,0.3321401151675516,0.16815756854653502,0.09629121120359446,0.40086046133901554,1.8112134515629905
ds004447,sub-006,ses-01,C1_NONOVERLAP_EMPIRICAL,100,10.0,0.8103448275862069,0.9443965517241381,22,0.0005994888819177749,0.0005113122473042887,0.0007254145914600505,0.35714147544105135,8.338381581077788e-13,7.062279350602684e-13,1.197333405368255e-12,0.26780196940319273,1.0402990264219697e-11,7.573868982136083e-12,1.6418693986710082e-11,0.7756583843035709,5.400358456778712e-13,3.66971844372287e-13,8.218382455843642e-13,0.2953609180517877,0.000126263929961,0.00010149483857472652,0.00015074495866328563,0.3900569205608792,0.21882423604103213,0.17143323380358907,0.3906732660417164,1.0019001377709156
ds004447,sub-006,ses-01,C2_NONOVERLAP_HARRELL_DAVIS,100,10.0,0.8362068965517241,0.9434482758620689,19,0.000606543738364455,0.0005062190955829795,0.0007339162827314266,0.3754011003180602,8.438500067314935e-13,7.118026646954339e-13,1.1302000767850774e-12,0.22691510185870106,1.0433671457852033e-11,7.507176755559612e-12,1.6471899190731525e-11,0.7840633228109264,5.364522606887085e-13,3.917967011077949e-13,7.455279603572845e-13,0.23022600070302937,0.00012644555098470723,0.00010082480756842337,0.00014791250638366193,0.37239505918668864,0.23587072474778073,0.16703405406936847,0.4578107152278051,1.232779784214996
ds004447,sub-006,ses-01,C3_BLOCK_SUBSAMPLE_EMPIRICAL,100,10.0,0.7931034482758621,0.9450000000000001,24,0.0006436473456713249,0.00053231152574672,0.0007434585521596168,0.3280476918064853,7.714424255825155e-13,5.605223912737678e-13,1.0175930729630767e-12,0.25802175396076293,1.1050086218883485e-11,6.10916360892774e-12,1.6675541775467955e-11,0.8768715820457637,5.327462187182502e-13,3.1011258516832614e-13,1.010497113357535e-12,0.45694748395784734,0.00012419296948189002,9.950040104902688e-05,0.0001417419249256,0.3401281385948719,0.2706481839960861,0.20409465088578752,0.4395847776940589,0.8700968295091416
ds004447,sub-006,ses-01,C4_LOSO_SHRINKAGE,100,10.0,0.8189655172413793,0.9485344827586207,21,0.0006043621546454462,0.0005290289212472596,0.0007090806799470516,0.2979203065875302,8.68490082687513e-13,7.48427773503065e-13,1.1762020950119906e-12,0.22894117848013582,1.0363048393001145e-11,8.406439018987904e-12,1.5648058342984395e-11,0.6372954750819181,5.32680505714497e-13,3.7322033650861105e-13,6.662914305993849e-13,0.1912147332715969,0.00011921870016990647,9.839562815871556e-05,0.00013588704725310958,0.314475990146567,0.2125651311236949,0.16990297501796287,0.3693800384838113,0.9384279651625046
ds004447,sub-006,ses-19,C0_CURRENT_OVERLAP_EMPIRICAL,100,10.0,0.9,0.9751666666666667,12,0.00066016392768615,0.0005272195990393975,0.0007811036438759287,0.3845772751349927,6.407626091385875e-13,5.29382553102111e-13,8.151304925471719e-13,0.17415556513387434,1.3258077446584902e-11,8.971265629779996e-12,1.6783936135654147e-11,0.547946981992684,3.581783491099241e-13,1.8546432389783308e-13,4.683490432650741e-13,0.20828245388584513,0.0001909905012588,0.00018011821674287405,0.00037371464179441013,1.0136442533105912,0.6167573713981527,0.5439938819946432,0.7102812604537945,0.2696155508963241
ds004447,sub-006,ses-19,C1_NONOVERLAP_EMPIRICAL,100,10.0,0.8333333333333334,0.9599999999999999,20,0.0005777748353400625,0.0004422517512236725,0.0007906880164148304,0.603065836854961,5.606770578968222e-13,4.916610235263975e-13,7.620759595305356e-13,0.17326770752211285,1.2722050245126816e-11,8.50066800817916e-12,1.5502507470889383e-11,0.5102619023856747,3.5290385023700556e-13,2.1198134999340575e-13,3.8614647267169414e-13,0.12873429449386048,0.00019408491462568004,0.00017896491625078476,0.00035901725474928107,0.9276987751369224,0.7125841733939768,0.6698716118874947,0.7706265225834155,0.14139369699426874
ds004447,sub-006,ses-19,C2_NONOVERLAP_HARRELL_DAVIS,100,10.0,0.8333333333333334,0.9608333333333332,20,0.0005812578630123283,0.0004459444555904805,0.0008089251328652453,0.6244744368173677,5.885929189048856e-13,5.114429078172416e-13,7.610856782417991e-13,0.15714710008694457,1.2570204190390496e-11,9.499614900074611e-12,1.5930389453614402e-11,0.47388929918192624,3.506630891837301e-13,2.7342764101537596e-13,4.149186718053634e-13,0.10475671684749835,0.00022336915395123502,0.00018788161680380374,0.0003289423704309099,0.6315140228645353,0.7132165159851699,0.6815576161479423,0.798953470831942,0.16460058348715548
ds004447,sub-006,ses-19,C3_BLOCK_SUBSAMPLE_EMPIRICAL,100,10.0,0.8,0.9530833333333334,24,0.0006490872433396125,0.0004596862438568156,0.0009758100895027999,0.795153271223337,6.471703869183165e-13,4.886671395167486e-13,7.851772345119746e-13,0.18001179316364802,1.3434187276589775e-11,8.563924162949853e-12,1.9057054730550875e-11,0.7269637262237415,3.7299989134978093e-13,1.7210857549879394e-13,5.340680913234943e-13,0.26362676217611497,0.00019288504005485001,0.00017054132312877498,0.00032435688275341706,0.7974468044979295,0.7127245067666784,0.6461735606866141,0.8059178259543309,0.22413185424503365
ds004447,sub-006,ses-19,C4_LOSO_SHRINKAGE,100,10.0,0.85,0.962,18,0.0006009376421470234,0.0004654866979331447,0.0007513539422935963,0.4757020093855433,6.321665549968449e-13,5.669369376909732e-13,8.085930444296079e-13,0.14805848459448542,1.2374023241370896e-11,9.627249412834546e-12,1.5200944866891995e-11,0.4167553288539164,3.676299439230759e-13,2.801559110053332e-13,3.9872042782472565e-13,0.08669341977061981,0.00017398724191092674,0.00016467721035247888,0.00029074071182084575,0.724556003987634,0.6294150884637657,0.5909573056422861,0.6891364882007364,0.15598479343404917
ds004447,sub-007,ses-01,C0_CURRENT_OVERLAP_EMPIRICAL,100,10.0,0.9083333333333333,0.9784166666666666,11,0.0006251067457507875,0.0005576094656492,0.000774774219371925,0.34740427111291844,1.2031843959486546e-12,1.124355898538113e-12,1.4129652778929827e-12,0.13099647032975614,1.3063964478213874e-11,1.102913732462494e-11,1.6600814933443275e-11,0.3961669284254293,3.890740284986265e-13,3.1415507017115327e-13,4.80876721036338e-13,0.12002358941617028,8.682768230716393e-05,5.444059967956001e-05,0.00010063859704736795,0.5320653000077944,0.5596156292717938,0.4753214042459102,0.7847494926640725,0.5529296757137684
ds004447,sub-007,ses-01,C1_NONOVERLAP_EMPIRICAL,100,10.0,0.9,0.9744166666666667,12,0.0006548721644926,0.0005531945190151956,0.000784273797156575,0.35286165807270137,1.168734283770374e-12,1.057512589591849e-12,1.445133745061893e-12,0.17873151098813236,1.220070947841964e-11,1.0761194805178534e-11,1.651385349153182e-11,0.4357840535584594,4.155567928346711e-13,3.047833614978301e-13,5.047720663154508e-13,0.1412791813298714,8.403721950103047e-05,5.844712748912741e-05,9.895183245593915e-05,0.4819853003862149,0.7361695039905187,0.6249355667004814,0.8613237631348272,0.32110566269404867
ds004447,sub-007,ses-01,C2_NONOVERLAP_HARRELL_DAVIS,100,10.0,0.925,0.98175,9,0.0006965875056744755,0.0005902652739925339,0.0007889363975940987,0.2852062686998582,1.1648259130210116e-12,1.0799570821672883e-12,1.4245776216173063e-12,0.1591908787571286,1.287187302817643e-11,1.0863845995280048e-11,1.7340814881428287e-11,0.4669137954905062,4.3171730765417076e-13,3.282462117121641e-13,5.119523845218932e-13,0.12831176366144978,8.793635041187826e-05,5.882364420992405e-05,0.00011026585431258434,0.5849936832347536,0.7400240516040628,0.6678078542280961,0.8691223996753961,0.2720378412170012
ds004447,sub-007,ses-01,C3_BLOCK_SUBSAMPLE_EMPIRICAL,100,10.0,0.8833333333333333,0.9590833333333334,14,0.0007632009402896,0.0006114532339533312,0.000994083496422434,0.501349306281728,1.167752293592372e-12,1.0471979635174132e-12,1.334019451308957e-12,0.13231285172173748,1.2192371250814295e-11,9.350073152610313e-12,1.6803284413931882e-11,0.5649637293872791,4.19865032433421e-13,2.863389208925994e-13,4.878035759199201e-13,0.14189000392667084,8.758551155870856e-05,6.026827649347624e-05,9.962330647745426e-05,0.4493326445694812,0.7464774206150411,0.6196698949259738,0.8738051744651708,0.3404460369738555
ds004447,sub-007,ses-01,C4_LOSO_SHRINKAGE,100,10.0,0.9083333333333333,0.975,11,0.0006451894635590926,0.000571175670057181,0.0007566171396484069,0.2874217261404791,1.1329281323925521e-12,1.0423148382366891e-12,1.3102926354843884e-12,0.1256384559694952,1.1923017247858484e-11,1.038129806355633e-11,1.5569831147263026e-11,0.4014954854731394,4.24291767073528e-13,3.496298361989459e-13,5.014683671900049e-13,0.10660633902493125,8.543132903078985e-05,6.473194072307707e-05,9.739551694939587e-05,0.3823372083115959,0.638872291085553,0.5296355947031379,0.7523683283002653,0.348634205465881
ds004447,sub-007,ses-19,C0_CURRENT_OVERLAP_EMPIRICAL,100,10.0,0.8916666666666667,0.9734166666666667,13,0.0006258068048443,0.000563383798451525,0.000819994051022,0.41004707870549956,1.1665384911821613e-12,1.024291296239104e-12,1.353247162168513e-12,0.1518347665034632,9.014662365825375e-12,6.8083472639604954e-12,1.4906471776218007e-11,0.8086268130108938,3.118622686175356e-13,2.247631980352997e-13,6.606228078596458e-13,0.33224494693613144,8.941266498817407e-05,3.6426088349736604e-05,0.00012821025612266918,1.0265231078678738,4.1671416902618894e-05,2.4397831945034697e-05,0.8165267953779617,19593.82326404359
ds004447,sub-007,ses-19,C1_NONOVERLAP_EMPIRICAL,100,10.0,0.9166666666666666,0.9763333333333333,10,0.0006282255891313375,0.0005726899135896325,0.000926097378990525,0.5625486623793992,1.116852608551099e-12,9.126980409722294e-13,1.3636322596507263e-12,0.21302107518347413,9.138928271278591e-12,7.075378905111312e-12,1.4501830847678796e-11,0.7324691272947487,3.06765743277012e-13,2.494704471125409e-13,6.827275270187534e-13,0.331549156484407,9.050075913633935e-05,3.58329861905851e-05,0.00013396688487066116,1.0843433638815563,0.491148595440423,0.40011330461995354,0.8097616487100727,0.8340619272705954
ds004447,sub-007,ses-19,C2_NONOVERLAP_HARRELL_DAVIS,100,10.0,0.9166666666666666,0.9767500000000001,10,0.0006868441903034803,0.0005845860331184072,0.0008533163850764871,0.3912537302646301,1.155927620022457e-12,9.667832872994516e-13,1.3797710987468926e-12,0.19155921915557586,9.536909623368556e-12,7.340767484482364e-12,1.4726643558401208e-11,0.7009527781787736,3.276914012734636e-13,2.5434196468112753e-13,6.077623771879681e-13,0.26619168593534254,9.736254462541364e-05,4.3271256552880414e-05,0.0001848213736742445,1.4538456879091357,0.4777098678902104,0.39821223808626166,0.8207206392617648,0.8844456218595877
ds004447,sub-007,ses-19,C3_BLOCK_SUBSAMPLE_EMPIRICAL,100,10.0,0.8916666666666667,0.96875,13,0.0007469808869595,0.00046237422458086,0.0009410424124811,0.6408037951383202,1.1231136785541994e-12,8.446941086133152e-13,1.3191402335355054e-12,0.22346713212515262,8.597916496902064e-12,6.734669724573896e-12,2.198885032463193e-11,1.5893220789096938,3.257253569297436e-13,2.805211752420915e-13,5.374545255872102e-13,0.19380586559809973,8.754916609445351e-05,4.173064698252844e-05,0.00014168543282213177,1.1416988779775123,0.607590246849839,0.4794287778594998,0.7923356600538509,0.5149965520614562
ds004447,sub-007,ses-19,C4_LOSO_SHRINKAGE,100,10.0,0.9,0.97225,12,0.0006221410708400403,0.0005737332847131053,0.0008323129680787618,0.41562869752495674,1.0978747751520833e-12,9.541179902953509e-13,1.286690052128284e-12,0.15852808078538613,9.250291616581484e-12,7.670430105623848e-12,1.2659824307390647e-11,0.48675631761496985,3.245535038130459e-13,2.887357588063738e-13,5.961682810023994e-13,0.23210275863602883,9.175506461469159e-05,4.915092269246645e-05,0.00011196038353430091,0.6845339864459491,0.43935810927459085,0.3691546453514433,0.7306195401607137,0.822711330866864
ds004447,sub-008,ses-01,C0_CURRENT_OVERLAP_EMPIRICAL,100,10.0,0.9396551724137931,0.9826724137931034,7,0.00043866460367795,0.0004154219747705,0.0004759440887466981,0.13796899346513494,7.313064491215661e-13,6.336168762295487e-13,8.011230127037626e-13,0.0967512923891686,7.415305100930103e-12,6.830096225080229e-12,8.292109334428823e-12,0.17373263260377872,2.1968993552087192e-13,1.9210726371574023e-13,3.525787304293523e-13,0.13156742713063568,2.5436057526512537e-05,2.1565481040665157e-05,6.118956359197391e-05,1.5577917667553618,0.0007136457628465246,0.0004019476989705328,0.8348066551930762,1169.2141252218676
ds004447,sub-008,ses-01,C1_NONOVERLAP_EMPIRICAL,100,10.0,0.9310344827586207,0.9818103448275862,8,0.0004487928375661,0.00040005117332835873,0.0005014235551236,0.22587789528711627,7.266350640367025e-13,6.467693353850227e-13,7.879937190220419e-13,0.08179168058063792,7.462910336817304e-12,6.253843243440469e-12,8.575607158901095e-12,0.2743458010372571,2.498799314407332e-13,1.9100303597403277e-13,3.5157172621005757e-13,0.12846729209495966,2.4825784580758435e-05,2.3007369420920177e-05,5.464005111772321e-05,1.2741865345570527,0.8194231466240496,0.7406634518079476,0.8966693085650704,0.19038497679698543
ds004447,sub-008,ses-01,C2_NONOVERLAP_HARRELL_DAVIS,100,10.0,0.9310344827586207,0.9846551724137932,8,0.00045534803317016877,0.0004067148780603795,0.0005135007143176578,0.23451476287118717,7.248614135240742e-13,6.343190740521153e-13,7.941543136147853e-13,0.09266555464076949,7.356345707498962e-12,6.565584372914955e-12,8.836347188157355e-12,0.27174112880521734,2.5485700484864116e-13,1.9617800763972123e-13,3.6080935560309285e-13,0.13119530538320515,2.7957589249269404e-05,2.2738346314083233e-05,6.069909323436109e-05,1.3577975276774743,0.8184209049008428,0.7570946062870495,0.8881433146375711,0.16012385261131487
ds004447,sub-008,ses-01,C3_BLOCK_SUBSAMPLE_EMPIRICAL,100,10.0,0.8362068965517241,0.9516379310344828,19,0.00042975474469649996,0.00031773108411288124,0.0005157570805971,0.46078838795201593,7.156801285874925e-13,6.058114133000598e-13,8.099528798898382e-13,0.11898573818526809,8.104272954923441e-12,7.073347739593726e-12,9.492783935324117e-12,0.2657473263059407,2.225860406728638e-13,1.7289530384301912e-13,3.168047259165855e-13,0.11770903419964149,2.7567784351872913e-05,2.3037154955367503e-05,3.113424887464728e-05,0.29371579239787116,0.8444582081067704,0.7449815989237768,0.925080127199886,0.21327109683694953
ds004447,sub-008,ses-01,C4_LOSO_SHRINKAGE,100,10.0,0.9482758620689655,0.987155172413793,6,0.00046771103373645807,0.00042385999105104056,0.0005190098208033115,0.20343721376145238,7.648841455093167e-13,6.898080585493082e-13,8.247938909469735e-13,0.07648424557562704,7.787470580178226e-12,7.075843355116768e-12,8.983171025717875e-12,0.21705081720597041,2.7883259384981846e-13,2.331065511162814e-13,3.655217725634238e-13,0.10354382745947809,3.5409308790919917e-05,3.276192652534894e-05,5.841725369785193e-05,0.7245362116344283,0.719659170534087,0.6446181078640437,0.8003621067539822,0.21641355417473307
ds004447,sub-008,ses-19,C0_CURRENT_OVERLAP_EMPIRICAL,100,10.0,0.9,0.9685,12,0.0006923616355414876,0.0006028970681969713,0.000804317978040098,0.2909186459973035,9.984658392556809e-13,7.990845455173762e-13,1.4856467646384479e-12,0.34354463590770135,1.205196388504474e-11,1.0847634687075543e-11,1.5475820441372e-11,0.3545968863428702,3.2026366110582907e-13,2.526852214440414e-13,9.13291734547109e-13,0.5003595361776113,4.716224284733349e-05,2.4941831963835854e-05,7.225681193255486e-05,1.0032385253314056,0.00041763923274166267,0.0002133630721009686,0.655729387097967,1569.574817368202
ds004447,sub-008,ses-19,C1_NONOVERLAP_EMPIRICAL,100,10.0,0.9166666666666666,0.9720833333333333,10,0.0006629391905435875,0.000619725206822125,0.0007370252612772767,0.17693938743013565,9.52630776940488e-13,7.419173930296535e-13,1.3342571683487845e-12,0.30335472651273504,1.3128623738362664e-11,1.1796844780508754e-11,1.552294758240754e-11,0.2637272299765126,3.641620934371781e-13,2.4004420679005217e-13,7.78095220857859e-13,0.39441868136954283,5.089596671244347e-05,2.5020063172350388e-05,7.225681193255486e-05,0.9281039517135585,0.5535451766383754,0.49455511531321567,0.6533955048453695,0.28695108590140495
ds004447,sub-008,ses-19,C2_NONOVERLAP_HARRELL_DAVIS,100,10.0,0.9166666666666666,0.974,10,0.0006668158366466406,0.000620920397165484,0.000756359808337015,0.20311366875977394,9.47765513703326e-13,7.163221942051054e-13,1.3685854609915095e-12,0.33487771613033784,1.2754187577283667e-11,1.169833829564633e-11,1.4431229878216531e-11,0.1986952386110997,3.4167584635257136e-13,2.398271088020945e-13,8.045208750735782e-13,0.4208868839717421,4.6744187546217866e-05,2.59144846872104e-05,7.852789424559705e-05,1.1255604427995503,0.5582839083026985,0.5045561927613836,0.6736519519539707,0.3028848882755212
ds004447,sub-008,ses-19,C3_BLOCK_SUBSAMPLE_EMPIRICAL,100,10.0,0.9,0.97475,12,0.000631969491391275,0.0004923935212517,0.0006574013907179,0.26110100479982934,9.31781524799239e-13,5.500223798347743e-13,1.3366102783658705e-12,0.4071826386334461,1.1453522432849828e-11,7.871401430731032e-12,1.488328174037682e-11,0.5630439377657435,3.4945864451112136e-13,2.1369326699903218e-13,6.820527928717912e-13,0.34707215947505765,4.861698931868459e-05,2.4574145283817548e-05,6.972832416647575e-05,0.9287736362673287,0.5221262821542036,0.4225287891037233,0.638647440414221,0.4139202692850763
ds004447,sub-008,ses-19,C4_LOSO_SHRINKAGE,100,10.0,0.9166666666666666,0.9800833333333333,10,0.000654528851329525,0.0006274482263327781,0.0007207668656984852,0.14257375978702533,9.781676958046158e-13,8.013135006789511e-13,1.3053259156324166e-12,0.254787506651937,1.27779270299225e-11,1.1334772561947579e-11,1.3888534102688e-11,0.1853516523345084,3.7983673817184046e-13,2.7199565134258594e-13,8.082439974355077e-13,0.3886317353771886,5.701146419852003e-05,3.532498956652493e-05,7.544612461527014e-05,0.7037380096975077,0.5097952998595343,0.4256509322923829,0.5689060941865043,0.28100526217741123
ds004447,sub-009,ses-01,C0_CURRENT_OVERLAP_EMPIRICAL,100,10.0,0.8389830508474576,0.9588135593220339,19,0.0004984332856249876,0.00038059549790764687,0.0006455410587236049,0.5315567156639327,4.701086822076251e-13,3.817236391068798e-13,6.545091289434668e-13,0.18555464173366554,5.2301171889558875e-12,3.682820633639437e-12,1.0970406963066403e-11,1.1697350320064044,2.5147408081147035e-13,1.8094691151917262e-13,3.8889527877897694e-13,0.1661627439578838,8.985776154726511e-05,4.874848569695594e-05,0.00011835717855337748,0.7746541966233293,0.0004575482890221242,0.00014468820136091096,0.23067398640450912,503.8359955230108
ds004447,sub-009,ses-01,C1_NONOVERLAP_EMPIRICAL,100,10.0,0.864406779661017,0.966864406779661,16,0.0005366246821479,0.0004285975919773,0.0006891374813964224,0.4855160368150912,4.696744180059418e-13,3.6831088995873604e-13,6.610555212624803e-13,0.19919012518496507,5.19394447175766e-12,4.1538136053381835e-12,1.0063614341005283e-11,0.9541255596678075,2.514001444830185e-13,1.7693998671997219e-13,3.499156366382224e-13,0.13822569118346262,8.990437628748207e-05,5.107485706111249e-05,0.0001084019748226,0.6376454572192394,0.10271856471292701,0.06631400824343238,0.3756741019091935,3.011725237081869
ds004447,sub-009,ses-01,C2_NONOVERLAP_HARRELL_DAVIS,100,10.0,0.864406779661017,0.9655084745762711,16,0.0005442870075116197,0.0004216373170153672,0.0006766583212607763,0.4685414133671443,4.754987519223954e-13,3.812258893417909e-13,6.408001507986219e-13,0.17592306406131303,5.446484189336426e-12,4.138765267038377e-12,8.822395843999055e-12,0.7265403031171929,2.507044370226826e-13,1.7377303281799793e-13,3.550719452979624e-13,0.14495743927442106,8.919239429843752e-05,5.404988329525958e-05,0.00011107274810287129,0.6393242901125522,0.11648693239326294,0.06726522104025358,0.3821776096517884,2.7034138691684224
ds004447,sub-009,ses-01,C3_BLOCK_SUBSAMPLE_EMPIRICAL,100,10.0,0.9067796610169492,0.9704237288135592,11,0.0005678697041849,0.000441081510009585,0.0007034549864805586,0.46203112100432286,5.373379577950858e-13,3.8846296236572036e-13,8.373179535884277e-13,0.291968977248486,6.507326412237588e-12,4.039236751256318e-12,1.3629175726013248e-11,1.277410684997592,2.5702047730385837e-13,1.8603279553255116e-13,3.8808488782897786e-13,0.16073890278207842,9.174212176699475e-05,5.06049583886474e-05,0.00011294432865641493,0.6795065166095634,0.096833255872827,0.05587465731641644,0.4633257107661477,4.207759511676824
ds004447,sub-009,ses-01,C4_LOSO_SHRINKAGE,100,10.0,0.864406779661017,0.9669491525423728,16,0.0005425845912543854,0.000443522404832383,0.0006640424557754755,0.40642519911384406,5.331222361658307e-13,4.239542112241777e-13,7.021227240184745e-13,0.18143922658767608,5.681870582421723e-12,4.776468779488884e-12,9.690141030048442e-12,0.7353737534944425,2.6847687198819984e-13,1.9980737911780963e-13,3.451342120305971e-13,0.11456798000976037,9.173782828155433e-05,6.624464252828506e-05,0.00011187199811536592,0.4973668544853517,0.12084761594605123,0.07859000709385774,0.3545421484008974,2.283471950559179
ds004447,sub-009,ses-19,C0_CURRENT_OVERLAP_EMPIRICAL,100,10.0,0.975,0.9915833333333333,3,0.0006254351790072875,0.0004380496236838025,0.0008328585814897119,0.631254797341763,3.70001446965644e-13,2.977741633694151e-13,6.246746812854478e-13,0.23861326470863975,9.055780039201851e-12,7.0190841527658714e-12,1.447935942519336e-11,0.7418892660086096,1.5852790966653274e-13,1.3241025131858033e-13,2.0385429685055146e-13,0.061667953733229766,0.00013262424565492505,0.00010279099710075,0.00016090817142668478,0.43820927011295163,0.06971932564929248,0.0319706843326204,0.6700592723484868,9.152248419849562
ds004447,sub-009,ses-19,C1_NONOVERLAP_EMPIRICAL,100,10.0,0.9833333333333333,0.9920833333333333,2,0.0006855753827237,0.0004657157714228956,0.0009019940015351,0.6363679917189572,3.5475701593591004e-13,2.806000135978963e-13,4.912726496610482e-13,0.15550584612961935,9.705015568466834e-12,6.500431796812994e-12,1.6879063327410594e-11,0.9695111103966402,1.565133783084048e-13,1.2660605522787272e-13,2.0904831070376045e-13,0.07128517233105715,0.00013729379324023503,9.36079555695184e-05,0.00016965755569082252,0.5539187007115082,0.515197080454474,0.43670596095061565,0.7693027536293274,0.6455719671095003
ds004447,sub-009,ses-19,C2_NONOVERLAP_HARRELL_DAVIS,100,10.0,0.9833333333333333,0.9918333333333335,2,0.0006927367461661994,0.0004714812796786335,0.0009537244117330727,0.6961419818237835,3.5522541462821856e-13,2.824601779974779e-13,5.612052920210159e-13,0.20568173457697933,9.884882527294865e-12,7.102633238022166e-12,1.5780174773473265e-11,0.7972103983383696,1.5559347990216797e-13,1.3131652399459882e-13,1.992780627327675e-13,0.058810939937046273,0.00014149853063933206,0.00010624871481080281,0.00016841247711014515,0.4393244338237557,0.5670887395574047,0.45569572026708016,0.816078625144419,0.6354964924148752
ds004447,sub-009,ses-19,C3_BLOCK_SUBSAMPLE_EMPIRICAL,100,10.0,0.9833333333333333,0.9959166666666667,2,0.0007926883845515,0.0004646251229974713,0.001264021060260598,1.008461776195901,3.5276934469000534e-13,2.886647695676039e-13,6.921134413631294e-13,0.29823907037749886,1.0791576698134874e-11,7.492030699795479e-12,2.134486575857384e-11,1.1748076964948655,1.580961755484023e-13,1.246175779534675e-13,2.3910790064171497e-13,0.09886080716399222,0.000125104286831425,9.730310306703458e-05,0.00015505198107875,0.46160590506322724,0.5347896526561415,0.4284826439149354,0.8651748062895639,0.8165680846757066
ds004447,sub-009,ses-19,C4_LOSO_SHRINKAGE,100,10.0,0.975,0.9915,3,0.0006376623376551621,0.0004997565983983071,0.0008568115397826334,0.5599435935598136,4.5341984061624893e-13,3.9609275078488924e-13,5.736624322712947e-13,0.12217370131063855,9.526227164307064e-12,6.791582317665583e-12,1.415644644903935e-11,0.6996679832587095,2.011222164680176e-13,1.7792150485383865e-13,2.360110678459487e-13,0.048362741272846003,0.00012661482996452264,9.61883331385609e-05,0.0001490298578132279,0.41734071966240005,0.4745348885087025,0.40849859120854026,0.7046503553749928,0.6240884945183484
ds004447,sub-010,ses-01,C0_CURRENT_OVERLAP_EMPIRICAL,100,10.0,0.8620689655172413,0.9627586206896552,16,0.0015489025847854375,0.00120833265192326,0.002052037904613346,0.5447116303071113,3.6936772345779846e-12,3.042643507959113e-12,4.304007135810358e-12,0.26873676326929125,2.4151955789647062e-11,1.8030069116830475e-11,3.54823088029224e-11,0.693872072297278,1.2858517650401689e-12,8.5135153524373e-13,1.8050097428384143e-12,0.41720037238631963,0.00015587269838250012,5.483016281376264e-05,0.00019371083145068024,0.89098776878249,0.747134646762043,0.6878951326338005,0.8309807985924751,0.19151255610831658
ds004447,sub-010,ses-01,C1_NONOVERLAP_EMPIRICAL,100,10.0,0.8706896551724138,0.9672413793103447,15,0.0015044735166834626,0.00122636164191449,0.0017975481831425599,0.37965875405209104,3.678799856765809e-12,3.149283518112921e-12,4.15247249581231e-12,0.21441160306284976,2.4134989530526835e-11,1.659739485436816e-11,3.515194034048743e-11,0.7381958708828776,1.384258048968714e-12,8.893132695169775e-13,2.1286615189179736e-12,0.5198045781735174,0.00014871635230788503,5.350488097886727e-05,0.00019142967597459012,0.9274352949616738,0.7701969609366194,0.7156950162967015,0.8619337332026192,0.18987184359685114
ds004447,sub-010,ses-01,C2_NONOVERLAP_HARRELL_DAVIS,100,10.0,0.8706896551724138,0.9708620689655172,15,0.0015251420034751166,0.0012574325747139858,0.0018542336758050504,0.3913085465746227,3.6832907702885135e-12,3.289079621720226e-12,4.204700744569801e-12,0.19550806639177948,2.4057023058420864e-11,1.7825881505065915e-11,3.427808999063204e-11,0.6565907070128613,1.275623952876029e-12,8.90187269882147e-13,1.99147680487997e-12,0.4839505813805338,0.00015178840876361183,6.712294091691224e-05,0.0001905481478048821,0.8131398641054775,0.7782732351242002,0.7287859240027926,0.8451135636501743,0.14946889395299345
ds004447,sub-010,ses-01,C3_BLOCK_SUBSAMPLE_EMPIRICAL,100,10.0,0.8017241379310345,0.9435344827586206,23,0.0014964826990863749,0.00104472412672643,0.0021783153034190747,0.7575036962520284,3.678799856765809e-12,3.0157620133886343e-12,4.253092560201612e-12,0.26445468596476246,2.4340572484567774e-11,1.5699666768935135e-11,3.521390007676348e-11,0.7700786286384167,1.3466589087197113e-12,9.30634782061371e-13,2.1773373654089004e-12,0.5312670617425626,0.00014019540448610997,5.579060916113614e-05,0.00018508674529632996,0.9222565867039344,0.8003752480269859,0.7255309746357421,0.8789557797523923,0.19169109176560328
ds004447,sub-010,ses-01,C4_LOSO_SHRINKAGE,100,10.0,0.896551724137931,0.9702586206896552,12,0.0013761360068394706,0.0011568688512757438,0.0016535200221271904,0.36090267823976746,3.3424295551477914e-12,2.9593710691862325e-12,3.799950049640638e-12,0.19357342929326965,2.1816407978804243e-11,1.6760150391376198e-11,3.325736454501431e-11,0.7230416886375599,1.2328968747358157e-12,8.829315177841217e-13,1.9315254864211854e-12,0.4696114632526985,0.00013936678808340553,6.175343252828965e-05,0.00018031266595854522,0.8506993252122824,0.6982787959953196,0.6442321718954134,0.760618909536139,0.16667660296724668
ds004447,sub-010,ses-19,C0_CURRENT_OVERLAP_EMPIRICAL,100,10.0,0.8416666666666667,0.9577500000000001,19,0.0013620538027985,0.0012054845383123944,0.0014697765221439987,0.19403931261345625,2.747882445487174e-12,2.4149999520276136e-12,3.517208398954003e-12,0.2940883186593963,2.2739553108330052e-11,1.9380961666975452e-11,2.5826044073606583e-11,0.2714913114505763,6.256122188168619e-13,3.768381462605731e-13,1.5110329659768806e-12,0.6977031831993652,0.00010537903083843002,4.174144838635869e-05,0.00024728497256500874,1.9505163464947652,0.097274635622347,0.054988651076958876,0.8002004158399092,7.6609052296885825
ds004447,sub-010,ses-19,C1_NONOVERLAP_EMPIRICAL,100,10.0,0.8083333333333333,0.9588333333333333,23,0.0014566479468412375,0.00123200413821295,0.0017070445085081824,0.3261188614580795,2.6393935616326003e-12,2.389727264815708e-12,3.879901781455026e-12,0.4094568205948133,2.2259400665903217e-11,1.8037756870938525e-11,2.656509738238389e-11,0.36661909882939914,6.558808074125116e-13,3.91061261442679e-13,1.7303605211579729e-12,0.808813806959989,0.00010645517238110999,3.9453588255512095e-05,0.00015723353768213002,1.1063807017153144,0.7929357726643222,0.6667436565603789,0.9429654942117731,0.3483533561904015
ds004447,sub-010,ses-19,C2_NONOVERLAP_HARRELL_DAVIS,100,10.0,0.8083333333333333,0.9606666666666667,23,0.0014497392049436111,0.0012399748827936136,0.001772826542843242,0.3675500102811968,2.737147600335689e-12,2.3925942765031977e-12,3.795632243142926e-12,0.37543017206858537,2.258775255300861e-11,1.8481390662850325e-11,2.5619891978093404e-11,0.3026359251141358,7.427128936916798e-13,3.7625973592863e-13,2.1105248898771605e-12,0.9951525350080735,0.00012569794192975763,4.111667932236165e-05,0.00029954124592215814,2.0559172296416097,0.8058923276005917,0.6947944619174675,0.9274563262669463,0.2887009298647891
ds004447,sub-010,ses-19,C3_BLOCK_SUBSAMPLE_EMPIRICAL,100,10.0,0.825,0.9552499999999999,21,0.00148855995753375,0.00104296804013925,0.0019171693415219711,0.5872798716444182,2.5915489664657482e-12,2.343600106237487e-12,3.6898434846319875e-12,0.3748364260001352,1.881661074811206e-11,1.5116148676855714e-11,2.288524061386283e-11,0.3920494798913725,7.187874681881304e-13,4.0478703447967494e-13,3.138987899526889e-12,1.5907730976939736,0.00011931934454865,5.023573438048345e-05,0.0003621373698023,2.6140072591551813,0.8176847935337903,0.6846901732972859,1.0502972655902478,0.4471247297047922
ds004447,sub-010,ses-19,C4_LOSO_SHRINKAGE,100,10.0,0.85,0.9595833333333333,18,0.00132893561750845,0.001121537806628992,0.0015138721016983501,0.29522445602722286,2.398599280896357e-12,2.1646171534371868e-12,3.4504127566778186e-12,0.3783310408108814,2.0341139544278176e-11,1.616401040895393e-11,2.3311696395902146e-11,0.3349252260929337,5.942326620517684e-13,3.8234516411598393e-13,1.6694757191549906e-12,0.8073668202120994,0.00010221092850943222,5.350358862310416e-05,0.00014794344792187986,0.9239702618109995,0.7047501413714075,0.6079999136644126,0.8178321083870042,0.29773984055394603
ds004447,sub-011,ses-01,C0_CURRENT_OVERLAP_EMPIRICAL,100,10.0,0.8793103448275862,0.9708620689655173,14,0.000483065518904525,0.00042759129282086625,0.0005156112510310499,0.18221122101113796,7.680613977666595e-13,7.073852013456047e-13,9.58391052197373e-13,0.1419667049848089,7.999220419160533e-12,7.066122532145648e-12,9.602547019627768e-12,0.2818493568711503,5.339043334088715e-13,4.898530256436837e-13,6.585378436352484e-13,0.10997088561363408,7.362250766765841e-05,5.709806546120402e-05,0.0001041479162279,0.6390688339497523,0.00024539736600079234,0.00012109582236085325,0.9597110012685316,3910.3512689403565
ds004447,sub-011,ses-01,C1_NONOVERLAP_EMPIRICAL,100,10.0,0.8793103448275862,0.9704310344827585,14,0.0004303795575961,0.0003616938214168,0.0004895913910361,0.2971738946814818,7.748550878116815e-13,7.195840120392622e-13,1.0882403125125176e-12,0.20771064804383127,8.458639850720569e-12,7.45467854127268e-12,9.384575960880916e-12,0.20403540573132348,5.65509660719524e-13,4.867949636964975e-13,6.196945610033312e-13,0.08489222432888191,7.236413627832454e-05,5.86955828816662e-05,0.00010160622706219694,0.592982184192831,0.38229774771229313,0.3358162754392837,0.9382419113390034,1.5758022104579936
ds004447,sub-011,ses-01,C2_NONOVERLAP_HARRELL_DAVIS,100,10.0,0.8879310344827587,0.9729310344827586,13,0.0004267906150144109,0.0003708831722529052,0.0004635546578034114,0.21713571496936815,8.041054803144748e-13,7.076258653853865e-13,1.095759215210988e-12,0.2151389450676386,8.434804983994267e-12,7.722406803653067e-12,1.1404671150679043e-11,0.390285157273815,5.643743567869033e-13,4.961345339262958e-13,6.48239880013098e-13,0.09723078457973071,7.432002249793036e-05,6.213191009214121e-05,0.00012059603926064001,0.7866538036028324,0.38938798675092995,0.3490715113209321,0.9259367187861344,1.4814663705398539
ds004447,sub-011,ses-01,C3_BLOCK_SUBSAMPLE_EMPIRICAL,100,10.0,0.7844827586206896,0.9564655172413793,25,0.00042580002103975,0.00034712410655446125,0.000541146855584945,0.4556663668100303,8.153121794567519e-13,7.092087014677857e-13,1.1333688262108284e-12,0.2336568495177377,9.938257017073834e-12,8.458639850720569e-12,1.2292203596697358e-11,0.3504729994909492,6.258525654222464e-13,5.275628377327947e-13,7.298679199887815e-13,0.12443015225273309,7.673490226596466e-05,6.338033528953985e-05,0.0001107270185397,0.617016262939117,0.35416011434744366,0.29448971816667124,1.0007432492137924,1.9941645104402335
ds004447,sub-011,ses-01,C4_LOSO_SHRINKAGE,100,10.0,0.9224137931034483,0.9789655172413793,9,0.0004599880946503419,0.00039331063117925677,0.00048362569934934515,0.1963421858611337,8.181008833044374e-13,7.557475278727276e-13,1.0577768181595214e-12,0.16612350450974378,8.782378779208671e-12,8.142848636693656e-12,9.46556007952811e-12,0.1352136809142707,5.304315910190082e-13,4.851118316612718e-13,6.079735624669267e-13,0.08027913924845854,7.51132656748303e-05,6.25142976346055e-05,8.653922293832156e-05,0.3198492938367514,0.35223903875722173,0.3139141299439698,0.8333710854236022,1.474728517630863
ds004447,sub-011,ses-19,C0_CURRENT_OVERLAP_EMPIRICAL,100,10.0,0.8666666666666667,0.9581666666666666,16,0.0004926486593214,0.00047519293797766563,0.0005276363867988,0.10645202767205467,8.459538014978279e-13,7.262263559700694e-13,1.0095063800453513e-12,0.15345997491672073,6.690745164882084e-12,5.7584620613175446e-12,7.689092778545548e-12,0.2510329852097764,3.1400092464990025e-13,2.8516078021762944e-13,4.36390303790737e-13,0.1150908806349591,4.025029716945146e-05,2.8297935978866234e-05,7.368366292820633e-05,1.1275873475090488,0.48785247049010316,0.41757064277078876,0.8080948022424828,0.8004964268779201
ds004447,sub-011,ses-19,C1_NONOVERLAP_EMPIRICAL,100,10.0,0.8333333333333334,0.9555,20,0.000502893589422575,0.0004445806457708331,0.0005642955455258,0.2380521486749752,8.273415839494768e-13,6.678307933791223e-13,9.809402636534135e-13,0.17134698461661463,7.14725777872405e-12,5.996625871714986e-12,9.442956657974142e-12,0.42300500117462697,3.115465269105633e-13,2.7400503497597743e-13,4.0089757306725267e-13,0.09675031383764876,4.2147039749752055e-05,2.9009693675135443e-05,6.25829114213779e-05,0.7965735470156337,0.741775915299012,0.6742050825826449,0.8229466950038157,0.20052095161516817
ds004447,sub-011,ses-19,C2_NONOVERLAP_HARRELL_DAVIS,100,10.0,0.8333333333333334,0.9556666666666668,20,0.0005049346858250324,0.00042746632349779327,0.0005595265590621607,0.2615392426191713,8.228055974163945e-13,6.955613815818124e-13,1.0023972632022368e-12,0.1683316542670963,6.9124997368683185e-12,6.0132851355119e-12,8.511362611637158e-12,0.31571280369027466,3.255782447659205e-13,2.76162859963073e-13,4.0209578504241355e-13,0.0950022569973443,4.71527346036427e-05,2.9907776863057628e-05,6.296479895604659e-05,0.7010626567005626,0.7458038165786649,0.6858957253006198,0.8359425987998149,0.2011881277134326
ds004447,sub-011,ses-19,C3_BLOCK_SUBSAMPLE_EMPIRICAL,100,10.0,0.7583333333333333,0.9495,29,0.0005102795825279,0.0003963109908026,0.0005632356458250275,0.3271239148318791,8.448297551836491e-13,6.409284064684119e-13,9.728617144181942e-13,0.17992625445090948,7.366570290013543e-12,6.081522673529817e-12,1.0360057006627154e-11,0.5113844962498261,2.730567379981776e-13,2.5255357582291093e-13,4.094604214420974e-13,0.12325204441862912,3.968214847028307e-05,2.982205046921494e-05,6.055873302815289e-05,0.774572017122103,0.8154486028619108,0.7188322558748059,0.9354380666080577,0.2656277906084861
ds004447,sub-011,ses-19,C4_LOSO_SHRINKAGE,100,10.0,0.8833333333333333,0.9676666666666667,14,0.0005202340579849984,0.0004489838734599932,0.0005805825184823066,0.25296045645121484,8.585816119869136e-13,7.287032680964473e-13,9.957534289360626e-13,0.14368492570747313,7.627635189590167e-12,6.716478508670323e-12,9.40112016719104e-12,0.3111677301515855,3.396404452227388e-13,3.0247043033415977e-13,3.899897563898424e-13,0.0653304596526503,5.086890526863001e-05,3.9654811103104525e-05,6.712966177990033e-05,0.5401108986245116,0.6416950452681074,0.5834436877990288,0.7285255386696454,0.2260915865569349
ds004447,sub-012,ses-01,C0_CURRENT_OVERLAP_EMPIRICAL,100,10.0,0.896551724137931,0.9703448275862069,12,0.0006174999333822,0.00052466405717739,0.000776255055737695,0.40743485877778796,1.2933483382076051e-12,1.0288555967803295e-12,1.852876832391519e-12,0.35930923439882384,9.036073279246339e-12,7.007272027993578e-12,1.5991339209347036e-11,0.8951775192725694,9.952757531724981e-13,5.957955129776897e-13,1.7391508891737564e-12,0.5730312586509038,8.01809231708245e-05,4.219100805485644e-05,0.0001045553292133,0.7777949905588157,0.7249020666340917,0.6655408795307559,0.8482966531299906,0.2521109843810558
ds004447,sub-012,ses-01,C1_NONOVERLAP_EMPIRICAL,100,10.0,0.9051724137931034,0.9783620689655173,11,0.000549311146682825,0.0004996634714482813,0.0007033842163813901,0.370865848604147,1.3165400280161727e-12,9.72986330361658e-13,1.6756429271825936e-12,0.3033215866434534,9.236536758802744e-12,6.4047662478056815e-12,1.6271412051242802e-11,0.9638656154829374,1.0214904993182665e-12,6.521657704995259e-13,1.6802114579714347e-12,0.5085582582844737,8.031633653772768e-05,4.0012357440680796e-05,0.0001055637358509895,0.8161649350546729,0.8023963482613093,0.7389796878900016,0.8764982954986262,0.1713848871651006
ds004447,sub-012,ses-01,C2_NONOVERLAP_HARRELL_DAVIS,100,10.0,0.896551724137931,0.975948275862069,12,0.0005522158622781449,0.000497855895528131,0.0007000819898497357,0.36620841190819914,1.325339412900377e-12,9.448981779721168e-13,1.7706730583158328e-12,0.3551201496704232,9.062288145572517e-12,6.358079376847078e-12,1.5894523062293673e-11,0.9477410652012288,1.0375003218267877e-12,5.655126965749851e-13,1.6266368041463947e-12,0.5207970257496815,7.840978871805335e-05,4.007473206378906e-05,0.00010780039914547822,0.8637399401939189,0.8107542163865367,0.7504472101336678,0.9142941014804776,0.2020919386356812
ds004447,sub-012,ses-01,C3_BLOCK_SUBSAMPLE_EMPIRICAL,100,10.0,0.8793103448275862,0.9696551724137933,14,0.0005509786757771,0.0004514277720051513,0.0008030669485807096,0.6382083216585439,1.3967538029792144e-12,1.0281171873581889e-12,1.6685883055362129e-12,0.26722440885747434,9.207475559352614e-12,6.303910743498872e-12,1.3461434195195666e-11,0.701204074413747,1.079492333052364e-12,5.25473975650037e-13,1.5032194117212517e-12,0.47018467946743514,7.416255130846088e-05,4.438056696803258e-05,9.16435934996569e-05,0.6372896436336952,0.8665951314651947,0.7520068884318724,0.9570710100161636,0.23663197973123004
ds004447,sub-012,ses-01,C4_LOSO_SHRINKAGE,100,10.0,0.9224137931034483,0.9769827586206895,9,0.0005586765404534499,0.0005165512402544432,0.000652178676002519,0.24276558202216308,1.2481576673325639e-12,9.250668785479475e-13,1.555882388697808e-12,0.2805922019243082,9.261362499652161e-12,7.119544600840266e-12,1.4635557782824353e-11,0.7324576226830368,9.277867822915706e-13,4.898807058888544e-13,1.4080348628507258e-12,0.4762737069244019,8.167004216807574e-05,4.7103143825760796e-05,0.00010396127693639389,0.6961932540383248,0.7107513399362231,0.6378114089343232,0.7820330295938128,0.20291431412880342
ds004447,sub-012,ses-19,C0_CURRENT_OVERLAP_EMPIRICAL,100,10.0,0.8583333333333333,0.9556666666666668,17,0.0004926486593214,0.00047517024538908434,0.000537314311091413,0.126142768076922,8.516147986017774e-13,7.518660557562055e-13,1.0094591883530665e-12,0.1391180999370814,6.854696270867867e-12,5.799130458431514e-12,7.872245252433581e-12,0.2639331582674944,3.1448538488335804e-13,2.849472790454077e-13,4.0923293760269565e-13,0.09455081051990283,4.3003633173113625e-05,2.8775233854047463e-05,6.380661631189443e-05,0.8146144652990512,0.4825711825112994,0.415830649477397,0.8061975046297547,0.8089311365839968
ds004447,sub-012,ses-19,C1_NONOVERLAP_EMPIRICAL,100,10.0,0.825,0.9571666666666666,21,0.00049798366910585,0.0004298219210005375,0.0005427691669573344,0.22680913599594368,8.395283652915341e-13,6.640660502060452e-13,1.007257387727084e-12,0.1865648521634234,7.042372267093886e-12,5.736998324499188e-12,8.666618749583077e-12,0.3642731681385483,3.171969081728851e-13,2.749920541118627e-13,3.8853562258478254e-13,0.0862009072207881,4.3003633173113625e-05,2.98667988860914e-05,6.23338000686656e-05,0.7549827312704877,0.7375449731422885,0.6711350745902559,0.8457233474473079,0.23671542646814764
ds004447,sub-012,ses-19,C2_NONOVERLAP_HARRELL_DAVIS,100,10.0,0.8333333333333334,0.9553333333333333,20,0.0005085401182844014,0.00043496020932753444,0.0005589592013540174,0.24383325390525662,8.45611669283349e-13,6.690923563167986e-13,9.737829175355565e-13,0.16508920391529017,7.021701857906366e-12,5.963971789240438e-12,8.584641393566233e-12,0.326697457814741,3.2381593310740923e-13,2.890405369658893e-13,3.97111257435729e-13,0.08163576050649576,4.661337862262526e-05,3.024451475061165e-05,6.312464611753378e-05,0.7053796921209021,0.7541253837288162,0.6763825737484319,0.813162549199879,0.18137564177318796
ds004447,sub-012,ses-19,C3_BLOCK_SUBSAMPLE_EMPIRICAL,100,10.0,0.7916666666666666,0.9508333333333333,25,0.0005102795825279,0.0003963109908026,0.0005632356458250275,0.3271239148318791,8.627638846121989e-13,6.709673424410528e-13,9.728617144181942e-13,0.1620679756951545,7.366570290013543e-12,6.104193425187586e-12,1.0113943315289895e-11,0.4792584955496524,2.756371594830911e-13,2.4334958902053995e-13,4.004935643621084e-13,0.12318861533105992,3.994437094682233e-05,2.9484041386282155e-05,6.22860671396964e-05,0.8211926775837997,0.8143793548489491,0.6870389810569578,0.9219354990169295,0.28843623866576507
ds004447,sub-012,ses-19,C4_LOSO_SHRINKAGE,100,10.0,0.85,0.9659166666666666,18,0.0005203787783779127,0.0004821433273038572,0.0005550073159219814,0.14002106063054603,8.463215402988049e-13,7.120405940130278e-13,9.933871356927554e-13,0.15238220187486684,7.685840309682606e-12,6.7053307636887265e-12,8.379975510290972e-12,0.19280169642716347,3.3148519676341896e-13,2.980201088740325e-13,3.815376173754993e-13,0.06272507475447837,4.941931876226071e-05,3.877822613611837e-05,6.666733549028676e-05,0.5643361642437263,0.651587335807668,0.5876951379880069,0.7269794891659572,0.21376159959445526
ds004447,sub-013,ses-01,C0_CURRENT_OVERLAP_EMPIRICAL,100,10.0,0.8448275862068966,0.9664655172413793,18,0.00044551038978901246,0.0004274345781515338,0.0004973469511355712,0.15692647002064414,6.294482524502764e-13,5.377972941514809e-13,7.542842797733077e-13,0.13285907379770132,7.309813858432582e-12,5.664151644385101e-12,1.1259222172266219e-11,0.6733087675848944,2.8175523412099545e-13,1.9675827270174423e-13,4.524971873428697e-13,0.19952242661720557,5.311182879377679e-05,4.193586770809739e-05,7.744672587167172e-05,0.6686054368952508,0.5490814972813669,0.4625343084180444,0.678912324833978,0.39407267862216916
ds004447,sub-013,ses-01,C1_NONOVERLAP_EMPIRICAL,100,10.0,0.8706896551724138,0.9656896551724138,15,0.000464432728257825,0.0004333377975557,0.0005249294794380456,0.19721194505114104,6.122162189297975e-13,5.533806770679973e-13,7.473472957842794e-13,0.12031054919236499,6.7957345822203715e-12,5.4202823373949765e-12,9.37858634072173e-12,0.5077525359001326,2.9495413225517215e-13,2.0329463279849062e-13,5.238398455027204e-13,0.24753402820993975,5.311182879377679e-05,4.353871432440928e-05,7.60203280689683e-05,0.6115702258927811,0.5642938413140475,0.49317514523413436,0.7138271274735601,0.3910231976397469
ds004447,sub-013,ses-01,C2_NONOVERLAP_HARRELL_DAVIS,100,10.0,0.8620689655172413,0.9716379310344828,16,0.00047832450753848305,0.000441748464104376,0.0005201178351227619,0.16384142902867954,6.099902840824145e-13,5.499154942088604e-13,7.412764498507342e-13,0.11885845370236912,6.828071508288442e-12,5.668067377487225e-12,9.49407842491953e-12,0.4887552500486595,2.926674689583759e-13,2.2287676508187526e-13,4.91396956393141e-13,0.2077256508416954,5.5249698919107186e-05,4.725606868437269e-05,7.541697053524773e-05,0.5097023493721468,0.5796795500092908,0.5195800619380498,0.7156960035667096,0.33831785445109835
ds004447,sub-013,ses-01,C3_BLOCK_SUBSAMPLE_EMPIRICAL,100,10.0,0.8275862068965517,0.9565517241379311,20,0.0004783798750743,0.000398330801086225,0.0005268980709750606,0.2687555984668282,6.114817272985365e-13,5.360536653844905e-13,6.683153920010646e-13,0.08207460523818391,7.113757273031948e-12,5.5668777902689e-12,1.1006642316421482e-11,0.6704371776356888,3.0650701492724384e-13,1.6287564579396132e-13,5.846762460595715e-13,0.3228460279557698,5.446572098878338e-05,3.7774244792861255e-05,7.371267872129644e-05,0.6598358126205747,0.644302053184127,0.5307912676083715,0.7844833336211753,0.3937471016251916
ds004447,sub-013,ses-01,C4_LOSO_SHRINKAGE,100,10.0,0.9137931034482759,0.9755172413793103,10,0.0004867615607846243,0.0004603779832191849,0.0005323280440679598,0.1478137685830879,6.667352627555195e-13,6.151616639550379e-13,7.623687129283293e-13,0.08832059431557371,7.183997503226476e-12,6.164854611211765e-12,8.648355109373584e-12,0.30345812021358987,3.0945048616786363e-13,2.447006609090938e-13,4.940431633123499e-13,0.1904176637735746,5.86117882186501e-05,5.0876039649414596e-05,7.795629749358825e-05,0.46202748977942465,0.5075453458990846,0.4459228173908631,0.650808965919351,0.403680479357251
ds004447,sub-013,ses-20,C0_CURRENT_OVERLAP_EMPIRICAL,100,10.0,0.85,0.9625833333333333,18,0.0004564468231241625,0.0004099909115848,0.0004999108584053681,0.1969998301403628,7.311837894954148e-13,6.298388389847367e-13,9.733474376878213e-13,0.19842410770447805,6.427802947233755e-12,5.647993430751936e-12,7.770053180765435e-12,0.28569144403646185,2.8259916034091335e-13,2.234290757202812e-13,3.6696374673691584e-13,0.11190921954017441,4.850065918974702e-05,3.77069148546589e-05,7.330697848478012e-05,0.7340119390302037,5.536122691846569e-05,2.9091243515385777e-05,0.698796627160319,12621.965989373048
ds004447,sub-013,ses-20,C1_NONOVERLAP_EMPIRICAL,100,10.0,0.7916666666666666,0.9490833333333332,25,0.000522365492835,0.00041858368016979997,0.000700805271235291,0.5402760986249919,7.875681211680592e-13,6.095237326796697e-13,1.1233564107338562e-12,0.28744788630400864,6.415747335386069e-12,5.107301441903215e-12,1.0037764484635594e-11,0.6648639469154319,2.5353342892274683e-13,2.2051983723691028e-13,4.798922350820503e-13,0.2069130282931806,4.443904325932816e-05,3.826132542916107e-05,7.77442938887628e-05,0.8884747437230022,0.5186371670694774,0.39880480053362827,0.7443140703115961,0.6661868676508037
ds004447,sub-013,ses-20,C2_NONOVERLAP_HARRELL_DAVIS,100,10.0,0.7916666666666666,0.9435833333333332,25,0.0005369567206340822,0.00043759080387760507,0.0007067016498176602,0.5011779070780401,8.218676889017606e-13,6.590526913198149e-13,1.150928840464514e-12,0.2699845615249957,6.671306589438633e-12,5.055993981508558e-12,9.860860147835158e-12,0.6263426067394613,2.685187003145435e-13,2.1703782652742332e-13,4.4644195881360693e-13,0.18084410756364908,5.328241109700216e-05,3.743834122185748e-05,0.0002453982530940196,3.9029748032721407,0.5061779641052426,0.41116280782064696,0.785781179588584,0.7400922172291713
ds004447,sub-013,ses-20,C3_BLOCK_SUBSAMPLE_EMPIRICAL,100,10.0,0.7916666666666666,0.9490833333333335,25,0.0004298641729532,0.0003698668685187669,0.0005926810773920526,0.518336308011432,7.381312085301427e-13,6.149947079751975e-13,1.0316044072230537e-12,0.2396882911964763,5.349909997451824e-12,4.598743420324852e-12,7.985502473937178e-12,0.5333554420411329,2.723837939535621e-13,2.095334777898742e-13,3.7790493590542565e-13,0.13232757200748854,4.809449759670512e-05,3.656663859006724e-05,6.474712291142246e-05,0.5859398713699413,0.573534896100784,0.45289183824208834,0.781024325032931,0.5721229676190612
ds004447,sub-013,ses-20,C4_LOSO_SHRINKAGE,100,10.0,0.8166666666666667,0.9580000000000001,22,0.0005515671500049723,0.000450106754694432,0.0006585387339339415,0.3778904868785968,8.084423036797752e-13,6.816525374310955e-13,1.0353046097645643e-12,0.19555618203238556,7.063389173611555e-12,6.059177494119741e-12,8.884164856223698e-12,0.3503473913114699,2.853488695742114e-13,2.5436199645366596e-13,3.5989095565091176e-13,0.08210141362803985,5.4472600230375e-05,4.5799564261883034e-05,0.00016386649287389673,2.1674553068006825,0.45274909636363564,0.350710434934769,0.6647476715926707,0.6936231108564863
ds004447,sub-014,ses-01,C0_CURRENT_OVERLAP_EMPIRICAL,100,10.0,0.9137931034482759,0.9762068965517241,10,0.0008236430905702501,0.0007032823337965256,0.00088148501899887,0.2163591087282799,1.2310099685591943e-12,1.1622066283306743e-12,1.3844683880935725e-12,0.09962383086366791,1.075140733982922e-11,9.806396961407959e-12,1.1483831650324803e-11,0.1427433021772201,6.928793202167544e-13,5.831850231022952e-13,7.738899729258617e-13,0.11265123718278326,5.651435202563559e-05,5.169990442893154e-05,5.956822826047193e-05,0.1392270000502566,0.6562303926508284,0.5877674457789203,0.8388966379620455,0.3826844885502966
ds004447,sub-014,ses-01,C1_NONOVERLAP_EMPIRICAL,100,10.0,0.896551724137931,0.971896551724138,12,0.0008421710093419,0.0007019656558838188,0.000981706351596971,0.3321661423605459,1.2028431486988323e-12,1.089078480633292e-12,1.3578159343215933e-12,0.12199572804220682,1.0419073947721416e-11,9.68463875322944e-12,1.1117502894991422e-11,0.1254798899036728,6.897920520738264e-13,5.854022738928999e-13,7.681328851813426e-13,0.10813792801557054,5.651435202563559e-05,5.147798366903226e-05,5.903191975738199e-05,0.133664028409264,0.7224191403987077,0.6563637747386194,0.8905534968591724,0.32417430411793635
ds004447,sub-014,ses-01,C2_NONOVERLAP_HARRELL_DAVIS,100,10.0,0.9051724137931034,0.974396551724138,11,0.0008635741353073463,0.0007287238495101103,0.0010216219347605098,0.33916958942614395,1.2387532418529144e-12,1.1181912382991809e-12,1.3660261380593245e-12,0.1107021958145874,1.0625453038700185e-11,9.933626078139608e-12,1.1283961131990329e-11,0.11615332747511568,7.031653675155629e-13,6.069392327485786e-13,7.663006663903529e-13,0.09356779833671555,5.606327664823065e-05,5.208875490263797e-05,6.0367910659586835e-05,0.14767520031376816,0.7291528482610443,0.6741251719625531,0.8722468179618137,0.27171483519743356
ds004447,sub-014,ses-01,C3_BLOCK_SUBSAMPLE_EMPIRICAL,100,10.0,0.896551724137931,0.971896551724138,12,0.0008795852793470251,0.0007717501573950463,0.0010929075764080675,0.36512368520573024,1.161307004226371e-12,1.0752190300208013e-12,1.225607430692555e-12,0.06958215578706481,1.059694271216016e-11,9.365780383100776e-12,1.1329602103881586e-11,0.16933960695706587,6.990745348344603e-13,6.14923390851467e-13,8.497735075631637e-13,0.1382223745320143,5.191988830395962e-05,4.344568505378849e-05,5.9497953353170486e-05,0.30917377742093494,0.7881093058487656,0.7043415269943222,0.9396241661730187,0.2985406179476678
ds004447,sub-014,ses-01,C4_LOSO_SHRINKAGE,100,10.0,0.8879310344827587,0.9745689655172415,13,0.0008182815681302115,0.0006861281523780691,0.0009511568495932506,0.32388447597187414,1.1751866162830948e-12,1.0684019713830775e-12,1.290883611670118e-12,0.10228163350288151,1.0421404028885642e-11,9.798785380570181e-12,1.0892543903904009e-11,0.09576392889767536,6.512625588341088e-13,5.770153369703113e-13,7.093618194463825e-13,0.08014866065243789,6.163911117371296e-05,5.716944687727125e-05,6.460184815630008e-05,0.12057930455069886,0.6379669850768743,0.5717823607957084,0.7627295809964381,0.29930580212927693
ds004447,sub-014,ses-19,C0_CURRENT_OVERLAP_EMPIRICAL,100,10.0,0.8916666666666667,0.9719166666666667,13,0.0005761491511235999,0.0005061140168335707,0.000664402730973,0.2747356540506929,9.870835344674233e-13,8.966401463977418e-13,1.4088239932344035e-12,0.2577565753791709,8.459538978572369e-12,7.692414795615343e-12,8.814615890839864e-12,0.11863168995513597,4.54077142033e-13,4.073455272545311e-13,5.870322314609317e-13,0.12357439575397895,5.5275481719691496e-05,4.70800386961163e-05,6.496630444418984e-05,0.323584071418732,0.6282909814477687,0.5289717993865117,0.8478798329609233,0.5075801547223315
ds004447,sub-014,ses-19,C1_NONOVERLAP_EMPIRICAL,100,10.0,0.9083333333333333,0.9779166666666667,11,0.00052553761621005,0.00049110469525111,0.0005789773582877251,0.1672052773369668,9.902832143932732e-13,9.008006540620119e-13,1.4536606331269553e-12,0.2777795517074085,8.250209457716731e-12,7.613387205864382e-12,8.994536371039904e-12,0.14931004227405215,4.4777953535194884e-13,3.986846794885201e-13,5.328058131562029e-13,0.09263919705501192,5.483830174715773e-05,4.665518944075657e-05,6.281963868162023e-05,0.2947656734635438,0.766877017223519,0.6795027028015221,0.8973006953377107,0.2840064151673798
ds004447,sub-014,ses-19,C2_NONOVERLAP_HARRELL_DAVIS,100,10.0,0.9083333333333333,0.9768333333333333,11,0.0005458379368460304,0.0004936901608587458,0.0005901016552736716,0.17663025548458944,1.0253054580556216e-12,9.241568432907075e-13,1.4267480253823744e-12,0.248155743664551,8.315378282392362e-12,7.6287013282692e-12,8.74087394168566e-12,0.11939103058419578,4.53213740851088e-13,3.9987295583730496e-13,5.394209424783813e-13,0.09602715878487965,5.59374381454903e-05,4.840864151934836e-05,6.682181980604769e-05,0.3291744950784685,0.7624127992920628,0.6961303957102526,0.8723505270536862,0.23113480191679808
ds004447,sub-014,ses-19,C3_BLOCK_SUBSAMPLE_EMPIRICAL,100,10.0,0.9083333333333333,0.975,11,0.0005833907193767,0.0005031840898804,0.0006145989706929474,0.1909781505276702,1.0322791387525997e-12,9.617356035648778e-13,1.4198355830405308e-12,0.22541193812422436,8.030671097783159e-12,7.038715327962062e-12,9.01814863163426e-12,0.219190056003491,4.1919039877146557e-13,3.143121586275492e-13,4.989071932640293e-13,0.1300706619747966,5.2950533134965834e-05,4.425069959182089e-05,5.858235587090841e-05,0.2706612220862117,0.8103235602278516,0.7250512743695545,0.9139244989711454,0.23308371355788948
ds004447,sub-014,ses-19,C4_LOSO_SHRINKAGE,100,10.0,0.95,0.9883333333333333,6,0.0005561123338831604,0.0005030730782409248,0.0005856852719138738,0.1485530683118291,1.0040831462738927e-12,9.192341258643705e-13,1.4246525526463318e-12,0.25219434020073694,8.593497291811759e-12,8.034730608942571e-12,9.17943064062893e-12,0.11932041015567742,4.4447103824448064e-13,3.8843706008310793e-13,5.215231933001795e-13,0.09213485746229709,6.0391791388583245e-05,5.378578314671321e-05,6.922573602894263e-05,0.2556631004240282,0.6650868950588542,0.6108064234109273,0.7855576665710026,0.2627494910185362
ds004447,sub-015,ses-01,C0_CURRENT_OVERLAP_EMPIRICAL,100,10.0,0.896551724137931,0.9802586206896552,12,0.0002267574773821875,0.00019802779363715,0.0002715803678423799,0.32436669665756745,4.791472556995857e-13,3.8371931150078487e-13,5.578863320739434e-13,0.11774826333351346,4.4121569325845025e-12,3.65624761814089e-12,5.640134489451015e-12,0.3665612242996707,2.0686990773250037e-13,1.793150319632636e-13,3.367460383158308e-13,0.13044571361328647,4.711873029678787e-05,3.62343935126267e-05,5.830080155642009e-05,0.4683149871927404,0.5952008428206291,0.503845450243584,0.7797928683834034,0.4636206777390534
ds004447,sub-015,ses-01,C1_NONOVERLAP_EMPIRICAL,100,10.0,0.853448275862069,0.9719827586206896,17,0.000245486265768225,0.00019067793000342187,0.000311587977904,0.49253283897438943,4.379089659495344e-13,3.6734228824288345e-13,5.904676603944309e-13,0.15517350363289856,4.294433835681852e-12,3.5776814316775187e-12,6.3630366729063045e-12,0.5260912361312132,2.0423147869065055e-13,1.7087050476340414e-13,3.959018949487137e-13,0.18686722126711391,4.102203963530924e-05,3.564353780422661e-05,5.830080155642009e-05,0.5523192752310694,0.571984448553136,0.4963039880403497,0.7838798422875449,0.5027686591377272
ds004447,sub-015,ses-01,C2_NONOVERLAP_HARRELL_DAVIS,100,10.0,0.8879310344827587,0.9713793103448276,13,0.00024391884710435745,0.0002028797766128141,0.00034516452237206446,0.5833282129078263,4.772243162575846e-13,3.791257288355642e-13,6.471478356019389e-13,0.18143629495985056,4.388890705461656e-12,3.4532695045980026e-12,7.493358719849029e-12,0.7497070243336694,2.076839910458804e-13,1.597138214108678e-13,4.4474967596075474e-13,0.23601857494446024,4.368668210262094e-05,3.55364756948921e-05,5.974413370736682e-05,0.5541198436972297,0.5801589757697648,0.4871666333870738,0.7742501481915876,0.4948359446186481
ds004447,sub-015,ses-01,C3_BLOCK_SUBSAMPLE_EMPIRICAL,100,10.0,0.9051724137931034,0.9742241379310346,11,0.0002485634978217,0.0002004491078647,0.0003449151106173,0.5812036096910133,4.0690669621951954e-13,3.519025669250065e-13,5.631872213423433e-13,0.15017673523416802,4.151802278147833e-12,3.4719205338899232e-12,5.4282054935981994e-12,0.3797282686888357,1.995574658503224e-13,1.655915999604049e-13,2.2226379838846882e-13,0.04724425468678241,4.543397012283503e-05,3.550842568093372e-05,5.4974964675364166e-05,0.42845779299812514,0.6495769332588656,0.5400972768303212,0.7988494415736869,0.3983395214556533
ds004447,sub-015,ses-01,C4_LOSO_SHRINKAGE,100,10.0,0.9051724137931034,0.9796551724137932,11,0.0003063848296337948,0.0002620117406827746,0.00035827467422007696,0.31418962008716494,5.727446543808621e-13,4.682667869789063e-13,6.547563658628293e-13,0.11857587839479124,5.3441700103249074e-12,4.730826412952394e-12,7.029618448808139e-12,0.3623471678902906,2.4364400554344463e-13,2.1102043256958813e-13,4.185327723787021e-13,0.16685831225346173,5.096647175264384e-05,4.2724611610268696e-05,6.185324656741627e-05,0.37531800660376863,0.5028152867040971,0.44273130495372476,0.7098133451994344,0.5311732703989053
ds004447,sub-015,ses-19,C0_CURRENT_OVERLAP_EMPIRICAL,100,10.0,0.875,0.9741666666666667,15,0.0002589033789493,0.00023680545746112376,0.000293945251631575,0.22069929786795636,4.4274375824097127e-13,3.9109516365083114e-13,5.267219827935906e-13,0.09400617286892239,3.796818658120929e-12,3.1720030401109887e-12,4.4904747811498995e-12,0.274863786815614,1.701117387535319e-13,1.5217216372690338e-13,2.2212837586375004e-13,0.059785924557399873,5.976801533531704e-05,3.7982091754406004e-05,0.0002845543063229075,4.125487671954096,0.39059665163489815,0.2794480533985366,0.5853852536275826,0.7832560748990522
ds004447,sub-015,ses-19,C1_NONOVERLAP_EMPIRICAL,100,10.0,0.8916666666666667,0.9767500000000001,13,0.0002613395054896,0.0002268544387454,0.00029345966364605877,0.25486091175162345,4.041639969220394e-13,3.4707565617717896e-13,4.656732756823214e-13,0.08446137329052103,3.65802978970535e-12,2.976988637456281e-12,4.129229628128628e-12,0.24736659976260778,1.5916875800000922e-13,1.447951977400032e-13,1.9087356807594717e-13,0.03975121829149886,5.509193224994283e-05,3.8311788015564144e-05,0.0002123297500572,3.158683164232877,0.6259573309700063,0.5504753767661198,0.8100575443018362,0.41469626553146
ds004447,sub-015,ses-19,C2_NONOVERLAP_HARRELL_DAVIS,100,10.0,0.9083333333333333,0.9766666666666666,11,0.0002623351346521084,0.00024010785221451294,0.0002976051185516952,0.2191748588852061,4.199526061167855e-13,3.68397241484955e-13,4.866548485197493e-13,0.08328278459814177,3.57389587583694e-12,2.9916182042415175e-12,4.475869024856281e-12,0.32450472439825107,1.6515684754257148e-13,1.469741797071625e-13,2.401520094806984e-13,0.0799702031276364,8.851761613096125e-05,3.947539533386769e-05,0.00079523656779427,8.53797466488799,0.6402047422099035,0.5721584328250221,0.7640780506878354,0.29977850085900953
ds004447,sub-015,ses-19,C3_BLOCK_SUBSAMPLE_EMPIRICAL,100,10.0,0.8083333333333333,0.9651666666666666,23,0.00020830213064715,0.000187797988866675,0.0002472750989840942,0.2855328922805718,3.851810435588826e-13,3.244424236269804e-13,4.281200024861383e-13,0.07484767376889868,2.8552476721096296e-12,2.5533071445947274e-12,5.671286577639179e-12,0.8087624189753448,1.5898310065133472e-13,1.2737673301166995e-13,3.0560519106311986e-13,0.15378003178069435,6.696258409246968e-05,3.657209970244911e-05,0.0001998988108491452,2.439074162402119,0.637144309629561,0.5651201926429604,0.8071273371200021,0.3798309752108843
ds004447,sub-015,ses-19,C4_LOSO_SHRINKAGE,100,10.0,0.9666666666666667,0.991,4,0.00031931741658404716,0.0002859364590756456,0.0003435529362181179,0.1804363744965686,5.013358571408722e-13,4.520966299542133e-13,5.481015749774813e-13,0.06394634789186932,4.539111749227278e-12,4.225993890941336e-12,5.111827025716023e-12,0.15992331891449252,2.05506670506359e-13,1.844676958744146e-13,2.3246708755184556e-13,0.03981677816620406,5.960992586385602e-05,4.66106967781505e-05,0.0006824034554769547,10.665887246446394,0.5698054581309718,0.48961796891628,0.6647470402923866,0.3073488835123535
ds004447,sub-016,ses-01,C0_CURRENT_OVERLAP_EMPIRICAL,100,10.0,0.8706896551724138,0.9714655172413793,15,0.0004033885127814375,0.0003380361810513644,0.000476677664241625,0.3436921936388571,4.669943260757783e-13,4.1685086906429105e-13,5.265274781884356e-13,0.07476280390090555,5.966969785191519e-12,5.18450322296341e-12,6.832935367798313e-12,0.23660675956119262,1.8638829229038965e-13,1.6560991003922291e-13,2.365578961219593e-13,0.05980165730206868,5.664870009918368e-05,3.75180338616769e-05,8.118198422788307e-05,0.7707846697094944,0.07113754011398674,0.04174495247024516,0.749744972675015,9.952551340127288
ds004447,sub-016,ses-01,C1_NONOVERLAP_EMPIRICAL,100,10.0,0.896551724137931,0.9673275862068965,12,0.0003753346292378,0.00030200418343181247,0.00043285309068426497,0.3486193298219001,4.549508981223258e-13,4.092814768241975e-13,5.048627475519862e-13,0.06569381197065847,5.757988452407858e-12,4.83557784792207e-12,6.315653059707586e-12,0.21901120758177206,1.7187641940348914e-13,1.4882902601428878e-13,2.639376407839356e-13,0.09822589896316852,5.420059037155712e-05,3.517988496604862e-05,6.600489947356367e-05,0.5687209996695923,0.7261207964095593,0.6724913777909974,0.8002435726372542,0.1759379368801659
ds004447,sub-016,ses-01,C2_NONOVERLAP_HARRELL_DAVIS,100,10.0,0.8793103448275862,0.9705172413793103,14,0.00038636631877818437,0.00032265539798039813,0.00046887807368922756,0.37845606157590783,4.564727399347067e-13,4.126811576439994e-13,5.053543670099286e-13,0.06362852309208597,5.8192440438052756e-12,5.111325353044398e-12,6.261888682166199e-12,0.16872300239305765,1.7671773058700437e-13,1.5468099997196512e-13,2.533388739843826e-13,0.08384158022604293,5.351754199636537e-05,3.536500543169137e-05,7.784500025188166e-05,0.7937583162791182,0.7277323806227058,0.6860733504916603,0.7924797100438169,0.1462163322469733
ds004447,sub-016,ses-01,C3_BLOCK_SUBSAMPLE_EMPIRICAL,100,10.0,0.8275862068965517,0.9631034482758621,20,0.00036745373341974996,0.00027735009587055,0.0005383379441415625,0.7102604323320898,4.711397522302414e-13,4.2103940959492034e-13,5.30548489949059e-13,0.07443825794804564,5.434757646329384e-12,4.488572119204372e-12,6.268731262683864e-12,0.2766474265732383,1.8510552976543777e-13,1.5222067800357378e-13,2.2637619526885185e-13,0.0625729231724666,5.2309925535973135e-05,2.971212710765233e-05,9.160487802698505e-05,1.1831932296209506,0.6870000098437379,0.5723196970238297,0.8267779624249646,0.37039048290354837
ds004447,sub-016,ses-01,C4_LOSO_SHRINKAGE,100,10.0,0.8879310344827587,0.9775,13,0.0004196175591930047,0.00038386288068370153,0.0005433548011396728,0.38008876554787746,5.416348921535755e-13,4.975406052738425e-13,5.786855374958644e-13,0.05263563547700133,6.495215401526769e-12,5.954894536297404e-12,6.915360066314147e-12,0.12814381956535853,2.1498051034295338e-13,1.9837217071046675e-13,2.7837793086678055e-13,0.06584941855053339,6.036316709279551e-05,4.475053530284137e-05,6.844766908149556e-05,0.39257604475339825,0.634326087065407,0.5963010886619837,0.68426405396821,0.13867152415728648
ds004447,sub-016,ses-18,C0_CURRENT_OVERLAP_EMPIRICAL,100,10.0,0.8833333333333333,0.9652499999999999,14,0.0006316750627708,0.0005227772074726275,0.000724392770046975,0.3191760671551579,5.545249690555754e-13,4.982479481887337e-13,7.387139595045885e-13,0.15468777671801937,8.413122843728011e-12,7.305946946818363e-12,9.333252590395668e-12,0.21537014625577783,2.0514842060776689e-13,1.6523414395301868e-13,2.88774114292995e-13,0.10251017072044456,8.83851567101549e-05,5.605679664454104e-05,0.0001327785049973,0.8680383713785479,0.562273148012759,0.5014953618321358,0.7209184574024123,0.39024288523361456
ds004447,sub-016,ses-18,C1_NONOVERLAP_EMPIRICAL,100,10.0,0.8666666666666667,0.9668333333333334,16,0.000623704538553275,0.0005100060547992263,0.00070853718075045,0.3183095734615312,5.64665396333927e-13,4.990769903825611e-13,8.478182035397921e-13,0.22288548975029776,8.570265239089994e-12,7.547210218548363e-12,1.0255113917032908e-11,0.2829497021069012,2.1960802238272863e-13,1.8234051039871376e-13,3.3347721682018815e-13,0.12392236165042686,8.562347748531321e-05,5.71492863050278e-05,0.00012623048612491998,0.8068020716040113,0.5841372618472419,0.48563640142266906,0.766816943539167,0.4813603933206169
ds004447,sub-016,ses-18,C2_NONOVERLAP_HARRELL_DAVIS,100,10.0,0.8583333333333333,0.9684166666666667,17,0.0006100892121312124,0.0005047549160426905,0.0007093421708025716,0.3353398984221678,5.684297991388677e-13,4.968722728590108e-13,7.744756952979699e-13,0.17699448364942744,8.647954308077051e-12,7.182949022923233e-12,9.777536798381544e-12,0.2689262088737485,2.2242232477190238e-13,1.7451693838990727e-13,3.3110127600282164e-13,0.12809348654699365,8.994027756762182e-05,5.899189116687163e-05,0.00012510142600568195,0.7350381374358954,0.5920185493218044,0.5029862456174778,0.787363581413158,0.48035207025349536
ds004447,sub-016,ses-18,C3_BLOCK_SUBSAMPLE_EMPIRICAL,100,10.0,0.85,0.9649166666666666,18,0.00061230955313625,0.0004886516592560751,0.0007717773703517117,0.4623898307368825,6.472641848594468e-13,4.240133635255539e-13,9.299004868268517e-13,0.3071074621491043,8.43551231111347e-12,7.27979464861143e-12,1.1852187617311001e-11,0.48459403347013286,2.010941320319995e-13,1.432011207184848e-13,2.9362908766370705e-13,0.12524244597776,7.646661714045931e-05,4.817517061753257e-05,0.0001327785049973,1.1064087367426403,0.5395821392146458,0.43606671237724237,0.7778085876411182,0.6333454175496671
ds004447,sub-016,ses-18,C4_LOSO_SHRINKAGE,100,10.0,0.8666666666666667,0.9663333333333333,16,0.0006191902240250617,0.0005226196912571875,0.0006897539289878195,0.26992389572020004,6.32077805504167e-13,5.729513293875866e-13,8.250662500554182e-13,0.1544748172039203,8.931557811734666e-12,7.868342093941836e-12,9.848365566405512e-12,0.19936685764686105,2.5470063046600795e-13,2.1135678624915022e-13,3.183212340277358e-13,0.08525097157148791,8.75248001147288e-05,6.486156762949541e-05,0.00012131227382427113,0.6449681173314442,0.5300722435483886,0.42414851971859,0.660977933865988,0.446787050311439
ds004447,sub-017,ses-01,C0_CURRENT_OVERLAP_EMPIRICAL,100,10.0,0.9827586206896551,0.9960344827586207,2,0.000587056892134175,0.00049575326349861,0.000656729501126025,0.2742089216736665,1.969732034025648e-12,1.7435044261911039e-12,2.1668067942950374e-12,0.14253891033061392,7.460581938942027e-12,6.19231907514984e-12,8.968253194691306e-12,0.32810203122843207,3.900180208836616e-13,3.366449160324848e-13,4.583849414835935e-13,0.08758161665682308,5.349530556191304e-05,4.758481345845686e-05,6.100923960288364e-05,0.25094586809947445,0.7453186105311468,0.6866299119239735,0.8267772216136957,0.18803677743892516
ds004447,sub-017,ses-01,C1_NONOVERLAP_EMPIRICAL,100,10.0,0.9051724137931034,0.986551724137931,11,0.00055207319484365,0.0004237509431489312,0.0007127014795973,0.5233917144026696,1.9478914634498337e-12,1.7182127521603055e-12,2.308990966887546e-12,0.20040704417111396,8.270312850817507e-12,5.893402346470488e-12,9.164701071246173e-12,0.35287899960001934,4.0387660755613364e-13,3.077464364371117e-13,4.664792265638511e-13,0.11306747991410813,5.349530556191304e-05,4.645443184367088e-05,5.924034195468107e-05,0.23900994185746663,0.7757736817022808,0.6614830243827782,0.9123882817013668,0.32342584343374936
ds004447,sub-017,ses-01,C2_NONOVERLAP_HARRELL_DAVIS,100,10.0,0.9137931034482759,0.9861206896551725,10,0.0005824121683305242,0.00044142510310499195,0.0006966613019788773,0.4382398107637008,1.9950027956027227e-12,1.7967623131166464e-12,2.2991947726292482e-12,0.16775692505204856,7.783035356209532e-12,6.345962654149897e-12,9.063377149021357e-12,0.3093935507102644,3.868809097668256e-13,3.249836358458049e-13,4.636009879256126e-13,0.09994899425294798,5.2922707777970787e-05,4.6173587808964426e-05,6.153704287264897e-05,0.2902998621657783,0.795084593371409,0.6857887461795469,0.8912559087295899,0.2584217632472781
ds004447,sub-017,ses-01,C3_BLOCK_SUBSAMPLE_EMPIRICAL,100,10.0,0.9051724137931034,0.9805172413793104,11,0.0006605796547656,0.0004130223711107,0.0007132283435134431,0.45445839844221314,2.399457453019913e-12,1.6215576084568135e-12,2.913571355774772e-12,0.3800646912554226,7.441561611522024e-12,5.026208811347908e-12,9.062651836694952e-12,0.47816307113575257,3.643967472264224e-13,2.8228142738886277e-13,4.64016260971466e-13,0.13319793817453612,4.8492901121538115e-05,4.2198205882352485e-05,5.833116273746808e-05,0.332686973748889,0.7760556116809043,0.6615732922099876,0.8786514471527324,0.27971984439656683
ds004447,sub-017,ses-01,C4_LOSO_SHRINKAGE,100,10.0,0.9482758620689655,0.9883620689655173,6,0.0005996608876993811,0.0004614948436282083,0.0006973102049957144,0.39324786026811204,1.7952960250213281e-12,1.5902476523807353e-12,2.0431675846654393e-12,0.16202932649369337,8.548912194828912e-12,6.402093631364068e-12,9.277637096629987e-12,0.30113832932961015,4.0983932903077667e-13,3.384273838120806e-13,4.62428142746621e-13,0.08795382309258416,5.894285991061911e-05,5.3901112452286636e-05,6.310299966938784e-05,0.1561153814887767,0.6863323018149234,0.5867213833060145,0.7923061232983991,0.29954111069585515
ds004447,sub-017,ses-19,C0_CURRENT_OVERLAP_EMPIRICAL,100,10.0,0.925,0.98075,9,0.00045731841858415,0.0004238196248255144,0.0005475433088559005,0.27054165922923223,2.543718095208269e-12,1.911682762101127e-12,3.37239685940155e-12,0.4121981653324981,5.392434746658921e-12,5.045312040565086e-12,5.839248895696365e-12,0.12419944615723118,3.6929551290989443e-13,3.3579655135735277e-13,4.1715690736994484e-13,0.05941767518078907,4.069746974898834e-05,3.552956382734341e-05,6.003228824292288e-05,0.602069955813865,0.010693314956889608,0.005369878489752989,0.8615133899023465,80.0634335361949
ds004447,sub-017,ses-19,C1_NONOVERLAP_EMPIRICAL,100,10.0,0.8916666666666667,0.9729166666666667,13,0.000435096740641475,0.00041945189820548497,0.00047639226189179624,0.13086828338795242,2.8448011144641028e-12,1.7544655985922606e-12,3.4043625908824814e-12,0.42912414535132265,5.656038260077893e-12,5.32421358231266e-12,6.086448521363768e-12,0.11451781213802516,3.8292156051287785e-13,3.3470377650458624e-13,4.555910006363425e-13,0.08741437517752151,3.7994753185320064e-05,3.528116435492455e-05,5.6382061622414734e-05,0.5553634368726323,0.7429678011736388,0.6625866675069915,0.8177590819649453,0.2088548308723808
ds004447,sub-017,ses-19,C2_NONOVERLAP_HARRELL_DAVIS,100,10.0,0.9,0.9763333333333333,12,0.0004616244760731155,0.0004218722498423254,0.0005200972987504527,0.21278128389316267,2.7643556635619784e-12,1.779320625359664e-12,3.4011351834209957e-12,0.43083457117511276,5.726871968864271e-12,5.378156389453566e-12,6.401776437281472e-12,0.1521688018689508,3.921194277082661e-13,3.2707299618180907e-13,4.4493541477473653e-13,0.08466401391075683,4.135724019015976e-05,3.584963566473796e-05,6.764905452052895e-05,0.7688960370827905,0.7506627088637334,0.6619226992142812,0.8288038737664912,0.22231179540621276
ds004447,sub-017,ses-19,C3_BLOCK_SUBSAMPLE_EMPIRICAL,100,10.0,0.95,0.9818333333333332,6,0.00043260268783399997,0.00038765101555905186,0.0004693980323755,0.18896557725237914,2.722605035068871e-12,1.7689089281279449e-12,3.0692761845179233e-12,0.349316471701898,5.3819450022032126e-12,4.706438622933288e-12,5.6374411685610756e-12,0.1458806908092096,3.732207060100532e-13,2.915671170722049e-13,4.723322312388002e-13,0.13163587861401788,3.5655704783702756e-05,3.388048658579374e-05,5.6989133342869426e-05,0.64810515593939,0.8152854743053467,0.7343205514460943,0.9600384490458609,0.27685749926037834
ds004447,sub-017,ses-19,C4_LOSO_SHRINKAGE,100,10.0,0.9333333333333333,0.9858333333333333,8,0.000466649184834054,0.0004436793122982857,0.0005577004399483965,0.24434014054116024,2.456644673875616e-12,1.7485553574407539e-12,2.9763844980390917e-12,0.35520837587905335,6.433734397372525e-12,6.11209385181086e-12,6.761837427049703e-12,0.08740473367847215,3.875430158603564e-13,3.5171344557825635e-13,4.4033964973867234e-13,0.06387276152693735,4.593603147591634e-05,4.375444101644835e-05,6.453943987448199e-05,0.45247701505198423,0.6292070722374072,0.5885482823173703,0.7213400046994497,0.21104613765651453
ds004447,sub-018,ses-01,C0_CURRENT_OVERLAP_EMPIRICAL,100,10.0,0.9051724137931034,0.979655172413793,11,0.000517165630201275,0.00036880541419037497,0.000682281628962625,0.6061427826209291,3.3490445925949074e-13,3.1414890856341875e-13,3.890578155277373e-13,0.05611555676866393,2.297518214274999e-11,7.091213491982928e-12,4.92061322933839e-11,1.7566047486373895,1.5545084058150677e-13,1.3198981140375433e-13,1.777983555896901e-13,0.0396456020256834,0.00010506141607531502,9.637713276302704e-05,0.00012304702868691497,0.2538505254004824,7.370823399202029e-05,3.623909872789611e-05,0.5467652814184417,7417.475705108163
ds004447,sub-018,ses-01,C1_NONOVERLAP_EMPIRICAL,100,10.0,0.9396551724137931,0.9860344827586208,7,0.0005831819241630875,0.000405108608429265,0.0007536409093891,0.5976390658238723,3.347842943229518e-13,2.9683705470435415e-13,4.161249851826162e-13,0.08936869499110264,2.784789551275839e-11,7.065184967378493e-12,6.845546709731117e-11,2.1280679591612484,1.538362101077728e-13,1.2790978107356444e-13,1.971738284192138e-13,0.060029358360299545,0.00010777057656211,0.000101021042767169,0.00012304702868691497,0.20437847154574285,0.5115026726821981,0.44053074184878,0.6719322024684611,0.45239540862184474
ds004447,sub-018,ses-01,C2_NONOVERLAP_HARRELL_DAVIS,100,10.0,0.9568965517241379,0.9876724137931034,5,0.0005881028037446203,0.00045220411997957217,0.0007046086076711617,0.42918429508458894,3.450177162565428e-13,3.0010643489063956e-13,4.1122567013792786e-13,0.08261544357687398,3.210605163088402e-11,1.5283459475615105e-11,5.323685472865521e-11,1.1464186571144621,1.5277745303545593e-13,1.325113750208885e-13,2.054751610754175e-13,0.06329390452806233,0.0001099672467351512,0.00010200242435484119,0.00013409497893975038,0.29183739018550303,0.5095174752343555,0.44165463981970216,0.6761828453160708,0.46029472372470775
ds004447,sub-018,ses-01,C3_BLOCK_SUBSAMPLE_EMPIRICAL,100,10.0,0.9224137931034483,0.982844827586207,9,0.000583768102582475,0.00038007439768696815,0.0008256870145786,0.7633384115318927,3.353836474584217e-13,2.7056957384324697e-13,3.980433802313679e-13,0.09545856475832719,2.3857946892073073e-11,6.144430300725092e-12,7.557577308357185e-11,2.793124592481435,1.5566500751922497e-13,1.3935354718613384e-13,2.0173792577297577e-13,0.05398136845966943,0.00010322853391312,9.517955238612917e-05,0.0001215135416189,0.255103777796849,0.5915087456448938,0.4685446081894099,0.7456476754017438,0.4684682504732085
ds004447,sub-018,ses-01,C4_LOSO_SHRINKAGE,100,10.0,0.9310344827586207,0.9854310344827586,8,0.0005852043797649799,0.00042158118891916045,0.0007186192924463161,0.5075801092583535,4.421972398061024e-13,4.1847245870963674e-13,5.105576271098001e-13,0.06385060646250014,2.1589031770655047e-11,7.610047181974301e-12,5.5637685219708137e-11,2.12614858951704,1.974159652695114e-13,1.8840682103051436e-13,2.5590582336684106e-13,0.05637055483984147,0.00010381802282205607,9.805055675911106e-05,0.00012011538630673315,0.21253370787948322,0.4526508299107098,0.38835133972633373,0.5816689780734652,0.4270789437961228
ds004447,sub-018,ses-19,C0_CURRENT_OVERLAP_EMPIRICAL,100,10.0,0.9166666666666666,0.9788333333333333,10,0.0006084495680362624,0.0005396176195617112,0.0006867285292900055,0.24177995550445824,6.926823503276255e-13,6.035937563310114e-13,1.105683010381308e-12,0.29662343555074894,1.4280220331299929e-11,9.59295145240232e-12,2.0235635665764817e-11,0.6965007036948332,3.3868021029762743e-13,2.1233241222112552e-13,1.0439734033426746e-12,0.6212394750622713,0.00014823077225907,6.82136842908367e-05,0.0002707152017723198,1.3661233293815553,0.17938673195375043,0.07745757735402056,0.43324894470271236,1.9833761587141163
ds004447,sub-018,ses-19,C1_NONOVERLAP_EMPIRICAL,100,10.0,0.9083333333333333,0.97575,11,0.0006084735115019,0.0004827466405582831,0.0007140422490978266,0.38012436661130955,7.461758848497685e-13,5.915461893606658e-13,1.101132869998528e-12,0.2918300985938219,1.4854621658517385e-11,8.699440537958793e-12,2.230122967757033e-11,0.8579068887654229,3.5633807845884854e-13,2.0260877750139948e-13,1.0271470116888028e-12,0.6079149787819069,0.00014668296223389,6.202244419012717e-05,0.00029656564069502757,1.5989804905353244,0.3224691582848764,0.24926312687026875,0.6788149945328226,1.3320711659554931
ds004447,sub-018,ses-19,C2_NONOVERLAP_HARRELL_DAVIS,100,10.0,0.9166666666666666,0.9790833333333334,10,0.0006190458906874614,0.0005170425624673419,0.0007239276509251629,0.3341999215823427,7.923573925757345e-13,6.070978075063912e-13,1.1575481986031147e-12,0.3071097278794886,1.5352438353200453e-11,9.757143872909725e-12,2.2688235060383875e-11,0.7907744954099346,3.787171723977363e-13,2.0030184898968852e-13,1.177962178039946e-12,0.7091086907621538,0.00015404827214838326,6.626282612012571e-05,0.0004049898314193151,2.1988367566634053,0.3370741782474791,0.24393530463219373,0.6765426806038279,1.283418914553376
ds004447,sub-018,ses-19,C3_BLOCK_SUBSAMPLE_EMPIRICAL,100,10.0,0.925,0.9749166666666668,9,0.0006050360319380125,0.0004640257702664069,0.0007225681589986224,0.4273173408809253,7.804973048716649e-13,6.246094359292471e-13,1.1315996780524188e-12,0.2847464249094804,1.7849822974928288e-11,1.2233425944634363e-11,2.3362487234035928e-11,0.59040667406819,3.46481798157925e-13,1.5579813533477953e-13,8.529482975808953e-13,0.5177568409761371,8.811512825207173e-05,6.202244419012717e-05,0.0006039435663385,6.150148410928324,0.36319387544594917,0.2333738083684073,0.6950185698363583,1.2710697857992443
ds004447,sub-018,ses-19,C4_LOSO_SHRINKAGE,100,10.0,0.8916666666666667,0.9741666666666667,13,0.0006114383247290811,0.0004936452445393094,0.0007367586129256593,0.39760897895378206,7.928573639972072e-13,6.399582791834308e-13,1.100130317387455e-12,0.25666963108435054,1.4476164343249746e-11,9.079414079096515e-12,2.088513890371913e-11,0.7628327383181305,3.8113335083030615e-13,2.031564709574315e-13,9.809031787171213e-13,0.5631220962784846,0.00013914935706108234,6.49333689034963e-05,0.0004146900618495446,2.5135343620666633,0.3129683851540525,0.22701582002575174,0.5723759929941262,1.1034985939467155
ds004447,sub-019,ses-01,C0_CURRENT_OVERLAP_EMPIRICAL,100,10.0,0.8879310344827587,0.9651724137931034,13,0.00041599112562925,0.00034890662497069933,0.0005033195987570337,0.371192950766842,1.7489525453570924e-12,1.4616043347048269e-12,2.7378013402227117e-12,0.4642484671746508,1.1437599200762727e-11,7.544667592107959e-12,1.8034081819880286e-11,0.8433632615472182,1.8794652212525753e-12,9.668428300304682e-13,4.064500826884836e-12,1.0757754509383788,0.00010085174880590002,4.803092610055681e-05,0.0001257279814808695,0.7704086000475845,0.1021283065957867,0.042667451220104465,0.6763446793899504,6.2047168829663475
ds004447,sub-019,ses-01,C1_NONOVERLAP_EMPIRICAL,100,10.0,0.8879310344827587,0.9720689655172414,13,0.000429598319346975,0.00036028004470275,0.0005211380425657168,0.3744381442949919,1.7578937616034065e-12,1.2801674340192627e-12,2.8596893259481957e-12,0.5727276060882845,1.1719373502972165e-11,7.716320511134068e-12,1.9539208206065402e-11,0.9295180845321236,2.471392426008178e-12,7.13035136586991e-13,5.716463839190407e-12,1.441331917739118,0.00010244298179592333,5.6594283360036675e-05,0.000127761326009,0.694699048257265,0.6615865149336912,0.5071239512240002,0.7542082214904527,0.3734723497059845
ds004447,sub-019,ses-01,C2_NONOVERLAP_HARRELL_DAVIS,100,10.0,0.896551724137931,0.9737931034482759,12,0.0004367352097925645,0.0003612493188208905,0.0006581574544260912,0.6798355806173428,1.959900755835019e-12,1.2128093085027654e-12,2.9814851400391796e-12,0.5975456535323774,1.252093936562074e-11,7.426056793490343e-12,2.2382005519533006e-11,1.1061323715473996,2.336441442454576e-12,7.770961635662214e-13,5.517869508763866e-12,1.4209071032608682,0.00010532415075008961,4.7191442885613745e-05,0.0001396689819937385,0.8780278556389709,0.6695740585495329,0.5084315978181229,0.8070110037914092,0.4459243935161394
ds004447,sub-019,ses-01,C3_BLOCK_SUBSAMPLE_EMPIRICAL,100,10.0,0.8448275862068966,0.956551724137931,18,0.00037833984613315,0.00031594942415202377,0.00052051714087945,0.5406983120533753,1.8329684724353745e-12,1.2818133781094409e-12,2.849107760525026e-12,0.5532339655966073,1.3077292786767666e-11,7.64261910157781e-12,1.9288899421585007e-11,0.8273096607718804,2.168545693273507e-12,9.134985604653571e-13,3.415975205352738e-12,0.7897871412111488,0.00010389212262143998,4.99591672190433e-05,0.00012407052396426,0.7133491371806218,0.6215567865650422,0.5182377914118614,0.7784196047506685,0.4185970115075914
ds004447,sub-019,ses-01,C4_LOSO_SHRINKAGE,100,10.0,0.9224137931034483,0.9775,9,0.0004508117420501432,0.00039444963827113067,0.0005410881975271296,0.32527670699937505,1.6752463941082626e-12,1.2084973053692102e-12,2.612333340622588e-12,0.5247501831401654,1.1433275071743924e-11,8.120076811397005e-12,2.02383285680204e-11,0.9746628854181425,1.9184797962771044e-12,7.272884655213662e-13,4.311489057866563e-12,1.2281053296710516,9.637691911226904e-05,5.362783536595394e-05,0.00012236886588845407,0.7132519947973437,0.6003327031124263,0.4670488011582527,0.6654618668933259,0.3305051760566594
ds004447,sub-019,ses-19,C0_CURRENT_OVERLAP_EMPIRICAL,100,10.0,0.8416666666666667,0.9620833333333333,19,0.00038990984020195003,0.00032375955855065003,0.0005416914535117461,0.5589289418530485,1.8120319243444602e-12,1.4234750679753844e-12,2.7400314719830975e-12,0.4681868625352211,1.0680328096663857e-11,8.398666751650488e-12,1.4714838314089805e-11,0.540752923219969,1.5259026519814699e-12,8.515745963632987e-13,2.1640410797089344e-12,0.51960295552802,0.00013935458878455042,0.00010796590824441029,0.00015923337475852076,0.36789219926930783,0.6432928987057234,0.4915808188228962,0.7810253551597787,0.4499420666989827
ds004447,sub-019,ses-19,C1_NONOVERLAP_EMPIRICAL,100,10.0,0.8416666666666667,0.9544166666666667,19,0.00035291422489465,0.00030952998029060245,0.0004953967527271,0.5266627378517222,1.788232038954135e-12,1.4688782667281512e-12,2.8696774864520544e-12,0.5023969311568999,1.0806226996289836e-11,8.157693959876127e-12,1.519998339789991e-11,0.5964894153091295,1.5026880482656822e-12,9.677050575629896e-13,2.5254068242120624e-12,0.6224114778222289,0.00014858031934074004,0.00011335859643852701,0.000155269553408065,0.2820760977861899,0.6538206179647457,0.5404947779341449,0.7929201039920349,0.38607734158532586
ds004447,sub-019,ses-19,C2_NONOVERLAP_HARRELL_DAVIS,100,10.0,0.8333333333333334,0.9528333333333333,20,0.00035838834787661777,0.00030667731551064034,0.0004719002597700811,0.461016505635126,1.8035443458972188e-12,1.4551116621685902e-12,2.4784189672953377e-12,0.3650048577345611,1.0965708897620957e-11,8.830007758120845e-12,1.5389055678990642e-11,0.5481537263683456,1.4730603578379935e-12,1.0698009527779672e-12,2.2041530190101584e-12,0.4586835346080546,0.00013994066912397679,0.00011265994311397794,0.00015933467774435442,0.3335323075773913,0.6296931324412898,0.540558043973446,0.7749045997463464,0.3721599358468117
ds004447,sub-019,ses-19,C3_BLOCK_SUBSAMPLE_EMPIRICAL,100,10.0,0.7833333333333333,0.94225,26,0.0003687525737942,0.000262928494577,0.0004310076340454487,0.4558046531939561,1.9044512043298166e-12,1.4640722874712037e-12,3.129530135509625e-12,0.5734156750699191,1.1171854608469227e-11,8.215349050822481e-12,1.3910769893799228e-11,0.4679172588057246,1.6237205379211062e-12,1.0727075799767513e-12,2.5190921656493694e-12,0.5512723496148926,0.00011043847562367002,8.594298291828798e-05,0.0001540363533989,0.6165728880220511,0.6069547619425397,0.4592348398858508,0.7522730635908178,0.48280076552431117
ds004447,sub-019,ses-19,C4_LOSO_SHRINKAGE,100,10.0,0.9083333333333333,0.9781666666666666,11,0.00040517273002497014,0.00034500884181363123,0.0005074407109544787,0.40089536314534724,1.704266244961387e-12,1.3978692809435574e-12,2.6057102698869207e-12,0.4466427783114268,1.0888859803342015e-11,8.624580957446296e-12,1.4574050817515614e-11,0.5004239227715424,1.3069638894444013e-12,6.903556540153575e-13,2.2571140758407614e-12,0.6791430195306329,0.0001410661495496955,0.00010652311051120655,0.0001473774385077255,0.2896111351824729,0.5696129309287641,0.4430869563867034,0.6999959705736123,0.4510238448547211
ds004447,sub-020,ses-01,C0_CURRENT_OVERLAP_EMPIRICAL,100,10.0,0.8916666666666667,0.9694166666666668,13,0.0006812901934146875,0.0006283559067968,0.0007635528262014124,0.19844248532119751,6.147515906058771e-13,5.66968299741771e-13,7.213718305429621e-13,0.09562060920048805,1.2651047273873151e-11,1.1050386279348512e-11,1.464030032198752e-11,0.26297718926735925,3.49216493609832e-13,2.889121222988359e-13,4.621429715208313e-13,0.12839366405795694,6.87077935454346e-05,5.8961695429923805e-05,9.1831497673e-05,0.4783999029591947,0.700602085923882,0.5964275591764584,0.8544993978886134,0.36835722287561856
ds004447,sub-020,ses-01,C1_NONOVERLAP_EMPIRICAL,100,10.0,0.8666666666666667,0.9656666666666667,16,0.0006736412119086,0.0006031301378227,0.00083586985765374,0.3454950727051467,5.818077562025763e-13,4.751200027203669e-13,6.330448498896595e-13,0.09983820508531363,1.2671904513727756e-11,1.170788819442916e-11,1.4965270524940886e-11,0.23825373613756862,3.345536965484697e-13,2.57480879156001e-13,4.731609264664429e-13,0.16161211637137646,6.762144502937446e-05,6.073089158465027e-05,8.655494773785084e-05,0.38189151030551344,0.6970908277568961,0.6194710236576674,0.859811818266123,0.3447768713031
ds004447,sub-020,ses-01,C2_NONOVERLAP_HARRELL_DAVIS,100,10.0,0.8833333333333333,0.9676666666666667,14,0.0006936754420448417,0.0005915539227235008,0.0007951733313163817,0.29353700009777944,5.917165523051194e-13,5.12452368588567e-13,6.709621510591698e-13,0.09958417674368555,1.3083344665353577e-11,1.1671393857624001e-11,1.5356353440348773e-11,0.26165372433085,3.4337885247267776e-13,2.6928013385537625e-13,4.613189495868521e-13,0.14295209082531063,7.24807393839714e-05,6.171827277427355e-05,8.732661286176582e-05,0.35331234134516887,0.718400674324429,0.6266096421932046,0.8523626962572528,0.314243933966276
ds004447,sub-020,ses-01,C3_BLOCK_SUBSAMPLE_EMPIRICAL,100,10.0,0.8583333333333333,0.9685833333333334,17,0.00060615010975035,0.0005352441553258588,0.0006854686779139544,0.24783386148710507,5.504836639747816e-13,4.2159263149875804e-13,6.41581515081049e-13,0.14188403831249205,1.2084878971217726e-11,1.0091639290413386e-11,1.3046178765699502e-11,0.22579799796277034,3.0683839776695896e-13,2.5923376253342973e-13,4.64078971696629e-13,0.156748691738187,6.793183031967735e-05,5.955142748149928e-05,7.662261844815831e-05,0.2512988481986373,0.8077455011996855,0.700588351460166,0.8974527432516256,0.24372081490869044
ds004447,sub-020,ses-01,C4_LOSO_SHRINKAGE,100,10.0,0.875,0.9673333333333335,15,0.0006692639811763705,0.0005891087440015821,0.0007989703126964295,0.31357069001741494,6.465304615659325e-13,6.005968734952375e-13,7.481352279819865e-13,0.08960560276937278,1.2603277321488917e-11,1.1174289857761413e-11,1.5966628239186298e-11,0.3522929267827608,3.5551437384408877e-13,2.816413163467872e-13,4.991040768191646e-13,0.16042822169098592,7.180598607386957e-05,6.561266898987876e-05,8.928864310335229e-05,0.3297214491197948,0.6299072170931381,0.5471259829809292,0.7602116570781178,0.338281048882384
ds004447,sub-020,ses-19,C0_CURRENT_OVERLAP_EMPIRICAL,100,10.0,0.85,0.9625833333333332,18,0.0006252531182489374,0.0005628316953477725,0.0006982966574241698,0.21665619555664067,5.871850476583599e-13,5.228309550090322e-13,7.932608811369625e-13,0.1703833630028879,1.3963352453330109e-11,1.147693646796396e-11,1.8428988797769856e-11,0.46460526486220066,3.098417522455395e-13,2.6884657342022407e-13,4.641539425624949e-13,0.1491076069360622,7.427017425802899e-05,5.5877305802244415e-05,0.00022629459271335757,2.294558836289944,0.00027791283041782153,0.0001263270948537827,0.8771106234784092,3155.609231533012
ds004447,sub-020,ses-19,C1_NONOVERLAP_EMPIRICAL,100,10.0,0.8583333333333333,0.9643333333333334,17,0.0006509831982577,0.00059932462103295,0.0007116939976369969,0.1726148643039926,6.537328661915888e-13,5.035250004698156e-13,9.26976951882009e-13,0.2560582546728774,1.3185199417157491e-11,1.125591564573403e-11,1.9359737936014848e-11,0.5712871600859529,3.323590481240478e-13,2.657981557039307e-13,5.512824153741511e-13,0.21426976464953668,7.297765453574424e-05,5.450074174105574e-05,9.84981002517752e-05,0.6028880783813299,0.3253974041953321,0.2564802689264486,0.9408017054185824,2.1030328689384414
ds004447,sub-020,ses-19,C2_NONOVERLAP_HARRELL_DAVIS,100,10.0,0.8583333333333333,0.96425,17,0.000642044225270752,0.0005875136922699387,0.0007279638562267041,0.21875465615905593,6.615709714779184e-13,5.426255507067104e-13,9.333655263648629e-13,0.23516297670426972,1.3325055005992971e-11,1.1520579714720003e-11,1.7878682031500843e-11,0.4438448797663178,3.3260897364728035e-13,2.5635161245616244e-13,5.340450498876706e-13,0.20838328641257445,7.825042041804175e-05,5.868567044315026e-05,0.00014517101024317012,1.105238006808733,0.32376970947402894,0.2579140720945862,0.9142781593196703,2.027256003315859
ds004447,sub-020,ses-19,C3_BLOCK_SUBSAMPLE_EMPIRICAL,100,10.0,0.8083333333333333,0.9494166666666667,23,0.0006027703347393,0.0005202984502845525,0.0006506847097454475,0.21631167250620564,6.943903410673307e-13,5.663597647465101e-13,8.674383614102441e-13,0.17769140284055118,1.2763572440702015e-11,1.1160016081337e-11,1.638462693009815e-11,0.37959700297800497,2.942350617731072e-13,2.1081583938723165e-13,5.885337934058068e-13,0.29184648536804436,8.548331276417322e-05,5.450074174105574e-05,0.0002239595948424357,1.982361769091848,0.26633085954736113,0.1959132489582695,0.9780336356668275,2.936649504435435
ds004447,sub-020,ses-19,C4_LOSO_SHRINKAGE,100,10.0,0.8666666666666667,0.9695,16,0.0006431140205762846,0.0005998687973041429,0.0006862380419287226,0.1342984940880111,7.402687725167953e-13,6.141812223261327e-13,9.142140914897063e-13,0.17240605238790951,1.3147684316748054e-11,1.1293041702132688e-11,1.5387148485432044e-11,0.28938352677637463,3.5253442501839774e-13,2.925243848667665e-13,5.171639933741338e-13,0.16608790456798295,8.370002250100326e-05,6.268591012088045e-05,9.647194841693817e-05,0.40365625818077283,0.29201784590775126,0.24274894164160155,0.8017236442849215,1.9141799395985768
ds004447,sub-021,ses-01,C0_CURRENT_OVERLAP_EMPIRICAL,100,10.0,0.8916666666666667,0.9753333333333333,13,0.0010686100536749874,0.000892548793813858,0.001302253323671661,0.3833994711779244,9.974927149983294e-13,7.749288359389106e-13,1.4096749390046058e-12,0.31777142329464064,1.1884807710518815e-11,1.0162280382903978e-11,1.6136623412350044e-11,0.46367343336981043,5.660404515077245e-13,3.3365185371277277e-13,1.8558460802098333e-12,0.9720018566771692,9.943480888069265e-05,6.582105069810017e-05,0.0001390059006637,0.7360083461054638,0.12716865806765743,0.09198017484908232,0.6174279510429697,4.131896838214664
ds004447,sub-021,ses-01,C1_NONOVERLAP_EMPIRICAL,100,10.0,0.9083333333333333,0.972,11,0.001121195502722325,0.0009491421426615,0.0013825364783379,0.38654662299085923,1.0464288705442403e-12,9.329412629437115e-13,1.2936450466662511e-12,0.1762601128797659,1.2856462942018941e-11,1.0372669887789214e-11,1.4598397702765248e-11,0.3049643933418068,8.016867490535199e-13,3.6210791924219323e-13,1.7256716482569166e-12,0.7568261961914546,0.00010104638887612,6.55842695696955e-05,0.00015296896429381035,0.8647977907102471,0.23474928477011264,0.168460398333782,0.5927133132042789,1.8072596697542902
ds004447,sub-021,ses-01,C2_NONOVERLAP_HARRELL_DAVIS,100,10.0,0.8833333333333333,0.9725833333333334,14,0.001123238589076033,0.0008566417203880576,0.0015273256419116826,0.5970983613358812,1.0548320297585013e-12,9.026093665088201e-13,1.4882003718087031e-12,0.28498242037267923,1.2370387671460817e-11,1.064324909311777e-11,1.5408653781020848e-11,0.3564148478712301,7.289112472265598e-13,4.002320545858159e-13,2.3178196916343276e-12,1.1091301766499684,0.00010455417564202312,6.84712606722035e-05,0.00016292122652756153,0.9033590898882949,0.2261325511910183,0.17130659991482644,0.5618565726168671,1.7270842726680637
ds004447,sub-021,ses-01,C3_BLOCK_SUBSAMPLE_EMPIRICAL,100,10.0,0.8083333333333333,0.9629166666666666,23,0.0010444824799096374,0.0007522864082703,0.0012978011984521,0.5222823744317017,1.0205407998952486e-12,8.57017859078523e-13,1.431730417416535e-12,0.2844350177773232,1.3248385510264805e-11,8.577014944820426e-12,1.4519062676800743e-11,0.41703305456604567,9.051146051196627e-13,4.44923798944568e-13,1.862072662370136e-12,0.7438654134597615,9.588628473328686e-05,6.51697367818722e-05,0.0001390059006637,0.7700388362857987,0.3328420627769131,0.24447951544071347,0.6389996300326423,1.185307263448761
ds004447,sub-021,ses-01,C4_LOSO_SHRINKAGE,100,10.0,0.9,0.9715833333333334,12,0.0009993771226796844,0.0007661942792702566,0.0012590764277431226,0.49318934443694773,1.0234683732127094e-12,9.10960002240699e-13,1.2728980934522492e-12,0.17887014988867475,1.1939592750085331e-11,1.0425021865778874e-11,1.3988229471976975e-11,0.2753724692127272,5.393283730258785e-13,3.5503185433072647e-13,1.5233203005611227e-12,0.7589598598341144,9.830152745186751e-05,6.869461252431906e-05,0.00014269596864979658,0.7527996491093386,0.23726196936760302,0.17616123849956047,0.6357774331153642,1.9371675782634927
ds004447,sub-021,ses-19,C0_CURRENT_OVERLAP_EMPIRICAL,100,10.0,0.8416666666666667,0.9649166666666668,19,0.0010302573360157,0.0007780659653746,0.0011731540537221535,0.3834848577657184,8.834204129608498e-13,6.803683980199699e-13,1.1830836507265957e-12,0.26691611137224924,1.131651857940518e-11,8.095993458477563e-12,1.6411962292486628e-11,0.675188266911272,3.9404851219910464e-13,2.788321568057311e-13,8.954764823292039e-13,0.44234065036281944,0.000135295958648,5.8509132359044784e-05,0.0002410052043945,1.3488656461749187,0.10244180083103667,0.046233580230465005,0.4245424552533001,3.6929151181470283
ds004447,sub-021,ses-19,C1_NONOVERLAP_EMPIRICAL,100,10.0,0.8666666666666667,0.9623333333333333,16,0.001054311792038375,0.0008190130879941,0.0013351665614411336,0.48956435549255645,9.158997242408847e-13,7.035223452771076e-13,1.3474567587720318e-12,0.3361002694178387,1.0751767905657396e-11,8.02134498928356e-12,1.273006857181121e-11,0.4006821458974554,4.3438654214533166e-13,3.1694799044367183e-13,8.780696682904893e-13,0.3911927931278407,0.00013575838071255004,6.910711873350111e-05,0.00021995116984199084,1.1111214586211078,0.12161537766372213,0.07150840458102177,0.6049741916102158,4.386499448284329
ds004447,sub-021,ses-19,C2_NONOVERLAP_HARRELL_DAVIS,100,10.0,0.9083333333333333,0.9639166666666666,11,0.0010783510082554388,0.0007872487383885192,0.001361432214256914,0.532464356169933,9.132167769547471e-13,7.13690768383573e-13,1.3238864303914252e-12,0.31893702237918703,1.0450851445266007e-11,8.398773361017439e-12,1.4261057234847162e-11,0.5119517882011559,4.334427830913898e-13,3.254883022534083e-13,8.987005426659548e-13,0.39988498123123273,0.0001300662117158725,7.032443498984415e-05,0.00021697492177234038,1.1275063963217857,0.10934404039016013,0.07025193985171972,0.5958340575083981,4.806682794750365
ds004447,sub-021,ses-19,C3_BLOCK_SUBSAMPLE_EMPIRICAL,100,10.0,0.9333333333333333,0.9785833333333334,8,0.0011388208112552,0.0010542312463261,0.0015517650666169,0.43688507879087385,8.916083119282741e-13,6.913766929903001e-13,1.2862257854737826e-12,0.31446737082536036,9.315929660056683e-12,7.2742614908487626e-12,1.3416748854543964e-11,0.5954371119336859,3.901439189906487e-13,2.6948617431728267e-13,6.379011769943002e-13,0.2650193247217994,0.00010620335927362001,5.246945438162812e-05,0.00024361083710990012,1.79976774968155,0.10877005160830693,0.06099359258392292,0.6705718730608288,5.604284189056569
ds004447,sub-021,ses-19,C4_LOSO_SHRINKAGE,100,10.0,0.8666666666666667,0.9691666666666666,16,0.000983179078357673,0.0007732479083553778,0.00121609351773245,0.4504221241835113,9.235644127232397e-13,7.489222232543877e-13,1.1810527520562566e-12,0.22465092717643417,1.0143536249490244e-11,8.340848379936402e-12,1.1213757047023977e-11,0.25780942447412014,4.2501112099224427e-13,3.0937914967660283e-13,7.176710058077863e-13,0.2865183647457343,0.0001282912132447919,6.331113936358151e-05,0.00017984105513314686,0.9083234300613534,0.11386755553423937,0.09102985229501709,0.5961605101226075,4.436124543582252
ds004447,sub-022,ses-01,C0_CURRENT_OVERLAP_EMPIRICAL,100,10.0,0.8916666666666667,0.9678333333333333,13,0.00047576277918955003,0.00039226056159704184,0.0006092303900756,0.4560462430291721,7.444932976568012e-13,6.59207909623917e-13,8.412370803952298e-13,0.10434501010454662,7.86610638003813e-12,7.00788036815749e-12,1.1118740337383314e-11,0.4636601223826219,3.9342577080179334e-13,3.222219053441511e-13,4.837991428452517e-13,0.11595683163526338,5.730861430685905e-05,4.4764091569390464e-05,7.944998586175328e-05,0.605247467708601,0.735807293956743,0.6748701348752651,0.7920865068323293,0.1593030850871068
ds004447,sub-022,ses-01,C1_NONOVERLAP_EMPIRICAL,100,10.0,0.8333333333333334,0.9572499999999999,20,0.0004750196896596,0.00035122668487685,0.000631093388327,0.5891686364864883,7.563341417557805e-13,6.863503375908875e-13,8.544445410747281e-13,0.0957074166512526,8.239655875182655e-12,7.136999219303643e-12,1.1361805797511463e-11,0.45724717838848106,3.9888953627441183e-13,3.566962550887494e-13,5.332589703716469e-13,0.1262163385345834,5.4900044928664135e-05,4.5045397763943e-05,7.305604840093086e-05,0.5102117887730778,0.7725844508263471,0.7193223587469689,0.8500858515448916,0.16925462667270916
ds004447,sub-022,ses-01,C2_NONOVERLAP_HARRELL_DAVIS,100,10.0,0.8333333333333334,0.9491666666666667,20,0.0004596537822441915,0.00035015640868843033,0.0006555080108520845,0.6643078188294511,7.593719048575166e-13,6.912491488327523e-13,8.840366562963942e-13,0.10957746166763697,9.306605608519317e-12,7.169844749156433e-12,1.3374406530478394e-11,0.6019985645121945,4.331472755646644e-13,3.500609551586289e-13,5.395944413495781e-13,0.1322498318369076,6.02327460228812e-05,4.5821074112114666e-05,7.737827849734232e-05,0.5239210553229411,0.7745244325546836,0.727247290273304,0.8368002503020731,0.14144545404110648
ds004447,sub-022,ses-01,C3_BLOCK_SUBSAMPLE_EMPIRICAL,100,10.0,0.825,0.9447500000000001,21,0.00039461054957075,0.00031560265812094,0.0005411546265911111,0.5715811909842277,7.56844174844673e-13,6.315991339268756e-13,9.0760072995686e-13,0.15710078331471056,8.652319932682567e-12,6.472267555913027e-12,1.2082708659168111e-11,0.581253122812293,3.921782906833538e-13,3.021650309176234e-13,5.506978987972608e-13,0.1785208615468673,5.440362223239496e-05,4.413371354238199e-05,7.323616578927298e-05,0.5349359200319173,0.7765557905823535,0.680559664819749,0.9059621914568639,0.29025928255301664
ds004447,sub-022,ses-01,C4_LOSO_SHRINKAGE,100,10.0,0.8583333333333333,0.9665833333333335,17,0.0004827914718681807,0.000388091011861395,0.0006281419070129098,0.4972144469027464,7.962322894563808e-13,7.442639572175677e-13,9.086660204460897e-13,0.09152605940419731,9.193413687918976e-12,7.83798212645361e-12,1.1767190315781081e-11,0.385465390655565,4.230488998809564e-13,3.7106900404865084e-13,5.320367951982598e-13,0.11311472934139825,6.562930717514246e-05,5.3008024932940496e-05,7.588786992184144e-05,0.34862237047878625,0.678636463725132,0.6300331995374573,0.7352289914633691,0.15501052116817024
ds004447,sub-022,ses-19,C0_CURRENT_OVERLAP_EMPIRICAL,100,10.0,0.9166666666666666,0.9776666666666666,10,0.0004935157116022,0.00038815990902275123,0.0005552600740459006,0.33859137765253083,6.992723193020042e-13,6.010416350211345e-13,1.0148006207472464e-12,0.24349186473894205,7.71204635798062e-12,6.4172843659720886e-12,8.532191439463202e-12,0.2427566367979396,2.456116549640669e-13,2.004365464864136e-13,5.850831416355799e-13,0.30880137771371646,4.1777614343480245e-05,2.7114041060501612e-05,8.18683549248489e-05,1.3106136722782618,0.00032131894918281163,0.00013442790692823578,0.8054113747949556,2506.1607677663333
ds004447,sub-022,ses-19,C1_NONOVERLAP_EMPIRICAL,100,10.0,0.85,0.96975,18,0.00047542611904945,0.000389674118587225,0.0005562597507751,0.35039225899188725,6.930697292917247e-13,5.809970640297479e-13,8.897201884789993e-13,0.18234519175911437,8.154483240852493e-12,5.90181255353423e-12,9.533702638904978e-12,0.39673349000882935,2.452001367100905e-13,1.9035649727733437e-13,5.190871628102053e-13,0.2639982568596574,4.3079096055542425e-05,2.8569276249332017e-05,6.799296705577195e-05,0.9151466372568223,0.611764782443029,0.5161278149751779,0.8198756870148702,0.4965108825424787
ds004447,sub-022,ses-19,C2_NONOVERLAP_HARRELL_DAVIS,100,10.0,0.875,0.968,15,0.0004769417186346721,0.00041164972402583407,0.00054289784307608,0.2751869120419563,7.028942757540666e-13,6.1065887451443e-13,1.0211414417906285e-12,0.24104994251297882,8.233037968529574e-12,6.876683700269139e-12,1.013121744273416e-11,0.352487854328983,2.504131080475295e-13,1.913736266628859e-13,6.064947634785629e-13,0.33198719218792605,4.461196573455066e-05,3.0252784498353643e-05,0.0001512417244801932,2.7120288307786518,0.5722258730912886,0.5197003412623168,0.8383723686614001,0.5568990190481791
ds004447,sub-022,ses-19,C3_BLOCK_SUBSAMPLE_EMPIRICAL,100,10.0,0.825,0.9635,21,0.0004999824938234,0.0003458333561620575,0.0005778195602481,0.4639886525786926,7.193857906536112e-13,6.646912697865341e-13,8.646048959904203e-13,0.11627037241472754,8.368584804135134e-12,4.972657910329028e-12,1.2301042823975305e-11,0.7822296608140488,2.8857487912350766e-13,2.0017033203252786e-13,5.095790295354491e-13,0.2401169714820003,3.193569054703553e-05,2.6943007624932962e-05,9.225798916609488e-05,2.0452032937807125,0.65237750669599,0.5000577365844285,0.8021334659260162,0.46303823513322456
ds004447,sub-022,ses-19,C4_LOSO_SHRINKAGE,100,10.0,0.9166666666666666,0.9772500000000001,10,0.0004971914077366653,0.0004134044288649619,0.0005652092943240685,0.30532479602741724,7.415142708541787e-13,6.502756129576968e-13,9.177193672462994e-13,0.15356965990145272,8.476113356138024e-12,6.774176555997733e-12,9.890417325597204e-12,0.3288522047471042,2.7261798311672344e-13,2.3552661842057035e-13,5.316994456352519e-13,0.23272720576314285,4.8239833889566506e-05,3.824498214062427e-05,8.489449038046017e-05,0.9670329168130183,0.5534720199024905,0.458730805634172,0.7171946587882314,0.466986304382881
ds004444,sub-001,ses-01,C0_CURRENT_OVERLAP_EMPIRICAL,100,10.0,0.9541666666666667,0.98725,11,0.00010887469156946249,0.00010136004421689461,0.00011827379089402063,0.15535058035948052,2.024115974786937e-13,1.8525940392552105e-13,2.1256860591289257e-13,0.02271202477141396,1.5295255900583094e-12,1.339633827864782e-12,1.874198071481619e-12,0.21132984213237974,1.4594915102291464e-13,1.383072622686729e-13,1.564141647502596e-13,0.015800790519739774,4.8686846875715253e-05,4.371784847791284e-05,5.758581234836333e-05,0.2848400435750485,0.6633915328680199,0.5959787554082788,0.7568109359462525,0.24243930253738766
ds004444,sub-001,ses-01,C1_NONOVERLAP_EMPIRICAL,100,10.0,0.9208333333333333,0.9851666666666666,19,0.0001063908255357,9.241689973932011e-05,0.0001156760064737,0.21861947586782945,2.074695724920837e-13,1.8256915253583843e-13,2.244721159493997e-13,0.03470312160916668,1.532582253833389e-12,1.3408047909839416e-12,2.099125935667747e-12,0.29942606742031336,1.4525483441354445e-13,1.316281313491445e-13,1.571887064065495e-13,0.0223186790305006,4.8496305424582304e-05,4.418908725566518e-05,5.591659555962473e-05,0.24182271122435411,0.7351605456688568,0.6704957269602352,0.8004187926167136,0.17672747323252538
ds004444,sub-001,ses-01,C2_NONOVERLAP_HARRELL_DAVIS,100,10.0,0.9291666666666667,0.9848750000000001,17,0.00010653248524264986,9.730256531099167e-05,0.00011808378504257541,0.19506932077272834,2.0768582354049243e-13,1.8356412925789543e-13,2.2892392670075936e-13,0.03755926960365042,1.5467292055810241e-12,1.349435743653216e-12,2.0834879705566217e-12,0.2882333250409069,1.4632328932548397e-13,1.36884589990339e-13,1.586827492489576e-13,0.019015716998513572,4.895247861721579e-05,4.4740834681410606e-05,5.8585157565661245e-05,0.2828114733412159,0.7341071482918236,0.6765127246601802,0.7944746125313901,0.1606875619526821
ds004444,sub-001,ses-01,C3_BLOCK_SUBSAMPLE_EMPIRICAL,100,10.0,0.9208333333333333,0.9825833333333333,19,0.0001165401737101,0.00010059541117440588,0.0001274410091372,0.23035488001947832,1.968533389161549e-13,1.6286580984304773e-13,2.2887367902024395e-13,0.05515117603044961,1.4897384093140769e-12,1.315697618341906e-12,2.1845465939041495e-12,0.34897199332744816,1.4340853490545986e-13,1.2869782904170139e-13,1.5741274210640818e-13,0.025113432503003855,4.942078736553014e-05,4.384832684824909e-05,6.146969100480632e-05,0.3565577308525438,0.7556435574758045,0.6930258567914491,0.8104744892993667,0.15542861623818297
ds004444,sub-001,ses-01,C4_LOSO_SHRINKAGE,100,10.0,0.9666666666666667,0.9935416666666667,8,0.00014860459636753632,0.00013896013764399102,0.0001598492766945782,0.14056859222816054,2.570144072252132e-13,2.4052119680233387e-13,2.769250325747549e-13,0.028960555712945573,2.336453574627427e-12,2.193109234548256e-12,2.6351784352964316e-12,0.13249673369051454,1.7272242645554365e-13,1.6029753265712964e-13,1.853811884797554e-13,0.021389252270410674,6.012225781175574e-05,5.4493245913169454e-05,6.67935199376953e-05,0.20458768961156798,0.6958226276546355,0.6527352093229999,0.7530692719708801,0.14419488337987169
ds004444,sub-001,ses-16,C0_CURRENT_OVERLAP_EMPIRICAL,100,10.0,0.925,0.981125,18,0.0005248321449707,0.00046700994540825564,0.0005756258369161793,0.20695358000039013,4.851502592020395e-13,4.464081383209134e-13,5.329029456212088e-13,0.05823976851121345,6.4744969428392244e-12,5.980019084898142e-12,7.059906588345682e-12,0.1444762786988765,3.1582236521734144e-13,2.856892155493653e-13,3.4564722913561727e-13,0.04556695126271728,4.5098849774929596e-05,4.052048805981555e-05,5.207646147859944e-05,0.2562365386305552,0.6501074810631333,0.5421611496252383,0.8314699574478813,0.44501688759078073
ds004444,sub-001,ses-16,C1_NONOVERLAP_EMPIRICAL,100,10.0,0.9291666666666667,0.9835416666666668,17,0.000538536773123,0.00047264286645973746,0.00057739326731,0.19450928122939645,4.929594310581862e-13,4.385827563835582e-13,5.531826595272058e-13,0.07676022587058577,7.044592657208414e-12,6.5481124935919436e-12,7.512465266809987e-12,0.11987589854582982,3.218157889531537e-13,3.0745857254745434e-13,3.513389668263866e-13,0.03319705714340458,4.56824402227817e-05,4.154571680781282e-05,5.360797602807679e-05,0.2640458543237517,0.7290918723891986,0.6555667097467639,0.8896799173727467,0.32110247897632443
ds004444,sub-001,ses-16,C2_NONOVERLAP_HARRELL_DAVIS,100,10.0,0.9208333333333333,0.9819166666666667,19,0.0005327431973852208,0.0004714318227950814,0.0005819944319561811,0.2075345297625988,4.957863710288337e-13,4.520417310553144e-13,5.498238848898621e-13,0.06537173738739914,7.0881190173709945e-12,6.7340437294918666e-12,7.61336637332491e-12,0.10871781707767983,3.282099445754673e-13,3.0584262668097927e-13,3.5028280855669316e-13,0.03345870286336261,4.682466603243005e-05,4.236459092833162e-05,5.453333112858386e-05,0.25987884103531056,0.7271705582052999,0.6339166115507787,0.8816214953278863,0.340642069431575
ds004444,sub-001,ses-16,C3_BLOCK_SUBSAMPLE_EMPIRICAL,100,10.0,0.8958333333333334,0.9722083333333332,25,0.0005330099170883,0.0004459783842082325,0.00061643583986,0.31980165821891715,4.772853707833416e-13,4.15273223718217e-13,5.602556260894734e-13,0.09814109395422929,7.0635686756493356e-12,6.385486650084342e-12,7.559389971147836e-12,0.14558111529557513,3.218157889531537e-13,2.8694202849841237e-13,3.990940973073064e-13,0.08484697319110991,4.432956771190977e-05,3.542818207064923e-05,5.447499046311154e-05,0.4296637424163595,0.8175276100909092,0.7247166943254608,0.9141573577692444,0.23172387220351626
ds004444,sub-001,ses-16,C4_LOSO_SHRINKAGE,100,10.0,0.9208333333333333,0.9837083333333333,19,0.0005500093135681446,0.0004898104886400765,0.0005904004862646491,0.1828878074611405,5.244667578415937e-13,4.761458458321661e-13,5.915952386511985e-13,0.07573100051226479,7.557689223586399e-12,7.2190623216571736e-12,7.933144225351526e-12,0.08344330870607283,3.3909421682759544e-13,3.258133639731148e-13,3.645707517439553e-13,0.028942987941998108,5.766823716745169e-05,5.4297522465384384e-05,6.486915945090588e-05,0.18331818903196861,0.6947485289731458,0.6017846258772479,0.8477454302826719,0.35402853571868037
ds004444,sub-002,ses-01,C0_CURRENT_OVERLAP_EMPIRICAL,100,10.0,0.9375,0.9867916666666666,15,0.0004924740182878625,0.0004371750211759313,0.0005673115431839444,0.26425053284271893,8.724804497101903e-13,7.798577985752273e-13,9.998523430099387e-13,0.11748829979440409,1.2041945288960641e-11,8.66244314338552e-12,1.5917536699948293e-11,0.5562892188103142,2.6335502485853233e-13,2.2219780120945372e-13,3.038795000380978e-13,0.06465458815726847,0.000178103379262955,0.00013477123108256056,0.00028699579961085237,0.854697806990214,0.24944530518075445,0.20311771342973073,0.3394377765231217,0.5464927992694169
ds004444,sub-002,ses-01,C1_NONOVERLAP_EMPIRICAL,100,10.0,0.9416666666666667,0.9879166666666668,14,0.0004924235999313,0.00044061448862529374,0.0006054757211122686,0.3347955544274883,8.509312986485598e-13,7.438590363819974e-13,9.477721761628644e-13,0.11016785978482956,1.2172735710207116e-11,8.474244573356682e-12,1.510879911319735e-11,0.5036580620606981,2.6708128687913243e-13,2.3300128213654526e-13,3.025591870860835e-13,0.05489616622849976,0.0001727698420691,0.00013571304647511548,0.00027067719386584003,0.7811788503896776,0.30473652202087587,0.24613712045083094,0.4010564377392831,0.5083713506362428
ds004444,sub-002,ses-01,C2_NONOVERLAP_HARRELL_DAVIS,100,10.0,0.9416666666666667,0.9897083333333333,14,0.0005047025456448882,0.00043747968021933805,0.000589038492618535,0.3002933379407627,8.387666374694888e-13,7.494914228185485e-13,9.773950779430547e-13,0.12394376234612746,1.1896867625107712e-11,8.618795668407919e-12,1.5951829391024977e-11,0.5685902915170702,2.703187226518502e-13,2.346604302285744e-13,3.0964778261288217e-13,0.05903034494191202,0.0001796035304309644,0.00013544833686206863,0.0002597888640539889,0.6923055810832651,0.29952199630073995,0.24141602492693845,0.422551685332889,0.6047491090553283
ds004444,sub-002,ses-01,C3_BLOCK_SUBSAMPLE_EMPIRICAL,100,10.0,0.9625,0.9899166666666666,9,0.000569568577304,0.0004926915396067,0.0006957980544971,0.3565971203945077,8.39617243106884e-13,7.014546711820283e-13,1.0294078015337537e-12,0.17827248118084252,1.3731955837235836e-11,8.585653626402367e-12,1.8997657535303927e-11,0.7067631768610547,2.6800690742935813e-13,2.1832581807413634e-13,3.00640055711626e-13,0.06491623756558712,0.00017109801327530006,0.00011231109723041354,0.00020316258148314446,0.5309908746605855,0.3581923111778135,0.2726987674000391,0.5799975168576945,0.8579155382937533
ds004444,sub-002,ses-01,C4_LOSO_SHRINKAGE,100,10.0,0.9583333333333334,0.9941249999999999,10,0.0005119654949838524,0.000467323516483727,0.0005804700364657018,0.22100419045728717,8.482964288520799e-13,7.512737559598451e-13,9.977763866146507e-13,0.1333674765621339,1.2567824987258756e-11,7.944161833967904e-12,1.483673103831321e-11,0.5080084103987165,2.8798343404959017e-13,2.440627809519413e-13,3.200764421027169e-13,0.05901757673371514,0.00018033990833344888,0.000143201617432503,0.00026828614475417367,0.6936042486878992,0.2966607653390682,0.24429246090690734,0.3990926172770057,0.5218086597755783
ds004444,sub-002,ses-16,C0_CURRENT_OVERLAP_EMPIRICAL,100,10.0,0.9541666666666667,0.9847499999999999,11,0.00044981939988298747,0.0003992582270334194,0.0005187916097417557,0.26573638770069585,7.610574032076419e-13,6.952189367677015e-13,8.381478735655784e-13,0.08116086195574428,1.5291390643612563e-11,1.1814599268200616e-11,1.9156968487566923e-11,0.45069014548767583,3.302014188074558e-13,2.949525422298946e-13,3.7563233759125565e-13,0.060652314920616776,0.0001211325459678,0.00010858465491336071,0.00013292562431135122,0.20094491536169,0.29810416416615576,0.23770161554850386,0.4265336721894392,0.6334432032121889
ds004444,sub-002,ses-16,C1_NONOVERLAP_EMPIRICAL,100,10.0,0.9625,0.9883749999999999,9,0.0004801099206711875,0.00041338787129274626,0.0005418540434856205,0.26757658276609575,7.71437567059385e-13,6.752381011821979e-13,8.604716711372974e-13,0.10456680686894895,1.44184375026841e-11,1.1360084960126742e-11,1.945493961519424e-11,0.5250113478527455,3.251838477492682e-13,2.87084355309557e-13,3.686311255232621e-13,0.061536193904118734,0.00012104383611810001,0.00010104202391846989,0.00013306552313643624,0.26456117040243593,0.33652829701547404,0.2743043883033649,0.4869180611158856,0.6317854239820809
ds004444,sub-002,ses-16,C2_NONOVERLAP_HARRELL_DAVIS,100,10.0,0.9541666666666667,0.9885833333333333,11,0.00047353085007881355,0.0004119336725031451,0.0005425611958753999,0.2758585276432462,7.717546357747453e-13,6.962034352558935e-13,8.68769788978628e-13,0.09739856198952482,1.4514412512169162e-11,1.1303549524387179e-11,1.8134129112293185e-11,0.4402731706758635,3.2468702370942386e-13,2.9674139695947133e-13,3.712475545192675e-13,0.05624434770347645,0.00012307236550269056,0.00010732035554254698,0.0001329236757047033,0.2080346782118356,0.34466682830845313,0.28009996634455464,0.4887366056728401,0.6053284569090145
ds004444,sub-002,ses-16,C3_BLOCK_SUBSAMPLE_EMPIRICAL,100,10.0,0.9541666666666667,0.991375,11,0.0005083783933178,0.000427091046575505,0.000583784660487,0.3082224100451089,7.72789244765492e-13,6.744617484852706e-13,8.924725963562532e-13,0.1229761792128999,1.4325763261464876e-11,1.1764498285722215e-11,2.0044269256975653e-11,0.54025178583256,3.462870108442024e-13,2.882667216275453e-13,4.0199658226260564e-13,0.0844766826976552,0.00012090610772869001,0.00010203333119703234,0.000136736070359277,0.28702221523080085,0.32463877509453487,0.2722858714052727,0.5354689282331639,0.8106950771682822
ds004444,sub-002,ses-16,C4_LOSO_SHRINKAGE,100,10.0,0.9625,0.9910833333333334,9,0.0004984171987986185,0.0004411842285791636,0.0005611656053426124,0.2407247920254885,7.938110508816949e-13,7.027989211037119e-13,8.719032732138822e-13,0.094270994722132,1.4418379668587802e-11,1.13082973988046e-11,1.8920728129927712e-11,0.4937244311496676,3.420916606476705e-13,3.106330320309999e-13,3.862942888075e-13,0.05637562544721219,0.00012964148288762637,0.00012009625802430812,0.00013929249516947797,0.14807171724298684,0.3275687853689621,0.2676509073642737,0.5062186841624596,0.7282982611690035
ds004444,sub-003,ses-01,C0_CURRENT_OVERLAP_EMPIRICAL,100,10.0,0.9541666666666667,0.9884583333333334,11,0.0006506744591815124,0.0006091773664583243,0.000716525120430275,0.1649792031825022,1.1657991509495503e-12,1.0754403829065783e-12,1.2571540715792468e-12,0.08390144976878386,1.2434460617677909e-11,1.076192565370179e-11,1.3648690114171227e-11,0.21487758553334477,2.3005495076227404e-13,2.192747971007592e-13,2.5889048014036623e-13,0.032206433554091966,6.753524879835236e-05,5.5488311829938554e-05,7.432258518349006e-05,0.2788806350726047,0.7088495478384198,0.6603472521628087,0.760618135428333,0.14145580479122963
ds004444,sub-003,ses-01,C1_NONOVERLAP_EMPIRICAL,100,10.0,0.9333333333333333,0.9830000000000001,16,0.000673910498499625,0.0005948980941341431,0.0007451690438506549,0.22298354132794662,1.2234562317703767e-12,1.1151233460524198e-12,1.397807820271192e-12,0.1271374134464932,1.1830171921366198e-11,1.0320048015177468e-11,1.3707891579987305e-11,0.2640528580266357,2.2656416707394962e-13,2.1271698225224904e-13,2.608858571727867e-13,0.03927138605022819,6.477359230945273e-05,5.330290653696532e-05,7.297134964332031e-05,0.30364909682237246,0.7216134184033208,0.6633066207236872,0.7814983240493634,0.1637881174480229
ds004444,sub-003,ses-01,C2_NONOVERLAP_HARRELL_DAVIS,100,10.0,0.9375,0.9830416666666667,15,0.0006787442652891312,0.0005814159074655198,0.0007693893931230053,0.27694301814906624,1.2351074920422745e-12,1.1056702860773704e-12,1.35011986092425e-12,0.10936815151718716,1.2186800740118407e-11,1.0841582876950109e-11,1.3700936382618167e-11,0.21683451217769623,2.2698779674588517e-13,2.086649299609491e-13,2.670258794294627e-13,0.047564409053858274,6.468298931978597e-05,5.298863532627766e-05,7.228324211327698e-05,0.29829491017049137,0.726102320433987,0.6638821161646273,0.7984445068019779,0.1853215268018123
ds004444,sub-003,ses-01,C3_BLOCK_SUBSAMPLE_EMPIRICAL,100,10.0,0.9166666666666666,0.9750000000000001,20,0.000691811448983825,0.0005415469191784525,0.0007696679607329786,0.3297445301893452,1.2097163491662865e-12,1.0101272516103679e-12,1.4593207044944421e-12,0.2032810469332647,1.1268517390435471e-11,9.983182998035446e-12,1.408266029096037e-11,0.334146104412003,2.2356957070537573e-13,2.106833350048422e-13,2.608101445200952e-13,0.040967682357739094,6.134606897077903e-05,4.714733150225038e-05,7.579707550164063e-05,0.46701840905272307,0.7288590738233822,0.6268506660169827,0.8341628370614717,0.2844338205967655
ds004444,sub-003,ses-01,C4_LOSO_SHRINKAGE,100,10.0,0.9375,0.9838333333333333,15,0.0006917402466629932,0.0005980115418202801,0.0007647151491316007,0.24099162637206623,1.2276383644074317e-12,1.1059305990696715e-12,1.373250657364297e-12,0.12000155077493226,1.2562439311771535e-11,1.1060407820280564e-11,1.3858282613752621e-11,0.20629583876136787,2.4922766279407806e-13,2.347849934436267e-13,2.749574048566303e-13,0.03215779846177293,7.552491522040672e-05,6.422956773581082e-05,8.428517795024568e-05,0.26554958572752263,0.6851031571677189,0.6342220576746166,0.7423251518199309,0.15779097354048824
ds004444,sub-003,ses-16,C0_CURRENT_OVERLAP_EMPIRICAL,100,10.0,0.9291666666666667,0.9836666666666667,17,0.001213818491164275,0.001085343241265985,0.0013376000249455257,0.20782084414429974,1.6647250735560869e-12,1.510705899897705e-12,1.850760799835325e-12,0.12761350253811182,1.840099428622299e-11,1.6790088594887346e-11,2.063091955047421e-11,0.19797083071738805,2.8399702613527323e-13,2.7048044256461164e-13,3.0587958533916864e-13,0.027569489690412716,5.178560352483372e-05,4.027726988937223e-05,7.011495262073737e-05,0.5761771636180575,0.6743668436394641,0.6304077716916421,0.7545168056745533,0.1840378647813228
ds004444,sub-003,ses-16,C1_NONOVERLAP_EMPIRICAL,100,10.0,0.9541666666666667,0.9890833333333333,11,0.0013043176881962376,0.0011566187880575225,0.0014335657933693307,0.2123309433014527,1.6773304704771242e-12,1.4133102145480385e-12,1.7990599981128026e-12,0.14408000350289968,1.861030009117757e-11,1.650298129833644e-11,2.123150075028692e-11,0.24112427805619271,2.7733140593862e-13,2.655250300129307e-13,3.009744971235122e-13,0.027752756211714854,5.001356527046653e-05,4.0865743389028885e-05,6.833848065918939e-05,0.5493057048080054,0.6917314016538778,0.6278104888873115,0.7742973708799362,0.21176844313005572
ds004444,sub-003,ses-16,C2_NONOVERLAP_HARRELL_DAVIS,100,10.0,0.95,0.9875416666666668,12,0.00129334515508258,0.001140734939121164,0.0014282344916496327,0.22229143641692486,1.6581112899210401e-12,1.4781213734951872e-12,1.836569029091086e-12,0.13485050718344696,1.8465653807328242e-11,1.658826790457708e-11,2.0991902808878452e-11,0.22622589243026267,2.796866151118307e-13,2.62808233676825e-13,3.000747266565421e-13,0.029121577532840292,5.239299483077685e-05,4.021120453402235e-05,6.919147235908092e-05,0.5531324820336939,0.6802251601937745,0.6294024315726322,0.7896470491906059,0.23557584605087165
ds004444,sub-003,ses-16,C3_BLOCK_SUBSAMPLE_EMPIRICAL,100,10.0,0.9625,0.991375,9,0.0013990324381400001,0.0012198387223927875,0.0014632982448641,0.17401992667230043,1.7189650014076577e-12,1.4400943702609824e-12,2.151627626709892e-12,0.2616926867688755,1.8368672896433543e-11,1.5925272576127685e-11,2.203146249561631e-11,0.31526114112924014,2.645453066288408e-13,2.4393429987431506e-13,2.8188921010327096e-13,0.030014670118969584,5.0492650431067456e-05,4.187956893263165e-05,6.747330836499601e-05,0.5068804807627288,0.7184883420048893,0.6733184909021929,0.7807751623021456,0.14955938060171328
ds004444,sub-003,ses-16,C4_LOSO_SHRINKAGE,100,10.0,0.95,0.9838333333333333,12,0.001296986120146281,0.0011295112008449665,0.0013760194512412952,0.1900623656469538,1.6281539765509188e-12,1.4612666307084879e-12,1.8134556155039556e-12,0.13400622183395283,1.831099973341477e-11,1.6500182032519303e-11,2.0554369059713995e-11,0.20994185092238044,2.970784088601007e-13,2.8499494763969203e-13,3.1513212039054856e-13,0.023234657631331403,6.284348318112633e-05,5.397248989117212e-05,7.873999504539994e-05,0.3941141309549829,0.649149132004178,0.6029618015749924,0.7282793581151294,0.19304894724735994
ds004444,sub-004,ses-01,C0_CURRENT_OVERLAP_EMPIRICAL,100,10.0,0.95,0.9859166666666667,12,0.0017418769947253,0.0015495207905767757,0.001851176211516958,0.17317837119410145,1.9879658605226773e-12,1.9057558386715165e-12,2.11799552485483e-12,0.07103149637264833,1.7113981165156594e-11,1.6186454502763665e-11,1.899509554820893e-11,0.1550537686794037,1.0275147933711154e-12,9.46326641405584e-13,1.1098010983503533e-12,0.08062799713187932,0.0001134608079652,0.00010532402284270999,0.00013046896717778815,0.22161788342960306,0.5102431404252528,0.40861785416991814,0.7627585388362736,0.6940626078196944
ds004444,sub-004,ses-01,C1_NONOVERLAP_EMPIRICAL,100,10.0,0.9375,0.9822916666666667,15,0.0016714434351092,0.001463840801279625,0.0018310842042678322,0.21971632126725116,1.989253914972028e-12,1.907491478615897e-12,2.1442470729030606e-12,0.07920223608350753,1.7144388089580518e-11,1.5800649938389426e-11,1.849654966703473e-11,0.1485803607889887,1.0254538078027755e-12,8.912820410602172e-13,1.119071438509772e-12,0.11246338799336142,0.00011216256928353999,0.000105368708766235,0.00012359531059733398,0.16250164190267097,0.4692215840222664,0.3641823309017448,0.8314581298190259,0.9958531636816418
ds004444,sub-004,ses-01,C2_NONOVERLAP_HARRELL_DAVIS,100,10.0,0.9375,0.98275,15,0.0016580161776416392,0.0015190547955833682,0.0018822080835999785,0.21902879639819342,2.0066732215502213e-12,1.9039428273711343e-12,2.1297628847518274e-12,0.07510628549924747,1.7595836294148136e-11,1.63959647077924e-11,1.887129933779667e-11,0.13311230486489198,1.0235404571399417e-12,9.238736108908862e-13,1.1633668431799426e-12,0.11835356760178373,0.00011499076034566277,0.00010734426873858973,0.00012745085398553524,0.1748539187987896,0.47345544069661305,0.34689207334701433,0.8168470964796462,0.9926066589079143
ds004444,sub-004,ses-01,C3_BLOCK_SUBSAMPLE_EMPIRICAL,100,10.0,0.9208333333333333,0.9822500000000001,19,0.00165518473514165,0.0014523338341583475,0.0018946410774595,0.2672253034016017,1.9110214776937328e-12,1.7542120996528599e-12,2.1089723451253493e-12,0.12186795878728782,1.7293399024454874e-11,1.5466818231838445e-11,1.878293435831152e-11,0.18127391864355258,1.031054686569143e-12,8.40803724455624e-13,1.1698265273557299e-12,0.16199603342827323,0.00011017651059735999,0.00010057642130921559,0.000127001331380079,0.2398415931649136,0.7799664065456695,0.714234182134785,0.8629744978018979,0.19070092560225294
ds004444,sub-004,ses-01,C4_LOSO_SHRINKAGE,100,10.0,0.9208333333333333,0.97875,19,0.0016230691930333519,0.0014641083916841265,0.0018125366861131195,0.21467248328652166,1.9319248061081024e-12,1.8549579736251782e-12,2.0992486407303156e-12,0.08332091825690914,1.7006614723585118e-11,1.6093942640502848e-11,1.8268506589090867e-11,0.12076472907146554,9.996422153537204e-13,8.773861895598778e-13,1.091457920123171e-12,0.10705501660227033,0.00011964526074065002,0.00011386913787437432,0.00013170168448153197,0.14904515521736672,0.4474429498923368,0.34318164231124554,0.7768032106025343,0.9691102930432969
ds004444,sub-004,ses-16,C0_CURRENT_OVERLAP_EMPIRICAL,100,10.0,0.9458333333333333,0.9860416666666667,13,0.0022848528958527,0.0020281359035268657,0.002539861318675094,0.22396427177132988,1.971161387332497e-12,1.8733131424294237e-12,2.1584265160830808e-12,0.09596024466029808,2.498409471079385e-11,2.264308452291151e-11,2.8969646575454673e-11,0.2434782555620495,4.982203610413732e-13,4.547378503857838e-13,5.407338615983233e-13,0.057398773537402734,7.612992370489098e-05,6.938309216449265e-05,9.609705511177243e-05,0.35089963704592414,0.054325086787089985,0.03258167826569202,0.7568544681015903,13.332197565760447
ds004444,sub-004,ses-16,C1_NONOVERLAP_EMPIRICAL,100,10.0,0.9458333333333333,0.98675,13,0.002126761807174,0.0018291543756887999,0.002273757975035944,0.20905190117593506,2.0246339513917745e-12,1.8812732804805074e-12,2.2773273516117065e-12,0.13094281076523537,2.414119491010707e-11,2.1487675337844234e-11,2.7560469960698723e-11,0.2415475733976809,5.108659152423566e-13,4.4918656712516743e-13,5.720453692057998e-13,0.0813168136504851,7.704669062333155e-05,6.976555586327957e-05,9.612109792477298e-05,0.342072339593,0.6541252022930936,0.6066075920665129,0.7618215424882037,0.23728477343073964
ds004444,sub-004,ses-16,C2_NONOVERLAP_HARRELL_DAVIS,100,10.0,0.9458333333333333,0.9861666666666667,13,0.0021468568983234264,0.0018670344447884314,0.002367354643377259,0.23304776333555416,2.0520834080526447e-12,1.8694322689468907e-12,2.263769651090233e-12,0.1292026885972116,2.4871013595474092e-11,2.2067013318401472e-11,2.89081269020453e-11,0.264431602511338,5.040173014057399e-13,4.465023007341438e-13,5.628181159200403e-13,0.07733675342509767,7.903381640140197e-05,7.0281283292559e-05,9.76476208999935e-05,0.3462611133718192,0.6512942083336588,0.6004156692742331,0.7472778387042093,0.22549282267609702
ds004444,sub-004,ses-16,C3_BLOCK_SUBSAMPLE_EMPIRICAL,100,10.0,0.925,0.9794999999999999,18,0.0021203596023042746,0.0017977621297010525,0.0025133012812368644,0.33746122611501717,1.9958341918732316e-12,1.8866555163532102e-12,2.4077567462541917e-12,0.17394194622471676,2.7215393071278887e-11,2.2119522045019184e-11,3.1118778255848214e-11,0.31894846150449646,5.295485963783466e-13,4.581497417703684e-13,5.834627396892787e-13,0.08192809186685894,7.537072610055737e-05,7.074391805905283e-05,9.142297627603585e-05,0.2743645844014963,0.6505340409836757,0.5640859295280584,0.7748018160193411,0.3239121601881652
ds004444,sub-004,ses-16,C4_LOSO_SHRINKAGE,100,10.0,0.9541666666666667,0.9874583333333333,11,0.002037653322155087,0.001750304010281614,0.00222371554183735,0.23233173483245384,1.948988496774556e-12,1.7938276166207417e-12,2.247005824169558e-12,0.15367242294925132,2.3517054260261448e-11,2.1077614360293404e-11,2.6886456923278213e-11,0.23693068919784918,5.184810556863653e-13,4.619314108209248e-13,5.627935728898104e-13,0.06642306250129351,8.60374536362506e-05,8.04516740180691e-05,9.839633136086655e-05,0.20856797099198152,0.6182637344558826,0.5671871285280253,0.7134060845562775,0.23649932525429315
ds004444,sub-005,ses-01,C0_CURRENT_OVERLAP_EMPIRICAL,100,10.0,0.9208333333333333,0.9830833333333333,19,0.000315072662501,0.00029606720402656876,0.00036375399953113,0.21482915957368162,5.058604476089074e-13,4.558178298680078e-13,5.95176424790596e-13,0.09254416313534888,1.5534139117020933e-11,1.0261828086392834e-11,2.1328966288462682e-11,0.669350736905127,3.032255324379408e-12,2.822350319387019e-12,3.5023193950570732e-12,0.1686324453610105,0.00038475728622102497,0.00033142983184554996,0.0004602306012054,0.3347584922695955,0.09110607765455306,0.06834336910399355,0.14613040222149937,0.8538072883742962
ds004444,sub-005,ses-01,C1_NONOVERLAP_EMPIRICAL,100,10.0,0.8833333333333333,0.9720416666666666,28,0.0003098744025878,0.0002828095319375575,0.00039845156944111977,0.3731900284909986,5.130448176527758e-13,4.3724687791110605e-13,6.275766094767653e-13,0.12579252732309842,1.572870229367933e-11,1.1973562455161678e-11,2.1026428189366513e-11,0.5411576806902298,3.1023158149171062e-12,2.803223098459156e-12,3.532979215319492e-12,0.17788881933632456,0.00038524693173107,0.0003295409777492235,0.000488539088396258,0.41271739535958,0.10733064421265019,0.08035961127896235,0.29405498277372294,1.9910005484489866
ds004444,sub-005,ses-01,C2_NONOVERLAP_HARRELL_DAVIS,100,10.0,0.8875,0.9730416666666667,27,0.00031643782808408327,0.00028048207067239906,0.0004085619863148964,0.4047553859575499,5.145048387460681e-13,4.4076733958181723e-13,6.195095321239453e-13,0.11802021886580262,1.5775544776167388e-11,1.2030800561022758e-11,2.095802589619913e-11,0.5321571045405968,3.100115361584088e-12,2.7664208308626247e-12,3.4978289305286067e-12,0.17838720015511977,0.000386065492127608,0.0003334038944589113,0.0004636734753965225,0.3374287090054759,0.10911613803746614,0.07475900028338697,0.383490862153086,2.8293877277883808
ds004444,sub-005,ses-01,C3_BLOCK_SUBSAMPLE_EMPIRICAL,100,10.0,0.8791666666666667,0.96975,29,0.0002915761217937,0.00024232772402492001,0.0003671741589512,0.4281778416218707,4.756291240739533e-13,4.3604929478405765e-13,6.38513663922573e-13,0.1372054575471828,1.222109165195675e-11,8.279048418109007e-12,1.7077615567361144e-11,0.6654947549622295,3.0162702492929728e-12,2.70891044427593e-12,3.4661570812783442e-12,0.18854474176276376,0.0003717076029296601,0.0003311177125871025,0.0004861387371617691,0.41705099098269166,0.09944152673957586,0.06489102523633561,0.364365706507261,3.0115656012824323
ds004444,sub-005,ses-01,C4_LOSO_SHRINKAGE,100,10.0,0.925,0.9766250000000001,18,0.0003397971895266813,0.0003145809666014898,0.0004031871507130323,0.2607619679674339,5.426321296113204e-13,4.922489346508543e-13,6.621540488580797e-13,0.1101397481264924,1.5641840612148718e-11,1.1827022647300249e-11,2.1040422029860238e-11,0.5536286278234219,2.929559503835459e-12,2.65754784611761e-12,3.413304431756315e-12,0.1923260316839702,0.0003746547662672655,0.0003213320195714349,0.00047043759061389805,0.3979812458547912,0.11175255560252385,0.0754047664341588,0.2548734759544573,1.6059472515064288
ds004444,sub-005,ses-16,C0_CURRENT_OVERLAP_EMPIRICAL,100,10.0,0.9333333333333333,0.9850416666666667,16,0.0003613614873601875,0.0003115050397723269,0.00038334007965472934,0.19878997125117218,1.1207452516205863e-12,8.789803789208848e-13,1.3858697938842332e-12,0.2390147588806361,1.1220917090040743e-11,9.125983244225418e-12,1.4228921253525072e-11,0.4175576981418374,7.154545997016052e-13,5.445000516939761e-13,8.163937868497889e-13,0.15849660795634424,0.0002725725444419,0.0002623050709372253,0.00027990672053479,0.06457601798827015,0.00045100592463678064,0.0002724956887919114,0.49168491390509345,1089.5919327943873
ds004444,sub-005,ses-16,C1_NONOVERLAP_EMPIRICAL,100,10.0,0.95,0.9851666666666666,12,0.0003427922804729,0.0003087585691708,0.0003882023290873,0.23175480957490727,1.1204179347485685e-12,9.20624458132497e-13,1.305607565169876e-12,0.1815600126411065,1.066942104757394e-11,9.13611600048417e-12,1.3328826222393913e-11,0.35929033709700653,6.539718916863956e-13,5.832928174350289e-13,7.775887748621833e-13,0.11747234545143902,0.00027272172289616,0.000260343436949692,0.0002786398452887355,0.06708819553373736,0.27609040521130246,0.2035678333539916,0.5489229734099362,1.2508770081683223
ds004444,sub-005,ses-16,C2_NONOVERLAP_HARRELL_DAVIS,100,10.0,0.9458333333333333,0.987,13,0.0003554202255425107,0.0003187729152976421,0.0003901069545372372,0.20070337564500734,1.113096781682678e-12,9.61082765125095e-13,1.323011068822865e-12,0.17127862142195083,1.1008799323781642e-11,8.998871363504739e-12,1.3597374400818773e-11,0.3829277943055791,6.785032793053823e-13,5.993031992019711e-13,8.110843703185021e-13,0.12617262875064073,0.0002724794658236355,0.0002640763862985373,0.000280267759745936,0.059422361751312026,0.25329718315683825,0.18988646221871255,0.47567255936057795,1.128264016121262
ds004444,sub-005,ses-16,C3_BLOCK_SUBSAMPLE_EMPIRICAL,100,10.0,0.9208333333333333,0.9854583333333333,19,0.0003564694864235,0.0002844881261948263,0.00040011776065010244,0.32437456369976353,1.1630295854208598e-12,9.061547147423656e-13,1.347360536097914e-12,0.20397586067677537,1.2579606616120013e-11,9.13571645977006e-12,1.6921484250525916e-11,0.573342660862765,6.902411818268207e-13,5.619034378934815e-13,9.751763573941077e-13,0.24450529542414703,0.00027180534096281995,0.0002597581589073955,0.00028225037715870694,0.08275120013788444,0.4213604135822604,0.3363404261402784,0.5867090819145864,0.5941912142271888
ds004444,sub-005,ses-16,C4_LOSO_SHRINKAGE,100,10.0,0.9583333333333334,0.9874583333333333,10,0.00037505596760842856,0.00033911299080905993,0.00041196917469118983,0.1942541646582734,1.1105089838404105e-12,8.58605256603711e-13,1.3199412202927276e-12,0.21858990756321806,1.0937644715659542e-11,9.489316739169363e-12,1.3131279936021389e-11,0.3050822238053858,6.518105277787437e-13,5.287265716756771e-13,7.637304495083388e-13,0.14227048071226486,0.0002672990622605625,0.0002584396421456525,0.00027580591922792875,0.06496946480260435,0.2650375503099147,0.18916581235587465,0.5102890499340986,1.2116141173260746
ds004444,sub-006,ses-01,C0_CURRENT_OVERLAP_EMPIRICAL,100,10.0,0.8875,0.9720416666666668,27,0.0004864744211261625,0.00043409111048839876,0.0005404022014335769,0.2185337730204598,6.461132939945368e-13,6.019459900902948e-13,6.903680463280605e-13,0.05371565648631427,1.1180037444204674e-11,8.996432890435366e-12,1.4082569417933036e-11,0.4175797119505311,4.3134475601125664e-13,3.786944854598823e-13,4.997680535420991e-13,0.08458728588884053,0.000101378753643,9.862232134126774e-05,0.00011049172889594977,0.11707983192809504,0.043935203909756165,0.024690572711434017,0.4272547719596077,9.162679660390022
ds004444,sub-006,ses-01,C1_NONOVERLAP_EMPIRICAL,100,10.0,0.8666666666666667,0.9664583333333333,32,0.00046846505953519995,0.0004088042696688237,0.0005854473679360469,0.3770678181749915,6.426657141223112e-13,5.918582481710468e-13,6.907946248649996e-13,0.06022916034795021,1.0367698761523208e-11,8.101009892296135e-12,1.265057488834999e-11,0.4002186450834697,4.3771561475445064e-13,3.8190216534046255e-13,4.941672174824931e-13,0.07808571527631666,0.00010458519575794003,9.914467161668994e-05,0.000110440862912885,0.10800946640985755,0.30116330152066195,0.24178391633375682,0.6528557381207188,1.3649465911350245
ds004444,sub-006,ses-01,C2_NONOVERLAP_HARRELL_DAVIS,100,10.0,0.8875,0.9690833333333333,27,0.0004850042888417239,0.0004148769069988125,0.0005618809276491882,0.30309839259019533,6.37355258082171e-13,5.783807251346722e-13,6.995823137039011e-13,0.07402278031658924,1.0252152206655353e-11,8.449826948374883e-12,1.1900985854732885e-11,0.306711004523804,4.3488521785226735e-13,3.7996043657876887e-13,5.016662063422904e-13,0.08481916758867333,0.00010441107071240728,9.849348641357137e-05,0.00011073920067627044,0.11728367558977841,0.30267765794744034,0.23515706325907515,0.6818776162641329,1.4758953668167818
ds004444,sub-006,ses-01,C3_BLOCK_SUBSAMPLE_EMPIRICAL,100,10.0,0.8458333333333333,0.9535833333333333,37,0.0004580073153534,0.00039489958196983,0.0005982985417473625,0.4440954380313636,6.292327486709922e-13,5.114094862065411e-13,7.051330294542295e-13,0.11890476876659509,1.0181183894853223e-11,7.409755691355746e-12,1.4560389297194986e-11,0.6395238351397411,4.5095184623226816e-13,3.467279193762493e-13,5.102256811816731e-13,0.11268310676883142,0.00010312535219343999,9.793378351720425e-05,0.0001142827280079,0.15853467633733873,0.47758201478015583,0.37426589654136194,0.7022246716342766,0.68670671202557
ds004444,sub-006,ses-01,C4_LOSO_SHRINKAGE,100,10.0,0.8666666666666667,0.9702916666666667,32,0.0004885212604430613,0.00043148729437610827,0.0005987669444237834,0.3424204087935527,6.686585557465278e-13,6.148498127725354e-13,7.185637299325471e-13,0.06215406789054698,1.0580361099645019e-11,8.970794280442321e-12,1.2748759791458582e-11,0.3262390074461555,4.409123779922173e-13,3.9717331862685804e-13,4.970065508372175e-13,0.06928473496040623,0.00011361773857589756,0.00010791717242740508,0.0001185632653326887,0.09370097438148688,0.2959314479549371,0.23494626112751285,0.622207264375234,1.3086172690419258
ds004444,sub-006,ses-16,C0_CURRENT_OVERLAP_EMPIRICAL,100,10.0,0.975,0.9928750000000001,6,0.0004342217107354,0.0003846246087614,0.00048543102081558123,0.23215424132363344,4.88504024959158e-13,4.66370289842757e-13,5.244211646969002e-13,0.03899947456019545,6.813285220188963e-12,5.947167872716076e-12,7.789349001642036e-12,0.23577548713643492,4.0976444000696467e-13,3.5221529497883566e-13,4.559333941449222e-13,0.07357122666931089,0.00010947618120843005,9.63756994277867e-05,0.0001242703756923177,0.2548013248344992,0.43336646117316274,0.35319183393193737,0.712189156962595,0.8283920312107
ds004444,sub-006,ses-16,C1_NONOVERLAP_EMPIRICAL,100,10.0,0.95,0.9904583333333333,12,0.0004673311211614,0.0003873620982716,0.000524474167776585,0.29339383362880594,4.745829025875669e-13,4.5255084935083474e-13,5.237270657754226e-13,0.04826871130791587,6.787433240687261e-12,5.785394330360972e-12,8.054121250516988e-12,0.2913317970165732,3.710011015140179e-13,3.286384106776647e-13,4.5288044532678955e-13,0.09062139666548949,0.00011181683884944001,9.722289839017319e-05,0.0001226870890866806,0.22773126776605934,0.39414843667820065,0.3151865554540039,0.7152973692536795,1.0151272377754672
ds004444,sub-006,ses-16,C2_NONOVERLAP_HARRELL_DAVIS,100,10.0,0.9625,0.9914999999999999,9,0.000454838120006245,0.000387432385380034,0.0005071444430160609,0.2631970631027719,4.758066204949022e-13,4.4642252891924725e-13,5.170358545812042e-13,0.04784727530106706,6.952387483956152e-12,5.860893984418303e-12,8.050935596941829e-12,0.2753942280782858,3.7107576891124226e-13,3.1816115478346975e-13,4.5140823340331116e-13,0.0971843290073251,0.00011071109975401157,9.618639621680828e-05,0.0001235405403175157,0.24707679640441335,0.3998878680491931,0.3307730098836954,0.7077971989292575,0.9428247745646509
ds004444,sub-006,ses-16,C3_BLOCK_SUBSAMPLE_EMPIRICAL,100,10.0,0.9333333333333333,0.9819583333333333,16,0.00042153637371789997,0.0003473007539944825,0.0005272077285873,0.42678873137155626,4.672042445181162e-13,4.1285995628747283e-13,5.494257150351145e-13,0.09307890108544148,6.467388932889028e-12,5.72262093919141e-12,8.79733112155936e-12,0.4117517126804304,3.603481783244053e-13,3.0445757956351713e-13,4.297991155683629e-13,0.09213930521760533,0.00011321879034096001,9.863792486152439e-05,0.00013003056174558007,0.2772740859732048,0.35069857677029137,0.28165404919204695,0.7615749403207595,1.3684711684521427
ds004444,sub-006,ses-16,C4_LOSO_SHRINKAGE,100,10.0,0.9625,0.989125,9,0.0004829276412998777,0.0004083772770226833,0.0005385855067450616,0.26962264802710223,5.105694549197439e-13,4.832493774459207e-13,5.525219215080713e-13,0.045858562700667786,7.257197968753723e-12,6.3303880792034234e-12,8.38164526935248e-12,0.24842049299426652,3.800047242733129e-13,3.397064641445652e-13,4.678123537058613e-13,0.09283003696147088,0.00011992180612399631,0.00010544252328237536,0.00012840506869546655,0.19147931442817961,0.3803478053456623,0.304341031087766,0.6796660793801035,0.9867943051498697
ds004444,sub-007,ses-01,C0_CURRENT_OVERLAP_EMPIRICAL,100,10.0,0.9375,0.9820833333333333,15,0.00038514361817780003,0.00036357551601225,0.00043206058067239055,0.17781695256003888,7.79596657028301e-13,7.291250464025779e-13,8.321975577384308e-13,0.05791902953333863,7.871376051669238e-12,7.498349857435651e-12,8.96110399762437e-12,0.16488469564014097,3.6432231493391794e-13,3.232016721635558e-13,4.123867791147562e-13,0.06536952886790551,7.182934372930495e-05,6.981395973678185e-05,7.54262294956893e-05,0.07813338378705499,0.6171551668465913,0.5617335827497009,0.6734015117548522,0.18093979440461871
ds004444,sub-007,ses-01,C1_NONOVERLAP_EMPIRICAL,100,10.0,0.925,0.9805416666666668,18,0.00038214742786105,0.000352875730605085,0.0004449706757468706,0.24099323503566375,7.924897477297261e-13,7.407698139856388e-13,8.544347462075079e-13,0.06341176141499899,7.951647926185206e-12,7.571950767069277e-12,8.820164307626889e-12,0.1394395256438046,3.7729917601614574e-13,3.1866300069279975e-13,4.0608649915109114e-13,0.06347458851399658,7.156931441214617e-05,7.034703631837948e-05,7.62979072194247e-05,0.08314835578314453,0.6484924876033182,0.5855073057778301,0.7109190263678119,0.1933896274624273
ds004444,sub-007,ses-01,C2_NONOVERLAP_HARRELL_DAVIS,100,10.0,0.9291666666666667,0.9815833333333333,17,0.00039139365410235016,0.0003568546298023907,0.00043657931526869226,0.20369437375128985,8.012301700056617e-13,7.456191020284872e-13,8.586599430721166e-13,0.0627575769748927,8.11322382077682e-12,7.600397178755515e-12,9.029531174251604e-12,0.15681980642655471,3.7390290278529343e-13,3.3008931133197207e-13,4.2541259704671186e-13,0.06938138460985291,7.21515068214e-05,7.0406271778396e-05,7.61282796078912e-05,0.07930545046486283,0.6545411570428004,0.5875626576442954,0.706124672976068,0.18113760159445358
ds004444,sub-007,ses-01,C3_BLOCK_SUBSAMPLE_EMPIRICAL,100,10.0,0.9166666666666666,0.9796666666666667,20,0.0003769522055398,0.000341470152904655,0.0004335196017683,0.24419395155848783,7.963068263693393e-13,7.375473724029044e-13,9.083200547109048e-13,0.09506877099229358,8.14748460049391e-12,7.363170466631011e-12,9.167186984719952e-12,0.19721449085484488,3.7397560964675663e-13,3.423179569465396e-13,4.479714240543441e-13,0.07689617367732426,7.008710170138093e-05,6.630576210803386e-05,7.483729765545129e-05,0.12172761062427721,0.6738351870975352,0.616633631383467,0.7328784316308631,0.17251221437089706
ds004444,sub-007,ses-01,C4_LOSO_SHRINKAGE,100,10.0,0.9208333333333333,0.9785833333333334,19,0.0004083919266184273,0.00038225701841191825,0.0004658106913804946,0.204591881763743,8.113107353939284e-13,7.637550694824329e-13,8.769694561508553e-13,0.06250412171482007,8.56652572610237e-12,8.15147554923084e-12,9.493150111045564e-12,0.1402467938965503,3.8752900249791056e-13,3.392855695552539e-13,4.3659948229928343e-13,0.07013468732461763,8.226072799482386e-05,8.05215196887438e-05,8.60571698081012e-05,0.06729395894006376,0.6255703526751101,0.5608444020201088,0.6733903628471863,0.17990935846882822
ds004444,sub-007,ses-16,C0_CURRENT_OVERLAP_EMPIRICAL,100,10.0,0.975,0.9915,6,0.000360430602157625,0.0003339696101764856,0.00038085879840245746,0.13009213927782398,7.10889456623168e-13,6.724024979944452e-13,7.529780991113647e-13,0.047095737719930676,7.513573403511265e-12,6.951132529398365e-12,7.807262222678854e-12,0.10056055814675822,3.76911514862113e-13,3.2577314236316923e-13,4.597404002985067e-13,0.09729547359385203,5.815771996643042e-05,5.169058944914953e-05,6.164537904936316e-05,0.17116883940413843,0.036322331068824924,0.02210391913854928,0.7609834883802562,20.34229487698099
ds004444,sub-007,ses-16,C1_NONOVERLAP_EMPIRICAL,100,10.0,0.9833333333333333,0.9935416666666667,4,0.0003612134579724,0.000338068353638,0.00039041822967839736,0.14492781135377733,7.372220943786528e-13,6.773576120432605e-13,8.38538081730898e-13,0.09278057780245216,7.713988439409507e-12,6.853355635850099e-12,8.323463516852494e-12,0.16870665955370664,3.6702006544301554e-13,2.865630372967139e-13,5.300853771800297e-13,0.17814101346376113,5.8959497276264575e-05,5.437913740749242e-05,6.333752689097454e-05,0.1519414130952419,0.692144941611792,0.6193957704194004,0.7842884582157863,0.23823433197700394
ds004444,sub-007,ses-16,C2_NONOVERLAP_HARRELL_DAVIS,100,10.0,0.975,0.9924583333333333,6,0.0003631654403279585,0.0003402443437930796,0.00039045247021378935,0.13825138822988683,7.325282099455066e-13,6.775478627751588e-13,8.089683374823448e-13,0.07585473872966239,7.651851709606726e-12,6.8099059401336305e-12,8.396301027778606e-12,0.1833590242749417,3.6308704931574956e-13,2.8631334938731027e-13,4.729427076604489e-13,0.13691668361666554,5.817209414276101e-05,5.271618792214035e-05,6.360716048291438e-05,0.1872198780883916,0.6976478270930773,0.6319459584430225,0.7908125010799895,0.2277173904471202
ds004444,sub-007,ses-16,C3_BLOCK_SUBSAMPLE_EMPIRICAL,100,10.0,0.9416666666666667,0.988625,14,0.0003616186299646,0.000330961365852,0.00044384984890546986,0.31217551693159545,7.273375717414887e-13,6.713934781832523e-13,7.84452652567369e-13,0.06545285428495093,7.53965952676755e-12,6.813513929727982e-12,8.403091185615086e-12,0.18614058920084298,3.6702006544301554e-13,2.901245715722232e-13,5.402545651133436e-13,0.18297463209514764,5.9257707057297455e-05,5.6065579662775556e-05,6.754496487983546e-05,0.19371969644793305,0.741820254556203,0.6845150275727805,0.8062716878852604,0.16413229426467627
ds004444,sub-007,ses-16,C4_LOSO_SHRINKAGE,100,10.0,0.9708333333333333,0.9926666666666666,7,0.0003881698025835092,0.0003710144827528484,0.00042321565483620155,0.13448024962643135,7.525833357099969e-13,7.090649433931672e-13,8.011706351829843e-13,0.05255424373443771,8.12010334688359e-12,7.558417322035142e-12,8.688488664532446e-12,0.1239099272798766,3.737965709389966e-13,2.931941022649347e-13,4.5364511371261875e-13,0.1167938651484732,6.937489127711674e-05,6.476662655811166e-05,7.48224531112512e-05,0.1449490762878842,0.6596768788776817,0.5736979737262822,0.762798344878362,0.2866560542087097
ds004444,sub-008,ses-01,C0_CURRENT_OVERLAP_EMPIRICAL,100,10.0,0.9041666666666667,0.9763333333333333,23,0.002609997293066512,0.0023934757537264237,0.0027293903052349323,0.12870302673193051,1.4132825204726628e-12,1.2944095526114333e-12,1.5021900671669245e-12,0.08609871110937956,1.8792649903805924e-11,1.7318128133595514e-11,2.0455411866609107e-11,0.15850751406512403,4.952362342875607e-13,4.4819660836261046e-13,5.590685820227181e-13,0.07415013836454754,4.019207003890937e-05,3.622839994163399e-05,5.012203112840581e-05,0.34568089744172653,0.12111249263070814,0.06916222006374811,0.7200681897150513,5.374391654464976
ds004444,sub-008,ses-01,C1_NONOVERLAP_EMPIRICAL,100,10.0,0.9333333333333333,0.9814583333333334,16,0.0026557206591869,0.002387726657483246,0.002744228355545016,0.13423915527195582,1.4458912642508557e-12,1.2781726485847965e-12,1.5261865593384967e-12,0.10140021937142968,1.8776401836653325e-11,1.6660720797974774e-11,2.0616292254134594e-11,0.2000147189985094,4.870757890963139e-13,4.4114597327109517e-13,5.488983867790954e-13,0.07245926152390705,4.0108124513619816e-05,3.660217898832571e-05,5.012203112840581e-05,0.3370851159695574,0.6428537463503973,0.5742868481763752,0.7492459872166344,0.2721600986744859
ds004444,sub-008,ses-01,C2_NONOVERLAP_HARRELL_DAVIS,100,10.0,0.9291666666666667,0.979125,17,0.002632639030129176,0.0024184382606428066,0.0028210292436527964,0.1529229713035565,1.4282561361063352e-12,1.2850585891995526e-12,1.5344011444781363e-12,0.10268379499635487,1.9012489780144938e-11,1.6737939938708923e-11,2.0628593148982905e-11,0.19441125282342578,4.86342876789446e-13,4.38771831889562e-13,5.216644201318266e-13,0.05576949271712833,4.032826444645729e-05,3.59404854011166e-05,4.970366202269957e-05,0.3412786657005111,0.6421028050206689,0.5782683132700259,0.7468151097738203,0.2624919174712318
ds004444,sub-008,ses-01,C3_BLOCK_SUBSAMPLE_EMPIRICAL,100,10.0,0.8916666666666667,0.9766666666666666,26,0.002455912718651475,0.0021282822013731035,0.0027869487514305285,0.2681962371003551,1.3603714084296924e-12,1.229155484962824e-12,1.5428923485228742e-12,0.13291843073492107,1.73879221790069e-11,1.6009642318531507e-11,2.040105871678555e-11,0.23882069738513625,4.995510099761449e-13,4.526259076679422e-13,5.957372121188514e-13,0.09543610287267647,3.9967457976654056e-05,3.501619046692646e-05,4.982809338521287e-05,0.370599064777633,0.734318703239635,0.6659844931855399,0.7972763403170586,0.17879409383434244
ds004444,sub-008,ses-01,C4_LOSO_SHRINKAGE,100,10.0,0.9458333333333333,0.9867083333333333,13,0.0025475688157478517,0.0023330450132251906,0.00267659151553876,0.13485268780771553,1.4151223566691375e-12,1.2503724395055247e-12,1.5116270655560333e-12,0.10817448868753093,1.8941199999700098e-11,1.6655031501450043e-11,2.0434793408976427e-11,0.18954535873383896,4.91375984329681e-13,4.50428287511905e-13,5.383442775182272e-13,0.058949581413460427,5.257679864180177e-05,4.924017605157581e-05,6.221476407213898e-05,0.24677401646652503,0.6169447418275162,0.557853327949625,0.7388711598986494,0.29341012197059846
ds004444,sub-008,ses-16,C0_CURRENT_OVERLAP_EMPIRICAL,100,10.0,0.9166666666666666,0.9820833333333333,20,0.0014745474554417625,0.0013730862930153625,0.0015609017477604776,0.12737159046636143,1.0389283882243466e-12,9.49503888085698e-13,1.1176805986060095e-12,0.08248289223476483,1.778152639983175e-11,1.6632494236659873e-11,1.8973560962601627e-11,0.12464730906869882,4.239362956693973e-13,3.61600289034084e-13,4.962601714173205e-13,0.09456875479105081,7.703345555809818e-05,6.194356476005135e-05,9.441410681506066e-05,0.42151220399308215,0.35432518518286216,0.3196247751468733,0.49246127743865903,0.48779062149392366
ds004444,sub-008,ses-16,C1_NONOVERLAP_EMPIRICAL,100,10.0,0.8833333333333333,0.9733333333333333,28,0.00146965881159105,0.0013401768133363,0.0016503838840219197,0.2110742085360043,1.0275617556415854e-12,9.300373882517885e-13,1.105910847225981e-12,0.08674135743823025,1.775270283895177e-11,1.578345966137183e-11,2.0465219975294643e-11,0.24965789487146328,4.1256657121498234e-13,3.5810204564780595e-13,5.030485352092852e-13,0.10261214764328402,7.51221219195849e-05,6.410023776302711e-05,9.012117518883017e-05,0.3463818168937717,0.4145841340813433,0.36443908120960955,0.5885193620608973,0.5404941058520625
ds004444,sub-008,ses-16,C2_NONOVERLAP_HARRELL_DAVIS,100,10.0,0.8875,0.974125,27,0.0014621802006478768,0.0013304342268964909,0.0016379093496201194,0.2102853823195692,1.0185845332711315e-12,9.329592267633597e-13,1.1075338287200237e-12,0.08648367164181354,1.774304451707528e-11,1.593353474795654e-11,2.011846816584053e-11,0.2232792764308613,4.2085263007229966e-13,3.480668324899497e-13,4.888643716019546e-13,0.09909369637077735,7.552781643303306e-05,5.980072301613914e-05,9.262485084347933e-05,0.4345965359907797,0.4233249557852737,0.36244925041546233,0.5355128165788745,0.408819663943431
ds004444,sub-008,ses-16,C3_BLOCK_SUBSAMPLE_EMPIRICAL,100,10.0,0.8666666666666667,0.965875,32,0.001428354403820975,0.001169617601875732,0.0016385677259661336,0.32831496336455673,9.827278783009714e-13,8.974150544805741e-13,1.0631937192600931e-12,0.08361140557602749,1.591906702437079e-11,1.4034795458299709e-11,1.9484617887614812e-11,0.32211128553749435,4.1343529247949714e-13,3.404902409460112e-13,5.245508701643535e-13,0.1302221829309616,8.260302128633501e-05,5.936346045624455e-05,9.413375509269822e-05,0.420932475278277,0.4001711362776665,0.33579340298644395,0.5669373759747038,0.5776128062052396
ds004444,sub-008,ses-16,C4_LOSO_SHRINKAGE,100,10.0,0.9041666666666667,0.9742083333333333,23,0.0013979526975577334,0.0012176134593453007,0.0015925513831040506,0.2682050144797983,1.030379348615131e-12,9.334343941384565e-13,1.0879493335792177e-12,0.07610151253072574,1.7415576715576117e-11,1.595153471284796e-11,1.9209002112661227e-11,0.17688652655977158,4.267106894118272e-13,3.610558754912142e-13,5.041844242261769e-13,0.10032065351242905,8.642998854919696e-05,7.297860244559187e-05,0.00010321929806538947,0.34988660507223873,0.40435766965706565,0.3612781283868824,0.4999681719522846,0.34298853211485214
ds004444,sub-009,ses-01,C0_CURRENT_OVERLAP_EMPIRICAL,100,10.0,0.9375,0.9855833333333333,15,0.0007330271754225875,0.0006776667784543031,0.0007777312779847775,0.13650858078526074,8.765969811210718e-13,8.108455781299223e-13,9.743777133150496e-13,0.08714291711555129,1.2957834447209495e-11,1.1191727172909778e-11,1.6141655112472117e-11,0.3546343781539799,4.545435174021882e-13,4.0611872780301713e-13,5.507654244003852e-13,0.09944473634979777,0.00014431434767674006,0.000117398132204115,0.0002726416751018205,1.0757318611848257,0.07133802736844276,0.05317573538968646,0.1976377111700255,2.0250346288972167
ds004444,sub-009,ses-01,C1_NONOVERLAP_EMPIRICAL,100,10.0,0.9333333333333333,0.98375,16,0.0007057424406468,0.0006569793031903925,0.0007823936417125193,0.17770553550595786,8.908240771610059e-13,8.174797864293994e-13,9.752442513008451e-13,0.08343688171578739,1.303522864146273e-11,1.145831929045872e-11,1.639822994441481e-11,0.3519651001169055,4.65752822509526e-13,4.075034954810035e-13,5.41700458198667e-13,0.09155497479302409,0.0001460869237811,0.0001177812675669,0.00025229566262297026,0.9207832614563536,0.15229827494995324,0.10463937802555381,0.3202876848986318,1.4159602723177676
ds004444,sub-009,ses-01,C2_NONOVERLAP_HARRELL_DAVIS,100,10.0,0.9375,0.9841666666666667,15,0.0007198038275065518,0.000656596475421085,0.0007877442604147096,0.18219934348741926,8.988436671596625e-13,7.998067347286512e-13,1.0031976675140943e-12,0.10711304795811882,1.3467548421069072e-11,1.1737812803757042e-11,1.652274931299768e-11,0.33073582130005796,4.757352680687217e-13,4.1273849240887846e-13,5.434419708028895e-13,0.0885683775553194,0.00015084000040127164,0.00011578947533466022,0.0002540140911888314,0.9163657820876012,0.15764853744112692,0.10491799085471613,0.3226489858744305,1.3811164921187031
ds004444,sub-009,ses-01,C3_BLOCK_SUBSAMPLE_EMPIRICAL,100,10.0,0.8666666666666667,0.9704166666666667,32,0.0007051527582442501,0.0005797975510096513,0.0007812515051080513,0.28568838660478185,8.437804675802146e-13,7.61482528606816e-13,9.220631923192645e-13,0.08709315807168481,1.3119036083047979e-11,1.1473689071885534e-11,1.6112609762749327e-11,0.3285578890497712,4.822377706328912e-13,4.117942967609504e-13,5.497930804600689e-13,0.09310165105305286,0.00014901614346527996,0.00011746582503086397,0.00025792436234832336,0.9425726173594939,0.13001077172583003,0.08447526873968415,0.2800996347692655,1.5046781388284831
ds004444,sub-009,ses-01,C4_LOSO_SHRINKAGE,100,10.0,0.9375,0.9847916666666665,15,0.0007103592896808302,0.0006660276809877646,0.000790548551648786,0.1752928022405067,8.979152806776222e-13,8.076796987549401e-13,9.763547450924013e-13,0.0888738544100021,1.3189116378124019e-11,1.1219582200423729e-11,1.5738508466758323e-11,0.31847834254863255,4.853916003173582e-13,4.233610300840988e-13,5.463813796929215e-13,0.08282014627155496,0.0001518247246786091,0.00012771051225095875,0.0002496088354042083,0.8028884795174311,0.1531716277195418,0.1004820056538839,0.3021004107646396,1.3162908047083235
ds004444,sub-009,ses-16,C0_CURRENT_OVERLAP_EMPIRICAL,100,10.0,0.9541666666666667,0.989875,11,0.0006412945149429875,0.000571039630426,0.0007203383698630399,0.23280838323949254,6.865150599725247e-13,5.960957957208282e-13,7.752137849780363e-13,0.10620598268486624,1.1700027100416952e-11,9.760494821693468e-12,1.3687392402460208e-11,0.3092038741112464,2.1583413443106043e-13,1.7149929475967218e-13,2.6897964349263e-13,0.08017569664514554,0.00011749805905235001,0.00010368648630497875,0.000147453315327655,0.37248980113523916,0.15083308408481327,0.09866929366109417,0.3544093003617014,1.6955166583685934
ds004444,sub-009,ses-16,C1_NONOVERLAP_EMPIRICAL,100,10.0,0.9416666666666667,0.9881666666666666,14,0.000621905821360575,0.0005292113655024999,0.0007163573180157849,0.3009233002561914,6.834378536435275e-13,6.068722267482387e-13,8.040482769882829e-13,0.11712701470582278,1.0973655305895586e-11,9.659125767597056e-12,1.3010478993717706e-11,0.2798939121347941,2.0519407492149255e-13,1.7174616117923334e-13,2.677219499502248e-13,0.07963513160919199,0.00011749805905237004,0.00010153900096130313,0.0001407251897687675,0.333504985444004,0.13226714170466483,0.08156337690860875,0.4539755501566596,2.815606116875064
ds004444,sub-009,ses-16,C2_NONOVERLAP_HARRELL_DAVIS,100,10.0,0.95,0.989625,12,0.0006286435735446032,0.0005414735851722106,0.00071515917502903,0.2762862723644942,6.891488157162679e-13,6.020235032658047e-13,8.108633119438093e-13,0.12363612177619061,1.1293866543998163e-11,9.73447354341648e-12,1.319319562607774e-11,0.28133720748333646,2.1005900325636432e-13,1.6700802937816029e-13,2.7780077705075157e-13,0.09155978954285639,0.0001218109078248461,0.00010502901184759438,0.00014731521388920888,0.3471462650559362,0.1338218965011424,0.07685532381055316,0.45017489131994237,2.7896747637514805
ds004444,sub-009,ses-16,C3_BLOCK_SUBSAMPLE_EMPIRICAL,100,10.0,0.9333333333333333,0.9834999999999999,16,0.0006544761390657374,0.000518101331706165,0.0008408690955955155,0.493169642298848,6.824427675952095e-13,5.867482835346313e-13,8.053422125390627e-13,0.129926517094473,1.1842939135278655e-11,9.354037651915768e-12,1.475655940054767e-11,0.42066085432045336,2.1093920081248107e-13,1.838949027736057e-13,2.8196455426734354e-13,0.08098643716211178,0.00011583182665748004,0.0001023923414969,0.00013346113620957804,0.26822329700736375,0.15370393330390786,0.06642824921141227,0.5729122810719315,3.2951923933904097
ds004444,sub-009,ses-16,C4_LOSO_SHRINKAGE,100,10.0,0.9541666666666667,0.9892916666666667,11,0.0006303045462077005,0.0005526335679116349,0.0007382697704866703,0.2945182664434496,7.223968478701951e-13,6.246907240111678e-13,8.304403484679537e-13,0.11945541163246008,1.1684283100916603e-11,1.0064051378926244e-11,1.275004309749842e-11,0.21175747160500374,2.315589933747316e-13,2.0145861120920327e-13,2.859106050258363e-13,0.0685732427524375,0.00012527951350324297,0.00011364553224699779,0.00014876794551668871,0.2803524056503408,0.136270972733623,0.08522571372070574,0.42447593523643856,2.48952667400706
ds004444,sub-010,ses-01,C0_CURRENT_OVERLAP_EMPIRICAL,100,10.0,0.925,0.981375,18,0.0010083464316021625,0.0009129840371783675,0.001125195458938768,0.21045487433595875,2.0384379472637935e-12,1.9027727061311826e-12,2.231468345880043e-12,0.10817915173974868,1.661379463769406e-11,1.564710699588439e-11,1.773339753206061e-11,0.11844639835367969,4.852825803309818e-12,4.399801595132426e-12,5.297529162890441e-12,0.15338361296356082,0.0005827392843518,0.0005507537523841475,0.0005923358056190937,0.07135618668620076,0.0003723856449046895,0.0001920295514979713,0.6147675234701078,1650.3737474239479
ds004444,sub-010,ses-01,C1_NONOVERLAP_EMPIRICAL,100,10.0,0.9125,0.9808333333333333,21,0.0009324257673468375,0.0008689020945851,0.0010229205131165068,0.16518035403984682,2.014361856599562e-12,1.7585132491213716e-12,2.265389629059504e-12,0.16815379309169234,1.7090988332620767e-11,1.5720090847482648e-11,1.7952089851884488e-11,0.12337628897682783,4.839613609888021e-12,4.283552125995762e-12,5.301965010591354e-12,0.17439730650520222,0.000583142700274595,0.0005690343346913412,0.0005903713373025467,0.03658967618829571,0.3812922685949395,0.2736555028367662,0.7244752017948347,1.1823468139497164
ds004444,sub-010,ses-01,C2_NONOVERLAP_HARRELL_DAVIS,100,10.0,0.9041666666666667,0.978,23,0.0009261885924005456,0.0008324884587320757,0.0010183600924276817,0.2006844340558864,2.021229452853056e-12,1.7933244961699987e-12,2.3099333763832023e-12,0.17099293128012874,1.6937274309999388e-11,1.5782127142087392e-11,1.8459243296669043e-11,0.14924877148638216,4.722252909423801e-12,4.289393716836944e-12,5.2421532336873885e-12,0.16650077022659626,0.0005800925894940113,0.0005582495862020789,0.0005898479962687108,0.05447132162078202,0.3915534198918198,0.29579058729478624,0.696924726016156,1.0244684846097691
ds004444,sub-010,ses-01,C3_BLOCK_SUBSAMPLE_EMPIRICAL,100,10.0,0.8625,0.9666666666666667,33,0.00088065336278,0.000745167382866645,0.001022355799132,0.3147531454096627,1.88797114513693e-12,1.7059002859376463e-12,2.296427355094179e-12,0.20447817498139637,1.6393103926448928e-11,1.5424630234868142e-11,1.8657640034215742e-11,0.18587882950732587,4.7154557847689745e-12,4.154009629522248e-12,5.3997273160384615e-12,0.21795596596791214,0.0005806645738917501,0.0005575072855725401,0.000598096279131307,0.06990092957941123,0.3979688181856451,0.27346519409698417,0.7933459522122843,1.3063354070908115
ds004444,sub-010,ses-01,C4_LOSO_SHRINKAGE,100,10.0,0.9041666666666667,0.9767500000000001,23,0.0009125890971857345,0.0008303709011096301,0.0010153243645908824,0.20266893813321626,1.959111125579898e-12,1.7162471314525244e-12,2.243973999454325e-12,0.17833965863596346,1.689216526902161e-11,1.5611054584226473e-11,1.785659548272588e-11,0.1255041446765151,4.517578108841106e-12,3.983931727057478e-12,5.030737591387001e-12,0.18972198375446117,0.0005565133418765113,0.000529321843571976,0.0005683443641775104,0.07011964960953948,0.36440928225817565,0.275202575371208,0.6632634979645822,1.0649040556474547
ds004444,sub-010,ses-16,C0_CURRENT_OVERLAP_EMPIRICAL,100,10.0,0.9458333333333333,0.9902916666666666,13,0.00135657961267525,0.001255610433544913,0.001639060014447563,0.28265910606146233,2.2488063159840398e-12,2.069170752877394e-12,2.5530525511734346e-12,0.14894141147022374,4.6390107768225716e-11,4.3610737687011676e-11,4.9938291931240586e-11,0.13352057090006092,3.346941202152147e-11,3.160336222253026e-11,3.501750634279008e-11,0.09904851635206746,0.0017918382681009351,0.0017596123625543026,0.0018282322511329588,0.03829580479553359,0.3438364111990213,0.27146053778755536,0.5168681810692268,0.7137337271092837
ds004444,sub-010,ses-16,C1_NONOVERLAP_EMPIRICAL,100,10.0,0.9291666666666667,0.9838749999999999,17,0.001309342988745325,0.0012105510649646181,0.0016828025325128118,0.36067819604704904,2.266145912485215e-12,2.024730539369762e-12,2.6565611551956935e-12,0.1934483739414969,4.627078246952488e-11,4.3592154489625534e-11,4.993491149983357e-11,0.13417922612762262,3.335399672195502e-11,3.14727974710782e-11,3.4993345349459806e-11,0.102478553132413,0.001779814223392005,0.0017616168440145617,0.001825234776531585,0.03574414208244429,0.4538937895189601,0.33711481988036524,0.6234368020049769,0.6308127335855971
ds004444,sub-010,ses-16,C2_NONOVERLAP_HARRELL_DAVIS,100,10.0,0.9291666666666667,0.9855833333333333,17,0.0013490831722230943,0.001193880012614914,0.0015686510599763888,0.27779684366391544,2.3367135617951493e-12,2.042168990605987e-12,2.6202488756062333e-12,0.17324827987010064,4.6414548309255805e-11,4.3676089721666115e-11,4.9709844223004774e-11,0.12725534074445266,3.323572652212206e-11,3.193455121741773e-11,3.5136236395693756e-11,0.09351883262086447,0.001784023391268293,0.0017603937737333424,0.0018219394933557218,0.03449826941121392,0.4513550762411626,0.3309905653815317,0.6281124752788396,0.6582886191755049
ds004444,sub-010,ses-16,C3_BLOCK_SUBSAMPLE_EMPIRICAL,100,10.0,0.925,0.9829583333333333,18,0.001393737969836875,0.0011976902598428913,0.0017566798103836,0.40107219738374594,2.222079386221558e-12,1.8422861767682347e-12,2.6255625621853295e-12,0.24309655086916437,4.643258378371776e-11,4.332832214205777e-11,5.0606775832062555e-11,0.1534483915780963,3.381394063548453e-11,3.207936964238151e-11,3.508736787828583e-11,0.08640211883507333,0.00178485031235216,0.0017627226626229474,0.0018187942314793273,0.031415278041479526,0.4489242394345767,0.3419098597042545,0.6215959683986879,0.6230140503129816
ds004444,sub-010,ses-16,C4_LOSO_SHRINKAGE,100,10.0,0.9625,0.9942916666666667,9,0.0013054648515266425,0.0011969659609300748,0.0016551690795027474,0.35098847562678553,2.2244832162268486e-12,2.0075605178224887e-12,2.5557487148197634e-12,0.17000807888798408,4.400355112995577e-11,4.208645631426193e-11,4.79839533025701e-11,0.13104514733244257,3.132380593372707e-11,2.9645901256030476e-11,3.298083179146493e-11,0.10317258253164878,0.0016858192093782724,0.0016668529683425283,0.0017144192189511736,0.02821551107960871,0.4162036610899784,0.3124672292272139,0.5955771907420107,0.6802197769541278
ds004444,sub-011,ses-01,C0_CURRENT_OVERLAP_EMPIRICAL,100,10.0,0.925,0.9822500000000001,18,0.0014256551319916,0.0013125674800123,0.001545710381639214,0.163533870311038,2.1382819247140233e-12,1.7923267715418897e-12,2.5113502137739954e-12,0.22911371874202374,2.348486840304805e-11,2.1927292829174095e-11,2.5583539245147943e-11,0.14932677422594162,8.715378006001412e-13,7.857125374856753e-13,1.0037119958446248e-12,0.11648146154945101,0.00012267375173570004,0.00010493186617832,0.00013715388311585,0.26266431260933354,0.072502422529145,0.04702105582814755,0.38914648058782836,4.718813700568862
ds004444,sub-011,ses-01,C1_NONOVERLAP_EMPIRICAL,100,10.0,0.9375,0.984625,15,0.0013898264200066252,0.00127721771609002,0.0015496929779566045,0.1960498503613392,2.0263068767968026e-12,1.749083117402192e-12,2.5899728917323804e-12,0.27786004809275294,2.3659091311790537e-11,2.179482984424229e-11,2.6825162860653683e-11,0.20399506830189565,9.052892077665916e-13,8.108838114327436e-13,1.0458266380121961e-12,0.12331084730955676,0.00012092453299759007,0.00010565412283510007,0.00013249901396195803,0.22199706080647755,0.3111711328698712,0.26032452879696505,0.38148481972574994,0.3893686725081391
ds004444,sub-011,ses-01,C2_NONOVERLAP_HARRELL_DAVIS,100,10.0,0.9416666666666667,0.9862083333333334,14,0.0014015709162607496,0.0013121388679729765,0.0015513480689065633,0.17067220644182654,2.1993179151544597e-12,1.8302310287307685e-12,2.5343129903538224e-12,0.2200725217984664,2.4304821565450864e-11,2.1925910687514087e-11,2.618727295631911e-11,0.1684011980793075,9.303437882814969e-13,8.299669528902125e-13,1.0570242484003152e-12,0.11762531466596537,0.00012317024590236116,0.00010949001683997994,0.00013801902239575167,0.23162254094032209,0.30728724058585055,0.26605653864871165,0.3987360043632628,0.43177668379970074
ds004444,sub-011,ses-01,C3_BLOCK_SUBSAMPLE_EMPIRICAL,100,10.0,0.9333333333333333,0.9834166666666666,16,0.0014787875830988625,0.0013183840635370369,0.001623013418838281,0.2059994001686713,2.264801716847433e-12,1.7778108862002634e-12,2.614763456288864e-12,0.2563563250318249,2.2959005854643117e-11,1.9195340017758528e-11,2.6403153945633828e-11,0.30083944098533905,9.035398568300408e-13,7.873165109311929e-13,1.0555944160576736e-12,0.14093632143497276,0.00011124625619897004,9.957359180589515e-05,0.00012800398329898975,0.2555626787717027,0.3156893030834023,0.2265106040844378,0.44452222121813456,0.6905891805760979
ds004444,sub-011,ses-01,C4_LOSO_SHRINKAGE,100,10.0,0.9333333333333333,0.9817916666666666,16,0.0013540512119020204,0.0012744091780406415,0.0015733045033262773,0.2207415217664031,1.9750866904467004e-12,1.6764639761556844e-12,2.468851227463611e-12,0.26634089482244705,2.3186856937441155e-11,2.0734095189891214e-11,2.5607531958453532e-11,0.201491114830148,8.918738167967475e-13,8.016229360931362e-13,1.0342170400922604e-12,0.12294377243031152,0.0001287442132891986,0.0001122074419900385,0.00013867797148242725,0.2056055849851854,0.30182063941888626,0.24934290805486667,0.4037842063082153,0.5116989300340502
ds004444,sub-011,ses-16,C0_CURRENT_OVERLAP_EMPIRICAL,100,10.0,0.9208333333333333,0.9782916666666668,19,0.0006876992537800375,0.0006280410446784575,0.0007692753665124175,0.20537221881843412,6.81986672147823e-13,6.334834047425702e-13,7.398144182413676e-13,0.06321751251632537,1.4478540880212511e-11,1.3682688506726543e-11,1.5779714506857708e-11,0.1354795659590863,2.800353950745041e-13,2.4487444019703126e-13,3.1627317032219745e-13,0.05577871549482462,8.606863477531035e-05,7.100618472571962e-05,9.9143566948958e-05,0.3269179529775919,0.342184690682368,0.2797592539115462,0.4632717900588473,0.536296746008166
ds004444,sub-011,ses-16,C1_NONOVERLAP_EMPIRICAL,100,10.0,0.925,0.9850416666666667,18,0.0007517319834727,0.0006536741841063,0.0008345659911722649,0.24063337838797813,6.861527546817523e-13,6.225762045034445e-13,7.533130629257036e-13,0.07753559578707009,1.472296264373223e-11,1.3648424848300312e-11,1.6139470779781483e-11,0.15843362271640304,2.795093649282386e-13,2.5495744495812015e-13,3.093894694495624e-13,0.04254132559201323,8.745241321431243e-05,7.623965300984287e-05,9.805264690623328e-05,0.2494270065882356,0.4247507285049795,0.37064286571521626,0.5845208997453405,0.5035377685693913
ds004444,sub-011,ses-16,C2_NONOVERLAP_HARRELL_DAVIS,100,10.0,0.9208333333333333,0.9808333333333333,19,0.0007462336694717531,0.000658596385052997,0.0008454872227802105,0.25044546383047167,6.966041025071982e-13,6.408794056073972e-13,8.213326935380407e-13,0.10636145914298696,1.5053083486026653e-11,1.3790452816558676e-11,1.652155942104048e-11,0.17012972036550397,2.797456831056341e-13,2.463213791435235e-13,3.3590642977746865e-13,0.07000222920584023,8.903208115499708e-05,7.325124316717418e-05,0.00010737181256195803,0.3832390366360625,0.4362670722548291,0.3608664314903718,0.555755718116056,0.4467201377769812
ds004444,sub-011,ses-16,C3_BLOCK_SUBSAMPLE_EMPIRICAL,100,10.0,0.9291666666666667,0.9806250000000001,17,0.0007628154582919,0.0006888657195262,0.0008834937175492,0.2551442759218169,6.813802008962733e-13,6.117683957267908e-13,8.159866615343509e-13,0.12145870737546444,1.434039710775668e-11,1.166409447161117e-11,1.5771511537305417e-11,0.26775167792868826,2.555250059505998e-13,2.238027669982146e-13,3.093282075813392e-13,0.06811926499095926,8.903133989471228e-05,6.938517346456057e-05,0.00010220116530096497,0.36858921259214,0.36674295359113973,0.3062769709881076,0.5078678786307165,0.5496790208730258
ds004444,sub-011,ses-16,C4_LOSO_SHRINKAGE,100,10.0,0.9375,0.9854583333333333,15,0.0007447662662646833,0.0006555077804672937,0.0008297918539321124,0.2340117713775021,7.199921460806517e-13,6.381981889318205e-13,7.925079274159177e-13,0.08971537389616753,1.4887632675328938e-11,1.404710933413754e-11,1.6430919831561612e-11,0.15004189397743098,2.985989105248015e-13,2.751297279608259e-13,3.2991729827814134e-13,0.04218975533806215,9.752435689073288e-05,8.60941800030966e-05,0.00011443540079033896,0.29060658691027846,0.39966362686179013,0.348282925890453,0.5450008351096176,0.4922086874988514
ds004444,sub-012,ses-01,C0_CURRENT_OVERLAP_EMPIRICAL,100,10.0,0.9416666666666667,0.985375,14,0.0015430207578388,0.001332352755357358,0.0017922702416180074,0.29806305820976786,3.579895240352153e-12,2.996328441527718e-12,3.96943029173485e-12,0.21247251282811208,3.6235907482474823e-11,3.204100672793926e-11,4.093338325639326e-11,0.23881186547257421,5.037253095718364e-13,4.675312473945062e-13,6.006432919743773e-13,0.08852151635179484,5.076929274433466e-05,4.834119272144654e-05,5.908452410925416e-05,0.21161081030414108,4.1825938654844254e-05,1.97845018718945e-05,0.6780014341025344,16209.597565422277
ds004444,sub-012,ses-01,C1_NONOVERLAP_EMPIRICAL,100,10.0,0.9541666666666667,0.9845,11,0.0015760916334430749,0.001418755549641376,0.0019207190818441,0.3184862613524987,3.5730845890444247e-12,3.029041721481974e-12,3.873130272900622e-12,0.18457750670976017,3.748757344009937e-11,3.1378097818533195e-11,4.3777861584483154e-11,0.32217577409104503,5.481220859119306e-13,4.921643955905427e-13,6.731717823066398e-13,0.11692061521716073,5.01492225528348e-05,4.784882124055806e-05,5.599016556038801e-05,0.16234238026143355,0.291805210732997,0.20635928641239548,0.7220615132188782,1.7672824467709225
ds004444,sub-012,ses-01,C2_NONOVERLAP_HARRELL_DAVIS,100,10.0,0.9375,0.9838333333333333,15,0.0016447500663527561,0.001388523581965882,0.0019526985402104,0.34301561644108275,3.554645373461452e-12,2.9241956987590036e-12,3.9807455852521e-12,0.2319719319201655,3.725154261320269e-11,3.12884081338677e-11,4.4387758524893907e-11,0.3424528658487333,5.514840446894726e-13,4.869450846323011e-13,6.833033154582141e-13,0.12656155343525546,5.1336797453453625e-05,4.841555780576541e-05,5.664707747012539e-05,0.16034345561738503,0.28271381879071233,0.20032687093889845,0.7066344266791502,1.7908836501312686
ds004444,sub-012,ses-01,C3_BLOCK_SUBSAMPLE_EMPIRICAL,100,10.0,0.9291666666666667,0.98125,17,0.0014754877551653,0.001151080380042902,0.0019034185255666061,0.5098911477781312,3.654421252041083e-12,3.1648712588013713e-12,4.4781130097552535e-12,0.2821493113409088,3.444708835997185e-11,2.8967684056344915e-11,4.0764023791187095e-11,0.33278726915587903,5.274020683585558e-13,4.81617769749568e-13,6.596923987223137e-13,0.11658660981395427,5.0128976119630564e-05,4.8721436484321793e-05,5.940090852216331e-05,0.2130398953155464,0.23781463346476883,0.1689871020421333,0.7366381511475705,2.386947518043061
ds004444,sub-012,ses-01,C4_LOSO_SHRINKAGE,100,10.0,0.9416666666666667,0.9868333333333333,14,0.001557887284570531,0.0013817061957450928,0.0018432571905210935,0.29626725826122335,3.4113566720421057e-12,2.953236294542793e-12,3.673174206727594e-12,0.1632010208441221,3.6066181885015786e-11,3.133568397558966e-11,4.1976908982537254e-11,0.28708716317094873,5.505916573537694e-13,4.972631976196023e-13,6.729354682144821e-13,0.11329370293058401,6.163405674761492e-05,5.873944253246948e-05,6.904516764938882e-05,0.167208285378844,0.2763751946465294,0.2013702183060502,0.6864891280108755,1.7552910648277023
ds004444,sub-012,ses-16,C0_CURRENT_OVERLAP_EMPIRICAL,100,10.0,0.9375,0.9828333333333333,15,0.0012367568451852,0.00111624993431617,0.0014648604067229892,0.2818747059958592,1.9535567664565775e-12,1.733880305586302e-12,2.122982122677889e-12,0.1317400841963156,4.281784923950275e-11,3.504025476043822e-11,4.771955461355648e-11,0.28936381116779214,4.590622907582003e-13,3.9959338662307723e-13,5.319655336683005e-13,0.09072412321507962,7.49387426565959e-05,6.412681734950824e-05,8.234921797512813e-05,0.24316394613076772,0.564011830036387,0.44897460473061557,0.7135676371299613,0.469126742220649
ds004444,sub-012,ses-16,C1_NONOVERLAP_EMPIRICAL,100,10.0,0.9166666666666666,0.9792083333333333,20,0.0012479994148199749,0.0010714558532036501,0.0014767299858724336,0.3247390403644585,2.066633879648876e-12,1.7680787804728995e-12,2.218856958689887e-12,0.14699445578048614,4.4627587705174776e-11,3.752164801313515e-11,5.106223914348472e-11,0.2967632480998747,4.4388024751713966e-13,4.058343863777701e-13,5.19623659816495e-13,0.07880797152976783,7.425470893415748e-05,6.610375188830395e-05,7.743807125963261e-05,0.1526410833922714,0.5972888932998763,0.5015722747643984,0.7340234109805662,0.3891770612568108
ds004444,sub-012,ses-16,C2_NONOVERLAP_HARRELL_DAVIS,100,10.0,0.9291666666666667,0.9813333333333334,17,0.0012846174800296949,0.0010307158042063794,0.001470274906733323,0.34217119805547996,2.0458384800169946e-12,1.7919556160925277e-12,2.2392989821969368e-12,0.14687035082106953,4.389057311466386e-11,3.724291834391373e-11,5.0111610625665735e-11,0.28666803270436175,4.4376513320073736e-13,4.046603165301564e-13,5.250258724641904e-13,0.08336920816697589,7.330714566656165e-05,6.599406718091885e-05,7.977141738546463e-05,0.18794006902508714,0.5845608904587296,0.4967330632298921,0.741056978809237,0.41796144690281234
ds004444,sub-012,ses-16,C3_BLOCK_SUBSAMPLE_EMPIRICAL,100,10.0,0.9041666666666667,0.9767916666666667,23,0.0012209588168435748,0.0009523119703837488,0.0014572517291652812,0.41356002463157904,1.995363753636117e-12,1.5817533514097493e-12,2.171079834946652e-12,0.1967462158215377,4.323908325716534e-11,3.521824866040989e-11,5.566683186864206e-11,0.46222890943202666,4.316571902893316e-13,4.0460252882441817e-13,5.597189103729704e-13,0.10834743303123,6.78966033417258e-05,6.179305889982478e-05,8.258345922026361e-05,0.30620677605318936,0.6772190785452301,0.6027208463773666,0.7471320202626451,0.2132414435152692
ds004444,sub-012,ses-16,C4_LOSO_SHRINKAGE,100,10.0,0.925,0.9815833333333333,18,0.0012134392727744044,0.000983831167015771,0.0014159298096797798,0.3560941630972315,2.001124686271472e-12,1.7529556071613389e-12,2.1317011929963112e-12,0.1262012163531656,4.182051996120086e-11,3.4939855471460597e-11,4.691100189291042e-11,0.2795656482522101,4.539332896876143e-13,4.1712453162540145e-13,5.284567333463002e-13,0.07657311550024357,8.405640036881762e-05,7.36801056315054e-05,8.751516528125502e-05,0.16459257622801363,0.554699349948163,0.45900256939555006,0.6855460010572134,0.40840760257322384
ds004444,sub-013,ses-01,C0_CURRENT_OVERLAP_EMPIRICAL,100,10.0,0.9666666666666667,0.9892083333333334,8,0.0005151182350237001,0.0004668988159117875,0.0005937372387590299,0.24623166872587032,1.1421344999969896e-12,1.0384735562952107e-12,1.2651690791835183e-12,0.10582693238385643,7.64449755001279e-12,6.948640006390376e-12,8.288040640339226e-12,0.15494256620465682,1.1844243727028718e-12,1.0594352235433798e-12,1.3202956357231557e-12,0.1194183765020912,8.465398641947032e-05,7.122099259937475e-05,9.047215762569621e-05,0.22741002064001672,0.0008486332858268014,0.0004482086538109807,0.6346417641924745,747.3116661615194
ds004444,sub-013,ses-01,C1_NONOVERLAP_EMPIRICAL,100,10.0,0.975,0.9924583333333333,6,0.0004957827732790625,0.00046147982057208374,0.0005603861987302905,0.1994953905004677,1.07368172705918e-12,9.799840777339813e-13,1.2637674603721782e-12,0.13685001846481432,7.503832287898834e-12,6.794729525463949e-12,8.095170923602546e-12,0.15292415867480805,1.0753710760279681e-12,9.26155643572313e-13,1.2905792064116238e-12,0.17559441154821212,8.142163729304988e-05,7.014004730296825e-05,8.99208789196614e-05,0.24294317863635553,0.5569927624189628,0.509812809059146,0.6289516861861656,0.21389663414906443
ds004444,sub-013,ses-01,C2_NONOVERLAP_HARRELL_DAVIS,100,10.0,0.9666666666666667,0.9937916666666666,8,0.0005046381154356498,0.00046070774286888406,0.0005680462502553067,0.21270392364447996,1.1112342761691151e-12,9.949093091572194e-13,1.234984029473351e-12,0.1137129701928451,7.565045698692837e-12,6.956974859963428e-12,8.099676743674731e-12,0.13341456939169608,1.1169846224372466e-12,9.601202180888455e-13,1.2944778378162602e-12,0.15794050470828397,8.404093470593238e-05,7.29082152234315e-05,9.125896107444796e-05,0.2183548492990077,0.5625614469408332,0.5142964456246061,0.61954687823958,0.1870914425208673
ds004444,sub-013,ses-01,C3_BLOCK_SUBSAMPLE_EMPIRICAL,100,10.0,0.9291666666666667,0.9880416666666666,17,0.0005007680038071249,0.0004337062463468,0.0006078146108282549,0.3476826850160169,1.101737092269391e-12,9.39842431654082e-13,1.2720583557389421e-12,0.15806730789822226,7.696593503708233e-12,6.90567517710166e-12,8.15620446954184e-12,0.1437953023683301,1.1805586693667595e-12,9.889354291488126e-13,1.330522646271959e-12,0.15665123893334373,8.132379034103912e-05,7.072193179217189e-05,9.15938078889146e-05,0.2566515376689029,0.5826652378766262,0.516233284459323,0.7148421666479184,0.340862761801328
ds004444,sub-013,ses-01,C4_LOSO_SHRINKAGE,100,10.0,0.9666666666666667,0.9915416666666667,8,0.0005164259229192249,0.0004753379913151695,0.0005859390773707109,0.21416640980409174,1.0815515468673754e-12,9.850224319694498e-13,1.239115532380786e-12,0.12206908870151821,8.026861740371372e-12,7.44170830948762e-12,8.519163580237618e-12,0.11936100294205572,1.0958882581188196e-12,9.300549064756913e-13,1.2407354834205226e-12,0.14823336871197748,9.270392874668375e-05,8.103205881855921e-05,9.981848432315684e-05,0.2026497210628729,0.5390262126286349,0.4929630613608533,0.6076417727071187,0.2127516411248467
ds004444,sub-013,ses-16,C0_CURRENT_OVERLAP_EMPIRICAL,100,10.0,0.9416666666666667,0.98625,14,0.0005519807912918,0.00049295113580783,0.00061801579730826,0.22657429977077104,1.0507055198096183e-12,9.911278387870805e-13,1.1388540573548438e-12,0.07203677814329858,6.023973734500212e-12,5.415312329629629e-12,6.889418981240447e-12,0.20986790488272064,7.093044668978986e-13,6.329368157863776e-13,7.659732979933607e-13,0.07783076963954941,6.024002288853516e-05,5.312347524605332e-05,6.806354268711607e-05,0.2480089893175845,0.5957076450548996,0.5421362372758022,0.6746990652524062,0.2225300096059111
ds004444,sub-013,ses-16,C1_NONOVERLAP_EMPIRICAL,100,10.0,0.925,0.9820416666666667,18,0.0005612235119914,0.0004804632468052125,0.0006623255916006,0.3240461965430416,1.0502690177050746e-12,9.62404912317268e-13,1.1496206749690685e-12,0.0913127794621588,5.881424601684169e-12,5.390379946839685e-12,6.8481154088307785e-12,0.21183629064748094,6.837301745181817e-13,5.927202990772859e-13,7.805467339560712e-13,0.11155376183273186,5.930431952392086e-05,5.273880091554365e-05,6.420960036621662e-05,0.19342266042903444,0.6583053057462256,0.6183571831058072,0.7299170602921321,0.1694652560329832
ds004444,sub-013,ses-16,C2_NONOVERLAP_HARRELL_DAVIS,100,10.0,0.9333333333333333,0.9821249999999999,16,0.0005671108859150446,0.0004930676464340849,0.0006352066734265876,0.2506370980915338,1.0503429402599336e-12,9.681496185935969e-13,1.1061210255981551e-12,0.067291868250619,6.031041624612597e-12,5.385743184649307e-12,6.894695353174595e-12,0.21461289081878104,6.893403563241996e-13,6.089607282893759e-13,7.766834516639736e-13,0.09928296731130139,5.912149829018104e-05,5.287595697847436e-05,6.427258857345996e-05,0.19276628184018943,0.6619591009794756,0.6189904634523952,0.7215130661948198,0.1548775484626935
ds004444,sub-013,ses-16,C3_BLOCK_SUBSAMPLE_EMPIRICAL,100,10.0,0.9291666666666667,0.980875,17,0.0005284935606148,0.0004402424701498525,0.0006178708957673,0.33610329154192137,1.0625166384892233e-12,9.579400569066852e-13,1.1409338722435637e-12,0.08872355835680433,5.516975063094226e-12,5.145110815536759e-12,6.613486334554397e-12,0.2253155037116962,6.437844762223077e-13,5.825979435911662e-13,7.175541296961613e-13,0.08210090073070106,5.8288993362326886e-05,4.745324371709963e-05,6.751771572442439e-05,0.34422402079204073,0.6474851964529262,0.5798391928708271,0.7762430489306654,0.3033333536202539
ds004444,sub-013,ses-16,C4_LOSO_SHRINKAGE,100,10.0,0.9333333333333333,0.984125,16,0.0005779454723128684,0.0004972744841330676,0.0006688182651436134,0.29681654919318184,1.056501900617705e-12,9.928652473453735e-13,1.1077293064754525e-12,0.05585409821190909,6.504602219754996e-12,6.01974505151471e-12,7.283454035703564e-12,0.16839120144999645,6.680411110291714e-13,6.106489499826957e-13,7.751779426045494e-13,0.09863605371233346,7.093184779947068e-05,6.415079751864599e-05,7.620241100456815e-05,0.16990412191275206,0.6286115343707657,0.5841215288439657,0.6630569220429899,0.12557102261560033
ds004444,sub-014,ses-01,C0_CURRENT_OVERLAP_EMPIRICAL,100,10.0,0.925,0.9797499999999999,18,0.000431851788127175,0.00038302361076249,0.0004840418020901768,0.2339186588339877,5.183853237374849e-13,4.716553418026773e-13,5.753058628450132e-13,0.06826364785139097,6.460577125288388e-12,6.0041232773519725e-12,7.215078482968622e-12,0.16231387803927305,3.2339561863842186e-13,2.9814523458558247e-13,3.3719214992921015e-13,0.029505096430499884,0.00010668461367199999,9.390006002784772e-05,0.00013169022718579238,0.3542232146043727,0.22344522998542024,0.1374776167925394,0.7649064476677416,2.8079759452163464
ds004444,sub-014,ses-01,C1_NONOVERLAP_EMPIRICAL,100,10.0,0.9166666666666666,0.9776666666666667,20,0.00042124310254807503,0.0003516439044922088,0.0004995287725660074,0.35106774883240566,5.01758666551568e-13,4.4628460279504725e-13,5.293514908495706e-13,0.05531307386776511,6.3882373538849405e-12,5.918159229967273e-12,7.251413883888825e-12,0.18045639170220884,3.1871947397557213e-13,2.927793937621759e-13,3.391987435998292e-13,0.03520032179225492,0.00010504596421755,8.692564446478979e-05,0.0001375710345616,0.48212599114990945,0.6555261668122381,0.5735200343553571,0.77172901832443,0.3023662425752462
ds004444,sub-014,ses-01,C2_NONOVERLAP_HARRELL_DAVIS,100,10.0,0.9166666666666666,0.978875,20,0.0004326595256698472,0.0003609774276867143,0.0005219131764747856,0.37196857775624054,5.015049895466329e-13,4.5455553334149475e-13,5.457453767119944e-13,0.06073229460132108,6.406528011802244e-12,5.878989021956017e-12,7.245737617783531e-12,0.18453296789664614,3.198170287535818e-13,2.926463814386526e-13,3.3952775528788554e-13,0.03552111605463,0.00010744533170548351,8.767660240197461e-05,0.00013005335465513275,0.39440291342683353,0.6698799118112168,0.5501567711588503,0.7567161182624778,0.30835280094431455
ds004444,sub-014,ses-01,C3_BLOCK_SUBSAMPLE_EMPIRICAL,100,10.0,0.9,0.97575,24,0.000394927075720225,0.00033677916205580004,0.0005230910947426729,0.4717628738807906,4.668408455128484e-13,4.428717149943405e-13,5.158642504713323e-13,0.04976172820676505,7.071589600864265e-12,6.117036831625672e-12,8.486384916830814e-12,0.2935416940612843,3.280178340677867e-13,2.993926162311223e-13,3.541339786758666e-13,0.04122035189623072,9.908814614328219e-05,8.093666605439843e-05,0.00011686253324366123,0.36256472872899453,0.7446893618908146,0.6159020582326051,0.829946822561134,0.2874282557021734
ds004444,sub-014,ses-01,C4_LOSO_SHRINKAGE,100,10.0,0.9375,0.982,15,0.0004555264481626819,0.0003790798976975604,0.0005155556103890293,0.2995999748035034,5.334799945469575e-13,4.829967266112728e-13,5.618877385301234e-13,0.05144573923323842,6.747834149852653e-12,6.438399989929519e-12,7.512372997960048e-12,0.1386159005547316,3.326644302758583e-13,3.0958273719069044e-13,3.5493171806399627e-13,0.03402880713483041,0.00011408388770160061,9.369407173753358e-05,0.00014432342998459333,0.4437906072739736,0.6244749553738289,0.5439466719154106,0.7249478642489656,0.28984539856352226
ds004444,sub-014,ses-16,C0_CURRENT_OVERLAP_EMPIRICAL,100,10.0,0.9458333333333333,0.9890000000000001,13,0.0002825922126753,0.0002576115307512169,0.00032830250509186687,0.25015188288901086,4.640655435392803e-13,4.235160281999204e-13,5.182129349494872e-13,0.06468078370360617,7.661659140762463e-12,6.281625758307647e-12,8.822734819769257e-12,0.2933744009277561,3.5021008500220084e-13,3.020106151301335e-13,3.8622286627633247e-13,0.06236973940693216,7.11859234760052e-05,6.211100872243833e-05,8.162091374837873e-05,0.27406970085099686,0.0022800533414222167,0.0012307239081192827,0.3847527685736246,168.2074877502955
ds004444,sub-014,ses-16,C1_NONOVERLAP_EMPIRICAL,100,10.0,0.9416666666666667,0.9812499999999998,14,0.00028132595704865,0.0002510373394347175,0.0003431157100944925,0.3273013670635107,4.519578924004313e-13,4.265778054781807e-13,5.104095327688348e-13,0.0577370237314943,7.611285883081477e-12,6.611683431656089e-12,8.922068241557709e-12,0.2682973067286982,3.548989295095878e-13,3.0128527385501393e-13,4.093378287865132e-13,0.07974953155406908,6.951214007782095e-05,6.304588138780801e-05,8.803209883268486e-05,0.35945112691758446,0.18378049479095326,0.11424384734761604,0.40126220650827316,1.5617454914656375
ds004444,sub-014,ses-16,C2_NONOVERLAP_HARRELL_DAVIS,100,10.0,0.9333333333333333,0.9824583333333334,16,0.0002805437350676957,0.00025554654190058977,0.0003406945430903724,0.30351061258140616,4.5313516972437455e-13,4.1456047820275197e-13,5.016474784542513e-13,0.05993041945851302,7.661722344333328e-12,6.693303143255232e-12,8.943394309882957e-12,0.2597741046386438,3.5572027531886735e-13,2.94333770726106e-13,4.0460476386371693e-13,0.08133757025332904,7.103926366015893e-05,6.191906640623906e-05,8.648650326553352e-05,0.34582898593927397,0.1709055009518549,0.1129310134520533,0.43097582209354796,1.8609395652468135
ds004444,sub-014,ses-16,C3_BLOCK_SUBSAMPLE_EMPIRICAL,100,10.0,0.8666666666666667,0.9719999999999999,32,0.0002697763790718,0.00020876007140848,0.0003572713043496,0.5504975376331844,4.593485050971161e-13,3.9356318061100364e-13,5.718070204103536e-13,0.12213932393584646,8.090052616484735e-12,5.838614486983482e-12,8.924214370296658e-12,0.3394479672997125,3.545880172030377e-13,2.8743760024875035e-13,4.1048206976974266e-13,0.09083534473828829,7.192547859922186e-05,6.0958963813229505e-05,8.486675616083002e-05,0.33239670393326326,0.2756576693253151,0.19551408931855913,0.5570054108675679,1.3113777042099506
ds004444,sub-014,ses-16,C4_LOSO_SHRINKAGE,100,10.0,0.9416666666666667,0.9855416666666666,14,0.0003085392818603423,0.00028496556615268526,0.00037399481635157585,0.28855077827865744,4.915511491811736e-13,4.519923243601656e-13,5.394642541008846e-13,0.058644941401264764,8.062724104952495e-12,7.372482956202478e-12,9.276111418763825e-12,0.21005036019148743,3.658481495925409e-13,3.133797787157826e-13,4.1953751059910657e-13,0.0777229386114356,8.146023589860617e-05,7.542251627174803e-05,9.330821179404669e-05,0.2195635097963322,0.1775690179649531,0.1150742171425861,0.3809003931601955,1.4970301636098402
ds004444,sub-015,ses-01,C0_CURRENT_OVERLAP_EMPIRICAL,100,10.0,0.9583333333333334,0.9880416666666666,10,0.000399635208168725,0.0003784721948841531,0.0004341691058888875,0.13936937919105938,4.690951275249485e-13,4.3423316298676244e-13,5.042600417008745e-13,0.04766667413300157,6.561846739474033e-12,5.879232446281564e-12,7.035518158264342e-12,0.15291049287560723,4.2110260031204145e-13,3.768319595444822e-13,4.569255393644819e-13,0.05636016695938278,0.0001181124696726,0.00011291615397490951,0.00012347071470583226,0.08936025697218117,0.19697068344814267,0.13889673973278643,0.5382240200070793,2.027343730963893
ds004444,sub-015,ses-01,C1_NONOVERLAP_EMPIRICAL,100,10.0,0.9416666666666667,0.9831249999999999,14,0.0003953408342788,0.000365388521747355,0.0004308821756762,0.16566377182528577,4.715913740596131e-13,4.2688225467781944e-13,5.125826738183676e-13,0.058236559857054795,5.813881299760592e-12,5.258944363359522e-12,6.689870168665701e-12,0.21000157507241204,4.215677485897699e-13,3.7224205524383047e-13,4.624662570911681e-13,0.06346809846863945,0.00011899704084838,0.0001142720616464,0.00012417532179898904,0.08322274233679916,0.25518037500992496,0.17069893874341005,0.7194009764365221,2.1502517098723626
ds004444,sub-015,ses-01,C2_NONOVERLAP_HARRELL_DAVIS,100,10.0,0.9416666666666667,0.9872916666666666,14,0.0003985691028776977,0.0003699273462764488,0.00042732044651226593,0.14399786555816027,4.713589322797065e-13,4.351648516008392e-13,5.069095417532454e-13,0.04876083502021211,5.9909187020357276e-12,5.413114007025325e-12,6.588493831794009e-12,0.1681295227230175,4.168466523221814e-13,3.772635966397019e-13,4.579941774642026e-13,0.05697905323217935,0.00011936266538085688,0.00011404719180558564,0.00012460959026702718,0.08848996743872595,0.24764347104110157,0.17229960636297822,0.6559249004412435,1.9529095277300677
ds004444,sub-015,ses-01,C3_BLOCK_SUBSAMPLE_EMPIRICAL,100,10.0,0.9291666666666667,0.9794999999999999,17,0.0004049392243847,0.0003582234640814575,0.0004893871984405,0.32390967863000786,4.834320538734389e-13,4.3782466441207005e-13,5.324038133457174e-13,0.06375698077083379,5.697212553949474e-12,4.867951132966819e-12,6.698926256727102e-12,0.2733936110002246,4.37222554327066e-13,3.5407141893466614e-13,4.785777138314542e-13,0.08662979475373192,0.0001167617054703,0.00011411701037302352,0.0001192690834774735,0.04412468145761882,0.5685138028792672,0.4452411926389235,0.7434317005831493,0.5245088271093864
ds004444,sub-015,ses-01,C4_LOSO_SHRINKAGE,100,10.0,0.95,0.9894166666666666,12,0.00042084836336889545,0.0003927392700701547,0.0004554758513932652,0.14907170048573273,5.063291797626113e-13,4.680545581244569e-13,5.515428656614611e-13,0.055425008463396735,6.653488515959147e-12,6.0819387664940706e-12,7.152317715604158e-12,0.13985504085857325,4.302684472812577e-13,3.827112819326048e-13,4.610938006824913e-13,0.05480266232460125,0.00012683996557935232,0.0001226075573686111,0.00013127038238706907,0.0682972824108908,0.2414578720365076,0.1696541251510873,0.6518768634273404,1.9971299101043414
ds004444,sub-015,ses-16,C0_CURRENT_OVERLAP_EMPIRICAL,100,10.0,0.9,0.9761666666666666,24,0.0003312034809257625,0.0003002090202612569,0.0003675444914435,0.2033054447094733,2.4044445038013864e-13,2.29719143530124e-13,2.5388048014152926e-13,0.019477967436591716,5.421761836927028e-12,4.878685519445353e-12,6.170736623534239e-12,0.20119885117184053,1.4687405403110992e-13,1.3704800898195064e-13,1.5779348607745808e-13,0.018088714294817156,7.56296093690399e-05,6.910836041809671e-05,8.620245918211643e-05,0.2260238903864225,0.00018534671378092155,0.0001420403502437057,0.9017734434507743,4864.566410935593
ds004444,sub-015,ses-16,C1_NONOVERLAP_EMPIRICAL,100,10.0,0.8916666666666667,0.974375,26,0.0003268827089901125,0.0002827775684341475,0.0003677085198656,0.2598208740805577,2.499056325001893e-13,2.337411609678487e-13,2.8064602433503176e-13,0.03752672373622251,5.349566868044318e-12,4.705126599180596e-12,6.199611117636801e-12,0.2353679470606961,1.4217306381785103e-13,1.2822558602743603e-13,1.6157274805263302e-13,0.029196242742522832,7.494933196002185e-05,6.711915135805279e-05,8.502327138170394e-05,0.2388829802288066,0.38519322524991423,0.25994887146552764,0.8853025800379701,1.623480548405513
ds004444,sub-015,ses-16,C2_NONOVERLAP_HARRELL_DAVIS,100,10.0,0.9125,0.977,21,0.00032798310361955034,0.00029688526721590266,0.0003635805980799059,0.20334989798138434,2.509739434759971e-13,2.2436876457573896e-13,2.720487397659207e-13,0.03811428322615305,5.246323676977745e-12,4.75619489214052e-12,6.0102852507725515e-12,0.20077255414321046,1.4577020693819202e-13,1.3476131737369841e-13,1.6051936737135454e-13,0.0224809912508448,7.455017207836047e-05,6.625455983748722e-05,8.340096407366803e-05,0.22999818146844606,0.3891137052606345,0.28918624068548393,0.8840899780771924,1.528868629779318
ds004444,sub-015,ses-16,C3_BLOCK_SUBSAMPLE_EMPIRICAL,100,10.0,0.8916666666666667,0.9774999999999999,26,0.0003183510309096,0.00027345333346195,0.0003625282970756543,0.2798010833493963,2.465817657362053e-13,2.2692404866029673e-13,2.6955115732961985e-13,0.03419519668984443,5.202668289466678e-12,4.52146230070132e-12,6.2999465909200805e-12,0.28672890556455655,1.379939786537993e-13,1.244037521393621e-13,1.5659930644816225e-13,0.02829149794525819,7.560573998626735e-05,6.806407492179702e-05,9.09782192263681e-05,0.3030741317479198,0.6718669850716484,0.6240630927217651,0.9238754443761239,0.4462376606017341
ds004444,sub-015,ses-16,C4_LOSO_SHRINKAGE,100,10.0,0.8791666666666667,0.9705416666666667,29,0.00035864163706676483,0.00032004900003811023,0.00039478144941596356,0.20837638870013503,3.000244098982206e-13,2.859036087942648e-13,3.244018246531681e-13,0.02961345615188664,5.918553981932047e-12,5.350160282114466e-12,6.267103305215281e-12,0.132533911782062,1.702284271256344e-13,1.6442677272952982e-13,1.8687317859965062e-13,0.01918121740150736,8.542764291469375e-05,8.042933594411205e-05,9.446481510791673e-05,0.16429669039942413,0.36559053530430036,0.25725687008222187,0.8421144908298616,1.5997613840282598
ds004444,sub-016,ses-01,C0_CURRENT_OVERLAP_EMPIRICAL,100,10.0,0.9708333333333333,0.991375,7,0.0004949445349156,0.0004655104361563325,0.0005562634472181256,0.18335996152358508,5.449237233747693e-13,5.04666313336866e-13,5.81836663048539e-13,0.0499509124910712,8.923526071706786e-12,7.842429259901078e-12,1.0003522511359101e-11,0.2177747340856564,5.325168140653705e-13,5.023708585537159e-13,5.756628777062339e-13,0.04782461013141726,0.0001545121472495,0.00014665565741201573,0.00017384763921790967,0.17598604455350284,0.00025330131494321045,0.00020294662807589518,0.7557569923317258,2982.8271633339773
ds004444,sub-016,ses-01,C1_NONOVERLAP_EMPIRICAL,100,10.0,0.9458333333333333,0.9849999999999999,13,0.0005337241002495,0.0004666670575694394,0.0006085640314375649,0.265862031592598,5.342865414014696e-13,5.023827604304297e-13,5.910459653986484e-13,0.05778790504623126,8.975673053919042e-12,8.217341669518047e-12,1.0069365200377433e-11,0.18565399255259268,5.208148030330158e-13,4.922797171822592e-13,6.049054195356447e-13,0.07405615866492878,0.00015431982543672498,0.00014741390722513876,0.0001755044220721525,0.18202790591221646,0.3299337597045936,0.23599720219753215,0.7585477011429924,1.5838042745663323
ds004444,sub-016,ses-01,C2_NONOVERLAP_HARRELL_DAVIS,100,10.0,0.9416666666666667,0.9874583333333332,14,0.000529234785511552,0.0004727969044157443,0.0005925680097459604,0.22630996371135495,5.488246090573902e-13,5.038039413737716e-13,5.958119288452139e-13,0.059405039752976306,9.051448661099827e-12,8.15011622007454e-12,1.0092809272401682e-11,0.19327493158728146,5.229372489119659e-13,4.939484379366455e-13,5.888761547076859e-13,0.062331994859840596,0.0001547380799789652,0.00014602147625866708,0.0001724140487342049,0.1705628783074127,0.33745963840817983,0.2375024644435197,0.7606107805372267,1.5501359468044673
ds004444,sub-016,ses-01,C3_BLOCK_SUBSAMPLE_EMPIRICAL,100,10.0,0.9291666666666667,0.9818333333333332,17,0.0005614480116532,0.0004739617975467,0.0006453507688465,0.3052624062019166,5.5771861147931e-13,5.025912890489739e-13,6.270697104893938e-13,0.07991072362049217,8.981423718015634e-12,7.698478187337515e-12,1.0406373161004555e-11,0.2712934597475826,5.234213863656977e-13,4.885025718201324e-13,6.079586970472665e-13,0.07841305517714366,0.00015263774370946005,0.0001465373912855025,0.00017571044147398002,0.19112605629759058,0.716714768750961,0.6393534135274761,0.8347565331817975,0.2726372166079169
ds004444,sub-016,ses-01,C4_LOSO_SHRINKAGE,100,10.0,0.9375,0.9847916666666666,15,0.0005377738276588481,0.00048756065943998894,0.0006060880866932739,0.22040385927459513,5.689119316143748e-13,5.353648847301324e-13,6.269836470968881e-13,0.05839637045304518,9.337648439179781e-12,8.460849713789524e-12,1.042789975930098e-11,0.19028022253652174,5.239583971241766e-13,4.976401562931058e-13,6.008948978809637e-13,0.06775430469933257,0.0001600344535476925,0.00015239041731078038,0.00017882998857911682,0.16521174357773738,0.3175978749101203,0.22910750574932684,0.7416574968090973,1.6138331882831631
ds004444,sub-016,ses-16,C0_CURRENT_OVERLAP_EMPIRICAL,100,10.0,0.9583333333333334,0.9901666666666666,10,0.0007489189919649,0.0006761767515812582,0.00079286187098737,0.15580472721644614,6.089507278448201e-13,5.741271873724134e-13,6.354020972609973e-13,0.038083770266017544,1.4936342569479343e-11,1.3199900729285853e-11,1.6398619706524052e-11,0.20071851262561713,2.3020121262431116e-13,2.1662320355769783e-13,2.4647096023321766e-13,0.024262499800213565,8.957561256580455e-05,8.208751820325016e-05,9.630109512703135e-05,0.1586768581087031,0.7051131834813698,0.6609406992002521,0.7569946404606096,0.13622485511612786
ds004444,sub-016,ses-16,C1_NONOVERLAP_EMPIRICAL,100,10.0,0.9458333333333333,0.9822083333333335,13,0.0006926204919397874,0.0006311699912183519,0.0007819435685216925,0.21768570066905032,5.857348954297588e-13,5.583589083042823e-13,6.35937455236158e-13,0.04892277212002122,1.4895437627075426e-11,1.3184955099983845e-11,1.608176531511027e-11,0.18224161442350945,2.317017929263951e-13,2.1543373808574009e-13,2.4549966562605197e-13,0.02441007045128868,9.046157244220648e-05,8.237573037766076e-05,9.64591796749828e-05,0.15568432828906723,0.6890484315292624,0.6304088953336934,0.7497732047936003,0.17323065258971507
ds004444,sub-016,ses-16,C2_NONOVERLAP_HARRELL_DAVIS,100,10.0,0.9416666666666667,0.9862083333333334,14,0.0007149820827421283,0.0006382329363177147,0.0007872840332232239,0.20846829633183825,5.94196299190421e-13,5.557672286214885e-13,6.512919482405017e-13,0.05992029944337684,1.4712069011506136e-11,1.3324000516790606e-11,1.60822900132121e-11,0.1755522773227106,2.3021955321460515e-13,2.1794656887308723e-13,2.458940240217508e-13,0.0227174532185218,9.012824449368725e-05,8.368871907078743e-05,9.60699363815698e-05,0.1373733311123822,0.6980348845867149,0.6382409375736382,0.7818696380089324,0.2057614935965938
ds004444,sub-016,ses-16,C3_BLOCK_SUBSAMPLE_EMPIRICAL,100,10.0,0.925,0.9831666666666667,18,0.000763340976077325,0.0006029054935046169,0.0008159181043984317,0.27905302779551566,5.912408997603323e-13,5.488772587070521e-13,6.275504107900132e-13,0.049441383824919694,1.4420447012566804e-11,1.3086929813649637e-11,1.657254187702127e-11,0.22603832823594885,2.3380788373760946e-13,2.111551888456671e-13,2.482957087149286e-13,0.030102352528945324,8.806746420233463e-05,8.084507072556647e-05,0.0001008667429617,0.2273447088562595,0.7106898398714234,0.6525064163877485,0.7753940099034732,0.17291311430283612
ds004444,sub-016,ses-16,C4_LOSO_SHRINKAGE,100,10.0,0.9375,0.983375,15,0.0007203754292068559,0.0006170277149323652,0.0007835766543972553,0.23119741801447272,6.16890426071254e-13,5.829149906484432e-13,6.576473977337713e-13,0.046219833997603724,1.446340895543327e-11,1.3267688594879477e-11,1.6065462950586018e-11,0.18092869197018202,2.529470436389248e-13,2.3816185083245e-13,2.665199897577612e-13,0.022633150434635214,9.960888541924752e-05,9.401551963280036e-05,0.00010547018764452152,0.11499644683817856,0.6558623157667351,0.5918479394473983,0.7039363473857109,0.17090234526907497
ds004444,sub-017,ses-01,C0_CURRENT_OVERLAP_EMPIRICAL,100,10.0,0.9416666666666667,0.9875416666666667,14,0.0003975663291602125,0.00037236939058679126,0.0004305764766203,0.14640848989916286,5.873066000824167e-13,5.065200771250601e-13,6.688904042553782e-13,0.10229298304554862,1.1211821240733815e-11,9.936802036438809e-12,1.321011188371133e-11,0.26804436314167873,4.2366566009176606e-13,3.7458265163893643e-13,4.98894163551563e-13,0.0873179113589168,8.596615320057981e-05,7.51420620202948e-05,9.899521110853816e-05,0.2774713991809869,0.005258138303816497,0.0009038671791251683,0.5957403997710667,113.12683275125465
ds004444,sub-017,ses-01,C1_NONOVERLAP_EMPIRICAL,100,10.0,0.9666666666666667,0.9926666666666667,8,0.00040911485363255,0.00037190270695845,0.00045129258152903814,0.19405277924188996,5.744842831047144e-13,4.991062774722635e-13,6.513120861607878e-13,0.09667026233402011,1.150514534260565e-11,9.115677767680077e-12,1.3792760707869272e-11,0.37401268134438564,4.120061284757536e-13,3.6799713649557303e-13,4.867455308734497e-13,0.08409906443257749,8.608632898451207e-05,7.499992468375691e-05,0.00010175090859842747,0.3107460141404957,0.3372981716826864,0.2722094090226942,0.6608602263569195,1.1522470323340406
ds004444,sub-017,ses-01,C2_NONOVERLAP_HARRELL_DAVIS,100,10.0,0.9625,0.9919999999999999,9,0.00041905155398831544,0.00037588420199201285,0.00046009762057469067,0.20096195224720256,5.752806239941764e-13,4.994859596967105e-13,6.422529933626241e-13,0.09062958782792815,1.1348333873165978e-11,9.311224534969043e-12,1.4081980931817639e-11,0.3863481863910298,4.161569606412721e-13,3.7765562009011067e-13,4.931164784685739e-13,0.08153111666815492,8.803061849815767e-05,7.713535296732106e-05,0.0001039339146292754,0.30442318609964103,0.3409648180435697,0.2563651154681279,0.633013491793453,1.1046546634500307
ds004444,sub-017,ses-01,C3_BLOCK_SUBSAMPLE_EMPIRICAL,100,10.0,0.9416666666666667,0.9874166666666667,14,0.000426534323701375,0.00037819267388027126,0.0004746510254909349,0.22614440626366009,5.652894347648156e-13,4.718003981327618e-13,6.20430122364663e-13,0.09495350887245513,1.0396555219559882e-11,8.9986331478987e-12,1.3331018840787847e-11,0.380148703658583,4.3948084340139835e-13,3.6272454532537334e-13,5.399592169649777e-13,0.12312402242242451,9.815731883724272e-05,7.561113976882589e-05,0.00010841231906612003,0.3341694674598152,0.5757473086962805,0.49297019573829737,0.7700687989678852,0.4812851038011229
ds004444,sub-017,ses-01,C4_LOSO_SHRINKAGE,100,10.0,0.9625,0.9890833333333333,9,0.00043355313558984115,0.0003950827486059239,0.0004845232819078403,0.2062965891687938,5.984118444158876e-13,5.317500816614371e-13,6.963765895618839e-13,0.10299379879821073,1.156017714990368e-11,9.507753456221164e-12,1.3710810905707822e-11,0.3346336121954212,4.2364068496734673e-13,3.8526586693526916e-13,5.195362007834383e-13,0.09431476303393849,9.636615764802405e-05,8.649725568430888e-05,0.00011425179611706038,0.2880112772173947,0.33736380664367505,0.25447623795157814,0.6438908325075258,1.1542868170387186
ds004444,sub-017,ses-16,C0_CURRENT_OVERLAP_EMPIRICAL,100,10.0,0.9541666666666667,0.9882916666666667,11,0.0001132464670605,9.992496840391514e-05,0.00012424792863234186,0.21477897408184593,5.373521205656338e-13,4.5054247284666255e-13,6.143028645253433e-13,0.10652106923847011,4.869306423327809e-12,4.2685124755469725e-12,5.5161963249665975e-12,0.21257773226162674,3.9945317198212685e-13,3.5618614288551115e-13,4.690725277393157e-13,0.08066463895602667,8.666701213092277e-05,7.901786327916376e-05,0.00010445477599445325,0.29350166570138325,0.33394051557415394,0.23912954543710074,0.6523414391627894,1.2373817325340224
ds004444,sub-017,ses-16,C1_NONOVERLAP_EMPIRICAL,100,10.0,0.9458333333333333,0.9870833333333333,13,0.000117884030199575,0.00010010803685426875,0.00012783867208337123,0.23523657061027325,5.338658902311482e-13,4.414373435028843e-13,6.318477916266848e-13,0.12413761159726053,4.6748451559326585e-12,3.8787270306145755e-12,5.314565606460972e-12,0.2530181064668041,3.8489406332893773e-13,3.4633118056220924e-13,4.793767784666965e-13,0.09606915173329504,8.571947606622496e-05,7.936112451667132e-05,0.0001002736290531,0.24396444369664247,0.3261914547660567,0.22585248010196105,0.6331759942023806,1.2487252751342053
ds004444,sub-017,ses-16,C2_NONOVERLAP_HARRELL_DAVIS,100,10.0,0.9583333333333334,0.9874166666666667,10,0.00011604250763546235,0.00010127157966799398,0.00013128893794747126,0.25867553737375887,5.26855884023263e-13,4.4619011791148747e-13,6.407982267766991e-13,0.12745676320964852,4.754159880345518e-12,4.1303187013589796e-12,5.5459051916984455e-12,0.24601097636766825,3.8857524619488965e-13,3.515702132835124e-13,4.75785668315237e-13,0.08945532867024093,8.781071192624833e-05,8.102237436883863e-05,0.00010188544122837621,0.23759136174034187,0.2990566005683311,0.21237610682188038,0.6611674719284656,1.5006903852053275
ds004444,sub-017,ses-16,C3_BLOCK_SUBSAMPLE_EMPIRICAL,100,10.0,0.9125,0.9809583333333334,21,0.000104897552731825,9.094566279755559e-05,0.00012533280612145122,0.3278164466237965,5.355178400687831e-13,4.3897369989877535e-13,6.194388767768149e-13,0.11752724206053881,4.702890629371149e-12,3.834329629167451e-12,5.444720292792093e-12,0.2823814742879293,3.9280980433702145e-13,3.4586596184492653e-13,4.869209725124546e-13,0.10127370602095265,8.645075089646836e-05,7.933196881055992e-05,0.00010132036230101699,0.25434589067299157,0.6056328300827587,0.46683842264395964,0.80235919928745,0.5540003117022042
ds004444,sub-017,ses-16,C4_LOSO_SHRINKAGE,100,10.0,0.975,0.9946666666666667,6,0.00015926037185273615,0.0001420731676086146,0.0001683022842832431,0.16469330194826234,5.582955968800379e-13,4.852223036876909e-13,6.571737652107345e-13,0.11034585598991524,5.295829500138095e-12,4.8039928654184794e-12,5.912287925307641e-12,0.17603638406422095,3.939939302186007e-13,3.646753064594126e-13,4.791239543988074e-13,0.08210125270878864,9.500085072437803e-05,8.981096098456246e-05,0.00011084440834474633,0.2214027240640677,0.30241101658698977,0.21205853361931876,0.6445619264116984,1.4301839849360716
ds004444,sub-018,ses-01,C0_CURRENT_OVERLAP_EMPIRICAL,100,10.0,0.9208333333333333,0.9805833333333335,19,0.0002080498091749375,0.00019759379658738812,0.00022479071339137,0.1307231031891522,3.1977227176582146e-13,3.046851687076271e-13,3.367228692146845e-13,0.024275173219234083,3.175226566041056e-12,2.9436305261717045e-12,3.603964767831703e-12,0.15815530755403454,1.8101882624371755e-13,1.6833328390670564e-13,1.974081909065567e-13,0.02461849578835681,3.8316468863965824e-05,3.199802071984437e-05,4.3775348897535646e-05,0.3073698652173355,0.6957372049231065,0.6537871881921021,0.7838417592435071,0.1869305969710097
ds004444,sub-018,ses-01,C1_NONOVERLAP_EMPIRICAL,100,10.0,0.9291666666666667,0.9782916666666668,17,0.0002046744154025,0.00019043393890592314,0.0002264384709381825,0.17591124804506625,3.138743947942143e-13,2.897808445867862e-13,3.3323898722511413e-13,0.03307632967848083,3.163827282877251e-12,2.9026065071201052e-12,3.498409364885273e-12,0.1430901949788516,1.8482975104900516e-13,1.6390007120333364e-13,2.0693090742389849e-13,0.036318159788329855,3.663722464332038e-05,3.235986511024646e-05,4.148560105058368e-05,0.2490837059874648,0.7409068779247643,0.6757084785979507,0.8296176850242085,0.20773083772300854
ds004444,sub-018,ses-01,C2_NONOVERLAP_HARRELL_DAVIS,100,10.0,0.9291666666666667,0.9809166666666668,17,0.0002044248265813587,0.00018898771452737065,0.00022156684442599294,0.15936973157360831,3.115466879326905e-13,2.901465658144538e-13,3.2915998092118467e-13,0.029746112331102206,3.1313278961582087e-12,2.9081471640365113e-12,3.5191266005876834e-12,0.1478893595251377,1.817791051394097e-13,1.6301763065229682e-13,1.9706993731013032e-13,0.02881444299509466,3.691203268975844e-05,3.195130111533505e-05,4.256383133434041e-05,0.28750868370468285,0.7422875076370234,0.6875345821554151,0.8384330054757573,0.20328837784230613
ds004444,sub-018,ses-01,C3_BLOCK_SUBSAMPLE_EMPIRICAL,100,10.0,0.8958333333333334,0.9742916666666666,25,0.00018500537876865,0.00016339006915861437,0.0002169357580618,0.2894277397238108,3.1325736398021296e-13,2.827266802047032e-13,3.27193184651686e-13,0.03385970310664315,3.1037054727623283e-12,2.8996370031560396e-12,3.2362311133658227e-12,0.08202199510756102,1.6401777104509967e-13,1.5018001003640204e-13,1.9153565093887983e-13,0.03552835869966754,3.457962957198447e-05,3.0483047490272405e-05,3.801540810910203e-05,0.21782652082269924,0.7686739195808763,0.7007908571789665,0.8614509116218286,0.20900937361092453
ds004444,sub-018,ses-01,C4_LOSO_SHRINKAGE,100,10.0,0.9333333333333333,0.9844166666666666,16,0.00024135946566499101,0.00022851870892453364,0.00026193856001433354,0.1384650519475457,3.589974119362876e-13,3.407149635165391e-13,3.805926161921427e-13,0.02934343533354217,3.897445827280565e-12,3.658377061033564e-12,4.169584808152437e-12,0.10438252206308427,2.1026583208272055e-13,1.903078602616518e-13,2.278993582768083e-13,0.031060529859350067,4.920339653898866e-05,4.475230671171334e-05,5.6979121865140996e-05,0.24849534310591367,0.7004733327273993,0.6433644539805243,0.7749847675556005,0.18790196203816156
ds004444,sub-018,ses-16,C0_CURRENT_OVERLAP_EMPIRICAL,100,10.0,0.9291666666666667,0.9839166666666667,17,0.000405708018144875,0.00037272417725858564,0.000435430231096,0.15455956224277287,6.857370091025896e-13,6.678964518886823e-13,7.157746942913002e-13,0.028401964330192944,8.90590613037805e-12,7.806674814462683e-12,9.941644941060349e-12,0.21552497050728534,5.155453806752008e-13,4.592314092337294e-13,5.515036440468563e-13,0.06088384814449968,0.00010313431837944515,7.823976244907295e-05,0.00011527192762490774,0.3590673347015404,0.0005583842157112682,0.00030248691704571007,0.6449416009216636,1154.472305469821
ds004444,sub-018,ses-16,C1_NONOVERLAP_EMPIRICAL,100,10.0,0.95,0.9826666666666667,12,0.0004082481731257,0.0003582261948532875,0.0004503117019696,0.22556256941876565,6.745856187000767e-13,6.410275562495583e-13,7.081946824779155e-13,0.04010969966438428,8.701584199391163e-12,7.569377717672369e-12,1.0964009124397267e-11,0.3499048543987211,5.125997660452931e-13,4.773577768629579e-13,5.580972197970778e-13,0.053377929011065486,0.00010374543492785998,7.078367635767133e-05,0.0001131099737544,0.4079822598283795,0.5957361809471594,0.5079929829894801,0.7100981866917534,0.33925286085630635
ds004444,sub-018,ses-16,C2_NONOVERLAP_HARRELL_DAVIS,100,10.0,0.9416666666666667,0.984,14,0.00041110010287230515,0.00036300837379423705,0.000452682098707956,0.21813111713922892,6.738741624717963e-13,6.370581341627855e-13,7.266025118925905e-13,0.05349528640646174,8.860873147524992e-12,7.437001616545194e-12,1.0764533701150658e-11,0.3374480165015256,5.156571726259461e-13,4.611878261075478e-13,5.503099896343145e-13,0.05880100403731697,0.00010307519632126867,7.678150159404337e-05,0.0001227310949532978,0.4457871006158446,0.5947544388267321,0.5086707285563221,0.7221810764420652,0.3589890784280223
ds004444,sub-018,ses-16,C3_BLOCK_SUBSAMPLE_EMPIRICAL,100,10.0,0.9208333333333333,0.9811666666666667,19,0.0003874480961589,0.00032579723442044504,0.00044028180960853494,0.2954836429126597,6.777420794263306e-13,6.354211997959335e-13,7.102225065853202e-13,0.04458450896991476,9.141573094754014e-12,7.68305465220453e-12,1.1874953595527494e-11,0.4133381383891351,5.148320324903057e-13,4.617967418847747e-13,5.481206927888954e-13,0.056985823545207544,0.00010803756984810999,7.482197405813686e-05,0.00011325541218884549,0.35574141318617936,0.6869130360728282,0.6152217400259691,0.7703829065730018,0.2258818196752875
ds004444,sub-018,ses-16,C4_LOSO_SHRINKAGE,100,10.0,0.9375,0.9841666666666666,15,0.0004302162285044283,0.000390529122232545,0.0004691472506130235,0.18274096370339102,7.000914376932571e-13,6.465400651439505e-13,7.290094105292256e-13,0.04850877050305743,9.12496593713356e-12,7.948637522716902e-12,1.1435587942783166e-11,0.3443913235577206,5.152489988257664e-13,4.603941166015936e-13,5.447627885919081e-13,0.055679741122215215,0.00011241627899581754,8.56740932046288e-05,0.00013017034330939893,0.3958167812208839,0.5699673681509079,0.5012420842705001,0.6656837957083204,0.28851074750299255
ds004444,sub-019,ses-01,C0_CURRENT_OVERLAP_EMPIRICAL,100,10.0,0.9416666666666667,0.9859166666666667,14,0.0008232859058380625,0.0007545130338739,0.0009454721217253381,0.2319474756768782,1.3710961857825706e-12,1.1977200224403925e-12,1.5743586099372315e-12,0.1588457649905632,1.8671192376094712e-11,1.525273377050329e-11,2.1738872654333148e-11,0.32972779482915826,8.380103877167882e-13,7.388436871399884e-13,9.703609435995111e-13,0.125960798702078,7.443728969253062e-05,7.204436224536499e-05,7.9255722590982e-05,0.09687832910797542,0.09317004826215727,0.05021802032338918,0.5063578619525858,4.895777668171182
ds004444,sub-019,ses-01,C1_NONOVERLAP_EMPIRICAL,100,10.0,0.9375,0.9832083333333334,15,0.0008233501836777,0.0007441642841732,0.0009267871187947748,0.22180457115347874,1.4082228343563458e-12,1.2141115378354557e-12,1.5034557894916525e-12,0.1201484545069231,1.9586669524567025e-11,1.5176344492068824e-11,2.1638379642438677e-11,0.3138941509047108,8.414743114158634e-13,7.519353720803328e-13,1.0065715947688031e-12,0.13827845499114613,7.411694056610958e-05,7.207697207064916e-05,8.124964754863808e-05,0.1237594979523977,0.4595072953883393,0.38666466347523126,0.5328259080764969,0.31808253333045255
ds004444,sub-019,ses-01,C2_NONOVERLAP_HARRELL_DAVIS,100,10.0,0.95,0.9840416666666667,12,0.0008267351110555663,0.0007429363233780796,0.000925588115346572,0.22093145592226412,1.4099698173659346e-12,1.2176703724669605e-12,1.5616240047210027e-12,0.1427211369103282,1.9489398640013173e-11,1.5291868449094183e-11,2.213437937711548e-11,0.3339537215435278,8.591576483408288e-13,7.448771738405573e-13,9.87661244189108e-13,0.13058821050770975,7.55416694679835e-05,7.205808276323449e-05,8.253895360245683e-05,0.13874290539635875,0.461677264701834,0.3952358950279818,0.6044611886419357,0.45318517850045115
ds004444,sub-019,ses-01,C3_BLOCK_SUBSAMPLE_EMPIRICAL,100,10.0,0.925,0.9842916666666668,18,0.0007769458936733,0.000641912290651785,0.00098563167407554,0.4423980946167255,1.364717439608676e-12,1.0948088020057211e-12,1.6723019434266608e-12,0.24421232395381068,1.7758360125978856e-11,1.3438932712895347e-11,2.156482496324374e-11,0.433187773119606,8.615540104086897e-13,7.171670697526545e-13,1.0405123591968504e-12,0.17369643192528592,7.439351461051333e-05,7.128901509117262e-05,7.895877958342857e-05,0.10309721794048486,0.4593749056204275,0.37373354488685184,0.6234755487542989,0.5436561745348371
ds004444,sub-019,ses-01,C4_LOSO_SHRINKAGE,100,10.0,0.9583333333333334,0.984625,10,0.0008130567872262298,0.0007429995854325615,0.0009046706354134365,0.1988434907893428,1.386601376384394e-12,1.1793156864845914e-12,1.526952214080755e-12,0.1456617477204422,1.9121864344823393e-11,1.586744207777557e-11,2.197094133702833e-11,0.3033267273180362,8.200697277320201e-13,7.221383837431706e-13,9.17287033639223e-13,0.10722042508735434,8.486339233597842e-05,8.226994913685027e-05,8.95767117115599e-05,0.08610028762085656,0.43844314048318106,0.3670740515504982,0.5223340058457928,0.3541165089818445
ds004444,sub-019,ses-16,C0_CURRENT_OVERLAP_EMPIRICAL,100,10.0,0.9458333333333333,0.9860416666666666,13,0.000647070317726,0.0005729419810426043,0.0007421724404456338,0.2615333364945913,1.3445845683239017e-12,1.171606400084789e-12,1.5149892152302754e-12,0.1464578500535658,1.342992639294587e-11,1.191043418573226e-11,1.4239302019932101e-11,0.16139152555471925,4.900137278619982e-13,4.1224324911722327e-13,6.221254048224196e-13,0.14085920940228758,0.0001159883602655,0.00010088808117295153,0.0001345797647058,0.290474692160944,0.2973130940667834,0.24773122507198225,0.4409282783792109,0.6498101064569404
ds004444,sub-019,ses-16,C1_NONOVERLAP_EMPIRICAL,100,10.0,0.95,0.9894583333333334,12,0.0007246279911773249,0.00061337605851888,0.0008570068478862112,0.3362149847886527,1.3070525234533762e-12,1.1724209503475056e-12,1.4208370566223593e-12,0.1076768316930232,1.3662694148490454e-11,1.1901904168598364e-11,1.5596455847221773e-11,0.25196949763858834,4.881769295067178e-13,4.069253165599908e-13,6.337061318182878e-13,0.15238834224736134,0.00011772629402605001,0.00010001633632866457,0.0001391229427603275,0.3321824272394674,0.3527106463074319,0.29898355467437354,0.4747798051671724,0.49841492547143534
ds004444,sub-019,ses-16,C2_NONOVERLAP_HARRELL_DAVIS,100,10.0,0.9458333333333333,0.9913333333333334,13,0.0007421155340422646,0.0006265967644561925,0.0008675806495885388,0.32472556327583413,1.30544329627771e-12,1.1914535083152268e-12,1.5302825980603787e-12,0.1469691708714822,1.3577481055036917e-11,1.1990898968515498e-11,1.554913980147887e-11,0.244091610857138,4.959831520710405e-13,4.12002028292219e-13,6.30772999428563e-13,0.14623892711189776,0.00011830945815280639,0.00010174415294773261,0.0001451919202559004,0.36723832244090837,0.3476050223916607,0.29762239003516977,0.4882556523857363,0.5484191828943826
ds004444,sub-019,ses-16,C3_BLOCK_SUBSAMPLE_EMPIRICAL,100,10.0,0.9291666666666667,0.9832500000000001,17,0.000763394847442325,0.0006153471204893586,0.00088355954587295,0.3513416758455569,1.3296083673367453e-12,1.1432044582038468e-12,1.5179941281392779e-12,0.16088097690166614,1.4556547905814382e-11,1.1610720969163434e-11,1.6852630544927283e-11,0.3369584053930528,4.5209613628787844e-13,3.7665349086834787e-13,6.292132276903788e-13,0.17392769701024874,0.00010976504037531011,9.480150698100256e-05,0.00014244775536503774,0.4340748911224156,0.37331737527587977,0.2989378314468039,0.6078537818686487,0.8274888094686991
ds004444,sub-019,ses-16,C4_LOSO_SHRINKAGE,100,10.0,0.9416666666666667,0.9886666666666668,14,0.0007360703854142813,0.0006155606409715396,0.000853366496052735,0.3230748845088728,1.2960379493378119e-12,1.1631069797230288e-12,1.3809265803224517e-12,0.09486759600913527,1.3552923578486792e-11,1.1758518537268916e-11,1.527116913154064e-11,0.24137078541829116,4.871559087186628e-13,4.0576896915277123e-13,6.331521288926164e-13,0.15289799704710122,0.00012546561841692838,0.00010643207594880795,0.00014336904790559428,0.29439915196244293,0.3494731273906645,0.2860529094197397,0.4694346545943808,0.5247377575017947
ds004444,sub-020,ses-01,C0_CURRENT_OVERLAP_EMPIRICAL,100,10.0,0.9208333333333333,0.97925,19,0.0014263714624516998,0.0013012208342519636,0.0015320198742383032,0.16180850914377184,1.4156672744505885e-12,1.2766013171480215e-12,1.512535214739169e-12,0.09766820956118948,2.631331537613994e-11,2.3968649883830495e-11,2.860705490070619e-11,0.169822116172966,5.140225509138383e-13,4.565040469107982e-13,6.015638124435612e-13,0.09581083547613432,0.0001037550008392,8.982384048599979e-05,0.00012733520346372245,0.3615378758882193,0.4581191999392241,0.41679208804660994,0.5258760125851749,0.23811253611024896
ds004444,sub-020,ses-01,C1_NONOVERLAP_EMPIRICAL,100,10.0,0.9166666666666666,0.9764583333333333,20,0.0014603103203487,0.0012861248328422,0.00160646095296424,0.2193616763772421,1.4463240759166441e-12,1.2681738739781363e-12,1.549185208679564e-12,0.11487085356674666,2.63751744056518e-11,2.362590435299937e-11,2.926502482812742e-11,0.20599395611389473,5.34763454791021e-13,4.249804560920524e-13,6.312551157350174e-13,0.13440159719665212,0.00010567920219726017,8.605477084000931e-05,0.00013218248285947016,0.4364880754575632,0.4937910780579774,0.4202970507708895,0.6154082516181331,0.39512905258271974
ds004444,sub-020,ses-01,C2_NONOVERLAP_HARRELL_DAVIS,100,10.0,0.9208333333333333,0.9773333333333334,19,0.0014697269790145137,0.0013020918291229188,0.0016079948213545273,0.20813593027229296,1.415530378943514e-12,1.2873447662497278e-12,1.5344712671818212e-12,0.10230734545353956,2.6479998765686394e-11,2.388441198930629e-11,2.9074268127500587e-11,0.18885940215815236,5.257132516358815e-13,4.411105094928745e-13,6.190874626659456e-13,0.11665164013109465,0.00010591093150424454,8.526960793905206e-05,0.00013562421359971326,0.47544294502971324,0.49627185918868844,0.42894700896343835,0.6347198794437091,0.4146373941417034
ds004444,sub-020,ses-01,C3_BLOCK_SUBSAMPLE_EMPIRICAL,100,10.0,0.8875,0.967,27,0.0013770581574024375,0.0011937469559425294,0.001676616637855825,0.3506530780613404,1.4823256860800307e-12,1.2877058931755954e-12,1.7000248923460855e-12,0.16610189447848175,2.4223085089730975e-11,2.2182685106509883e-11,2.9257368947979417e-11,0.2804844774658369,4.94641374624796e-13,4.1204362412812185e-13,6.360184572220849e-13,0.14985188881860578,0.00010013947444871341,8.644882330281543e-05,0.0001242159114976,0.377144857465596,0.5562590906487549,0.47231547770874804,0.7172536974589242,0.4403311763661585
ds004444,sub-020,ses-01,C4_LOSO_SHRINKAGE,100,10.0,0.9125,0.9767916666666667,21,0.0014101685878687748,0.001257098950182649,0.0015442986261170475,0.2036633620982776,1.4167407463908732e-12,1.2697533827855153e-12,1.504814452978339e-12,0.09726366824569853,2.568872956288461e-11,2.29967234340522e-11,2.8407632354408317e-11,0.20274134471657065,5.31929648197184e-13,4.599904098156612e-13,6.243302483789055e-13,0.10727636138946973,0.00011304759586162154,9.558118503393088e-05,0.00014214179778817797,0.4118673377129871,0.4688548779199798,0.414047716885233,0.6021854400865779,0.4012706960319893
ds004444,sub-020,ses-08,C0_CURRENT_OVERLAP_EMPIRICAL,100,10.0,0.8916666666666667,0.9712083333333333,26,0.001584856723887125,0.0013229841348390058,0.0017318061018654297,0.2579551580951525,1.361062713241127e-12,1.2607331323215374e-12,1.4792990897523537e-12,0.09257100889572811,3.321590284186322e-11,2.9160308644917183e-11,3.5825625165681196e-11,0.19480171403248742,4.265506833150515e-13,3.73752668796499e-13,5.130768658048178e-13,0.09766508728912032,9.179595403982588e-05,7.525000027466254e-05,0.00015445471915306178,0.8628345208025353,0.1373907791032666,0.09208880998476321,0.3909983186773033,2.1756155008459195
ds004444,sub-020,ses-08,C1_NONOVERLAP_EMPIRICAL,100,10.0,0.8875,0.9734166666666667,27,0.0016092419415936502,0.0012899767368426999,0.0019074915893428834,0.38373027458190745,1.4059849667484146e-12,1.253065844499554e-12,1.4932385411924118e-12,0.09982302467061586,3.3553032220740186e-11,2.926767650049642e-11,3.7094265105881494e-11,0.22650945813916812,4.565277727163817e-13,4.011425227666606e-13,5.563649146546932e-13,0.1065701559528435,9.334391622796994e-05,7.5012253902495e-05,0.00016526950247192242,0.966932299926903,0.2256278437757568,0.1821426593973882,0.4533545067000174,1.2020318182492349
ds004444,sub-020,ses-08,C2_NONOVERLAP_HARRELL_DAVIS,100,10.0,0.8916666666666667,0.9734583333333334,26,0.0015701391213240987,0.0012791893104995829,0.0018968404919976795,0.39337353787087204,1.3851730033092188e-12,1.2476747086024039e-12,1.4708947108816022e-12,0.09358650377540755,3.289901680767423e-11,3.013779392832616e-11,3.62323676678431e-11,0.17978615055694533,4.655359585821622e-13,3.881401295258861e-13,5.366745728031244e-13,0.10135161979985703,9.751190831103337e-05,7.407910648244582e-05,0.00016192806690948767,0.9009049361020135,0.24295426945175858,0.18067212299811192,0.4710888641379501,1.1953555777965386
ds004444,sub-020,ses-08,C3_BLOCK_SUBSAMPLE_EMPIRICAL,100,10.0,0.8791666666666667,0.9685416666666666,29,0.001694541935361925,0.0013353912579703656,0.0020742364897522,0.4360147222842349,1.3471498014079014e-12,1.2218183071062567e-12,1.4996974016197435e-12,0.1183900125790034,3.2056827546006026e-11,2.622888226546132e-11,3.5817508127789286e-11,0.2900649146982792,4.351142005659372e-13,3.651771856462991e-13,5.89965649099133e-13,0.1566345475253388,9.46979684138248e-05,7.24440291371022e-05,0.00016037943914733375,0.9285881265939163,0.48447318509233983,0.4245097532836699,0.6975192373847164,0.5635182555014843
ds004444,sub-020,ses-08,C4_LOSO_SHRINKAGE,100,10.0,0.9,0.9695833333333332,24,0.0015113074042556844,0.0012261926826263594,0.001818435915511893,0.39187476407907723,1.3862749987708564e-12,1.246078067278635e-12,1.4496201103386305e-12,0.08529697673773459,3.221667649460013e-11,2.9993212596207116e-11,3.5395354303752626e-11,0.1626334202467158,4.607649606805856e-13,3.8634995045153165e-13,5.346906838622209e-13,0.10155003536063448,0.00010233177189237297,8.465804212552483e-05,0.00015379645668680663,0.6756299886839433,0.22806371998365838,0.1752865356215235,0.43488272683902257,1.1382616719352026
ds004444,sub-021,ses-01,C0_CURRENT_OVERLAP_EMPIRICAL,100,10.0,0.9583333333333334,0.9885833333333333,10,0.001327389213129475,0.00119807521732455,0.0014140739148954756,0.16272446338399807,1.5387765456903572e-12,1.4562392199290535e-12,1.6203435827164028e-12,0.06463915190406219,1.6514404841102675e-11,1.5547098993106422e-11,1.7707695486251205e-11,0.12336111405134999,8.614441513808799e-13,7.745052370048995e-13,1.0481752130026553e-12,0.14702024543402958,6.43782420080877e-05,5.963993725490161e-05,8.207784462500915e-05,0.3485324594411302,0.00043160146921344,0.0002200900261935287,0.8166032685492635,1891.5208470428604
ds004444,sub-021,ses-01,C1_NONOVERLAP_EMPIRICAL,100,10.0,0.9458333333333333,0.9863333333333333,13,0.0013006838181662626,0.0011650694069883893,0.0014680151434452928,0.23291266639350638,1.5173402251877944e-12,1.4234855730370769e-12,1.6359291272499581e-12,0.08439207068128142,1.7185597485316584e-11,1.6125003838461612e-11,1.8968073948815876e-11,0.15633635972916568,8.394741034527869e-13,7.426090896635674e-13,9.738638812820469e-13,0.12571788381494603,6.282636255436022e-05,5.868242048523647e-05,7.474495454337337e-05,0.25566550647546016,0.6042224871001679,0.4911572481481317,0.8184942192886939,0.5417490711261043
ds004444,sub-021,ses-01,C2_NONOVERLAP_HARRELL_DAVIS,100,10.0,0.95,0.987625,12,0.0013289147819329334,0.001174336926896925,0.0014666261163140874,0.21994577317597147,1.5176976656647918e-12,1.4019708718218932e-12,1.6558395926486697e-12,0.10083368002795648,1.7183651410560654e-11,1.603506148345697e-11,1.8831204004292623e-11,0.1537723341535088,8.319346128521696e-13,7.195649630314271e-13,9.6483755312031e-13,0.1338871968290472,6.594732133623037e-05,5.982070770978249e-05,7.300231344018885e-05,0.19988083311708024,0.6026464047266269,0.512758260995254,0.8300089035391769,0.5264291631961333
ds004444,sub-021,ses-01,C3_BLOCK_SUBSAMPLE_EMPIRICAL,100,10.0,0.9083333333333333,0.977375,22,0.0012861977385071502,0.0011160835066933682,0.001592144568229958,0.3701305381853716,1.5238834021332337e-12,1.3333897672055717e-12,1.6875417937664593e-12,0.14032028035112543,1.6457850104222825e-11,1.5209379627059814e-11,1.8589251890711377e-11,0.19360186068008553,8.656156702454808e-13,7.532018622839077e-13,1.0845946324538697e-12,0.17763185389966027,6.35645288776985e-05,5.9236765293354675e-05,7.712639169909164e-05,0.2814403951410881,0.5985672504103875,0.48973184938101344,0.8167760242781827,0.5463783303754024
ds004444,sub-021,ses-01,C4_LOSO_SHRINKAGE,100,10.0,0.9333333333333333,0.9847916666666667,16,0.0012686800725749028,0.0011558887435880682,0.0014261886939132534,0.21305603828357653,1.4741492586829853e-12,1.3355406110695427e-12,1.5920240296654665e-12,0.10366529735253423,1.6916890850264993e-11,1.586653153850903e-11,1.8684612142009444e-11,0.15728625167456078,7.974760566619362e-13,6.925784025273832e-13,9.105000781431703e-13,0.12123759579890367,7.387496112988102e-05,7.030355014607768e-05,8.331301356885542e-05,0.1761011179932052,0.5863963951066229,0.4728387535697646,0.7973298901202064,0.5533648215741283
ds004444,sub-021,ses-16,C0_CURRENT_OVERLAP_EMPIRICAL,100,10.0,0.9291666666666667,0.9807083333333334,17,0.001234634246187325,0.0011705987275517275,0.0013906827370489187,0.1782584680431264,1.625979287729023e-12,1.5204572538606833e-12,1.769956332014489e-12,0.09501182256832469,1.859265662031086e-11,1.7265818897729398e-11,2.021687049841446e-11,0.15062028891099108,1.0314241936523673e-12,9.362386227778757e-13,1.148158779707594e-12,0.10432097717055336,5.916840665293347e-05,5.590120958266567e-05,7.104720918287953e-05,0.2559811933600844,0.12900100013104077,0.08471858149099921,0.733302271833889,5.0277415654066475
ds004444,sub-021,ses-16,C1_NONOVERLAP_EMPIRICAL,100,10.0,0.9375,0.9823333333333334,15,0.0012248995056097,0.0011540163190405,0.0014538797971822,0.24480659558078172,1.6836896175342536e-12,1.5508710417572555e-12,1.800009268312839e-12,0.09283421783495557,2.0082530847219108e-11,1.730983304619157e-11,2.248539280805911e-11,0.24549043942464918,1.0549664085242217e-12,9.35363227247503e-13,1.1392030493115244e-12,0.09919374896760931,5.938621979095131e-05,5.5706359015793146e-05,6.955749291218436e-05,0.23323817733998176,0.4859662151059418,0.420280040196995,0.7644758845365927,0.7082711382803718
ds004444,sub-021,ses-16,C2_NONOVERLAP_HARRELL_DAVIS,100,10.0,0.9375,0.985375,15,0.0012811738240067296,0.0011214757791293377,0.0014029609841638402,0.219708832275764,1.6710115916327673e-12,1.573865607239555e-12,1.8373077245722938e-12,0.09863009136987641,2.0024336006711276e-11,1.7775192832835154e-11,2.2285315515455568e-11,0.2145191496740119,1.034589659088459e-12,9.356692844923052e-13,1.1558515089452624e-12,0.10821947485548694,6.004179847831766e-05,5.58307432891313e-05,7.528679555272931e-05,0.32404179142938566,0.5004821202263284,0.40491230821345736,0.7892553219675372,0.7679455433482899
ds004444,sub-021,ses-16,C3_BLOCK_SUBSAMPLE_EMPIRICAL,100,10.0,0.9291666666666667,0.9806666666666667,17,0.0012248995056097,0.001128813005183165,0.001504357642789455,0.30659220252747865,1.5191556304063617e-12,1.3847933280009988e-12,1.7700433109788368e-12,0.1529282186173205,2.032645234366612e-11,1.637941168977871e-11,2.297529041478318e-11,0.3092815728896149,1.024990582158332e-12,9.13098685255873e-13,1.1541268413750393e-12,0.11902680350358319,5.704639356069271e-05,5.221426844434264e-05,7.578028864576172e-05,0.4131027102220589,0.5232036910694785,0.4508632903376883,0.7832641123426741,0.6353181899861818
ds004444,sub-021,ses-16,C4_LOSO_SHRINKAGE,100,10.0,0.9416666666666667,0.98075,14,0.0011973267589092532,0.0011426842784812176,0.0014123872759180753,0.22525429687823792,1.6069535480264528e-12,1.488963752166335e-12,1.774538976178922e-12,0.10954365651385564,1.976143599789143e-11,1.7136030342549978e-11,2.1913290979220746e-11,0.23010261126234025,1.0084299679936126e-12,9.19888894143383e-13,1.1149103676563458e-12,0.09710145567474578,7.055076644851309e-05,6.705968905850165e-05,8.550002224338174e-05,0.26137679081007276,0.4669266522694828,0.3948451899852192,0.7195309821125169,0.6953678710531448
ds004444,sub-022,ses-01,C0_CURRENT_OVERLAP_EMPIRICAL,100,10.0,0.8791666666666667,0.9699166666666666,29,0.0011431988117773626,0.0010261687329958732,0.0012732655776991463,0.21614512011516152,6.670497259015448e-13,6.155268460165666e-13,7.442263663001018e-13,0.07720196841395012,7.813965828328204e-12,6.867276876350922e-12,1.0905424901096415e-11,0.4581533560938971,3.134933589454458e-13,2.8531369860281126e-13,4.231034936287852e-13,0.10490330543932112,0.000107363790341,9.213296097505263e-05,0.0001231982642862,0.2893461838775824,0.0006636329609528192,0.0003858356355712535,0.7261427620968725,1093.6119332072878
ds004444,sub-022,ses-01,C1_NONOVERLAP_EMPIRICAL,100,10.0,0.9041666666666667,0.9745833333333334,23,0.00114514611138355,0.0009987389349948176,0.0012542675141908877,0.22314059003719913,6.827553417046629e-13,5.992216153833429e-13,7.779966546070532e-13,0.10623947212825831,8.544553418652463e-12,6.685194293047645e-12,1.1649051614418768e-11,0.5200722447286528,3.1710617366651605e-13,2.729985920434181e-13,4.1160387217488806e-13,0.10523470537354268,0.00010583628519104008,7.889070183871288e-05,0.00012265587167156002,0.4135176262123248,0.6291514524235627,0.556724762923399,0.7488598277462725,0.30538762023427274
ds004444,sub-022,ses-01,C2_NONOVERLAP_HARRELL_DAVIS,100,10.0,0.9041666666666667,0.9761666666666666,23,0.0011174657845676001,0.001004743420795522,0.0012488786205467873,0.21847219208350127,6.787729203533633e-13,6.040043542933037e-13,7.702477438478706e-13,0.09902672811732902,8.388465328442377e-12,6.758409699938473e-12,1.2580406361197286e-11,0.6201222944948267,3.163231549931115e-13,2.7246183617433955e-13,4.140778801390056e-13,0.1075845573539327,0.0001051090606918411,7.84099574546248e-05,0.00012321256929711695,0.4262488040645298,0.630162980798979,0.5681018488343568,0.7326562054012683,0.2611298371700812
ds004444,sub-022,ses-01,C3_BLOCK_SUBSAMPLE_EMPIRICAL,100,10.0,0.9041666666666667,0.9734583333333333,23,0.001108049376288475,0.0009770741131831,0.0012210219698555,0.220159734460001,6.964906765476575e-13,6.361755070659872e-13,8.340324577244072e-13,0.11662719600738215,7.45382228879832e-12,6.43572757086867e-12,1.2774798205243849e-11,0.7498466868382982,3.1946499373996315e-13,2.7791539452174907e-13,4.809043894473561e-13,0.15384189492609732,9.886543450063996e-05,8.012801724269469e-05,0.00012402186160060018,0.44397563350258407,0.7582858923553653,0.6580249464613237,0.8815458492106022,0.29477127954298304
ds004444,sub-022,ses-01,C4_LOSO_SHRINKAGE,100,10.0,0.9083333333333333,0.9744583333333333,22,0.0011304768932350858,0.0009792549783654266,0.001234616077351133,0.2258879418835813,7.064352328044661e-13,6.346612118889917e-13,8.205398018361071e-13,0.10892800756441866,9.134310239269975e-12,7.310954419639274e-12,1.3185285516816793e-11,0.5796478456338116,3.3821889035140523e-13,2.893053352100439e-13,4.565592744790992e-13,0.12498249761302933,0.00011231574564693581,9.221155749378147e-05,0.0001289869805239065,0.3274289147160144,0.6048412495196006,0.5336687216695539,0.6953843392600833,0.26736869834639376
ds004444,sub-022,ses-16,C0_CURRENT_OVERLAP_EMPIRICAL,100,10.0,0.9833333333333333,0.996875,4,0.00093197227605265,0.0008447403052407625,0.0010122340246424,0.1797196370811953,4.785417722372966e-13,4.437640358410323e-13,5.121555011627259e-13,0.04625602509573005,7.781198597939175e-12,6.331170801756215e-12,1.0700195992836307e-11,0.4975431477094074,2.1052707892650143e-13,1.9585741824076912e-13,2.270963019010272e-13,0.025806018059472743,9.317146364537806e-05,8.7960794995044e-05,0.00010440702658876804,0.17651575679657286,2.9607279387387853e-06,1.8993012863183747e-06,0.711037394080823,240155.55273439668
ds004444,sub-022,ses-16,C1_NONOVERLAP_EMPIRICAL,100,10.0,0.9875,0.9959583333333334,3,0.0009607843902791,0.0008600979107239125,0.0011002689651834238,0.24997393446387034,4.794614840701764e-13,4.205642925903327e-13,5.392078218373471e-13,0.08019372624734492,9.701375438369185e-12,6.901832027858069e-12,1.1998378174519506e-11,0.4762515039317333,2.1488537998821975e-13,1.9493469697745604e-13,2.3087580274825025e-13,0.029583947887448215,9.323398031586502e-05,8.653370107575781e-05,0.00010890353757529747,0.23993222410779028,0.517996911793146,0.46916516697580385,0.6923355249723679,0.43083337548014744
ds004444,sub-022,ses-16,C2_NONOVERLAP_HARRELL_DAVIS,100,10.0,0.9833333333333333,0.9954583333333334,4,0.0009768839655313153,0.000847441325415301,0.0010915818065829685,0.24991758441338,4.788532344484069e-13,4.269812452201194e-13,5.430380913726538e-13,0.07847759564580602,9.385344787431208e-12,7.09873848753857e-12,1.307143856914862e-11,0.5751085018225365,2.1442728378183915e-13,1.9705968355093064e-13,2.3240753615681177e-13,0.02910660282252935,9.560153040532138e-05,8.730163248026785e-05,0.00010645514322915726,0.20034732150559767,0.525091641457504,0.4780750089521291,0.7118492574197165,0.4452065696918196
ds004444,sub-022,ses-16,C3_BLOCK_SUBSAMPLE_EMPIRICAL,100,10.0,0.9791666666666666,0.9937916666666666,5,0.0009607843902791,0.0008062851562539156,0.0011849563756836325,0.39412715575613044,4.862707746104025e-13,4.1526026488670717e-13,5.482902063048101e-13,0.08950585834736217,1.0763026025576417e-11,8.436961663054733e-12,1.3209504209843735e-11,0.40572404893196995,2.0544661517693065e-13,1.8226400477436837e-13,2.2450115674974095e-13,0.03503859187424337,0.0001023422095063,8.764818274967466e-05,0.00011224658612189854,0.24035442707884108,0.556201470753523,0.4906578477152386,0.7814878863053087,0.5228861372760135
ds004444,sub-022,ses-16,C4_LOSO_SHRINKAGE,100,10.0,0.9833333333333333,0.9931250000000001,4,0.000955535794208534,0.0008411671558835208,0.0010869516305987306,0.2572216299459199,5.157958906033691e-13,4.611956056167065e-13,5.681258098772742e-13,0.07054393333788736,1.0111617706919073e-11,7.170053437498602e-12,1.1909793145085852e-11,0.42655712539821006,2.35836273799332e-13,2.2022352376473898e-13,2.49054058741004e-13,0.023328765781919704,0.00010200871441247319,9.624930966420483e-05,0.00011516398506204508,0.1854221506599567,0.5085400197897599,0.45701653428913525,0.6726784986748421,0.4240806150800905
ds004444,sub-023,ses-01,C0_CURRENT_OVERLAP_EMPIRICAL,100,10.0,0.9916666666666667,0.9972916666666667,2,0.0011414506988815126,0.001056841225168382,0.0012096192259180457,0.13384546591939775,8.083070731214671e-13,7.374243697844206e-13,8.778653367647743e-13,0.07766433537083225,2.534090401274789e-11,1.8303142811950668e-11,3.3525019767320485e-11,0.5778798232590298,3.8723592494417313e-13,3.5037624040870203e-13,4.3675109315937376e-13,0.06226399648217569,9.297849088273523e-05,8.458924044693749e-05,9.97409353780431e-05,0.16295913844478116,0.5548888462033141,0.49519350962583547,0.6697611491422895,0.31459929445432916
ds004444,sub-023,ses-01,C1_NONOVERLAP_EMPIRICAL,100,10.0,0.9708333333333333,0.9915833333333334,7,0.0010604441531045,0.0009442231712469987,0.0011686060634992163,0.21159331340903983,8.161125096717337e-13,7.318215116782078e-13,9.343332671880427e-13,0.11150837540700563,2.6213690159109008e-11,1.6832936914810495e-11,3.5868704476625995e-11,0.6994923309011005,3.899995562105787e-13,3.297518975405582e-13,4.2844308750063953e-13,0.07100087875505051,9.253585473411101e-05,8.063421199359205e-05,9.873220407415967e-05,0.19557815656419394,0.5560705643727524,0.5081339834257294,0.677138339000828,0.3039260957203006
ds004444,sub-023,ses-01,C2_NONOVERLAP_HARRELL_DAVIS,100,10.0,0.9708333333333333,0.9945,7,0.0010805541081040275,0.0009664604115780271,0.001201183378538481,0.21722463038438777,8.232333061717669e-13,7.486239965708886e-13,9.378865123552532e-13,0.10380597762431079,2.7418419425082387e-11,1.905994637529957e-11,3.592295705680566e-11,0.5933831304714512,3.930430987637512e-13,3.530213623395969e-13,4.474966874349024e-13,0.06781938418068123,9.378764426934702e-05,8.349539057828209e-05,0.00010069302156446815,0.18336776594397378,0.5587574713166095,0.4966713390191739,0.6748443400988903,0.3188735904677311
ds004444,sub-023,ses-01,C3_BLOCK_SUBSAMPLE_EMPIRICAL,100,10.0,0.9625,0.9899583333333334,9,0.001040201530752875,0.0009307286428619731,0.0011785705761798624,0.23826338046267184,8.603607463333511e-13,7.009752504710535e-13,9.67523588964568e-13,0.14327776965777408,2.534853878366945e-11,1.6581883094155947e-11,3.337546239763068e-11,0.6373628321993787,3.8338883033588e-13,3.475656876093151e-13,4.537972170956192e-13,0.07679079601973626,9.089340383001532e-05,8.505899457953768e-05,9.86138612954918e-05,0.1491292656634858,0.5555392484036865,0.47273458270744667,0.6977738799925756,0.4050826254515098
ds004444,sub-023,ses-01,C4_LOSO_SHRINKAGE,100,10.0,0.9666666666666667,0.991,8,0.0010444531787835352,0.0009352688948104276,0.0011555836844777585,0.21093792802947042,8.333112268900419e-13,7.649503567047056e-13,9.477627320220763e-13,0.09971704347629322,2.624905950752823e-11,1.9595442452911194e-11,3.420581545876858e-11,0.5361789826845549,3.9736194741774963e-13,3.505701441945558e-13,4.57419501618077e-13,0.07646505446994108,0.00010137101789694101,9.356249737907052e-05,0.00010891704485575594,0.1514688087755697,0.5312884697587101,0.48325519999471545,0.6566487237705564,0.3263641762341708
ds004444,sub-023,ses-16,C0_CURRENT_OVERLAP_EMPIRICAL,100,10.0,0.9666666666666667,0.993,8,0.0004498518272898875,0.00036972484204893,0.0005062796034410788,0.3035549770048994,4.833640218448897e-13,4.103078877285575e-13,5.673205729466753e-13,0.10584905856273763,1.7508765678586686e-11,1.1736504704180708e-11,2.8318040069041814e-11,0.8958747251333326,2.287778643333646e-13,1.930224832067801e-13,3.637583952297288e-13,0.13894774391592432,7.851593041885973e-05,6.877480021362589e-05,0.00011566340886545024,0.5971859188893426,0.31440127924151084,0.24815421327957446,0.4417432829388158,0.6157388103688918
ds004444,sub-023,ses-16,C1_NONOVERLAP_EMPIRICAL,100,10.0,0.9708333333333333,0.9935833333333333,7,0.0004557085212743,0.00038859450183394,0.0005321247312741048,0.3149605996478843,4.994558925138332e-13,4.252080295986713e-13,5.73909759073348e-13,0.0991704592426381,2.6212169576932302e-11,1.4239597926660522e-11,3.2348915754312926e-11,0.665485997963339,2.2607953955709425e-13,1.930224832067801e-13,3.024933655752907e-13,0.08928530232879962,7.766684519722244e-05,6.832690775921221e-05,9.592217746242424e-05,0.3553030804564703,0.3375304254373059,0.28190917986662845,0.4430506488818543,0.4774131659567367
ds004444,sub-023,ses-16,C2_NONOVERLAP_HARRELL_DAVIS,100,10.0,0.9708333333333333,0.9944583333333334,7,0.000452696379741685,0.00037772715939912867,0.0005331286026709379,0.3432796237893572,4.850046723191094e-13,4.1077309146114575e-13,5.899235079431684e-13,0.12063963152536494,2.2175637533184347e-11,1.4359738239973959e-11,3.213175269763369e-11,0.7668403698587638,2.214029206424897e-13,1.9085646271478129e-13,3.1772318005575996e-13,0.10386966921140443,7.761016959147694e-05,6.823915017231396e-05,9.79632722310754e-05,0.38299261336794044,0.34546249663048856,0.27763518421935884,0.4451352375155207,0.4848574155788533
ds004444,sub-023,ses-16,C3_BLOCK_SUBSAMPLE_EMPIRICAL,100,10.0,0.95,0.990125,12,0.0005181618693097,0.000334371900173115,0.0006431191812613,0.5958510241281356,4.550244322444855e-13,3.78332598124128e-13,5.676215027459151e-13,0.130093282577939,2.7857113311928877e-11,9.789441365674628e-12,3.70964824965298e-11,0.946284572392314,2.2716907038021612e-13,1.9188040795072178e-13,3.65759450002597e-13,0.14169118685333387,7.125625177386088e-05,6.458404419012732e-05,0.00011074508271912175,0.647817373662509,0.3403125770982544,0.2820875603915836,0.4424717104700666,0.4712848154057671
ds004444,sub-023,ses-16,C4_LOSO_SHRINKAGE,100,10.0,0.9708333333333333,0.9934166666666667,7,0.00047644313432716767,0.0004004187554040116,0.0005350531994065431,0.2825823986530517,5.256618800108199e-13,4.649360046155487e-13,6.086737114734621e-13,0.09421334356003834,2.5396920120910548e-11,1.2681735429134953e-11,3.140455440717998e-11,0.7092804346978945,2.439208173232846e-13,2.1777321391563147e-13,3.214083169641176e-13,0.08331326367822352,8.780565819555953e-05,7.88381348924511e-05,0.00010606903919291098,0.31012698441010045,0.323992428774745,0.27916203513748267,0.4103058289473928,0.4047742544647017
ds004444,sub-024,ses-01,C0_CURRENT_OVERLAP_EMPIRICAL,100,10.0,0.9166666666666666,0.9823749999999999,20,0.0014723733235880376,0.0013208002614921361,0.0016155364269801748,0.20017760480040236,1.342350042559395e-12,1.2435277296803833e-12,1.4368557373171056e-12,0.08253591654707605,1.7972790974780613e-11,1.6673521898189427e-11,1.9771774330157632e-11,0.16329977155635797,3.487362164235884e-13,3.2923885204072597e-13,3.9671913239143993e-13,0.05003222982300409,8.325894560158431e-05,6.216808422979827e-05,0.0001082396328831217,0.5533525288734166,2.4033691242739296e-05,1.0614261011066109e-05,0.5185614299422466,21575.99466798084
ds004444,sub-024,ses-01,C1_NONOVERLAP_EMPIRICAL,100,10.0,0.9041666666666667,0.9774583333333333,23,0.0015496097827557,0.0013337846737850251,0.0018080957202797,0.3060841842035319,1.3487643844800352e-12,1.2327353959116342e-12,1.5570418257397255e-12,0.13807533525755739,1.762102601231841e-11,1.595043730171476e-11,2.0258062024972242e-11,0.23133122312421722,3.614346916912983e-13,3.228945300957148e-13,4.0894343305054973e-13,0.06320457637812736,7.660654673075307e-05,6.08970918745735e-05,9.483179156175985e-05,0.442973880071658,0.36716712001330654,0.2886891795154314,0.6425767972248474,0.9638325395139601
ds004444,sub-024,ses-01,C2_NONOVERLAP_HARRELL_DAVIS,100,10.0,0.9,0.976625,24,0.0015786685244123522,0.0013280440416804718,0.0018052013375820656,0.3022529987902046,1.381645085786378e-12,1.2158228416311938e-12,1.576746191949583e-12,0.15154371760610943,1.7899128265269547e-11,1.6287685770470393e-11,1.9774784757359824e-11,0.1845111022024008,3.6629774487442984e-13,3.2841449236811187e-13,4.1961867727535493e-13,0.0667527888773799,7.81598569580377e-05,6.256364654678678e-05,0.0001124556818324854,0.6383332389432509,0.3831819644804413,0.29627494890974876,0.6192975489063604,0.8430005322243099
ds004444,sub-024,ses-01,C3_BLOCK_SUBSAMPLE_EMPIRICAL,100,10.0,0.8916666666666667,0.9707500000000001,26,0.0014659829862013625,0.0013172743820947662,0.0018840249481987409,0.3866010527079382,1.3492928629158144e-12,1.230858056995278e-12,1.7094804647388376e-12,0.20373041407426723,1.7083446819672074e-11,1.4764161386482813e-11,2.1776729897584265e-11,0.38778937339936936,3.498548251070323e-13,3.1948872181727846e-13,4.140912126313577e-13,0.0700834556831532,6.62944350347169e-05,5.383165331502512e-05,9.677187460133027e-05,0.6477198367570143,0.43811941223936185,0.3313822390555471,0.6865517899469347,0.8106683725224525
ds004444,sub-024,ses-01,C4_LOSO_SHRINKAGE,100,10.0,0.8958333333333334,0.9720416666666666,25,0.0015054991707868872,0.0013082095932956225,0.0017505046748362806,0.2937863333499513,1.3397978065340175e-12,1.2289456039582034e-12,1.5424141113629654e-12,0.13397247682230637,1.7444763882859422e-11,1.5992538386038083e-11,1.9848904073599366e-11,0.20907644641333548,3.892444710320754e-13,3.3932499174373206e-13,4.1982083968543193e-13,0.057942176211721166,9.14470504987302e-05,7.284365026228303e-05,0.00011059162264153665,0.4127850134104955,0.34849954625562074,0.272273470650016,0.5025440024038518,0.6607484406429442
ds004444,sub-024,ses-16,C0_CURRENT_OVERLAP_EMPIRICAL,100,10.0,0.9,0.9794166666666667,24,0.0007665070807437125,0.0006982095293057775,0.0008713572843640372,0.2258919182643025,7.634714834059104e-13,6.87126508241921e-13,8.391007684310515e-13,0.08617902904537611,1.1210675865552065e-11,1.0613856452958677e-11,1.2967455975430246e-11,0.1927493243114728,3.425803216575455e-13,2.5933524671147226e-13,4.177983072241281e-13,0.11802873761550284,8.975322499427489e-05,7.612411409933894e-05,9.976553227282521e-05,0.2634046621900175,0.42060852459289666,0.3014174570303971,0.6414280417018492,0.8083777783622836
ds004444,sub-024,ses-16,C1_NONOVERLAP_EMPIRICAL,100,10.0,0.8625,0.9609583333333334,33,0.0007183123099142,0.00059647581502493,0.0008365849987244,0.33426850695887655,7.347576407958396e-13,6.677614935434963e-13,8.594196641428657e-13,0.11048123731649574,1.1224960649507312e-11,1.0318341767874734e-11,1.4745557231948576e-11,0.36214557993299284,3.792747810319149e-13,2.710866937951753e-13,5.923990378217134e-13,0.23295745593647832,9.008661295490663e-05,7.73059929274451e-05,0.0001002779125658,0.2549981471148824,0.4668512895694358,0.3166038763511884,0.6388066177895594,0.6901614039340871
ds004444,sub-024,ses-16,C2_NONOVERLAP_HARRELL_DAVIS,100,10.0,0.875,0.9630833333333333,30,0.0007055553264808336,0.0006008659765080152,0.0008916214631251758,0.412094523692841,7.509064680561785e-13,6.69779369951825e-13,8.205125426117927e-13,0.0860886491711397,1.143219427619801e-11,1.0456857191966506e-11,1.3114122081276124e-11,0.2137406181302258,3.723151202483482e-13,2.821385917245339e-13,4.906804914043767e-13,0.15196356624133303,8.762919659682036e-05,7.765869590775915e-05,0.00010144717286562872,0.27146747442923913,0.4551182783015348,0.3174729365780356,0.6280447448282058,0.6823980118058917
ds004444,sub-024,ses-16,C3_BLOCK_SUBSAMPLE_EMPIRICAL,100,10.0,0.8166666666666667,0.9535416666666667,44,0.00060601754522245,0.0004518408348373,0.0007784891986817,0.5390080961855479,7.456574392527958e-13,6.465162603649119e-13,8.322958467770588e-13,0.10642385054175765,1.1167821513686322e-11,9.482516092560904e-12,1.3618535838353284e-11,0.33991456409351506,3.328691781378782e-13,2.419543993229671e-13,4.490885944047555e-13,0.15540474525127138,8.7726818951707e-05,7.554256317234768e-05,9.84213119706997e-05,0.260795373763082,0.5203332293803886,0.445760618494544,0.6728469374019342,0.43642478720293837
ds004444,sub-024,ses-16,C4_LOSO_SHRINKAGE,100,10.0,0.8666666666666667,0.964375,32,0.0007254435455932478,0.000601869312224721,0.0008220036644488492,0.30344794334156,7.50564089722249e-13,6.986443151500027e-13,8.648618704249095e-13,0.09495085398517422,1.1695124096714747e-11,1.0031975424228646e-11,1.3541643397043377e-11,0.27645794921555467,3.85711261594882e-13,2.857542361237122e-13,4.646089783498334e-13,0.12907071421233066,9.753278294745698e-05,8.379860875022669e-05,0.00010573454272138313,0.22490831373145068,0.4311780182735998,0.3052351541342405,0.6285625346976732,0.7498698144614566
ds004444,sub-025,ses-01,C0_CURRENT_OVERLAP_EMPIRICAL,100,10.0,0.95,0.9857916666666667,12,0.0004778024167766375,0.00044699040510041375,0.0005295629675338762,0.17281738091175453,9.182416643698653e-13,8.656505940508754e-13,1.016081399630544e-12,0.07842119602228766,6.620885995499959e-12,5.97743515690636e-12,7.329638924758363e-12,0.17743393204549474,4.14094218709575e-13,3.7703490865090204e-13,4.522858157831975e-13,0.05321491746212306,5.191459830624788e-05,4.973775484092402e-05,5.796580910963538e-05,0.15849210778211903,0.7852630035162997,0.7297731663459706,0.8803037903840917,0.19169453210437012
ds004444,sub-025,ses-01,C1_NONOVERLAP_EMPIRICAL,100,10.0,0.9375,0.9845833333333334,15,0.0004794904459739,0.0004197541141677125,0.0005249179654701,0.2193241845923822,9.114025390721028e-13,8.501487651675299e-13,9.827993581422369e-13,0.06939961115626785,6.695466164255742e-12,5.855707161286488e-12,7.420333308752788e-12,0.20331791655894058,4.2464192230247637e-13,3.654146277795032e-13,4.650075869702643e-13,0.06990736242676408,5.143434424353443e-05,4.774483633554521e-05,5.652546169603966e-05,0.17071521604716489,0.8342433692468155,0.788694020264848,0.8867114128189176,0.11749256412124161
ds004444,sub-025,ses-01,C2_NONOVERLAP_HARRELL_DAVIS,100,10.0,0.9458333333333333,0.9847500000000001,13,0.0004784745668485129,0.0004225709106795662,0.0005236456406960137,0.21124368317199296,9.150794291520196e-13,8.575786155167316e-13,1.0030563468694028e-12,0.07596433293478977,6.713055133717899e-12,6.136102272612415e-12,7.785212510498433e-12,0.21380765588941184,4.292995399306797e-13,3.864013986725138e-13,4.741440294346304e-13,0.06138855314147242,5.293643058778782e-05,4.8964532344482136e-05,5.75761249922592e-05,0.1626779967874471,0.8306854712443725,0.7868464196018394,0.8860785060851135,0.11945807398617948
ds004444,sub-025,ses-01,C3_BLOCK_SUBSAMPLE_EMPIRICAL,100,10.0,0.9375,0.9815833333333334,15,0.00047717332171959997,0.00043854785293568623,0.0005305597279746475,0.19282694706097372,9.41414055579748e-13,8.553993636184952e-13,1.1256348867660114e-12,0.13919520278059283,6.69737535915228e-12,5.880129996171989e-12,8.223546625745606e-12,0.30444359541168325,4.228380275641272e-13,3.746701415330781e-13,4.5284550341603264e-13,0.05494326154382403,5.8093203021285656e-05,5.0502510460059346e-05,6.812547356374395e-05,0.3033567075630303,0.8054854998549905,0.7187490438189654,0.8929581000054354,0.21627832681980758
ds004444,sub-025,ses-01,C4_LOSO_SHRINKAGE,100,10.0,0.9625,0.9927083333333333,9,0.0004944351391651309,0.00045088892315208427,0.0005440248936672151,0.18836842883785612,9.20387971846102e-13,8.673478902571798e-13,9.9791552082617e-13,0.06799023555822067,7.154500867270491e-12,6.534596038495083e-12,8.112580606399888e-12,0.19351087130768743,4.3388703898566585e-13,3.9917888297449763e-13,4.693781086897618e-13,0.048957291478778725,6.278378196668526e-05,6.094730979268764e-05,6.916788392185369e-05,0.1309346735848667,0.7962971945532018,0.7437731759371259,0.848703202590339,0.13177244296579127
ds004444,sub-025,ses-16,C0_CURRENT_OVERLAP_EMPIRICAL,100,10.0,0.9,0.9705416666666667,24,0.000455594278882425,0.0004122162146415475,0.0005020621199424057,0.19720595553579967,1.5693782830552215e-12,1.419653144351498e-12,1.7656101428778512e-12,0.1346461907956112,9.416659935443564e-12,8.073526197909851e-12,1.0553288454841433e-11,0.23805733049746416,5.282565856222733e-13,4.475198429632062e-13,6.534993905009673e-13,0.13478073608555113,8.364026596475228e-05,7.033778508583264e-05,9.909420050354713e-05,0.34381066035852126,0.012646710812002387,0.005457018351263519,0.7272336996949037,57.07228480322047
ds004444,sub-025,ses-16,C1_NONOVERLAP_EMPIRICAL,100,10.0,0.9041666666666667,0.9764583333333334,23,0.000455912024631925,0.0003980574193615375,0.0005523827932715961,0.338498142697932,1.6098259187868015e-12,1.433734129530283e-12,1.845850775872238e-12,0.15790963043754686,9.49955879713517e-12,7.767354886840848e-12,1.0949943015095325e-11,0.30311636800613506,5.380466185774324e-13,4.4189598629355513e-13,6.775389186543899e-13,0.153209226244901,8.368861872281932e-05,6.787252432593336e-05,9.865299052414683e-05,0.36779751297320756,0.47337111438910134,0.37507457875688716,0.7672503679988932,0.828474271708132
ds004444,sub-025,ses-16,C2_NONOVERLAP_HARRELL_DAVIS,100,10.0,0.9208333333333333,0.9775833333333334,19,0.0004634534201943949,0.00041470661238671413,0.0005351693009623724,0.25992404644506945,1.634962009769806e-12,1.4813501495646407e-12,1.8569561991101823e-12,0.1425470455182597,9.599448733400352e-12,8.217901606924709e-12,1.100984924165899e-11,0.26340498500987714,5.264396987445091e-13,4.4320416133483513e-13,6.833246182732715e-13,0.15730752884371038,8.609318045287942e-05,6.74865796177101e-05,9.870520149167188e-05,0.3626143365493862,0.5018289715025965,0.3783993264302405,0.7835471350355983,0.8073424047070071
ds004444,sub-025,ses-16,C3_BLOCK_SUBSAMPLE_EMPIRICAL,100,10.0,0.9,0.9765416666666666,24,0.0004727930855420375,0.00041048629902137813,0.0005639474679597974,0.32458420672099775,1.5874576958850934e-12,1.4025559205101572e-12,1.922460143562838e-12,0.20093245345788613,1.0129550333579247e-11,8.174762144293734e-12,1.1965982738336586e-11,0.3406445436168491,5.45101098010075e-13,4.557711370448598e-13,7.038540973059158e-13,0.16056098890911433,8.765950853742221e-05,7.427707204623448e-05,0.00010539844767789177,0.35502566459570994,0.4777496580294334,0.32622007091998995,0.807991462712919,1.0084180777419613
ds004444,sub-025,ses-16,C4_LOSO_SHRINKAGE,100,10.0,0.9125,0.981125,21,0.000481843621240041,0.00044137372865145645,0.0005739715579487595,0.2751885117434356,1.5778661236476609e-12,1.3907409451232916e-12,1.7912164574733723e-12,0.15535155556620256,9.887292585226934e-12,8.497091563929057e-12,1.0907875571482043e-11,0.22143099293796886,5.397703414870165e-13,4.568757950202394e-13,6.542211681604352e-13,0.1281654593694873,9.177336867924294e-05,7.820181220571596e-05,0.00010767959560632085,0.32120192931383773,0.43305175786219285,0.3426489334661081,0.6292124485889827,0.661730405014091
ds004444,sub-026,ses-01,C0_CURRENT_OVERLAP_EMPIRICAL,100,10.0,0.9625,0.9916666666666667,9,0.0014951365438618375,0.0013619461519046687,0.0016125334612497686,0.16760162154170086,1.4638505867314109e-12,1.3840526002712725e-12,1.5332998646427402e-12,0.06057480318620369,1.66830047128106e-11,1.5533002641485303e-11,1.7472442141997953e-11,0.10967816454335991,5.73773456828972e-13,5.276183286286014e-13,6.330029030409097e-13,0.0669629888310925,6.738144425116351e-05,6.23804591439689e-05,7.784248886663614e-05,0.2294701407046513,0.05638819632784839,0.02816361027380806,0.8257459586655611,14.144491228986292
ds004444,sub-026,ses-01,C1_NONOVERLAP_EMPIRICAL,100,10.0,0.9666666666666667,0.9915416666666668,8,0.0014884089053461,0.0013805454304967174,0.0016332938928825436,0.16981117306419455,1.442782580960554e-12,1.316721488349046e-12,1.5344454015444177e-12,0.0891294685381938,1.7147971257845052e-11,1.586130470887962e-11,1.8410652423455265e-11,0.1404756310418778,5.676610406062294e-13,5.18290920297264e-13,6.010264069142684e-13,0.052776387544216714,6.963049164568552e-05,6.265648996719312e-05,7.670060166323338e-05,0.20169484894360373,0.7900843320187713,0.7050378951351436,0.8720956767174625,0.21144297489769534
ds004444,sub-026,ses-01,C2_NONOVERLAP_HARRELL_DAVIS,100,10.0,0.9708333333333333,0.9927499999999999,7,0.0015147606721665147,0.001364012709430307,0.0016392672169603245,0.18171484935281215,1.4465321276378837e-12,1.3560949668874116e-12,1.582944140660421e-12,0.09272274465981824,1.7044805556031753e-11,1.5861857357519397e-11,1.8307644310800045e-11,0.1355396679496558,5.627440368445708e-13,5.14052480286208e-13,6.132956879610936e-13,0.0635057343589507,7.008283786228507e-05,6.299209059284514e-05,7.650122200616271e-05,0.19275947767845752,0.7949413267437968,0.7103548170784572,0.8715322607913465,0.20275388672129355
ds004444,sub-026,ses-01,C3_BLOCK_SUBSAMPLE_EMPIRICAL,100,10.0,0.9458333333333333,0.984125,13,0.0013541073435495623,0.0012051297558457726,0.0015528049338543182,0.2567559945730877,1.387955798772712e-12,1.2335458783327492e-12,1.7067795762315482e-12,0.19817523345365815,1.7418287080056478e-11,1.60704733894055e-11,1.879251508704128e-11,0.1477901656003199,5.487527260061031e-13,4.909952389755338e-13,6.252579845420852e-13,0.08669088571213421,6.978080125123981e-05,6.269733601129167e-05,7.936460468642712e-05,0.23885177781600128,0.827821211538045,0.7503476265971607,0.9188097720062681,0.2035006388588555
ds004444,sub-026,ses-01,C4_LOSO_SHRINKAGE,100,10.0,0.9458333333333333,0.9890000000000001,13,0.0014595745142372623,0.001306160796516217,0.0015958959428399744,0.1985065807186003,1.4171690696753427e-12,1.2597456850242106e-12,1.5505561314995274e-12,0.12031034573612863,1.6989256284226614e-11,1.5438102017619584e-11,1.86054184768855e-11,0.1760671152393938,5.563519354582101e-13,5.088753945773476e-13,6.040911758091242e-13,0.061178824058032724,8.003829360293856e-05,7.335755503744337e-05,8.758999419834006e-05,0.17782037000541182,0.7555524736774932,0.6883381355449556,0.8523327742777025,0.21705261308234533
ds004444,sub-026,ses-16,C0_CURRENT_OVERLAP_EMPIRICAL,100,10.0,0.9041666666666667,0.9718333333333333,23,0.0012443483216858001,0.0011125811511619175,0.0013432403919735763,0.18536549341249095,8.6489663115158e-13,8.138121268988239e-13,9.148514488921922e-13,0.05417958309623642,1.3472085021898644e-11,1.248995109467827e-11,1.504606627360421e-11,0.17662383651409722,3.9356377612973066e-13,3.0841523618115875e-13,4.69226846630348e-13,0.11539594613732188,0.00010198417277632,9.750324465705345e-05,0.0001165329456584077,0.186594647941079,0.1356094465136372,0.10148704764004136,0.6696943114279014,4.190027158075081
ds004444,sub-026,ses-16,C1_NONOVERLAP_EMPIRICAL,100,10.0,0.9125,0.9788333333333333,21,0.0012788872757068248,0.0011761228895203724,0.0014374496039870088,0.2043391307633937,9.082116051947016e-13,8.325093763069349e-13,9.594769983994614e-13,0.06653749602344106,1.3443379874815238e-11,1.2687218112601636e-11,1.535536971371306e-11,0.18473180268309983,3.9218829172349685e-13,3.1560370856271627e-13,4.826321450020682e-13,0.11997546411812915,0.00010175316280605,9.353928387808044e-05,0.00011914945794607248,0.2516892164336744,0.6195127325857939,0.5723803296940217,0.7279914500472365,0.2511830865904175
ds004444,sub-026,ses-16,C2_NONOVERLAP_HARRELL_DAVIS,100,10.0,0.9041666666666667,0.9767500000000001,23,0.001274866754806724,0.0011614085717247882,0.0014143391403063192,0.19839765013048666,8.94300861931338e-13,8.273505402122324e-13,9.583233941472521e-13,0.06914047106618854,1.3650028043779459e-11,1.2670391207690967e-11,1.53446203991136e-11,0.18254089230621884,3.8458937692896724e-13,3.051544221823894e-13,4.681573970174185e-13,0.11772658201131896,0.00010390073189489685,9.592543212154363e-05,0.00012065146612883463,0.23797747444479714,0.6315923643477326,0.5797810221098194,0.7333260835943244,0.24310784954285064
ds004444,sub-026,ses-16,C3_BLOCK_SUBSAMPLE_EMPIRICAL,100,10.0,0.8791666666666667,0.9710416666666667,29,0.0013038573599834,0.001182966560706,0.0015184679752252,0.2573145073677054,8.453876417582843e-13,7.809154905370639e-13,9.65400623786066e-13,0.09997093785304903,1.3443338399164842e-11,1.132803044327266e-11,1.553377234259395e-11,0.2911890439099924,4.036345886225037e-13,3.0221388156677377e-13,6.506045962770546e-13,0.24820613394272645,0.00010597344601196004,9.194535922781717e-05,0.00012585509601093002,0.3199833329879874,0.592965016805624,0.5252088744834411,0.6871627805261747,0.27312556635284535
ds004444,sub-026,ses-16,C4_LOSO_SHRINKAGE,100,10.0,0.9083333333333333,0.9737916666666667,22,0.0012554032192106058,0.0011000474479331893,0.0013310227455122193,0.18398494910685487,9.059155387105107e-13,8.358181697151116e-13,9.684651703348769e-13,0.06959752304108428,1.3537156316594864e-11,1.2832392770878235e-11,1.5375339933690848e-11,0.1749274140988438,4.02648217452183e-13,3.228917703916178e-13,5.014100144771765e-13,0.12727228528463483,0.00011138136505427085,0.00010621269147864598,0.00012549185974662267,0.1730915048984304,0.5930043946545531,0.5262668906502266,0.6682768994557575,0.23947547452496962
ds004444,sub-027,ses-01,C0_CURRENT_OVERLAP_EMPIRICAL,100,10.0,0.9041666666666667,0.9755416666666666,23,0.0005531673243807124,0.0005263873460828945,0.0006164377218380894,0.1627904824154582,7.707279259145561e-13,7.08115239687307e-13,8.1967198329043e-13,0.06300049938248167,9.228644679337228e-12,8.4365922960393e-12,1.0238270204291828e-11,0.1761404335309523,5.608808339680947e-13,4.2696835555309893e-13,6.907837274342203e-13,0.1690169846024991,9.27952433508811e-05,8.52986962394139e-05,0.0001052650388188975,0.21516558008065656,0.5173501577580533,0.4358315940144494,0.7659141836127445,0.6380254932714746
ds004444,sub-027,ses-01,C1_NONOVERLAP_EMPIRICAL,100,10.0,0.8916666666666667,0.9765,26,0.0005368629210989,0.00046849268904378496,0.0005943765971296849,0.23448054038403082,7.658104878585664e-13,7.059352604293926e-13,8.118896574528562e-13,0.06000326634822329,9.018102399603596e-12,8.226628474582353e-12,9.738110800074438e-12,0.15087511239173326,5.495849710900294e-13,4.068857670952997e-13,6.646188922793706e-13,0.16632397060664114,9.523895619134817e-05,8.515781033417246e-05,0.0001055624682993,0.2142469695896794,0.7327477286673933,0.6755182906958427,0.8305258849700702,0.2115429201751597
ds004444,sub-027,ses-01,C2_NONOVERLAP_HARRELL_DAVIS,100,10.0,0.8708333333333333,0.9769166666666667,31,0.0005319889289614455,0.00048401617082956917,0.000590033941525233,0.19928567066864944,7.633455217123798e-13,7.084356236965172e-13,8.180204109510909e-13,0.06214595262541412,8.94104985692307e-12,8.075002488834826e-12,9.871225027932726e-12,0.18068740876970743,5.503956577724873e-13,4.372681915070928e-13,6.728364016195801e-13,0.15194070554282715,9.659935900277434e-05,8.72744966109271e-05,0.00011042605389828044,0.23966574195407125,0.7345236933515054,0.6732018291892885,0.8241054897382597,0.20544423810240658
ds004444,sub-027,ses-01,C3_BLOCK_SUBSAMPLE_EMPIRICAL,100,10.0,0.8791666666666667,0.9618750000000001,29,0.0004709713608908,0.0004416049718352,0.0005458884154486,0.22142204824245623,7.547662614205855e-13,7.027592141132828e-13,8.260315127889721e-13,0.07024998222606198,8.515831039388154e-12,8.036880286618636e-12,9.857255616325398e-12,0.19129966916938954,5.616963918900292e-13,3.605577674465636e-13,6.946591513514086e-13,0.21393491439171586,9.496429434653224e-05,8.238610226596462e-05,0.00010913951066370151,0.28172070671520894,0.7774757972108961,0.6947372207651578,0.8781105517211509,0.23585728535034506
ds004444,sub-027,ses-01,C4_LOSO_SHRINKAGE,100,10.0,0.8791666666666667,0.9754583333333333,29,0.000556601752923303,0.0004885947014032061,0.0005968779525800308,0.1945434961596359,7.68667864132749e-13,7.265453352644419e-13,8.129359490873474e-13,0.048845018092340584,9.308898604636433e-12,8.545446244013912e-12,1.0139245876858893e-11,0.1546042592880066,5.148932932854556e-13,4.331432644587102e-13,6.852731847023507e-13,0.16643411213262987,0.00010342887566220934,9.452907208166802e-05,0.00011422214088163944,0.19040203698902627,0.7009649281015049,0.628016897518728,0.7897151647894909,0.23067954014258055
ds004444,sub-027,ses-16,C0_CURRENT_OVERLAP_EMPIRICAL,100,10.0,0.875,0.9696666666666667,30,0.0005355565500544249,0.00048701699663875254,0.0005949229765446663,0.20148382032385603,5.866852816256028e-13,5.186305186645264e-13,6.336288701164813e-13,0.07247710228592774,9.190010952476536e-12,8.012150406494903e-12,1.023208058428992e-11,0.21785356150726162,1.0480924140943967e-12,9.97811076039869e-13,1.1295729735843716e-12,0.06433396102527121,0.000257572443350825,0.000246194978816615,0.00026816032736316,0.085278332478094,0.3516548140712331,0.24946876924392683,0.6903313940867328,1.2536800498691563
ds004444,sub-027,ses-16,C1_NONOVERLAP_EMPIRICAL,100,10.0,0.9,0.973375,24,0.00054628639183225,0.0004783768764995675,0.0006128776171339537,0.2462092089408637,5.744581086355317e-13,5.157057369316114e-13,6.366170912914543e-13,0.0767955359984954,9.30563483081893e-12,8.026653910908394e-12,1.0306135601538045e-11,0.22118789652946727,1.0349108744689722e-12,1.004641162834003e-12,1.1338757286578062e-12,0.06350871060017707,0.00025835828839549,0.000245802978134559,0.00026735197894247,0.08340742949773973,0.5893390985831871,0.49741159849317934,0.7185438814669001,0.37522079139999903
ds004444,sub-027,ses-16,C2_NONOVERLAP_HARRELL_DAVIS,100,10.0,0.8958333333333334,0.9695833333333332,25,0.0005548508094408798,0.0004894169472095813,0.0006321117734412199,0.2571769267458662,5.76878605961168e-13,5.231789659165708e-13,6.366960106681369e-13,0.07198844877622847,9.232457513107578e-12,8.130334355603636e-12,1.0264608786031619e-11,0.2085788704906929,1.043695814957866e-12,9.972894263165037e-13,1.1356320822265748e-12,0.06769239086244508,0.0002600347994513414,0.0002475635570702241,0.000267346586103214,0.07607839027181189,0.5890692047017998,0.49936199258627406,0.727653562459597,0.38754626459976255
ds004444,sub-027,ses-16,C3_BLOCK_SUBSAMPLE_EMPIRICAL,100,10.0,0.8708333333333333,0.9657916666666667,31,0.0005300293731111999,0.0004273538182771094,0.000629636287607453,0.3816438846800684,5.546961811608751e-13,5.12185867102124e-13,6.437430586166802e-13,0.08461922857257155,8.886352815469799e-12,7.942586921937606e-12,1.0132021083686457e-11,0.22146024955966628,1.042057789653971e-12,9.814085143734794e-13,1.194337444689991e-12,0.10427174558688308,0.0002586318173495,0.0002463387334698643,0.00026915752071407,0.08822884743968254,0.6464255800461169,0.5755683386463307,0.7488690762008788,0.26809077936228404
ds004444,sub-027,ses-16,C4_LOSO_SHRINKAGE,100,10.0,0.9,0.9725833333333334,24,0.0005562031579396125,0.0004858503829028645,0.0006327154709658582,0.2640493598471974,6.037596906853982e-13,5.472831810490726e-13,6.525279996576397e-13,0.06562380836719288,9.574019029572404e-12,8.599598907259637e-12,1.0308107948852298e-11,0.16157612699716792,1.0040554398551093e-12,9.567714353753918e-13,1.0883898123459795e-12,0.06567601591905237,0.0002548082202480764,0.0002456099175018876,0.00026808955362475504,0.08822178504586667,0.5633787614055343,0.4806325693596579,0.6755216122378763,0.3459289845993793
ds004444,sub-028,ses-01,C0_CURRENT_OVERLAP_EMPIRICAL,100,10.0,0.9458333333333333,0.9874583333333333,13,0.001006269506324525,0.0009373664033466575,0.0011417073828759896,0.20306784419278992,1.069876507708146e-12,1.0188493668876708e-12,1.174136159017444e-12,0.07502224966150921,1.7733751278759072e-11,1.6266660590604854e-11,1.8841504254117253e-11,0.13744410423724585,1.652940607115579e-12,1.4998308032438774e-12,1.7674612546827633e-12,0.10088067962059213,0.00028875536186765,0.00028157730116725875,0.00030160840687411126,0.06937050625803853,0.010341796726033543,0.005978940252309195,0.5703641100146856,54.57322210627761
ds004444,sub-028,ses-01,C1_NONOVERLAP_EMPIRICAL,100,10.0,0.9458333333333333,0.9855416666666666,13,0.0010425563251734876,0.0009839357092835,0.0011557325834454912,0.1647842613861835,1.1117528246860046e-12,1.0297176720039513e-12,1.212539724956782e-12,0.08657360407698972,1.7157633852085094e-11,1.5745371033909423e-11,1.8925299199165792e-11,0.17512899484374217,1.6141606939598602e-12,1.4548897546708756e-12,1.7693386531363206e-12,0.12028675176395766,0.00028796592892343,0.0002824646485084,0.0003016583678079658,0.06665274362376618,0.5547050090887986,0.5093970161727447,0.6178378818142762,0.19549285451643825
ds004444,sub-028,ses-01,C2_NONOVERLAP_HARRELL_DAVIS,100,10.0,0.9458333333333333,0.9863333333333334,13,0.0010553997212264367,0.0009892937029782791,0.00115615234081914,0.15809994481414238,1.114108539470582e-12,1.0293038384424304e-12,1.1997276533037014e-12,0.08061261362860245,1.7323681478900284e-11,1.556255302171712e-11,1.877753509222598e-11,0.1754550292860587,1.6578955019864761e-12,1.486593341119761e-12,1.7676080872781384e-12,0.10572828990016746,0.00029003388023653436,0.0002820262165259186,0.00030349114116460515,0.07400833498201206,0.5560995004524872,0.5048428193294758,0.6234478081018526,0.2132801570144497
ds004444,sub-028,ses-01,C3_BLOCK_SUBSAMPLE_EMPIRICAL,100,10.0,0.9291666666666667,0.980125,17,0.0011200019375162,0.0009735996437748488,0.0013169233961942944,0.30653853409779586,1.0477392747843503e-12,9.450187782059142e-13,1.17962928617222e-12,0.11457049774611212,1.6918766575967466e-11,1.4719753623793238e-11,1.9799211401129007e-11,0.28347139608081645,1.4709194730716292e-12,1.3878470907842997e-12,1.7830773745650728e-12,0.15995271723260882,0.00028623923216594,0.000280530330713311,0.00029966269911796325,0.06684048232326263,0.569383277435221,0.5093664665922167,0.6575820451860572,0.26030897721692003
ds004444,sub-028,ses-01,C4_LOSO_SHRINKAGE,100,10.0,0.9583333333333334,0.9887083333333334,10,0.001026468764963903,0.0009718998899645669,0.0011230950090716642,0.14729636606635355,1.1064615261813955e-12,1.0258966497407061e-12,1.2009889121114031e-12,0.08312150978997711,1.7111420009417653e-11,1.565423962701229e-11,1.8439585140588515e-11,0.15378946057945142,1.551398724152613e-12,1.4086762807305515e-12,1.6986602949606359e-12,0.11365687827816712,0.0002824986762712452,0.0002776172928278343,0.0002953562103457483,0.06279292239263012,0.5344990202792703,0.4843127531715591,0.5840805754283712,0.18665669808804852
ds004444,sub-028,ses-16,C0_CURRENT_OVERLAP_EMPIRICAL,100,10.0,0.9083333333333333,0.976625,22,0.0010403026428513749,0.0009540706316406575,0.0011743188471837382,0.21171552032943497,1.648625215287222e-12,1.4552892626994942e-12,1.87293030232971e-12,0.15768219573675174,2.7583893578562185e-11,2.467820200000188e-11,3.112548405863837e-11,0.2255564673481688,1.1971173030285976e-11,1.112876647047176e-11,1.3298552268740696e-11,0.16727753096830733,0.0008394559754329,0.0008146495695734701,0.0008708143350881,0.06690614766159725,0.009787690711197167,0.00525522490481988,0.624693045703208,63.28743306390554
ds004444,sub-028,ses-16,C1_NONOVERLAP_EMPIRICAL,100,10.0,0.9166666666666666,0.9828333333333333,20,0.0011109977985217,0.000984945983588695,0.0012312463141414976,0.22169290583549164,1.594522651676825e-12,1.4028108589656225e-12,1.881069527484361e-12,0.18433397303725316,2.6778941161594e-11,2.3830995076444652e-11,2.987765241029155e-11,0.21767054758036464,1.2191211297009099e-11,1.0923887215560532e-11,1.3593885840376585e-11,0.2024073881237452,0.0008419688269168399,0.000813316386378214,0.0008731573233050856,0.0710726275638105,0.556054073277819,0.48527987080098073,0.6693707849926457,0.33106656895103315
ds004444,sub-028,ses-16,C2_NONOVERLAP_HARRELL_DAVIS,100,10.0,0.9208333333333333,0.9802916666666667,19,0.0011161792042109816,0.0009973524051585072,0.0012560938292132302,0.23180993056201527,1.6195336914504556e-12,1.4077576522953972e-12,1.8936457230869526e-12,0.18548647508424126,2.7058600472406355e-11,2.409092766741782e-11,2.978974119055529e-11,0.20310398334877214,1.243931985939243e-11,1.1085377193543908e-11,1.3373980038901915e-11,0.1702915675273965,0.0008433835032845474,0.0008092137534042302,0.0008706469568617349,0.07284136237596828,0.5513100656079434,0.47510574718772536,0.6464817844285589,0.3108523640894204
ds004444,sub-028,ses-16,C3_BLOCK_SUBSAMPLE_EMPIRICAL,100,10.0,0.9041666666666667,0.9778749999999999,23,0.001150946925895,0.0009437308873955,0.0012494322338982,0.26560855184470983,1.584904607435607e-12,1.345409208210101e-12,1.7518526268324082e-12,0.15723729899089986,2.6778941161594e-11,2.3130769270207446e-11,3.052994705772297e-11,0.26635924474131206,1.2581535557311094e-11,1.0067887939327037e-11,1.3693138453272227e-11,0.26692493633340875,0.0008450200290836801,0.0008192891788936905,0.0008834107343251201,0.07588169883390787,0.5446602070604087,0.47524307268440263,0.6527181708618248,0.3258455379638418
ds004444,sub-028,ses-16,C4_LOSO_SHRINKAGE,100,10.0,0.9333333333333333,0.9826666666666666,16,0.0010897698648007893,0.0009596507732921722,0.0012033985617473316,0.22366904802973944,1.5460421221374962e-12,1.3591306591286041e-12,1.7271633807589173e-12,0.14455091627523275,2.6077007823015473e-11,2.3231084237901557e-11,2.844078597983018e-11,0.1924031553257658,1.1627214246931852e-11,1.0442649063241327e-11,1.2648319385407785e-11,0.17467592447814762,0.0008028923964720375,0.0007746884668991905,0.0008307816254257125,0.06986385560896478,0.525048425108962,0.4287963956159358,0.6253994391341439,0.374447449255815
ds004444,sub-029,ses-01,C0_CURRENT_OVERLAP_EMPIRICAL,100,10.0,0.9833333333333333,0.9950833333333333,4,0.00029428118879627497,0.00022790008771958126,0.00037847588947595803,0.5116732124829909,2.755713621503814e-13,2.4696748965884307e-13,3.2649275783298467e-13,0.062344820943672226,2.8279829665579257e-11,1.6676916116239747e-11,4.4986828481648254e-11,0.9668742164401671,2.2567829807044858e-13,1.85884748298908e-13,2.760758238009004e-13,0.07358462301566221,0.00020147169657429008,0.00017175236161971,0.00024113038891652926,0.3443561955953491,0.35760115941857706,0.29867412042099273,0.4501488073506739,0.42358555877039095
ds004444,sub-029,ses-01,C1_NONOVERLAP_EMPIRICAL,100,10.0,0.9666666666666667,0.9912499999999999,8,0.0002645747030160625,0.00019949207941758623,0.0004211331496880341,0.8377258555186436,2.745614153058336e-13,2.399896622689067e-13,3.2708926577470414e-13,0.0683369215950239,2.8549095636294555e-11,1.2417258251827098e-11,4.3920923622016794e-11,1.0661465162234738,2.1966063098240476e-13,1.8447831282558125e-13,2.7144589584000215e-13,0.07130473904398373,0.00020495328748755507,0.00016067538904663756,0.00025023990306316735,0.43699964356496884,0.40612068254686595,0.33024583337561797,0.4819285053179769,0.37349162074374626
ds004444,sub-029,ses-01,C2_NONOVERLAP_HARRELL_DAVIS,100,10.0,0.975,0.992625,6,0.00026892694381573917,0.00021395914046524718,0.0004387879011697116,0.8360216967418809,2.8018990194824317e-13,2.469708579460323e-13,3.3560317478756556e-13,0.06923372595475805,2.7044610024247636e-11,1.4780265817963475e-11,4.643689821619314e-11,1.1287955999694432,2.2190375130304099e-13,1.9768747113158513e-13,2.720574819996465e-13,0.060864049880158734,0.00020877087931341616,0.00018049193466970637,0.0002530342120107179,0.347473159245714,0.41261693692173884,0.35404682678613253,0.5182370433195924,0.39792408367425786
ds004444,sub-029,ses-01,C3_BLOCK_SUBSAMPLE_EMPIRICAL,100,10.0,0.9625,0.99,9,0.0002477966219029,0.0001955166520074,0.00046402786022500933,1.0835951074394843,2.724476394175754e-13,2.3890539405060337e-13,3.537079569793086e-13,0.09022183653957866,2.125942108598549e-11,8.587874005397934e-12,5.020218250503937e-11,1.869514410949428,2.099731563759665e-13,1.778175867273435e-13,2.885227072946063e-13,0.09149386495386362,0.0001971866678873,0.0001595797358663,0.0002652732426947,0.5360073651267371,0.4326694669949851,0.35699679770221565,0.5717805916933191,0.49641541725221044
ds004444,sub-029,ses-01,C4_LOSO_SHRINKAGE,100,10.0,0.9791666666666666,0.9934166666666666,5,0.0002980220815021708,0.000246167355645036,0.0004307131302589803,0.6192352360755016,3.1883234689541467e-13,2.873190402681875e-13,3.7053349921397964e-13,0.06309707154338635,2.6925834969813107e-11,1.663922246010866e-11,4.429176735120396e-11,0.9902137186224431,2.4953022604935235e-13,2.1867597537067537e-13,2.804793350309854e-13,0.0494612762235565,0.00020885938130285974,0.00017621845297510877,0.00025037877180995177,0.35507295873979794,0.3937158062502034,0.3238343456284103,0.47913731132440796,0.3944544852662312
ds004444,sub-029,ses-16,C0_CURRENT_OVERLAP_EMPIRICAL,100,10.0,0.9666666666666667,0.99025,8,0.0001521017092944125,0.00012018881522168125,0.00019263206063259056,0.47628159650990154,1.6681549241197244e-13,1.4656141185833558e-13,2.0219439397958594e-13,0.04767933103651986,4.6796180704996854e-12,2.5475419365180823e-12,9.64069172707528e-12,1.2488779531496124,1.4414582372851082e-13,1.255184308784203e-13,1.857537470309641e-13,0.05264653762074717,0.00013097042709999,0.00012027542620733526,0.00014372569717547006,0.1790501207664342,0.10072216437794149,0.06432848769574755,0.24590232555607894,1.802719778510776
ds004444,sub-029,ses-16,C1_NONOVERLAP_EMPIRICAL,100,10.0,0.9625,0.98725,9,0.000151873402749425,0.00011168982441408688,0.0002067550367781906,0.625950364034451,1.6930775142159735e-13,1.404116084448509e-13,2.001154242820442e-13,0.051059112337712466,2.8828000074762537e-12,1.8653554433285907e-12,1.057990818315412e-11,2.24439907361848,1.3429670126911055e-13,1.1687727103840121e-13,1.592493969417149e-13,0.03735541666999959,0.000126643509361325,0.00011573548313567749,0.0001434165960173,0.21857506004568153,0.15947929846572506,0.09680558097010197,0.2601753314580938,1.0243947149170491
ds004444,sub-029,ses-16,C2_NONOVERLAP_HARRELL_DAVIS,100,10.0,0.9625,0.9874166666666666,9,0.0001526305829499381,0.00011389223288340908,0.00019888890557423188,0.5568783823738838,1.6687033135469395e-13,1.4446261058827854e-13,1.882892736295821e-13,0.03755915448670497,3.462376234910819e-12,1.973534412077081e-12,8.410518635784221e-12,1.4425014577095119,1.3212486927317935e-13,1.1337488640553116e-13,1.5770899863833123e-13,0.03916009040704357,0.00012942098479185363,0.00011382812519547428,0.0001441780401585118,0.23450536076003142,0.16148942181809495,0.09716393047489046,0.33273033776221217,1.4587110699498937
ds004444,sub-029,ses-16,C3_BLOCK_SUBSAMPLE_EMPIRICAL,100,10.0,0.9625,0.9886666666666667,9,0.000152199870840125,0.00011439623035188062,0.00020495615023169436,0.5950065449131285,1.6576716834051696e-13,1.413074194189557e-13,1.9487962101314571e-13,0.045954460761191855,3.1971925662185108e-12,1.921957645370179e-12,9.528467947119575e-12,1.8122852792056987,1.2060390284404207e-13,1.0792557185846493e-13,1.4895481711938775e-13,0.03661351272897805,0.0001229882655069,9.889717623254743e-05,0.00014127286254058777,0.3445506430132742,0.173896077310009,0.07702708344321837,0.38653611895691903,1.7798505883496791
ds004444,sub-029,ses-16,C4_LOSO_SHRINKAGE,100,10.0,0.9916666666666667,0.9982083333333333,2,0.00018525768351452875,0.00015164927477091903,0.00023823307289100898,0.4673695363675975,2.2296681902609967e-13,1.949830221227766e-13,2.493670145513674e-13,0.04446890265747281,3.8087823127653864e-12,2.594555574054986e-12,8.525417002679653e-12,1.2333395531090294,1.6304513217731775e-13,1.418383807544062e-13,1.9199369124720187e-13,0.04312413087435457,0.00013380621488140755,0.00012175727189126834,0.0001488925298048296,0.2027951970303923,0.15445441110734937,0.09655843412452553,0.2751437220105849,1.1562330049659912
ds004444,sub-030,ses-01,C0_CURRENT_OVERLAP_EMPIRICAL,100,10.0,0.9416666666666667,0.9823749999999999,14,0.00031895671016485,0.0002968401622287125,0.00035082281822315685,0.16924759412428195,3.8871457816945216e-13,3.7587933014413255e-13,4.090021355140753e-13,0.023851413307408285,1.0555397072910686e-11,9.131451746436132e-12,1.1716385148342732e-11,0.22369922778045065,3.4941214633811364e-13,3.321372809651844e-13,3.6143726610969665e-13,0.021713147628041836,0.00014804599748224998,0.0001329412995803425,0.0001610929230944575,0.19015457224593785,0.8065318331389075,0.7760147164172486,0.8476499736644177,0.08881888389734853
ds004444,sub-030,ses-01,C1_NONOVERLAP_EMPIRICAL,100,10.0,0.9416666666666667,0.9804999999999999,14,0.000323244747316525,0.00029575112722090755,0.0003646541375853006,0.21316049440321427,3.9687702569420156e-13,3.8063111304205816e-13,4.209329111620222e-13,0.028851357262415698,9.930799757184724e-12,8.525928389243757e-12,1.1623249413925333e-11,0.2833572193695829,3.412674910420913e-13,3.155663999311481e-13,3.6603321197098386e-13,0.03762620981786848,0.0001478493659876,0.0001326384496261175,0.0001614293309491025,0.1947311774787623,0.8115411036515984,0.7500954610119195,0.8736834520606142,0.15228802397370594
ds004444,sub-030,ses-01,C2_NONOVERLAP_HARRELL_DAVIS,100,10.0,0.95,0.9863750000000001,12,0.0003269382319434701,0.0003009821981444839,0.00036843894095949,0.20632870682539564,3.9857467438931035e-13,3.817752836434293e-13,4.232567069364662e-13,0.029659784388094832,1.0090402279604546e-11,8.997976156584325e-12,1.13957489060127e-11,0.21620250455999457,3.4255719718060245e-13,3.218846317906413e-13,3.6573132539902756e-13,0.032659087970676584,0.00014970689256832016,0.00013606974268935704,0.00016145374715106312,0.16955802005284312,0.8147939886619404,0.7685420212401177,0.8695936608805485,0.12402109127762997
ds004444,sub-030,ses-01,C3_BLOCK_SUBSAMPLE_EMPIRICAL,100,10.0,0.8416666666666667,0.9589166666666666,38,0.0002735146294451,0.000239872258261375,0.000370364358098,0.47709367365201133,4.0081336529638964e-13,3.8229971740162753e-13,4.644824528688635e-13,0.05866786932736567,9.108811924163504e-12,8.153574548205746e-12,1.1682795323069289e-11,0.34912320076185244,3.214438527186723e-13,3.0037234962723124e-13,3.806349120738434e-13,0.060738534052342794,0.00014612371496142007,0.000132667025795293,0.000157699753444684,0.17131187422033664,0.8080637143474161,0.7567901260143012,0.8808989910450993,0.15358796939777644
ds004444,sub-030,ses-01,C4_LOSO_SHRINKAGE,100,10.0,0.9625,0.9924999999999999,9,0.0003524700416544718,0.000327384040770927,0.00038611995573691683,0.16664087116069876,4.376408015592772e-13,4.2499204919770893e-13,4.547769062230993e-13,0.020717871246479277,1.0240744772548081e-11,8.917386092645645e-12,1.1670644765186313e-11,0.24493560953938037,3.538806234405962e-13,3.329591493724043e-13,3.7666984848654984e-13,0.03228548984109411,0.00015511459140687682,0.000142932928716822,0.00016630606170482933,0.15068300554662137,0.7688873143086365,0.7305949686241909,0.8223622870854654,0.11935080310652535
ds004444,sub-030,ses-16,C0_CURRENT_OVERLAP_EMPIRICAL,100,10.0,0.8916666666666667,0.9787083333333333,26,0.0004594526004835,0.0004005019418065525,0.000561132180140595,0.3496122076910498,5.89052799793838e-13,5.300640428696686e-13,6.424888684675512e-13,0.07074958466607814,1.803687030719897e-11,1.3572127109200979e-11,2.259402361700382e-11,0.47391700222862415,7.072750475391635e-13,6.495072058556674e-13,8.197879466712939e-13,0.09973831753768447,0.000228884260242575,0.00021574273168913628,0.0002481084614328,0.14140653257657598,0.026738494431898893,0.015260644240721363,0.4986893330141711,18.079876934979623
ds004444,sub-030,ses-16,C1_NONOVERLAP_EMPIRICAL,100,10.0,0.9166666666666666,0.9769583333333334,20,0.0004944196105560251,0.000419647650198955,0.0005956276220408055,0.3559324260783482,5.850319907687453e-13,5.372929043365554e-13,6.818241382610555e-13,0.09118505794599263,1.920193874845478e-11,1.3258515591370814e-11,2.7025063322804303e-11,0.6814468602666403,7.259448703611571e-13,6.592011049916932e-13,8.268236734942512e-13,0.09711930628901412,0.00023207315600818002,0.0002158766060883,0.0002484283924192957,0.14026519374598903,0.23621426842368437,0.18093437742350277,0.5803704848994274,1.6909905999318695
ds004444,sub-030,ses-16,C2_NONOVERLAP_HARRELL_DAVIS,100,10.0,0.9208333333333333,0.9779166666666667,19,0.0004956552545523887,0.00041945007756548044,0.0005797954604985846,0.32350183143807365,5.785147320985631e-13,5.301722179325316e-13,6.484202761606824e-13,0.0749109627066612,1.820199739175661e-11,1.4022544699718457e-11,2.4533326904395896e-11,0.5473796288082875,7.21342917952869e-13,6.570436168164017e-13,8.059233782558764e-13,0.08649047199527915,0.00023220572294633315,0.00021426956226810242,0.0002493546524643581,0.15109485502762407,0.2383602847170178,0.18298638192850875,0.5726853864811079,1.6349158376514623
ds004444,sub-030,ses-16,C3_BLOCK_SUBSAMPLE_EMPIRICAL,100,10.0,0.925,0.9814583333333334,18,0.0005442329240387,0.00048661348900919625,0.0006168984464006,0.2393919062911148,6.320797541735552e-13,5.332051751390482e-13,7.679551666172452e-13,0.1438348774794211,1.8549246489670826e-11,1.2790255338253317e-11,2.5389755960887418e-11,0.6445005759833894,7.534104672203461e-13,6.665110692517885e-13,8.752401268372392e-13,0.11904175404880843,0.00023371046610204014,0.00021120465718464854,0.00024670303776606005,0.15189041818102478,0.21745112079819273,0.1586430406499564,0.5549228872291998,1.8223858544522828
ds004444,sub-030,ses-16,C4_LOSO_SHRINKAGE,100,10.0,0.9208333333333333,0.9804166666666667,19,0.0005182476166273693,0.0004416195259875722,0.0006000659912560025,0.30573505768116543,6.268932649786393e-13,5.676752615615443e-13,6.8256945226613e-13,0.07062183683334278,1.8892205594212963e-11,1.3378334465152498e-11,2.608722085978333e-11,0.6388877459786612,7.177503203996516e-13,6.623669044822459e-13,8.0649682956471e-13,0.08390621347631641,0.0002324223738732541,0.00021718213224532752,0.00025233944049684427,0.1512647320237087,0.2241836644467347,0.18012472613188824,0.5187840106881912,1.5106331917206068
ds004446,sub-004,ses-01,C0_CURRENT_OVERLAP_EMPIRICAL,100,10.0,0.9535714285714286,0.990107142857143,13,0.000903675146154175,0.0008486706529831924,0.0009681296353799305,0.13219239543428246,5.83851432542982e-13,5.552168653712381e-13,6.357343961850447e-13,0.050836542594484536,2.832976042728846e-11,2.5695929467542462e-11,3.076898101244556e-11,0.17296600691573058,1.8943620777904564e-13,1.7612647706589402e-13,2.0228104518832892e-13,0.021989046534300123,7.405672693980314e-05,6.254889372091249e-05,7.768571953917752e-05,0.2043950123015018,0.43486298701249293,0.37616612743780836,0.5939048545673168,0.5007065067203625
ds004446,sub-004,ses-01,C1_NONOVERLAP_EMPIRICAL,100,10.0,0.9285714285714286,0.983107142857143,20,0.0008912406980139,0.0007786046407451563,0.0009836862866435547,0.23010803492850804,5.629832595834474e-13,5.124537486871498e-13,6.254146268895359e-13,0.07227260913369694,2.775537618157137e-11,2.399474139207722e-11,3.045460003928295e-11,0.2246487267777669,1.8248140075163404e-13,1.6954289673340324e-13,1.986643766190202e-13,0.02462743165947992,7.286366521705956e-05,6.29890524147402e-05,7.712625467307543e-05,0.1940226589233207,0.42189768141002704,0.35082919970685433,0.6732490522145517,0.7642133785361693
ds004446,sub-004,ses-01,C2_NONOVERLAP_HARRELL_DAVIS,100,10.0,0.9214285714285714,0.983642857142857,22,0.0008814528912736708,0.0007986627243904838,0.001001043559066688,0.22959914982429896,5.630740070945321e-13,5.15109301351646e-13,6.081057265912452e-13,0.059495855485731296,2.7684450763113295e-11,2.4335694506051944e-11,3.1456778204691673e-11,0.24825588460620174,1.828442739587434e-13,1.6904225527215652e-13,1.9995274466068982e-13,0.02613234055323451,7.13302234366572e-05,6.463926112517169e-05,7.852687252540779e-05,0.19469462643523022,0.424515864865471,0.3529670001145691,0.6585880510927711,0.7199284556169256
ds004446,sub-004,ses-01,C3_BLOCK_SUBSAMPLE_EMPIRICAL,100,10.0,0.8892857142857142,0.974642857142857,31,0.0008774804351618,0.00072703225794548,0.0010084749485454571,0.3207395618197936,5.484899980151491e-13,4.855805184863278e-13,6.627109460295317e-13,0.11438913249052254,2.7905306773445643e-11,2.2990086560659957e-11,3.569929416573813e-11,0.43968423185024647,1.8061551940627248e-13,1.5690342755967804e-13,1.9773784102427019e-13,0.03458739343450917,6.948139314869922e-05,6.155853665980008e-05,7.758957961394674e-05,0.23072425576029965,0.4810886484716977,0.39012558000665704,0.7722164013852312,0.7942212367545776
ds004446,sub-004,ses-01,C4_LOSO_SHRINKAGE,100,10.0,0.9142857142857143,0.9831428571428571,24,0.0008658796579468595,0.0007614575648610036,0.0009321317280482357,0.1971107202065671,5.777541012707909e-13,5.360505388095846e-13,6.078106012965359e-13,0.04548241226510056,2.6602195781511413e-11,2.400778715748808e-11,2.950859980008854e-11,0.19928895100023272,2.0031185813680975e-13,1.8455949348123906e-13,2.1526437314673628e-13,0.02558075174993191,7.430967469869635e-05,6.582424996329573e-05,8.073333549853221e-05,0.20063451219580591,0.43020065143354413,0.340119894570559,0.6482967160650549,0.7163560084505953
ds004446,sub-004,ses-08,C0_CURRENT_OVERLAP_EMPIRICAL,100,10.0,0.9357142857142857,0.9831428571428571,18,0.0010383748489667499,0.0009468943285021344,0.0011711917944387672,0.21600818427354537,8.281662017145131e-13,7.618162459725773e-13,8.637065733618428e-13,0.055733623832291336,4.02105516682072e-11,3.526698673770082e-11,4.6083534746447774e-11,0.26247035215234993,2.615918397996997e-13,2.4165368301425714e-13,2.9108830996693664e-13,0.03918432681090275,8.229151011673132e-05,7.763805621309222e-05,8.927449204928651e-05,0.1414050571958497,0.24421324522050092,0.1984199843575157,0.418540917967231,0.9013472361421921
ds004446,sub-004,ses-08,C1_NONOVERLAP_EMPIRICAL,100,10.0,0.9285714285714286,0.9826785714285714,20,0.00106647494713585,0.00090860497656,0.0012920906277223898,0.3595824279161038,8.470421072891836e-13,7.970544205521997e-13,9.092442585677987e-13,0.06074027092985696,4.237990723578096e-11,3.4386118085555225e-11,4.700651198551094e-11,0.2909271758319036,2.5082972518651524e-13,2.2563076084948443e-13,2.703573331480021e-13,0.035757522705057526,8.033240350194536e-05,7.323588963035002e-05,8.535203113488958e-05,0.15082508210302797,0.2333698748753999,0.15712258163343507,0.3799015133111944,0.9546173506574066
ds004446,sub-004,ses-08,C2_NONOVERLAP_HARRELL_DAVIS,100,10.0,0.9285714285714286,0.9816428571428572,20,0.0010550205228583415,0.000922571317083086,0.0012963213000503912,0.3542584949915998,8.503186581387012e-13,8.091113556068449e-13,9.186751304654823e-13,0.05921346270639206,4.1894408263893546e-11,3.692658099140987e-11,4.870433253379114e-11,0.2745754521177348,2.5167270817271623e-13,2.371134099285339e-13,2.7655269404944434e-13,0.03150926265579985,8.18109534795547e-05,7.650469593043586e-05,8.742509821856923e-05,0.13348337466057164,0.21760497658347178,0.15673750569563863,0.38490190076369907,1.048525629557418
ds004446,sub-004,ses-08,C3_BLOCK_SUBSAMPLE_EMPIRICAL,100,10.0,0.9285714285714286,0.9790714285714287,20,0.0011068389217781748,0.0008860182926611319,0.0012708007143186768,0.34764084794898414,8.496991327317116e-13,7.951236288654679e-13,9.577449994124287e-13,0.08791774168526253,4.642264440900496e-11,3.987505732580907e-11,5.3970986638484536e-11,0.2972404742152849,2.4348269162241556e-13,2.159433756639839e-13,2.719067691194658e-13,0.0450053658426596,8.156850648508414e-05,7.431223213359257e-05,8.472581669909193e-05,0.12766672931221176,0.22909967430626488,0.1270815771410632,0.5608440925807155,1.8933353648416666
ds004446,sub-004,ses-08,C4_LOSO_SHRINKAGE,100,10.0,0.9357142857142857,0.983,18,0.0010418447687140062,0.0008970456073964116,0.0011475769252289193,0.2404689499965339,8.503388646363768e-13,8.038697717239809e-13,9.039189521207223e-13,0.054070733911976046,3.9918235532865736e-11,3.307744255682657e-11,4.4877303666667686e-11,0.28837658701982416,2.647525087221364e-13,2.4664263010604476e-13,2.8636077400944425e-13,0.03140388623820906,8.272351824612837e-05,8.007646511747506e-05,8.684914374157106e-05,0.08187125845003235,0.22168069321772227,0.1609284649931305,0.4169104437679958,1.154732850471103
ds004446,sub-005,ses-01,C0_CURRENT_OVERLAP_EMPIRICAL,100,10.0,0.9464285714285714,0.9843928571428572,15,0.0006856808138894625,0.0006257196250929719,0.0007750832304097149,0.21783255718015343,1.2232442759500117e-12,1.0679087699513736e-12,1.3503489094076263e-12,0.12703963415606392,1.2876121924618403e-11,1.1800639029468325e-11,1.3718402686312739e-11,0.13820602523259773,9.677878668384915e-13,7.997306164251804e-13,1.1580883960166478e-12,0.18211199775675818,9.34245746547653e-05,8.12628580910957e-05,0.0001681642350652005,0.930176844422972,0.3391314426111216,0.2897313964684599,0.6359315927804636,1.0208436989665006
ds004446,sub-005,ses-01,C1_NONOVERLAP_EMPIRICAL,100,10.0,0.9428571428571428,0.98075,16,0.0006989496384936,0.0005758364816508025,0.0008236498668167049,0.35455113095908747,1.1911494307265777e-12,1.0238774627863725e-12,1.3503489094076263e-12,0.14899551899251204,1.2346242890751979e-11,1.0883455535994684e-11,1.3567892250246475e-11,0.2011380083687762,9.275130035319805e-13,7.701289561275411e-13,1.3038773685932753e-12,0.2769104081205637,9.116048676279892e-05,8.084343175402392e-05,0.00011223989791705703,0.34440871186129707,0.31538556948682783,0.25295998706043515,0.6894632948839688,1.384030691487869
ds004446,sub-005,ses-01,C2_NONOVERLAP_HARRELL_DAVIS,100,10.0,0.9428571428571428,0.9801071428571427,16,0.0007049186694277293,0.0006028726036800562,0.0008222705699570277,0.3112386938820128,1.2181403516719397e-12,1.0269359457443795e-12,1.3842830792585893e-12,0.16110212919793684,1.2370094227163811e-11,1.0884728060524545e-11,1.327475352482619e-11,0.17875905911312637,9.707279900858638e-13,7.662003156570809e-13,1.2292021070896877e-12,0.23493947097815057,9.303118650380308e-05,8.257572610162796e-05,0.00011228497377662408,0.31934718315598865,0.3216864725534911,0.2517437632191015,0.698561264037772,1.388984427198701
ds004446,sub-005,ses-01,C3_BLOCK_SUBSAMPLE_EMPIRICAL,100,10.0,0.9357142857142857,0.9824642857142857,18,0.0007344944848258,0.000613634975345055,0.00083314510199564,0.2988587809529808,1.2500621301069782e-12,9.972500893047585e-13,1.5743345795934574e-12,0.2564749135443925,1.2122585927765609e-11,1.0138740656234708e-11,1.4097115303331294e-11,0.30164593083145325,1.0610187542829384e-12,8.08333147285937e-13,1.3971833813543448e-12,0.28570833372803456,8.92804470893409e-05,8.006761425192579e-05,0.0001177529494163075,0.42210064992808793,0.2575610225994399,0.1840974860851736,0.6912223833511411,1.9689504729629899
ds004446,sub-005,ses-01,C4_LOSO_SHRINKAGE,100,10.0,0.9357142857142857,0.9846428571428572,18,0.0007056365692100861,0.0005835556042307683,0.0008293731797793186,0.34836286259279914,1.1627847198278209e-12,9.895943877998196e-13,1.31688569711216e-12,0.15132865805450854,1.3192983244460704e-11,1.1848161158573307e-11,1.4319550825011649e-11,0.17412756880431646,8.858799698515254e-13,7.300852439322989e-13,1.1145996817272359e-12,0.20389125710116626,9.308886023817936e-05,8.37583828499108e-05,0.0001212277843799488,0.4025121913798893,0.3034480703161325,0.24734684430335563,0.6572420229832024,1.3507918447181648
ds004446,sub-005,ses-08,C0_CURRENT_OVERLAP_EMPIRICAL,100,10.0,0.9,0.9702500000000001,28,0.0005431548653293375,0.0004820883209109194,0.0005858416277769,0.19101975016287653,1.2593026447060142e-12,1.0268988741042118e-12,1.4671655331713466e-12,0.1948683856493353,1.0940662519850032e-11,9.466527479496848e-12,1.2229811811646416e-11,0.23141800779947622,8.406281453679703e-13,5.779921022110586e-13,1.2431380629747067e-12,0.3613690046180811,8.386385137712754e-05,7.591796896696504e-05,9.648120851453504e-05,0.2451978887769086,5.953665771594137e-05,3.0169362614278114e-05,0.5136309100861863,8626.630244301092
ds004446,sub-005,ses-08,C1_NONOVERLAP_EMPIRICAL,100,10.0,0.9035714285714286,0.9748928571428572,27,0.0005217922663873,0.00047747353080505,0.000605547668985645,0.24545043341075817,1.2423611234597376e-12,9.711041916308143e-13,1.509454616498564e-12,0.24008194720979162,1.1540074959902246e-11,1.0064957629867645e-11,1.325165362148131e-11,0.2541209683198342,8.086262791611026e-13,5.717322740266511e-13,1.2276837290433332e-12,0.36267937858391225,8.304982833600448e-05,7.567681464103232e-05,9.522121766994652e-05,0.23533345203927036,0.3989919546073522,0.3307186683174951,0.6043953519595556,0.6859203061141915
ds004446,sub-005,ses-08,C2_NONOVERLAP_HARRELL_DAVIS,100,10.0,0.9035714285714286,0.9736071428571429,27,0.0005335027582504697,0.00048099875056314213,0.0006130612515128532,0.24753855281882464,1.2667342446079572e-12,1.0354009775305478e-12,1.5388717420266608e-12,0.22211283289770511,1.1730418609784511e-11,1.0162945565122154e-11,1.3311998079412782e-11,0.247364412028862,8.528573494184471e-13,6.138985436767782e-13,1.2552283184860938e-12,0.3461301405694338,8.481207213874192e-05,7.633341276641548e-05,9.832620573690941e-05,0.2593120549537385,0.41627221489109134,0.33546025448830646,0.6398809406406966,0.7313019588187117
ds004446,sub-005,ses-08,C3_BLOCK_SUBSAMPLE_EMPIRICAL,100,10.0,0.8821428571428571,0.9654999999999999,33,0.0005619467557891499,0.0004913107710433519,0.0006466208962478343,0.27637871974187206,1.3591110821660737e-12,1.0854604169701732e-12,1.515163926161078e-12,0.18214636539978543,1.2868530518761854e-11,1.0416583485129566e-11,1.6450889318755563e-11,0.43510780219018647,1.3650179290031343e-12,6.091839784896408e-13,1.7618689868866014e-12,0.4873895433354379,8.538430113679769e-05,7.679507879377513e-05,9.456822392614688e-05,0.20815471565132268,0.45896628787897265,0.37474152773327907,0.7025384928469661,0.7142070643746529
ds004446,sub-005,ses-08,C4_LOSO_SHRINKAGE,100,10.0,0.9071428571428571,0.9720357142857143,26,0.0005462283223095453,0.0005053813701485393,0.0006405263050853944,0.24741473330790484,1.2629964856806019e-12,9.64399212636252e-13,1.4700313904573142e-12,0.22343480470275326,1.2661638395141045e-11,1.1027781185208639e-11,1.4850222976132465e-11,0.2797938051327234,8.079940852169632e-13,5.582539445984663e-13,1.3158274716252003e-12,0.41901327732265425,8.497258221185677e-05,7.817531735597047e-05,0.00010349379165420361,0.29796051080509334,0.37986322444609955,0.3217968817719216,0.5734695357436631,0.6625349277705347
ds004446,sub-012,ses-01,C0_CURRENT_OVERLAP_EMPIRICAL,100,10.0,0.9321428571428572,0.9816428571428572,19,0.0005707626141365,0.0005303724100565769,0.0006239445714510875,0.16394234470337984,9.980472995581287e-13,8.806678174697801e-13,1.1753464072202818e-12,0.14748329021823978,1.5489057003430827e-11,1.4172060986073492e-11,1.852513910089845e-11,0.2639980026704514,7.76197300420614e-13,6.669958111821152e-13,1.10139039977946e-12,0.24456437834607547,0.00010656159060042004,9.436675543602652e-05,0.00012694478412295248,0.3057201773889191,0.0003691718977814651,0.000141765032815864,0.5419117285946118,1467.5276350936504
ds004446,sub-012,ses-01,C1_NONOVERLAP_EMPIRICAL,100,10.0,0.9357142857142857,0.9848571428571429,18,0.0005825420699342,0.000522263642029725,0.0006381710605681168,0.1989683223265156,1.0043867655462908e-12,8.908646972229108e-13,1.1081570093667653e-12,0.10840837500971626,1.5551906147280654e-11,1.3769713200065096e-11,1.9257378503119597e-11,0.3315427996162292,7.77005859527798e-13,6.815215786115242e-13,1.0747375122536657e-12,0.2212800433571054,0.0001079693507286,9.286534161135272e-05,0.00012676001560610523,0.31392866079211773,0.2235626568321778,0.16284410252808923,0.566824425881399,1.8070116408339136
ds004446,sub-012,ses-01,C2_NONOVERLAP_HARRELL_DAVIS,100,10.0,0.9321428571428572,0.98275,19,0.0005825606300359794,0.0005262789634909345,0.0006580505491806979,0.22619377051866899,1.011832213810983e-12,8.930781758809271e-13,1.1043585471963738e-12,0.10501888272045388,1.6171532207967604e-11,1.3797643930071683e-11,1.953060142187262e-11,0.33386406188848083,7.777211183233366e-13,6.858091926198716e-13,9.883497553473028e-13,0.1701844904743964,0.00010430973495772191,9.144365545893379e-05,0.00012649552539184045,0.3360364170331487,0.22988876797783758,0.15798994600213473,0.665423267761762,2.2072993222806736
ds004446,sub-012,ses-01,C3_BLOCK_SUBSAMPLE_EMPIRICAL,100,10.0,0.9035714285714286,0.9760714285714288,27,0.00053657035580005,0.00047987719173964,0.0005970800742999849,0.218429663649906,9.63355172657835e-13,8.204850417766722e-13,1.1502679868170073e-12,0.1679690713290051,1.5251524284240655e-11,1.2856230992426793e-11,1.7796754352626203e-11,0.3040036905947529,8.208178369665053e-13,6.59257407341643e-13,1.037473487553827e-12,0.2077176928595419,0.0001027129250018965,8.44440017547875e-05,0.000129321875684739,0.4369252797756231,0.2239960276215508,0.13257186250078257,0.7210617831650222,2.627233736733434
ds004446,sub-012,ses-01,C4_LOSO_SHRINKAGE,100,10.0,0.9357142857142857,0.9841071428571428,18,0.0005993140828734129,0.0005408792520838738,0.0006625786295566218,0.20306443774221958,1.0110573057664194e-12,8.888013975965448e-13,1.103661729491322e-12,0.10683948750674382,1.6000383451427755e-11,1.4459385323268836e-11,1.9422803741369486e-11,0.2919592038780633,7.545005447910758e-13,6.607806892807383e-13,1.0049851885349356e-12,0.19618375170991173,0.00010845300214939481,9.384445685379434e-05,0.0001259186330327202,0.2957426281201585,0.21781519847973524,0.1729125673920078,0.6152660981005307,2.0308662287753396
ds004446,sub-012,ses-08,C0_CURRENT_OVERLAP_EMPIRICAL,100,10.0,0.9357142857142857,0.9787857142857143,18,0.0004895359234770125,0.0004553363153204,0.0005288924585309951,0.15025688521057481,5.844208894468945e-13,5.345983725981066e-13,6.393206009412322e-13,0.06609495560215885,1.5700766360457062e-11,1.3272537619010432e-11,1.8124474604974117e-11,0.2905218168581636,3.8494576339033524e-13,3.4955465780160203e-13,4.379401478611452e-13,0.06381873745234344,8.597429343099008e-05,7.774945149919794e-05,9.708961776150047e-05,0.22495289307464478,2.0561880267626242e-05,1.1722252423992943e-05,0.8204468199848074,39900.77984858913
ds004446,sub-012,ses-08,C1_NONOVERLAP_EMPIRICAL,100,10.0,0.9142857142857143,0.9792142857142857,24,0.0005004994452874249,0.0004289920181312575,0.0005643530635987,0.2704519385016618,5.9215692346707e-13,5.382503560451154e-13,6.545828959343762e-13,0.07306600133103451,1.534075651208979e-11,1.3263986940301166e-11,1.757556254151701e-11,0.26385409990203956,3.810056856221697e-13,3.465587237069893e-13,4.4139142198732633e-13,0.06866930329661394,8.72858850995641e-05,8.213249201190103e-05,9.576308390936039e-05,0.15616031991599869,0.25338539881486327,0.15868953766020283,0.8367687354590753,2.6760784203340653
ds004446,sub-012,ses-08,C2_NONOVERLAP_HARRELL_DAVIS,100,10.0,0.9214285714285714,0.9790714285714285,22,0.0005032662705516519,0.0004356391740951865,0.0005786323703177665,0.28413029901985826,5.90312912184932e-13,5.427265736367374e-13,6.549426961869655e-13,0.07056229103746278,1.532256959902878e-11,1.375471324098165e-11,1.7291228140798914e-11,0.21666410293803817,3.906739409801304e-13,3.3713620051094563e-13,4.499485603238774e-13,0.08112063977658411,8.788449590868731e-05,7.949998902628077e-05,9.709189907930635e-05,0.20017079999108045,0.267311560253586,0.15507981684665192,0.8130506228691123,2.4614379018842762
ds004446,sub-012,ses-08,C3_BLOCK_SUBSAMPLE_EMPIRICAL,100,10.0,0.8892857142857142,0.9727142857142858,31,0.000465210463903575,0.0003773432574655319,0.0005569904140829574,0.38616318885831885,5.944673956063109e-13,5.105354359886493e-13,6.730508672790267e-13,0.10192458731875133,1.4689768656562657e-11,1.2896332641261366e-11,1.7985233766732914e-11,0.3243451982539578,4.1133760666385655e-13,3.3284767263350893e-13,4.345309896838795e-13,0.07204747933467974,8.957701991302257e-05,8.351719121080334e-05,0.0001021948638132,0.2085096424509617,0.1895382803513474,0.10825786631193002,0.8706241962473916,4.022228799998817
ds004446,sub-012,ses-08,C4_LOSO_SHRINKAGE,100,10.0,0.9321428571428572,0.9795357142857142,19,0.0005199014087453823,0.0004611380617059023,0.0005803871916603431,0.22936873745513048,6.13527379512259e-13,5.528187430651502e-13,6.673757933501397e-13,0.07099789674447175,1.581039661892203e-11,1.4003352886140216e-11,1.832516437156884e-11,0.25709158346471905,3.7882084963363566e-13,3.4424751528327763e-13,4.472926152958197e-13,0.07473421948900905,8.94750773153879e-05,8.414485431900741e-05,9.818698940790414e-05,0.15693906452252604,0.25162630120718865,0.16788792476337067,0.7713262491891665,2.398152822373396
ds004446,sub-013,ses-01,C0_CURRENT_OVERLAP_EMPIRICAL,100,10.0,0.9464285714285714,0.9846785714285714,15,0.00088301187025455,0.0008359466684196249,0.0009228103524799,0.09837204559533545,9.265737793568777e-13,8.715507842169903e-13,9.995147478828734e-13,0.06642048440449529,1.5717065060143472e-11,1.4236604096933162e-11,1.7613223994804218e-11,0.20198640644891266,2.6134215115812546e-13,2.4435955725507506e-13,3.011197055336749e-13,0.044999802968991726,0.0001084923048752,9.221582665751131e-05,0.00011809548119320499,0.2385390772822486,0.6589596063093057,0.5918485564214679,0.7520541911507886,0.24311905190419134
ds004446,sub-013,ses-01,C1_NONOVERLAP_EMPIRICAL,100,10.0,0.9392857142857143,0.9879285714285715,17,0.0009199840895566,0.0008581439305872775,0.0009979601718315611,0.15197680338112515,9.649196689363587e-13,8.773883466865467e-13,1.017897313714651e-12,0.0715087589835995,1.603249835972401e-11,1.4046680361531743e-11,1.8787425126518577e-11,0.27833525445668394,2.5929456492531376e-13,2.3697691055752294e-13,2.9303661689693514e-13,0.04451675398339942,0.00010831694819553501,9.759631805905177e-05,0.00012080529805441446,0.21426914409734318,0.7188555360627812,0.6717057234629924,0.7684155170682111,0.13453300246495983
ds004446,sub-013,ses-01,C2_NONOVERLAP_HARRELL_DAVIS,100,10.0,0.9535714285714286,0.9883214285714287,13,0.0009356283173033821,0.0008569478324164369,0.0009996455625999687,0.1525154031702377,9.537185573181708e-13,8.874836287277141e-13,1.0461277719966579e-12,0.08120112422267786,1.5910458367689052e-11,1.4063515630422237e-11,2.0231040187456356e-11,0.3647165808833696,2.584996960805148e-13,2.410015375441826e-13,3.032493384971189e-13,0.0494619117881407,0.00010734414652864005,9.645268377709628e-05,0.00011817069821094688,0.20232136482388202,0.7133933990370933,0.668077224017646,0.7998137422588425,0.1846618127092624
ds004446,sub-013,ses-01,C3_BLOCK_SUBSAMPLE_EMPIRICAL,100,10.0,0.9178571428571428,0.9797142857142855,23,0.0009610059168427,0.00086007234085789,0.0010740378311873708,0.22264742220297465,9.014998860106712e-13,7.758680297254888e-13,1.0172996589025773e-12,0.1269690474100473,1.6541506719178805e-11,1.4506961962198605e-11,2.0268494568923282e-11,0.32845140950323104,2.6008529812439196e-13,2.4479798158248356e-13,3.0654885939033226e-13,0.04900531567169577,0.0001082967208361,9.057289521629599e-05,0.0001176847547112,0.25034792406676937,0.7541773311739797,0.6776521477654291,0.8511953098888532,0.23010922623867566
ds004446,sub-013,ses-01,C4_LOSO_SHRINKAGE,100,10.0,0.9357142857142857,0.98425,18,0.0009129354863968934,0.0008464015918210196,0.0009758211045169306,0.14176194756645122,9.484227940711817e-13,8.642440206467013e-13,9.92355306409319e-13,0.06575127644392437,1.608087286595838e-11,1.4399680630703109e-11,1.850892191945297e-11,0.24057560295641817,2.6924552370979134e-13,2.4706197223402727e-13,3.07876196104001e-13,0.04791368000434146,0.00010648439442872786,9.45198752931008e-05,0.00011568152111422772,0.19873001800804546,0.6815931012279919,0.6363500145752665,0.7422816892686984,0.15541776244862915
ds004446,sub-013,ses-08,C0_CURRENT_OVERLAP_EMPIRICAL,100,10.0,0.925,0.98225,21,0.001212120987965125,0.0010446251836624062,0.0014265839294483836,0.31511602328747984,1.310804493322944e-12,1.1831259772765129e-12,1.4832461632162657e-12,0.12987692676163143,2.752646214864605e-11,2.3535008270513238e-11,3.387189313909446e-11,0.36236126354251896,3.8217954984347645e-13,3.1678835499855113e-13,4.4339784206733725e-13,0.09160133145011723,0.00022458900740054998,0.0001775881658655075,0.00026250086778055123,0.3780803990353955,0.0001420580984942112,6.84626669984293e-05,0.41268070506134197,2904.531623775224
ds004446,sub-013,ses-08,C1_NONOVERLAP_EMPIRICAL,100,10.0,0.9285714285714286,0.9815714285714287,20,0.0012088827676642,0.0009452225621332231,0.00144482421906963,0.41327552173521365,1.2894511604699612e-12,1.182783596892212e-12,1.420687815966969e-12,0.10391320993539864,2.6831752859797093e-11,2.1653219451201864e-11,3.4165725260187785e-11,0.4495766354357152,3.7797080869165023e-13,3.013429423458916e-13,4.699207449822744e-13,0.12233771686095678,0.00021351711970700503,0.00017025130977335956,0.0002536951641870283,0.3908063865668789,0.38413579339540993,0.3338492979140212,0.4610705239939084,0.3311881586327493
ds004446,sub-013,ses-08,C2_NONOVERLAP_HARRELL_DAVIS,100,10.0,0.9178571428571428,0.9818214285714285,23,0.0012131586316911655,0.001011145478232091,0.0014554906714180247,0.36627130303663336,1.3015232793159087e-12,1.1711253994246222e-12,1.5159322031020463e-12,0.14981677864232268,2.6895810983551576e-11,2.2277634501018525e-11,3.594328539687339e-11,0.4898818286341505,3.8506082593446044e-13,3.1795739983360634e-13,5.256223262696835e-13,0.14993199038458954,0.00022315127614318443,0.00019178615542309255,0.00025555387409096405,0.28576004351951395,0.38958744745617835,0.3306351651338572,0.5041115846711703,0.44528236386872005
ds004446,sub-013,ses-08,C3_BLOCK_SUBSAMPLE_EMPIRICAL,100,10.0,0.9142857142857143,0.9800357142857141,24,0.001201092983126,0.0009931509967179,0.0014542397441922928,0.383890967284197,1.2198430936206262e-12,1.0755543026050047e-12,1.415248846181242e-12,0.1530263758517211,2.4767764682269045e-11,2.0411092725262242e-11,3.3220717995752735e-11,0.4971182183802258,3.4413520279734686e-13,2.901707074740852e-13,4.4064213167222143e-13,0.11194664337708189,0.00023263737239641509,0.00015878773785,0.00026457217166393846,0.45471814038100117,0.418921814677773,0.33154750415976403,0.5476973268364832,0.5159669778535207
ds004446,sub-013,ses-08,C4_LOSO_SHRINKAGE,100,10.0,0.9142857142857143,0.9817142857142857,24,0.0011662744712189151,0.0009197501404161729,0.0013976271204542512,0.4097465831768446,1.2497286317626116e-12,1.1163027788579041e-12,1.379513147936747e-12,0.1169964969831155,2.5145289904606168e-11,2.2276558042279524e-11,3.297905316038227e-11,0.4093469667826183,3.809542689472657e-13,3.0784507700727804e-13,4.618324338808343e-13,0.11150793356172789,0.00020471165103462562,0.00015441425524952382,0.00024061942474903935,0.4211053383758268,0.3784655581901162,0.32322461075382797,0.45024015847754884,0.33560662251750006
ds004446,sub-018,ses-01,C0_CURRENT_OVERLAP_EMPIRICAL,100,10.0,0.9,0.9763928571428571,28,0.0006534300125408501,0.0005485313206807431,0.0008189964710564675,0.41391601972812636,4.674292612442566e-13,4.3966214648708677e-13,5.103955571773025e-13,0.04820226266323715,1.9895521779788857e-11,1.3999061691261242e-11,3.1607131482965724e-11,0.8426719359904113,1.79937581371418e-13,1.694840152648936e-13,1.963690449749152e-13,0.02278512875127993,0.0001594086848249,0.00012914094079495,0.0001995115396353,0.4414477070443168,0.04892657985915817,0.009513490917563115,0.5461421664355386,10.968039806824146
ds004446,sub-018,ses-01,C1_NONOVERLAP_EMPIRICAL,100,10.0,0.9071428571428571,0.9716785714285712,26,0.0006023177058359,0.000507085265651625,0.000777765417334856,0.4493976328625138,4.6026542162878e-13,4.1203729240643254e-13,5.133795006922359e-13,0.0693998548378734,2.1028656873669488e-11,1.3966752800454249e-11,2.7306804910965944e-11,0.6055771891593106,1.709326565222777e-13,1.599294682457885e-13,1.9611679401873343e-13,0.030904702820760754,0.00015370584539555008,0.00013204153606353883,0.0001995115396353,0.4389553498058385,0.29338321706839454,0.2563611705139256,0.5859095830218846,1.1232694760109956
ds004446,sub-018,ses-01,C2_NONOVERLAP_HARRELL_DAVIS,100,10.0,0.9035714285714286,0.9724285714285713,27,0.0006021060530613819,0.0005220179818331835,0.0007507682216858868,0.3799168573538098,4.629975760893631e-13,4.2339315862127017e-13,5.122310615662508e-13,0.06072320583226597,1.983716221090189e-11,1.4477482629575572e-11,2.774824227437258e-11,0.6368794133518727,1.7331196317413182e-13,1.614147107493518e-13,1.9614235081338454e-13,0.029597959582790666,0.00015611126662150727,0.00013039239266973723,0.00019945286752169473,0.4423798224443033,0.298244486093063,0.25968253910059075,0.6331267312890064,1.2521411445998556
ds004446,sub-018,ses-01,C3_BLOCK_SUBSAMPLE_EMPIRICAL,100,10.0,0.8678571428571429,0.9699285714285716,37,0.0007588300517566875,0.000513469178466875,0.000891570119388,0.4982682743620328,4.6026542162878e-13,4.103388792990361e-13,5.195181725809038e-13,0.07476674559621434,2.2204437499700545e-11,1.4137799136334804e-11,2.934684018555028e-11,0.6554367477949745,1.7979625091270874e-13,1.6245806834208522e-13,2.2624370624550866e-13,0.05406496066933412,0.000150526588654865,0.00012112685033220826,0.0002164173263755637,0.6330474653138842,0.45601507700576205,0.38105185144053666,0.5906952078687597,0.4597290023924239
ds004446,sub-018,ses-01,C4_LOSO_SHRINKAGE,100,10.0,0.9,0.9720000000000001,28,0.0005897693937463403,0.0005259557737326512,0.0007665077983877673,0.4078747164535003,4.93547233214221e-13,4.646163103725625e-13,5.302397697604757e-13,0.043937987315397276,2.0973988110963557e-11,1.4051724957835961e-11,2.6046986711471168e-11,0.54588460196947,1.9021648275778086e-13,1.8025790501386944e-13,2.0951822033043005e-13,0.02458402798183676,0.00014817362034954195,0.0001237665561465786,0.00018181622893765638,0.39176792915210223,0.2883659694091576,0.2371523203389705,0.567427941095371,1.145334941678339
ds004446,sub-018,ses-08,C0_CURRENT_OVERLAP_EMPIRICAL,100,10.0,0.9107142857142857,0.974357142857143,25,0.00070361710548725,0.0006283327397176956,0.0007287918972631,0.14277532001309398,5.058541413880322e-13,4.510388593917681e-13,5.661246571761813e-13,0.07642559436621935,2.287527518910754e-11,1.996540496264574e-11,2.7564288788649328e-11,0.31827418808015995,1.6859488747733476e-13,1.546566138071511e-13,2.1006494005868162e-13,0.04741448627346076,0.0001209923909361,0.00010225544435225013,0.00014008577106312624,0.3126669876140272,0.32871633790689303,0.27792318670690364,0.5159546466720794,0.724124214452257
ds004446,sub-018,ses-08,C1_NONOVERLAP_EMPIRICAL,100,10.0,0.8821428571428571,0.9758571428571429,33,0.0007245059776542499,0.0005980279504642475,0.000815457064286505,0.3001067213083957,5.407010459409083e-13,4.41182011120325e-13,5.882706351067475e-13,0.09546863382350422,2.0339599524972873e-11,1.844806683971174e-11,2.6805951747799683e-11,0.39166081342375,1.714180142324292e-13,1.530455495799934e-13,2.2251544357626015e-13,0.059304102508434486,0.00011930719624624002,9.860752738611125e-05,0.000139740049466632,0.3447614480090978,0.3926688238831694,0.3288954688947215,0.5487986290716315,0.5600219492897089
ds004446,sub-018,ses-08,C2_NONOVERLAP_HARRELL_DAVIS,100,10.0,0.8964285714285715,0.9740000000000001,29,0.0007120085420033113,0.0006230698111422866,0.0007987558330935159,0.24674707021094305,5.403143204112135e-13,4.608459650054365e-13,5.967867605073481e-13,0.08825523057243273,2.1495451492492953e-11,1.875007267044796e-11,2.521784490765655e-11,0.28751466665903436,1.760709639037156e-13,1.4997611427825147e-13,2.2613538554539627e-13,0.06475737740718503,0.00012189085732328145,0.00010384252561477275,0.00014218314763730051,0.3145487902041019,0.3899099182924789,0.3262061146628196,0.5485755386528622,0.5703097396529132
ds004446,sub-018,ses-08,C3_BLOCK_SUBSAMPLE_EMPIRICAL,100,10.0,0.875,0.9684285714285713,35,0.0007285355899942,0.00056066850126208,0.000815457064286505,0.3497269950486927,5.198868384278144e-13,4.446954682095106e-13,6.080161921559545e-13,0.10745584461760616,1.919875874928933e-11,1.4770610614697262e-11,2.4117683848518935e-11,0.4627548330983724,1.7049505187863277e-13,1.5257165038020414e-13,2.2135087351036723e-13,0.05876079785196284,0.00011635007406726007,9.106832437628692e-05,0.00013685676282898,0.39354025707524076,0.4613777417183891,0.39738791680145275,0.5753467619604283,0.38571181283212086
ds004446,sub-018,ses-08,C4_LOSO_SHRINKAGE,100,10.0,0.9107142857142857,0.9774642857142859,25,0.0007298701996981628,0.0006398388658431622,0.0008152389615217221,0.24031683374767124,5.682641221136742e-13,4.768710472858227e-13,6.181563622866275e-13,0.09009025521184745,2.0527989580989508e-11,1.8712057111403293e-11,2.7147664869837276e-11,0.39184373100417724,1.959749737638664e-13,1.7285402590814669e-13,2.5837405220170524e-13,0.0715065349774147,0.00011800889689768116,9.999495130650069e-05,0.00014420306454392847,0.3746167791157421,0.3812829763195882,0.31720192535551706,0.520696230852298,0.5337093920649634
