dataset,subject,session,method,checkpoint_s,rest_windows_used,effective_shrinkage_weight,decision_agreement,accepted_set_jaccard,withheld_set_jaccard,accepted_count_difference,gate_c_windows_per_min_difference,longest_feedback_free_period_difference_s,acceptance_to_withhold_flips,withhold_to_acceptance_flips,rel_error_smr_snr,rel_error_high_beta_power,rel_error_broadband_power,rel_error_noise_floor_power,rel_error_transient_score,rel_error_channel_inconsistency
ds004447,sub-001,ses-01,C0_CURRENT_OVERLAP_EMPIRICAL,15,30,,0.940677966101695,0.36363636363636365,0.9385964912280702,-1,-1.0169491525423728,-4.0,4,3,0.020561770241622798,0.13404838504735633,0.05991644772027276,0.5875782501494264,0.2051768343919572,302.4623699594288
ds004447,sub-001,ses-01,C0_CURRENT_OVERLAP_EMPIRICAL,30,60,,0.940677966101695,0.4166666666666667,0.9380530973451328,1,1.0169491525423728,-4.0,3,4,0.076867175675482,0.13382778307136317,0.0707866061072296,0.551281546605912,0.7604164299343029,259.70507462934455
ds004447,sub-001,ses-01,C0_CURRENT_OVERLAP_EMPIRICAL,60,120,,0.9491525423728814,0.45454545454545453,0.9469026548672567,0,0.0,-4.0,3,3,0.028038325881258486,0.04204581017461525,0.08284070874961483,0.24270777122852216,0.20517683439195622,240.14707882048663
ds004447,sub-001,ses-01,C0_CURRENT_OVERLAP_EMPIRICAL,90,180,,0.9661016949152542,0.6,0.9642857142857143,0,0.0,-1.0,2,2,0.01868780128390466,0.02444373902282426,0.014057973653465193,0.003844454584592422,0.3409565667765359,211.83909365937893
ds004447,sub-001,ses-01,C0_CURRENT_OVERLAP_EMPIRICAL,full,210,,1.0,1.0,1.0,0,0.0,0.0,0,0,0.0,0.0,0.0,0.0,0.0,0.0
ds004447,sub-001,ses-01,C1_NONOVERLAP_EMPIRICAL,15,15,,0.9576271186440678,0.5833333333333334,0.954954954954955,-3,-3.050847457627119,-1.5,4,1,0.015803575486692385,0.12997471366578042,0.041495867825494394,0.7636108840091008,0.18851813982574317,0.34140659742457985
ds004447,sub-001,ses-01,C1_NONOVERLAP_EMPIRICAL,30,30,,0.9491525423728814,0.5384615384615384,0.9459459459459459,-2,-2.0338983050847457,-1.5,4,2,0.037362271722026656,0.11668568557735083,0.06862855951595054,0.68767103136156,0.3270908392544033,0.19961888125714364
ds004447,sub-001,ses-01,C1_NONOVERLAP_EMPIRICAL,60,60,,0.9491525423728814,0.5384615384615384,0.9459459459459459,-2,-2.0338983050847457,-1.5,4,2,0.07803690394425424,0.07590658690248828,0.03394534878462003,0.29279390618256884,0.07877671489922516,0.0042106463910158536
ds004447,sub-001,ses-01,C1_NONOVERLAP_EMPIRICAL,90,90,,0.9745762711864406,0.75,0.9724770642201835,-1,-1.0169491525423728,0.0,2,1,0.04150580441276972,0.005492711684967057,0.030132642679318627,0.0012806052518819823,0.3198139866061577,0.0527089254610965
ds004447,sub-001,ses-01,C1_NONOVERLAP_EMPIRICAL,full,105,,1.0,1.0,1.0,0,0.0,0.0,0,0,0.0,0.0,0.0,0.0,0.0,0.0
ds004447,sub-001,ses-01,C2_NONOVERLAP_HARRELL_DAVIS,15,15,,0.9491525423728814,0.5,0.9464285714285714,-6,-6.101694915254238,7.5,6,0,0.04632810309625109,0.15494030761131308,0.032213942353334635,0.7055596093304132,0.23382817911171433,0.3560793998336956
ds004447,sub-001,ses-01,C2_NONOVERLAP_HARRELL_DAVIS,30,30,,0.9661016949152542,0.6666666666666666,0.9636363636363636,-4,-4.067796610169491,2.5,4,0,0.034840610764490285,0.13675295227680517,0.07803677510386026,0.688113850786965,0.5871324449024155,0.23918358353443925
ds004447,sub-001,ses-01,C2_NONOVERLAP_HARRELL_DAVIS,60,60,,0.9576271186440678,0.6428571428571429,0.9541284403669725,-1,-1.0169491525423728,2.5,3,2,0.06863527001589591,0.06057771706512512,0.06611689825752143,0.23138032570258252,0.13453651933029862,0.07862395237414879
ds004447,sub-001,ses-01,C2_NONOVERLAP_HARRELL_DAVIS,90,90,,0.9661016949152542,0.6923076923076923,0.963302752293578,-2,-2.0338983050847457,4.0,3,1,0.05842500979998652,0.009336542322449553,0.04398714537621788,0.0010984839305180983,0.262510782926764,0.027633581880186678
ds004447,sub-001,ses-01,C2_NONOVERLAP_HARRELL_DAVIS,full,105,,1.0,1.0,1.0,0,0.0,0.0,0,0,0.0,0.0,0.0,0.0,0.0,0.0
ds004447,sub-001,ses-01,C3_BLOCK_SUBSAMPLE_EMPIRICAL,30,15,,0.940677966101695,0.46153846153846156,0.9375,-3,-3.050847457627119,-1.5,5,2,0.07045553944396213,0.06710871844023672,0.19858868669967963,0.47448341598890315,0.16786645563628685,0.10431146335220669
ds004447,sub-001,ses-01,C3_BLOCK_SUBSAMPLE_EMPIRICAL,60,30,,0.9576271186440678,0.5454545454545454,0.9553571428571429,-5,-5.084745762711865,4.0,5,0,0.04981785703205773,0.0026637036753549203,0.15835919604188,0.24925563004333529,0.06352972130457656,0.03710614192482333
ds004447,sub-001,ses-01,C3_BLOCK_SUBSAMPLE_EMPIRICAL,90,45,,0.9661016949152542,0.6363636363636364,0.963963963963964,-4,-4.067796610169491,3.0,4,0,0.046836518374263,0.054565319573289556,0.1167421786009867,0.0,0.18742450015700846,0.024734220595521723
ds004447,sub-001,ses-01,C3_BLOCK_SUBSAMPLE_EMPIRICAL,full,53,,1.0,1.0,1.0,0,0.0,0.0,0,0,0.0,0.0,0.0,0.0,0.0,0.0
ds004447,sub-001,ses-01,C4_LOSO_SHRINKAGE,15,15,0.42857142857142855,0.9152542372881356,0.0,0.9152542372881356,-8,-8.135593220338983,40.5,9,1,0.33072834465663475,0.09664368058866663,0.31171618623656194,0.2629817896842774,0.17707887859309507,0.18050540122536643
ds004447,sub-001,ses-01,C4_LOSO_SHRINKAGE,30,30,0.6,0.923728813559322,0.25,0.9217391304347826,-3,-3.050847457627119,15.5,6,3,0.21371167996528204,0.016585750819593303,0.21613444400021445,0.38145612646031507,0.14892375941603486,0.066236536269681
ds004447,sub-001,ses-01,C4_LOSO_SHRINKAGE,60,60,0.75,0.9491525423728814,0.45454545454545453,0.9469026548672567,-2,-2.0338983050847457,3.0,4,2,0.13656085620191988,0.0263136591770282,0.09220521724469177,0.2097735606820429,0.08164826242975234,0.07222228822548832
ds004447,sub-001,ses-01,C4_LOSO_SHRINKAGE,90,90,0.8181818181818182,0.9576271186440678,0.5454545454545454,0.9553571428571429,-1,-1.0169491525423728,2.0,3,2,0.055360658897208224,0.013024087257986176,0.04293300110369728,0.004983664163853235,0.27611592456192385,0.06731451115374112
ds004447,sub-001,ses-01,C4_LOSO_SHRINKAGE,full,105,0.84,1.0,1.0,1.0,0,0.0,0.0,0,0,0.0,0.0,0.0,0.0,0.0,0.0
ds004447,sub-001,ses-19,C0_CURRENT_OVERLAP_EMPIRICAL,15,30,,0.95,0.25,0.9491525423728814,-4,-4.0,1.5,5,1,0.22336582318623888,0.3552836727557064,0.3082683365883636,0.4746829442320911,0.8816374702991845,92676.89458869638
ds004447,sub-001,ses-19,C0_CURRENT_OVERLAP_EMPIRICAL,30,60,,0.9583333333333334,0.5833333333333334,0.9557522123893806,5,5.0,-7.0,0,5,0.1417239170333204,0.16866125292392936,0.06454636941726691,0.28242821636642307,0.3496942401165022,80976.36719576374
ds004447,sub-001,ses-19,C0_CURRENT_OVERLAP_EMPIRICAL,60,120,,0.9916666666666667,0.8571428571428571,0.9912280701754386,-1,-1.0,0.0,1,0,0.058846323638195974,0.05379797581112277,0.0016065198159492284,0.02695762539753371,0.2811996787564368,64640.48788784729
ds004447,sub-001,ses-19,C0_CURRENT_OVERLAP_EMPIRICAL,90,180,,1.0,1.0,1.0,0,0.0,0.0,0,0,0.006065429637885105,0.012348512223148679,0.00039532147541616967,0.002940063427558616,0.03861741770061467,60965.54655559506
ds004447,sub-001,ses-19,C0_CURRENT_OVERLAP_EMPIRICAL,full,214,,1.0,1.0,1.0,0,0.0,0.0,0,0,0.0,0.0,0.0,0.0,0.0,0.0
ds004447,sub-001,ses-19,C1_NONOVERLAP_EMPIRICAL,15,15,,0.9416666666666667,0.0,0.9416666666666667,-7,-7.0,32.5,7,0,0.7189098102374173,0.5378385716748009,0.28918963852706614,0.737736229806469,0.9104679561427675,1.3714899062980268
ds004447,sub-001,ses-19,C1_NONOVERLAP_EMPIRICAL,30,30,,0.9666666666666667,0.6363636363636364,0.9646017699115044,4,4.0,-7.0,0,4,0.09879998516992981,0.20508906299150562,0.06282918107577655,0.35848586530275117,0.5782075653365204,1.0810964636363014
ds004447,sub-001,ses-19,C1_NONOVERLAP_EMPIRICAL,60,60,,0.9916666666666667,0.8571428571428571,0.9912280701754386,-1,-1.0,1.5,1,0,0.028234185033365007,0.04697834755795471,0.0014046236058655136,0.034789388369241524,0.3115605850383687,0.3423666926019928
ds004447,sub-001,ses-19,C1_NONOVERLAP_EMPIRICAL,90,90,,0.9916666666666667,0.8571428571428571,0.9912280701754386,-1,-1.0,1.5,1,0,0.030421650257263205,0.014182129496932094,0.003006313719251804,0.004937110230263874,0.019688875617188684,0.2533425653269068
ds004447,sub-001,ses-19,C1_NONOVERLAP_EMPIRICAL,full,107,,1.0,1.0,1.0,0,0.0,0.0,0,0,0.0,0.0,0.0,0.0,0.0,0.0
ds004447,sub-001,ses-19,C2_NONOVERLAP_HARRELL_DAVIS,15,15,,0.9333333333333333,0.0,0.9333333333333333,-8,-8.0,32.5,8,0,1.0162228006310003,0.6073155540181572,0.40145033427122406,0.7959872032610079,2.982377425548746,1.9434745064130385
ds004447,sub-001,ses-19,C2_NONOVERLAP_HARRELL_DAVIS,30,30,,0.9833333333333333,0.7777777777777778,0.9823008849557522,0,0.0,0.0,1,1,0.05208140877142231,0.26740280364888325,0.0686844178738625,0.34306275790329543,0.853701099678983,1.0368213794594368
ds004447,sub-001,ses-19,C2_NONOVERLAP_HARRELL_DAVIS,60,60,,0.9833333333333333,0.75,0.9824561403508771,-2,-2.0,0.0,2,0,0.07935428209552059,0.061490283913803664,0.0069606247932687175,0.054887005855370374,0.22199233869473275,0.4615282142547611
ds004447,sub-001,ses-19,C2_NONOVERLAP_HARRELL_DAVIS,90,90,,0.9833333333333333,0.75,0.9824561403508771,-2,-2.0,1.5,2,0,0.03143699712885328,0.01975911200315952,0.01062082681338754,0.006606469788529706,0.03462291454029915,0.25420156450964904
ds004447,sub-001,ses-19,C2_NONOVERLAP_HARRELL_DAVIS,full,107,,1.0,1.0,1.0,0,0.0,0.0,0,0,0.0,0.0,0.0,0.0,0.0,0.0
ds004447,sub-001,ses-19,C3_BLOCK_SUBSAMPLE_EMPIRICAL,30,15,,0.975,0.7,0.9734513274336283,3,3.0,-7.0,0,3,0.10952519950962478,0.445239833997933,0.10144488570253817,0.3902995250553254,0.39614806700500815,0.8852988588168396
ds004447,sub-001,ses-19,C3_BLOCK_SUBSAMPLE_EMPIRICAL,60,30,,0.9833333333333333,0.75,0.9824561403508771,0,0.0,0.0,1,1,0.059392987793670984,0.048567189721699836,0.06133840010517717,0.11294589641835803,0.17188323021809576,0.5461982491950652
ds004447,sub-001,ses-19,C3_BLOCK_SUBSAMPLE_EMPIRICAL,90,45,,1.0,1.0,1.0,0,0.0,0.0,0,0,0.0006471203882540558,0.004377570358351731,0.0014026534057810164,0.0032700590873736566,0.028134219291299344,0.2829516906309677
ds004447,sub-001,ses-19,C3_BLOCK_SUBSAMPLE_EMPIRICAL,full,54,,1.0,1.0,1.0,0,0.0,0.0,0,0,0.0,0.0,0.0,0.0,0.0,0.0
ds004447,sub-001,ses-19,C4_LOSO_SHRINKAGE,15,15,0.42857142857142855,0.9416666666666667,0.0,0.9416666666666667,-7,-7.0,32.5,7,0,0.511400318084441,0.36804718207195625,0.3094464173567778,0.3870958459034827,0.7712784089439799,0.44736041883565947
ds004447,sub-001,ses-19,C4_LOSO_SHRINKAGE,30,30,0.6,0.95,0.3333333333333333,0.9487179487179487,-2,-2.0,-8.5,4,2,0.0808329152627076,0.20432458170657086,0.14896695630267537,0.25572755438073,0.5500430857778631,0.5873271569864044
ds004447,sub-001,ses-19,C4_LOSO_SHRINKAGE,60,60,0.75,0.9666666666666667,0.42857142857142855,0.9658119658119658,-4,-4.0,1.5,4,0,0.0707913112262683,0.06690983809542256,0.04253829869755707,0.043310886126971565,0.29390916513962656,0.23401877235190627
ds004447,sub-001,ses-19,C4_LOSO_SHRINKAGE,90,90,0.8181818181818182,0.9666666666666667,0.42857142857142855,0.9658119658119658,-4,-4.0,1.5,4,0,0.03624951573873421,0.019802212127724723,0.009169024116492234,0.008655596925589796,0.01294448962950196,0.21090881441559084
ds004447,sub-001,ses-19,C4_LOSO_SHRINKAGE,full,107,0.84251968503937,1.0,1.0,1.0,0,0.0,0.0,0,0,0.0,0.0,0.0,0.0,0.0,0.0
ds004447,sub-002,ses-01,C0_CURRENT_OVERLAP_EMPIRICAL,15,30,,0.9491525423728814,0.14285714285714285,0.9487179487179487,2,2.0338983050847457,-13.0,2,4,0.217535126852548,0.049068264471033726,0.24680142412705716,0.030342517798549663,0.19327525941088908,3626.460064485357
ds004447,sub-002,ses-01,C0_CURRENT_OVERLAP_EMPIRICAL,30,60,,0.9576271186440678,0.2857142857142857,0.9568965517241379,3,3.050847457627119,-13.5,1,4,0.22911616072053048,0.043353588318001776,0.21257709889290033,0.002355338759446764,0.21385277137972364,4128.42722425273
ds004447,sub-002,ses-01,C0_CURRENT_OVERLAP_EMPIRICAL,60,120,,0.9830508474576272,0.5,0.9827586206896551,0,0.0,0.0,1,1,0.13502210798864225,0.027439286009139436,0.08917095812429554,0.015395344578596442,0.15654539169431902,3693.4518777612257
ds004447,sub-002,ses-01,C0_CURRENT_OVERLAP_EMPIRICAL,90,180,,0.9830508474576272,0.5,0.9827586206896551,0,0.0,0.0,1,1,0.11432562846579379,0.01336598947683863,0.021840105229112398,0.008546235757939233,0.0828175620576401,3604.578117634265
ds004447,sub-002,ses-01,C0_CURRENT_OVERLAP_EMPIRICAL,full,204,,1.0,1.0,1.0,0,0.0,0.0,0,0,0.0,0.0,0.0,0.0,0.0,0.0
ds004447,sub-002,ses-01,C1_NONOVERLAP_EMPIRICAL,15,15,,0.923728813559322,0.0,0.923728813559322,7,7.118644067796611,-32.0,1,8,0.5165227141347953,0.025157817428886002,0.28395917642958474,0.01680762744530618,0.07736274357524228,0.17026324736511098
ds004447,sub-002,ses-01,C1_NONOVERLAP_EMPIRICAL,30,30,,0.9915254237288136,0.5,0.9914529914529915,1,1.0169491525423728,-12.0,0,1,0.187294389286369,0.020468919441735133,0.18273514126162063,0.0,0.2348486922821411,0.2725454967948936
ds004447,sub-002,ses-01,C1_NONOVERLAP_EMPIRICAL,60,60,,1.0,1.0,1.0,0,0.0,0.0,0,0,0.0945525512368089,0.021078608710378508,0.07025139213347925,0.009108304437677257,0.1582456853574946,0.18364812597796903
ds004447,sub-002,ses-01,C1_NONOVERLAP_EMPIRICAL,90,90,,1.0,1.0,1.0,0,0.0,0.0,0,0,0.020012394434032493,0.011277364031214033,0.03159000895253731,0.0032870064029395887,0.08164267843284684,0.09677161756979388
ds004447,sub-002,ses-01,C1_NONOVERLAP_EMPIRICAL,full,102,,1.0,1.0,1.0,0,0.0,0.0,0,0,0.0,0.0,0.0,0.0,0.0,0.0
ds004447,sub-002,ses-01,C2_NONOVERLAP_HARRELL_DAVIS,15,15,,0.9745762711864406,0.25,0.9743589743589743,3,3.050847457627119,-22.0,0,3,0.34941680029501526,0.020706582364695972,0.20926382005216587,0.02473914743886787,0.03840258247028617,0.20010952211687852
ds004447,sub-002,ses-01,C2_NONOVERLAP_HARRELL_DAVIS,30,30,,0.9830508474576272,0.3333333333333333,0.9829059829059829,2,2.0338983050847457,-17.5,0,2,0.20077086044607062,0.017767920774223563,0.16960634712036743,0.0037966854787458816,0.1280873897947979,0.24433895761399244
ds004447,sub-002,ses-01,C2_NONOVERLAP_HARRELL_DAVIS,60,60,,1.0,1.0,1.0,0,0.0,0.0,0,0,0.06353113465828156,0.019812552745645414,0.08560582286256836,0.00926793775186506,0.127769222801214,0.14212585777848233
ds004447,sub-002,ses-01,C2_NONOVERLAP_HARRELL_DAVIS,90,90,,0.9915254237288136,0.5,0.9914529914529915,1,1.0169491525423728,-5.5,0,1,0.039165821133175294,0.012083598618265029,0.0469665040533215,0.005006791305461185,0.07159245366273904,0.08913591324362612
ds004447,sub-002,ses-01,C2_NONOVERLAP_HARRELL_DAVIS,full,102,,1.0,1.0,1.0,0,0.0,0.0,0,0,0.0,0.0,0.0,0.0,0.0,0.0
ds004447,sub-002,ses-01,C3_BLOCK_SUBSAMPLE_EMPIRICAL,30,15,,1.0,1.0,1.0,0,0.0,0.0,0,0,0.09070191420011026,0.0034816683579135584,0.160122617003818,0.005007302996486554,0.3108115030870705,0.1263651055246483
ds004447,sub-002,ses-01,C3_BLOCK_SUBSAMPLE_EMPIRICAL,60,30,,1.0,1.0,1.0,0,0.0,0.0,0,0,0.11714535532192219,0.009062546661375915,0.043829417785759384,0.004813158290550933,0.2668287432162585,0.11069401357043991
ds004447,sub-002,ses-01,C3_BLOCK_SUBSAMPLE_EMPIRICAL,90,45,,0.9915254237288136,0.5,0.9914529914529915,1,1.0169491525423728,-12.5,0,1,0.09942194963303388,0.00818344589046014,0.027257391795918445,0.00017399869194618893,0.1602927248625144,0.014217130021764295
ds004447,sub-002,ses-01,C3_BLOCK_SUBSAMPLE_EMPIRICAL,full,51,,1.0,1.0,1.0,0,0.0,0.0,0,0,0.0,0.0,0.0,0.0,0.0,0.0
ds004447,sub-002,ses-01,C4_LOSO_SHRINKAGE,15,15,0.42857142857142855,1.0,1.0,1.0,0,0.0,0.0,0,0,0.18055706821547093,0.1905330384496618,0.26649828838078826,0.07829319471046452,0.417460670022365,0.2515099441405992
ds004447,sub-002,ses-01,C4_LOSO_SHRINKAGE,30,30,0.6,1.0,1.0,1.0,0,0.0,0.0,0,0,0.11810679273328091,0.10482916572409197,0.1210716892387874,0.041302819501472667,0.14190937648028412,0.00814018451324158
ds004447,sub-002,ses-01,C4_LOSO_SHRINKAGE,60,60,0.75,1.0,1.0,1.0,0,0.0,0.0,0,0,0.017561793197179154,0.027801337461295553,0.03331854994632277,0.008423028080692424,0.0035316193402879473,0.08565458920889799
ds004447,sub-002,ses-01,C4_LOSO_SHRINKAGE,90,90,0.8181818181818182,1.0,1.0,1.0,0,0.0,0.0,0,0,0.0022541318179366714,0.0003140984783138548,0.005756716329210908,0.0005167704614341587,0.035332604921357744,0.07515375145690038
ds004447,sub-002,ses-01,C4_LOSO_SHRINKAGE,full,102,0.8360655737704918,1.0,1.0,1.0,0,0.0,0.0,0,0,0.0,0.0,0.0,0.0,0.0,0.0
ds004447,sub-002,ses-19,C0_CURRENT_OVERLAP_EMPIRICAL,15,30,,0.95,0.25,0.9491525423728814,-4,-4.0,1.5,5,1,0.22336582318623888,0.3552836727557064,0.3082683365883636,0.4746829442320911,0.8816374702991845,92676.89458869638
ds004447,sub-002,ses-19,C0_CURRENT_OVERLAP_EMPIRICAL,30,60,,0.9583333333333334,0.5833333333333334,0.9557522123893806,5,5.0,-7.0,0,5,0.1417239170333204,0.16866125292392936,0.06454636941726691,0.28242821636642307,0.3496942401165022,80976.36719576374
ds004447,sub-002,ses-19,C0_CURRENT_OVERLAP_EMPIRICAL,60,120,,0.9916666666666667,0.8571428571428571,0.9912280701754386,-1,-1.0,0.0,1,0,0.058846323638195974,0.05379797581112277,0.0016065198159492284,0.02695762539753371,0.2811996787564368,64640.48788784729
ds004447,sub-002,ses-19,C0_CURRENT_OVERLAP_EMPIRICAL,90,180,,1.0,1.0,1.0,0,0.0,0.0,0,0,0.006065429637885105,0.012348512223148679,0.00039532147541616967,0.002940063427558616,0.03861741770061467,60965.54655559506
ds004447,sub-002,ses-19,C0_CURRENT_OVERLAP_EMPIRICAL,full,214,,1.0,1.0,1.0,0,0.0,0.0,0,0,0.0,0.0,0.0,0.0,0.0,0.0
ds004447,sub-002,ses-19,C1_NONOVERLAP_EMPIRICAL,15,15,,0.9416666666666667,0.0,0.9416666666666667,-7,-7.0,32.5,7,0,0.7189098102374173,0.5378385716748009,0.28918963852706614,0.737736229806469,0.9104679561427675,1.3714899062980268
ds004447,sub-002,ses-19,C1_NONOVERLAP_EMPIRICAL,30,30,,0.9666666666666667,0.6363636363636364,0.9646017699115044,4,4.0,-7.0,0,4,0.09879998516992981,0.20508906299150562,0.06282918107577655,0.35848586530275117,0.5782075653365204,1.0810964636363014
ds004447,sub-002,ses-19,C1_NONOVERLAP_EMPIRICAL,60,60,,0.9916666666666667,0.8571428571428571,0.9912280701754386,-1,-1.0,1.5,1,0,0.028234185033365007,0.04697834755795471,0.0014046236058655136,0.034789388369241524,0.3115605850383687,0.3423666926019928
ds004447,sub-002,ses-19,C1_NONOVERLAP_EMPIRICAL,90,90,,0.9916666666666667,0.8571428571428571,0.9912280701754386,-1,-1.0,1.5,1,0,0.030421650257263205,0.014182129496932094,0.003006313719251804,0.004937110230263874,0.019688875617188684,0.2533425653269068
ds004447,sub-002,ses-19,C1_NONOVERLAP_EMPIRICAL,full,107,,1.0,1.0,1.0,0,0.0,0.0,0,0,0.0,0.0,0.0,0.0,0.0,0.0
ds004447,sub-002,ses-19,C2_NONOVERLAP_HARRELL_DAVIS,15,15,,0.9333333333333333,0.0,0.9333333333333333,-8,-8.0,32.5,8,0,1.0162228006310003,0.6073155540181572,0.40145033427122406,0.7959872032610079,2.982377425548746,1.9434745064130385
ds004447,sub-002,ses-19,C2_NONOVERLAP_HARRELL_DAVIS,30,30,,0.9833333333333333,0.7777777777777778,0.9823008849557522,0,0.0,0.0,1,1,0.05208140877142231,0.26740280364888325,0.0686844178738625,0.34306275790329543,0.853701099678983,1.0368213794594368
ds004447,sub-002,ses-19,C2_NONOVERLAP_HARRELL_DAVIS,60,60,,0.9833333333333333,0.75,0.9824561403508771,-2,-2.0,0.0,2,0,0.07935428209552059,0.061490283913803664,0.0069606247932687175,0.054887005855370374,0.22199233869473275,0.4615282142547611
ds004447,sub-002,ses-19,C2_NONOVERLAP_HARRELL_DAVIS,90,90,,0.9833333333333333,0.75,0.9824561403508771,-2,-2.0,1.5,2,0,0.03143699712885328,0.01975911200315952,0.01062082681338754,0.006606469788529706,0.03462291454029915,0.25420156450964904
ds004447,sub-002,ses-19,C2_NONOVERLAP_HARRELL_DAVIS,full,107,,1.0,1.0,1.0,0,0.0,0.0,0,0,0.0,0.0,0.0,0.0,0.0,0.0
ds004447,sub-002,ses-19,C3_BLOCK_SUBSAMPLE_EMPIRICAL,30,15,,0.975,0.7,0.9734513274336283,3,3.0,-7.0,0,3,0.10952519950962478,0.445239833997933,0.10144488570253817,0.3902995250553254,0.39614806700500815,0.8852988588168396
ds004447,sub-002,ses-19,C3_BLOCK_SUBSAMPLE_EMPIRICAL,60,30,,0.9833333333333333,0.75,0.9824561403508771,0,0.0,0.0,1,1,0.059392987793670984,0.048567189721699836,0.06133840010517717,0.11294589641835803,0.17188323021809576,0.5461982491950652
ds004447,sub-002,ses-19,C3_BLOCK_SUBSAMPLE_EMPIRICAL,90,45,,1.0,1.0,1.0,0,0.0,0.0,0,0,0.0006471203882540558,0.004377570358351731,0.0014026534057810164,0.0032700590873736566,0.028134219291299344,0.2829516906309677
ds004447,sub-002,ses-19,C3_BLOCK_SUBSAMPLE_EMPIRICAL,full,54,,1.0,1.0,1.0,0,0.0,0.0,0,0,0.0,0.0,0.0,0.0,0.0,0.0
ds004447,sub-002,ses-19,C4_LOSO_SHRINKAGE,15,15,0.42857142857142855,0.95,0.0,0.95,-6,-6.0,32.5,6,0,0.5310053422787693,0.37880385033250535,0.3345541431241072,0.3922944923248691,0.7761450637300951,0.4545086356167444
ds004447,sub-002,ses-19,C4_LOSO_SHRINKAGE,30,30,0.6,0.95,0.25,0.9491525423728814,-2,-2.0,1.5,4,2,0.09434481605246577,0.210680371696703,0.16402680690389568,0.25870616293891785,0.5526370644897481,0.5904492354890885
ds004447,sub-002,ses-19,C4_LOSO_SHRINKAGE,60,60,0.75,0.975,0.5,0.9743589743589743,-3,-3.0,1.5,3,0,0.07557603849495788,0.06938705800579714,0.04843826048652178,0.044573022021410405,0.2946784596055688,0.23517719326212305
ds004447,sub-002,ses-19,C4_LOSO_SHRINKAGE,90,90,0.8181818181818182,0.975,0.5,0.9743589743589743,-3,-3.0,1.5,3,0,0.03734493723343952,0.02044338567907354,0.010742924415351868,0.008993958758347012,0.013315525866834509,0.21072410165141406
ds004447,sub-002,ses-19,C4_LOSO_SHRINKAGE,full,107,0.84251968503937,1.0,1.0,1.0,0,0.0,0.0,0,0,0.0,0.0,0.0,0.0,0.0,0.0
ds004447,sub-003,ses-01,C0_CURRENT_OVERLAP_EMPIRICAL,15,30,,0.9666666666666667,0.8260869565217391,0.9603960396039604,2,2.0,0.0,1,3,0.04152924248144603,0.11871526849145926,0.003966034434766256,0.049059410364082984,0.16280820155541745,1.0718382544126868
ds004447,sub-003,ses-01,C0_CURRENT_OVERLAP_EMPIRICAL,30,60,,0.9833333333333333,0.9090909090909091,0.98,2,2.0,0.0,0,2,0.009990305958419201,0.06373575274349905,0.2528448695827399,0.0872414053575011,0.16617150095110608,1.0987721171701779
ds004447,sub-003,ses-01,C0_CURRENT_OVERLAP_EMPIRICAL,60,120,,0.925,0.625,0.9142857142857143,-1,-1.0,-0.5,5,4,0.13433971016733434,0.27705416397431964,0.2528448695827399,0.2599567594266617,0.11892765917014032,0.4472119530965308
ds004447,sub-003,ses-01,C0_CURRENT_OVERLAP_EMPIRICAL,90,180,,0.9833333333333333,0.9090909090909091,0.98,2,2.0,0.0,0,2,0.019267199721726865,0.0752701026403288,0.06971564315051867,0.06723816963500742,0.026661145747705374,0.18083685694709192
ds004447,sub-003,ses-01,C0_CURRENT_OVERLAP_EMPIRICAL,120,240,,0.9916666666666667,0.9523809523809523,0.99,1,1.0,0.0,0,1,0.010208465510766858,0.027839789431847166,0.04026095177511197,0.03258655124637308,0.002939370278171063,0.11997897429590887
ds004447,sub-003,ses-01,C0_CURRENT_OVERLAP_EMPIRICAL,full,284,,1.0,1.0,1.0,0,0.0,0.0,0,0,0.0,0.0,0.0,0.0,0.0,0.0
ds004447,sub-003,ses-01,C1_NONOVERLAP_EMPIRICAL,15,15,,0.9416666666666667,0.72,0.9313725490196079,1,1.0,0.0,3,4,0.09855021518718632,0.18048420626058867,0.04206308460522227,0.08044646780664363,0.08291542351749694,1.0891021767467952
ds004447,sub-003,ses-01,C1_NONOVERLAP_EMPIRICAL,30,30,,0.9666666666666667,0.84,0.9595959595959596,4,4.0,0.0,0,4,0.014549862484812597,0.08093056427749934,0.22641269158609947,0.13398798815579221,0.18473738591369787,1.2582525847982906
ds004447,sub-003,ses-01,C1_NONOVERLAP_EMPIRICAL,60,60,,0.9416666666666667,0.7307692307692307,0.9306930693069307,3,3.0,-0.5,2,5,0.05699770490830688,0.30150086028225337,0.2633460547681444,0.257706716979809,0.13366624462417986,0.31732457186253654
ds004447,sub-003,ses-01,C1_NONOVERLAP_EMPIRICAL,90,90,,0.9666666666666667,0.84,0.9595959595959596,4,4.0,0.0,0,4,0.0026418192162989003,0.10181347718068572,0.009587853205413499,0.08386978299245428,0.04300597385572338,0.12150123355609063
ds004447,sub-003,ses-01,C1_NONOVERLAP_EMPIRICAL,120,120,,0.975,0.875,0.9696969696969697,3,3.0,0.0,0,3,0.0010391130021446696,0.047066756147957634,0.026971079213145,0.049581727801736294,0.018906538878889285,0.007635556720074562
ds004447,sub-003,ses-01,C1_NONOVERLAP_EMPIRICAL,full,142,,1.0,1.0,1.0,0,0.0,0.0,0,0,0.0,0.0,0.0,0.0,0.0,0.0
ds004447,sub-003,ses-01,C2_NONOVERLAP_HARRELL_DAVIS,15,15,,0.9416666666666667,0.7083333333333334,0.9320388349514563,-1,-1.0,0.5,4,3,0.13254676761658676,0.26357798670706317,0.1262135358790906,0.10677130948876273,0.12961076130274446,1.0139483630295267
ds004447,sub-003,ses-01,C2_NONOVERLAP_HARRELL_DAVIS,30,30,,0.9666666666666667,0.8333333333333334,0.96,2,2.0,0.0,1,3,0.007316403427071255,0.1022447445871469,0.21584365822062568,0.15225007992779374,0.2018227193040122,1.1234367670168308
ds004447,sub-003,ses-01,C2_NONOVERLAP_HARRELL_DAVIS,60,60,,0.95,0.76,0.9405940594059405,2,2.0,-0.5,2,4,0.08584132668114518,0.27315673494570125,0.32470467145599247,0.27546084006671184,0.14903961508858984,0.3299568013778335
ds004447,sub-003,ses-01,C2_NONOVERLAP_HARRELL_DAVIS,90,90,,0.9666666666666667,0.8333333333333334,0.96,2,2.0,0.0,1,3,0.02834589766320709,0.11205504306039786,0.0547101557687464,0.10783736278963191,0.05692750209755329,0.13054916118075793
ds004447,sub-003,ses-01,C2_NONOVERLAP_HARRELL_DAVIS,120,120,,0.9833333333333333,0.9090909090909091,0.98,0,0.0,0.0,1,1,0.005851780714273106,0.04697297879365174,0.056760460969036725,0.049245706326323725,0.018477388055674372,0.005737478826594574
ds004447,sub-003,ses-01,C2_NONOVERLAP_HARRELL_DAVIS,full,142,,1.0,1.0,1.0,0,0.0,0.0,0,0,0.0,0.0,0.0,0.0,0.0,0.0
ds004447,sub-003,ses-01,C3_BLOCK_SUBSAMPLE_EMPIRICAL,30,15,,0.975,0.8636363636363636,0.9702970297029703,3,3.0,0.0,0,3,0.04290307820316486,0.05514328907759907,0.15922422641273135,0.09543434324730349,0.20771450682619344,1.496448732426113
ds004447,sub-003,ses-01,C3_BLOCK_SUBSAMPLE_EMPIRICAL,60,30,,0.9416666666666667,0.7307692307692307,0.9306930693069307,7,7.0,-0.5,0,7,0.07352419708308086,0.20124923965785493,0.3379002042564365,0.3197110080395145,0.1538035837141097,0.5721017483456167
ds004447,sub-003,ses-01,C3_BLOCK_SUBSAMPLE_EMPIRICAL,90,45,,0.95,0.76,0.9405940594059405,6,6.0,0.0,0,6,0.07422871325792696,0.07739736789687417,0.00011709098568290785,0.12297408257282902,0.04635476536836906,0.37822786191104407
ds004447,sub-003,ses-01,C3_BLOCK_SUBSAMPLE_EMPIRICAL,120,60,,0.9666666666666667,0.8260869565217391,0.9603960396039604,4,4.0,0.0,0,4,0.058096218280648544,0.04179155926339723,0.021049670394797212,0.06847202162448426,0.06476097246851359,0.04531516048630757
ds004447,sub-003,ses-01,C3_BLOCK_SUBSAMPLE_EMPIRICAL,full,71,,1.0,1.0,1.0,0,0.0,0.0,0,0,0.0,0.0,0.0,0.0,0.0,0.0
ds004447,sub-003,ses-01,C4_LOSO_SHRINKAGE,15,15,0.42857142857142855,0.9166666666666666,0.5,0.9090909090909091,-10,-10.0,6.0,10,0,0.12006466310502571,0.06876673430889145,0.044973351171795364,0.08538208797369072,0.05412413620158908,0.22225542424557684
ds004447,sub-003,ses-01,C4_LOSO_SHRINKAGE,30,30,0.6,0.9833333333333333,0.9047619047619048,0.9801980198019802,0,0.0,0.0,1,1,0.040070891110342975,0.04326141517533297,0.17219996269456633,0.008372236956118415,0.0577122091524604,0.640112930472613
ds004447,sub-003,ses-01,C4_LOSO_SHRINKAGE,60,60,0.75,0.9583333333333334,0.7916666666666666,0.9504950495049505,3,3.0,0.0,1,4,0.06406461279386184,0.22419468974481563,0.21180566389044886,0.16554307988927278,0.07717380091914507,0.1771343041123107
ds004447,sub-003,ses-01,C4_LOSO_SHRINKAGE,90,90,0.8181818181818182,0.9833333333333333,0.9090909090909091,0.98,2,2.0,0.0,0,2,0.012373471042273208,0.08236065771462112,0.01587614349506453,0.05514421707937787,0.024268477955516964,0.07054152751417363
ds004447,sub-003,ses-01,C4_LOSO_SHRINKAGE,120,120,0.8571428571428571,1.0,1.0,1.0,0,0.0,0.0,0,0,0.004281574906680551,0.04006061729273042,0.025433544560865575,0.03867536310420659,0.012688707895038981,0.019202707143584755
ds004447,sub-003,ses-01,C4_LOSO_SHRINKAGE,full,142,0.8765432098765432,1.0,1.0,1.0,0,0.0,0.0,0,0,0.0,0.0,0.0,0.0,0.0,0.0
ds004447,sub-003,ses-19,C0_CURRENT_OVERLAP_EMPIRICAL,15,30,,0.9166666666666666,0.5238095238095238,0.908256880733945,4,4.0,0.0,3,7,0.08505447382495004,0.05836725859588456,0.11066853894830754,0.250015635567271,0.3349206483902582,0.4993022925209218
ds004447,sub-003,ses-19,C0_CURRENT_OVERLAP_EMPIRICAL,30,60,,0.925,0.5263157894736842,0.9181818181818182,1,1.0,1.0,4,5,0.025436222856309434,0.0005801677274680152,0.19559937566943653,0.04219383337836642,0.23830892289237968,0.2515394296994028
ds004447,sub-003,ses-19,C0_CURRENT_OVERLAP_EMPIRICAL,60,120,,0.9583333333333334,0.7058823529411765,0.9537037037037037,1,1.0,-2.5,2,3,0.020707437649443935,0.018081114352229574,0.06843510869466558,0.03002577769014173,0.03435083573234497,0.09598187123783963
ds004447,sub-003,ses-19,C0_CURRENT_OVERLAP_EMPIRICAL,90,180,,0.9666666666666667,0.75,0.9629629629629629,0,0.0,-2.5,2,2,0.010063074220473136,0.00957642756496997,0.044025546735642726,0.003228439133322426,0.032203908499073425,0.04165213167808376
ds004447,sub-003,ses-19,C0_CURRENT_OVERLAP_EMPIRICAL,full,202,,1.0,1.0,1.0,0,0.0,0.0,0,0,0.0,0.0,0.0,0.0,0.0,0.0
ds004447,sub-003,ses-19,C1_NONOVERLAP_EMPIRICAL,15,15,,0.9416666666666667,0.6111111111111112,0.9357798165137615,7,7.0,0.0,0,7,0.004748015166208969,0.155976483259934,0.12753758427379086,0.3603818069429668,0.32719171035025274,0.4887875510760441
ds004447,sub-003,ses-19,C1_NONOVERLAP_EMPIRICAL,30,30,,0.9583333333333334,0.6153846153846154,0.9553571428571429,-1,-1.0,0.0,3,2,0.006529604700321245,0.027864045985361307,0.16761775664416884,0.0875470512402501,0.24603786093216626,0.11072050685651183
ds004447,sub-003,ses-19,C1_NONOVERLAP_EMPIRICAL,60,60,,0.9666666666666667,0.7142857142857143,0.9636363636363636,2,2.0,0.0,1,3,0.06957727693351173,0.030915132422258004,0.12352953400245012,0.03259341759589043,0.04250915921874138,0.13543773268167864
ds004447,sub-003,ses-19,C1_NONOVERLAP_EMPIRICAL,90,90,,0.9833333333333333,0.8181818181818182,0.9819819819819819,-2,-2.0,0.0,2,0,0.006437944090107774,0.014950076979898225,0.05567686443443776,9.112375044099374e-05,0.02554843407593108,0.0204918167208822
ds004447,sub-003,ses-19,C1_NONOVERLAP_EMPIRICAL,full,101,,1.0,1.0,1.0,0,0.0,0.0,0,0,0.0,0.0,0.0,0.0,0.0,0.0
ds004447,sub-003,ses-19,C2_NONOVERLAP_HARRELL_DAVIS,15,15,,0.9166666666666666,0.5,0.9090909090909091,10,10.0,-1.0,0,10,0.005763415316877278,0.2145454707019786,0.3616342447433921,0.43423699622726014,0.31353249622749607,0.4499552546680739
ds004447,sub-003,ses-19,C2_NONOVERLAP_HARRELL_DAVIS,30,30,,0.9833333333333333,0.8333333333333334,0.9818181818181818,2,2.0,0.0,0,2,0.0029283066886362855,0.017751825095510692,0.052066201894286616,0.11382848461428528,0.1557044376319523,0.11327185058242259
ds004447,sub-003,ses-19,C2_NONOVERLAP_HARRELL_DAVIS,60,60,,0.975,0.7692307692307693,0.9727272727272728,3,3.0,0.0,0,3,0.06349137564141939,0.026050592698199447,0.09408476078486554,0.046768363430202596,0.01731832177880417,0.09977173272511985
ds004447,sub-003,ses-19,C2_NONOVERLAP_HARRELL_DAVIS,90,90,,0.9833333333333333,0.8181818181818182,0.9819819819819819,0,0.0,0.0,1,1,0.033582575829778284,0.01374262504767884,0.019390159645064593,0.0032839923819061763,0.02843335884365411,0.0036261562644037976
ds004447,sub-003,ses-19,C2_NONOVERLAP_HARRELL_DAVIS,full,101,,1.0,1.0,1.0,0,0.0,0.0,0,0,0.0,0.0,0.0,0.0,0.0,0.0
ds004447,sub-003,ses-19,C3_BLOCK_SUBSAMPLE_EMPIRICAL,30,15,,0.9583333333333334,0.6875,0.9541284403669725,5,5.0,0.0,0,5,0.11966720919310771,0.06154155865754178,0.10574772954954494,0.03421475396895305,0.03486653839368914,0.06691599651191395
ds004447,sub-003,ses-19,C3_BLOCK_SUBSAMPLE_EMPIRICAL,60,30,,0.9666666666666667,0.6923076923076923,0.963963963963964,0,0.0,0.0,2,2,0.0869625983424714,0.027048088432729052,0.0239233791495421,0.008208526048960087,0.2074162823783485,0.04486812274294775
ds004447,sub-003,ses-19,C3_BLOCK_SUBSAMPLE_EMPIRICAL,90,45,,0.9916666666666667,0.9090909090909091,0.990909090909091,-1,-1.0,0.0,1,0,0.002294511511307219,0.020472474885024027,0.007283698419473046,0.017190076929074347,0.042790751665440385,0.031041805251893536
ds004447,sub-003,ses-19,C3_BLOCK_SUBSAMPLE_EMPIRICAL,full,51,,1.0,1.0,1.0,0,0.0,0.0,0,0,0.0,0.0,0.0,0.0,0.0,0.0
ds004447,sub-003,ses-19,C4_LOSO_SHRINKAGE,15,15,0.42857142857142855,0.925,0.25,0.9230769230769231,-3,-3.0,16.5,6,3,0.11208508047496701,0.11169381064028522,0.20102694967517198,0.15387898196008012,0.12001923803483722,0.09860401083900958
ds004447,sub-003,ses-19,C4_LOSO_SHRINKAGE,30,30,0.6,0.9583333333333334,0.5833333333333334,0.9557522123893806,1,1.0,3.5,2,3,0.059909351491926346,0.04304680626854812,0.00793200473165863,0.05218951589122663,0.13652634710087336,0.11909959037568722
ds004447,sub-003,ses-19,C4_LOSO_SHRINKAGE,60,60,0.75,0.9916666666666667,0.9,0.990990990990991,1,1.0,0.0,0,1,0.02687104388578021,0.013135798283747533,0.05577940320187883,0.024324174810148633,0.02769041109834462,0.04525375674160249
ds004447,sub-003,ses-19,C4_LOSO_SHRINKAGE,90,90,0.8181818181818182,1.0,1.0,1.0,0,0.0,0.0,0,0,0.000548797157601236,0.010126185825897057,0.036686135746129694,9.934368483055468e-05,0.0219576584918138,0.0053572520568722715
ds004447,sub-003,ses-19,C4_LOSO_SHRINKAGE,full,101,0.8347107438016529,1.0,1.0,1.0,0,0.0,0.0,0,0,0.0,0.0,0.0,0.0,0.0,0.0
ds004447,sub-004,ses-01,C0_CURRENT_OVERLAP_EMPIRICAL,15,30,,0.8189655172413793,0.4473684210526316,0.7878787878787878,21,21.724137931034484,-7.0,0,21,0.18737500229343157,0.09244038536766887,0.2578843176653328,0.14568270787171178,0.44268955072274807,0.2154257835673542
ds004447,sub-004,ses-01,C0_CURRENT_OVERLAP_EMPIRICAL,30,60,,0.8620689655172413,0.36,0.8504672897196262,0,0.0,0.0,8,8,0.3747158630937568,0.20470843404720696,0.31486318414007397,0.13895396659249798,0.5438800257650372,0.06193501476177919
ds004447,sub-004,ses-01,C0_CURRENT_OVERLAP_EMPIRICAL,60,120,,0.9224137931034483,0.5714285714285714,0.9134615384615384,-1,-1.0344827586206897,-1.0,5,4,0.08975702589626461,0.03913554813896704,0.16701174979395317,0.057648037536578565,0.28384105327910825,0.04790267168935846
ds004447,sub-004,ses-01,C0_CURRENT_OVERLAP_EMPIRICAL,90,180,,0.9655172413793104,0.8,0.96,2,2.0689655172413794,-1.5,1,3,0.009261582463329823,0.011638373112742722,0.07852282444923721,0.009258476773113497,0.06445826249702533,0.05168036525906025
ds004447,sub-004,ses-01,C0_CURRENT_OVERLAP_EMPIRICAL,120,240,,0.9741379310344828,0.8333333333333334,0.9702970297029703,-1,-1.0344827586206897,0.0,2,1,0.009261582463329823,0.005564136322340738,0.027823062269884173,0.0023292595904333526,0.08673221197829788,0.10203894119192196
ds004447,sub-004,ses-01,C0_CURRENT_OVERLAP_EMPIRICAL,full,246,,1.0,1.0,1.0,0,0.0,0.0,0,0,0.0,0.0,0.0,0.0,0.0,0.0
ds004447,sub-004,ses-01,C1_NONOVERLAP_EMPIRICAL,15,15,,0.8879310344827587,0.4583333333333333,0.8761904761904762,-1,-1.0344827586206897,-1.0,7,6,0.225730046193662,0.031398942517807,0.01362320493267672,0.11178556963816762,0.49955488714304186,0.08711084396453855
ds004447,sub-004,ses-01,C1_NONOVERLAP_EMPIRICAL,30,30,,0.8448275862068966,0.3076923076923077,0.8333333333333334,-2,-2.0689655172413794,0.0,10,8,0.5350011405663074,0.15476193676691427,0.3825403303017125,0.1388128129081914,0.5392134174587132,0.03427483606649535
ds004447,sub-004,ses-01,C1_NONOVERLAP_EMPIRICAL,60,60,,0.9482758620689655,0.7391304347826086,0.9393939393939394,4,4.137931034482759,-4.5,1,5,0.02555338286150655,0.04604019890894729,0.19697847884128966,0.07578558918191526,0.34013240546185913,0.023991919807615676
ds004447,sub-004,ses-01,C1_NONOVERLAP_EMPIRICAL,90,90,,0.9310344827586207,0.6923076923076923,0.9183673469387755,8,8.275862068965518,-4.0,0,8,0.07070782116516182,0.00920802319529798,0.015957122201702756,0.0044240102447819845,0.11123240048607017,0.021894671120941175
ds004447,sub-004,ses-01,C1_NONOVERLAP_EMPIRICAL,120,120,,0.9827586206896551,0.8947368421052632,0.9797979797979798,0,0.0,0.0,1,1,0.004381053042775329,0.011138541366337514,0.05425117080125649,0.007351052469682465,0.05592032318770854,0.0037972667817426525
ds004447,sub-004,ses-01,C1_NONOVERLAP_EMPIRICAL,full,123,,1.0,1.0,1.0,0,0.0,0.0,0,0,0.0,0.0,0.0,0.0,0.0,0.0
ds004447,sub-004,ses-01,C2_NONOVERLAP_HARRELL_DAVIS,15,15,,0.8879310344827587,0.43478260869565216,0.8773584905660378,-3,-3.103448275862069,2.5,8,5,0.3226320360726102,0.08184521681592959,0.1248332640458631,0.12086670266577818,0.4780557796561728,0.015107576296267886
ds004447,sub-004,ses-01,C2_NONOVERLAP_HARRELL_DAVIS,30,30,,0.853448275862069,0.34615384615384615,0.8411214953271028,-1,-1.0344827586206897,2.0,9,8,0.4843319716241349,0.17236618632592526,0.5414917328873974,0.1818125550549837,0.5369893872262047,0.06010501638908978
ds004447,sub-004,ses-01,C2_NONOVERLAP_HARRELL_DAVIS,60,60,,0.9310344827586207,0.6363636363636364,0.9215686274509803,0,0.0,0.5,4,4,0.09377345406609361,0.053560200610588596,0.21685586757167338,0.07089781960570025,0.251204040752824,0.0038063827051916218
ds004447,sub-004,ses-01,C2_NONOVERLAP_HARRELL_DAVIS,90,90,,0.9568965517241379,0.782608695652174,0.9489795918367347,5,5.172413793103448,-1.0,0,5,0.07480636256230677,0.00603121418777149,0.05749800473314653,0.01046724717777418,0.05416057931512174,0.029636037694438656
ds004447,sub-004,ses-01,C2_NONOVERLAP_HARRELL_DAVIS,120,120,,1.0,1.0,1.0,0,0.0,0.0,0,0,0.04848582659980973,0.00916729508735008,0.03862179991795327,0.008333782447816414,0.08939166231897207,0.013745879186783345
ds004447,sub-004,ses-01,C2_NONOVERLAP_HARRELL_DAVIS,full,123,,1.0,1.0,1.0,0,0.0,0.0,0,0,0.0,0.0,0.0,0.0,0.0,0.0
ds004447,sub-004,ses-01,C3_BLOCK_SUBSAMPLE_EMPIRICAL,30,15,,0.8620689655172413,0.1111111111111111,0.8596491228070176,-10,-10.344827586206897,11.5,13,3,1.3389808574544642,0.12934855674635687,0.3879023587357465,0.11915902212004872,0.431350655452244,0.14720235072758042
ds004447,sub-004,ses-01,C3_BLOCK_SUBSAMPLE_EMPIRICAL,60,30,,0.853448275862069,0.2916666666666667,0.8440366972477065,1,1.0344827586206897,-1.0,8,9,0.3362917429860587,0.08295624340202518,0.4119096000965783,0.054175743223740414,0.33421101568426637,0.029439567816908218
ds004447,sub-004,ses-01,C3_BLOCK_SUBSAMPLE_EMPIRICAL,90,45,,0.9568965517241379,0.75,0.9504950495049505,5,5.172413793103448,-4.0,0,5,0.10502557710434766,0.0034212735478245135,0.0045004746260669986,0.0018725040355301818,0.0380667968914852,0.05189166390639913
ds004447,sub-004,ses-01,C3_BLOCK_SUBSAMPLE_EMPIRICAL,120,60,,0.9568965517241379,0.75,0.9504950495049505,5,5.172413793103448,-4.0,0,5,0.07851739730961489,0.002280849031883009,0.015486082007897138,0.009978094338885581,0.05090124674237418,0.004536475906755617
ds004447,sub-004,ses-01,C3_BLOCK_SUBSAMPLE_EMPIRICAL,full,62,,1.0,1.0,1.0,0,0.0,0.0,0,0,0.0,0.0,0.0,0.0,0.0,0.0
ds004447,sub-004,ses-01,C4_LOSO_SHRINKAGE,15,15,0.42857142857142855,0.9137931034482759,0.47368421052631576,0.9065420560747663,-8,-8.275862068965518,0.0,9,1,0.13085018802987528,0.12149349311331792,0.008552308420804709,0.08363487920289368,0.23242698502235504,0.3119259165286257
ds004447,sub-004,ses-01,C4_LOSO_SHRINKAGE,30,30,0.6,0.9137931034482759,0.5,0.9056603773584906,-6,-6.206896551724138,-1.0,8,2,0.3385630142280614,0.1549992375546832,0.22190574425770546,0.10418309790948448,0.33333668170521485,0.19018286838305384
ds004447,sub-004,ses-01,C4_LOSO_SHRINKAGE,60,60,0.75,0.9827586206896551,0.8947368421052632,0.9797979797979798,0,0.0,0.0,1,1,0.02793291114388274,0.06100854600967039,0.1447445299667596,0.06543228665557808,0.25849807886369297,0.07016991345943675
ds004447,sub-004,ses-01,C4_LOSO_SHRINKAGE,90,90,0.8181818181818182,0.9655172413793104,0.8181818181818182,0.9591836734693877,4,4.137931034482759,-5.0,0,4,0.053768218137985206,0.017818492129729923,0.011715070799340031,0.007105290139777868,0.09234250252773185,0.05433784628301682
ds004447,sub-004,ses-01,C4_LOSO_SHRINKAGE,120,120,0.8571428571428571,1.0,1.0,1.0,0,0.0,0.0,0,0,0.003467803206561943,0.008458045185575124,0.04681840680522844,0.005974783634219885,0.04748891886661541,0.006082823501389329
ds004447,sub-004,ses-01,C4_LOSO_SHRINKAGE,full,123,0.8601398601398601,1.0,1.0,1.0,0,0.0,0.0,0,0,0.0,0.0,0.0,0.0,0.0,0.0
ds004447,sub-004,ses-19,C0_CURRENT_OVERLAP_EMPIRICAL,15,30,,0.9416666666666667,0.4166666666666667,0.9391304347826087,-5,-5.0,11.5,6,1,0.2465897155972703,0.13631030277674633,0.5940436688426235,0.08567956744834665,0.38834957783561375,56703.29599736018
ds004447,sub-004,ses-19,C0_CURRENT_OVERLAP_EMPIRICAL,30,60,,0.975,0.7272727272727273,0.9732142857142857,-3,-3.0,6.0,3,0,0.03220438930233168,0.02258293409795986,0.22610813191099516,0.021621200897585655,0.2855511601725798,50989.0872677717
ds004447,sub-004,ses-19,C0_CURRENT_OVERLAP_EMPIRICAL,60,120,,1.0,1.0,1.0,0,0.0,0.0,0,0,0.0,0.033691926317323415,0.04489600021059376,0.005382069504281372,0.031410627619078,51120.797192901635
ds004447,sub-004,ses-19,C0_CURRENT_OVERLAP_EMPIRICAL,90,180,,0.9916666666666667,0.9090909090909091,0.990909090909091,-1,-1.0,6.0,1,0,0.0,0.0370523889149648,0.046583512246345396,0.015072156877328498,0.0,45076.7259358655
ds004447,sub-004,ses-19,C0_CURRENT_OVERLAP_EMPIRICAL,full,216,,1.0,1.0,1.0,0,0.0,0.0,0,0,0.0,0.0,0.0,0.0,0.0,0.0
ds004447,sub-004,ses-19,C1_NONOVERLAP_EMPIRICAL,15,15,,0.9333333333333333,0.2727272727272727,0.9316239316239316,-6,-6.0,5.5,7,1,0.4289847669996485,0.1480602200752748,0.7538021044479362,0.04207544380668282,0.3335224589610311,0.32728228293104294
ds004447,sub-004,ses-19,C1_NONOVERLAP_EMPIRICAL,30,30,,0.9583333333333334,0.5,0.9565217391304348,-5,-5.0,0.0,5,0,0.1041140220313661,0.01360816314256342,0.07299748034411023,0.023793872704901218,0.27680095233458757,0.34364493252707473
ds004447,sub-004,ses-19,C1_NONOVERLAP_EMPIRICAL,60,60,,0.9916666666666667,0.9090909090909091,0.990909090909091,1,1.0,-6.0,0,1,0.009684556029711421,0.02890896673505416,0.0,0.01905920598530575,0.10652302428971398,0.35784612586938724
ds004447,sub-004,ses-19,C1_NONOVERLAP_EMPIRICAL,90,90,,0.9916666666666667,0.9090909090909091,0.990909090909091,1,1.0,-6.0,0,1,0.007837322030688439,0.03149371373733298,0.03888514805783588,0.001529539616234688,0.004537720530088775,0.16615163669965977
ds004447,sub-004,ses-19,C1_NONOVERLAP_EMPIRICAL,full,108,,1.0,1.0,1.0,0,0.0,0.0,0,0,0.0,0.0,0.0,0.0,0.0,0.0
ds004447,sub-004,ses-19,C2_NONOVERLAP_HARRELL_DAVIS,15,15,,0.9416666666666667,0.2222222222222222,0.940677966101695,-7,-7.0,25.5,7,0,0.6382949116555238,0.3166031304419254,0.7558052480390811,0.13730702162445488,1.3087665153285788,0.4091461175225292
ds004447,sub-004,ses-19,C2_NONOVERLAP_HARRELL_DAVIS,30,30,,0.975,0.6666666666666666,0.9736842105263158,-3,-3.0,0.0,3,0,0.09326928313032229,0.0378553577458075,0.06182618618276102,0.020751223810048795,0.40852793613862376,0.3560031922715889
ds004447,sub-004,ses-19,C2_NONOVERLAP_HARRELL_DAVIS,60,60,,0.9916666666666667,0.9,0.990990990990991,1,1.0,-6.0,0,1,0.0015296718096295752,0.01342641488546237,0.0014580269616569894,0.015365690046597678,0.0794294851877955,0.36621142937492507
ds004447,sub-004,ses-19,C2_NONOVERLAP_HARRELL_DAVIS,90,90,,0.9833333333333333,0.8,0.9821428571428571,0,0.0,-6.0,1,1,0.026483777882473938,0.01993075518955859,0.01003746961109041,0.002086940359977422,0.01903881719988555,0.15447177059362166
ds004447,sub-004,ses-19,C2_NONOVERLAP_HARRELL_DAVIS,full,108,,1.0,1.0,1.0,0,0.0,0.0,0,0,0.0,0.0,0.0,0.0,0.0,0.0
ds004447,sub-004,ses-19,C3_BLOCK_SUBSAMPLE_EMPIRICAL,30,15,,0.9666666666666667,0.42857142857142855,0.9658119658119658,-4,-4.0,6.5,4,0,0.040284122723941045,0.013688606632132283,0.22730596835003067,0.014838645447447056,0.017549789607662528,0.220631450817679
ds004447,sub-004,ses-19,C3_BLOCK_SUBSAMPLE_EMPIRICAL,60,30,,1.0,1.0,1.0,0,0.0,0.0,0,0,0.0020447785896439653,0.03127686550332076,0.02032045154576506,0.018708328881953073,0.005505919975662841,0.017911204074663255
ds004447,sub-004,ses-19,C3_BLOCK_SUBSAMPLE_EMPIRICAL,90,45,,0.9833333333333333,0.7142857142857143,0.9826086956521739,-2,-2.0,2.0,2,0,0.06239410685519773,0.005826952226327367,0.12914913005037143,0.0021976533041442323,0.0010323820164210929,0.010252334231625398
ds004447,sub-004,ses-19,C3_BLOCK_SUBSAMPLE_EMPIRICAL,full,54,,1.0,1.0,1.0,0,0.0,0.0,0,0,0.0,0.0,0.0,0.0,0.0,0.0
ds004447,sub-004,ses-19,C4_LOSO_SHRINKAGE,15,15,0.42857142857142855,0.925,0.0,0.925,-9,-9.0,44.0,9,0,0.15388815435291497,0.19605382723562298,0.3318694439796182,0.09208097343538052,0.1801779356028041,0.15918585422462644
ds004447,sub-004,ses-19,C4_LOSO_SHRINKAGE,30,30,0.6,0.9833333333333333,0.7777777777777778,0.9823008849557522,-2,-2.0,0.0,2,0,0.04432671139894271,0.08750074662261705,0.03774399152879566,0.05764651808325884,0.1867269397702851,0.04511489705500198
ds004447,sub-004,ses-19,C4_LOSO_SHRINKAGE,60,60,0.75,1.0,1.0,1.0,0,0.0,0.0,0,0,0.014620051055905232,0.010101063747642995,0.0022650588794761242,0.03072823801435312,0.08759596729910318,0.22893012341799768
ds004447,sub-004,ses-19,C4_LOSO_SHRINKAGE,90,90,0.8181818181818182,1.0,1.0,1.0,0,0.0,0.0,0,0,0.004507679308851356,0.016084517179216978,0.031077272603070152,0.003375010352870975,0.001233950358447864,0.1326472967224822
ds004447,sub-004,ses-19,C4_LOSO_SHRINKAGE,full,108,0.84375,1.0,1.0,1.0,0,0.0,0.0,0,0,0.0,0.0,0.0,0.0,0.0,0.0
ds004447,sub-005,ses-01,C0_CURRENT_OVERLAP_EMPIRICAL,15,30,,0.9568965517241379,0.5833333333333334,0.9541284403669725,5,5.172413793103448,-5.0,0,5,0.025890774742234213,0.28443331846857417,0.30951463582011335,0.30254399657727715,0.10993978531084402,0.6060947277040998
ds004447,sub-005,ses-01,C0_CURRENT_OVERLAP_EMPIRICAL,30,60,,0.9568965517241379,0.5833333333333334,0.9541284403669725,5,5.172413793103448,-2.5,0,5,0.10018742117417888,0.1026738167384526,0.005593480261161844,0.1921378130369153,0.09342317527838707,0.5553336586674062
ds004447,sub-005,ses-01,C0_CURRENT_OVERLAP_EMPIRICAL,60,120,,0.9741379310344828,0.7,0.9724770642201835,3,3.103448275862069,-2.5,0,3,0.013280132105541617,0.04049855580928289,0.03128032164165408,0.10955632654779622,0.0,0.38729972661424217
ds004447,sub-005,ses-01,C0_CURRENT_OVERLAP_EMPIRICAL,90,180,,0.9913793103448276,0.8571428571428571,0.990909090909091,-1,-1.0344827586206897,0.0,1,0,0.013280132105541617,0.013199431084957783,0.035479896761338184,0.03302149945485507,0.0037335703977857846,0.037438899430391845
ds004447,sub-005,ses-01,C0_CURRENT_OVERLAP_EMPIRICAL,full,226,,1.0,1.0,1.0,0,0.0,0.0,0,0,0.0,0.0,0.0,0.0,0.0,0.0
ds004447,sub-005,ses-01,C1_NONOVERLAP_EMPIRICAL,15,15,,0.8448275862068966,0.28,0.8348623853211009,18,18.620689655172413,-11.0,0,18,0.29497066140797024,0.4161882028795032,0.21692873268098178,0.2772852262403713,0.08266339922812456,0.7446977284351542
ds004447,sub-005,ses-01,C1_NONOVERLAP_EMPIRICAL,30,30,,0.8879310344827587,0.35,0.8807339449541285,13,13.448275862068966,-7.5,0,13,0.2711947413575328,0.31167236494018513,0.0268490853506396,0.2695576498060858,0.16570238234354503,0.7484997999548276
ds004447,sub-005,ses-01,C1_NONOVERLAP_EMPIRICAL,60,60,,0.9827586206896551,0.7777777777777778,0.981651376146789,2,2.0689655172413794,-2.5,0,2,0.0056716427933355025,0.09513527274363397,0.04787030892491031,0.14303935577976615,0.031044960936064462,0.5015729306957651
ds004447,sub-005,ses-01,C1_NONOVERLAP_EMPIRICAL,90,90,,0.9741379310344828,0.6666666666666666,0.9727272727272728,1,1.0344827586206897,-2.5,1,2,0.004420936571721954,0.024967509292011806,0.008826987052861732,0.0585783738741311,0.0064448733764843995,0.045426156863717954
ds004447,sub-005,ses-01,C1_NONOVERLAP_EMPIRICAL,full,113,,1.0,1.0,1.0,0,0.0,0.0,0,0,0.0,0.0,0.0,0.0,0.0,0.0
ds004447,sub-005,ses-01,C2_NONOVERLAP_HARRELL_DAVIS,15,15,,0.9741379310344828,0.75,0.9719626168224299,3,3.103448275862069,-2.5,0,3,0.008911173257702357,0.43706245180494463,0.2626122462663393,0.27913287854510654,0.1111172447239916,0.8549878981412857
ds004447,sub-005,ses-01,C2_NONOVERLAP_HARRELL_DAVIS,30,30,,0.9482758620689655,0.6,0.9439252336448598,6,6.206896551724138,-5.0,0,6,0.15074313633999792,0.2946672726978673,0.1221326793394808,0.2439913583096108,0.07755299596582481,0.7347333549703644
ds004447,sub-005,ses-01,C2_NONOVERLAP_HARRELL_DAVIS,60,60,,0.9827586206896551,0.8,0.9814814814814815,0,0.0,-2.5,1,1,0.07508596474970917,0.13461333241754272,0.0020928198007942865,0.12292104002478292,0.017049260072213857,0.4813666365601437
ds004447,sub-005,ses-01,C2_NONOVERLAP_HARRELL_DAVIS,90,90,,1.0,1.0,1.0,0,0.0,0.0,0,0,0.0016525582694237645,0.03158901459163071,0.000656935128797186,0.03718983826570605,0.01817231774432233,0.009748119785302751
ds004447,sub-005,ses-01,C2_NONOVERLAP_HARRELL_DAVIS,full,113,,1.0,1.0,1.0,0,0.0,0.0,0,0,0.0,0.0,0.0,0.0,0.0,0.0
ds004447,sub-005,ses-01,C3_BLOCK_SUBSAMPLE_EMPIRICAL,30,15,,0.9137931034482759,0.47368421052631576,0.9065420560747663,10,10.344827586206897,-5.0,0,10,0.30770475907978945,0.14415453220636149,0.09970180948116955,0.23433493895766352,0.1564340523399842,0.29880973232981706
ds004447,sub-005,ses-01,C3_BLOCK_SUBSAMPLE_EMPIRICAL,60,30,,1.0,1.0,1.0,0,0.0,0.0,0,0,0.024108688026131725,0.07185280025498493,0.07859014976149908,0.051093774716577944,0.018332548828788497,0.11838796153420429
ds004447,sub-005,ses-01,C3_BLOCK_SUBSAMPLE_EMPIRICAL,90,45,,1.0,1.0,1.0,0,0.0,0.0,0,0,0.018666381554336052,0.06644140790820606,0.07171751612429783,0.043452342394144944,0.008046626246800767,0.044885033417011944
ds004447,sub-005,ses-01,C3_BLOCK_SUBSAMPLE_EMPIRICAL,full,57,,1.0,1.0,1.0,0,0.0,0.0,0,0,0.0,0.0,0.0,0.0,0.0,0.0
ds004447,sub-005,ses-01,C4_LOSO_SHRINKAGE,15,15,0.42857142857142855,0.9310344827586207,0.3333333333333333,0.9285714285714286,4,4.137931034482759,-7.5,2,6,0.19113897212490213,0.1884008702646347,0.02924946302080922,0.088951013539817,0.08787270516626629,0.06908436028353535
ds004447,sub-005,ses-01,C4_LOSO_SHRINKAGE,30,30,0.6,0.9310344827586207,0.42857142857142855,0.9272727272727272,8,8.275862068965518,-7.5,0,8,0.20302951934106658,0.19264142288121702,0.058110076083135516,0.14503421733745114,0.06604419457545471,0.3270398051526632
ds004447,sub-005,ses-01,C4_LOSO_SHRINKAGE,60,60,0.75,0.9741379310344828,0.6666666666666666,0.9727272727272728,3,3.103448275862069,-2.5,0,3,0.010304572795777331,0.07361411956163959,0.06743470968636198,0.10109076759751852,0.010274009721859644,0.3473182940926328
ds004447,sub-005,ses-01,C4_LOSO_SHRINKAGE,90,90,0.8181818181818182,0.9741379310344828,0.5714285714285714,0.9732142857142857,-1,-1.0344827586206897,7.0,2,1,0.008321552318103114,0.02115008360271719,0.016988331379984515,0.04613136001503363,0.009139619507375204,0.06198991136415557
ds004447,sub-005,ses-01,C4_LOSO_SHRINKAGE,full,113,0.849624060150376,1.0,1.0,1.0,0,0.0,0.0,0,0,0.0,0.0,0.0,0.0,0.0,0.0
ds004447,sub-005,ses-19,C0_CURRENT_OVERLAP_EMPIRICAL,15,30,,0.9583333333333334,0.6153846153846154,0.9553571428571429,-1,-1.0,21.0,3,2,0.18975649623045684,0.11825181685325341,0.7174510246936449,0.26076973372146695,0.14404965364559877,15.255157538536293
ds004447,sub-005,ses-19,C0_CURRENT_OVERLAP_EMPIRICAL,30,60,,0.975,0.7272727272727273,0.9732142857142857,-3,-3.0,5.0,3,0,0.16201137636161378,0.06492200664739622,0.3646338091997493,0.10894589694314219,0.05401862011709936,11.250253475378143
ds004447,sub-005,ses-19,C0_CURRENT_OVERLAP_EMPIRICAL,60,120,,0.9916666666666667,0.9090909090909091,0.990909090909091,-1,-1.0,0.0,1,0,0.014552703773715122,0.022191641793853085,0.0418214049385399,0.04402994129511016,0.022407723900426627,10.363436344208882
ds004447,sub-005,ses-19,C0_CURRENT_OVERLAP_EMPIRICAL,90,180,,0.9916666666666667,0.9090909090909091,0.990909090909091,-1,-1.0,0.0,1,0,0.011964242393977599,0.0033246889759731405,0.029930435623535794,0.0027448864332075395,0.003201103414346661,10.568105187275231
ds004447,sub-005,ses-19,C0_CURRENT_OVERLAP_EMPIRICAL,full,226,,1.0,1.0,1.0,0,0.0,0.0,0,0,0.0,0.0,0.0,0.0,0.0,0.0
ds004447,sub-005,ses-19,C1_NONOVERLAP_EMPIRICAL,15,15,,0.9833333333333333,0.8,0.9821428571428571,0,0.0,1.5,1,1,0.05666766364420493,0.043101797833850174,0.700560856289202,0.15530339862061202,0.1408388475796451,0.4517206462809945
ds004447,sub-005,ses-19,C1_NONOVERLAP_EMPIRICAL,30,30,,1.0,1.0,1.0,0,0.0,0.0,0,0,0.02877376407051109,0.02715044693068127,0.3141297694680388,0.10397878803417268,0.08915428421814763,0.007378346487529242
ds004447,sub-005,ses-19,C1_NONOVERLAP_EMPIRICAL,60,60,,0.9916666666666667,0.9,0.990990990990991,1,1.0,-3.5,0,1,0.09634031980373904,0.021614259005396073,0.037134487480170855,0.06033266937214834,0.0564896401736814,0.09249649763544462
ds004447,sub-005,ses-19,C1_NONOVERLAP_EMPIRICAL,90,90,,1.0,1.0,1.0,0,0.0,0.0,0,0,0.015025432542144659,0.006616445099370304,0.07261355355904667,0.0034597972030842947,0.0075138418462323475,0.061080405871456016
ds004447,sub-005,ses-19,C1_NONOVERLAP_EMPIRICAL,full,113,,1.0,1.0,1.0,0,0.0,0.0,0,0,0.0,0.0,0.0,0.0,0.0,0.0
ds004447,sub-005,ses-19,C2_NONOVERLAP_HARRELL_DAVIS,15,15,,0.9833333333333333,0.8,0.9821428571428571,0,0.0,1.5,1,1,0.04496844631541769,0.07527272928806135,0.7322888963712044,0.23727978977958736,0.18072016196719945,0.4889864368104564
ds004447,sub-005,ses-19,C2_NONOVERLAP_HARRELL_DAVIS,30,30,,1.0,1.0,1.0,0,0.0,0.0,0,0,0.035432304021587015,0.036820387077354244,0.35068254290027817,0.11599136144334403,0.24977349134720414,0.11674376048995927
ds004447,sub-005,ses-19,C2_NONOVERLAP_HARRELL_DAVIS,60,60,,0.9916666666666667,0.9,0.990990990990991,1,1.0,-3.5,0,1,0.0987438538566483,0.04137231980098088,0.007308093550321414,0.05133960158719906,0.12653417038611872,0.0716417173670526
ds004447,sub-005,ses-19,C2_NONOVERLAP_HARRELL_DAVIS,90,90,,1.0,1.0,1.0,0,0.0,0.0,0,0,0.021985579737126556,0.004241530090652937,0.039912740042891776,0.009143281247652709,0.004095822506665408,0.06029342336258777
ds004447,sub-005,ses-19,C2_NONOVERLAP_HARRELL_DAVIS,full,113,,1.0,1.0,1.0,0,0.0,0.0,0,0,0.0,0.0,0.0,0.0,0.0,0.0
ds004447,sub-005,ses-19,C3_BLOCK_SUBSAMPLE_EMPIRICAL,30,15,,0.9916666666666667,0.875,0.9911504424778761,1,1.0,-1.5,0,1,0.03607842117020536,0.08695453459642925,0.7698864331013302,0.10940708023388171,0.2053795262646996,0.45278179663662466
ds004447,sub-005,ses-19,C3_BLOCK_SUBSAMPLE_EMPIRICAL,60,30,,0.975,0.6666666666666666,0.9736842105263158,1,1.0,-3.5,1,2,0.16008931222700837,0.005585485991340491,0.1258537173197623,0.056515370579095135,0.07826972470908203,0.01908676710930331
ds004447,sub-005,ses-19,C3_BLOCK_SUBSAMPLE_EMPIRICAL,90,45,,0.9666666666666667,0.5,0.9655172413793104,-2,-2.0,0.0,3,1,0.11975645798195327,0.06535706353166003,0.023217793906396847,0.01396860762845651,0.009545457875128152,0.1583139455331322
ds004447,sub-005,ses-19,C3_BLOCK_SUBSAMPLE_EMPIRICAL,full,57,,1.0,1.0,1.0,0,0.0,0.0,0,0,0.0,0.0,0.0,0.0,0.0,0.0
ds004447,sub-005,ses-19,C4_LOSO_SHRINKAGE,15,15,0.42857142857142855,0.9666666666666667,0.5555555555555556,0.9652173913043478,-4,-4.0,2.0,4,0,0.0443507804846319,0.07666845454867195,0.28549328908002364,0.07683720022736953,0.09252070221797444,0.12366535977024568
ds004447,sub-005,ses-19,C4_LOSO_SHRINKAGE,30,30,0.6,0.975,0.6666666666666666,0.9736842105263158,-3,-3.0,3.0,3,0,0.005139917303357838,0.05068063141575027,0.1797967663785826,0.06839479999183386,0.07235168748814964,0.1970945787294142
ds004447,sub-005,ses-19,C4_LOSO_SHRINKAGE,60,60,0.75,0.9916666666666667,0.8888888888888888,0.9910714285714286,-1,-1.0,0.0,1,0,0.06694395802183098,0.029732621856821826,0.024106817542039922,0.047570558362096185,0.049647094649697666,0.15845819581519244
ds004447,sub-005,ses-19,C4_LOSO_SHRINKAGE,90,90,0.8181818181818182,0.9916666666666667,0.8888888888888888,0.9910714285714286,-1,-1.0,0.0,1,0,0.010693227048068969,0.000925507567661065,0.06099508952672755,0.003606346370913782,0.008530080459321727,0.08150918535599246
ds004447,sub-005,ses-19,C4_LOSO_SHRINKAGE,full,113,0.849624060150376,1.0,1.0,1.0,0,0.0,0.0,0,0,0.0,0.0,0.0,0.0,0.0,0.0
ds004447,sub-006,ses-01,C0_CURRENT_OVERLAP_EMPIRICAL,15,30,,0.9396551724137931,0.6111111111111112,0.9333333333333333,1,1.0344827586206897,-2.5,3,4,0.10326166234393283,0.2237538091512583,0.6203610857060432,0.4988825032088343,0.1652969452584437,1.8770016778013356
ds004447,sub-006,ses-01,C0_CURRENT_OVERLAP_EMPIRICAL,30,60,,0.9482758620689655,0.625,0.9433962264150944,-2,-2.0689655172413794,3.0,4,2,0.06325557311653898,0.14200766564285774,0.39871551131640265,0.28669523348817294,0.14167750011530422,0.8241438750251402
ds004447,sub-006,ses-01,C0_CURRENT_OVERLAP_EMPIRICAL,60,120,,0.9310344827586207,0.5294117647058824,0.9252336448598131,-2,-2.0689655172413794,3.0,5,3,0.24956201234280567,0.2499169075468839,0.6692312625589977,0.4112490369810873,0.20705210416267308,0.28836256198800375
ds004447,sub-006,ses-01,C0_CURRENT_OVERLAP_EMPIRICAL,90,180,,0.9396551724137931,0.5882352941176471,0.9339622641509434,-1,-1.0344827586206897,3.0,4,3,0.17864429459912368,0.21446718113401145,0.4962963683246963,0.2786664136213885,0.12587050630082766,0.2527540165238464
ds004447,sub-006,ses-01,C0_CURRENT_OVERLAP_EMPIRICAL,120,240,,0.9482758620689655,0.6470588235294118,0.9428571428571428,0,0.0,-2.5,3,3,0.07926180861779474,0.11369574777804806,0.2798144538603184,0.14933754731413862,0.05547001327812909,0.14150429570277984
ds004447,sub-006,ses-01,C0_CURRENT_OVERLAP_EMPIRICAL,full,336,,1.0,1.0,1.0,0,0.0,0.0,0,0,0.0,0.0,0.0,0.0,0.0,0.0
ds004447,sub-006,ses-01,C1_NONOVERLAP_EMPIRICAL,15,15,,0.9568965517241379,0.8148148148148148,0.9468085106382979,5,5.172413793103448,0.0,0,5,0.1521837614398092,0.26881087815209226,0.780246383166407,0.4230558175632154,0.3865211940688528,0.5904057522547047
ds004447,sub-006,ses-01,C1_NONOVERLAP_EMPIRICAL,30,30,,0.9482758620689655,0.7272727272727273,0.94,-6,-6.206896551724138,0.0,6,0,0.09804346795853093,0.1514802957247323,0.385569780839142,0.31344520930436515,0.33068168181370505,0.2952545716810041
ds004447,sub-006,ses-01,C1_NONOVERLAP_EMPIRICAL,60,60,,0.9137931034482759,0.5454545454545454,0.9038461538461539,-10,-10.344827586206897,6.5,10,0,0.2802923465470384,0.30117505326833877,1.0533930149591053,0.26966289155472767,0.2780463276679728,0.03631090031312269
ds004447,sub-006,ses-01,C1_NONOVERLAP_EMPIRICAL,90,90,,0.9396551724137931,0.6818181818181818,0.9306930693069307,-7,-7.241379310344827,0.0,7,0,0.14602932491377538,0.2462695096806199,0.5536385152240336,0.17527947541554792,0.15352481324079995,0.046882066805821083
ds004447,sub-006,ses-01,C1_NONOVERLAP_EMPIRICAL,120,120,,0.9655172413793104,0.8181818181818182,0.9591836734693877,-4,-4.137931034482759,0.0,4,0,0.06601925075539336,0.07367945142445077,0.3067482041054464,0.07472953773335345,0.07692942328276085,0.00036899427247391315
ds004447,sub-006,ses-01,C1_NONOVERLAP_EMPIRICAL,full,168,,1.0,1.0,1.0,0,0.0,0.0,0,0,0.0,0.0,0.0,0.0,0.0,0.0
ds004447,sub-006,ses-01,C2_NONOVERLAP_HARRELL_DAVIS,15,15,,1.0,1.0,1.0,0,0.0,0.0,0,0,0.026084698882673753,0.3164899787751222,1.0100770800374894,0.6353915959883752,0.5829506390566233,0.7193853114246005
ds004447,sub-006,ses-01,C2_NONOVERLAP_HARRELL_DAVIS,30,30,,0.9310344827586207,0.6363636363636364,0.9215686274509803,-8,-8.275862068965518,1.0,8,0,0.16687063984619355,0.19839313645022644,0.3973038359983247,0.4025154780222111,0.41244120775458937,0.6871823895072667
ds004447,sub-006,ses-01,C2_NONOVERLAP_HARRELL_DAVIS,60,60,,0.9137931034482759,0.5454545454545454,0.9038461538461539,-10,-10.344827586206897,6.5,10,0,0.29674053590082894,0.2902273212831903,0.9089678726188688,0.31018774585309977,0.36926717704196477,0.005503365198326178
ds004447,sub-006,ses-01,C2_NONOVERLAP_HARRELL_DAVIS,90,90,,0.9310344827586207,0.6363636363636364,0.9215686274509803,-8,-8.275862068965518,1.0,8,0,0.15217002871896637,0.23952844767339457,0.6367501425617073,0.19547871556880853,0.19083494710646384,0.007320940438182898
ds004447,sub-006,ses-01,C2_NONOVERLAP_HARRELL_DAVIS,120,120,,0.9568965517241379,0.7727272727272727,0.9494949494949495,-5,-5.172413793103448,0.0,5,0,0.06984293835165999,0.0970000462753524,0.28477313719213054,0.08579205419823964,0.07958463026231333,0.006524472409210678
ds004447,sub-006,ses-01,C2_NONOVERLAP_HARRELL_DAVIS,full,168,,1.0,1.0,1.0,0,0.0,0.0,0,0,0.0,0.0,0.0,0.0,0.0,0.0
ds004447,sub-006,ses-01,C3_BLOCK_SUBSAMPLE_EMPIRICAL,30,15,,0.9568965517241379,0.7222222222222222,0.9514563106796117,-3,-3.103448275862069,6.5,4,1,0.1320023427734356,0.34911592063581864,1.1677806398089519,0.6751998982976234,0.23507460688451454,0.6752979226987426
ds004447,sub-006,ses-01,C3_BLOCK_SUBSAMPLE_EMPIRICAL,60,30,,0.9741379310344828,0.8235294117647058,0.9705882352941176,-3,-3.103448275862069,1.0,3,0,0.09198233063421289,0.3667994636967096,0.9871462979644469,0.30933243633845275,0.27061453798413077,0.1425718035609295
ds004447,sub-006,ses-01,C3_BLOCK_SUBSAMPLE_EMPIRICAL,90,45,,0.9655172413793104,0.7777777777777778,0.9607843137254902,-2,-2.0689655172413794,0.0,3,1,0.06889936667945654,0.27888729890667124,0.5439023798488554,0.2974486360325864,0.21611997696445145,0.017671206430721013
ds004447,sub-006,ses-01,C3_BLOCK_SUBSAMPLE_EMPIRICAL,120,60,,0.9913793103448276,0.9444444444444444,0.98989898989899,1,1.0344827586206897,0.0,0,1,0.0009546419649887344,0.0782948369730562,0.42447818569378143,0.07136425187510417,0.10002286870508915,0.0014504710449209817
ds004447,sub-006,ses-01,C3_BLOCK_SUBSAMPLE_EMPIRICAL,full,84,,1.0,1.0,1.0,0,0.0,0.0,0,0,0.0,0.0,0.0,0.0,0.0,0.0
ds004447,sub-006,ses-01,C4_LOSO_SHRINKAGE,15,15,0.42857142857142855,0.9482758620689655,0.75,0.9387755102040817,-2,-2.0689655172413794,0.0,4,2,0.06510370353663741,0.1555245762341343,0.3295600065325806,0.14969051562067653,0.007284131595300036,0.18840273020304335
ds004447,sub-006,ses-01,C4_LOSO_SHRINKAGE,30,30,0.6,0.9396551724137931,0.6818181818181818,0.9306930693069307,-7,-7.241379310344827,0.0,7,0,0.058897867230254905,0.1161731158884789,0.22831571179672394,0.16865902364750632,0.10195273295926376,0.13662119094226235
ds004447,sub-006,ses-01,C4_LOSO_SHRINKAGE,60,60,0.75,0.9224137931034483,0.5909090909090909,0.912621359223301,-9,-9.310344827586206,1.0,9,0,0.2102495507473039,0.23653025271027803,0.7893746380895097,0.19358609350019804,0.16555306438729464,0.048845524938612314
ds004447,sub-006,ses-01,C4_LOSO_SHRINKAGE,90,90,0.8181818181818182,0.9568965517241379,0.7727272727272727,0.9494949494949495,-5,-5.172413793103448,0.0,5,0,0.1194942081166302,0.2063017920454455,0.45267046415165224,0.13914179016110823,0.10364038134091176,0.05008746161868942
ds004447,sub-006,ses-01,C4_LOSO_SHRINKAGE,120,120,0.8571428571428571,0.9655172413793104,0.8181818181818182,0.9591836734693877,-4,-4.137931034482759,0.0,4,0,0.056595537115577174,0.06580349146162628,0.2628313762016897,0.06195000799835046,0.05551221881203769,0.005059071046563337
ds004447,sub-006,ses-01,C4_LOSO_SHRINKAGE,full,168,0.8936170212765957,1.0,1.0,1.0,0,0.0,0.0,0,0,0.0,0.0,0.0,0.0,0.0,0.0
ds004447,sub-006,ses-19,C0_CURRENT_OVERLAP_EMPIRICAL,15,30,,0.925,0.1,0.9243697478991597,-9,-9.0,17.0,9,0,0.657058188040849,0.1307469287652525,0.7129138652536452,0.1682392400059307,0.05951726730891006,0.37039124063181933
ds004447,sub-006,ses-19,C0_CURRENT_OVERLAP_EMPIRICAL,30,60,,0.9916666666666667,0.9,0.990990990990991,-1,-1.0,0.0,1,0,0.038737829570635166,0.10137297998148098,0.3535088429673442,0.1096243222587521,0.05703738117102133,0.20959967384633849
ds004447,sub-006,ses-19,C0_CURRENT_OVERLAP_EMPIRICAL,60,120,,1.0,1.0,1.0,0,0.0,0.0,0,0,0.001752568326214821,0.022391982687399153,0.13783456767938498,0.04217044584087669,0.04364599602651643,0.2702288914707104
ds004447,sub-006,ses-19,C0_CURRENT_OVERLAP_EMPIRICAL,90,180,,1.0,1.0,1.0,0,0.0,0.0,0,0,0.0003424668711451086,0.005073892807610326,0.13516314448968852,0.001864219477901699,0.0328998227622625,0.10295047807908196
ds004447,sub-006,ses-19,C0_CURRENT_OVERLAP_EMPIRICAL,full,224,,1.0,1.0,1.0,0,0.0,0.0,0,0,0.0,0.0,0.0,0.0,0.0,0.0
ds004447,sub-006,ses-19,C1_NONOVERLAP_EMPIRICAL,15,15,,0.9,0.07692307692307693,0.8991596638655462,-12,-12.0,27.5,12,0,0.9327913656722857,0.1678885769240216,1.318308226930042,0.1369349380938764,0.06458381325344699,0.07105300240125963
ds004447,sub-006,ses-19,C1_NONOVERLAP_EMPIRICAL,30,30,,0.9083333333333333,0.21428571428571427,0.905982905982906,-9,-9.0,10.5,10,1,0.27815608797992775,0.13573211265264562,0.4453709391504621,0.1199248353688168,0.05547583958950262,0.04974011342560361
ds004447,sub-006,ses-19,C1_NONOVERLAP_EMPIRICAL,60,60,,0.9666666666666667,0.7647058823529411,0.9626168224299065,4,4.0,-3.5,0,4,0.09705972521249834,0.055691504764446835,0.06284355684729051,0.013423055142707257,0.029642314287977038,0.013785990302706684
ds004447,sub-006,ses-19,C1_NONOVERLAP_EMPIRICAL,90,90,,1.0,1.0,1.0,0,0.0,0.0,0,0,0.022869549740435997,0.011405754612487957,0.010983134822076496,0.0009375981904469131,0.013247961692971702,0.015051019646191256
ds004447,sub-006,ses-19,C1_NONOVERLAP_EMPIRICAL,full,112,,1.0,1.0,1.0,0,0.0,0.0,0,0,0.0,0.0,0.0,0.0,0.0,0.0
ds004447,sub-006,ses-19,C2_NONOVERLAP_HARRELL_DAVIS,15,15,,0.8916666666666667,0.0,0.8916666666666667,-13,-13.0,49.0,13,0,1.1358353218755801,0.15367368713210766,1.4449215984440809,0.19516392485006062,0.20759691612638065,0.2118298978027851
ds004447,sub-006,ses-19,C2_NONOVERLAP_HARRELL_DAVIS,30,30,,0.8916666666666667,0.13333333333333333,0.8898305084745762,-9,-9.0,10.5,11,2,0.41493316292950755,0.11509978381942086,0.6523617140826287,0.1463290617401229,0.17375668130350003,0.06804052512222682
ds004447,sub-006,ses-19,C2_NONOVERLAP_HARRELL_DAVIS,60,60,,0.975,0.8125,0.9719626168224299,3,3.0,-1.5,0,3,0.006365851449471041,0.0424335494885861,0.2016662494571789,0.031440072227897034,0.0497630738889156,0.02141531430408822
ds004447,sub-006,ses-19,C2_NONOVERLAP_HARRELL_DAVIS,90,90,,0.9916666666666667,0.9285714285714286,0.9906542056074766,1,1.0,0.0,0,1,0.01644114042306912,0.011286001780349969,0.10289741553463198,0.002985830092209398,0.07858971894792675,0.007948877081553883
ds004447,sub-006,ses-19,C2_NONOVERLAP_HARRELL_DAVIS,full,112,,1.0,1.0,1.0,0,0.0,0.0,0,0,0.0,0.0,0.0,0.0,0.0,0.0
ds004447,sub-006,ses-19,C3_BLOCK_SUBSAMPLE_EMPIRICAL,30,15,,0.925,0.1,0.9243697478991597,-9,-9.0,17.0,9,0,0.6426194288924258,0.11010944800080873,0.9807232080403491,0.18235446039470415,0.03994326220693882,0.06806241150200448
ds004447,sub-006,ses-19,C3_BLOCK_SUBSAMPLE_EMPIRICAL,60,30,,0.95,0.625,0.9454545454545454,6,6.0,-12.0,0,6,0.05107417904563149,0.07514686019073206,0.23054714634940474,0.10765110845400791,0.017516102689214233,0.06491682775116213
ds004447,sub-006,ses-19,C3_BLOCK_SUBSAMPLE_EMPIRICAL,90,45,,0.9916666666666667,0.9,0.990990990990991,-1,-1.0,5.5,1,0,0.006145549823724728,0.04667124604640335,0.15971924643519042,0.008923481339888354,0.00196442273147685,0.0072821672411728594
ds004447,sub-006,ses-19,C3_BLOCK_SUBSAMPLE_EMPIRICAL,full,56,,1.0,1.0,1.0,0,0.0,0.0,0,0,0.0,0.0,0.0,0.0,0.0,0.0
ds004447,sub-006,ses-19,C4_LOSO_SHRINKAGE,15,15,0.42857142857142855,0.8916666666666667,0.07142857142857142,0.8907563025210085,-13,-13.0,45.0,13,0,0.39893819281785237,0.17672382296011716,0.5031823940033966,0.08209765922536985,0.29355159109191503,0.3167368492516621
ds004447,sub-006,ses-19,C4_LOSO_SHRINKAGE,30,30,0.6,0.9083333333333333,0.21428571428571427,0.905982905982906,-11,-11.0,17.0,11,0,0.1663784046826008,0.14192983841343385,0.22876827990463863,0.0854872993605793,0.19222228969474306,0.1741076537617907
ds004447,sub-006,ses-19,C4_LOSO_SHRINKAGE,60,60,0.75,0.975,0.8,0.9722222222222222,-1,-1.0,0.0,2,1,0.07304760569640305,0.06537519204199072,0.030245129461614065,0.015589979577194013,0.08608357166542799,0.07068363009511512
ds004447,sub-006,ses-19,C4_LOSO_SHRINKAGE,90,90,0.8181818181818182,0.9916666666666667,0.9285714285714286,0.9906542056074766,-1,-1.0,0.0,1,0,0.01878794844662698,0.0012074269233622213,0.003635516837784504,0.0024865269613944404,0.03086577678562131,0.03920745718723485
ds004447,sub-006,ses-19,C4_LOSO_SHRINKAGE,full,112,0.8484848484848485,1.0,1.0,1.0,0,0.0,0.0,0,0,0.0,0.0,0.0,0.0,0.0,0.0
ds004447,sub-007,ses-01,C0_CURRENT_OVERLAP_EMPIRICAL,15,30,,0.9666666666666667,0.7777777777777778,0.9622641509433962,2,2.0,-2.0,1,3,0.05605095025346631,0.1094699919560811,0.7397320383794935,0.06957382577317772,0.2103519303805854,0.0974826973171591
ds004447,sub-007,ses-01,C0_CURRENT_OVERLAP_EMPIRICAL,30,60,,0.95,0.7142857142857143,0.9428571428571428,6,6.0,-5.5,0,6,0.1299790089577031,0.08512548213267528,0.061637615833484136,0.05712944530118967,0.08004055390658137,0.09121447352239778
ds004447,sub-007,ses-01,C0_CURRENT_OVERLAP_EMPIRICAL,60,120,,0.95,0.7142857142857143,0.9428571428571428,6,6.0,-5.5,0,6,0.12086188342593353,0.03077716040250622,0.018093231345895612,0.010404655422367235,0.13809206145095718,0.011321435903678127
ds004447,sub-007,ses-01,C0_CURRENT_OVERLAP_EMPIRICAL,90,180,,1.0,1.0,1.0,0,0.0,0.0,0,0,0.036678391491841524,0.005752902154441394,0.0,0.013305871067749735,0.10663062654361992,0.016243857679695377
ds004447,sub-007,ses-01,C0_CURRENT_OVERLAP_EMPIRICAL,full,204,,1.0,1.0,1.0,0,0.0,0.0,0,0,0.0,0.0,0.0,0.0,0.0,0.0
ds004447,sub-007,ses-01,C1_NONOVERLAP_EMPIRICAL,15,15,,0.8416666666666667,0.2692307692307692,0.831858407079646,3,3.0,-1.5,8,11,0.22027058755825224,0.04601269190631868,0.8022009832327185,0.07425149674624114,0.17655059698480685,0.07090107428880271
ds004447,sub-007,ses-01,C1_NONOVERLAP_EMPIRICAL,30,30,,0.9333333333333333,0.6363636363636364,0.9245283018867925,6,6.0,-2.0,1,7,0.16344778128004683,0.016258169306205706,0.011270316283057446,0.06264378429513491,0.08004842209309507,0.10300816250303865
ds004447,sub-007,ses-01,C1_NONOVERLAP_EMPIRICAL,60,60,,0.9416666666666667,0.6666666666666666,0.9339622641509434,5,5.0,-2.0,1,6,0.15788881922802295,0.02923872579738547,0.04012022917804238,0.02367020772017677,0.1343199449566422,0.07964295450485841
ds004447,sub-007,ses-01,C1_NONOVERLAP_EMPIRICAL,90,90,,0.9916666666666667,0.9333333333333333,0.9905660377358491,-1,-1.0,0.0,1,0,0.026399944923251477,0.020593174560512014,0.0,0.014915164883309155,0.04965695174439148,0.0443694257410004
ds004447,sub-007,ses-01,C1_NONOVERLAP_EMPIRICAL,full,102,,1.0,1.0,1.0,0,0.0,0.0,0,0,0.0,0.0,0.0,0.0,0.0,0.0
ds004447,sub-007,ses-01,C2_NONOVERLAP_HARRELL_DAVIS,15,15,,0.9166666666666666,0.5,0.9090909090909091,2,2.0,-2.0,4,6,0.16879741511556087,0.018097160812426363,0.744942167107461,0.08430430965311478,1.1612535491324183,0.023819103281529846
ds004447,sub-007,ses-01,C2_NONOVERLAP_HARRELL_DAVIS,30,30,,0.9666666666666667,0.7777777777777778,0.9622641509433962,4,4.0,0.0,0,4,0.14566028246347582,0.025757037604603766,0.09259624280030176,0.06681113766681426,0.25842930407459164,0.11803488185783294
ds004447,sub-007,ses-01,C2_NONOVERLAP_HARRELL_DAVIS,60,60,,0.95,0.7,0.9433962264150944,6,6.0,-2.0,0,6,0.1737822242845604,0.009579268290764192,0.0036852602799860427,0.013882687357651415,0.09110873389150488,0.1017776204902596
ds004447,sub-007,ses-01,C2_NONOVERLAP_HARRELL_DAVIS,90,90,,0.9833333333333333,0.8666666666666667,0.9813084112149533,0,0.0,0.0,1,1,0.05756824923275005,0.008124593532453546,0.006995654467813642,0.01612695988533133,0.04212042326590727,0.06559217817328145
ds004447,sub-007,ses-01,C2_NONOVERLAP_HARRELL_DAVIS,full,102,,1.0,1.0,1.0,0,0.0,0.0,0,0,0.0,0.0,0.0,0.0,0.0,0.0
ds004447,sub-007,ses-01,C3_BLOCK_SUBSAMPLE_EMPIRICAL,30,15,,0.9333333333333333,0.5555555555555556,0.9272727272727272,6,6.0,0.0,1,7,0.20868771548365278,0.05928683789795431,0.20859715476084986,0.0761013268498283,0.04241733433233426,0.05970674968138267
ds004447,sub-007,ses-01,C3_BLOCK_SUBSAMPLE_EMPIRICAL,60,30,,0.95,0.625,0.9454545454545454,4,4.0,0.0,1,5,0.20385230667714074,0.043909451385264135,0.016016893997856732,0.018355841871695366,0.05239788358700093,0.02766221128275042
ds004447,sub-007,ses-01,C3_BLOCK_SUBSAMPLE_EMPIRICAL,90,45,,0.9666666666666667,0.7142857142857143,0.9636363636363636,2,2.0,3.5,1,3,0.10923335590812117,0.0018103568467321045,0.03203378799571359,0.018043777793292973,0.04241733433233441,0.04402597542268852
ds004447,sub-007,ses-01,C3_BLOCK_SUBSAMPLE_EMPIRICAL,full,51,,1.0,1.0,1.0,0,0.0,0.0,0,0,0.0,0.0,0.0,0.0,0.0,0.0
ds004447,sub-007,ses-01,C4_LOSO_SHRINKAGE,15,15,0.42857142857142855,0.8916666666666667,0.13333333333333333,0.8898305084745762,-9,-9.0,6.5,11,2,0.12844475891367263,0.05710076205034933,0.28329094279780576,0.03554491965123709,0.07860757221032283,0.3905987773667961
ds004447,sub-007,ses-01,C4_LOSO_SHRINKAGE,30,30,0.6,0.9333333333333333,0.5789473684210527,0.926605504587156,4,4.0,-5.0,2,6,0.11836255988216594,0.03138522244116783,0.03372705400108633,0.039713900870817394,0.04972885765355774,0.13550170955603627
ds004447,sub-007,ses-01,C4_LOSO_SHRINKAGE,60,60,0.75,0.95,0.6842105263157895,0.9439252336448598,6,6.0,-5.0,0,6,0.1269061097076913,0.030089217286637306,0.045771575990939055,0.01852221101717843,0.0999758367822266,0.006876936694828691
ds004447,sub-007,ses-01,C4_LOSO_SHRINKAGE,90,90,0.8181818181818182,0.9916666666666667,0.9285714285714286,0.9906542056074766,1,1.0,0.0,0,1,0.023324342292630796,0.018727981930918933,0.003081839161544289,0.012019298794273098,0.040445585410277464,0.025881612432615914
ds004447,sub-007,ses-01,C4_LOSO_SHRINKAGE,full,102,0.8360655737704918,1.0,1.0,1.0,0,0.0,0.0,0,0,0.0,0.0,0.0,0.0,0.0,0.0
ds004447,sub-007,ses-19,C0_CURRENT_OVERLAP_EMPIRICAL,15,30,,0.9583333333333334,0.5454545454545454,0.956140350877193,-5,-5.0,4.0,5,0,0.4986244953193268,0.18600643080308615,1.597682310987548,0.3640937482865962,0.743204576513803,18417.279444904896
ds004447,sub-007,ses-19,C0_CURRENT_OVERLAP_EMPIRICAL,30,60,,0.975,0.7272727272727273,0.9732142857142857,-3,-3.0,0.0,3,0,0.2596873108438493,0.06282196391113719,0.39374492971092423,0.13950328366664444,0.11971044652799843,12226.812481721778
ds004447,sub-007,ses-19,C0_CURRENT_OVERLAP_EMPIRICAL,60,120,,0.9916666666666667,0.9166666666666666,0.9908256880733946,1,1.0,0.0,0,1,0.004157159094264143,0.023727976740489546,0.012085729310573296,0.02379505493314806,0.0485816156573482,16522.595125863863
ds004447,sub-007,ses-19,C0_CURRENT_OVERLAP_EMPIRICAL,90,180,,0.9833333333333333,0.8333333333333334,0.9818181818181818,0,0.0,-1.0,1,1,0.012488508144706706,0.002678591634271873,0.09583885703886554,0.01013155490569775,0.28824958953939955,16882.896616352307
ds004447,sub-007,ses-19,C0_CURRENT_OVERLAP_EMPIRICAL,full,212,,1.0,1.0,1.0,0,0.0,0.0,0,0,0.0,0.0,0.0,0.0,0.0,0.0
ds004447,sub-007,ses-19,C1_NONOVERLAP_EMPIRICAL,15,15,,0.9416666666666667,0.3,0.9401709401709402,-7,-7.0,16.5,7,0,0.6193757596978493,0.1683872250331215,1.0939374574896086,0.4320332778553418,0.47484056374481975,0.2873027454107495
ds004447,sub-007,ses-19,C1_NONOVERLAP_EMPIRICAL,30,30,,0.9416666666666667,0.36363636363636365,0.9396551724137931,-5,-5.0,6.0,6,1,0.2857039955038329,0.06527455758183634,0.29668370175920533,0.20593924931632626,0.0639846182235308,0.10371740792592532
ds004447,sub-007,ses-19,C1_NONOVERLAP_EMPIRICAL,60,60,,0.975,0.75,0.972972972972973,1,1.0,0.0,1,2,0.012652160760620241,0.06630514461601816,0.06076275143774392,0.05882674895286965,0.09302942288375826,0.37881866118966845
ds004447,sub-007,ses-19,C1_NONOVERLAP_EMPIRICAL,90,90,,0.9916666666666667,0.9,0.990990990990991,-1,-1.0,0.0,1,0,0.05541075251044654,0.0,0.06644977843426741,0.002957478375263344,0.2458477928643786,0.3896663197074531
ds004447,sub-007,ses-19,C1_NONOVERLAP_EMPIRICAL,full,106,,1.0,1.0,1.0,0,0.0,0.0,0,0,0.0,0.0,0.0,0.0,0.0,0.0
ds004447,sub-007,ses-19,C2_NONOVERLAP_HARRELL_DAVIS,15,15,,0.9333333333333333,0.2,0.9322033898305084,-8,-8.0,17.5,8,0,0.6775299341050531,0.19322444523787535,1.60091921140572,0.5747776633985024,0.5294455767558509,0.34345897498353084
ds004447,sub-007,ses-19,C2_NONOVERLAP_HARRELL_DAVIS,30,30,,0.9583333333333334,0.5,0.9565217391304348,-5,-5.0,6.0,5,0,0.24922347754583885,0.05283324066291726,0.33790728663792835,0.20796034200767385,0.19623102503834938,0.11921006616147395
ds004447,sub-007,ses-19,C2_NONOVERLAP_HARRELL_DAVIS,60,60,,0.9916666666666667,0.9090909090909091,0.990909090909091,1,1.0,0.0,0,1,0.01944365405689381,0.040485598846134,0.028958313347095737,0.04228570762485017,0.054856332825196086,0.32882567787051764
ds004447,sub-007,ses-19,C2_NONOVERLAP_HARRELL_DAVIS,90,90,,0.9833333333333333,0.8181818181818182,0.9819819819819819,0,0.0,0.0,1,1,0.0245662111396699,0.0015303638018018442,0.08003109856413522,0.004407310057723372,0.24950708871090896,0.367993412605707
ds004447,sub-007,ses-19,C2_NONOVERLAP_HARRELL_DAVIS,full,106,,1.0,1.0,1.0,0,0.0,0.0,0,0,0.0,0.0,0.0,0.0,0.0,0.0
ds004447,sub-007,ses-19,C3_BLOCK_SUBSAMPLE_EMPIRICAL,30,15,,0.925,0.3076923076923077,0.9224137931034483,3,3.0,-5.0,3,6,0.21017881917477155,0.013720858197862415,0.33718034453324414,0.10276327165874762,0.16814708124351987,0.1931937884105324
ds004447,sub-007,ses-19,C3_BLOCK_SUBSAMPLE_EMPIRICAL,60,30,,0.95,0.5384615384615384,0.9469026548672567,6,6.0,-7.0,0,6,0.1964401812401938,0.013259003152286527,0.028666072093872293,0.0416327928294662,0.0234006032890004,0.1512119759317193
ds004447,sub-007,ses-19,C3_BLOCK_SUBSAMPLE_EMPIRICAL,90,45,,1.0,1.0,1.0,0,0.0,0.0,0,0,0.0,0.002729919419256429,0.04049318535804221,0.008978246923373397,0.22668138654661316,0.02755730495760058
ds004447,sub-007,ses-19,C3_BLOCK_SUBSAMPLE_EMPIRICAL,full,53,,1.0,1.0,1.0,0,0.0,0.0,0,0,0.0,0.0,0.0,0.0,0.0,0.0
ds004447,sub-007,ses-19,C4_LOSO_SHRINKAGE,15,15,0.42857142857142855,0.9333333333333333,0.2727272727272727,0.9316239316239316,-6,-6.0,10.0,7,1,0.23126836940349393,0.04121552584199697,0.5027036882948378,0.22099986012776707,0.1791698574800358,0.1554295535239091
ds004447,sub-007,ses-19,C4_LOSO_SHRINKAGE,30,30,0.6,0.9416666666666667,0.3,0.9401709401709402,-7,-7.0,7.0,7,0,0.1516789177924746,0.02103360566880074,0.19934014586834786,0.14429040949277344,0.023346998160392804,0.10171648335568685
ds004447,sub-007,ses-19,C4_LOSO_SHRINKAGE,60,60,0.75,0.9916666666666667,0.9090909090909091,0.990909090909091,1,1.0,0.0,0,1,0.018046172795427338,0.043297515971376634,0.035708534313967456,0.05199974295822734,0.07631887065118403,0.25139972590873355
ds004447,sub-007,ses-19,C4_LOSO_SHRINKAGE,90,90,0.8181818181818182,1.0,1.0,1.0,0,0.0,0.0,0,0,0.04812928777407225,0.001780924030775887,0.05119197047431929,0.0002249040558870417,0.20466748437354698,0.33831507360044416
ds004447,sub-007,ses-19,C4_LOSO_SHRINKAGE,full,106,0.8412698412698413,1.0,1.0,1.0,0,0.0,0.0,0,0,0.0,0.0,0.0,0.0,0.0,0.0
ds004447,sub-008,ses-01,C0_CURRENT_OVERLAP_EMPIRICAL,15,30,,0.9396551724137931,0.4166666666666667,0.9369369369369369,-3,-3.103448275862069,0.0,5,2,0.07963056093867456,0.023408471448848982,0.018933208471873988,0.15262153693262054,1.292517911390551,1074.557111343048
ds004447,sub-008,ses-01,C0_CURRENT_OVERLAP_EMPIRICAL,30,60,,0.9482758620689655,0.5,0.9454545454545454,-2,-2.0689655172413794,0.0,4,2,0.06481166114427782,0.03359357839645241,0.16352070444383887,0.08737058765432819,0.4999025557249007,1101.8195139298257
ds004447,sub-008,ses-01,C0_CURRENT_OVERLAP_EMPIRICAL,60,120,,0.9655172413793104,0.6363636363636364,0.963302752293578,-2,-2.0689655172413794,0.0,3,1,0.05005290169726665,0.009026291973006709,0.12552105364954863,0.011702173172464778,0.07890518954924533,1039.0679143350844
ds004447,sub-008,ses-01,C0_CURRENT_OVERLAP_EMPIRICAL,90,180,,0.9827586206896551,0.8,0.9814814814814815,-2,-2.0689655172413794,0.0,2,0,0.006910106865974074,0.015676158409932146,0.03652612823125402,0.005949582695103797,0.09723155615423229,1073.0094127568705
ds004447,sub-008,ses-01,C0_CURRENT_OVERLAP_EMPIRICAL,full,208,,1.0,1.0,1.0,0,0.0,0.0,0,0,0.0,0.0,0.0,0.0,0.0,0.0
ds004447,sub-008,ses-01,C1_NONOVERLAP_EMPIRICAL,15,15,,0.9482758620689655,0.45454545454545453,0.9459459459459459,-2,-2.0689655172413794,11.0,4,2,0.11258730601819349,0.02699449483385208,0.17254203002164356,0.16127839610160227,1.228441142382474,0.09110119785416025
ds004447,sub-008,ses-01,C1_NONOVERLAP_EMPIRICAL,30,30,,0.9655172413793104,0.6,0.9636363636363636,-2,-2.0689655172413794,4.0,3,1,0.032475498662438436,0.03381943982873164,0.17144555186256086,0.08063719694414066,0.5357316489820898,0.04787342877201138
ds004447,sub-008,ses-01,C1_NONOVERLAP_EMPIRICAL,60,60,,0.9568965517241379,0.6153846153846154,0.9537037037037037,3,3.103448275862069,-4.0,1,4,0.13355425265538548,0.003180370279837823,0.15105686803225968,0.000978626908975075,0.05377507564984191,0.06772819557752598
ds004447,sub-008,ses-01,C1_NONOVERLAP_EMPIRICAL,90,90,,0.9913793103448276,0.8888888888888888,0.9907407407407407,-1,-1.0344827586206897,0.0,1,0,0.003577427508801356,0.007296078106293915,0.045863824194536565,0.0044822849564342725,0.07566657205527182,0.048067490548083555
ds004447,sub-008,ses-01,C1_NONOVERLAP_EMPIRICAL,full,104,,1.0,1.0,1.0,0,0.0,0.0,0,0,0.0,0.0,0.0,0.0,0.0,0.0
ds004447,sub-008,ses-01,C2_NONOVERLAP_HARRELL_DAVIS,15,15,,0.9741379310344828,0.7,0.9724770642201835,-1,-1.0344827586206897,-1.0,2,1,0.0019605440726222696,0.08343782012132386,0.0587567228305253,0.17531877795367073,1.1682325795806505,0.10364002209151797
ds004447,sub-008,ses-01,C2_NONOVERLAP_HARRELL_DAVIS,30,30,,0.9741379310344828,0.7,0.9724770642201835,-1,-1.0344827586206897,-1.0,2,1,0.006691596226608549,0.07902921366906862,0.16271193659009037,0.07560753287662485,0.7053381977752453,0.004614890447043018
ds004447,sub-008,ses-01,C2_NONOVERLAP_HARRELL_DAVIS,60,60,,0.9827586206896551,0.8,0.9814814814814815,0,0.0,0.0,1,1,0.10449714545771366,0.009183973729390223,0.1464539121124876,0.006361842944492246,0.06013770110194506,0.02039357530348997
ds004447,sub-008,ses-01,C2_NONOVERLAP_HARRELL_DAVIS,90,90,,0.9913793103448276,0.8888888888888888,0.9907407407407407,-1,-1.0344827586206897,0.0,1,0,0.008817013960456331,0.011155467110676007,0.027166671026149388,0.0028376489948395214,0.07614714851626765,0.0454859201352373
ds004447,sub-008,ses-01,C2_NONOVERLAP_HARRELL_DAVIS,full,104,,1.0,1.0,1.0,0,0.0,0.0,0,0,0.0,0.0,0.0,0.0,0.0,0.0
ds004447,sub-008,ses-01,C3_BLOCK_SUBSAMPLE_EMPIRICAL,30,15,,0.9655172413793104,0.6,0.9636363636363636,-2,-2.0689655172413794,0.0,3,1,0.10970309904040643,0.00441388331063536,0.196072557036886,0.07065738126724506,0.03662355456515443,0.15568102441987383
ds004447,sub-008,ses-01,C3_BLOCK_SUBSAMPLE_EMPIRICAL,60,30,,0.9568965517241379,0.5833333333333334,0.9541284403669725,1,1.0344827586206897,-1.0,2,3,0.12324630791461921,0.0011312605149486476,0.1763751095284021,0.01329477175744065,0.09687221469864936,0.02738563641373908
ds004447,sub-008,ses-01,C3_BLOCK_SUBSAMPLE_EMPIRICAL,90,45,,0.9827586206896551,0.7777777777777778,0.981651376146789,-2,-2.0689655172413794,0.0,2,0,0.0003513793420332859,0.004393382609617402,0.011074091812124043,0.006647385878720325,0.11279177092720401,0.05495605736196472
ds004447,sub-008,ses-01,C3_BLOCK_SUBSAMPLE_EMPIRICAL,full,52,,1.0,1.0,1.0,0,0.0,0.0,0,0,0.0,0.0,0.0,0.0,0.0,0.0
ds004447,sub-008,ses-01,C4_LOSO_SHRINKAGE,15,15,0.42857142857142855,0.9224137931034483,0.0,0.9224137931034483,-9,-9.310344827586206,45.5,9,0,0.08987699286953693,0.04985123094420106,0.06514832347346082,0.12994922474995033,1.090670711889935,0.3235212698699066
ds004447,sub-008,ses-01,C4_LOSO_SHRINKAGE,30,30,0.6,0.9396551724137931,0.2222222222222222,0.9385964912280702,-7,-7.241379310344827,21.0,7,0,0.06045034248256122,0.05538984904892134,0.018730801064861226,0.08358620142855513,0.6456113413149285,0.24719477632931008
ds004447,sub-008,ses-01,C4_LOSO_SHRINKAGE,60,60,0.75,0.9655172413793104,0.5555555555555556,0.963963963963964,-4,-4.137931034482759,6.0,4,0,0.06550618891780419,0.010896636404476554,0.07803565824311645,0.014240577035579917,0.12484695005509601,0.13779440560671916
ds004447,sub-008,ses-01,C4_LOSO_SHRINKAGE,90,90,0.8181818181818182,1.0,1.0,1.0,0,0.0,0.0,0,0,0.009555698417474726,0.0027657544555931305,0.028765208202453485,0.00044747119945410895,0.008974822476643628,0.06345254990895734
ds004447,sub-008,ses-01,C4_LOSO_SHRINKAGE,full,104,0.8387096774193549,1.0,1.0,1.0,0,0.0,0.0,0,0,0.0,0.0,0.0,0.0,0.0,0.0
ds004447,sub-008,ses-19,C0_CURRENT_OVERLAP_EMPIRICAL,15,30,,0.9083333333333333,0.0,0.9083333333333333,-3,-3.0,14.5,7,4,0.4465052871812967,0.6558786085413282,0.3967886837869413,1.0344880974741377,0.7395874129582466,1968.8757158657756
ds004447,sub-008,ses-19,C0_CURRENT_OVERLAP_EMPIRICAL,30,60,,0.9333333333333333,0.2727272727272727,0.9316239316239316,0,0.0,-3.5,4,4,0.14560453868517556,0.252279298095556,0.01412159885729243,0.6604978681950531,0.42705681112598953,1624.7877278622952
ds004447,sub-008,ses-19,C0_CURRENT_OVERLAP_EMPIRICAL,60,120,,0.9666666666666667,0.5555555555555556,0.9652173913043478,0,0.0,-0.5,2,2,0.06014724976925539,0.07113225459583003,0.06679763268335469,0.1579288452906231,0.21841463446903647,1283.2734817223347
ds004447,sub-008,ses-19,C0_CURRENT_OVERLAP_EMPIRICAL,90,180,,0.9666666666666667,0.5555555555555556,0.9652173913043478,0,0.0,-0.5,2,2,0.04162792738219109,0.0,0.0366909233924943,0.002792148375380272,0.0011716236244883596,1241.865541008943
ds004447,sub-008,ses-19,C0_CURRENT_OVERLAP_EMPIRICAL,full,216,,1.0,1.0,1.0,0,0.0,0.0,0,0,0.0,0.0,0.0,0.0,0.0,0.0
ds004447,sub-008,ses-19,C1_NONOVERLAP_EMPIRICAL,15,15,,0.9416666666666667,0.4166666666666667,0.9391304347826087,-5,-5.0,13.5,6,1,0.3593313433113197,1.1970835541652702,0.2087789320541285,0.9362453246182165,0.6397883886599096,0.4691252690334968
ds004447,sub-008,ses-19,C1_NONOVERLAP_EMPIRICAL,30,30,,0.95,0.5384615384615384,0.9469026548672567,-2,-2.0,-1.0,4,2,0.0741161194597778,0.2708475954128169,0.10133247147180253,0.4715561080964122,0.4278932878806543,0.3194499140584588
ds004447,sub-008,ses-19,C1_NONOVERLAP_EMPIRICAL,60,60,,0.9833333333333333,0.8181818181818182,0.9819819819819819,-2,-2.0,0.0,2,0,0.04615001235237213,0.14288157815377717,0.03569465093586819,0.21762008027276963,0.22856206744881952,0.004685051115260298
ds004447,sub-008,ses-19,C1_NONOVERLAP_EMPIRICAL,90,90,,0.9833333333333333,0.8181818181818182,0.9819819819819819,-2,-2.0,0.0,2,0,0.029841465491339782,0.02211934097154614,0.019768667730498932,0.014656125411341682,0.0005861551888775659,0.04041082237667224
ds004447,sub-008,ses-19,C1_NONOVERLAP_EMPIRICAL,full,108,,1.0,1.0,1.0,0,0.0,0.0,0,0,0.0,0.0,0.0,0.0,0.0,0.0
ds004447,sub-008,ses-19,C2_NONOVERLAP_HARRELL_DAVIS,15,15,,0.925,0.18181818181818182,0.923728813559322,-9,-9.0,36.0,9,0,0.5573014850675226,1.160999589987147,0.25492269528580863,1.1797784238609688,0.6787954572931608,0.5051847329121927
ds004447,sub-008,ses-19,C2_NONOVERLAP_HARRELL_DAVIS,30,30,,0.95,0.5,0.9473684210526315,-4,-4.0,1.0,5,1,0.10163837616532956,0.3831177467944951,0.08084169782936987,0.5592515578890834,0.45140450184729924,0.298194383403175
ds004447,sub-008,ses-19,C2_NONOVERLAP_HARRELL_DAVIS,60,60,,0.9666666666666667,0.6363636363636364,0.9646017699115044,-4,-4.0,8.5,4,0,0.09581875421276372,0.11995899354333217,0.017475152032873923,0.20065360503364413,0.19661637653804392,0.07251503997765071
ds004447,sub-008,ses-19,C2_NONOVERLAP_HARRELL_DAVIS,90,90,,0.975,0.7272727272727273,0.9732142857142857,-3,-3.0,8.5,3,0,0.04925632149516839,0.01744660061439291,0.020173846298623704,0.027403179295502806,0.016680263299050643,0.03919251326859948
ds004447,sub-008,ses-19,C2_NONOVERLAP_HARRELL_DAVIS,full,108,,1.0,1.0,1.0,0,0.0,0.0,0,0,0.0,0.0,0.0,0.0,0.0,0.0
ds004447,sub-008,ses-19,C3_BLOCK_SUBSAMPLE_EMPIRICAL,30,15,,1.0,1.0,1.0,0,0.0,0.0,0,0,0.06776764612297442,0.31798984755629817,0.04343170056091839,0.5659248790846583,0.35940395498035493,0.28124409252151855
ds004447,sub-008,ses-19,C3_BLOCK_SUBSAMPLE_EMPIRICAL,60,30,,1.0,1.0,1.0,0,0.0,0.0,0,0,0.06053670178520263,0.13937773523375355,0.03768901648534784,0.22168806625426477,0.22712349783751726,0.0833051798653572
ds004447,sub-008,ses-19,C3_BLOCK_SUBSAMPLE_EMPIRICAL,90,45,,1.0,1.0,1.0,0,0.0,0.0,0,0,0.044985912284092794,0.0437706023470809,0.014011829422498479,0.12388496287247534,0.0002927344188417153,0.039911523563648535
ds004447,sub-008,ses-19,C3_BLOCK_SUBSAMPLE_EMPIRICAL,full,54,,1.0,1.0,1.0,0,0.0,0.0,0,0,0.0,0.0,0.0,0.0,0.0,0.0
ds004447,sub-008,ses-19,C4_LOSO_SHRINKAGE,15,15,0.42857142857142855,0.95,0.25,0.9491525423728814,-6,-6.0,18.5,6,0,0.12253973731232314,0.5189557537068019,0.017669658728962912,0.42598459347070294,0.528702916016629,0.08546884031977658
ds004447,sub-008,ses-19,C4_LOSO_SHRINKAGE,30,30,0.6,1.0,1.0,1.0,0,0.0,0.0,0,0,0.02542254725212562,0.1663670736295413,0.018873031406627917,0.29693709918685013,0.39592952788922725,0.03204325860094577
ds004447,sub-008,ses-19,C4_LOSO_SHRINKAGE,60,60,0.75,1.0,1.0,1.0,0,0.0,0.0,0,0,0.027506741941510666,0.10852192657837187,0.04429918614718415,0.16800454455007272,0.21719535910955542,0.07391851867999369
ds004447,sub-008,ses-19,C4_LOSO_SHRINKAGE,90,90,0.8181818181818182,1.0,1.0,1.0,0,0.0,0.0,0,0,0.022666025331498748,0.018499479448775107,0.021202928519634283,0.013654210364415154,0.017048625649844055,0.01783101527660498
ds004447,sub-008,ses-19,C4_LOSO_SHRINKAGE,full,108,0.84375,1.0,1.0,1.0,0,0.0,0.0,0,0,0.0,0.0,0.0,0.0,0.0,0.0
ds004447,sub-009,ses-01,C0_CURRENT_OVERLAP_EMPIRICAL,15,30,,0.8050847457627118,0.14814814814814814,0.7982456140350878,17,17.28813559322034,-13.0,3,20,0.5110525828758847,0.0613798262173254,0.37590802859632527,0.05403555103793775,0.6049639439317482,1902.0269903681206
ds004447,sub-009,ses-01,C0_CURRENT_OVERLAP_EMPIRICAL,30,60,,0.8050847457627118,0.14814814814814814,0.7982456140350878,17,17.28813559322034,-13.0,3,20,0.4719461783977931,0.05074174856729706,0.37618470454483777,0.024271680344212156,0.6205609298696487,1625.7375249224442
ds004447,sub-009,ses-01,C0_CURRENT_OVERLAP_EMPIRICAL,60,120,,0.8898305084745762,0.23529411764705882,0.8859649122807017,7,7.118644067796611,-5.0,3,10,0.253149796009914,0.02905847770665859,0.2508744124775868,0.015110596476345864,0.40489936544824445,1311.138794369414
ds004447,sub-009,ses-01,C0_CURRENT_OVERLAP_EMPIRICAL,90,180,,0.9152542372881356,0.3333333333333333,0.911504424778761,6,6.101694915254238,-5.0,2,8,0.14142730331780398,0.029410345850842165,0.04539270906756432,0.04545253345682771,0.04938118322270131,717.8442419635142
ds004447,sub-009,ses-01,C0_CURRENT_OVERLAP_EMPIRICAL,120,240,,0.9322033898305084,0.3333333333333333,0.9298245614035088,2,2.0338983050847457,-4.5,3,5,0.13461515257875667,0.113114178186217,0.580072196652926,0.08100099040578444,0.08070431651468002,756.6540718253036
ds004447,sub-009,ses-01,C0_CURRENT_OVERLAP_EMPIRICAL,full,442,,1.0,1.0,1.0,0,0.0,0.0,0,0,0.0,0.0,0.0,0.0,0.0,0.0
ds004447,sub-009,ses-01,C1_NONOVERLAP_EMPIRICAL,15,15,,0.8389830508474576,0.13636363636363635,0.8347826086956521,11,11.186440677966102,-6.5,4,15,0.4776426634550775,0.09590801020405051,0.3757426035911594,0.06640639407555073,0.5290411737027758,6.589333499973954
ds004447,sub-009,ses-01,C1_NONOVERLAP_EMPIRICAL,30,30,,0.847457627118644,0.18181818181818182,0.8421052631578947,12,12.203389830508476,-7.0,3,15,0.4708519744370592,0.05843933147354764,0.37544911631898836,0.06046077618069684,0.6189110736866821,5.458510490454964
ds004447,sub-009,ses-01,C1_NONOVERLAP_EMPIRICAL,60,60,,0.9152542372881356,0.3333333333333333,0.911504424778761,6,6.101694915254238,-3.5,2,8,0.2942601015218842,0.031726428694907834,0.21709143050518265,0.018455517973142824,0.40749373745383694,4.103578444668163
ds004447,sub-009,ses-01,C1_NONOVERLAP_EMPIRICAL,90,90,,0.940677966101695,0.5,0.9369369369369369,7,7.118644067796611,-3.5,0,7,0.17390690120566846,0.03046205723813575,0.03385447004731464,0.04381684081769781,0.0022072771786769154,2.2527356452151173
ds004447,sub-009,ses-01,C1_NONOVERLAP_EMPIRICAL,120,120,,0.9745762711864406,0.5714285714285714,0.9736842105263158,-3,-3.050847457627119,4.5,3,0,0.165093392551853,0.11165638885169735,0.7990422279392505,0.07811481393411286,0.0795218234883296,2.20071785938802
ds004447,sub-009,ses-01,C1_NONOVERLAP_EMPIRICAL,full,221,,1.0,1.0,1.0,0,0.0,0.0,0,0,0.0,0.0,0.0,0.0,0.0,0.0
ds004447,sub-009,ses-01,C2_NONOVERLAP_HARRELL_DAVIS,15,15,,0.9152542372881356,0.2857142857142857,0.9122807017543859,4,4.067796610169491,-3.5,3,7,0.30150195705883226,0.08318988007178611,0.3383056368342192,0.05379398858947075,0.3790818935636926,6.852898195573237
ds004447,sub-009,ses-01,C2_NONOVERLAP_HARRELL_DAVIS,30,30,,0.8898305084745762,0.23529411764705882,0.8859649122807017,7,7.118644067796611,-6.0,3,10,0.3808090223818804,0.05887115879517131,0.39295059533051846,0.05129572117077304,0.5545684026357841,5.8364005686168605
ds004447,sub-009,ses-01,C2_NONOVERLAP_HARRELL_DAVIS,60,60,,0.9067796610169492,0.3125,0.9026548672566371,7,7.118644067796611,-3.5,2,9,0.2699593722077859,0.025321644936972695,0.24273820872105087,0.020474833422935435,0.3203062692254933,4.4408582312901315
ds004447,sub-009,ses-01,C2_NONOVERLAP_HARRELL_DAVIS,90,90,,0.9322033898305084,0.4666666666666667,0.9279279279279279,8,8.135593220338983,-3.5,0,8,0.12598690814336658,0.020333584592515035,0.023129774600192003,0.04706502755659393,0.0076135993200146055,2.363779112804324
ds004447,sub-009,ses-01,C2_NONOVERLAP_HARRELL_DAVIS,120,120,,0.9661016949152542,0.42857142857142855,0.9652173913043478,-4,-4.067796610169491,14.5,4,0,0.18013111390673936,0.12405285865025863,0.7328603049662309,0.0816641986901801,0.12981745004385728,2.390957110236401
ds004447,sub-009,ses-01,C2_NONOVERLAP_HARRELL_DAVIS,full,221,,1.0,1.0,1.0,0,0.0,0.0,0,0,0.0,0.0,0.0,0.0,0.0,0.0
ds004447,sub-009,ses-01,C3_BLOCK_SUBSAMPLE_EMPIRICAL,30,15,,0.9491525423728814,0.3333333333333333,0.9478260869565217,-2,-2.0338983050847457,5.5,4,2,0.22273670117340721,0.10268967740445004,0.49411785387046775,0.07136044670837258,0.6438259762110646,7.510232980144364
ds004447,sub-009,ses-01,C3_BLOCK_SUBSAMPLE_EMPIRICAL,60,30,,0.9915254237288136,0.875,0.990990990990991,1,1.0169491525423728,-3.5,0,1,0.04906668740387251,0.02405246493509005,0.2630631567931859,0.011737515331498242,0.4187663138861497,7.345287957363875
ds004447,sub-009,ses-01,C3_BLOCK_SUBSAMPLE_EMPIRICAL,90,45,,0.9576271186440678,0.5,0.9557522123893806,1,1.0169491525423728,-0.5,2,3,0.07370249594679561,0.0012289870340014431,0.11798958311709154,0.02705045657607375,0.0032988432161259627,4.060921543667778
ds004447,sub-009,ses-01,C3_BLOCK_SUBSAMPLE_EMPIRICAL,120,60,,0.9661016949152542,0.42857142857142855,0.9652173913043478,-4,-4.067796610169491,14.5,4,0,0.2617820992886971,0.14058938894763207,0.5323379394160636,0.07719565918998646,0.10244229727548779,3.03305538862301
ds004447,sub-009,ses-01,C3_BLOCK_SUBSAMPLE_EMPIRICAL,full,111,,1.0,1.0,1.0,0,0.0,0.0,0,0,0.0,0.0,0.0,0.0,0.0,0.0
ds004447,sub-009,ses-01,C4_LOSO_SHRINKAGE,15,15,0.42857142857142855,0.9067796610169492,0.08333333333333333,0.905982905982906,-3,-3.050847457627119,2.0,7,4,0.13780504883161918,0.1302294017224961,0.23280281536460387,0.05023976312853198,0.25310496131029064,3.058736832942349
ds004447,sub-009,ses-01,C4_LOSO_SHRINKAGE,30,30,0.6,0.923728813559322,0.35714285714285715,0.9203539823008849,3,3.050847457627119,-3.5,3,6,0.23744799245595255,0.07637883204121232,0.03820611496954896,0.015038829586272501,0.3894308130863206,3.316882428459644
ds004447,sub-009,ses-01,C4_LOSO_SHRINKAGE,60,60,0.75,0.923728813559322,0.4,0.9196428571428571,5,5.084745762711865,-3.5,2,7,0.19616500311528187,0.03507052250496949,0.02113621097181779,0.013122797413464917,0.315622167071241,2.9960178823365085
ds004447,sub-009,ses-01,C4_LOSO_SHRINKAGE,90,90,0.8181818181818182,0.940677966101695,0.5333333333333333,0.9363636363636364,7,7.118644067796611,-3.5,0,7,0.12764324065207258,0.058629889141315776,0.05167100457562288,0.05122045930658376,0.003324602723059621,1.7931412759405467
ds004447,sub-009,ses-01,C4_LOSO_SHRINKAGE,120,120,0.8571428571428571,0.9661016949152542,0.5,0.9649122807017544,-4,-4.067796610169491,4.5,4,0,0.14787863386079153,0.11379392036563986,0.6872729428563504,0.07566459742489766,0.06534294837673545,1.797018484251796
ds004447,sub-009,ses-01,C4_LOSO_SHRINKAGE,full,221,0.91701244813278,1.0,1.0,1.0,0,0.0,0.0,0,0,0.0,0.0,0.0,0.0,0.0,0.0
ds004447,sub-009,ses-19,C0_CURRENT_OVERLAP_EMPIRICAL,15,30,,0.9833333333333333,0.0,0.9833333333333333,-2,-2.0,23.0,2,0,1.3614529480560646,0.627249392332139,2.6587027693380807,0.21262408342661965,0.5186676472839509,8.544124890738045
ds004447,sub-009,ses-19,C0_CURRENT_OVERLAP_EMPIRICAL,30,60,,0.9833333333333333,0.0,0.9833333333333333,-2,-2.0,23.0,2,0,0.6879312823128818,0.4368067698433674,2.455386757972702,0.08758471411061186,0.32449987511304185,8.481720597184905
ds004447,sub-009,ses-19,C0_CURRENT_OVERLAP_EMPIRICAL,60,120,,0.9833333333333333,0.0,0.9833333333333333,-2,-2.0,23.0,2,0,0.33089293788299773,0.09182886039398121,0.5128956995165399,0.002724906846692,0.09684417278656536,6.644974531197237
ds004447,sub-009,ses-19,C0_CURRENT_OVERLAP_EMPIRICAL,90,180,,0.9833333333333333,0.3333333333333333,0.9831932773109243,0,0.0,0.0,1,1,0.02838729610189572,0.013559866317301278,0.087043214602536,0.0020065133894901477,0.03030055826406729,6.219110264623273
ds004447,sub-009,ses-19,C0_CURRENT_OVERLAP_EMPIRICAL,full,224,,1.0,1.0,1.0,0,0.0,0.0,0,0,0.0,0.0,0.0,0.0,0.0,0.0
ds004447,sub-009,ses-19,C1_NONOVERLAP_EMPIRICAL,15,15,,0.9833333333333333,0.0,0.9833333333333333,-2,-2.0,23.0,2,0,1.08327633919518,0.5691745331841643,2.446547670100795,0.1517409940578068,0.4307152148548338,0.1455359669512254
ds004447,sub-009,ses-19,C1_NONOVERLAP_EMPIRICAL,30,30,,0.9833333333333333,0.0,0.9833333333333333,-2,-2.0,23.0,2,0,0.9936016962421108,0.24240343640725454,2.2674342803037204,0.0747666732210754,0.296717341341837,0.19998826920648416
ds004447,sub-009,ses-19,C1_NONOVERLAP_EMPIRICAL,60,60,,0.9833333333333333,0.0,0.9833333333333333,-2,-2.0,23.0,2,0,0.33372009405017505,0.07962424053349741,0.47140673552088797,0.015665244933149254,0.1458257926614021,0.0285820891798981
ds004447,sub-009,ses-19,C1_NONOVERLAP_EMPIRICAL,90,90,,0.9833333333333333,0.0,0.9833333333333333,-2,-2.0,23.0,2,0,0.15905591769595584,0.005953501512850713,0.2881763367344395,0.0005926524754228827,0.012613836001122211,0.007598944072475877
ds004447,sub-009,ses-19,C1_NONOVERLAP_EMPIRICAL,full,112,,1.0,1.0,1.0,0,0.0,0.0,0,0,0.0,0.0,0.0,0.0,0.0,0.0
ds004447,sub-009,ses-19,C2_NONOVERLAP_HARRELL_DAVIS,15,15,,0.9833333333333333,0.0,0.9833333333333333,-2,-2.0,23.0,2,0,1.651928241435203,0.5959131894534312,3.61414531732163,0.19331435130149927,0.4172117911328658,0.14664492736634904
ds004447,sub-009,ses-19,C2_NONOVERLAP_HARRELL_DAVIS,30,30,,0.9833333333333333,0.0,0.9833333333333333,-2,-2.0,23.0,2,0,1.1509265444572365,0.37573325008473174,2.039013593402977,0.11302597896272418,0.3007667945256377,0.1283655336314055
ds004447,sub-009,ses-19,C2_NONOVERLAP_HARRELL_DAVIS,60,60,,0.9833333333333333,0.0,0.9833333333333333,-2,-2.0,23.0,2,0,0.5215633950248629,0.11530744982274353,0.6517885376434418,0.026187095804998003,0.15213713188553654,0.02747773802910694
ds004447,sub-009,ses-19,C2_NONOVERLAP_HARRELL_DAVIS,90,90,,0.9833333333333333,0.0,0.9833333333333333,-2,-2.0,23.0,2,0,0.17316481789751403,0.025741450859838238,0.19141846666032752,0.00042143896663842653,0.03341853230983517,0.01317039609457637
ds004447,sub-009,ses-19,C2_NONOVERLAP_HARRELL_DAVIS,full,112,,1.0,1.0,1.0,0,0.0,0.0,0,0,0.0,0.0,0.0,0.0,0.0,0.0
ds004447,sub-009,ses-19,C3_BLOCK_SUBSAMPLE_EMPIRICAL,30,15,,1.0,1.0,1.0,0,0.0,0.0,0,0,0.4500743779490459,0.22822110394200593,1.2981006375963906,0.06358194835985509,0.30301706612419094,0.15430300971882277
ds004447,sub-009,ses-19,C3_BLOCK_SUBSAMPLE_EMPIRICAL,60,30,,1.0,1.0,1.0,0,0.0,0.0,0,0,0.44435617271562144,0.1557731123973354,0.1926641525286617,0.03741561035012141,0.16782846810553567,0.0053080555644488105
ds004447,sub-009,ses-19,C3_BLOCK_SUBSAMPLE_EMPIRICAL,90,45,,1.0,1.0,1.0,0,0.0,0.0,0,0,0.15494618219098877,0.02352313255481557,0.1235384605275392,0.009720619777103883,0.051028272270371364,0.03706053330610497
ds004447,sub-009,ses-19,C3_BLOCK_SUBSAMPLE_EMPIRICAL,full,56,,1.0,1.0,1.0,0,0.0,0.0,0,0,0.0,0.0,0.0,0.0,0.0,0.0
ds004447,sub-009,ses-19,C4_LOSO_SHRINKAGE,15,15,0.42857142857142855,0.9833333333333333,0.0,0.9833333333333333,-2,-2.0,23.0,2,0,0.4196476862826204,0.4167229176316226,1.073412801121478,0.16734919012215257,0.02780075627301466,0.20687328526779614
ds004447,sub-009,ses-19,C4_LOSO_SHRINKAGE,30,30,0.6,0.9833333333333333,0.0,0.9833333333333333,-2,-2.0,23.0,2,0,0.5759763448839255,0.24761672754344377,1.364499320510737,0.1051654547829962,0.0894185466214091,0.031076478749873272
ds004447,sub-009,ses-19,C4_LOSO_SHRINKAGE,60,60,0.75,0.9833333333333333,0.0,0.9833333333333333,-2,-2.0,23.0,2,0,0.24256089553767077,0.1000724858747547,0.35783805285331827,0.035878488725652816,0.0766010248724917,0.04103467411172944
ds004447,sub-009,ses-19,C4_LOSO_SHRINKAGE,90,90,0.8181818181818182,0.975,0.0,0.975,-1,-1.0,21.5,2,1,0.1287857153063215,0.01821093473777541,0.23526368474487142,0.007094582792071299,0.0011763126471555701,0.013042225389074054
ds004447,sub-009,ses-19,C4_LOSO_SHRINKAGE,full,112,0.8484848484848485,1.0,1.0,1.0,0,0.0,0.0,0,0,0.0,0.0,0.0,0.0,0.0,0.0
ds004447,sub-010,ses-01,C0_CURRENT_OVERLAP_EMPIRICAL,15,30,,0.8706896551724138,0.0625,0.8695652173913043,-15,-15.517241379310345,15.5,15,0,0.724444543914348,0.5425044014172828,1.5935433729054187,2.7073769440357505,0.47235160064807247,0.13387693114217183
ds004447,sub-010,ses-01,C0_CURRENT_OVERLAP_EMPIRICAL,30,60,,0.8620689655172413,0.058823529411764705,0.8608695652173913,-14,-14.482758620689655,0.0,15,1,0.6671111144590147,0.3216690158694529,1.4071671298478619,0.8687218669323729,0.44497718698342026,0.13929696490410423
ds004447,sub-010,ses-01,C0_CURRENT_OVERLAP_EMPIRICAL,60,120,,0.896551724137931,0.29411764705882354,0.8918918918918919,-10,-10.344827586206897,-6.5,11,1,0.37259683235983276,0.17869858291575186,0.7383059045828582,0.503627878539379,0.29400537912398467,0.08606663642953505
ds004447,sub-010,ses-01,C0_CURRENT_OVERLAP_EMPIRICAL,90,180,,0.9396551724137931,0.6111111111111112,0.9333333333333333,-3,-3.103448275862069,-6.5,5,2,0.13549952927845174,0.11263251365061812,0.4014472871324688,0.279502272843026,0.15677540173037088,0.011800748134256259
ds004447,sub-010,ses-01,C0_CURRENT_OVERLAP_EMPIRICAL,120,240,,0.9396551724137931,0.5882352941176471,0.9339622641509434,-5,-5.172413793103448,10.0,6,1,0.06719549536794622,0.025782101854742587,0.1556277884933072,0.11323368558896393,0.08374147611917833,0.007533983331974613
ds004447,sub-010,ses-01,C0_CURRENT_OVERLAP_EMPIRICAL,full,288,,1.0,1.0,1.0,0,0.0,0.0,0,0,0.0,0.0,0.0,0.0,0.0,0.0
ds004447,sub-010,ses-01,C1_NONOVERLAP_EMPIRICAL,15,15,,0.853448275862069,0.10526315789473684,0.8508771929824561,-15,-15.517241379310345,3.5,16,1,0.6938868596834322,0.4087580935434173,0.7406545711342826,2.7989852737194214,0.35933443098102186,0.06068042771153242
ds004447,sub-010,ses-01,C1_NONOVERLAP_EMPIRICAL,30,30,,0.8620689655172413,0.15789473684210525,0.8584070796460177,-14,-14.482758620689655,3.5,15,1,0.6828137944453692,0.45203449377165644,1.032223490354745,1.6354439347418397,0.45716217022538747,0.06604435677345848
ds004447,sub-010,ses-01,C1_NONOVERLAP_EMPIRICAL,60,60,,0.8879310344827587,0.3157894736842105,0.8818181818181818,-11,-11.379310344827585,-3.0,12,1,0.4036702632484284,0.1672071099879566,0.5819093152005717,0.5016681935521516,0.2950101378343495,0.09457726996217022
ds004447,sub-010,ses-01,C1_NONOVERLAP_EMPIRICAL,90,90,,0.9396551724137931,0.631578947368421,0.9326923076923077,-5,-5.172413793103448,-3.0,6,1,0.1347401052113147,0.10969319054608802,0.2579876099137257,0.3039666142777807,0.16596478867003178,0.034862276633014375
ds004447,sub-010,ses-01,C1_NONOVERLAP_EMPIRICAL,120,120,,0.9827586206896551,0.8888888888888888,0.98,-2,-2.0689655172413794,0.0,2,0,0.02269749000986098,0.025168363879015655,0.10049902576754184,0.1072148141139491,0.04125130479297716,0.060480752475300284
ds004447,sub-010,ses-01,C1_NONOVERLAP_EMPIRICAL,full,144,,1.0,1.0,1.0,0,0.0,0.0,0,0,0.0,0.0,0.0,0.0,0.0,0.0
ds004447,sub-010,ses-01,C2_NONOVERLAP_HARRELL_DAVIS,15,15,,0.8620689655172413,0.058823529411764705,0.8608695652173913,-16,-16.551724137931036,19.0,16,0,0.931670576587975,0.47813018496762233,0.9672566712815321,2.921397343345472,0.4601425705115093,0.21129956425373342
ds004447,sub-010,ses-01,C2_NONOVERLAP_HARRELL_DAVIS,30,30,,0.8620689655172413,0.058823529411764705,0.8608695652173913,-16,-16.551724137931036,19.0,16,0,0.8455266056115761,0.40891746210783975,1.0642860838202315,1.5394901142416546,0.40307183790067164,0.10318021889074938
ds004447,sub-010,ses-01,C2_NONOVERLAP_HARRELL_DAVIS,60,60,,0.896551724137931,0.3333333333333333,0.8909090909090909,-10,-10.344827586206897,-3.0,11,1,0.3878785930424873,0.1971914476297691,0.6827693048517004,0.47921291640810587,0.2903632695195392,0.08778605958523358
ds004447,sub-010,ses-01,C2_NONOVERLAP_HARRELL_DAVIS,90,90,,0.9482758620689655,0.6666666666666666,0.9423076923076923,-4,-4.137931034482759,-3.0,5,1,0.1389277726274547,0.11782669640020342,0.3001580516387073,0.2809884531387912,0.15365822318273448,0.03309274229012337
ds004447,sub-010,ses-01,C2_NONOVERLAP_HARRELL_DAVIS,120,120,,0.9913793103448276,0.9411764705882353,0.99,-1,-1.0344827586206897,0.0,1,0,0.0350368055810945,0.03406844655919734,0.14140834543252315,0.10639183677925923,0.044783699880600956,0.03839581071129165
ds004447,sub-010,ses-01,C2_NONOVERLAP_HARRELL_DAVIS,full,144,,1.0,1.0,1.0,0,0.0,0.0,0,0,0.0,0.0,0.0,0.0,0.0,0.0
ds004447,sub-010,ses-01,C3_BLOCK_SUBSAMPLE_EMPIRICAL,30,15,,0.8706896551724138,0.0625,0.8695652173913043,-13,-13.448275862068966,16.5,14,1,0.6756727433917374,0.5370168146029746,1.0167863993062647,0.4323558561255119,0.4859990940406429,0.07157651777586915
ds004447,sub-010,ses-01,C3_BLOCK_SUBSAMPLE_EMPIRICAL,60,30,,0.8793103448275862,0.17647058823529413,0.8761061946902655,-10,-10.344827586206897,3.5,12,2,0.5200719521091364,0.14864342550428114,0.48638382834750526,0.4361120725308644,0.356787118482038,0.1963254532462589
ds004447,sub-010,ses-01,C3_BLOCK_SUBSAMPLE_EMPIRICAL,90,45,,0.9224137931034483,0.47058823529411764,0.9166666666666666,-5,-5.172413793103448,1.5,7,2,0.201154962640423,0.11505293098739965,0.20636144808593287,0.2819581629586736,0.17607391038257483,0.1848290002901451
ds004447,sub-010,ses-01,C3_BLOCK_SUBSAMPLE_EMPIRICAL,120,60,,0.9568965517241379,0.6666666666666666,0.9528301886792453,-5,-5.172413793103448,13.5,5,0,0.11966528075706222,0.01073204860001353,0.05602800349130406,0.1284644380950842,0.059348304247277155,0.06611120789591966
ds004447,sub-010,ses-01,C3_BLOCK_SUBSAMPLE_EMPIRICAL,full,72,,1.0,1.0,1.0,0,0.0,0.0,0,0,0.0,0.0,0.0,0.0,0.0,0.0
ds004447,sub-010,ses-01,C4_LOSO_SHRINKAGE,15,15,0.42857142857142855,0.9137931034482759,0.2857142857142857,0.9107142857142857,-10,-10.344827586206897,2.0,10,0,0.01796695497038969,0.10023337316929469,0.060407621341470576,1.0741757630768711,0.040942225618847514,0.3596448774524383
ds004447,sub-010,ses-01,C4_LOSO_SHRINKAGE,30,30,0.6,0.8879310344827587,0.1875,0.8849557522123894,-9,-9.310344827586206,15.5,11,2,0.25545625078726575,0.11362385812680445,0.4926178059712209,0.9157645098694003,0.16358700344629581,0.1964582432638869
ds004447,sub-010,ses-01,C4_LOSO_SHRINKAGE,60,60,0.75,0.896551724137931,0.25,0.8928571428571429,-8,-8.275862068965518,12.0,10,2,0.24113223926886634,0.05286715177299152,0.3896139834558376,0.3422705075999492,0.1755128784152134,0.032238646370448244
ds004447,sub-010,ses-01,C4_LOSO_SHRINKAGE,90,90,0.8181818181818182,0.9482758620689655,0.625,0.9433962264150944,-2,-2.0689655172413794,-3.5,4,2,0.07885084220185622,0.058276344969304075,0.18972861065036778,0.23648409846679405,0.11618755911298713,0.020201319264469036
ds004447,sub-010,ses-01,C4_LOSO_SHRINKAGE,120,120,0.8571428571428571,0.9827586206896551,0.875,0.9803921568627451,2,2.0689655172413794,-3.5,0,2,0.006922752650347688,0.009816100198953582,0.07963427424151459,0.08788729504678995,0.02784748475444772,0.03923877301799055
ds004447,sub-010,ses-01,C4_LOSO_SHRINKAGE,full,144,0.8780487804878049,1.0,1.0,1.0,0,0.0,0.0,0,0,0.0,0.0,0.0,0.0,0.0,0.0
ds004447,sub-010,ses-19,C0_CURRENT_OVERLAP_EMPIRICAL,15,30,,0.9,0.29411764705882354,0.8956521739130435,-12,-12.0,8.5,12,0,0.19928777497218098,0.09431471759587588,0.3378276960402251,0.43111940611599775,2.614696860696402,7.028952822526858
ds004447,sub-010,ses-19,C0_CURRENT_OVERLAP_EMPIRICAL,30,60,,0.9,0.4,0.8928571428571429,-6,-6.0,3.0,9,3,0.1332430360499162,0.47763348105741515,0.5676862712267072,2.2251884551790373,2.614696860696402,8.422033618050891
ds004447,sub-010,ses-19,C0_CURRENT_OVERLAP_EMPIRICAL,60,120,,0.9416666666666667,0.6111111111111112,0.9357798165137615,-5,-5.0,4.5,6,1,0.012199130263883591,0.16585876137362515,0.004882723237892,0.5185309315034246,0.7357786606576995,7.651148109512069
ds004447,sub-010,ses-19,C0_CURRENT_OVERLAP_EMPIRICAL,90,180,,0.9666666666666667,0.7777777777777778,0.9622641509433962,-2,-2.0,3.0,3,1,0.004424963305009675,0.04910554231615311,0.04899977290263084,0.18629067766497653,0.26447644342721394,7.435831416876276
ds004447,sub-010,ses-19,C0_CURRENT_OVERLAP_EMPIRICAL,120,240,,0.9583333333333334,0.7368421052631579,0.9528301886792453,-1,-1.0,2.5,3,2,0.0,0.005525172675841031,0.01926761086207584,0.010415468492314938,0.07102714734135304,7.1416087584541375
ds004447,sub-010,ses-19,C0_CURRENT_OVERLAP_EMPIRICAL,full,264,,1.0,1.0,1.0,0,0.0,0.0,0,0,0.0,0.0,0.0,0.0,0.0,0.0
ds004447,sub-010,ses-19,C1_NONOVERLAP_EMPIRICAL,15,15,,0.95,0.5384615384615384,0.9469026548672567,-6,-6.0,0.0,6,0,0.17356301743507652,0.01887426412115903,0.019803078933291786,0.4606636395650547,1.9729887155771517,0.13401593421295793
ds004447,sub-010,ses-19,C1_NONOVERLAP_EMPIRICAL,30,30,,0.925,0.35714285714285715,0.9217391304347826,-7,-7.0,-3.0,8,1,0.17800831592778776,0.5615832640147301,0.25565406692631387,2.1985902484239555,2.6419248424999577,0.12380553876301464
ds004447,sub-010,ses-19,C1_NONOVERLAP_EMPIRICAL,60,60,,0.9333333333333333,0.42857142857142855,0.9298245614035088,-6,-6.0,-3.0,7,1,0.07662795297628679,0.19754225593560323,0.030936336114831965,0.6345401380134748,0.5062987777584155,0.08536183755522296
ds004447,sub-010,ses-19,C1_NONOVERLAP_EMPIRICAL,90,90,,0.975,0.7692307692307693,0.9727272727272728,-3,-3.0,0.0,3,0,0.01599258216180807,0.022388426885680015,0.05632820421735939,0.2322063438354627,0.2602120416067253,0.0233301585704152
ds004447,sub-010,ses-19,C1_NONOVERLAP_EMPIRICAL,120,120,,0.9833333333333333,0.8666666666666667,0.9813084112149533,2,2.0,-4.5,0,2,0.0,0.0,0.029346223273517116,0.0,0.013489857696141978,0.00628860347951435
ds004447,sub-010,ses-19,C1_NONOVERLAP_EMPIRICAL,full,132,,1.0,1.0,1.0,0,0.0,0.0,0,0,0.0,0.0,0.0,0.0,0.0,0.0
ds004447,sub-010,ses-19,C2_NONOVERLAP_HARRELL_DAVIS,15,15,,0.9416666666666667,0.46153846153846156,0.9385964912280702,-7,-7.0,0.0,7,0,0.329978792808128,0.010409124768465047,2.1235372263350696,0.46644986446583697,5.826221123509624,0.1336323889114541
ds004447,sub-010,ses-19,C2_NONOVERLAP_HARRELL_DAVIS,30,30,,0.925,0.35714285714285715,0.9217391304347826,-7,-7.0,-3.0,8,1,0.23655770693420572,0.5194677666446263,0.46058017695746173,2.4868112176262467,4.235758467958071,0.16235256967902426
ds004447,sub-010,ses-19,C2_NONOVERLAP_HARRELL_DAVIS,60,60,,0.9333333333333333,0.42857142857142855,0.9298245614035088,-6,-6.0,-3.0,7,1,0.07081315109277508,0.16968920639001653,0.020613272760365585,0.7139998948837751,0.9830718488984571,0.0134631545955098
ds004447,sub-010,ses-19,C2_NONOVERLAP_HARRELL_DAVIS,90,90,,0.975,0.7692307692307693,0.9727272727272728,-3,-3.0,0.0,3,0,0.023307676764921657,0.039662971652268536,0.04758742019947127,0.2236778654183647,0.20685456243295058,0.02047088650964908
ds004447,sub-010,ses-19,C2_NONOVERLAP_HARRELL_DAVIS,120,120,,0.9916666666666667,0.9285714285714286,0.9906542056074766,1,1.0,-4.5,0,1,0.01481791041151857,0.007824826544674661,0.021505501176730404,0.013636617767199525,0.0475914734673185,0.014539966841291682
ds004447,sub-010,ses-19,C2_NONOVERLAP_HARRELL_DAVIS,full,132,,1.0,1.0,1.0,0,0.0,0.0,0,0,0.0,0.0,0.0,0.0,0.0,0.0
ds004447,sub-010,ses-19,C3_BLOCK_SUBSAMPLE_EMPIRICAL,30,15,,0.925,0.25,0.9230769230769231,-9,-9.0,14.0,9,0,0.26843980069007606,0.7865461548062737,0.18376135790343046,2.1242270454093966,3.8610825495348755,0.15574268800397867
ds004447,sub-010,ses-19,C3_BLOCK_SUBSAMPLE_EMPIRICAL,60,30,,0.9083333333333333,0.3888888888888889,0.9026548672566371,1,1.0,-5.5,5,6,0.21692057914007698,0.3161745035121193,0.10179857065098724,0.434014152671117,0.6851375127209945,0.09486276215885343
ds004447,sub-010,ses-19,C3_BLOCK_SUBSAMPLE_EMPIRICAL,90,45,,0.95,0.5,0.9473684210526315,-6,-6.0,0.0,6,0,0.1981558685173055,0.022253165641209837,0.0013951433553588152,0.1548760831743451,0.1637731674887953,0.0149955414746443
ds004447,sub-010,ses-19,C3_BLOCK_SUBSAMPLE_EMPIRICAL,120,60,,0.975,0.7692307692307693,0.9727272727272728,-1,-1.0,-4.5,2,1,0.10218796669613767,0.011091745277275801,0.0027902867107177935,0.020142623177980573,0.006790731851233956,0.01947775865058138
ds004447,sub-010,ses-19,C3_BLOCK_SUBSAMPLE_EMPIRICAL,full,66,,1.0,1.0,1.0,0,0.0,0.0,0,0,0.0,0.0,0.0,0.0,0.0,0.0
ds004447,sub-010,ses-19,C4_LOSO_SHRINKAGE,15,15,0.42857142857142855,0.8916666666666667,0.13333333333333333,0.8898305084745762,-13,-13.0,21.5,13,0,0.21081904624579845,0.2372935007944692,0.2731692752099764,0.13653546312361747,0.7792193957636845,0.32779862795209747
ds004447,sub-010,ses-19,C4_LOSO_SHRINKAGE,30,30,0.6,0.8916666666666667,0.23529411764705882,0.8879310344827587,-9,-9.0,2.5,11,2,0.06188338505800927,0.22046142891851128,0.004392071581130225,1.3051994239039677,1.5730707301469062,0.15620792361736094
ds004447,sub-010,ses-19,C4_LOSO_SHRINKAGE,60,60,0.75,0.9,0.25,0.896551724137931,-10,-10.0,10.0,11,1,0.01604715049011117,0.09673065089429352,0.04604542315131942,0.4676951267023838,0.3659015633330467,0.1770582629305784
ds004447,sub-010,ses-19,C4_LOSO_SHRINKAGE,90,90,0.8181818181818182,0.9666666666666667,0.7333333333333333,0.963302752293578,-4,-4.0,0.0,4,0,0.04754362373220271,0.006545602114161364,0.07988175732532797,0.18627338342004268,0.20841301866498413,0.06609683452119818
ds004447,sub-010,ses-19,C4_LOSO_SHRINKAGE,120,120,0.8571428571428571,1.0,1.0,1.0,0,0.0,0.0,0,0,0.007479330052215355,0.0058628524443369865,0.03391004643655617,0.0016593274373947634,0.014147159167371975,0.004028211915912147
ds004447,sub-010,ses-19,C4_LOSO_SHRINKAGE,full,132,0.868421052631579,1.0,1.0,1.0,0,0.0,0.0,0,0,0.0,0.0,0.0,0.0,0.0,0.0
ds004447,sub-011,ses-01,C0_CURRENT_OVERLAP_EMPIRICAL,15,30,,0.9568965517241379,0.6666666666666666,0.9528301886792453,1,1.0344827586206897,-3.0,2,3,0.04303796530398001,0.226988499760611,0.018928939213634713,0.22552372355806646,0.1260030706448958,1374.0162925081536
ds004447,sub-011,ses-01,C0_CURRENT_OVERLAP_EMPIRICAL,30,60,,0.9568965517241379,0.6428571428571429,0.9532710280373832,-1,-1.0344827586206897,2.5,3,2,0.03738833253969287,0.11383735253406309,0.04732439771398387,0.04740462332073142,0.0738036932367472,1451.1202094191228
ds004447,sub-011,ses-01,C0_CURRENT_OVERLAP_EMPIRICAL,60,120,,0.9396551724137931,0.5333333333333333,0.9351851851851852,-1,-1.0344827586206897,0.0,4,3,0.016577105693100763,0.0019953795283503394,0.0,0.003308821307331046,0.05810418154698831,1391.0476252435346
ds004447,sub-011,ses-01,C0_CURRENT_OVERLAP_EMPIRICAL,90,180,,0.9482758620689655,0.6,0.9439252336448598,0,0.0,0.0,3,3,0.0,0.007557139737223839,0.03256813296661775,0.007026249488820517,0.08023538763646366,1541.70735261982
ds004447,sub-011,ses-01,C0_CURRENT_OVERLAP_EMPIRICAL,full,208,,1.0,1.0,1.0,0,0.0,0.0,0,0,0.0,0.0,0.0,0.0,0.0,0.0
ds004447,sub-011,ses-01,C1_NONOVERLAP_EMPIRICAL,15,15,,0.9741379310344828,0.7692307692307693,0.9716981132075472,-1,-1.0344827586206897,4.0,2,1,0.10166899114723665,0.48961819327201467,0.18196808143378077,0.15836431304037504,0.13781793910197887,0.15206740773473448
ds004447,sub-011,ses-01,C1_NONOVERLAP_EMPIRICAL,30,30,,0.9655172413793104,0.7142857142857143,0.9622641509433962,0,0.0,4.0,2,2,0.13983595453628925,0.15021788997675484,0.07630656744110453,0.0367786757486215,0.036869562800870455,0.04402922180078577
ds004447,sub-011,ses-01,C1_NONOVERLAP_EMPIRICAL,60,60,,0.9741379310344828,0.7857142857142857,0.9714285714285714,1,1.0344827586206897,0.0,1,2,0.03361004396545767,0.011270236166406055,0.028363991400681413,0.004131088956918952,0.03097412127752408,0.013643723049477889
ds004447,sub-011,ses-01,C1_NONOVERLAP_EMPIRICAL,90,90,,0.9913793103448276,0.9230769230769231,0.9903846153846154,1,1.0344827586206897,0.0,0,1,0.003983646464525414,0.01585363261607308,0.056199445633314186,0.011809761908019228,0.05308109233352121,0.012106888724128163
ds004447,sub-011,ses-01,C1_NONOVERLAP_EMPIRICAL,full,104,,1.0,1.0,1.0,0,0.0,0.0,0,0,0.0,0.0,0.0,0.0,0.0,0.0
ds004447,sub-011,ses-01,C2_NONOVERLAP_HARRELL_DAVIS,15,15,,0.9655172413793104,0.7142857142857143,0.9622641509433962,-2,-2.0689655172413794,4.0,3,1,0.11554616364389829,0.5863390754736926,0.0036583878737596397,0.7110923606867161,0.23061836712519426,0.12541243599890198
ds004447,sub-011,ses-01,C2_NONOVERLAP_HARRELL_DAVIS,30,30,,0.9741379310344828,0.7857142857142857,0.9714285714285714,-1,-1.0344827586206897,4.0,2,1,0.1360855945360689,0.1754842917746091,0.032378359572740475,0.0427550260493426,0.029712903371954313,0.05681932397855128
ds004447,sub-011,ses-01,C2_NONOVERLAP_HARRELL_DAVIS,60,60,,0.9827586206896551,0.8461538461538461,0.9809523809523809,-2,-2.0689655172413794,4.0,2,0,0.0625609695564457,0.028162190576828845,0.005763208971312856,0.005704920066718608,0.004693011259969538,0.023287987167062017
ds004447,sub-011,ses-01,C2_NONOVERLAP_HARRELL_DAVIS,90,90,,1.0,1.0,1.0,0,0.0,0.0,0,0,0.007868653450399336,0.0027788705177824754,0.050060109803492576,0.007882573268678776,0.07753880674465617,0.024108335155500763
ds004447,sub-011,ses-01,C2_NONOVERLAP_HARRELL_DAVIS,full,104,,1.0,1.0,1.0,0,0.0,0.0,0,0,0.0,0.0,0.0,0.0,0.0,0.0
ds004447,sub-011,ses-01,C3_BLOCK_SUBSAMPLE_EMPIRICAL,30,15,,0.9655172413793104,0.7333333333333333,0.9619047619047619,-2,-2.0689655172413794,4.0,3,1,0.09849860601858935,0.18786088331785672,0.07299340797668617,0.003103473049238133,0.036026434844053414,0.00633404685025876
ds004447,sub-011,ses-01,C3_BLOCK_SUBSAMPLE_EMPIRICAL,60,30,,0.9137931034482759,0.5652173913043478,0.9029126213592233,8,8.275862068965518,-6.0,1,9,0.17392525209741888,0.03416796181572779,0.0470364688447223,0.003094590305681002,0.016603487362911746,0.07269980218391298
ds004447,sub-011,ses-01,C3_BLOCK_SUBSAMPLE_EMPIRICAL,90,45,,0.9741379310344828,0.8235294117647058,0.9705882352941176,3,3.103448275862069,0.0,0,3,0.027887882216552574,0.0016042469189078991,0.11939682085221039,0.0031212385363523945,0.06359448933341583,0.015394757213988093
ds004447,sub-011,ses-01,C3_BLOCK_SUBSAMPLE_EMPIRICAL,full,52,,1.0,1.0,1.0,0,0.0,0.0,0,0,0.0,0.0,0.0,0.0,0.0,0.0
ds004447,sub-011,ses-01,C4_LOSO_SHRINKAGE,15,15,0.42857142857142855,0.9482758620689655,0.3333333333333333,0.9469026548672567,-6,-6.206896551724138,10.0,6,0,0.21130900290259008,0.2511787105842904,0.007994902970036306,0.03786605065597838,0.14997109516321563,0.30535535148711446
ds004447,sub-011,ses-01,C4_LOSO_SHRINKAGE,30,30,0.6,0.9482758620689655,0.3333333333333333,0.9469026548672567,-6,-6.206896551724138,10.0,6,0,0.1775990899448411,0.11475994055717051,0.004271994563588725,0.004392624225279315,0.03285559467362523,0.16514942969677382
ds004447,sub-011,ses-01,C4_LOSO_SHRINKAGE,60,60,0.75,1.0,1.0,1.0,0,0.0,0.0,0,0,0.06042836716238124,0.018049177464279646,0.0025314121966985505,0.0035317956295917766,0.002250474683856962,0.061826826553095585
ds004447,sub-011,ses-01,C4_LOSO_SHRINKAGE,90,90,0.8181818181818182,1.0,1.0,1.0,0,0.0,0.0,0,0,0.011582360439995363,0.010485959411431878,0.04029746970323869,0.011322604443190616,0.03718230211454006,0.022538929539203743
ds004447,sub-011,ses-01,C4_LOSO_SHRINKAGE,full,104,0.8387096774193549,1.0,1.0,1.0,0,0.0,0.0,0,0,0.0,0.0,0.0,0.0,0.0,0.0
ds004447,sub-011,ses-19,C0_CURRENT_OVERLAP_EMPIRICAL,15,30,,0.925,0.5263157894736842,0.9181818181818182,-5,-5.0,1.5,7,2,0.010784819433421121,0.04096511366328604,0.23450108826420066,0.14103584396732005,0.5067173558563057,1.0444978358888515
ds004447,sub-011,ses-19,C0_CURRENT_OVERLAP_EMPIRICAL,30,60,,0.9583333333333334,0.7368421052631579,0.9528301886792453,-1,-1.0,3.0,3,2,0.0374701235263652,0.032192331918021524,0.11788042921776114,0.045290915734054575,0.37175533247540393,0.8412348628681005
ds004447,sub-011,ses-19,C0_CURRENT_OVERLAP_EMPIRICAL,60,120,,0.9416666666666667,0.6666666666666666,0.9339622641509434,1,1.0,0.5,3,4,0.03332686269581668,0.05632751219441198,0.15180873269821651,0.015031075494962805,0.27280533468588986,0.8127350922875599
ds004447,sub-011,ses-19,C0_CURRENT_OVERLAP_EMPIRICAL,90,180,,0.925,0.5909090909090909,0.9158878504672897,1,1.0,0.5,4,5,0.023465435391228057,0.013164018305454923,0.08699226018313812,0.004817321912507187,0.07723730253726294,0.6204901587065762
ds004447,sub-011,ses-19,C0_CURRENT_OVERLAP_EMPIRICAL,full,196,,1.0,1.0,1.0,0,0.0,0.0,0,0,0.0,0.0,0.0,0.0,0.0,0.0
ds004447,sub-011,ses-19,C1_NONOVERLAP_EMPIRICAL,15,15,,0.875,0.21052631578947367,0.8706896551724138,-11,-11.0,10.5,13,2,0.032619347695453785,0.06047473225372407,0.3401887427801099,0.15948230359436968,0.35738961416852827,0.018359468822092728
ds004447,sub-011,ses-19,C1_NONOVERLAP_EMPIRICAL,30,30,,0.8916666666666667,0.38095238095238093,0.8839285714285714,-5,-5.0,-2.0,9,4,0.11510332941175386,0.0,0.17403762098222,0.04116174907278506,0.26883848680853406,0.07364195658110113
ds004447,sub-011,ses-19,C1_NONOVERLAP_EMPIRICAL,60,60,,0.9333333333333333,0.6,0.9259259259259259,-2,-2.0,-1.0,5,3,0.07007085383044778,0.0545284057698291,0.1319868379362893,0.020924364141501412,0.17731227765694232,0.12168848464407118
ds004447,sub-011,ses-19,C1_NONOVERLAP_EMPIRICAL,90,90,,0.95,0.6666666666666666,0.9444444444444444,-4,-4.0,3.5,5,1,0.02311551779931425,0.013992721292148888,0.0895329703210797,0.005287660337159757,0.1459041606567465,0.009882329308889057
ds004447,sub-011,ses-19,C1_NONOVERLAP_EMPIRICAL,full,98,,1.0,1.0,1.0,0,0.0,0.0,0,0,0.0,0.0,0.0,0.0,0.0,0.0
ds004447,sub-011,ses-19,C2_NONOVERLAP_HARRELL_DAVIS,15,15,,0.8666666666666667,0.2,0.8620689655172413,-12,-12.0,9.5,14,2,0.030958100983481607,0.12091688395383052,0.2533151085925376,0.1815390143534138,0.4124887462798032,0.024499536338786376
ds004447,sub-011,ses-19,C2_NONOVERLAP_HARRELL_DAVIS,30,30,,0.8916666666666667,0.4090909090909091,0.8828828828828829,-5,-5.0,-2.0,9,4,0.11463588562512647,0.0041399525955555455,0.17420003892089725,0.053031454336347525,0.23913343326184516,0.07996372271728025
ds004447,sub-011,ses-19,C2_NONOVERLAP_HARRELL_DAVIS,60,60,,0.9333333333333333,0.6,0.9259259259259259,-4,-4.0,-1.0,6,2,0.07134036300670607,0.05119006757227168,0.11839601992895098,0.016478915652757248,0.04761214730904619,0.09337396512194007
ds004447,sub-011,ses-19,C2_NONOVERLAP_HARRELL_DAVIS,90,90,,0.9833333333333333,0.8888888888888888,0.9807692307692307,-2,-2.0,0.0,2,0,0.021120955243190354,0.016173506600716075,0.06375241718131186,0.005274678464257758,0.14164272698491576,0.012038534160707224
ds004447,sub-011,ses-19,C2_NONOVERLAP_HARRELL_DAVIS,full,98,,1.0,1.0,1.0,0,0.0,0.0,0,0,0.0,0.0,0.0,0.0,0.0,0.0
ds004447,sub-011,ses-19,C3_BLOCK_SUBSAMPLE_EMPIRICAL,30,15,,0.9083333333333333,0.3125,0.9043478260869565,-9,-9.0,8.5,10,1,0.016160968666795936,0.04620006009436173,0.13153999266283645,0.08335117613173769,0.3185286070517858,0.08034511358763925
ds004447,sub-011,ses-19,C3_BLOCK_SUBSAMPLE_EMPIRICAL,60,30,,0.9583333333333334,0.6666666666666666,0.9545454545454546,-5,-5.0,4.0,5,0,0.06457533048110553,0.07756566819443292,0.11908728122835567,0.01558194090539243,0.012978720867441723,0.01683319584307121
ds004447,sub-011,ses-19,C3_BLOCK_SUBSAMPLE_EMPIRICAL,90,45,,0.9583333333333334,0.6666666666666666,0.9545454545454546,-5,-5.0,6.5,5,0,0.06266971543542367,0.029461117956689764,0.0013375027315856106,0.0020228491038620676,0.019780875245364326,0.07682480510992427
ds004447,sub-011,ses-19,C3_BLOCK_SUBSAMPLE_EMPIRICAL,full,49,,1.0,1.0,1.0,0,0.0,0.0,0,0,0.0,0.0,0.0,0.0,0.0,0.0
ds004447,sub-011,ses-19,C4_LOSO_SHRINKAGE,15,15,0.42857142857142855,0.9166666666666666,0.0,0.9166666666666666,-10,-10.0,45.5,10,0,0.10065044331391457,0.06366125469061228,0.02015314026667595,0.10143950959699762,0.4532797756083786,0.3383642879216637
ds004447,sub-011,ses-19,C4_LOSO_SHRINKAGE,30,30,0.6,0.9166666666666666,0.09090909090909091,0.9159663865546218,-8,-8.0,37.0,9,1,0.016523069256507955,0.02188486025618334,0.007880316559361028,0.043882283143557986,0.3234770593493946,0.14856558599724295
ds004447,sub-011,ses-19,C4_LOSO_SHRINKAGE,60,60,0.75,0.9416666666666667,0.4166666666666667,0.9391304347826087,-3,-3.0,2.0,5,2,0.03315784701964951,0.03259459952819096,0.06114975165323844,0.022292454881106618,0.17925617027921095,0.03505408452780746
ds004447,sub-011,ses-19,C4_LOSO_SHRINKAGE,90,90,0.8181818181818182,0.975,0.7272727272727273,0.9732142857142857,-1,-1.0,0.0,2,1,0.015543587285478232,0.0100940482393191,0.06363039693034073,0.003219185311569255,0.09338609929225088,0.019923629995183448
ds004447,sub-011,ses-19,C4_LOSO_SHRINKAGE,full,98,0.8305084745762712,1.0,1.0,1.0,0,0.0,0.0,0,0,0.0,0.0,0.0,0.0,0.0,0.0
ds004447,sub-012,ses-01,C0_CURRENT_OVERLAP_EMPIRICAL,15,30,,0.9137931034482759,0.2857142857142857,0.9107142857142857,-6,-6.206896551724138,13.0,8,2,0.3054410702018971,0.43004200054763386,2.028675460577389,0.949780484077696,0.525638037489273,0.01773033065006305
ds004447,sub-012,ses-01,C0_CURRENT_OVERLAP_EMPIRICAL,30,60,,0.9655172413793104,0.75,0.9615384615384616,4,4.137931034482759,-1.5,0,4,0.0,0.3294961164140259,0.9534544203554881,0.49298902090222113,0.3049402014283752,0.04386041156378477
ds004447,sub-012,ses-01,C0_CURRENT_OVERLAP_EMPIRICAL,60,120,,0.9827586206896551,0.8571428571428571,0.9807692307692307,2,2.0689655172413794,0.0,0,2,0.05313631682886662,0.15044553654359122,0.19333981632498848,0.27186357472612926,0.14801982903520894,0.029972149813344416
ds004447,sub-012,ses-01,C0_CURRENT_OVERLAP_EMPIRICAL,90,180,,0.9913793103448276,0.9230769230769231,0.9903846153846154,1,1.0344827586206897,0.0,0,1,0.04234637611591267,0.03965157932692701,0.014528278819613211,0.08124695859394752,0.055318636336750875,0.04095878631214664
ds004447,sub-012,ses-01,C0_CURRENT_OVERLAP_EMPIRICAL,full,224,,1.0,1.0,1.0,0,0.0,0.0,0,0,0.0,0.0,0.0,0.0,0.0,0.0
ds004447,sub-012,ses-01,C1_NONOVERLAP_EMPIRICAL,15,15,,0.8793103448275862,0.0,0.8793103448275862,-14,-14.482758620689655,49.0,14,0,1.0702626641965318,0.3935687437869364,2.429303163116109,0.5505622921652359,0.44638641900411846,0.05223759261152377
ds004447,sub-012,ses-01,C1_NONOVERLAP_EMPIRICAL,30,30,,0.9568965517241379,0.7222222222222222,0.9514563106796117,3,3.103448275862069,-1.5,1,4,0.08374879167250769,0.29174134007744656,1.2435568661412815,0.424760866497517,0.3044512837541439,0.028288265867472014
ds004447,sub-012,ses-01,C1_NONOVERLAP_EMPIRICAL,60,60,,0.9741379310344828,0.8125,0.970873786407767,1,1.0344827586206897,-1.5,1,2,0.07008845089874335,0.11697237679887953,0.17103433948129407,0.24421127828741876,0.14796437093032916,0.00607164113258691
ds004447,sub-012,ses-01,C1_NONOVERLAP_EMPIRICAL,90,90,,1.0,1.0,1.0,0,0.0,0.0,0,0,0.024956339988735404,0.04579809449878696,0.05187968007622245,0.14675535502331477,0.054923243557307065,0.05822354550981024
ds004447,sub-012,ses-01,C1_NONOVERLAP_EMPIRICAL,full,112,,1.0,1.0,1.0,0,0.0,0.0,0,0,0.0,0.0,0.0,0.0,0.0,0.0
ds004447,sub-012,ses-01,C2_NONOVERLAP_HARRELL_DAVIS,15,15,,0.8793103448275862,0.0,0.8793103448275862,-14,-14.482758620689655,49.0,14,0,1.026758348675907,0.4155963862712634,2.5160523166323587,0.6376657138677428,0.5899618356957421,0.018432533674147884
ds004447,sub-012,ses-01,C2_NONOVERLAP_HARRELL_DAVIS,30,30,,0.9224137931034483,0.5,0.9158878504672897,-1,-1.0344827586206897,9.0,5,4,0.2091040388519418,0.2928550006671805,1.3965873747807667,0.41663172938104426,0.3758324776972715,0.009770648676317883
ds004447,sub-012,ses-01,C2_NONOVERLAP_HARRELL_DAVIS,60,60,,0.9655172413793104,0.7647058823529411,0.9611650485436893,2,2.0689655172413794,-1.5,1,3,0.04154995195218686,0.14976375726753555,0.3329756879627918,0.23661089116319978,0.17190855005089162,0.012882311086033707
ds004447,sub-012,ses-01,C2_NONOVERLAP_HARRELL_DAVIS,90,90,,1.0,1.0,1.0,0,0.0,0.0,0,0,0.017753057590484164,0.044189583763385276,0.05987686602239994,0.09849866282687277,0.06492368737637627,0.021720512431766245
ds004447,sub-012,ses-01,C2_NONOVERLAP_HARRELL_DAVIS,full,112,,1.0,1.0,1.0,0,0.0,0.0,0,0,0.0,0.0,0.0,0.0,0.0,0.0
ds004447,sub-012,ses-01,C3_BLOCK_SUBSAMPLE_EMPIRICAL,30,15,,0.9827586206896551,0.8666666666666667,0.9805825242718447,0,0.0,0.0,1,1,0.09364768407725518,0.17122819088979857,1.0207307248516972,0.23201327731631088,0.20000604226863677,0.09502035911972828
ds004447,sub-012,ses-01,C3_BLOCK_SUBSAMPLE_EMPIRICAL,60,30,,0.9741379310344828,0.8125,0.970873786407767,1,1.0344827586206897,0.0,1,2,0.02160288364937221,0.05953390091018835,0.2882197263677221,0.1987085421824543,0.08950651171875511,0.029299998196283306
ds004447,sub-012,ses-01,C3_BLOCK_SUBSAMPLE_EMPIRICAL,90,45,,0.9827586206896551,0.8571428571428571,0.9807692307692307,-2,-2.0689655172413794,1.0,2,0,0.010359978826601647,0.026496729042140506,0.06927153187604394,0.13696562848777302,0.08236835505460574,0.08381331089379315
ds004447,sub-012,ses-01,C3_BLOCK_SUBSAMPLE_EMPIRICAL,full,56,,1.0,1.0,1.0,0,0.0,0.0,0,0,0.0,0.0,0.0,0.0,0.0,0.0
ds004447,sub-012,ses-01,C4_LOSO_SHRINKAGE,15,15,0.42857142857142855,0.8879310344827587,0.0,0.8879310344827587,-13,-13.448275862068966,49.0,13,0,0.49745377358748105,0.10588422823791117,1.075577721214063,0.1180676296156839,0.2340747352583354,0.39844971172212534
ds004447,sub-012,ses-01,C4_LOSO_SHRINKAGE,30,30,0.6,0.9482758620689655,0.5384615384615384,0.944954128440367,-6,-6.206896551724138,4.5,6,0,0.07689911696392529,0.1397046759154631,0.7639297227476411,0.19045383280476771,0.20682644235761805,0.24001013354016526
ds004447,sub-012,ses-01,C4_LOSO_SHRINKAGE,60,60,0.75,0.9741379310344828,0.7692307692307693,0.9716981132075472,-3,-3.103448275862069,1.0,3,0,0.040788842756282834,0.07416523691902947,0.13866254504976186,0.1614525126257777,0.1199078089008846,0.09266006567758814
ds004447,sub-012,ses-01,C4_LOSO_SHRINKAGE,90,90,0.8181818181818182,1.0,1.0,1.0,0,0.0,0.0,0,0,0.016723824956976188,0.033550372726369244,0.045583667729325754,0.11635631158051983,0.04750741202607625,0.080970733929183
ds004447,sub-012,ses-01,C4_LOSO_SHRINKAGE,full,112,0.8484848484848485,1.0,1.0,1.0,0,0.0,0.0,0,0,0.0,0.0,0.0,0.0,0.0,0.0
ds004447,sub-012,ses-19,C0_CURRENT_OVERLAP_EMPIRICAL,15,30,,0.925,0.5263157894736842,0.9181818181818182,-5,-5.0,1.5,7,2,0.010784819433421121,0.04096511366328604,0.23450108826420066,0.14103584396732005,0.5067173558563057,1.0444978358888515
ds004447,sub-012,ses-19,C0_CURRENT_OVERLAP_EMPIRICAL,30,60,,0.9583333333333334,0.7368421052631579,0.9528301886792453,-1,-1.0,3.0,3,2,0.0374701235263652,0.032192331918021524,0.11788042921776114,0.045290915734054575,0.37175533247540393,0.8412348628681005
ds004447,sub-012,ses-19,C0_CURRENT_OVERLAP_EMPIRICAL,60,120,,0.9416666666666667,0.6666666666666666,0.9339622641509434,1,1.0,0.5,3,4,0.03332686269581668,0.05632751219441198,0.15180873269821651,0.015031075494962805,0.27280533468588986,0.8127350922875599
ds004447,sub-012,ses-19,C0_CURRENT_OVERLAP_EMPIRICAL,90,180,,0.925,0.5909090909090909,0.9158878504672897,1,1.0,0.5,4,5,0.023465435391228057,0.013164018305454923,0.08699226018313812,0.004817321912507187,0.07723730253726294,0.6204901587065762
ds004447,sub-012,ses-19,C0_CURRENT_OVERLAP_EMPIRICAL,full,196,,1.0,1.0,1.0,0,0.0,0.0,0,0,0.0,0.0,0.0,0.0,0.0,0.0
ds004447,sub-012,ses-19,C1_NONOVERLAP_EMPIRICAL,15,15,,0.875,0.21052631578947367,0.8706896551724138,-11,-11.0,10.5,13,2,0.032619347695453785,0.06047473225372407,0.3401887427801099,0.15948230359436968,0.35738961416852827,0.018359468822092728
ds004447,sub-012,ses-19,C1_NONOVERLAP_EMPIRICAL,30,30,,0.8916666666666667,0.38095238095238093,0.8839285714285714,-5,-5.0,-2.0,9,4,0.11510332941175386,0.0,0.17403762098222,0.04116174907278506,0.26883848680853406,0.07364195658110113
ds004447,sub-012,ses-19,C1_NONOVERLAP_EMPIRICAL,60,60,,0.9333333333333333,0.6,0.9259259259259259,-2,-2.0,-1.0,5,3,0.07007085383044778,0.0545284057698291,0.1319868379362893,0.020924364141501412,0.17731227765694232,0.12168848464407118
ds004447,sub-012,ses-19,C1_NONOVERLAP_EMPIRICAL,90,90,,0.95,0.6666666666666666,0.9444444444444444,-4,-4.0,3.5,5,1,0.02311551779931425,0.013992721292148888,0.0895329703210797,0.005287660337159757,0.1459041606567465,0.009882329308889057
ds004447,sub-012,ses-19,C1_NONOVERLAP_EMPIRICAL,full,98,,1.0,1.0,1.0,0,0.0,0.0,0,0,0.0,0.0,0.0,0.0,0.0,0.0
ds004447,sub-012,ses-19,C2_NONOVERLAP_HARRELL_DAVIS,15,15,,0.8666666666666667,0.2,0.8620689655172413,-12,-12.0,9.5,14,2,0.030958100983481607,0.12091688395383052,0.2533151085925376,0.1815390143534138,0.4124887462798032,0.024499536338786376
ds004447,sub-012,ses-19,C2_NONOVERLAP_HARRELL_DAVIS,30,30,,0.8916666666666667,0.4090909090909091,0.8828828828828829,-5,-5.0,-2.0,9,4,0.11463588562512647,0.0041399525955555455,0.17420003892089725,0.053031454336347525,0.23913343326184516,0.07996372271728025
ds004447,sub-012,ses-19,C2_NONOVERLAP_HARRELL_DAVIS,60,60,,0.9333333333333333,0.6,0.9259259259259259,-4,-4.0,-1.0,6,2,0.07134036300670607,0.05119006757227168,0.11839601992895098,0.016478915652757248,0.04761214730904619,0.09337396512194007
ds004447,sub-012,ses-19,C2_NONOVERLAP_HARRELL_DAVIS,90,90,,0.9833333333333333,0.8888888888888888,0.9807692307692307,-2,-2.0,0.0,2,0,0.021120955243190354,0.016173506600716075,0.06375241718131186,0.005274678464257758,0.14164272698491576,0.012038534160707224
ds004447,sub-012,ses-19,C2_NONOVERLAP_HARRELL_DAVIS,full,98,,1.0,1.0,1.0,0,0.0,0.0,0,0,0.0,0.0,0.0,0.0,0.0,0.0
ds004447,sub-012,ses-19,C3_BLOCK_SUBSAMPLE_EMPIRICAL,30,15,,0.9083333333333333,0.3125,0.9043478260869565,-9,-9.0,8.5,10,1,0.016160968666795936,0.04620006009436173,0.13153999266283645,0.08335117613173769,0.3185286070517858,0.08034511358763925
ds004447,sub-012,ses-19,C3_BLOCK_SUBSAMPLE_EMPIRICAL,60,30,,0.9583333333333334,0.6666666666666666,0.9545454545454546,-5,-5.0,4.0,5,0,0.06457533048110553,0.07756566819443292,0.11908728122835567,0.01558194090539243,0.012978720867441723,0.01683319584307121
ds004447,sub-012,ses-19,C3_BLOCK_SUBSAMPLE_EMPIRICAL,90,45,,0.9583333333333334,0.6666666666666666,0.9545454545454546,-5,-5.0,6.5,5,0,0.06266971543542367,0.029461117956689764,0.0013375027315856106,0.0020228491038620676,0.019780875245364326,0.07682480510992427
ds004447,sub-012,ses-19,C3_BLOCK_SUBSAMPLE_EMPIRICAL,full,49,,1.0,1.0,1.0,0,0.0,0.0,0,0,0.0,0.0,0.0,0.0,0.0,0.0
ds004447,sub-012,ses-19,C4_LOSO_SHRINKAGE,15,15,0.42857142857142855,0.9166666666666666,0.0,0.9166666666666666,-10,-10.0,45.5,10,0,0.09855502234342438,0.06069828166413402,0.02015314026667595,0.09993507765393925,0.45232424176637626,0.3405696970257713
ds004447,sub-012,ses-19,C4_LOSO_SHRINKAGE,30,30,0.6,0.9166666666666666,0.09090909090909091,0.9159663865546218,-8,-8.0,37.0,9,1,0.017793292564532517,0.020166836503690205,0.007880316559361028,0.043010028044466714,0.322960711113032,0.14979335669787847
ds004447,sub-012,ses-19,C4_LOSO_SHRINKAGE,60,60,0.75,0.9416666666666667,0.4166666666666667,0.9391304347826087,-3,-3.0,2.0,5,2,0.03362676320119115,0.03324630695808644,0.06114975165323844,0.02199242361523312,0.1791088442539947,0.03469602737080007
ds004447,sub-012,ses-19,C4_LOSO_SHRINKAGE,90,90,0.8181818181818182,0.975,0.7272727272727273,0.9732142857142857,-1,-1.0,0.0,2,1,0.015625041571506227,0.010200383630353329,0.06363039693034073,0.003269518715970559,0.09346884936300644,0.019999035443117617
ds004447,sub-012,ses-19,C4_LOSO_SHRINKAGE,full,98,0.8305084745762712,1.0,1.0,1.0,0,0.0,0.0,0,0,0.0,0.0,0.0,0.0,0.0,0.0
ds004447,sub-013,ses-01,C0_CURRENT_OVERLAP_EMPIRICAL,15,30,,0.9051724137931034,0.5925925925925926,0.89,7,7.241379310344827,-1.0,2,9,0.04690959373676919,0.2819846706978173,1.1107568278775954,0.4380183126415739,0.6906100243296337,0.7360161488258128
ds004447,sub-013,ses-01,C0_CURRENT_OVERLAP_EMPIRICAL,30,60,,0.9224137931034483,0.64,0.91,5,5.172413793103448,0.0,2,7,0.03671517508353484,0.14910383013508735,0.8406904877292274,0.30655049952875746,0.48966398696605434,0.5315761919286179
ds004447,sub-013,ses-01,C0_CURRENT_OVERLAP_EMPIRICAL,60,120,,0.9741379310344828,0.8571428571428571,0.9693877551020408,3,3.103448275862069,0.0,0,3,0.014316022402397,0.037529300018783664,0.16624685260912705,0.07189693528203663,0.24597069359685578,0.29396830872933616
ds004447,sub-013,ses-01,C0_CURRENT_OVERLAP_EMPIRICAL,90,180,,0.9913793103448276,0.9444444444444444,0.98989898989899,-1,-1.0344827586206897,0.0,1,0,0.02051775723560958,0.012696586913043232,0.026700814382248528,0.020832645327381428,0.018291084249050852,0.18012559695687094
ds004447,sub-013,ses-01,C0_CURRENT_OVERLAP_EMPIRICAL,full,224,,1.0,1.0,1.0,0,0.0,0.0,0,0,0.0,0.0,0.0,0.0,0.0,0.0
ds004447,sub-013,ses-01,C1_NONOVERLAP_EMPIRICAL,15,15,,0.9224137931034483,0.55,0.9142857142857143,1,1.0344827586206897,5.5,4,5,0.07378457234890828,0.22796173532851433,0.6884117220481673,0.42280866575786785,0.6360904492165084,0.5410043572993294
ds004447,sub-013,ses-01,C1_NONOVERLAP_EMPIRICAL,30,30,,0.9310344827586207,0.6363636363636364,0.9215686274509803,6,6.206896551724138,0.5,1,7,0.026898154584008658,0.16162280057470405,0.5429383503244626,0.30117209438607123,0.48966398696605434,0.2822933287522571
ds004447,sub-013,ses-01,C1_NONOVERLAP_EMPIRICAL,60,60,,0.9741379310344828,0.8333333333333334,0.9702970297029703,3,3.103448275862069,0.0,0,3,0.0,0.041248206214814474,0.16590277267373588,0.0864480542974553,0.2601613105351362,0.10196079282953056
ds004447,sub-013,ses-01,C1_NONOVERLAP_EMPIRICAL,90,90,,0.9913793103448276,0.9375,0.9900990099009901,1,1.0344827586206897,0.0,0,1,0.0193875134348066,0.02134211674755391,0.05724050213558196,0.02585889264332751,0.019237125378270055,0.028896044625107656
ds004447,sub-013,ses-01,C1_NONOVERLAP_EMPIRICAL,full,112,,1.0,1.0,1.0,0,0.0,0.0,0,0,0.0,0.0,0.0,0.0,0.0,0.0
ds004447,sub-013,ses-01,C2_NONOVERLAP_HARRELL_DAVIS,15,15,,0.9482758620689655,0.7,0.9411764705882353,4,4.137931034482759,0.5,1,5,0.024908605893623103,0.2946018725577123,0.7613399922373839,0.47479132280731956,0.5495068903371919,0.5195814433591852
ds004447,sub-013,ses-01,C2_NONOVERLAP_HARRELL_DAVIS,30,30,,0.9051724137931034,0.5,0.8952380952380953,3,3.103448275862069,5.5,4,7,0.05102270499540833,0.1849607792668246,0.5914760116986281,0.2852899706710534,0.4476480978275545,0.2751751193241833
ds004447,sub-013,ses-01,C2_NONOVERLAP_HARRELL_DAVIS,60,60,,0.9655172413793104,0.7894736842105263,0.9603960396039604,4,4.137931034482759,0.0,0,4,0.00885936668752813,0.06471265905138758,0.18477722846414707,0.09798374101610029,0.221460885233092,0.08669894931724992
ds004447,sub-013,ses-01,C2_NONOVERLAP_HARRELL_DAVIS,90,90,,1.0,1.0,1.0,0,0.0,0.0,0,0,0.017753585250393857,0.019340631644640654,0.04631187995725829,0.020846755010039696,0.038304220224876465,0.04534503025809309
ds004447,sub-013,ses-01,C2_NONOVERLAP_HARRELL_DAVIS,full,112,,1.0,1.0,1.0,0,0.0,0.0,0,0,0.0,0.0,0.0,0.0,0.0,0.0
ds004447,sub-013,ses-01,C3_BLOCK_SUBSAMPLE_EMPIRICAL,30,15,,0.9051724137931034,0.47619047619047616,0.8962264150943396,-3,-3.103448275862069,7.5,7,4,0.22286889277812091,0.08633058916182967,0.8339108988691727,0.310450008911341,0.43615771339145365,0.15922688703802154
ds004447,sub-013,ses-01,C3_BLOCK_SUBSAMPLE_EMPIRICAL,60,30,,0.9655172413793104,0.8095238095238095,0.9595959595959596,4,4.137931034482759,0.0,0,4,0.04248485545517225,0.022671966479529553,0.2579315866232436,0.11944878537115591,0.21647166344410762,0.08583947753723692
ds004447,sub-013,ses-01,C3_BLOCK_SUBSAMPLE_EMPIRICAL,90,45,,0.9913793103448276,0.9444444444444444,0.98989898989899,1,1.0344827586206897,0.0,0,1,0.03189673340167022,0.00411635632012046,0.04775021048286083,0.05812313587204195,0.031083538959734213,0.04145732098884098
ds004447,sub-013,ses-01,C3_BLOCK_SUBSAMPLE_EMPIRICAL,full,56,,1.0,1.0,1.0,0,0.0,0.0,0,0,0.0,0.0,0.0,0.0,0.0,0.0
ds004447,sub-013,ses-01,C4_LOSO_SHRINKAGE,15,15,0.42857142857142855,0.9396551724137931,0.4166666666666667,0.9369369369369369,-7,-7.241379310344827,10.5,7,0,0.15730296603952768,0.19095530665248706,0.4593762118017673,0.2261582330921014,0.5070920242028314,0.050316940090459554
ds004447,sub-013,ses-01,C4_LOSO_SHRINKAGE,30,30,0.6,0.9396551724137931,0.5625,0.9345794392523364,1,1.0344827586206897,4.0,3,4,0.09062900363266581,0.15079310744952976,0.4129805776092092,0.20603000896801107,0.42012202637360946,0.005972429990510234
ds004447,sub-013,ses-01,C4_LOSO_SHRINKAGE,60,60,0.75,0.9568965517241379,0.6428571428571429,0.9532710280373832,-1,-1.0344827586206897,6.0,3,2,0.029816941767561483,0.05252856761802117,0.15930601837255207,0.07499182482945953,0.23780550372251044,0.012744754031642255
ds004447,sub-013,ses-01,C4_LOSO_SHRINKAGE,90,90,0.8181818181818182,1.0,1.0,1.0,0,0.0,0.0,0,0,0.005960418807420025,0.023828509229329668,0.030452389410105113,0.024261171839135467,0.033029937519890966,0.004046801292181413
ds004447,sub-013,ses-01,C4_LOSO_SHRINKAGE,full,112,0.8484848484848485,1.0,1.0,1.0,0,0.0,0.0,0,0,0.0,0.0,0.0,0.0,0.0,0.0
ds004447,sub-013,ses-20,C0_CURRENT_OVERLAP_EMPIRICAL,15,30,,0.8666666666666667,0.4666666666666667,0.8490566037735849,4,4.0,-0.5,6,10,0.20676593111935782,0.23986133669590304,0.845074492853206,0.31429545681684895,0.6449721050722893,12408.663278359292
ds004447,sub-013,ses-20,C0_CURRENT_OVERLAP_EMPIRICAL,30,60,,0.8916666666666667,0.5806451612903226,0.8725490196078431,9,9.0,-2.0,2,11,0.09210843404439904,0.15558706280497586,0.051867373251313124,0.09680264447962941,0.4103432403021115,11446.61930293036
ds004447,sub-013,ses-20,C0_CURRENT_OVERLAP_EMPIRICAL,60,120,,0.9416666666666667,0.72,0.9313725490196079,3,3.0,0.0,2,5,0.01506613515898287,0.05376157315693934,0.0030539815902581816,0.053561241368583076,0.25305243882455797,10321.646056706726
ds004447,sub-013,ses-20,C0_CURRENT_OVERLAP_EMPIRICAL,90,180,,0.975,0.8571428571428571,0.9705882352941176,-1,-1.0,0.0,2,1,0.0020851899072560657,0.01164734514029652,0.004436487775557903,0.0069692319274854645,0.08374351842900231,9961.641831189323
ds004447,sub-013,ses-20,C0_CURRENT_OVERLAP_EMPIRICAL,full,206,,1.0,1.0,1.0,0,0.0,0.0,0,0,0.0,0.0,0.0,0.0,0.0,0.0
ds004447,sub-013,ses-20,C1_NONOVERLAP_EMPIRICAL,15,15,,0.8333333333333334,0.13043478260869565,0.8290598290598291,-6,-6.0,5.0,13,7,0.5314928184368445,0.2741733824368818,1.2208722955854983,0.5924474748507934,0.8866651627549543,0.3716564471891185
ds004447,sub-013,ses-20,C1_NONOVERLAP_EMPIRICAL,30,30,,0.9083333333333333,0.5,0.8990825688073395,1,1.0,1.0,5,6,0.16718995730023817,0.229822516698607,0.25819816146917,0.08930331604762515,0.45395612993318674,0.39190080111126047
ds004447,sub-013,ses-20,C1_NONOVERLAP_EMPIRICAL,60,60,,0.9916666666666667,0.9411764705882353,0.9903846153846154,1,1.0,0.0,0,1,0.007708984646647224,0.1151831880540273,0.013825615614988922,0.0724016833238011,0.2810610185327424,0.17023824781271582
ds004447,sub-013,ses-20,C1_NONOVERLAP_EMPIRICAL,90,90,,0.9916666666666667,0.9411764705882353,0.9903846153846154,1,1.0,-5.5,0,1,0.03478912948621009,0.023013634552945115,0.007822533841617673,0.00730893602080454,0.06813600449278567,0.25725173690006536
ds004447,sub-013,ses-20,C1_NONOVERLAP_EMPIRICAL,full,103,,1.0,1.0,1.0,0,0.0,0.0,0,0,0.0,0.0,0.0,0.0,0.0,0.0
ds004447,sub-013,ses-20,C2_NONOVERLAP_HARRELL_DAVIS,15,15,,0.8416666666666667,0.05,0.8403361344537815,-11,-11.0,5.0,15,4,1.092556940136224,0.42634805778748336,1.4026544641691123,1.0169880118287287,2.323987490955678,0.8647000851718578
ds004447,sub-013,ses-20,C2_NONOVERLAP_HARRELL_DAVIS,30,30,,0.8833333333333333,0.391304347826087,0.8738738738738738,0,0.0,3.0,7,7,0.2111186831978661,0.19868137897041854,0.36607109382064285,0.24564263211650186,0.7486339468567699,0.45277442507064136
ds004447,sub-013,ses-20,C2_NONOVERLAP_HARRELL_DAVIS,60,60,,0.9833333333333333,0.8823529411764706,0.9809523809523809,0,0.0,0.0,1,1,0.016106754307780857,0.0902154474091858,0.03195300546797048,0.07362595657336017,0.14265904758891515,0.2256850562664826
ds004447,sub-013,ses-20,C2_NONOVERLAP_HARRELL_DAVIS,90,90,,0.9833333333333333,0.8888888888888888,0.9807692307692307,2,2.0,-5.5,0,2,0.022911470164355754,0.029848655271457893,0.02074680745172987,0.01088111281865695,0.07103125968714645,0.2180838867299414
ds004447,sub-013,ses-20,C2_NONOVERLAP_HARRELL_DAVIS,full,103,,1.0,1.0,1.0,0,0.0,0.0,0,0,0.0,0.0,0.0,0.0,0.0,0.0
ds004447,sub-013,ses-20,C3_BLOCK_SUBSAMPLE_EMPIRICAL,30,15,,0.95,0.625,0.9454545454545454,-4,-4.0,5.5,5,1,0.008142628741578438,0.06016143478617852,0.007658179855062478,0.07160428154434074,0.312467732922354,0.26634197369397106
ds004447,sub-013,ses-20,C3_BLOCK_SUBSAMPLE_EMPIRICAL,60,30,,0.9583333333333334,0.7222222222222222,0.9532710280373832,1,1.0,-2.5,2,3,0.01755868974028219,0.018895613982501103,0.04482316509142421,0.050449772703345025,0.124987093168942,0.34445308052196666
ds004447,sub-013,ses-20,C3_BLOCK_SUBSAMPLE_EMPIRICAL,90,45,,0.95,0.7,0.9433962264150944,4,4.0,-2.0,1,5,0.02633803461042322,0.03291994229192087,0.03870925905666174,0.0071697217539445695,0.08951778294532277,0.417695712649548
ds004447,sub-013,ses-20,C3_BLOCK_SUBSAMPLE_EMPIRICAL,full,52,,1.0,1.0,1.0,0,0.0,0.0,0,0,0.0,0.0,0.0,0.0,0.0,0.0
ds004447,sub-013,ses-20,C4_LOSO_SHRINKAGE,15,15,0.42857142857142855,0.875,0.0,0.875,-13,-13.0,21.0,14,1,0.28334170481512405,0.1640433432688246,0.6865431894497637,0.30701403703484675,0.645813035493546,0.09020487498281127
ds004447,sub-013,ses-20,C4_LOSO_SHRINKAGE,30,30,0.6,0.9333333333333333,0.5789473684210527,0.926605504587156,2,2.0,3.0,3,5,0.13335258672856726,0.1635660281982654,0.2619655140397008,0.0866260025497776,0.42028603370078305,0.10538039985186226
ds004447,sub-013,ses-20,C4_LOSO_SHRINKAGE,60,60,0.75,0.9666666666666667,0.7333333333333333,0.963302752293578,-2,-2.0,2.5,3,1,0.007419305296869094,0.09514704598669803,0.03456864358271585,0.06565409302257241,0.251484987685982,0.08426272998609897
ds004447,sub-013,ses-20,C4_LOSO_SHRINKAGE,90,90,0.8181818181818182,0.975,0.8235294117647058,0.9716981132075472,3,3.0,0.0,0,3,0.024900533499862227,0.020758552889392993,0.003818335635584157,0.008616237066891408,0.034085678342657154,0.22025650904097843
ds004447,sub-013,ses-20,C4_LOSO_SHRINKAGE,full,103,0.8373983739837398,1.0,1.0,1.0,0,0.0,0.0,0,0,0.0,0.0,0.0,0.0,0.0,0.0
ds004447,sub-014,ses-01,C0_CURRENT_OVERLAP_EMPIRICAL,15,30,,0.896551724137931,0.42857142857142855,0.8878504672897196,12,12.413793103448276,-4.5,0,12,0.17915972035501274,0.4296418244456416,0.03734859354142228,0.0916794388928766,0.15707214045155893,0.5577955697733107
ds004447,sub-014,ses-01,C0_CURRENT_OVERLAP_EMPIRICAL,30,60,,0.9396551724137931,0.5625,0.9345794392523364,7,7.241379310344827,-3.5,0,7,0.028920557241497433,0.12551715776078629,0.0538014155355923,0.07629783504535086,0.04799426513797615,0.219487244662071
ds004447,sub-014,ses-01,C0_CURRENT_OVERLAP_EMPIRICAL,60,120,,0.9827586206896551,0.8181818181818182,0.9813084112149533,2,2.0689655172413794,0.0,0,2,0.010801141813564693,0.05344568441771335,0.04840119599590605,0.02885397647601365,0.0689372171981841,0.0671569865506989
ds004447,sub-014,ses-01,C0_CURRENT_OVERLAP_EMPIRICAL,90,180,,0.9568965517241379,0.6428571428571429,0.9532710280373832,5,5.172413793103448,-3.5,0,5,0.05417497061095098,0.009657284576373083,0.035996539640253115,0.0013319759263504625,0.051048445646757,0.08245405869917577
ds004447,sub-014,ses-01,C0_CURRENT_OVERLAP_EMPIRICAL,full,220,,1.0,1.0,1.0,0,0.0,0.0,0,0,0.0,0.0,0.0,0.0,0.0,0.0
ds004447,sub-014,ses-01,C1_NONOVERLAP_EMPIRICAL,15,15,,0.853448275862069,0.37037037037037035,0.839622641509434,15,15.517241379310345,-4.5,1,16,0.2583449054681722,0.46305984051653853,0.10698709653757323,0.08360834108237858,0.07402733450906315,0.2914429918776396
ds004447,sub-014,ses-01,C1_NONOVERLAP_EMPIRICAL,30,30,,0.9913793103448276,0.9166666666666666,0.9904761904761905,1,1.0344827586206897,-2.5,0,1,0.018913486257253004,0.07712077128025392,0.10900889736504178,0.0650230923256847,0.04424118807938099,0.11739935394418956
ds004447,sub-014,ses-01,C1_NONOVERLAP_EMPIRICAL,60,60,,1.0,1.0,1.0,0,0.0,0.0,0,0,0.025679591700083743,0.019687341629928568,0.035121544449013824,0.0362911847737021,0.07468123924128772,0.01417996424826862
ds004447,sub-014,ses-01,C1_NONOVERLAP_EMPIRICAL,90,90,,0.9913793103448276,0.9090909090909091,0.9905660377358491,-1,-1.0344827586206897,0.0,1,0,0.023354285249320227,0.004796254055103395,0.011938868037817763,0.0,0.04730740903537739,0.016001160926294673
ds004447,sub-014,ses-01,C1_NONOVERLAP_EMPIRICAL,full,110,,1.0,1.0,1.0,0,0.0,0.0,0,0,0.0,0.0,0.0,0.0,0.0,0.0
ds004447,sub-014,ses-01,C2_NONOVERLAP_HARRELL_DAVIS,15,15,,0.8620689655172413,0.4074074074074074,0.8476190476190476,16,16.551724137931036,-4.5,0,16,0.2369388333491018,0.4223251620129988,0.12751672853974177,0.10648118696038861,0.15157929642839216,0.3440460958593093
ds004447,sub-014,ses-01,C2_NONOVERLAP_HARRELL_DAVIS,30,30,,0.9568965517241379,0.5833333333333334,0.9541284403669725,-3,-3.103448275862069,1.5,4,1,0.07989621199442544,0.13418383663628186,0.11975860579305676,0.09545837540001953,0.04809668472964802,0.13143005346872563
ds004447,sub-014,ses-01,C2_NONOVERLAP_HARRELL_DAVIS,60,60,,0.9913793103448276,0.9090909090909091,0.9905660377358491,-1,-1.0344827586206897,0.0,1,0,0.050370202701185696,0.03826918199120569,0.044770138904302634,0.03558544691160684,0.036015832168125234,0.005580804134338115
ds004447,sub-014,ses-01,C2_NONOVERLAP_HARRELL_DAVIS,90,90,,0.9913793103448276,0.9090909090909091,0.9905660377358491,-1,-1.0344827586206897,0.0,1,0,0.023664327449953077,0.00609814778141928,0.0028185252177628326,0.0004542477917651199,0.009150347286321988,0.019377086535561132
ds004447,sub-014,ses-01,C2_NONOVERLAP_HARRELL_DAVIS,full,110,,1.0,1.0,1.0,0,0.0,0.0,0,0,0.0,0.0,0.0,0.0,0.0,0.0
ds004447,sub-014,ses-01,C3_BLOCK_SUBSAMPLE_EMPIRICAL,30,15,,0.9913793103448276,0.9090909090909091,0.9905660377358491,1,1.0344827586206897,-2.5,0,1,0.06925137079557721,0.0006567181188386222,0.01598148632598882,0.13019388110705749,0.0,0.0791136501379848
ds004447,sub-014,ses-01,C3_BLOCK_SUBSAMPLE_EMPIRICAL,60,30,,0.9913793103448276,0.9090909090909091,0.9905660377358491,1,1.0344827586206897,-2.5,0,1,0.03890844721856198,0.002929151304061725,0.05152843457766476,0.0358975326308289,0.0037213527429756643,0.04295539521439192
ds004447,sub-014,ses-01,C3_BLOCK_SUBSAMPLE_EMPIRICAL,90,45,,0.9913793103448276,0.9090909090909091,0.9905660377358491,1,1.0344827586206897,-3.5,0,1,0.09328402980814643,0.0001814944526303218,0.031378943769586165,0.00045239082209688015,0.0,0.025316123275552122
ds004447,sub-014,ses-01,C3_BLOCK_SUBSAMPLE_EMPIRICAL,full,55,,1.0,1.0,1.0,0,0.0,0.0,0,0,0.0,0.0,0.0,0.0,0.0,0.0
ds004447,sub-014,ses-01,C4_LOSO_SHRINKAGE,15,15,0.42857142857142855,0.8879310344827587,0.07142857142857142,0.8869565217391304,-1,-1.0344827586206897,5.5,7,6,0.2463343901106406,0.15418765578461088,0.0461582148679804,0.030518437469065646,0.25692956845809045,0.21305998209658977
ds004447,sub-014,ses-01,C4_LOSO_SHRINKAGE,30,30,0.6,0.9482758620689655,0.5714285714285714,0.9444444444444444,6,6.206896551724138,-1.5,0,6,0.08870130284515387,0.01893431401336267,0.06558166276359191,0.00034514633396195857,0.1100053407778046,0.12919745065077315
ds004447,sub-014,ses-01,C4_LOSO_SHRINKAGE,60,60,0.75,0.9827586206896551,0.7777777777777778,0.981651376146789,0,0.0,6.5,1,1,0.00981903726598146,0.004028307475285876,0.026409944010605056,0.012410157710214224,0.0011606184513553476,0.09359756833701956
ds004447,sub-014,ses-01,C4_LOSO_SHRINKAGE,90,90,0.8181818181818182,0.9913793103448276,0.8888888888888888,0.9907407407407407,1,1.0344827586206897,0.0,0,1,0.02875357100833853,0.007192382596288297,0.009746151559658776,0.00450399537440465,0.020192831362344905,0.03853136979790078
ds004447,sub-014,ses-01,C4_LOSO_SHRINKAGE,full,110,0.8461538461538461,1.0,1.0,1.0,0,0.0,0.0,0,0,0.0,0.0,0.0,0.0,0.0,0.0
ds004447,sub-014,ses-19,C0_CURRENT_OVERLAP_EMPIRICAL,15,30,,0.9,0.3333333333333333,0.8947368421052632,0,0.0,2.5,6,6,0.3168303963001225,0.7353322316587746,0.24549221987026587,0.18764291811484296,0.46944353017967827,4.696569562826536e-06
ds004447,sub-014,ses-19,C0_CURRENT_OVERLAP_EMPIRICAL,30,60,,0.95,0.5714285714285714,0.9464285714285714,-2,-2.0,9.5,4,2,0.10887785781117743,0.23729985161475012,0.013002971407033432,0.08998523443822476,0.1315251269899962,0.02386497208763053
ds004447,sub-014,ses-19,C0_CURRENT_OVERLAP_EMPIRICAL,60,120,,0.975,0.75,0.972972972972973,-3,-3.0,9.5,3,0,0.03928821639593801,0.008455719263434504,0.0,0.052680777872671856,0.035612957461906784,0.013036625758124736
ds004447,sub-014,ses-19,C0_CURRENT_OVERLAP_EMPIRICAL,90,180,,0.9916666666666667,0.9166666666666666,0.9908256880733946,-1,-1.0,6.0,1,0,0.012445350697677252,0.0,0.002396793772871162,0.027865571151221524,0.0016187707937229635,0.06941688167949678
ds004447,sub-014,ses-19,C0_CURRENT_OVERLAP_EMPIRICAL,full,212,,1.0,1.0,1.0,0,0.0,0.0,0,0,0.0,0.0,0.0,0.0,0.0,0.0
ds004447,sub-014,ses-19,C1_NONOVERLAP_EMPIRICAL,15,15,,0.8833333333333333,0.2631578947368421,0.8782608695652174,8,8.0,0.5,3,11,0.16244589477815316,0.39717184860866017,0.20360483965726253,0.15430354919819783,0.34524138727790155,0.06881698656678097
ds004447,sub-014,ses-19,C1_NONOVERLAP_EMPIRICAL,30,30,,0.9583333333333334,0.6153846153846154,0.9553571428571429,5,5.0,-2.5,0,5,0.04829572391386229,0.2516170135732968,0.06447129269704757,0.05082974160096143,0.1224402594415815,0.06709235120025732
ds004447,sub-014,ses-19,C1_NONOVERLAP_EMPIRICAL,60,60,,0.9916666666666667,0.875,0.9911504424778761,-1,-1.0,0.0,1,0,0.06119353190460047,0.0005488623489215833,0.06345925996704602,0.03286293649652028,0.027298156203368965,0.1032889003069935
ds004447,sub-014,ses-19,C1_NONOVERLAP_EMPIRICAL,90,90,,1.0,1.0,1.0,0,0.0,0.0,0,0,0.0,0.012971280267361678,0.008777977262767984,0.0,0.009233199892316059,0.049640509942551335
ds004447,sub-014,ses-19,C1_NONOVERLAP_EMPIRICAL,full,106,,1.0,1.0,1.0,0,0.0,0.0,0,0,0.0,0.0,0.0,0.0,0.0,0.0
ds004447,sub-014,ses-19,C2_NONOVERLAP_HARRELL_DAVIS,15,15,,0.8916666666666667,0.3157894736842105,0.8859649122807017,7,7.0,0.5,3,10,0.2500008484368971,0.5886591621532467,0.3373052307597898,0.15063350880070686,0.52899780624302,0.007197173639099825
ds004447,sub-014,ses-19,C2_NONOVERLAP_HARRELL_DAVIS,30,30,,0.95,0.5714285714285714,0.9464285714285714,4,4.0,-2.5,1,5,0.03283865564135267,0.23065235364070727,0.00872440316288625,0.05850381446814845,0.23420483522107813,0.03596498918833579
ds004447,sub-014,ses-19,C2_NONOVERLAP_HARRELL_DAVIS,60,60,,0.9583333333333334,0.5833333333333334,0.9557522123893806,1,1.0,-2.5,2,3,0.06528879321396346,0.04176268680136597,0.055151787569387066,0.03233278722077036,0.0611387128965254,0.06322092566121706
ds004447,sub-014,ses-19,C2_NONOVERLAP_HARRELL_DAVIS,90,90,,0.975,0.7272727272727273,0.9732142857142857,1,1.0,-2.5,1,2,0.011019342997340142,0.015526935800507185,0.011289654278606629,0.008677529553808856,0.006158961452886762,0.024612727747534424
ds004447,sub-014,ses-19,C2_NONOVERLAP_HARRELL_DAVIS,full,106,,1.0,1.0,1.0,0,0.0,0.0,0,0,0.0,0.0,0.0,0.0,0.0,0.0
ds004447,sub-014,ses-19,C3_BLOCK_SUBSAMPLE_EMPIRICAL,30,15,,0.9666666666666667,0.6666666666666666,0.9642857142857143,4,4.0,-2.5,0,4,0.05147699450714369,0.19377135681381213,0.07811269113423323,0.08435828358449665,0.05875127279651413,0.048871043932303807
ds004447,sub-014,ses-19,C3_BLOCK_SUBSAMPLE_EMPIRICAL,60,30,,0.9916666666666667,0.875,0.9911504424778761,-1,-1.0,7.5,1,0,0.02441324823581103,0.009504071614114328,0.09590130465602555,0.00042056266890023785,0.04039150004760339,0.011765558993865301
ds004447,sub-014,ses-19,C3_BLOCK_SUBSAMPLE_EMPIRICAL,90,45,,0.9833333333333333,0.75,0.9824561403508771,-2,-2.0,7.5,2,0,0.03255099764774804,0.008872230387009157,0.004680793336950786,0.004066279156105152,0.017951777798934813,0.019697763149386063
ds004447,sub-014,ses-19,C3_BLOCK_SUBSAMPLE_EMPIRICAL,full,53,,1.0,1.0,1.0,0,0.0,0.0,0,0,0.0,0.0,0.0,0.0,0.0,0.0
ds004447,sub-014,ses-19,C4_LOSO_SHRINKAGE,15,15,0.42857142857142855,0.975,0.5714285714285714,0.9741379310344828,-3,-3.0,0.0,3,0,0.1092136087612074,0.16112021071713029,0.1771735949127635,0.05903076524019841,0.36390757990142847,0.3946223213213179
ds004447,sub-014,ses-19,C4_LOSO_SHRINKAGE,30,30,0.6,0.975,0.625,0.9739130434782609,-1,-1.0,-6.5,2,1,0.004739924206058382,0.14584501899869445,0.017092174622275264,0.026324598638147352,0.2008581339573496,0.25691124872162807
ds004447,sub-014,ses-19,C4_LOSO_SHRINKAGE,60,60,0.75,0.9916666666666667,0.8571428571428571,0.9912280701754386,-1,-1.0,0.0,1,0,0.05417427805569966,0.001739419642079972,0.02531590649927072,0.023105238984846538,0.06930982280597747,0.16806768408994024
ds004447,sub-014,ses-19,C4_LOSO_SHRINKAGE,90,90,0.8181818181818182,0.9916666666666667,0.8571428571428571,0.9912280701754386,-1,-1.0,0.0,1,0,0.002275989270415254,0.010108063573547734,0.0017201293617538633,0.0004075305596874185,0.019699066900530665,0.06645242809425772
ds004447,sub-014,ses-19,C4_LOSO_SHRINKAGE,full,106,0.8412698412698413,1.0,1.0,1.0,0,0.0,0.0,0,0,0.0,0.0,0.0,0.0,0.0,0.0
ds004447,sub-015,ses-01,C0_CURRENT_OVERLAP_EMPIRICAL,15,30,,0.896551724137931,0.2,0.8938053097345132,-12,-12.413793103448276,14.5,12,0,0.8308827288907725,0.14297761207183138,0.9992726502507535,0.3845551859995994,0.3520161883577458,0.12352385765339886
ds004447,sub-015,ses-01,C0_CURRENT_OVERLAP_EMPIRICAL,30,60,,0.9568965517241379,0.7058823529411765,0.9519230769230769,-1,-1.0344827586206897,1.5,3,2,0.18517104775712723,0.1344659831175358,0.19420159594310132,0.2590895250998214,0.18459934297268613,0.009945863359007096
ds004447,sub-015,ses-01,C0_CURRENT_OVERLAP_EMPIRICAL,60,120,,0.9741379310344828,0.8235294117647058,0.9705882352941176,1,1.0344827586206897,0.0,1,2,0.059429924977211335,0.015058409942078016,0.012193704855103541,0.07249802617570683,0.029975879711912512,0.037610234858072335
ds004447,sub-015,ses-01,C0_CURRENT_OVERLAP_EMPIRICAL,90,180,,0.9913793103448276,0.9333333333333333,0.9901960784313726,-1,-1.0344827586206897,0.0,1,0,0.0035541071683918234,0.010266127406386646,0.03666396567553248,0.0006865943692572039,0.05161467960488047,0.024968467982992116
ds004447,sub-015,ses-01,C0_CURRENT_OVERLAP_EMPIRICAL,full,212,,1.0,1.0,1.0,0,0.0,0.0,0,0,0.0,0.0,0.0,0.0,0.0,0.0
ds004447,sub-015,ses-01,C1_NONOVERLAP_EMPIRICAL,15,15,,0.8793103448275862,0.0,0.8793103448275862,-14,-14.482758620689655,45.0,14,0,1.5788025735741973,0.48820043708919464,0.9815455935536154,0.3973428302076723,0.43617978522204326,0.003435250012791136
ds004447,sub-015,ses-01,C1_NONOVERLAP_EMPIRICAL,30,30,,0.9655172413793104,0.75,0.9615384615384616,0,0.0,1.0,2,2,0.0728066875373505,0.3827618597302628,0.7675133126631768,0.2914534663711696,0.2682730027137205,0.005466019859762282
ds004447,sub-015,ses-01,C1_NONOVERLAP_EMPIRICAL,60,60,,0.9741379310344828,0.8235294117647058,0.9705882352941176,3,3.103448275862069,-4.0,0,3,0.14315725897288398,0.030809944563740952,0.024054876275823405,0.05884548990986224,0.07722295060509386,0.003952810951856655
ds004447,sub-015,ses-01,C1_NONOVERLAP_EMPIRICAL,90,90,,0.9827586206896551,0.875,0.9803921568627451,2,2.0689655172413794,-0.5,0,2,0.02747509359783394,0.012160115493231817,0.008942568777316582,0.0008838560083386154,0.03377028115146251,0.022023607037976404
ds004447,sub-015,ses-01,C1_NONOVERLAP_EMPIRICAL,full,106,,1.0,1.0,1.0,0,0.0,0.0,0,0,0.0,0.0,0.0,0.0,0.0,0.0
ds004447,sub-015,ses-01,C2_NONOVERLAP_HARRELL_DAVIS,15,15,,0.8793103448275862,0.0,0.8793103448275862,-14,-14.482758620689655,45.0,14,0,2.420618604158755,0.47497548171685194,1.2587849306088146,0.44072429221885645,0.4493309093081724,0.07222990024942266
ds004447,sub-015,ses-01,C2_NONOVERLAP_HARRELL_DAVIS,30,30,,0.9224137931034483,0.4,0.9181818181818182,-7,-7.241379310344827,6.5,8,1,0.3301230515952719,0.37258420326325387,0.7560982027303117,0.3312514313327728,0.29645602374411284,0.07290926186560027
ds004447,sub-015,ses-01,C2_NONOVERLAP_HARRELL_DAVIS,60,60,,0.9827586206896551,0.875,0.9803921568627451,2,2.0689655172413794,-0.5,0,2,0.05524565660553231,0.02733619171529682,0.10695060957455364,0.06234144188851469,0.06640220759253923,0.001992189601409486
ds004447,sub-015,ses-01,C2_NONOVERLAP_HARRELL_DAVIS,90,90,,0.9827586206896551,0.875,0.9803921568627451,2,2.0689655172413794,-0.5,0,2,0.0075621987008954155,0.008497472494955253,0.01572810759551638,0.008211933087560708,0.03326278110337125,0.010730080513870163
ds004447,sub-015,ses-01,C2_NONOVERLAP_HARRELL_DAVIS,full,106,,1.0,1.0,1.0,0,0.0,0.0,0,0,0.0,0.0,0.0,0.0,0.0,0.0
ds004447,sub-015,ses-01,C3_BLOCK_SUBSAMPLE_EMPIRICAL,30,15,,0.9310344827586207,0.5,0.9259259259259259,-4,-4.137931034482759,1.5,6,2,0.28854358806977404,0.46739917570098644,0.21340490559486708,0.19704872569495305,0.16636026471087398,0.049721412267368
ds004447,sub-015,ses-01,C3_BLOCK_SUBSAMPLE_EMPIRICAL,60,30,,1.0,1.0,1.0,0,0.0,0.0,0,0,0.0004892821598702005,0.00025640997821503646,0.016864485346875333,0.003036091851993792,0.11313631763101507,0.0438868343732881
ds004447,sub-015,ses-01,C3_BLOCK_SUBSAMPLE_EMPIRICAL,90,45,,0.9827586206896551,0.8571428571428571,0.9807692307692307,-2,-2.0689655172413794,0.5,2,0,0.024079671802554912,0.00034187997095340585,0.0,0.004048122469325049,0.11669605018862753,0.0849310902315749
ds004447,sub-015,ses-01,C3_BLOCK_SUBSAMPLE_EMPIRICAL,full,53,,1.0,1.0,1.0,0,0.0,0.0,0,0,0.0,0.0,0.0,0.0,0.0,0.0
ds004447,sub-015,ses-01,C4_LOSO_SHRINKAGE,15,15,0.42857142857142855,0.9310344827586207,0.0,0.9310344827586207,-8,-8.275862068965518,44.0,8,0,1.0407511941917773,0.34414831730443324,0.7637985625103405,0.24493146249218137,0.5260759745324319,0.30839194486519284
ds004447,sub-015,ses-01,C4_LOSO_SHRINKAGE,30,30,0.6,0.9568965517241379,0.375,0.9557522123893806,-5,-5.172413793103448,13.0,5,0,0.3231717502251228,0.30247566464288905,0.6273247422908179,0.2161949522372832,0.35196810634600556,0.17758331783296738
ds004447,sub-015,ses-01,C4_LOSO_SHRINKAGE,60,60,0.75,0.9913793103448276,0.8888888888888888,0.9907407407407407,1,1.0344827586206897,0.0,0,1,0.021814070075722496,0.054252679175435976,0.1057341889283839,0.0604425315285845,0.1305900662152804,0.07188461031443592
ds004447,sub-015,ses-01,C4_LOSO_SHRINKAGE,90,90,0.8181818181818182,0.9913793103448276,0.875,0.9908256880733946,-1,-1.0344827586206897,13.0,1,0,0.009312718462052899,0.0011792109271346568,0.016737139225425482,0.005169361626740228,0.0033042133758855144,0.03751292853321121
ds004447,sub-015,ses-01,C4_LOSO_SHRINKAGE,full,106,0.8412698412698413,1.0,1.0,1.0,0,0.0,0.0,0,0,0.0,0.0,0.0,0.0,0.0,0.0
ds004447,sub-015,ses-19,C0_CURRENT_OVERLAP_EMPIRICAL,15,30,,0.8833333333333333,0.3333333333333333,0.8761061946902655,12,12.0,-5.5,1,13,0.0996739172805797,0.10448381638584926,0.16967491801958068,0.03381654615150307,0.20538136314516126,0.746828299275742
ds004447,sub-015,ses-19,C0_CURRENT_OVERLAP_EMPIRICAL,30,60,,0.925,0.4375,0.9203539823008849,7,7.0,-2.5,1,8,0.07122732239352167,0.04735025048920307,0.15133674021750868,0.03023939473596783,0.09714559785598341,0.25494831551824465
ds004447,sub-015,ses-19,C0_CURRENT_OVERLAP_EMPIRICAL,60,120,,0.9583333333333334,0.5454545454545454,0.956140350877193,1,1.0,-2.0,2,3,0.04727564495300357,0.013013809482578307,0.012693654220405078,0.007283958726356522,0.32600075803005124,0.3671213823609364
ds004447,sub-015,ses-19,C0_CURRENT_OVERLAP_EMPIRICAL,90,180,,0.975,0.7,0.9734513274336283,1,1.0,-2.0,1,2,0.05520726667988501,0.0024696223506658747,0.027050363951310254,0.006656248224393645,0.044333862798275225,0.010456512647341378
ds004447,sub-015,ses-19,C0_CURRENT_OVERLAP_EMPIRICAL,full,206,,1.0,1.0,1.0,0,0.0,0.0,0,0,0.0,0.0,0.0,0.0,0.0,0.0
ds004447,sub-015,ses-19,C1_NONOVERLAP_EMPIRICAL,15,15,,0.9666666666666667,0.42857142857142855,0.9658119658119658,-2,-2.0,6.5,3,1,0.11316813692680996,0.09598795045635283,0.012423174936080191,0.01019926643811248,0.17540463370725246,0.0010871279676758286
ds004447,sub-015,ses-19,C1_NONOVERLAP_EMPIRICAL,30,30,,0.9666666666666667,0.5555555555555556,0.9652173913043478,2,2.0,-3.0,1,3,0.005893034242743731,0.02085645400124547,0.06511198672269784,0.023963711965107902,0.21213354073085905,0.09153522599448927
ds004447,sub-015,ses-19,C1_NONOVERLAP_EMPIRICAL,60,60,,0.9916666666666667,0.8333333333333334,0.991304347826087,-1,-1.0,0.0,1,0,0.0025492279571460706,0.008839333357632565,0.016434926545284053,4.576539148803783e-05,0.2602235143135012,0.04048175131698522
ds004447,sub-015,ses-19,C1_NONOVERLAP_EMPIRICAL,90,90,,0.9916666666666667,0.8571428571428571,0.9912280701754386,1,1.0,-4.5,0,1,0.04276597898831178,0.0010499325343012774,0.05878491048471937,0.00015587850337302,0.09328699133686918,0.03391878556884374
ds004447,sub-015,ses-19,C1_NONOVERLAP_EMPIRICAL,full,103,,1.0,1.0,1.0,0,0.0,0.0,0,0,0.0,0.0,0.0,0.0,0.0,0.0
ds004447,sub-015,ses-19,C2_NONOVERLAP_HARRELL_DAVIS,15,15,,0.95,0.4,0.9482758620689655,0,0.0,-0.5,3,3,0.26772457212011763,0.17215554201233849,0.17468022889211113,0.2559008430673215,0.44489224145322515,0.03735954592020556
ds004447,sub-015,ses-19,C2_NONOVERLAP_HARRELL_DAVIS,30,30,,0.95,0.4,0.9482758620689655,0,0.0,-1.0,3,3,0.11716152038056252,0.053667471890595356,0.11964985702914067,0.08420119917001193,4.03659427559527,0.04033550740335773
ds004447,sub-015,ses-19,C2_NONOVERLAP_HARRELL_DAVIS,60,60,,0.9833333333333333,0.7142857142857143,0.9826086956521739,-2,-2.0,2.5,2,0,0.01130281374958444,0.014036319125725446,0.001121764597898877,0.0037592160237515516,0.36316704614693424,0.024954573569406016
ds004447,sub-015,ses-19,C2_NONOVERLAP_HARRELL_DAVIS,90,90,,0.9916666666666667,0.875,0.9911504424778761,1,1.0,-2.0,0,1,0.04407790018021443,0.003946288010972017,0.03623337324720184,0.004588761774835259,0.4595212167744622,0.023900507737631912
ds004447,sub-015,ses-19,C2_NONOVERLAP_HARRELL_DAVIS,full,103,,1.0,1.0,1.0,0,0.0,0.0,0,0,0.0,0.0,0.0,0.0,0.0,0.0
ds004447,sub-015,ses-19,C3_BLOCK_SUBSAMPLE_EMPIRICAL,30,15,,0.9416666666666667,0.65,0.9345794392523364,7,7.0,-2.0,0,7,0.12286773979564392,0.013532574887795055,0.24191064030007847,0.01134372252290088,0.14397906746424385,0.1290181497122524
ds004447,sub-015,ses-19,C3_BLOCK_SUBSAMPLE_EMPIRICAL,60,30,,0.9916666666666667,0.9230769230769231,0.9907407407407407,-1,-1.0,0.0,1,0,0.012812735071866617,0.004479754014057096,0.044438767912635624,0.00011011815148529484,0.5225661248439186,0.002726849484390726
ds004447,sub-015,ses-19,C3_BLOCK_SUBSAMPLE_EMPIRICAL,90,45,,1.0,1.0,1.0,0,0.0,0.0,0,0,0.018766185793391937,5.2490758211727426e-05,0.04297119445215319,0.00030317014777629393,0.1788269835635235,0.01988747595504875
ds004447,sub-015,ses-19,C3_BLOCK_SUBSAMPLE_EMPIRICAL,full,52,,1.0,1.0,1.0,0,0.0,0.0,0,0,0.0,0.0,0.0,0.0,0.0,0.0
ds004447,sub-015,ses-19,C4_LOSO_SHRINKAGE,15,15,0.42857142857142855,0.95,0.0,0.95,-6,-6.0,38.0,6,0,0.49620896205877063,0.20128931599960395,0.5139767665736232,0.10138148706848257,0.1729090461699782,0.32191493518273806
ds004447,sub-015,ses-19,C4_LOSO_SHRINKAGE,30,30,0.6,0.9583333333333334,0.16666666666666666,0.957983193277311,-5,-5.0,8.5,5,0,0.2679835019391154,0.1062475472709413,0.3271390079569907,0.07025276060756208,0.2549610066631395,0.2485664698595308
ds004447,sub-015,ses-19,C4_LOSO_SHRINKAGE,60,60,0.75,0.9916666666666667,0.8333333333333334,0.991304347826087,-1,-1.0,0.0,1,0,0.09602816834445599,0.028606248822133386,0.09914243296820405,0.02074184308558507,0.124974602807874,0.10294838834028885
ds004447,sub-015,ses-19,C4_LOSO_SHRINKAGE,90,90,0.8181818181818182,1.0,1.0,1.0,0,0.0,0.0,0,0,0.007179141500174812,0.006849595469513255,0.014386377105034846,0.004445222074765442,0.05769097588969172,0.016192475851140097
ds004447,sub-015,ses-19,C4_LOSO_SHRINKAGE,full,103,0.8373983739837398,1.0,1.0,1.0,0,0.0,0.0,0,0,0.0,0.0,0.0,0.0,0.0,0.0
ds004447,sub-016,ses-01,C0_CURRENT_OVERLAP_EMPIRICAL,15,30,,0.9224137931034483,0.5909090909090909,0.912621359223301,9,9.310344827586206,-6.0,0,9,0.003132509285633543,0.19053755547452716,0.44341392733905977,0.1997199623238075,0.7172567387363353,9.13242440636644
ds004447,sub-016,ses-01,C0_CURRENT_OVERLAP_EMPIRICAL,30,60,,0.9310344827586207,0.6190476190476191,0.9223300970873787,8,8.275862068965518,-6.0,0,8,0.15437431158714307,0.026505643286375214,0.013742982722127537,0.02894941259514294,0.1258036583131059,8.5846847943201
ds004447,sub-016,ses-01,C0_CURRENT_OVERLAP_EMPIRICAL,60,120,,0.9137931034482759,0.5238095238095238,0.9047619047619048,6,6.206896551724138,-3.5,2,8,0.11734854391072115,0.0008196079692298423,0.03563385688514923,0.016523557893945086,0.07913212376780179,7.365745536088484
ds004447,sub-016,ses-01,C0_CURRENT_OVERLAP_EMPIRICAL,90,180,,0.9396551724137931,0.6111111111111112,0.9333333333333333,3,3.103448275862069,-2.0,2,5,0.06437226087436641,0.0007779433790230834,0.029619169805269498,0.0012218523638172674,0.002467470926114743,7.498738886314491
ds004447,sub-016,ses-01,C0_CURRENT_OVERLAP_EMPIRICAL,full,218,,1.0,1.0,1.0,0,0.0,0.0,0,0,0.0,0.0,0.0,0.0,0.0,0.0
ds004447,sub-016,ses-01,C1_NONOVERLAP_EMPIRICAL,15,15,,0.9568965517241379,0.75,0.9504950495049505,-1,-1.0344827586206897,0.5,3,2,0.10920172568164525,0.11553273141600563,0.021837076768891135,0.15197140161450998,0.8161590718858496,0.0959340044898757
ds004447,sub-016,ses-01,C1_NONOVERLAP_EMPIRICAL,30,30,,0.9396551724137931,0.6818181818181818,0.9306930693069307,1,1.0344827586206897,-1.5,3,4,0.055896315857886326,0.02438401182893703,0.17184222094087323,0.04130806633042612,0.2581818993851299,0.10117427745684784
ds004447,sub-016,ses-01,C1_NONOVERLAP_EMPIRICAL,60,60,,0.9741379310344828,0.8571428571428571,0.9693877551020408,3,3.103448275862069,-4.0,0,3,0.050376912654969734,0.0012720852255594332,0.09270893777383375,0.002860811828358144,0.14840611778644414,0.03985320733255162
ds004447,sub-016,ses-01,C1_NONOVERLAP_EMPIRICAL,90,90,,0.9827586206896551,0.8947368421052632,0.9797979797979798,0,0.0,-3.0,1,1,0.020996985578061258,0.004018719987875139,0.00794406207652416,0.0038074297537089826,0.06860986349926072,0.020179035383696992
ds004447,sub-016,ses-01,C1_NONOVERLAP_EMPIRICAL,full,109,,1.0,1.0,1.0,0,0.0,0.0,0,0,0.0,0.0,0.0,0.0,0.0,0.0
ds004447,sub-016,ses-01,C2_NONOVERLAP_HARRELL_DAVIS,15,15,,0.9137931034482759,0.5238095238095238,0.9047619047619048,-4,-4.137931034482759,0.5,7,3,0.2515912735373084,0.30034403284306116,0.0923122409220147,0.16969317776420575,0.7258820191679132,0.18462773859471276
ds004447,sub-016,ses-01,C2_NONOVERLAP_HARRELL_DAVIS,30,30,,0.9741379310344828,0.85,0.9696969696969697,1,1.0344827586206897,-3.0,1,2,0.06380957897830064,0.038543293195160734,0.11625135587961766,0.051873595460335195,0.4895363484334565,0.1314192178034727
ds004447,sub-016,ses-01,C2_NONOVERLAP_HARRELL_DAVIS,60,60,,0.9913793103448276,0.9473684210526315,0.9897959183673469,1,1.0344827586206897,-3.0,0,1,0.06522060178653635,0.005729001487395868,0.07077353997982835,0.003385608580852122,0.2936241485189492,0.011465091463002132
ds004447,sub-016,ses-01,C2_NONOVERLAP_HARRELL_DAVIS,90,90,,0.9913793103448276,0.9444444444444444,0.98989898989899,-1,-1.0344827586206897,0.0,1,0,0.020200444339725267,0.004546399517375507,0.013766667999146715,0.00456178133078962,0.011879935474924481,0.019719053587489807
ds004447,sub-016,ses-01,C2_NONOVERLAP_HARRELL_DAVIS,full,109,,1.0,1.0,1.0,0,0.0,0.0,0,0,0.0,0.0,0.0,0.0,0.0,0.0
ds004447,sub-016,ses-01,C3_BLOCK_SUBSAMPLE_EMPIRICAL,30,15,,0.8793103448275862,0.44,0.8666666666666667,-2,-2.0689655172413794,1.5,8,6,0.22619951386694223,0.005667750985043898,0.15168289464162163,0.03030424860067832,0.6146056227597712,0.14452843257900333
ds004447,sub-016,ses-01,C3_BLOCK_SUBSAMPLE_EMPIRICAL,60,30,,0.9224137931034483,0.64,0.91,3,3.103448275862069,0.0,3,6,0.20065493018074088,0.003824284004150922,0.14214720043602874,0.0222924933096679,0.19618789889548038,0.04850556375867804
ds004447,sub-016,ses-01,C3_BLOCK_SUBSAMPLE_EMPIRICAL,90,45,,0.9741379310344828,0.8571428571428571,0.9693877551020408,1,1.0344827586206897,-1.0,1,2,0.02860991619794882,0.00273009319627149,0.017442340797177706,0.0091215689318126,0.06124057331059239,0.07804478418777987
ds004447,sub-016,ses-01,C3_BLOCK_SUBSAMPLE_EMPIRICAL,full,55,,1.0,1.0,1.0,0,0.0,0.0,0,0,0.0,0.0,0.0,0.0,0.0,0.0
ds004447,sub-016,ses-01,C4_LOSO_SHRINKAGE,15,15,0.42857142857142855,0.9051724137931034,0.21428571428571427,0.9026548672566371,-11,-11.379310344827585,15.5,11,0,0.2816744251953138,0.19351970603072793,0.2726042074871544,0.15645643183469063,0.543847974535665,0.3098147879913375
ds004447,sub-016,ses-01,C4_LOSO_SHRINKAGE,30,30,0.6,0.9568965517241379,0.6428571428571429,0.9532710280373832,-5,-5.172413793103448,3.0,5,0,0.11007342050813339,0.1001406445329905,0.06244436052629196,0.0789831918383013,0.27330343044203126,0.14090075537787947
ds004447,sub-016,ses-01,C4_LOSO_SHRINKAGE,60,60,0.75,0.9913793103448276,0.9285714285714286,0.9902912621359223,-1,-1.0344827586206897,0.0,1,0,0.020095032277208803,0.03255661809446906,0.0024472868176486,0.019274436368742973,0.15294310906253836,0.11513285482633966
ds004447,sub-016,ses-01,C4_LOSO_SHRINKAGE,90,90,0.8181818181818182,0.9913793103448276,0.9285714285714286,0.9902912621359223,-1,-1.0344827586206897,0.0,1,0,0.0002769152638661223,0.006327009305436171,0.011129018327827476,0.003012837982991298,0.06582161567161854,0.0416212763843085
ds004447,sub-016,ses-01,C4_LOSO_SHRINKAGE,full,109,0.8449612403100775,1.0,1.0,1.0,0,0.0,0.0,0,0,0.0,0.0,0.0,0.0,0.0,0.0
ds004447,sub-016,ses-18,C0_CURRENT_OVERLAP_EMPIRICAL,15,30,,0.9666666666666667,0.3333333333333333,0.9661016949152542,2,2.0,-3.0,1,3,0.2674622863442751,0.29078736781745146,0.23684832027279856,0.3492167058173921,0.3292506678677523,0.02354650905664266
ds004447,sub-016,ses-18,C0_CURRENT_OVERLAP_EMPIRICAL,30,60,,0.9583333333333334,0.2857142857142857,0.9576271186440678,3,3.0,-17.0,1,4,0.051377142064333324,0.15534350704904376,0.058799506783403746,0.07325230173070837,0.04280887646014936,0.04465140738376577
ds004447,sub-016,ses-18,C0_CURRENT_OVERLAP_EMPIRICAL,60,120,,0.9416666666666667,0.3,0.9401709401709402,7,7.0,-20.5,0,7,0.09634665911317601,0.022471583491612688,0.07535220485420181,0.02317410504522535,0.10290390277830531,0.02749215168979369
ds004447,sub-016,ses-18,C0_CURRENT_OVERLAP_EMPIRICAL,90,180,,0.9916666666666667,0.75,0.9914529914529915,1,1.0,0.0,0,1,0.01125240010331341,0.0009479488579758823,0.07424523161902058,0.01201604435703005,0.10290390277830562,0.04807221979912825
ds004447,sub-016,ses-18,C0_CURRENT_OVERLAP_EMPIRICAL,full,216,,1.0,1.0,1.0,0,0.0,0.0,0,0,0.0,0.0,0.0,0.0,0.0,0.0
ds004447,sub-016,ses-18,C1_NONOVERLAP_EMPIRICAL,15,15,,0.9666666666666667,0.2,0.9663865546218487,-2,-2.0,24.0,3,1,0.6191444386822851,0.3367079248646665,0.2113710228579258,0.5022211916369846,0.2770636436105419,0.30777314394404526
ds004447,sub-016,ses-18,C1_NONOVERLAP_EMPIRICAL,30,30,,0.9416666666666667,0.2222222222222222,0.940677966101695,3,3.0,-11.5,2,5,0.07928483382312106,0.23032016989544352,0.052619759342154494,0.12932134525413705,0.03842751329257304,0.10354006110862199
ds004447,sub-016,ses-18,C1_NONOVERLAP_EMPIRICAL,60,60,,0.9583333333333334,0.4444444444444444,0.9568965517241379,5,5.0,-15.0,0,5,0.07074105681572503,0.05155361625489978,0.009796648877627904,0.01419854962915013,0.038066162844871354,0.02479598088354542
ds004447,sub-016,ses-18,C1_NONOVERLAP_EMPIRICAL,90,90,,0.975,0.5714285714285714,0.9741379310344828,3,3.0,-13.0,0,3,0.0567326580602083,0.013171064758954097,0.020964008312490554,0.006999386516390428,0.03806616284487119,0.04695847820522784
ds004447,sub-016,ses-18,C1_NONOVERLAP_EMPIRICAL,full,108,,1.0,1.0,1.0,0,0.0,0.0,0,0,0.0,0.0,0.0,0.0,0.0,0.0
ds004447,sub-016,ses-18,C2_NONOVERLAP_HARRELL_DAVIS,15,15,,0.95,0.0,0.95,-4,-4.0,17.5,5,1,0.9086636034426148,0.37859827637294347,0.42495582198579546,0.642231334299327,0.28825199640744004,0.3766106372318098
ds004447,sub-016,ses-18,C2_NONOVERLAP_HARRELL_DAVIS,30,30,,0.925,0.18181818181818182,0.923728813559322,3,3.0,-17.0,3,6,0.1528550241176612,0.2051162285822479,0.05176279790441656,0.18990067550999346,0.16894332260668285,0.00786688058982862
ds004447,sub-016,ses-18,C2_NONOVERLAP_HARRELL_DAVIS,60,60,,0.9916666666666667,0.8333333333333334,0.991304347826087,1,1.0,-13.0,0,1,0.021819006071035926,0.053172146677752455,0.026122430387182267,0.013865908698528882,0.05880554189364349,0.014784141417857048
ds004447,sub-016,ses-18,C2_NONOVERLAP_HARRELL_DAVIS,90,90,,0.9916666666666667,0.8333333333333334,0.991304347826087,1,1.0,-13.0,0,1,0.03688087587929044,0.0114841797325135,0.028656846146237834,0.005850022476487008,0.030224040559665214,0.03467337341598222
ds004447,sub-016,ses-18,C2_NONOVERLAP_HARRELL_DAVIS,full,108,,1.0,1.0,1.0,0,0.0,0.0,0,0,0.0,0.0,0.0,0.0,0.0,0.0
ds004447,sub-016,ses-18,C3_BLOCK_SUBSAMPLE_EMPIRICAL,30,15,,0.95,0.14285714285714285,0.9495798319327731,-4,-4.0,37.0,5,1,0.6409304731538992,0.19684339507470075,0.21781085797155245,0.12001210200762334,0.2838444177220042,0.08334502297834234
ds004447,sub-016,ses-18,C3_BLOCK_SUBSAMPLE_EMPIRICAL,60,30,,0.9583333333333334,0.2857142857142857,0.9576271186440678,-3,-3.0,4.5,4,1,0.07810367784234891,0.10140126309525278,0.0011971951625549132,0.024231687931464574,0.08857277244189221,0.03722764191882854
ds004447,sub-016,ses-18,C3_BLOCK_SUBSAMPLE_EMPIRICAL,90,45,,0.975,0.5714285714285714,0.9741379310344828,-1,-1.0,-1.0,2,1,0.01228191872958516,0.051379053988061196,0.0597619898789774,0.009377020107782625,0.01476212874031559,0.06089838145926964
ds004447,sub-016,ses-18,C3_BLOCK_SUBSAMPLE_EMPIRICAL,full,54,,1.0,1.0,1.0,0,0.0,0.0,0,0,0.0,0.0,0.0,0.0,0.0,0.0
ds004447,sub-016,ses-18,C4_LOSO_SHRINKAGE,15,15,0.42857142857142855,0.9416666666666667,0.2222222222222222,0.940677966101695,1,1.0,2.5,3,4,0.2601014876458977,0.24954884416370543,0.1678548134787833,0.2848752268213845,0.1492450374223418,0.1641581813939264
ds004447,sub-016,ses-18,C4_LOSO_SHRINKAGE,30,30,0.6,0.975,0.5,0.9743589743589743,-1,-1.0,15.5,2,1,0.044253560279418465,0.19774179114082457,0.07758583142905123,0.11986768307539629,0.041525659725309604,0.25230302156627776
ds004447,sub-016,ses-18,C4_LOSO_SHRINKAGE,60,60,0.75,0.9666666666666667,0.5,0.9655172413793104,2,2.0,-1.0,1,3,0.054488195699596724,0.06217564014610953,0.025189541268905873,0.027455862586827497,0.020996463274082566,0.09112173971171757
ds004447,sub-016,ses-18,C4_LOSO_SHRINKAGE,90,90,0.8181818181818182,0.9833333333333333,0.6666666666666666,0.9827586206896551,0,0.0,13.0,1,1,0.04687835869844144,0.01717857439993309,0.011709649123186127,0.010229992624907955,0.028804391963148917,0.06210987318464297
ds004447,sub-016,ses-18,C4_LOSO_SHRINKAGE,full,108,0.84375,1.0,1.0,1.0,0,0.0,0.0,0,0,0.0,0.0,0.0,0.0,0.0,0.0
ds004447,sub-017,ses-01,C0_CURRENT_OVERLAP_EMPIRICAL,15,30,,0.9741379310344828,0.0,0.9741379310344828,-1,-1.0344827586206897,10.5,2,1,0.019043853700096133,0.025662870087736205,0.5687636232121916,0.125417928044932,0.14564087446187546,0.1703595178413813
ds004447,sub-017,ses-01,C0_CURRENT_OVERLAP_EMPIRICAL,30,60,,0.9913793103448276,0.6666666666666666,0.9912280701754386,1,1.0344827586206897,-16.0,0,1,0.12948157064979499,0.12424043304737473,0.2201891765237986,0.046959618115502415,0.1129175882177583,0.04164277708799958
ds004447,sub-017,ses-01,C0_CURRENT_OVERLAP_EMPIRICAL,60,120,,0.9913793103448276,0.6666666666666666,0.9912280701754386,1,1.0344827586206897,-16.0,0,1,0.14880711410374453,0.0932343377398443,0.11654509989436063,0.015496555295729783,0.04519889207437514,0.017656111439806003
ds004447,sub-017,ses-01,C0_CURRENT_OVERLAP_EMPIRICAL,90,180,,1.0,1.0,1.0,0,0.0,0.0,0,0,0.016988473207891448,0.02247951433079062,0.0,0.011275437435424177,0.005022099119374819,0.04552374777154552
ds004447,sub-017,ses-01,C0_CURRENT_OVERLAP_EMPIRICAL,full,224,,1.0,1.0,1.0,0,0.0,0.0,0,0,0.0,0.0,0.0,0.0,0.0,0.0
ds004447,sub-017,ses-01,C1_NONOVERLAP_EMPIRICAL,15,15,,0.9741379310344828,0.0,0.9741379310344828,-1,-1.0344827586206897,10.5,2,1,0.082746113662131,0.012308743395782825,0.5073272642369622,0.15449226986360282,0.13394458273189097,0.34279680271663265
ds004447,sub-017,ses-01,C1_NONOVERLAP_EMPIRICAL,30,30,,0.9655172413793104,0.0,0.9655172413793104,0,0.0,-10.5,2,2,0.31268104542723696,0.1055278289514052,0.04292863134419513,0.04290239855339714,0.1157192144599627,0.25885342179774407
ds004447,sub-017,ses-01,C1_NONOVERLAP_EMPIRICAL,60,60,,0.9827586206896551,0.5,0.9824561403508771,2,2.0689655172413794,-16.0,0,2,0.2651364281821526,0.058360079239620395,0.0720479259995258,0.01015165832456334,0.020642440580768463,0.13071142420887696
ds004447,sub-017,ses-01,C1_NONOVERLAP_EMPIRICAL,90,90,,1.0,1.0,1.0,0,0.0,0.0,0,0,0.06216739701907401,0.018357307701921368,0.11998675917937303,0.0032039761605931042,0.0030208449630391384,0.059212000276314604
ds004447,sub-017,ses-01,C1_NONOVERLAP_EMPIRICAL,full,112,,1.0,1.0,1.0,0,0.0,0.0,0,0,0.0,0.0,0.0,0.0,0.0,0.0
ds004447,sub-017,ses-01,C2_NONOVERLAP_HARRELL_DAVIS,15,15,,0.9655172413793104,0.2,0.9652173913043478,2,2.0689655172413794,-21.0,1,3,0.19783999750505427,0.16585966611276765,0.7234409587098186,0.19946111544891706,0.24509052933906894,0.1605793047382427
ds004447,sub-017,ses-01,C2_NONOVERLAP_HARRELL_DAVIS,30,30,,0.9568965517241379,0.0,0.9568965517241379,1,1.0344827586206897,-10.5,2,3,0.19849575473436898,0.03959270527171301,0.107789691503154,0.04878660241873423,0.18341886351709394,0.20770331691959804
ds004447,sub-017,ses-01,C2_NONOVERLAP_HARRELL_DAVIS,60,60,,0.9827586206896551,0.5,0.9824561403508771,2,2.0689655172413794,-16.0,0,2,0.21905276175465332,0.037332044232773705,0.0240325007699056,0.0009916330397714624,0.05913527011619564,0.13625949150797406
ds004447,sub-017,ses-01,C2_NONOVERLAP_HARRELL_DAVIS,90,90,,1.0,1.0,1.0,0,0.0,0.0,0,0,0.04603578389911989,0.031224658264955105,0.057682044374690836,0.0023177126767831148,0.017363837572450726,0.04822252456555215
ds004447,sub-017,ses-01,C2_NONOVERLAP_HARRELL_DAVIS,full,112,,1.0,1.0,1.0,0,0.0,0.0,0,0,0.0,0.0,0.0,0.0,0.0,0.0
ds004447,sub-017,ses-01,C3_BLOCK_SUBSAMPLE_EMPIRICAL,30,15,,0.9568965517241379,0.0,0.9568965517241379,-1,-1.0344827586206897,-10.5,3,2,0.3907082804529815,0.0066448280536994956,0.25872906695323467,0.06289764587444065,0.21537958416873318,0.22042222961064248
ds004447,sub-017,ses-01,C3_BLOCK_SUBSAMPLE_EMPIRICAL,60,30,,0.9568965517241379,0.2857142857142857,0.956140350877193,3,3.103448275862069,-24.5,1,4,0.38971129649843217,0.038692310540386965,0.06352987848356552,0.012057209717790033,0.11811590492877887,0.12539890697871714
ds004447,sub-017,ses-01,C3_BLOCK_SUBSAMPLE_EMPIRICAL,90,45,,0.9913793103448276,0.6666666666666666,0.9912280701754386,-1,-1.0344827586206897,0.0,1,0,0.18691176574231672,0.12707144860673644,0.16386212912968068,0.016294839974047026,0.05883612775786972,0.011898724904165403
ds004447,sub-017,ses-01,C3_BLOCK_SUBSAMPLE_EMPIRICAL,full,56,,1.0,1.0,1.0,0,0.0,0.0,0,0,0.0,0.0,0.0,0.0,0.0,0.0
ds004447,sub-017,ses-01,C4_LOSO_SHRINKAGE,15,15,0.42857142857142855,0.9827586206896551,0.0,0.9827586206896551,-2,-2.0689655172413794,18.0,2,0,0.026388029960486423,0.14829977586694174,0.3120533834399853,0.0771076568261396,0.3120448038236974,0.5402203595410181
ds004447,sub-017,ses-01,C4_LOSO_SHRINKAGE,30,30,0.6,0.9827586206896551,0.0,0.9827586206896551,-2,-2.0689655172413794,18.0,2,0,0.1817000265409398,0.1578836797296773,0.08556589714775056,0.032243712917813416,0.21678820831267495,0.3972678345103246
ds004447,sub-017,ses-01,C4_LOSO_SHRINKAGE,60,60,0.75,0.9568965517241379,0.0,0.9568965517241379,1,1.0344827586206897,-10.5,2,3,0.1961080085101918,0.08228770037836926,0.027950967101044822,0.0049648591652238444,0.07501472718177508,0.1988467088082246
ds004447,sub-017,ses-01,C4_LOSO_SHRINKAGE,90,90,0.8181818181818182,0.9913793103448276,0.5,0.991304347826087,-1,-1.0344827586206897,6.5,1,0,0.051346385125442394,0.026957357919757566,0.08712356105461821,0.0018052708413674526,0.021004462650226808,0.08192949210010642
ds004447,sub-017,ses-01,C4_LOSO_SHRINKAGE,full,112,0.8484848484848485,1.0,1.0,1.0,0,0.0,0.0,0,0,0.0,0.0,0.0,0.0,0.0,0.0
ds004447,sub-017,ses-19,C0_CURRENT_OVERLAP_EMPIRICAL,15,30,,0.9333333333333333,0.0,0.9333333333333333,-8,-8.0,42.5,8,0,0.03932771590997107,0.3529907103233832,0.06546053268858854,0.03909466899427225,0.09327532979990268,70.29234858448687
ds004447,sub-017,ses-19,C0_CURRENT_OVERLAP_EMPIRICAL,30,60,,0.9583333333333334,0.4444444444444444,0.9568965517241379,-3,-3.0,3.5,4,1,0.08185554992998383,0.23425308026461744,0.06800878623642245,0.025767906173065847,0.135729923635485,75.82651124375434
ds004447,sub-017,ses-19,C0_CURRENT_OVERLAP_EMPIRICAL,60,120,,0.9583333333333334,0.4444444444444444,0.9568965517241379,-3,-3.0,8.0,4,1,0.026260326172563457,0.13632348244183107,0.01626984251245792,0.008911191212233438,0.09327532979990268,75.49352999634651
ds004447,sub-017,ses-19,C0_CURRENT_OVERLAP_EMPIRICAL,90,180,,0.9666666666666667,0.5555555555555556,0.9652173913043478,-2,-2.0,8.0,3,1,0.0,0.027482358709912294,0.0,0.0101163758197153,0.14711089864907673,76.81660825598043
ds004447,sub-017,ses-19,C0_CURRENT_OVERLAP_EMPIRICAL,full,208,,1.0,1.0,1.0,0,0.0,0.0,0,0,0.0,0.0,0.0,0.0,0.0,0.0
ds004447,sub-017,ses-19,C1_NONOVERLAP_EMPIRICAL,15,15,,0.925,0.18181818181818182,0.923728813559322,-9,-9.0,22.5,9,0,0.0024593717615915274,0.35499856156967324,0.039358495214923475,0.07440529687600729,0.011089312580277283,0.05335159740853328
ds004447,sub-017,ses-19,C1_NONOVERLAP_EMPIRICAL,30,30,,0.95,0.45454545454545453,0.9478260869565217,-6,-6.0,11.5,6,0,0.0026720008447835668,0.26500588637923045,0.06755053366699851,0.022899477968488475,0.04158492217603958,0.004471868514601084
ds004447,sub-017,ses-19,C1_NONOVERLAP_EMPIRICAL,60,60,,0.9416666666666667,0.4166666666666667,0.9391304347826087,-5,-5.0,16.0,6,1,0.010062142184352856,0.19417019912386846,0.021543127253889665,0.005221010092711126,0.04158492217603958,0.06815133543543153
ds004447,sub-017,ses-19,C1_NONOVERLAP_EMPIRICAL,90,90,,0.9916666666666667,0.9090909090909091,0.990909090909091,-1,-1.0,0.0,1,0,0.004580119053812815,0.04719415980922296,0.0015813506206747447,0.008162920782900566,0.05267423475631669,0.09254055928831538
ds004447,sub-017,ses-19,C1_NONOVERLAP_EMPIRICAL,full,104,,1.0,1.0,1.0,0,0.0,0.0,0,0,0.0,0.0,0.0,0.0,0.0,0.0
ds004447,sub-017,ses-19,C2_NONOVERLAP_HARRELL_DAVIS,15,15,,0.9416666666666667,0.3,0.9401709401709402,-7,-7.0,11.0,7,0,0.3847190852143784,0.21949928086767168,0.006339711358352295,0.05050805854033291,0.045510888827436015,0.10367495484191638
ds004447,sub-017,ses-19,C2_NONOVERLAP_HARRELL_DAVIS,30,30,,0.95,0.4,0.9482758620689655,-6,-6.0,17.0,6,0,0.14717593721428537,0.2414873596823592,0.0642636803375479,0.01614137600503445,0.005054566667052548,0.005132435417097887
ds004447,sub-017,ses-19,C2_NONOVERLAP_HARRELL_DAVIS,60,60,,0.9833333333333333,0.8,0.9821428571428571,-2,-2.0,7.5,2,0,0.007234226837490183,0.11134039326933602,0.010082618059636192,0.003844212395822271,0.061457800154085224,0.06316629477413732
ds004447,sub-017,ses-19,C2_NONOVERLAP_HARRELL_DAVIS,90,90,,0.9916666666666667,0.9,0.990990990990991,-1,-1.0,0.0,1,0,0.02786278314695003,0.016307926866114375,0.00570333358064582,0.015696480312778007,0.10695544557892091,0.07944333670736917
ds004447,sub-017,ses-19,C2_NONOVERLAP_HARRELL_DAVIS,full,104,,1.0,1.0,1.0,0,0.0,0.0,0,0,0.0,0.0,0.0,0.0,0.0,0.0
ds004447,sub-017,ses-19,C3_BLOCK_SUBSAMPLE_EMPIRICAL,30,15,,0.975,0.5,0.9743589743589743,-3,-3.0,13.0,3,0,0.0008447540987973886,0.23413314362885448,0.03838771908692561,0.04190369668332512,0.03903204481740889,0.1629636873486104
ds004447,sub-017,ses-19,C3_BLOCK_SUBSAMPLE_EMPIRICAL,60,30,,0.9666666666666667,0.42857142857142855,0.9658119658119658,-2,-2.0,6.5,3,1,0.01292287423128573,0.20055565370634562,0.006332121032357113,0.007335733881090627,0.012565324057450021,0.05112918299421277
ds004447,sub-017,ses-19,C3_BLOCK_SUBSAMPLE_EMPIRICAL,90,45,,0.975,0.5,0.9743589743589743,-3,-3.0,6.5,3,0,0.0029766991839305203,0.0534949760022251,0.0020862827290594236,0.029422230155869204,0.008756346672387427,0.0366211171300329
ds004447,sub-017,ses-19,C3_BLOCK_SUBSAMPLE_EMPIRICAL,full,52,,1.0,1.0,1.0,0,0.0,0.0,0,0,0.0,0.0,0.0,0.0,0.0,0.0
ds004447,sub-017,ses-19,C4_LOSO_SHRINKAGE,15,15,0.42857142857142855,0.925,0.0,0.925,-7,-7.0,17.5,8,1,0.15357889616669934,0.3818600874921682,0.25398875211839395,0.013396580847849405,0.46334273469375575,0.3298807477893299
ds004447,sub-017,ses-19,C4_LOSO_SHRINKAGE,30,30,0.6,0.9416666666666667,0.125,0.9411764705882353,-7,-7.0,19.0,7,0,0.0914682896626672,0.29870982065338364,0.12036422164977396,0.003011889679435137,0.251567252097087,0.2102274650874348
ds004447,sub-017,ses-19,C4_LOSO_SHRINKAGE,60,60,0.75,0.9666666666666667,0.5,0.9655172413793104,-4,-4.0,6.5,4,0,0.0263441428081883,0.20492194334968766,0.04375045481813953,6.2375910619634e-05,0.07559834595045137,0.01872007888374706
ds004447,sub-017,ses-19,C4_LOSO_SHRINKAGE,90,90,0.8181818181818182,0.9916666666666667,0.875,0.9911504424778761,-1,-1.0,0.0,1,0,0.011255920773030876,0.05275329716881188,0.012310406556347265,0.005716735475088209,0.011793516744657093,0.06849800982224437
ds004447,sub-017,ses-19,C4_LOSO_SHRINKAGE,full,104,0.8387096774193549,1.0,1.0,1.0,0,0.0,0.0,0,0,0.0,0.0,0.0,0.0,0.0,0.0
ds004447,sub-018,ses-01,C0_CURRENT_OVERLAP_EMPIRICAL,15,30,,0.9568965517241379,0.16666666666666666,0.9565217391304348,-5,-5.172413793103448,26.5,5,0,0.2491661771337908,0.04375034944104401,1.1384964893791891,0.04862206257659869,0.34136818956509635,8632.741504345022
ds004447,sub-018,ses-01,C0_CURRENT_OVERLAP_EMPIRICAL,30,60,,0.9568965517241379,0.16666666666666666,0.9565217391304348,-5,-5.172413793103448,26.5,5,0,0.2993150137962603,0.016655321190711416,1.1786068434832244,0.054999726013207205,0.02315074035277465,6786.830975661794
ds004447,sub-018,ses-01,C0_CURRENT_OVERLAP_EMPIRICAL,60,120,,0.9827586206896551,0.6666666666666666,0.9821428571428571,-2,-2.0689655172413794,0.0,2,0,0.1546995488232188,0.0057356787334738165,0.3643164196499694,0.0012469941972797591,0.042513177739135107,7414.582282307994
ds004447,sub-018,ses-01,C0_CURRENT_OVERLAP_EMPIRICAL,90,180,,0.9913793103448276,0.8333333333333334,0.990990990990991,-1,-1.0344827586206897,0.0,1,0,0.0,0.0005412525085022096,0.04559122177501725,0.0016300400788333068,0.007997528485485184,6616.168299556367
ds004447,sub-018,ses-01,C0_CURRENT_OVERLAP_EMPIRICAL,full,208,,1.0,1.0,1.0,0,0.0,0.0,0,0,0.0,0.0,0.0,0.0,0.0,0.0
ds004447,sub-018,ses-01,C1_NONOVERLAP_EMPIRICAL,15,15,,0.9827586206896551,0.6,0.9823008849557522,0,0.0,0.0,1,1,0.040182950805623535,0.028890548788356944,0.8613826799174891,0.07763867005358399,0.15733408842907928,0.44550725965286686
ds004447,sub-018,ses-01,C1_NONOVERLAP_EMPIRICAL,30,30,,0.9741379310344828,0.4,0.9736842105263158,-1,-1.0344827586206897,12.5,2,1,0.05606074867076635,0.0173528806714584,1.0125958419196153,0.08038518026915777,0.011789892931655891,0.023792166705363157
ds004447,sub-018,ses-01,C1_NONOVERLAP_EMPIRICAL,60,60,,1.0,1.0,1.0,0,0.0,0.0,0,0,0.02430515294048091,0.006786619691415089,0.7809469702658578,0.010160664739870658,0.00894405670670626,0.030253717126547557
ds004447,sub-018,ses-01,C1_NONOVERLAP_EMPIRICAL,90,90,,0.9913793103448276,0.75,0.9911504424778761,-1,-1.0344827586206897,0.0,1,0,0.005618236716892123,0.0006821234288295184,0.04655925978841918,0.0010432652006536819,0.013822633092241268,0.02987588181569043
ds004447,sub-018,ses-01,C1_NONOVERLAP_EMPIRICAL,full,104,,1.0,1.0,1.0,0,0.0,0.0,0,0,0.0,0.0,0.0,0.0,0.0,0.0
ds004447,sub-018,ses-01,C2_NONOVERLAP_HARRELL_DAVIS,15,15,,0.9827586206896551,0.6,0.9823008849557522,0,0.0,0.0,1,1,0.03885189752135339,0.01881884330729494,0.6000823335488984,0.10060156662424859,0.1698210480090875,0.5499352355741793
ds004447,sub-018,ses-01,C2_NONOVERLAP_HARRELL_DAVIS,30,30,,0.9913793103448276,0.75,0.9911504424778761,-1,-1.0344827586206897,12.5,1,0,0.10933062244383986,0.02002930048527123,0.8053359667204196,0.08720397774359594,0.04293287980771246,0.09196944887941484
ds004447,sub-018,ses-01,C2_NONOVERLAP_HARRELL_DAVIS,60,60,,1.0,1.0,1.0,0,0.0,0.0,0,0,0.05915174199419766,0.008209126202265197,0.4639567468803117,0.01692960810566431,0.01822556044063579,0.035210743137227454
ds004447,sub-018,ses-01,C2_NONOVERLAP_HARRELL_DAVIS,90,90,,1.0,1.0,1.0,0,0.0,0.0,0,0,0.01642925678096056,0.00255688305050858,0.06335982622856455,0.0026032700596278374,0.015920769579671284,0.03257647851052178
ds004447,sub-018,ses-01,C2_NONOVERLAP_HARRELL_DAVIS,full,104,,1.0,1.0,1.0,0,0.0,0.0,0,0,0.0,0.0,0.0,0.0,0.0,0.0
ds004447,sub-018,ses-01,C3_BLOCK_SUBSAMPLE_EMPIRICAL,30,15,,0.9655172413793104,0.3333333333333333,0.9649122807017544,0,0.0,10.5,2,2,0.018394846568021424,0.04416553460799462,0.7644358484452466,0.0754325295606503,0.06366541421586548,0.029368720336259802
ds004447,sub-018,ses-01,C3_BLOCK_SUBSAMPLE_EMPIRICAL,60,30,,1.0,1.0,1.0,0,0.0,0.0,0,0,0.03678969313604285,0.014418137914910822,0.6903049964742016,0.005000523351833517,0.002971052663375796,0.0016554087859442506
ds004447,sub-018,ses-01,C3_BLOCK_SUBSAMPLE_EMPIRICAL,90,45,,0.9913793103448276,0.75,0.9911504424778761,-1,-1.0344827586206897,0.0,1,0,0.05518453970406427,0.0006832586736128809,0.18330095803119903,0.002567763422657138,0.0008488721893974906,0.04250566373468773
ds004447,sub-018,ses-01,C3_BLOCK_SUBSAMPLE_EMPIRICAL,full,52,,1.0,1.0,1.0,0,0.0,0.0,0,0,0.0,0.0,0.0,0.0,0.0,0.0
ds004447,sub-018,ses-01,C4_LOSO_SHRINKAGE,15,15,0.42857142857142855,0.9741379310344828,0.0,0.9741379310344828,-3,-3.103448275862069,28.0,3,0,0.03342567565895341,0.20093112802447147,0.13433023555208662,0.13234977169827375,0.018203654172219478,0.08323472764038183
ds004447,sub-018,ses-01,C4_LOSO_SHRINKAGE,30,30,0.6,0.9741379310344828,0.25,0.9739130434782609,-1,-1.0344827586206897,14.0,2,1,0.042916278363526766,0.11991292040379307,0.5133036489933798,0.10475603310246075,0.05851632036455545,0.15658576099302648
ds004447,sub-018,ses-01,C4_LOSO_SHRINKAGE,60,60,0.75,0.9741379310344828,0.25,0.9739130434782609,-1,-1.0344827586206897,14.0,2,1,0.021640693830617598,0.03627060811070305,0.5895681629614159,0.029033144676397823,0.012086069287291865,0.03877875672015417
ds004447,sub-018,ses-01,C4_LOSO_SHRINKAGE,90,90,0.8181818181818182,0.9913793103448276,0.6666666666666666,0.9912280701754386,-1,-1.0344827586206897,0.0,1,0,0.005383824931754254,0.008966762771872784,0.02845955744187874,0.005844492780904451,0.01610340289067312,0.042129669583401155
ds004447,sub-018,ses-01,C4_LOSO_SHRINKAGE,full,104,0.8387096774193549,1.0,1.0,1.0,0,0.0,0.0,0,0,0.0,0.0,0.0,0.0,0.0,0.0
ds004447,sub-018,ses-19,C0_CURRENT_OVERLAP_EMPIRICAL,15,30,,0.9583333333333334,0.5833333333333334,0.9557522123893806,-3,-3.0,0.5,4,1,0.13663487982372596,1.126397733861991,1.16722952779857,2.179413305664942,2.8872251518700534,3.580269826250188
ds004447,sub-018,ses-19,C0_CURRENT_OVERLAP_EMPIRICAL,30,60,,0.9666666666666667,0.6666666666666666,0.9642857142857143,-2,-2.0,0.5,3,1,0.11758742608572982,0.6136138162841241,0.9631703494824918,0.9404660401045312,1.2393620286687048,3.5788507606909996
ds004447,sub-018,ses-19,C0_CURRENT_OVERLAP_EMPIRICAL,60,120,,0.975,0.75,0.972972972972973,-1,-1.0,0.0,2,1,0.11758742608572982,0.35174241978518006,0.6182655067385051,0.5395672547344857,0.9159767145143538,2.154903084928069
ds004447,sub-018,ses-19,C0_CURRENT_OVERLAP_EMPIRICAL,90,180,,1.0,1.0,1.0,0,0.0,0.0,0,0,0.020199706111946582,0.17037921917613508,0.2785951690626807,0.2099040282433372,0.3529099003639737,1.7569676749288416
ds004447,sub-018,ses-19,C0_CURRENT_OVERLAP_EMPIRICAL,120,240,,0.9833333333333333,0.8181818181818182,0.9819819819819819,-2,-2.0,0.5,2,0,0.0,0.03422603495831408,0.08230362495875408,0.03476186158306468,0.019021374435203197,1.445153354142788
ds004447,sub-018,ses-19,C0_CURRENT_OVERLAP_EMPIRICAL,full,280,,1.0,1.0,1.0,0,0.0,0.0,0,0,0.0,0.0,0.0,0.0,0.0,0.0
ds004447,sub-018,ses-19,C1_NONOVERLAP_EMPIRICAL,15,15,,0.9583333333333334,0.5833333333333334,0.9557522123893806,-1,-1.0,-0.5,3,2,0.10694370728754159,1.1391075134956818,1.3423113583490174,2.9807122474602137,1.918106992270151,0.9181235634426385
ds004447,sub-018,ses-19,C1_NONOVERLAP_EMPIRICAL,30,30,,0.9833333333333333,0.8333333333333334,0.9818181818181818,2,2.0,-0.5,0,2,0.027081019826414105,0.6781085186965081,1.1023662719936043,0.8693365525424098,0.5020230905327566,0.7869672284086419
ds004447,sub-018,ses-19,C1_NONOVERLAP_EMPIRICAL,60,60,,0.9666666666666667,0.6666666666666666,0.9642857142857143,0,0.0,-0.5,2,2,0.08332185142266145,0.31175705072747356,0.723817938957706,0.5666291406977565,0.936377591597333,0.20844638192486184
ds004447,sub-018,ses-19,C1_NONOVERLAP_EMPIRICAL,90,90,,0.975,0.75,0.972972972972973,1,1.0,-0.5,1,2,0.04562816991403317,0.1846977709104743,0.4015385956436612,0.23348540205924517,0.36459027250012693,0.06328693272795378
ds004447,sub-018,ses-19,C1_NONOVERLAP_EMPIRICAL,120,120,,1.0,1.0,1.0,0,0.0,0.0,0,0,0.0,0.029796241689494105,0.14600900077960982,0.034307029681958555,0.010552077699112249,0.022524753065519734
ds004447,sub-018,ses-19,C1_NONOVERLAP_EMPIRICAL,full,140,,1.0,1.0,1.0,0,0.0,0.0,0,0,0.0,0.0,0.0,0.0,0.0,0.0
ds004447,sub-018,ses-19,C2_NONOVERLAP_HARRELL_DAVIS,15,15,,0.95,0.5,0.9473684210526315,-2,-2.0,-0.5,4,2,0.13745583666532635,1.155206255063127,1.4275484166927686,4.523056269470098,3.2023094052215417,0.9692980331016869
ds004447,sub-018,ses-19,C2_NONOVERLAP_HARRELL_DAVIS,30,30,,0.9833333333333333,0.8333333333333334,0.9818181818181818,2,2.0,-0.5,0,2,0.03392710511841876,0.7309447901883702,1.2848258259928598,1.2686836373976937,1.4141883439416147,0.8621314136036328
ds004447,sub-018,ses-19,C2_NONOVERLAP_HARRELL_DAVIS,60,60,,0.9666666666666667,0.6666666666666666,0.9642857142857143,0,0.0,-0.5,2,2,0.08323910887965176,0.3208612674386617,0.8480369265479721,0.5660250841674593,1.5483703017644888,0.3034423737344
ds004447,sub-018,ses-19,C2_NONOVERLAP_HARRELL_DAVIS,90,90,,0.9833333333333333,0.8333333333333334,0.9818181818181818,2,2.0,-0.5,0,2,0.0202826825874834,0.15001211208168727,0.3626055341194013,0.2624423215177225,0.5381782991087243,0.11562107985426091
ds004447,sub-018,ses-19,C2_NONOVERLAP_HARRELL_DAVIS,120,120,,1.0,1.0,1.0,0,0.0,0.0,0,0,0.0028898115948397716,0.036655094710125354,0.14714620368504272,0.04886359189309807,0.0885759408935317,0.004349106114782658
ds004447,sub-018,ses-19,C2_NONOVERLAP_HARRELL_DAVIS,full,140,,1.0,1.0,1.0,0,0.0,0.0,0,0,0.0,0.0,0.0,0.0,0.0,0.0
ds004447,sub-018,ses-19,C3_BLOCK_SUBSAMPLE_EMPIRICAL,30,15,,0.9833333333333333,0.8181818181818182,0.9819819819819819,0,0.0,0.0,1,1,0.0002677971467463315,0.44973017110945873,0.429510587451533,0.7771665919844462,0.33792229932310014,0.41662581189229975
ds004447,sub-018,ses-19,C3_BLOCK_SUBSAMPLE_EMPIRICAL,60,30,,0.9833333333333333,0.8333333333333334,0.9818181818181818,2,2.0,-0.5,0,2,0.03690949997469702,0.26569359206247184,0.3555295969067265,0.3990968326799918,1.8484464185622742,0.07934660779677466
ds004447,sub-018,ses-19,C3_BLOCK_SUBSAMPLE_EMPIRICAL,90,45,,0.975,0.7692307692307693,0.9727272727272728,3,3.0,-0.5,0,3,0.07595019564701495,0.168046386880379,0.20502647546831018,0.20724720781532546,0.3379222993231004,0.07670708350444666
ds004447,sub-018,ses-19,C3_BLOCK_SUBSAMPLE_EMPIRICAL,120,60,,0.9916666666666667,0.9090909090909091,0.990909090909091,1,1.0,0.0,0,1,0.022428726192762507,0.06255559609015313,0.08566298845475727,0.020682123914867442,0.14108976893590286,0.033826379595836294
ds004447,sub-018,ses-19,C3_BLOCK_SUBSAMPLE_EMPIRICAL,full,70,,1.0,1.0,1.0,0,0.0,0.0,0,0,0.0,0.0,0.0,0.0,0.0,0.0
ds004447,sub-018,ses-19,C4_LOSO_SHRINKAGE,15,15,0.42857142857142855,0.9666666666666667,0.6,0.9649122807017544,-4,-4.0,4.5,4,0,0.041474861812832144,0.5422326095782087,0.46082863245760325,1.2926954016814844,0.6706264398481347,0.2395219918637734
ds004447,sub-018,ses-19,C4_LOSO_SHRINKAGE,30,30,0.6,0.9833333333333333,0.8181818181818182,0.9819819819819819,0,0.0,0.0,1,1,0.013549173407580209,0.4382955580748376,0.6026487469784252,0.5327576636322676,0.1966401681552709,0.3884739980998056
ds004447,sub-018,ses-19,C4_LOSO_SHRINKAGE,60,60,0.75,0.975,0.75,0.972972972972973,1,1.0,-0.5,1,2,0.061332489782742916,0.24724759159592025,0.5254016548897839,0.4287938689384633,0.685886748032481,0.11546239227167363
ds004447,sub-018,ses-19,C4_LOSO_SHRINKAGE,90,90,0.8181818181818182,1.0,1.0,1.0,0,0.0,0.0,0,0,0.03681640188681229,0.15643492727473515,0.32371807331601765,0.1927849836276628,0.2896961373318351,0.032267762680482676
ds004447,sub-018,ses-19,C4_LOSO_SHRINKAGE,120,120,0.8571428571428571,1.0,1.0,1.0,0,0.0,0.0,0,0,0.00017659247836235393,0.027596001764146047,0.12447421272833122,0.030160095823955114,0.0016750525077525028,0.027163168304511404
ds004447,sub-018,ses-19,C4_LOSO_SHRINKAGE,full,140,0.875,1.0,1.0,1.0,0,0.0,0.0,0,0,0.0,0.0,0.0,0.0,0.0,0.0
ds004447,sub-019,ses-01,C0_CURRENT_OVERLAP_EMPIRICAL,15,30,,0.9310344827586207,0.1111111111111111,0.9304347826086956,-8,-8.275862068965518,28.5,8,0,1.0638922870284844,0.7710202775140568,1.0640297809457144,1.2043118519187683,0.0527418726975089,10.024707459520867
ds004447,sub-019,ses-01,C0_CURRENT_OVERLAP_EMPIRICAL,30,60,,0.9310344827586207,0.1111111111111111,0.9304347826086956,-8,-8.275862068965518,28.5,8,0,1.0633501755183368,0.8437948924989421,0.9885598372820414,1.781727753188916,0.6317590171291066,10.376937925749218
ds004447,sub-019,ses-01,C0_CURRENT_OVERLAP_EMPIRICAL,60,120,,0.9224137931034483,0.18181818181818182,0.9210526315789473,-5,-5.172413793103448,20.0,7,2,0.520283396544493,0.4258082632749853,0.5572076510399524,1.2016859549830983,0.20725126127592636,6.095467646708066
ds004447,sub-019,ses-01,C0_CURRENT_OVERLAP_EMPIRICAL,90,180,,0.9568965517241379,0.5454545454545454,0.9545454545454546,-1,-1.0344827586206897,4.0,3,2,0.1551064019278503,0.27385207174760107,0.24434890266345327,0.35549727312697177,0.046784888870005356,5.5870962789388265
ds004447,sub-019,ses-01,C0_CURRENT_OVERLAP_EMPIRICAL,120,240,,0.9741379310344828,0.7272727272727273,0.9722222222222222,1,1.0344827586206897,0.0,1,2,0.039480102715391555,0.10192057884352822,0.10120324158929825,0.10769909143179547,0.0,5.358157395859206
ds004447,sub-019,ses-01,C0_CURRENT_OVERLAP_EMPIRICAL,full,268,,1.0,1.0,1.0,0,0.0,0.0,0,0,0.0,0.0,0.0,0.0,0.0,0.0
ds004447,sub-019,ses-01,C1_NONOVERLAP_EMPIRICAL,15,15,,0.9396551724137931,0.125,0.9391304347826087,-7,-7.241379310344827,28.5,7,0,1.1008302027580426,1.0014375092796282,1.3350601322965348,1.4865556379698999,0.15663280492591622,0.3843179143396164
ds004447,sub-019,ses-01,C1_NONOVERLAP_EMPIRICAL,30,30,,0.9396551724137931,0.125,0.9391304347826087,-7,-7.241379310344827,28.5,7,0,1.076776864644886,1.0035670325372328,1.2992602368810109,1.6125006671800595,0.6927488702167325,0.49697098546497037
ds004447,sub-019,ses-01,C1_NONOVERLAP_EMPIRICAL,60,60,,0.9655172413793104,0.5,0.9642857142857143,-4,-4.137931034482759,14.0,4,0,0.40401708464616715,0.45756607288516876,0.8610223275209667,1.00638437373479,0.24017998751607314,0.12664795867071596
ds004447,sub-019,ses-01,C1_NONOVERLAP_EMPIRICAL,90,90,,0.9827586206896551,0.75,0.9818181818181818,-2,-2.0689655172413794,4.0,2,0,0.14247967170323933,0.26101208719018404,0.48993260795109356,0.236512854521053,0.07462443527209976,0.0878164913575965
ds004447,sub-019,ses-01,C1_NONOVERLAP_EMPIRICAL,120,120,,0.9913793103448276,0.875,0.9908256880733946,-1,-1.0344827586206897,4.0,1,0,0.07242537937705447,0.10735222132363918,0.16664296200642129,0.08822737219649363,0.01801713154984299,0.033230881148748864
ds004447,sub-019,ses-01,C1_NONOVERLAP_EMPIRICAL,full,134,,1.0,1.0,1.0,0,0.0,0.0,0,0,0.0,0.0,0.0,0.0,0.0,0.0
ds004447,sub-019,ses-01,C2_NONOVERLAP_HARRELL_DAVIS,15,15,,0.9310344827586207,0.0,0.9310344827586207,-8,-8.275862068965518,39.0,8,0,1.2138343500150062,1.1844837797210503,1.265859553686839,1.589467749063287,0.3308124170714664,0.5106314579534134
ds004447,sub-019,ses-01,C2_NONOVERLAP_HARRELL_DAVIS,30,30,,0.9396551724137931,0.125,0.9391304347826087,-7,-7.241379310344827,28.5,7,0,1.0672683900915338,1.0426294452319484,1.2044071132757133,1.7092453279115083,0.8643552801275034,0.4746463805094595
ds004447,sub-019,ses-01,C2_NONOVERLAP_HARRELL_DAVIS,60,60,,0.9568965517241379,0.375,0.9557522123893806,-5,-5.172413793103448,20.0,5,0,0.5050616342900079,0.5128097126293728,0.7642585060107655,1.0850289193125024,0.38579551694016273,0.17018316419699017
ds004447,sub-019,ses-01,C2_NONOVERLAP_HARRELL_DAVIS,90,90,,0.9827586206896551,0.75,0.9818181818181818,-2,-2.0689655172413794,4.0,2,0,0.1645165168587347,0.25232800028459096,0.40401134584972564,0.36805279486868137,0.1450183702865237,0.0879465164336913
ds004447,sub-019,ses-01,C2_NONOVERLAP_HARRELL_DAVIS,120,120,,1.0,1.0,1.0,0,0.0,0.0,0,0,0.05628013229710001,0.06761661123273681,0.10147434709706743,0.09107360407989723,0.012043175447339832,0.026187018298927837
ds004447,sub-019,ses-01,C2_NONOVERLAP_HARRELL_DAVIS,full,134,,1.0,1.0,1.0,0,0.0,0.0,0,0,0.0,0.0,0.0,0.0,0.0,0.0
ds004447,sub-019,ses-01,C3_BLOCK_SUBSAMPLE_EMPIRICAL,30,15,,0.9051724137931034,0.08333333333333333,0.9043478260869565,-11,-11.379310344827585,32.5,11,0,1.4095613812022474,0.8313702967806368,0.8055300463662526,1.866291276076043,0.30691556161106087,0.32420134439313714
ds004447,sub-019,ses-01,C3_BLOCK_SUBSAMPLE_EMPIRICAL,60,30,,0.9310344827586207,0.3333333333333333,0.9285714285714286,-8,-8.275862068965518,18.0,8,0,0.635029659833242,0.4509827108710401,0.5315417308296457,1.4094462592803267,0.24139753375312165,0.2854464767596285
ds004447,sub-019,ses-01,C3_BLOCK_SUBSAMPLE_EMPIRICAL,90,45,,0.9482758620689655,0.5,0.9454545454545454,-6,-6.206896551724138,8.0,6,0,0.2673389585167165,0.27730157382924076,0.3842488404597446,0.2801901800619916,0.1294241913334533,0.028036272904519474
ds004447,sub-019,ses-01,C3_BLOCK_SUBSAMPLE_EMPIRICAL,120,60,,0.9741379310344828,0.75,0.9719626168224299,-3,-3.103448275862069,4.0,3,0,0.12782732468470293,0.10278158202566585,0.08365202734820881,0.1269556617418366,0.05616093128878863,0.045845381549791286
ds004447,sub-019,ses-01,C3_BLOCK_SUBSAMPLE_EMPIRICAL,full,67,,1.0,1.0,1.0,0,0.0,0.0,0,0,0.0,0.0,0.0,0.0,0.0,0.0
ds004447,sub-019,ses-01,C4_LOSO_SHRINKAGE,15,15,0.42857142857142855,0.9482758620689655,0.25,0.9473684210526315,-6,-6.206896551724138,30.5,6,0,0.6279267717509164,0.30451315015552766,0.5290162593416755,0.409075383410018,0.008841305656762206,0.18133893693854375
ds004447,sub-019,ses-01,C4_LOSO_SHRINKAGE,30,30,0.6,0.9396551724137931,0.125,0.9391304347826087,-7,-7.241379310344827,28.5,7,0,0.722528341830533,0.5401197408093866,0.7597115242713467,0.8756868701807411,0.3777120258274976,0.10759954019155953
ds004447,sub-019,ses-01,C4_LOSO_SHRINKAGE,60,60,0.75,0.9568965517241379,0.375,0.9557522123893806,-5,-5.172413793103448,14.0,5,0,0.3361792820426928,0.3187574258375812,0.6415056795498989,0.7407408695344537,0.16315649869942883,0.006207732973612673
ds004447,sub-019,ses-01,C4_LOSO_SHRINKAGE,90,90,0.8181818181818182,0.9827586206896551,0.75,0.9818181818181818,-2,-2.0689655172413794,4.0,2,0,0.13168749869456878,0.20573093002533305,0.4008669831648407,0.17646913741684842,0.05333045700584959,0.03675094281327916
ds004447,sub-019,ses-01,C4_LOSO_SHRINKAGE,120,120,0.8571428571428571,0.9827586206896551,0.75,0.9818181818181818,-2,-2.0689655172413794,4.0,2,0,0.06410097859157977,0.09168113779988235,0.14349050940061972,0.07361168945829566,0.013515864765096685,0.020834225173909135
ds004447,sub-019,ses-01,C4_LOSO_SHRINKAGE,full,134,0.8701298701298701,1.0,1.0,1.0,0,0.0,0.0,0,0,0.0,0.0,0.0,0.0,0.0,0.0
ds004447,sub-019,ses-19,C0_CURRENT_OVERLAP_EMPIRICAL,15,30,,0.9416666666666667,0.2222222222222222,0.940677966101695,-3,-3.0,10.5,5,2,0.4883583963874108,0.8276507764831506,0.9424150156322229,1.3149312467022782,0.18970189201461982,0.3732165861093192
ds004447,sub-019,ses-19,C0_CURRENT_OVERLAP_EMPIRICAL,30,60,,0.9166666666666666,0.23076923076923078,0.9145299145299145,2,2.0,10.5,4,6,0.6067818547131887,0.4784985991202982,0.5800229078573104,0.5061737677269443,0.08777447178618641,0.2508459781256104
ds004447,sub-019,ses-19,C0_CURRENT_OVERLAP_EMPIRICAL,60,120,,0.9166666666666666,0.2857142857142857,0.9137931034482759,4,4.0,10.5,3,7,0.2543772618576215,0.11867261102998568,0.20598322808652006,0.1375652395430523,0.16786923126125752,0.1732230054903443
ds004447,sub-019,ses-19,C0_CURRENT_OVERLAP_EMPIRICAL,90,180,,0.975,0.5714285714285714,0.9741379310344828,-3,-3.0,7.5,3,0,0.10665875999922224,0.004712526522419291,0.01968624536733404,0.03778759466436548,0.12325466363544663,0.10361838641208353
ds004447,sub-019,ses-19,C0_CURRENT_OVERLAP_EMPIRICAL,full,214,,1.0,1.0,1.0,0,0.0,0.0,0,0,0.0,0.0,0.0,0.0,0.0,0.0
ds004447,sub-019,ses-19,C1_NONOVERLAP_EMPIRICAL,15,15,,0.925,0.18181818181818182,0.923728813559322,-1,-1.0,10.5,5,4,0.40783517322698604,0.8699298643091317,0.9919557292307111,1.0554671254803454,0.29133343018868463,0.3920854533142557
ds004447,sub-019,ses-19,C1_NONOVERLAP_EMPIRICAL,30,30,,0.9,0.25,0.896551724137931,6,6.0,10.5,3,9,0.42365184655374366,0.44638542644940055,0.913297502311257,0.49137081787910014,0.02098927726001507,0.27296153590816535
ds004447,sub-019,ses-19,C1_NONOVERLAP_EMPIRICAL,60,60,,0.925,0.3076923076923077,0.9224137931034483,3,3.0,7.5,3,6,0.15454263979784344,0.06558374458116607,0.21126920057153833,0.20239805169925104,0.1554548777582942,0.1630325490234453
ds004447,sub-019,ses-19,C1_NONOVERLAP_EMPIRICAL,90,90,,0.975,0.6666666666666666,0.9736842105263158,1,1.0,0.0,1,2,0.04162067538519817,0.0003899154746925446,0.0784292606471061,0.02948768096831346,0.15864750605570163,0.1329546592586907
ds004447,sub-019,ses-19,C1_NONOVERLAP_EMPIRICAL,full,107,,1.0,1.0,1.0,0,0.0,0.0,0,0,0.0,0.0,0.0,0.0,0.0,0.0
ds004447,sub-019,ses-19,C2_NONOVERLAP_HARRELL_DAVIS,15,15,,0.9416666666666667,0.125,0.9411764705882353,-5,-5.0,10.5,6,1,0.5674888208908462,0.9399879010289447,1.0330609284408614,1.8004636266190548,0.2377158763292714,0.41606898409831206
ds004447,sub-019,ses-19,C2_NONOVERLAP_HARRELL_DAVIS,30,30,,0.9166666666666666,0.23076923076923078,0.9145299145299145,2,2.0,10.5,4,6,0.5273350805286198,0.5429740212338381,0.8820751609216447,0.6341043046263294,0.4139848244740165,0.3242511387667541
ds004447,sub-019,ses-19,C2_NONOVERLAP_HARRELL_DAVIS,60,60,,0.9083333333333333,0.3125,0.9043478260869565,7,7.0,7.5,2,9,0.1989220691612523,0.1172396722939028,0.1799916248293017,0.2261140846255576,0.02577711055548955,0.2062044607505002
ds004447,sub-019,ses-19,C2_NONOVERLAP_HARRELL_DAVIS,90,90,,0.9666666666666667,0.6,0.9649122807017544,2,2.0,0.0,1,3,0.08645876872655443,0.0032569110521557722,0.046085242413625466,0.039089510126203174,0.04391588622594264,0.15423854174179136
ds004447,sub-019,ses-19,C2_NONOVERLAP_HARRELL_DAVIS,full,107,,1.0,1.0,1.0,0,0.0,0.0,0,0,0.0,0.0,0.0,0.0,0.0,0.0
ds004447,sub-019,ses-19,C3_BLOCK_SUBSAMPLE_EMPIRICAL,30,15,,0.8916666666666667,0.07142857142857142,0.8907563025210085,3,3.0,10.5,5,8,0.6112295179431257,0.6840596228854354,0.5993424498865338,0.42493718040792267,0.24584584125321746,0.4822106899527479
ds004447,sub-019,ses-19,C3_BLOCK_SUBSAMPLE_EMPIRICAL,60,30,,0.9,0.29411764705882354,0.8956521739130435,10,10.0,0.0,1,11,0.14123427991850296,0.25896024773308174,0.20546854442991577,0.2459311914790044,0.059689733280485824,0.16553136201887073
ds004447,sub-019,ses-19,C3_BLOCK_SUBSAMPLE_EMPIRICAL,90,45,,0.9666666666666667,0.5,0.9655172413793104,0,0.0,0.0,2,2,0.03503194710589002,0.010553001431746749,0.003394516301761915,0.038576729691980643,0.007486170561979765,0.14622992928249165
ds004447,sub-019,ses-19,C3_BLOCK_SUBSAMPLE_EMPIRICAL,full,54,,1.0,1.0,1.0,0,0.0,0.0,0,0,0.0,0.0,0.0,0.0,0.0,0.0
ds004447,sub-019,ses-19,C4_LOSO_SHRINKAGE,15,15,0.42857142857142855,0.9666666666666667,0.0,0.9666666666666667,-4,-4.0,33.5,4,0,0.4080969024499314,0.2541010084351449,0.4051809167043792,0.2902699395509135,0.31944800723999445,0.15052565510341256
ds004447,sub-019,ses-19,C4_LOSO_SHRINKAGE,30,30,0.6,0.95,0.0,0.95,-2,-2.0,12.5,4,2,0.37644819057937096,0.20087348924463147,0.5389999113095307,0.202088750541973,0.09535158732923175,0.014400911105009583
ds004447,sub-019,ses-19,C4_LOSO_SHRINKAGE,60,60,0.75,0.9416666666666667,0.125,0.9411764705882353,1,1.0,10.5,3,4,0.16074691461331145,0.020854945943810193,0.15456867106835465,0.11934997155984625,0.16635082059263787,0.062042252968457216
ds004447,sub-019,ses-19,C4_LOSO_SHRINKAGE,90,90,0.8181818181818182,0.9833333333333333,0.5,0.9830508474576272,-2,-2.0,29.0,2,0,0.04550989821942004,0.007798342820906925,0.06335141926297427,0.014413406267267006,0.1498979972298265,0.10285603073947236
ds004447,sub-019,ses-19,C4_LOSO_SHRINKAGE,full,107,0.84251968503937,1.0,1.0,1.0,0,0.0,0.0,0,0,0.0,0.0,0.0,0.0,0.0,0.0
ds004447,sub-020,ses-01,C0_CURRENT_OVERLAP_EMPIRICAL,15,30,,0.8916666666666667,0.07142857142857142,0.8907563025210085,-9,-9.0,17.5,11,2,0.47684561222871286,0.12794563549349158,0.5868299591088713,0.09676500768710886,0.3281515596065795,0.10853687397416642
ds004447,sub-020,ses-01,C0_CURRENT_OVERLAP_EMPIRICAL,30,60,,0.9333333333333333,0.5,0.9285714285714286,0,0.0,-3.5,4,4,0.029514256545549015,0.14939862750358548,0.39246898689092,0.12688724455789052,0.33174282154481843,0.180380047462459
ds004447,sub-020,ses-01,C0_CURRENT_OVERLAP_EMPIRICAL,60,120,,0.9666666666666667,0.75,0.9629629629629629,4,4.0,-4.0,0,4,0.01740557949844449,0.07402401402542222,0.3448886801408414,0.07481369919331175,0.15891334076707198,0.11472767454455385
ds004447,sub-020,ses-01,C0_CURRENT_OVERLAP_EMPIRICAL,90,180,,0.9833333333333333,0.8571428571428571,0.9814814814814815,2,2.0,-2.5,0,2,0.009112320827951097,0.031899849423996124,0.10801495280002835,0.036871975102388904,0.06778506908425914,0.04492355935246726
ds004447,sub-020,ses-01,C0_CURRENT_OVERLAP_EMPIRICAL,120,240,,0.9666666666666667,0.6666666666666666,0.9642857142857143,-4,-4.0,0.0,4,0,0.02087454591630125,0.002095549072418663,0.002052600597545079,0.0035046809598194536,0.003591261938239147,0.008677675092127779
ds004447,sub-020,ses-01,C0_CURRENT_OVERLAP_EMPIRICAL,full,262,,1.0,1.0,1.0,0,0.0,0.0,0,0,0.0,0.0,0.0,0.0,0.0,0.0
ds004447,sub-020,ses-01,C1_NONOVERLAP_EMPIRICAL,15,15,,0.95,0.5714285714285714,0.9464285714285714,-2,-2.0,-3.5,4,2,0.0024040486027949014,0.24142064520803422,0.43282013860517693,0.0979117383399875,0.3028897287105445,0.07960933783232682
ds004447,sub-020,ses-01,C1_NONOVERLAP_EMPIRICAL,30,30,,0.9166666666666666,0.3333333333333333,0.9130434782608695,-4,-4.0,3.0,7,3,0.19367448803813225,0.24790503467901154,0.42595934571910604,0.14016164703598194,0.33804657222159,0.08569589537601288
ds004447,sub-020,ses-01,C1_NONOVERLAP_EMPIRICAL,60,60,,0.9416666666666667,0.5333333333333333,0.9375,-1,-1.0,-3.5,4,3,0.02863846720433768,0.10530803465870303,0.31024390403887653,0.0953568554688882,0.1636145409552495,0.01536390342456658
ds004447,sub-020,ses-01,C1_NONOVERLAP_EMPIRICAL,90,90,,0.975,0.8,0.9722222222222222,3,3.0,-2.5,0,3,0.018902033974490657,0.021544467936270288,0.10344118564843637,0.07671785049407698,0.027494454540689873,0.003685034381034774
ds004447,sub-020,ses-01,C1_NONOVERLAP_EMPIRICAL,120,120,,1.0,1.0,1.0,0,0.0,0.0,0,0,0.004308658053673502,0.006287013571999558,0.02425744526905082,0.006416338803250061,0.00045072876296220005,0.0068381456388238795
ds004447,sub-020,ses-01,C1_NONOVERLAP_EMPIRICAL,full,131,,1.0,1.0,1.0,0,0.0,0.0,0,0,0.0,0.0,0.0,0.0,0.0,0.0
ds004447,sub-020,ses-01,C2_NONOVERLAP_HARRELL_DAVIS,15,15,,0.9583333333333334,0.5,0.9565217391304348,-1,-1.0,3.0,3,2,0.11601534539986073,0.26176982774498825,0.5062904932617432,0.232424473674374,0.33033328238829235,0.16891332328587355
ds004447,sub-020,ses-01,C2_NONOVERLAP_HARRELL_DAVIS,30,30,,0.95,0.45454545454545453,0.9478260869565217,0,0.0,3.0,3,3,0.20161116963851472,0.2737546712482895,0.4480814937142079,0.1656467853437024,0.3289128423136982,0.09688666031618104
ds004447,sub-020,ses-01,C2_NONOVERLAP_HARRELL_DAVIS,60,60,,0.9583333333333334,0.5454545454545454,0.956140350877193,1,1.0,3.0,2,3,0.07182159642907851,0.13394743285302824,0.2977119756773015,0.0929422435541868,0.19596444731187973,0.0014629805212559388
ds004447,sub-020,ses-01,C2_NONOVERLAP_HARRELL_DAVIS,90,90,,0.95,0.5714285714285714,0.9464285714285714,6,6.0,-2.5,0,6,0.0247704565305476,0.04270172012409957,0.11859296370631049,0.06011082139789721,0.05170722455265398,0.014561208947257645
ds004447,sub-020,ses-01,C2_NONOVERLAP_HARRELL_DAVIS,120,120,,0.9916666666666667,0.8888888888888888,0.9910714285714286,1,1.0,-1.5,0,1,0.00843822264413426,0.005199359629205074,0.01703877660398986,0.020575672000577402,0.00046230065792719977,0.002863023895353904
ds004447,sub-020,ses-01,C2_NONOVERLAP_HARRELL_DAVIS,full,131,,1.0,1.0,1.0,0,0.0,0.0,0,0,0.0,0.0,0.0,0.0,0.0,0.0
ds004447,sub-020,ses-01,C3_BLOCK_SUBSAMPLE_EMPIRICAL,30,15,,0.925,0.4375,0.9203539823008849,-1,-1.0,3.0,5,4,0.17555154299794634,0.25965925316940835,0.42711416315909484,0.16859147498762064,0.2750018999937402,0.023832645660225166
ds004447,sub-020,ses-01,C3_BLOCK_SUBSAMPLE_EMPIRICAL,60,30,,0.925,0.5714285714285714,0.9166666666666666,9,9.0,-6.5,0,9,0.07050124130972187,0.04973991962569106,0.15068324947216855,0.0916791499246927,0.09185839470923979,0.020201768009507046
ds004447,sub-020,ses-01,C3_BLOCK_SUBSAMPLE_EMPIRICAL,90,45,,0.9666666666666667,0.75,0.9629629629629629,4,4.0,-4.0,0,4,0.05736253613813263,0.03721220196551183,0.021166649827478276,0.03242795430199021,0.013498486975572929,0.029266020465339125
ds004447,sub-020,ses-01,C3_BLOCK_SUBSAMPLE_EMPIRICAL,120,60,,0.975,0.8,0.9722222222222222,3,3.0,0.0,0,3,0.04675856552338123,0.002943119440734541,0.009503104631769527,0.012421377299109684,0.008612001457658227,0.0039472746002110135
ds004447,sub-020,ses-01,C3_BLOCK_SUBSAMPLE_EMPIRICAL,full,66,,1.0,1.0,1.0,0,0.0,0.0,0,0,0.0,0.0,0.0,0.0,0.0,0.0
ds004447,sub-020,ses-01,C4_LOSO_SHRINKAGE,15,15,0.42857142857142855,0.9166666666666666,0.16666666666666666,0.9152542372881356,-8,-8.0,12.5,9,1,0.04962749669434064,0.21101044501951555,0.10237582177046614,0.07312960254988699,0.2488314752569235,0.3183361039341237
ds004447,sub-020,ses-01,C4_LOSO_SHRINKAGE,30,30,0.6,0.9166666666666666,0.16666666666666666,0.9152542372881356,-8,-8.0,13.5,9,1,0.08709673819559173,0.21141963545926504,0.2087024437200178,0.10253560496366991,0.27074578029126295,0.16010688940874876
ds004447,sub-020,ses-01,C4_LOSO_SHRINKAGE,60,60,0.75,0.9666666666666667,0.7333333333333333,0.963302752293578,4,4.0,-4.5,0,4,0.008237876316542608,0.10606187738748646,0.21528725613479108,0.07928951130963488,0.15129533217317817,0.08260091610830599
ds004447,sub-020,ses-01,C4_LOSO_SHRINKAGE,90,90,0.8181818181818182,0.975,0.7857142857142857,0.9724770642201835,3,3.0,-4.5,0,3,0.021400545645877077,0.02952114987633761,0.07698029073078297,0.06572136391330849,0.03558557547673326,0.043388584358353306
ds004447,sub-020,ses-01,C4_LOSO_SHRINKAGE,120,120,0.8571428571428571,0.9916666666666667,0.9166666666666666,0.9908256880733946,1,1.0,-4.5,0,1,0.004950914180437851,0.007840074115799543,0.019257147704132623,0.006195694567905852,0.0033085510388042513,0.0019514479979898566
ds004447,sub-020,ses-01,C4_LOSO_SHRINKAGE,full,131,0.8675496688741722,1.0,1.0,1.0,0,0.0,0.0,0,0,0.0,0.0,0.0,0.0,0.0,0.0
ds004447,sub-020,ses-19,C0_CURRENT_OVERLAP_EMPIRICAL,15,30,,0.9083333333333333,0.35294117647058826,0.9035087719298246,-3,-3.0,6.0,7,4,0.15600806839289402,0.439671040197201,0.5724060667279987,0.7929033157904903,3.8856155000424004,766.5816544826798
ds004447,sub-020,ses-19,C0_CURRENT_OVERLAP_EMPIRICAL,30,60,,0.9083333333333333,0.42105263157894735,0.9017857142857143,1,1.0,0.5,5,6,0.040085008689400355,0.10541404618033721,0.3178958978831498,0.12097546638706028,0.2818216137837653,807.2564265002599
ds004447,sub-020,ses-19,C0_CURRENT_OVERLAP_EMPIRICAL,60,120,,0.9583333333333334,0.6428571428571429,0.954954954954955,-3,-3.0,6.0,4,1,0.03459999781360015,0.0033473095273481657,0.019016994098150074,0.028580748552277668,0.19375235947633856,1064.3580438015756
ds004447,sub-020,ses-19,C0_CURRENT_OVERLAP_EMPIRICAL,90,180,,0.9583333333333334,0.6153846153846154,0.9553571428571429,-5,-5.0,2.0,5,0,0.03990297550311727,0.006126642102137472,0.01831940366543469,0.0,0.03513435326223419,1124.9862850227905
ds004447,sub-020,ses-19,C0_CURRENT_OVERLAP_EMPIRICAL,full,212,,1.0,1.0,1.0,0,0.0,0.0,0,0,0.0,0.0,0.0,0.0,0.0,0.0
ds004447,sub-020,ses-19,C1_NONOVERLAP_EMPIRICAL,15,15,,0.95,0.5,0.9473684210526315,-2,-2.0,17.5,4,2,0.0015836477693166701,0.46529312447384136,0.8169623229195798,0.9758983891739405,2.448562602221792,0.4056966603950706
ds004447,sub-020,ses-19,C1_NONOVERLAP_EMPIRICAL,30,30,,0.9,0.4,0.8928571428571429,8,8.0,-1.5,2,10,0.07960269425684562,0.12354259786692597,0.33741533059318,0.1515366937037499,0.2326896160170843,0.26629370784465384
ds004447,sub-020,ses-19,C1_NONOVERLAP_EMPIRICAL,60,60,,0.975,0.75,0.972972972972973,1,1.0,4.0,1,2,0.01358101638989,0.02280369140397672,0.00801796786779585,0.0794991136342248,0.03656968918960267,0.11534544300299165
ds004447,sub-020,ses-19,C1_NONOVERLAP_EMPIRICAL,90,90,,0.9916666666666667,0.9090909090909091,0.990909090909091,1,1.0,0.0,0,1,0.015578714395521553,0.027819835537677702,0.025881418799734403,0.0,0.033883577608963655,0.04367058106534253
ds004447,sub-020,ses-19,C1_NONOVERLAP_EMPIRICAL,full,106,,1.0,1.0,1.0,0,0.0,0.0,0,0,0.0,0.0,0.0,0.0,0.0,0.0
ds004447,sub-020,ses-19,C2_NONOVERLAP_HARRELL_DAVIS,15,15,,0.9416666666666667,0.5333333333333333,0.9375,-1,-1.0,14.5,4,3,0.05109356562474247,1.7967803442831354,1.3427786397852444,3.1248358391818596,2.7424675021192866,0.3025675260996887
ds004447,sub-020,ses-19,C2_NONOVERLAP_HARRELL_DAVIS,30,30,,0.9083333333333333,0.47619047619047616,0.9,7,7.0,-1.5,2,9,0.08889540049276616,0.18068495819088892,0.3806708112822393,0.2707866435532487,1.1995092428850767,0.26954543184158547
ds004447,sub-020,ses-19,C2_NONOVERLAP_HARRELL_DAVIS,60,60,,0.9583333333333334,0.6428571428571429,0.954954954954955,-1,-1.0,4.0,3,2,0.01976828671226168,0.005428968196610997,0.03395775012223713,0.0673731230354317,0.09662860206949232,0.10318624807286228
ds004447,sub-020,ses-19,C2_NONOVERLAP_HARRELL_DAVIS,90,90,,0.9833333333333333,0.8333333333333334,0.9818181818181818,-2,-2.0,2.5,2,0,0.023540113881858362,0.019109346136642523,0.011747649945701377,0.0008487651175781227,0.06513148810809398,0.05287385316417719
ds004447,sub-020,ses-19,C2_NONOVERLAP_HARRELL_DAVIS,full,106,,1.0,1.0,1.0,0,0.0,0.0,0,0,0.0,0.0,0.0,0.0,0.0,0.0
ds004447,sub-020,ses-19,C3_BLOCK_SUBSAMPLE_EMPIRICAL,30,15,,0.9083333333333333,0.35294117647058826,0.9035087719298246,3,3.0,0.5,4,7,0.188643696984193,0.09378716828511126,0.23333604245104225,0.19632205942685516,0.0976456015521952,0.28833388306678287
ds004447,sub-020,ses-19,C3_BLOCK_SUBSAMPLE_EMPIRICAL,60,30,,0.9916666666666667,0.9,0.990990990990991,-1,-1.0,0.0,1,0,0.012895867525243713,0.029292894825770483,0.11560714980625222,0.02406924781099638,0.0432956912542748,0.1558476652436647
ds004447,sub-020,ses-19,C3_BLOCK_SUBSAMPLE_EMPIRICAL,90,45,,0.9916666666666667,0.9,0.990990990990991,-1,-1.0,0.0,1,0,0.00566881776141257,0.02472477348622561,0.09348125119995593,0.036276303694236664,0.1977476962252026,0.08693416305254893
ds004447,sub-020,ses-19,C3_BLOCK_SUBSAMPLE_EMPIRICAL,full,53,,1.0,1.0,1.0,0,0.0,0.0,0,0,0.0,0.0,0.0,0.0,0.0,0.0
ds004447,sub-020,ses-19,C4_LOSO_SHRINKAGE,15,15,0.42857142857142855,0.9416666666666667,0.46153846153846156,0.9385964912280702,-3,-3.0,14.5,5,2,0.03206523562809127,0.2694146498529613,0.26127213519711145,0.4450832097175103,1.0953021267052423,0.3722650339048025
ds004447,sub-020,ses-19,C4_LOSO_SHRINKAGE,30,30,0.6,0.9166666666666666,0.375,0.9122807017543859,0,0.0,4.0,5,5,0.06668229138324479,0.11628854962613347,0.15041497201135165,0.10850322662384249,0.18049093508862843,0.27991857668833964
ds004447,sub-020,ses-19,C4_LOSO_SHRINKAGE,60,60,0.75,0.9916666666666667,0.9166666666666666,0.9908256880733946,1,1.0,0.0,0,1,0.003369249872613811,0.0001634773485672443,0.01645759204206155,0.06596473659012435,0.043642454156403485,0.13382208491890069
ds004447,sub-020,ses-19,C4_LOSO_SHRINKAGE,90,90,0.8181818181818182,0.9916666666666667,0.9090909090909091,0.990909090909091,-1,-1.0,1.0,1,0,0.011144618284787175,0.0178563480446699,0.027756459172738387,0.0017894523577672277,0.022594649230707777,0.04868934114645738
ds004447,sub-020,ses-19,C4_LOSO_SHRINKAGE,full,106,0.8412698412698413,1.0,1.0,1.0,0,0.0,0.0,0,0,0.0,0.0,0.0,0.0,0.0,0.0
ds004447,sub-021,ses-01,C0_CURRENT_OVERLAP_EMPIRICAL,15,30,,0.9333333333333333,0.2727272727272727,0.9316239316239316,0,0.0,10.5,4,4,0.21960015109142572,0.9323947563703644,1.2967590442321149,2.014884441599125,1.601700602944047,1.0872476584722233
ds004447,sub-021,ses-01,C0_CURRENT_OVERLAP_EMPIRICAL,30,60,,0.9666666666666667,0.5555555555555556,0.9652173913043478,0,0.0,0.5,2,2,0.05226515440918569,0.36567525276950175,0.45635729428141825,1.5132953034292274,0.8574027029299772,0.594569774107337
ds004447,sub-021,ses-01,C0_CURRENT_OVERLAP_EMPIRICAL,60,120,,0.975,0.6666666666666666,0.9736842105263158,1,1.0,0.5,1,2,0.07575722847007657,0.03824432408943591,0.17469401875696736,0.5348300460452742,0.09141038049677368,0.7416724646138108
ds004447,sub-021,ses-01,C0_CURRENT_OVERLAP_EMPIRICAL,90,180,,0.9916666666666667,0.8571428571428571,0.9912280701754386,-1,-1.0,0.5,1,0,0.074533580672612,0.007201987389360425,0.03133926011095039,0.047358439556292355,0.16716481482062318,0.8469639091641061
ds004447,sub-021,ses-01,C0_CURRENT_OVERLAP_EMPIRICAL,full,216,,1.0,1.0,1.0,0,0.0,0.0,0,0,0.0,0.0,0.0,0.0,0.0,0.0
ds004447,sub-021,ses-01,C1_NONOVERLAP_EMPIRICAL,15,15,,0.9416666666666667,0.3,0.9401709401709402,-1,-1.0,22.0,4,3,0.21722356850565128,0.9571561336860572,1.1192777392648792,2.0665926816023017,1.3521087845973356,0.08081884940017926
ds004447,sub-021,ses-01,C1_NONOVERLAP_EMPIRICAL,30,30,,0.95,0.3333333333333333,0.9487179487179487,-2,-2.0,22.0,4,2,0.10566867479121939,0.3452431425334674,0.4088444892145689,1.3761757373828405,0.8481156315771056,0.24225353172954703
ds004447,sub-021,ses-01,C1_NONOVERLAP_EMPIRICAL,60,60,,0.9666666666666667,0.5555555555555556,0.9652173913043478,0,0.0,0.5,2,2,0.06337415557615007,0.01152840322272422,0.13016727391462743,0.4694632474495191,0.08726595946201604,0.07722342657871993
ds004447,sub-021,ses-01,C1_NONOVERLAP_EMPIRICAL,90,90,,0.975,0.6666666666666666,0.9736842105263158,1,1.0,0.5,1,2,0.03484302109246942,0.0007584152779923769,0.015048718146607822,0.07480234589971443,0.15862242089838194,0.060516642920414386
ds004447,sub-021,ses-01,C1_NONOVERLAP_EMPIRICAL,full,108,,1.0,1.0,1.0,0,0.0,0.0,0,0,0.0,0.0,0.0,0.0,0.0,0.0
ds004447,sub-021,ses-01,C2_NONOVERLAP_HARRELL_DAVIS,15,15,,0.95,0.3333333333333333,0.9487179487179487,-2,-2.0,10.5,4,2,0.393829825799851,1.3618702777705953,1.1336948367023885,2.234564414647738,1.424462575915252,0.0218903974686638
ds004447,sub-021,ses-01,C2_NONOVERLAP_HARRELL_DAVIS,30,30,,0.95,0.3333333333333333,0.9487179487179487,-2,-2.0,22.0,4,2,0.06207168636026612,0.46270220227167197,0.5461771917289724,1.3407763061887739,0.8898571120079833,0.1854638860796157
ds004447,sub-021,ses-01,C2_NONOVERLAP_HARRELL_DAVIS,60,60,,0.9583333333333334,0.4444444444444444,0.9568965517241379,-1,-1.0,22.0,3,2,0.05383803351396038,0.0365410486594842,0.23940765744557924,0.4475317302926946,0.19670144608234347,0.0707198814303769
ds004447,sub-021,ses-01,C2_NONOVERLAP_HARRELL_DAVIS,90,90,,0.9833333333333333,0.7777777777777778,0.9823008849557522,2,2.0,-2.0,0,2,0.04899105108175115,0.008142203177374963,0.04358009697399706,0.07916827599043313,0.10531709003865355,0.0330507249346785
ds004447,sub-021,ses-01,C2_NONOVERLAP_HARRELL_DAVIS,full,108,,1.0,1.0,1.0,0,0.0,0.0,0,0,0.0,0.0,0.0,0.0,0.0,0.0
ds004447,sub-021,ses-01,C3_BLOCK_SUBSAMPLE_EMPIRICAL,30,15,,0.9833333333333333,0.8,0.9821428571428571,-2,-2.0,8.5,2,0,0.025630780125202934,0.5422624802882993,0.2906449773912986,0.9348270690984294,0.8428064467041791,0.07165042978670425
ds004447,sub-021,ses-01,C3_BLOCK_SUBSAMPLE_EMPIRICAL,60,30,,1.0,1.0,1.0,0,0.0,0.0,0,0,0.045966879608421544,0.0,0.11166291416622103,0.31115543968494663,0.1874557090230826,0.1257160680433742
ds004447,sub-021,ses-01,C3_BLOCK_SUBSAMPLE_EMPIRICAL,90,45,,1.0,1.0,1.0,0,0.0,0.0,0,0,0.0030082837682467774,0.0007376465952313677,0.05722226441737704,0.0762770863098736,0.1308710255795112,0.21653276675997354
ds004447,sub-021,ses-01,C3_BLOCK_SUBSAMPLE_EMPIRICAL,full,54,,1.0,1.0,1.0,0,0.0,0.0,0,0,0.0,0.0,0.0,0.0,0.0,0.0
ds004447,sub-021,ses-01,C4_LOSO_SHRINKAGE,15,15,0.42857142857142855,0.95,0.5384615384615384,0.9469026548672567,6,6.0,-10.5,0,6,0.10027066605938098,0.40151722168025034,0.4164008534002184,0.8423599930235678,0.5340671351848617,0.06893360040016398
ds004447,sub-021,ses-01,C4_LOSO_SHRINKAGE,30,30,0.6,0.95,0.5,0.9473684210526315,4,4.0,-10.5,1,5,0.049464135711253784,0.2019121952191084,0.2070939537926738,0.8077476374399994,0.4858965997745876,0.16708063629934702
ds004447,sub-021,ses-01,C4_LOSO_SHRINKAGE,60,60,0.75,0.9833333333333333,0.7777777777777778,0.9823008849557522,2,2.0,-2.0,0,2,0.005866380873153803,0.0063585745102734854,0.08302348885794245,0.346034765147494,0.05376670529957734,0.06630033916711815
ds004447,sub-021,ses-01,C4_LOSO_SHRINKAGE,90,90,0.8181818181818182,0.9666666666666667,0.6,0.9649122807017544,2,2.0,-1.5,1,3,0.0429984035567168,0.0012559704971282122,0.007914226342970607,0.058696796931703564,0.1361947278238893,0.052229439069476566
ds004447,sub-021,ses-01,C4_LOSO_SHRINKAGE,full,108,0.84375,1.0,1.0,1.0,0,0.0,0.0,0,0,0.0,0.0,0.0,0.0,0.0,0.0
ds004447,sub-021,ses-19,C0_CURRENT_OVERLAP_EMPIRICAL,15,30,,0.9333333333333333,0.2,0.9322033898305084,-8,-8.0,16.0,8,0,0.47389851183803794,0.8280834021075255,0.7776356678602082,0.6546327738793026,0.22056151498715446,2.7168424311729513
ds004447,sub-021,ses-19,C0_CURRENT_OVERLAP_EMPIRICAL,30,60,,0.975,0.7,0.9734513274336283,-3,-3.0,7.5,3,0,0.022188272496029268,0.09511820928353955,0.02733516636163844,0.11732450502471474,0.12256084250054855,0.5933230299434508
ds004447,sub-021,ses-19,C0_CURRENT_OVERLAP_EMPIRICAL,60,120,,0.975,0.7,0.9734513274336283,-3,-3.0,7.5,3,0,0.008510665298835776,0.0022715562283211746,0.02295370847039605,0.021783742133115742,0.14751666452833118,1.0489626201702227
ds004447,sub-021,ses-19,C0_CURRENT_OVERLAP_EMPIRICAL,90,180,,0.975,0.7,0.9734513274336283,-3,-3.0,7.5,3,0,0.0,0.0029640016806482825,0.0,0.0075720175197782685,0.14751666452833292,0.9887422755174285
ds004447,sub-021,ses-19,C0_CURRENT_OVERLAP_EMPIRICAL,full,220,,1.0,1.0,1.0,0,0.0,0.0,0,0,0.0,0.0,0.0,0.0,0.0,0.0
ds004447,sub-021,ses-19,C1_NONOVERLAP_EMPIRICAL,15,15,,0.9583333333333334,0.16666666666666666,0.957983193277311,-5,-5.0,15.5,5,0,0.5872819186118305,0.6738201964813686,0.8581749214293652,0.4918199775657443,0.1650044202894262,0.21352016865278853
ds004447,sub-021,ses-19,C1_NONOVERLAP_EMPIRICAL,30,30,,0.9583333333333334,0.16666666666666666,0.957983193277311,-5,-5.0,31.0,5,0,0.04801157221039854,0.1282843517529906,0.051978260240671426,0.054817334711312005,0.053576402720021635,0.3007649979701772
ds004447,sub-021,ses-19,C1_NONOVERLAP_EMPIRICAL,60,60,,0.9416666666666667,0.2222222222222222,0.940677966101695,-1,-1.0,0.0,4,3,0.039883567936319454,0.06359733606794159,0.019162549563455512,0.021555271959986595,0.19087016332874102,0.05636282015951509
ds004447,sub-021,ses-19,C1_NONOVERLAP_EMPIRICAL,90,90,,0.9666666666666667,0.5,0.9655172413793104,0,0.0,0.5,2,2,0.005750275170302359,0.00040751207193622207,0.052599271954921895,0.0068976151062762735,0.19087016332873952,0.07785156446850833
ds004447,sub-021,ses-19,C1_NONOVERLAP_EMPIRICAL,full,110,,1.0,1.0,1.0,0,0.0,0.0,0,0,0.0,0.0,0.0,0.0,0.0,0.0
ds004447,sub-021,ses-19,C2_NONOVERLAP_HARRELL_DAVIS,15,15,,0.9583333333333334,0.16666666666666666,0.957983193277311,-5,-5.0,15.5,5,0,0.5357108764596374,1.119314951213984,1.143948171742356,1.9558825949396275,0.5546099318794205,0.5987216948109195
ds004447,sub-021,ses-19,C2_NONOVERLAP_HARRELL_DAVIS,30,30,,0.9583333333333334,0.16666666666666666,0.957983193277311,-5,-5.0,23.0,5,0,0.08993955043686769,0.18157395457938125,0.14980739158966194,0.17291307884643287,0.17045896551320106,0.2172433293367284
ds004447,sub-021,ses-19,C2_NONOVERLAP_HARRELL_DAVIS,60,60,,0.95,0.3333333333333333,0.9487179487179487,0,0.0,0.0,3,3,0.06868323757857157,0.03957861603793842,0.021156197816789495,0.016264502309489077,0.09213923976295427,0.06489994861578047
ds004447,sub-021,ses-19,C2_NONOVERLAP_HARRELL_DAVIS,90,90,,0.9666666666666667,0.5,0.9655172413793104,0,0.0,0.5,2,2,0.038066457907236576,0.005477143768623559,0.017096526532371873,0.0032199428346394664,0.06584118373627224,0.08462001710785914
ds004447,sub-021,ses-19,C2_NONOVERLAP_HARRELL_DAVIS,full,110,,1.0,1.0,1.0,0,0.0,0.0,0,0,0.0,0.0,0.0,0.0,0.0,0.0
ds004447,sub-021,ses-19,C3_BLOCK_SUBSAMPLE_EMPIRICAL,30,15,,0.9833333333333333,0.0,0.9833333333333333,-2,-2.0,26.5,2,0,0.2299256116566728,0.22238921964167904,0.002752712841946192,0.04117287790448095,0.18499566857245586,0.2056211404878145
ds004447,sub-021,ses-19,C3_BLOCK_SUBSAMPLE_EMPIRICAL,60,30,,0.9833333333333333,0.5,0.9830508474576272,2,2.0,-15.0,0,2,0.04790318836560915,0.023333239746175544,0.057470928953720433,0.028989496205033136,0.129780359704886,0.1458306410537177
ds004447,sub-021,ses-19,C3_BLOCK_SUBSAMPLE_EMPIRICAL,90,45,,0.9916666666666667,0.6666666666666666,0.9915254237288136,1,1.0,-13.0,0,1,0.02990836975936743,0.006534670637417857,0.04474500926398321,0.016781825000165864,0.0,0.07143967085961103
ds004447,sub-021,ses-19,C3_BLOCK_SUBSAMPLE_EMPIRICAL,full,55,,1.0,1.0,1.0,0,0.0,0.0,0,0,0.0,0.0,0.0,0.0,0.0,0.0
ds004447,sub-021,ses-19,C4_LOSO_SHRINKAGE,15,15,0.42857142857142855,0.9833333333333333,0.8,0.9821428571428571,-2,-2.0,7.5,2,0,0.07371006327900996,0.30255598433176106,0.35943608493881013,0.21241803404658471,0.08315231773414454,0.5217956962133982
ds004447,sub-021,ses-19,C4_LOSO_SHRINKAGE,30,30,0.6,0.9833333333333333,0.8333333333333334,0.9818181818181818,2,2.0,0.0,0,2,0.08474991510277574,0.0856208077324775,0.02560222259865913,0.03391576055372051,0.059110832758923024,0.11163919869199777
ds004447,sub-021,ses-19,C4_LOSO_SHRINKAGE,60,60,0.75,0.975,0.75,0.972972972972973,1,1.0,0.0,1,2,0.07724602287010192,0.043877346936440055,0.01219816994153381,0.01656481372659828,0.1878628102264397,0.06719908426462524
ds004447,sub-021,ses-19,C4_LOSO_SHRINKAGE,90,90,0.8181818181818182,0.9916666666666667,0.9,0.990990990990991,-1,-1.0,0.5,1,0,0.018185584050161952,0.0007011291398791704,0.04383621349813873,0.005758774351524956,0.17583883582416107,0.023418095979458712
ds004447,sub-021,ses-19,C4_LOSO_SHRINKAGE,full,110,0.8461538461538461,1.0,1.0,1.0,0,0.0,0.0,0,0,0.0,0.0,0.0,0.0,0.0,0.0
ds004447,sub-022,ses-01,C0_CURRENT_OVERLAP_EMPIRICAL,15,30,,0.9,0.29411764705882354,0.8956521739130435,-2,-2.0,-1.0,7,5,0.1461606046173162,0.07957917737105576,0.08212241339279135,0.17049263539567874,0.3665975272413458,0.22458688898953472
ds004447,sub-022,ses-01,C0_CURRENT_OVERLAP_EMPIRICAL,30,60,,0.8833333333333333,0.3333333333333333,0.8761061946902655,4,4.0,-3.5,5,9,0.199242308531261,0.04795058820768643,0.08815311392681126,0.11022086164682808,0.226490983926846,0.19734287382224552
ds004447,sub-022,ses-01,C0_CURRENT_OVERLAP_EMPIRICAL,60,120,,0.9416666666666667,0.5882352941176471,0.9363636363636364,3,3.0,-1.0,2,5,0.1362712601736678,0.024247117713288056,0.05253079560234004,0.04050144784192929,0.08410770928348517,0.08263701582465974
ds004447,sub-022,ses-01,C0_CURRENT_OVERLAP_EMPIRICAL,90,180,,0.9583333333333334,0.6666666666666666,0.9545454545454546,1,1.0,-3.5,2,3,0.06784636627302601,0.005237582497763577,0.059180870356680744,0.014133196242767524,0.023905678953037423,0.023974512962039823
ds004447,sub-022,ses-01,C0_CURRENT_OVERLAP_EMPIRICAL,full,204,,1.0,1.0,1.0,0,0.0,0.0,0,0,0.0,0.0,0.0,0.0,0.0,0.0
ds004447,sub-022,ses-01,C1_NONOVERLAP_EMPIRICAL,15,15,,0.85,0.18181818181818182,0.8448275862068966,2,2.0,-1.0,8,10,0.2205861575629942,0.13348244287423294,0.7994626695326491,0.15658952849496077,0.3205228269581529,0.1894899371663883
ds004447,sub-022,ses-01,C1_NONOVERLAP_EMPIRICAL,30,30,,0.8333333333333334,0.23076923076923078,0.8245614035087719,8,8.0,-2.0,6,14,0.2872674172085406,0.03871048416034711,0.31598179066497595,0.13784124780234033,0.21679488133190697,0.1571269399541981
ds004447,sub-022,ses-01,C1_NONOVERLAP_EMPIRICAL,60,60,,0.8666666666666667,0.38461538461538464,0.8545454545454545,12,12.0,-4.0,2,14,0.27068031201537085,0.01504413759389838,0.012304385522678117,0.06793165136946087,0.07553722673536073,0.022519625681471273
ds004447,sub-022,ses-01,C1_NONOVERLAP_EMPIRICAL,90,90,,0.9416666666666667,0.6111111111111112,0.9357798165137615,5,5.0,-1.0,1,6,0.14988198731058777,0.0019322393207882728,0.05055051780071836,0.017337645147953513,0.005342771068688408,0.031555253646175285
ds004447,sub-022,ses-01,C1_NONOVERLAP_EMPIRICAL,full,102,,1.0,1.0,1.0,0,0.0,0.0,0,0,0.0,0.0,0.0,0.0,0.0,0.0
ds004447,sub-022,ses-01,C2_NONOVERLAP_HARRELL_DAVIS,15,15,,0.8583333333333333,0.19047619047619047,0.853448275862069,1,1.0,1.5,8,9,0.20969751260981814,0.13088332292655522,0.6806554319523014,0.1440699512760261,0.6195578644354247,0.20039084897803403
ds004447,sub-022,ses-01,C2_NONOVERLAP_HARRELL_DAVIS,30,30,,0.8166666666666667,0.21428571428571427,0.8070175438596491,10,10.0,-2.5,6,16,0.2781047557453011,0.04539510693796814,0.39121021189598953,0.12083723437708287,0.3020131159689901,0.15860653670306418
ds004447,sub-022,ses-01,C2_NONOVERLAP_HARRELL_DAVIS,60,60,,0.875,0.4,0.8636363636363636,11,11.0,-4.0,2,13,0.25250462265136236,0.013575269999681465,0.006937075548737603,0.057198467654059934,0.1062411125088483,0.04408000516960687
ds004447,sub-022,ses-01,C2_NONOVERLAP_HARRELL_DAVIS,90,90,,0.9666666666666667,0.75,0.9629629629629629,4,4.0,-1.0,0,4,0.11611481184311355,0.005315005714111203,0.04558060259902148,0.014611972353827642,0.0050399881883569295,0.00791782402923766
ds004447,sub-022,ses-01,C2_NONOVERLAP_HARRELL_DAVIS,full,102,,1.0,1.0,1.0,0,0.0,0.0,0,0,0.0,0.0,0.0,0.0,0.0,0.0
ds004447,sub-022,ses-01,C3_BLOCK_SUBSAMPLE_EMPIRICAL,30,15,,0.8583333333333333,0.2916666666666667,0.8495575221238938,-3,-3.0,-2.5,10,7,0.31063789277288245,0.06299980985057081,0.2612246481768774,0.17138154390477564,0.285524461287794,0.04623033474207467
ds004447,sub-022,ses-01,C3_BLOCK_SUBSAMPLE_EMPIRICAL,60,30,,0.9416666666666667,0.6956521739130435,0.9326923076923077,5,5.0,-3.5,1,6,0.1461189068022461,0.014067468964761957,0.0290034739004253,0.10511368773898934,0.15893583472428463,0.03068447749191312
ds004447,sub-022,ses-01,C3_BLOCK_SUBSAMPLE_EMPIRICAL,90,45,,0.9166666666666666,0.6,0.9047619047619048,6,6.0,-5.5,2,8,0.13845970145518033,0.0005809614828443759,0.04109190801740093,0.03259229493709197,0.04316179715781008,0.023304862467512413
ds004447,sub-022,ses-01,C3_BLOCK_SUBSAMPLE_EMPIRICAL,full,51,,1.0,1.0,1.0,0,0.0,0.0,0,0,0.0,0.0,0.0,0.0,0.0,0.0
ds004447,sub-022,ses-01,C4_LOSO_SHRINKAGE,15,15,0.42857142857142855,0.95,0.14285714285714285,0.9495798319327731,-6,-6.0,24.5,6,0,0.027254803545770156,0.11114908955569996,0.40196520544823083,0.07547070240396621,0.30822810516571175,0.2665303131080368
ds004447,sub-022,ses-01,C4_LOSO_SHRINKAGE,30,30,0.6,0.9333333333333333,0.2,0.9322033898305084,-2,-2.0,-4.0,5,3,0.09625461808626071,0.05469585434488921,0.22421076857050629,0.08739679982139544,0.22538437973105402,0.10034290549556223
ds004447,sub-022,ses-01,C4_LOSO_SHRINKAGE,60,60,0.75,0.9416666666666667,0.4166666666666667,0.9391304347826087,3,3.0,-7.0,2,5,0.16864705875088157,0.022693850427457057,0.023509106807660607,0.052587492335191124,0.09072894124898866,0.05659337390939603
ds004447,sub-022,ses-01,C4_LOSO_SHRINKAGE,90,90,0.8181818181818182,0.9583333333333334,0.5833333333333334,0.9557522123893806,5,5.0,-7.0,0,5,0.1116931084980769,0.003968949020444328,0.0371938051569266,0.014513426272757271,0.011990548680212511,0.045328500757388854
ds004447,sub-022,ses-01,C4_LOSO_SHRINKAGE,full,102,0.8360655737704918,1.0,1.0,1.0,0,0.0,0.0,0,0,0.0,0.0,0.0,0.0,0.0,0.0
ds004447,sub-022,ses-19,C0_CURRENT_OVERLAP_EMPIRICAL,15,30,,0.9416666666666667,0.3,0.9401709401709402,3,3.0,-11.5,2,5,0.041487148967580684,0.4399392683993747,0.10057986635378355,0.652356605640351,0.9389435296035298,2824.0606720421556
ds004447,sub-022,ses-19,C0_CURRENT_OVERLAP_EMPIRICAL,30,60,,0.9416666666666667,0.36363636363636365,0.9396551724137931,5,5.0,-19.0,1,6,0.13721812414148105,0.13108771810309006,0.21893037921613337,0.3266843980058631,0.4960913676053792,2244.9007578866285
ds004447,sub-022,ses-19,C0_CURRENT_OVERLAP_EMPIRICAL,60,120,,0.95,0.45454545454545453,0.9478260869565217,6,6.0,-19.0,0,6,0.1447521780342047,0.008581656604618479,0.17316546889941486,0.08332563424530312,0.009818734075346546,2362.4113041036157
ds004447,sub-022,ses-19,C0_CURRENT_OVERLAP_EMPIRICAL,90,180,,0.95,0.45454545454545453,0.9478260869565217,6,6.0,-18.5,0,6,0.07284711661549646,0.006032912890777829,0.040293094609421175,0.019273004137664498,0.17280971972609063,2431.3334467404693
ds004447,sub-022,ses-19,C0_CURRENT_OVERLAP_EMPIRICAL,full,214,,1.0,1.0,1.0,0,0.0,0.0,0,0,0.0,0.0,0.0,0.0,0.0,0.0
ds004447,sub-022,ses-19,C1_NONOVERLAP_EMPIRICAL,15,15,,0.9416666666666667,0.4166666666666667,0.9391304347826087,3,3.0,0.0,2,5,0.02666612090556877,0.45492445918172814,0.22764576588488927,0.7864586634667907,1.0386840057204991,0.1414755776796187
ds004447,sub-022,ses-19,C1_NONOVERLAP_EMPIRICAL,30,30,,0.9416666666666667,0.4166666666666667,0.9391304347826087,3,3.0,-4.5,2,5,0.08522386611419912,0.10435173464971208,0.25884825326668154,0.3241239632207498,0.354112516823457,0.02772026337685902
ds004447,sub-022,ses-19,C1_NONOVERLAP_EMPIRICAL,60,60,,0.9166666666666666,0.375,0.9122807017543859,8,8.0,-4.5,1,9,0.1558617902936382,0.010974066038268159,0.1642381943296791,0.08078552879317089,0.012203988906645044,0.05907402361162331
ds004447,sub-022,ses-19,C1_NONOVERLAP_EMPIRICAL,90,90,,0.9583333333333334,0.5833333333333334,0.9557522123893806,5,5.0,-4.0,0,5,0.04677655319740474,0.004110076481873934,0.006737776236620469,0.02294735422733935,0.17085584469302872,0.17380575989689637
ds004447,sub-022,ses-19,C1_NONOVERLAP_EMPIRICAL,full,107,,1.0,1.0,1.0,0,0.0,0.0,0,0,0.0,0.0,0.0,0.0,0.0,0.0
ds004447,sub-022,ses-19,C2_NONOVERLAP_HARRELL_DAVIS,15,15,,0.9333333333333333,0.38461538461538464,0.9304347826086956,4,4.0,0.0,2,6,0.038348777174513564,0.6567645050274191,0.34765880601219995,0.9113903887877626,1.1926441194919708,0.3822537849465031
ds004447,sub-022,ses-19,C2_NONOVERLAP_HARRELL_DAVIS,30,30,,0.9333333333333333,0.38461538461538464,0.9304347826086956,4,4.0,-4.5,2,6,0.0971201031003785,0.1751332951407112,0.1495462327879165,0.3719315361802236,0.6772238920821588,0.07558830318252789
ds004447,sub-022,ses-19,C2_NONOVERLAP_HARRELL_DAVIS,60,60,,0.9333333333333333,0.4666666666666667,0.9292035398230089,8,8.0,-4.5,0,8,0.15030063857479825,0.019364106449785545,0.1376760573406849,0.09859231132055848,0.09587855261084431,0.0759703073264259
ds004447,sub-022,ses-19,C2_NONOVERLAP_HARRELL_DAVIS,90,90,,0.9666666666666667,0.6363636363636364,0.9646017699115044,4,4.0,-4.0,0,4,0.051268753618005446,0.005338251256578733,0.021235019378960645,0.022627469894223547,0.11758288704729969,0.15472288992154026
ds004447,sub-022,ses-19,C2_NONOVERLAP_HARRELL_DAVIS,full,107,,1.0,1.0,1.0,0,0.0,0.0,0,0,0.0,0.0,0.0,0.0,0.0,0.0
ds004447,sub-022,ses-19,C3_BLOCK_SUBSAMPLE_EMPIRICAL,30,15,,0.95,0.4,0.9482758620689655,0,0.0,-4.0,3,3,0.025167768802019,0.061843514384088735,0.25421280629303966,0.2516593034931092,1.7521382723924017,0.17116039455779414
ds004447,sub-022,ses-19,C3_BLOCK_SUBSAMPLE_EMPIRICAL,60,30,,0.9583333333333334,0.5833333333333334,0.9557522123893806,5,5.0,-8.5,0,5,0.07745717568140886,0.02006504968259167,0.12794716985879442,0.04915357656886791,0.01727204677572643,0.1930853918943838
ds004447,sub-022,ses-19,C3_BLOCK_SUBSAMPLE_EMPIRICAL,90,45,,0.9833333333333333,0.7777777777777778,0.9823008849557522,2,2.0,-4.0,0,2,0.0203954116378112,0.02566188158995101,0.016323455629330286,0.011491920884897939,0.057130616258164124,0.1761015229459068
ds004447,sub-022,ses-19,C3_BLOCK_SUBSAMPLE_EMPIRICAL,full,54,,1.0,1.0,1.0,0,0.0,0.0,0,0,0.0,0.0,0.0,0.0,0.0,0.0
ds004447,sub-022,ses-19,C4_LOSO_SHRINKAGE,15,15,0.42857142857142855,0.975,0.25,0.9747899159663865,-3,-3.0,0.5,3,0,0.12566893823741238,0.26240845303702465,0.19121910393712685,0.393556894482074,0.7597543485424224,0.2495771393490694
ds004447,sub-022,ses-19,C4_LOSO_SHRINKAGE,30,30,0.6,0.9666666666666667,0.2,0.9663865546218487,-2,-2.0,0.5,3,1,0.018320094614698752,0.10355292873123415,0.09257629050455136,0.22765172498425837,0.40374857075494036,0.20467483451307045
ds004447,sub-022,ses-19,C4_LOSO_SHRINKAGE,60,60,0.75,0.95,0.3333333333333333,0.9487179487179487,4,4.0,-18.5,1,5,0.08614882203506946,0.02428345474450515,0.09688092412209956,0.07358147016128044,0.09248566340188714,0.021312903301241515
ds004447,sub-022,ses-19,C4_LOSO_SHRINKAGE,90,90,0.8181818181818182,0.9583333333333334,0.4444444444444444,0.9568965517241379,5,5.0,-15.0,0,5,0.029855085637069595,0.007552413494025649,0.0004100148800580347,0.02212287027096714,0.0973808713284457,0.14071393903578977
ds004447,sub-022,ses-19,C4_LOSO_SHRINKAGE,full,107,0.84251968503937,1.0,1.0,1.0,0,0.0,0.0,0,0,0.0,0.0,0.0,0.0,0.0,0.0
ds004444,sub-001,ses-01,C0_CURRENT_OVERLAP_EMPIRICAL,15,30,,0.9375,0.2857142857142857,0.9358974358974359,-11,-5.5,13.5,13,2,0.11870182908718926,0.00826256131503188,0.6714080206924997,0.021497078208540726,0.04375096320867416,0.37254440833633534
ds004444,sub-001,ses-01,C0_CURRENT_OVERLAP_EMPIRICAL,30,60,,0.9625,0.5909090909090909,0.960352422907489,-3,-1.5,0.0,6,3,0.012036650272873126,0.00607368562934674,0.24226247545059446,0.011367595874312054,0.05195303728876981,0.3317382733596131
ds004444,sub-001,ses-01,C0_CURRENT_OVERLAP_EMPIRICAL,60,120,,0.9541666666666667,0.5,0.9519650655021834,-5,-2.5,1.0,8,3,0.1727624480994092,0.030532817372149877,0.12213839503126933,0.020923171682475542,0.04572590149359523,0.15542441451687852
ds004444,sub-001,ses-01,C0_CURRENT_OVERLAP_EMPIRICAL,90,180,,0.9625,0.5909090909090909,0.960352422907489,-3,-1.5,-6.0,6,3,0.16292208255122873,0.03209729767067962,0.06743114002382479,0.014058621664953079,0.018356342001926533,0.08363066784188924
ds004444,sub-001,ses-01,C0_CURRENT_OVERLAP_EMPIRICAL,120,240,,0.9583333333333334,0.5454545454545454,0.956140350877193,-4,-2.0,-3.0,7,3,0.14739929661507983,0.031647702709778576,0.11648774835191321,0.015180528261177688,0.025976518644384973,0.07164033946977082
ds004444,sub-001,ses-01,C0_CURRENT_OVERLAP_EMPIRICAL,full,626,,1.0,1.0,1.0,0,0.0,0.0,0,0,0.0,0.0,0.0,0.0,0.0,0.0
ds004444,sub-001,ses-01,C1_NONOVERLAP_EMPIRICAL,15,15,,0.9541666666666667,0.45,0.9523809523809523,-5,-2.5,19.5,8,3,0.02472550521341309,0.008139279489200561,0.5177933047273924,0.02204014429691314,0.033487669836381774,0.19707306268552796
ds004444,sub-001,ses-01,C1_NONOVERLAP_EMPIRICAL,30,30,,0.9541666666666667,0.5,0.9519650655021834,-1,-0.5,7.0,6,5,0.05159207968195493,0.003758100752387164,0.2987907355543383,0.014363057814674014,0.05094874226874752,0.11057645991070207
ds004444,sub-001,ses-01,C1_NONOVERLAP_EMPIRICAL,60,60,,0.9416666666666667,0.36363636363636365,0.9396551724137931,-4,-2.0,-0.5,9,5,0.20402583904423258,0.026755697991758604,0.14057119009803895,0.02054303417793157,0.04336633313768165,0.09310557883421017
ds004444,sub-001,ses-01,C1_NONOVERLAP_EMPIRICAL,90,90,,0.9541666666666667,0.5,0.9519650655021834,-1,-0.5,-6.0,6,5,0.2106712085342818,0.036504001006756964,0.07838750312679343,0.014813920116235769,0.018765953365755816,0.043298875754164357
ds004444,sub-001,ses-01,C1_NONOVERLAP_EMPIRICAL,120,120,,0.9541666666666667,0.47619047619047616,0.9521739130434783,-3,-1.5,-3.0,7,4,0.20739439940677445,0.03809024411532385,0.10470085703534804,0.014798161111240708,0.04336633313768151,0.046400151625566974
ds004444,sub-001,ses-01,C1_NONOVERLAP_EMPIRICAL,full,313,,1.0,1.0,1.0,0,0.0,0.0,0,0,0.0,0.0,0.0,0.0,0.0,0.0
ds004444,sub-001,ses-01,C2_NONOVERLAP_HARRELL_DAVIS,15,15,,0.9583333333333334,0.47368421052631576,0.9567099567099567,-6,-3.0,8.0,8,2,0.10141059036942053,0.01307906761280202,0.6681000641601487,0.016147699309812663,0.13710311901687747,0.27431835749619127
ds004444,sub-001,ses-01,C2_NONOVERLAP_HARRELL_DAVIS,30,30,,0.9583333333333334,0.5238095238095238,0.9563318777292577,-2,-1.0,12.5,6,4,0.010093540824747838,0.007472502571118999,0.34209101522767227,0.01473494886054397,0.042398812040554054,0.1371732039173149
ds004444,sub-001,ses-01,C2_NONOVERLAP_HARRELL_DAVIS,60,60,,0.9458333333333333,0.43478260869565216,0.9434782608695652,-1,-0.5,-6.0,7,6,0.19059371400974132,0.020709373184831237,0.08324129771464961,0.019228590529679915,0.06191747276892237,0.05920056742983398
ds004444,sub-001,ses-01,C2_NONOVERLAP_HARRELL_DAVIS,90,90,,0.9583333333333334,0.5454545454545454,0.956140350877193,0,0.0,-6.0,5,5,0.2149277953501123,0.03006060959455012,0.008913291117062374,0.01363286911323555,0.08979011973134166,0.056469912318848625
ds004444,sub-001,ses-01,C2_NONOVERLAP_HARRELL_DAVIS,120,120,,0.9541666666666667,0.5,0.9519650655021834,-1,-0.5,-6.0,6,5,0.21248059063426647,0.03433156454603917,0.09892331792273111,0.015150954195416769,0.03054499492259306,0.04901362502886936
ds004444,sub-001,ses-01,C2_NONOVERLAP_HARRELL_DAVIS,full,313,,1.0,1.0,1.0,0,0.0,0.0,0,0,0.0,0.0,0.0,0.0,0.0,0.0
ds004444,sub-001,ses-01,C3_BLOCK_SUBSAMPLE_EMPIRICAL,30,15,,0.9583333333333334,0.3333333333333333,0.9574468085106383,-6,-3.0,12.0,8,2,0.13343976806782892,0.020623652300852214,0.15951677874805997,0.0005675926857117721,0.06784549368857909,0.23937411047635954
ds004444,sub-001,ses-01,C3_BLOCK_SUBSAMPLE_EMPIRICAL,60,30,,0.9625,0.4375,0.9613733905579399,-3,-1.5,23.5,6,3,0.04071729644952668,0.03081066307541097,0.10994465691681317,0.010380925767647068,0.048999523219529294,0.13551168741312944
ds004444,sub-001,ses-01,C3_BLOCK_SUBSAMPLE_EMPIRICAL,90,45,,0.9583333333333334,0.47368421052631576,0.9567099567099567,2,1.0,-0.5,4,6,0.16286918579810672,0.027941967238196082,0.03476949874191846,0.009794735297469066,0.17338292831525734,0.09926290857824212
ds004444,sub-001,ses-01,C3_BLOCK_SUBSAMPLE_EMPIRICAL,120,60,,0.9666666666666667,0.5,0.9655172413793104,-2,-1.0,9.5,5,3,0.05230304028964813,0.03148450901736334,0.10317028673562012,0.011553306708003095,0.028134553435695635,0.07325516288839615
ds004444,sub-001,ses-01,C3_BLOCK_SUBSAMPLE_EMPIRICAL,full,157,,1.0,1.0,1.0,0,0.0,0.0,0,0,0.0,0.0,0.0,0.0,0.0,0.0
ds004444,sub-001,ses-01,C4_LOSO_SHRINKAGE,15,15,0.42857142857142855,0.9666666666666667,0.0,0.9666666666666667,-8,-4.0,92.0,8,0,2.411047346157814,0.35088525675673005,2.293747794611954,0.18989558946759919,1.6297873053541814,0.3556043586165226
ds004444,sub-001,ses-01,C4_LOSO_SHRINKAGE,30,30,0.6,0.9666666666666667,0.0,0.9666666666666667,-8,-4.0,92.0,8,0,1.5856614982467214,0.23319487120063215,1.5486249052523542,0.12395204054402377,1.0664509622722882,0.22566100713345988
ds004444,sub-001,ses-01,C4_LOSO_SHRINKAGE,60,60,0.75,0.9666666666666667,0.0,0.9666666666666667,-8,-4.0,92.0,8,0,0.7888126888016017,0.10984045752354589,0.7110582591527689,0.05891327010066878,0.583407780505713,0.09161826065863667
ds004444,sub-001,ses-01,C4_LOSO_SHRINKAGE,90,90,0.8181818181818182,0.9666666666666667,0.0,0.9666666666666667,-8,-4.0,92.0,8,0,0.45247941463656427,0.0541022046720015,0.45839968377662926,0.03557405690419329,0.40320892795215363,0.06855448655048302
ds004444,sub-001,ses-01,C4_LOSO_SHRINKAGE,120,120,0.8571428571428571,0.9625,0.0,0.9625,-7,-3.5,89.0,8,1,0.264338792788462,0.024954947008020076,0.27711255398422086,0.019852642874666194,0.23575378670075425,0.030118135829355797
ds004444,sub-001,ses-01,C4_LOSO_SHRINKAGE,full,313,0.93993993993994,1.0,1.0,1.0,0,0.0,0.0,0,0,0.0,0.0,0.0,0.0,0.0,0.0
ds004444,sub-001,ses-16,C0_CURRENT_OVERLAP_EMPIRICAL,15,30,,0.9333333333333333,0.2,0.9322033898305084,-8,-4.0,8.5,12,4,0.06061396575965216,0.06745652855205317,0.1263546393778886,0.13906825423533578,0.5074582809302411,0.011207292937721762
ds004444,sub-001,ses-16,C0_CURRENT_OVERLAP_EMPIRICAL,30,60,,0.9583333333333334,0.47368421052631576,0.9567099567099567,-4,-2.0,0.0,7,3,0.12510407873238827,0.04396954961470782,0.18911208387072015,0.05841634401484594,0.06768571243926183,0.2484520070073827
ds004444,sub-001,ses-16,C0_CURRENT_OVERLAP_EMPIRICAL,60,120,,0.9541666666666667,0.42105263157894735,0.9525862068965517,-5,-2.5,0.0,8,3,0.12235972660099355,0.06845858235325367,0.14584090909350342,0.0002877036756812946,0.04108342279058429,0.25427255501890406
ds004444,sub-001,ses-16,C0_CURRENT_OVERLAP_EMPIRICAL,90,180,,0.9458333333333333,0.38095238095238093,0.9439655172413793,-3,-1.5,-8.0,8,5,0.14599755089400585,0.06454645878313109,0.13839635314523568,0.006563156200624891,0.02854517789280403,0.157872987515791
ds004444,sub-001,ses-16,C0_CURRENT_OVERLAP_EMPIRICAL,120,240,,0.925,0.3076923076923077,0.9224137931034483,2,1.0,-11.5,8,10,0.16113092120260747,0.05513779799311488,0.0947966502426219,0.002613244408731309,0.0528589345086646,0.16043432417632547
ds004444,sub-001,ses-16,C0_CURRENT_OVERLAP_EMPIRICAL,full,610,,1.0,1.0,1.0,0,0.0,0.0,0,0,0.0,0.0,0.0,0.0,0.0,0.0
ds004444,sub-001,ses-16,C1_NONOVERLAP_EMPIRICAL,15,15,,0.9375,0.16666666666666666,0.9367088607594937,-7,-3.5,-8.5,11,4,0.028656540388934334,0.09246912225056388,0.14324054053518934,0.13181048763549638,0.39982185368749346,0.1346414091655705
ds004444,sub-001,ses-16,C1_NONOVERLAP_EMPIRICAL,30,30,,0.9583333333333334,0.375,0.9572649572649573,-6,-3.0,0.5,8,2,0.12157913715695545,0.048814187689652316,0.19034197175435688,0.055588264161692845,0.06739276232418555,0.03321376966586313
ds004444,sub-001,ses-16,C1_NONOVERLAP_EMPIRICAL,60,60,,0.9541666666666667,0.42105263157894735,0.9525862068965517,-1,-0.5,-8.0,6,5,0.15758655182268141,0.06524092808400436,0.188314429777314,0.0031904432869808257,0.0172711607239058,0.008775142949579161
ds004444,sub-001,ses-16,C1_NONOVERLAP_EMPIRICAL,90,90,,0.9416666666666667,0.36363636363636365,0.9396551724137931,2,1.0,-11.5,6,8,0.16602399968093115,0.05957883498151066,0.11536824049719865,0.00499660791988542,0.01117390726511622,0.10569956671757175
ds004444,sub-001,ses-16,C1_NONOVERLAP_EMPIRICAL,120,120,,0.9416666666666667,0.391304347826087,0.9393939393939394,4,2.0,-12.5,5,9,0.1702046072410438,0.0512811262910612,0.0960288255686837,0.0011100924409040915,0.0172711607239058,0.0959632602595514
ds004444,sub-001,ses-16,C1_NONOVERLAP_EMPIRICAL,full,305,,1.0,1.0,1.0,0,0.0,0.0,0,0,0.0,0.0,0.0,0.0,0.0,0.0
ds004444,sub-001,ses-16,C2_NONOVERLAP_HARRELL_DAVIS,15,15,,0.9333333333333333,0.23809523809523808,0.9319148936170213,-2,-1.0,-11.0,9,7,0.016136956945723743,0.09393112263175073,0.07471680243354004,0.16367799986813372,0.5400899896143738,0.0710776412070819
ds004444,sub-001,ses-16,C2_NONOVERLAP_HARRELL_DAVIS,30,30,,0.9666666666666667,0.4666666666666667,0.9656652360515021,-6,-3.0,0.0,7,1,0.07063487400317586,0.03172205482890099,0.16379218760456357,0.05770753302309155,0.1597405699332674,0.0022420108530921655
ds004444,sub-001,ses-16,C2_NONOVERLAP_HARRELL_DAVIS,60,60,,0.95,0.42857142857142855,0.948051948051948,2,1.0,-8.0,5,7,0.15363424689660748,0.056266980879432285,0.1711173473853781,0.01328202992600281,0.013914089851657098,0.0391031332172234
ds004444,sub-001,ses-16,C2_NONOVERLAP_HARRELL_DAVIS,90,90,,0.9375,0.34782608695652173,0.9353448275862069,3,1.5,-11.5,6,9,0.16870769558385476,0.05716758386170976,0.12283367640342881,0.002564338041987879,0.028935519813808132,0.11539020825273122
ds004444,sub-001,ses-16,C2_NONOVERLAP_HARRELL_DAVIS,120,120,,0.9375,0.4,0.9347826086956522,7,3.5,-13.5,4,11,0.18114000122391127,0.05210524003123563,0.09475511885996389,0.005293587913235119,0.0008216744936912434,0.08406676256940164
ds004444,sub-001,ses-16,C2_NONOVERLAP_HARRELL_DAVIS,full,305,,1.0,1.0,1.0,0,0.0,0.0,0,0,0.0,0.0,0.0,0.0,0.0,0.0
ds004444,sub-001,ses-16,C3_BLOCK_SUBSAMPLE_EMPIRICAL,30,15,,0.9125,0.25,0.9098712446351931,5,2.5,-13.5,8,13,0.3163597063489642,0.04725927542814082,0.15004237817443308,0.07582420627568523,0.1965668425642018,0.05265899839008125
ds004444,sub-001,ses-16,C3_BLOCK_SUBSAMPLE_EMPIRICAL,60,30,,0.925,0.3333333333333333,0.922077922077922,6,3.0,-13.5,6,12,0.3044523722701008,0.06173501648413803,0.13012015407479602,0.046700735286785595,0.004154549220627263,0.0634427075698819
ds004444,sub-001,ses-16,C3_BLOCK_SUBSAMPLE_EMPIRICAL,90,45,,0.9208333333333333,0.3448275862068966,0.9173913043478261,9,4.5,-13.5,5,14,0.30139895117690196,0.05440474757861291,0.10062668350237776,0.003335610984857355,0.03381830066030854,0.002691642043081788
ds004444,sub-001,ses-16,C3_BLOCK_SUBSAMPLE_EMPIRICAL,120,60,,0.9083333333333333,0.3125,0.9043478260869565,12,6.0,-13.5,5,17,0.2970675503117355,0.047079778542482874,0.0867829176106556,0.04069773625852314,0.004154549220627263,0.001500195871989919
ds004444,sub-001,ses-16,C3_BLOCK_SUBSAMPLE_EMPIRICAL,full,153,,1.0,1.0,1.0,0,0.0,0.0,0,0,0.0,0.0,0.0,0.0,0.0,0.0
ds004444,sub-001,ses-16,C4_LOSO_SHRINKAGE,15,15,0.42857142857142855,0.9458333333333333,0.0,0.9458333333333333,-13,-6.5,90.5,13,0,0.26799225530969273,0.23065377362754697,0.43908157182059365,0.16267247225502476,1.8731103928503612,0.5046624636640794
ds004444,sub-001,ses-16,C4_LOSO_SHRINKAGE,30,30,0.6,0.9458333333333333,0.13333333333333333,0.9453781512605042,-9,-4.5,1.5,11,2,0.09929822573943659,0.09879986877702353,0.22240781224362727,0.10388949389137335,1.1215141757028326,0.31563221731943736
ds004444,sub-001,ses-16,C4_LOSO_SHRINKAGE,60,60,0.75,0.9458333333333333,0.23529411764705882,0.9449152542372882,-5,-2.5,0.0,9,4,0.019882835253764997,0.023146953847873013,0.05085176195209837,0.04187761278754415,0.6320360764208015,0.17099282310399355
ds004444,sub-001,ses-16,C4_LOSO_SHRINKAGE,90,90,0.8181818181818182,0.9583333333333334,0.4117647058823529,0.9570815450643777,-2,-1.0,-7.5,6,4,0.07122935929603876,0.002339191342038097,0.02845672262186891,0.021184254674255196,0.402685731823891,0.19581979280415185
ds004444,sub-001,ses-16,C4_LOSO_SHRINKAGE,120,120,0.8571428571428571,0.9541666666666667,0.3888888888888889,0.9527896995708155,-1,-0.5,-7.5,6,5,0.10053856878721729,0.012325539000488318,0.0018540807619815771,0.016111256362406554,0.2654331432794336,0.15744986602009262
ds004444,sub-001,ses-16,C4_LOSO_SHRINKAGE,full,305,0.9384615384615385,1.0,1.0,1.0,0,0.0,0.0,0,0,0.0,0.0,0.0,0.0,0.0,0.0
ds004444,sub-002,ses-01,C0_CURRENT_OVERLAP_EMPIRICAL,15,30,,0.9333333333333333,0.36,0.9307359307359307,16,8.0,-19.5,0,16,0.11508084510179241,0.31079264258874384,0.006099997605328715,0.07531382028634634,0.06815029098641888,2.4516180409601604
ds004444,sub-002,ses-01,C0_CURRENT_OVERLAP_EMPIRICAL,30,60,,0.9375,0.375,0.935064935064935,15,7.5,-19.5,0,15,0.1015034019348027,0.1526250544100373,0.2533229276387087,0.07689320902534554,0.6815029098641787,0.9084116417735307
ds004444,sub-002,ses-01,C0_CURRENT_OVERLAP_EMPIRICAL,60,120,,0.9333333333333333,0.36,0.9307359307359307,16,8.0,-19.5,0,16,0.14139302825153868,0.07311140238591725,0.03304923915726092,0.03439697685012739,0.03803277750243578,0.7859671644208206
ds004444,sub-002,ses-01,C0_CURRENT_OVERLAP_EMPIRICAL,90,180,,0.9458333333333333,0.4090909090909091,0.9437229437229437,13,6.5,-19.5,0,13,0.1015034019348027,0.026209086426297018,0.0577646950170054,0.031667151205159366,0.1974493780176436,0.8330165539718618
ds004444,sub-002,ses-01,C0_CURRENT_OVERLAP_EMPIRICAL,120,240,,0.9541666666666667,0.42105263157894735,0.9525862068965517,9,4.5,-15.5,1,10,0.09788679742301436,0.0025302585589133723,0.22626464363087664,0.007196776506858811,0.005146497952384921,0.9258691861994005
ds004444,sub-002,ses-01,C0_CURRENT_OVERLAP_EMPIRICAL,full,628,,1.0,1.0,1.0,0,0.0,0.0,0,0,0.0,0.0,0.0,0.0,0.0,0.0
ds004444,sub-002,ses-01,C1_NONOVERLAP_EMPIRICAL,15,15,,0.9833333333333333,0.6923076923076923,0.9826839826839827,2,1.0,-1.0,1,3,0.14118622823483298,0.40142780657290617,0.08918437776917755,0.053964104363870724,0.01621911520040648,1.6408573569405478
ds004444,sub-002,ses-01,C1_NONOVERLAP_EMPIRICAL,30,30,,0.975,0.625,0.9739130434782609,6,3.0,-13.0,0,6,0.034833463809552524,0.15332224670950834,0.4908432841339745,0.06834484275453738,0.11524456329816742,0.5072551165108992
ds004444,sub-002,ses-01,C1_NONOVERLAP_EMPIRICAL,60,60,,0.8833333333333333,0.2222222222222222,0.8793103448275862,24,12.0,-18.5,2,26,0.2531549257272315,0.02379057243068358,0.009709394717550834,0.031198255444622222,0.03736314432648335,0.43202381118170335
ds004444,sub-002,ses-01,C1_NONOVERLAP_EMPIRICAL,90,90,,0.925,0.25,0.9230769230769231,10,5.0,-12.0,4,14,0.1448872720007197,0.008395891842964753,0.21711362909702187,0.020135771184245244,0.17615173225915162,0.4063103498928621
ds004444,sub-002,ses-01,C1_NONOVERLAP_EMPIRICAL,120,120,,0.9375,0.375,0.935064935064935,13,6.5,-17.0,1,14,0.12743654817173844,0.0025630786703404033,0.33292943480534204,0.002379643883226563,0.005846188571754296,0.5456629935154051
ds004444,sub-002,ses-01,C1_NONOVERLAP_EMPIRICAL,full,314,,1.0,1.0,1.0,0,0.0,0.0,0,0,0.0,0.0,0.0,0.0,0.0,0.0
ds004444,sub-002,ses-01,C2_NONOVERLAP_HARRELL_DAVIS,15,15,,0.9625,0.25,0.9620253164556962,-5,-2.5,15.0,7,2,0.7935940734313839,0.34922862191256515,0.3572807680720069,0.06492020360489381,0.20748073304467352,1.6207911145314944
ds004444,sub-002,ses-01,C2_NONOVERLAP_HARRELL_DAVIS,30,30,,0.9833333333333333,0.6363636363636364,0.9828326180257511,-2,-1.0,7.5,3,1,0.1886365338449895,0.23368677473862887,0.7706566014107715,0.08161711482470169,0.5555672942549346,0.5988267215720948
ds004444,sub-002,ses-01,C2_NONOVERLAP_HARRELL_DAVIS,60,60,,0.9208333333333333,0.32142857142857145,0.9177489177489178,17,8.5,-19.5,1,18,0.18671126809038824,0.05085893143736666,0.06501732184869359,0.03072555967787266,0.02068557675323455,0.4213311295190591
ds004444,sub-002,ses-01,C2_NONOVERLAP_HARRELL_DAVIS,90,90,,0.925,0.28,0.9227467811158798,12,6.0,-12.0,3,15,0.1445670495903437,0.02093755481264185,0.1619446723450826,0.01596303958897385,0.2606399728448249,0.40493399147397907
ds004444,sub-002,ses-01,C2_NONOVERLAP_HARRELL_DAVIS,120,120,,0.9458333333333333,0.4090909090909091,0.9437229437229437,11,5.5,-17.0,1,12,0.1299400088162259,0.0007817214695653328,0.25094308843318236,0.0007535296145189937,0.04544036250859862,0.4899049371407065
ds004444,sub-002,ses-01,C2_NONOVERLAP_HARRELL_DAVIS,full,314,,1.0,1.0,1.0,0,0.0,0.0,0,0,0.0,0.0,0.0,0.0,0.0,0.0
ds004444,sub-002,ses-01,C3_BLOCK_SUBSAMPLE_EMPIRICAL,30,15,,0.9333333333333333,0.2,0.9322033898305084,8,4.0,-13.0,4,12,0.1984233522098006,0.2631677598667345,0.41569807216181254,0.03624340735365215,0.04151373935149761,0.7483006467507002
ds004444,sub-002,ses-01,C3_BLOCK_SUBSAMPLE_EMPIRICAL,60,30,,0.9625,0.4375,0.9613733905579399,7,3.5,-13.0,1,8,0.167080755376629,0.06624298978492137,0.4521342357529199,0.004599997062473417,0.019128879897206255,0.6689882892910525
ds004444,sub-002,ses-01,C3_BLOCK_SUBSAMPLE_EMPIRICAL,90,45,,0.9833333333333333,0.6,0.9829059829059829,0,0.0,2.5,2,2,0.13344614857762105,0.06426078305851081,0.24179397302065558,0.006196386864570979,0.04151373935149761,0.5896412061300276
ds004444,sub-002,ses-01,C3_BLOCK_SUBSAMPLE_EMPIRICAL,120,60,,0.9875,0.7,0.9871244635193133,1,0.5,0.0,1,2,0.12996024029830183,0.04564065773989906,0.39588676022466546,0.017026042516512633,0.04395572401904401,0.7011549202678974
ds004444,sub-002,ses-01,C3_BLOCK_SUBSAMPLE_EMPIRICAL,full,157,,1.0,1.0,1.0,0,0.0,0.0,0,0,0.0,0.0,0.0,0.0,0.0,0.0
ds004444,sub-002,ses-01,C4_LOSO_SHRINKAGE,15,15,0.42857142857142855,0.9625,0.0,0.9625,-9,-4.5,89.5,9,0,0.36902866964450814,0.22701284214389986,0.14150614610397053,0.15312710552912195,0.1707311992827884,0.45442413065317333
ds004444,sub-002,ses-01,C4_LOSO_SHRINKAGE,30,30,0.6,0.9625,0.1,0.9623430962343096,-7,-3.5,48.0,8,1,0.18645325899991602,0.12869058920867218,0.35990992979680103,0.12705036675381434,0.185751578935672,0.13375025535014845
ds004444,sub-002,ses-01,C4_LOSO_SHRINKAGE,60,60,0.75,0.9708333333333333,0.4166666666666667,0.9702127659574468,-1,-0.5,7.0,4,3,0.06747916324319439,0.038576432643773695,0.03136507608871949,0.07148789475321751,0.0385429029057367,0.23353840838994885
ds004444,sub-002,ses-01,C4_LOSO_SHRINKAGE,90,90,0.8181818181818182,0.9875,0.6666666666666666,0.9871794871794872,-3,-1.5,2.5,3,0,0.04016575083711771,0.02019734602105969,0.1507505468772362,0.04729551387655688,0.1834486955286523,0.2783594782690492
ds004444,sub-002,ses-01,C4_LOSO_SHRINKAGE,120,120,0.8571428571428571,0.975,0.5384615384615384,0.9742489270386266,2,1.0,-11.5,2,4,0.054857112827459205,0.006917687414389883,0.26507368075835436,0.019135567144983757,0.03370481583863856,0.4385771701824126
ds004444,sub-002,ses-01,C4_LOSO_SHRINKAGE,full,314,0.9401197604790419,1.0,1.0,1.0,0,0.0,0.0,0,0,0.0,0.0,0.0,0.0,0.0,0.0
ds004444,sub-002,ses-16,C0_CURRENT_OVERLAP_EMPIRICAL,15,30,,0.9625,0.3076923076923077,0.961864406779661,-5,-2.5,27.5,7,2,0.24958196848930328,0.07274772434777863,0.14273795839417694,0.009664746357776489,0.19200807002971132,1.0245878821404693
ds004444,sub-002,ses-16,C0_CURRENT_OVERLAP_EMPIRICAL,30,60,,0.9666666666666667,0.38461538461538464,0.9659574468085106,-4,-2.0,27.5,6,2,0.23537193927842892,0.08458076962006429,0.10921640130410652,0.007691473422429993,0.19536241495338807,0.7538349703760514
ds004444,sub-002,ses-16,C0_CURRENT_OVERLAP_EMPIRICAL,60,120,,0.9708333333333333,0.46153846153846156,0.9700854700854701,-3,-1.5,15.0,5,2,0.11968506613779117,0.06115800195921851,0.079574173653378,0.02573905375655176,0.19997745690905425,0.6600807316353771
ds004444,sub-002,ses-16,C0_CURRENT_OVERLAP_EMPIRICAL,90,180,,0.9708333333333333,0.46153846153846156,0.9700854700854701,-3,-1.5,15.0,5,2,0.16450085755832553,0.05982336829813147,0.1135860748900452,0.03430961980796174,0.04888935328365627,0.3176203441457933
ds004444,sub-002,ses-16,C0_CURRENT_OVERLAP_EMPIRICAL,120,240,,0.9708333333333333,0.46153846153846156,0.9700854700854701,-3,-1.5,15.0,5,2,0.16450085755832553,0.0592208671226994,0.12260292252967404,0.04307224140216681,0.040559844682664666,0.04517671591064132
ds004444,sub-002,ses-16,C0_CURRENT_OVERLAP_EMPIRICAL,full,612,,1.0,1.0,1.0,0,0.0,0.0,0,0,0.0,0.0,0.0,0.0,0.0,0.0
ds004444,sub-002,ses-16,C1_NONOVERLAP_EMPIRICAL,15,15,,0.9875,0.625,0.9872340425531915,-3,-1.5,1.0,3,0,0.03289439964018605,0.07505630498441476,0.4604645572545915,0.017568118464965393,0.16075059341102596,0.4677214625902756
ds004444,sub-002,ses-16,C1_NONOVERLAP_EMPIRICAL,30,30,,0.9875,0.6666666666666666,0.9871794871794872,-1,-0.5,1.0,2,1,0.047070399480577854,0.08838989060448542,0.09989659266905154,0.014258847996549057,0.22194039461200393,0.16684188048461837
ds004444,sub-002,ses-16,C1_NONOVERLAP_EMPIRICAL,60,60,,0.9708333333333333,0.5,0.9699570815450643,5,2.5,-15.0,1,6,0.11712025532262553,0.05355710904646241,0.06214135554769789,0.02121411018306401,0.18964577731121543,0.31525908397556773
ds004444,sub-002,ses-16,C1_NONOVERLAP_EMPIRICAL,90,90,,0.9875,0.6666666666666666,0.9871794871794872,-1,-0.5,1.0,2,1,0.047070399480577854,0.05197181062327261,0.2492099796868165,0.01914725490607227,0.05650130247563834,0.0520658189868884
ds004444,sub-002,ses-16,C1_NONOVERLAP_EMPIRICAL,120,120,,0.9916666666666667,0.7777777777777778,0.9914163090128756,0,0.0,0.0,1,1,0.06216431356826939,0.04903272581970539,0.2112704203134932,0.04310956015382084,0.055679999727000024,0.12963853740610837
ds004444,sub-002,ses-16,C1_NONOVERLAP_EMPIRICAL,full,306,,1.0,1.0,1.0,0,0.0,0.0,0,0,0.0,0.0,0.0,0.0,0.0,0.0
ds004444,sub-002,ses-16,C2_NONOVERLAP_HARRELL_DAVIS,15,15,,0.9875,0.6666666666666666,0.9871794871794872,-1,-0.5,1.0,2,1,0.07635655651983639,0.1460597162588107,0.31853995751071257,0.11530300689440275,0.10685145363449443,0.7427274411607603
ds004444,sub-002,ses-16,C2_NONOVERLAP_HARRELL_DAVIS,30,30,,0.9875,0.6666666666666666,0.9871794871794872,-1,-0.5,1.0,2,1,0.07988249272305989,0.14325965099477755,0.07381906011323307,0.034116822197656396,0.14288076227919247,0.20917046675030673
ds004444,sub-002,ses-16,C2_NONOVERLAP_HARRELL_DAVIS,60,60,,0.9708333333333333,0.5,0.9699570815450643,5,2.5,-15.0,1,6,0.07861686268940332,0.06619015375238779,0.07266731062647182,0.027826026971803208,0.14805051041746106,0.34535991669698196
ds004444,sub-002,ses-16,C2_NONOVERLAP_HARRELL_DAVIS,90,90,,0.9875,0.6666666666666666,0.9871794871794872,-1,-0.5,1.0,2,1,0.04087472065488351,0.05974933184784397,0.16946036846211604,0.026502397816975772,0.06860696620680821,0.0538691319538758
ds004444,sub-002,ses-16,C2_NONOVERLAP_HARRELL_DAVIS,120,120,,0.9916666666666667,0.7777777777777778,0.9914163090128756,0,0.0,0.0,1,1,0.08021055658246086,0.05069604969984357,0.20480934577984317,0.041952201898582356,0.06129526373531996,0.1497093901212618
ds004444,sub-002,ses-16,C2_NONOVERLAP_HARRELL_DAVIS,full,306,,1.0,1.0,1.0,0,0.0,0.0,0,0,0.0,0.0,0.0,0.0,0.0,0.0
ds004444,sub-002,ses-16,C3_BLOCK_SUBSAMPLE_EMPIRICAL,30,15,,0.9875,0.625,0.9872340425531915,-1,-0.5,13.5,2,1,0.04890949430948215,0.055641185628176854,0.2265445238781504,0.036175868445985186,0.25854224943236387,0.14153347856715598
ds004444,sub-002,ses-16,C3_BLOCK_SUBSAMPLE_EMPIRICAL,60,30,,0.9708333333333333,0.46153846153846156,0.9700854700854701,5,2.5,-15.0,1,6,0.14741415111388817,0.046833915671715756,0.331507352759456,0.00025612211782714774,0.262159569261064,0.1795961989373848
ds004444,sub-002,ses-16,C3_BLOCK_SUBSAMPLE_EMPIRICAL,90,45,,0.9916666666666667,0.75,0.9914529914529915,0,0.0,1.0,1,1,0.0,0.049095601240909295,0.041687040365676095,0.0,0.11904209740724994,0.00037697459425115433
ds004444,sub-002,ses-16,C3_BLOCK_SUBSAMPLE_EMPIRICAL,120,60,,0.9916666666666667,0.75,0.9914529914529915,0,0.0,12.5,1,1,0.09480223139173553,0.05260532930923902,0.24052086759650623,0.024188222188691055,0.06024451266874918,0.11188121460338903
ds004444,sub-002,ses-16,C3_BLOCK_SUBSAMPLE_EMPIRICAL,full,153,,1.0,1.0,1.0,0,0.0,0.0,0,0,0.0,0.0,0.0,0.0,0.0,0.0
ds004444,sub-002,ses-16,C4_LOSO_SHRINKAGE,15,15,0.42857142857142855,0.9708333333333333,0.0,0.9708333333333333,-7,-3.5,84.5,7,0,0.34727253742736586,0.11107507882870485,0.17890631253579237,0.09550643764223928,0.3996236068151535,0.09216284061612741
ds004444,sub-002,ses-16,C4_LOSO_SHRINKAGE,30,30,0.6,0.9791666666666666,0.2857142857142857,0.9789915966386554,-5,-2.5,78.5,5,0,0.24868496023606196,0.10512058874804106,0.04785216724335411,0.0598958875525041,0.18277820119635868,0.09535635649617935
ds004444,sub-002,ses-16,C4_LOSO_SHRINKAGE,60,60,0.75,1.0,1.0,1.0,0,0.0,0.0,0,0,0.03911826641906943,0.06908227031720628,0.03984481788852021,0.05378636006294829,0.03756954606400132,0.13407548067624928
ds004444,sub-002,ses-16,C4_LOSO_SHRINKAGE,90,90,0.8181818181818182,0.9958333333333333,0.8571428571428571,0.9957264957264957,-1,-0.5,12.5,1,0,0.11578788053430926,0.06082585139697826,0.20771055259131851,0.039784516327630845,0.06609840948858896,0.02668040550956063
ds004444,sub-002,ses-16,C4_LOSO_SHRINKAGE,120,120,0.8571428571428571,0.9958333333333333,0.8571428571428571,0.9957264957264957,-1,-0.5,12.5,1,0,0.10447457451374638,0.054285624550742706,0.18357430531830696,0.05294310646421976,0.11930925572004446,0.16303930678033052
ds004444,sub-002,ses-16,C4_LOSO_SHRINKAGE,full,306,0.9386503067484663,1.0,1.0,1.0,0,0.0,0.0,0,0,0.0,0.0,0.0,0.0,0.0,0.0
ds004444,sub-003,ses-01,C0_CURRENT_OVERLAP_EMPIRICAL,15,30,,0.9458333333333333,0.3157894736842105,0.9444444444444444,-7,-3.5,0.0,10,3,0.23771599448811453,0.017952823089545822,0.5059555719488155,0.04429411655123936,0.12668651304342143,0.09275591867287739
ds004444,sub-003,ses-01,C0_CURRENT_OVERLAP_EMPIRICAL,30,60,,0.9166666666666666,0.25925925925925924,0.9141630901287554,2,1.0,-9.5,9,11,0.20080899418225479,0.05783171405355175,0.3774489779187269,0.0643633783345237,0.04566002903303594,0.015683896075493288
ds004444,sub-003,ses-01,C0_CURRENT_OVERLAP_EMPIRICAL,60,120,,0.9291666666666667,0.32,0.9267241379310345,1,0.5,-9.5,8,9,0.2025270800534985,0.10039234245876136,0.3110891596113669,0.06277056841268891,0.03790198297563151,0.02614712224635579
ds004444,sub-003,ses-01,C0_CURRENT_OVERLAP_EMPIRICAL,90,180,,0.95,0.45454545454545453,0.9478260869565217,0,0.0,-7.0,6,6,0.1660463084660233,0.11145761390261706,0.2200338647867274,0.0379784758921666,0.06422058694444854,0.027577057724950713
ds004444,sub-003,ses-01,C0_CURRENT_OVERLAP_EMPIRICAL,120,240,,0.9583333333333334,0.5,0.9565217391304348,-2,-1.0,6.0,6,4,0.10626206281696957,0.11105048509406615,0.17812254821011836,0.03810340621063984,0.0863293135974555,0.004515296550588717
ds004444,sub-003,ses-01,C0_CURRENT_OVERLAP_EMPIRICAL,full,620,,1.0,1.0,1.0,0,0.0,0.0,0,0,0.0,0.0,0.0,0.0,0.0,0.0
ds004444,sub-003,ses-01,C1_NONOVERLAP_EMPIRICAL,15,15,,0.9208333333333333,0.17391304347826086,0.9194915254237288,-3,-1.5,-1.5,11,8,0.2915082886007011,0.04393364706383506,0.4570806190756281,0.05527637466016551,0.15826365591623093,0.016991608043441235
ds004444,sub-003,ses-01,C1_NONOVERLAP_EMPIRICAL,30,30,,0.9041666666666667,0.17857142857142858,0.902127659574468,3,1.5,-9.5,10,13,0.21547251849949695,0.07486144072244083,0.36426648656016747,0.08772086620646244,0.09218036066679772,0.047336262571602915
ds004444,sub-003,ses-01,C1_NONOVERLAP_EMPIRICAL,60,60,,0.9416666666666667,0.3,0.9401709401709402,-4,-2.0,6.0,9,5,0.09482645797018584,0.1381904141654042,0.3231376099656322,0.0712119981688405,0.0784084952717883,0.05135827962381809
ds004444,sub-003,ses-01,C1_NONOVERLAP_EMPIRICAL,90,90,,0.9416666666666667,0.3333333333333333,0.9399141630901288,-2,-1.0,6.0,8,6,0.12638656518523397,0.14465645950083472,0.21473849354265795,0.04025126613637432,0.06612329324763737,0.039111437115427555
ds004444,sub-003,ses-01,C1_NONOVERLAP_EMPIRICAL,120,120,,0.9416666666666667,0.36363636363636365,0.9396551724137931,0,0.0,6.0,7,7,0.09709872200951414,0.12086722932982219,0.15834583781570963,0.04791580411225051,0.08563508469775946,0.013335361838534798
ds004444,sub-003,ses-01,C1_NONOVERLAP_EMPIRICAL,full,310,,1.0,1.0,1.0,0,0.0,0.0,0,0,0.0,0.0,0.0,0.0,0.0,0.0
ds004444,sub-003,ses-01,C2_NONOVERLAP_HARRELL_DAVIS,15,15,,0.9333333333333333,0.23809523809523808,0.9319148936170213,-8,-4.0,6.0,12,4,0.13290765747945413,0.06234887812387296,0.4179544004086832,0.09131984636384924,0.12248924193314653,0.05395478371639896
ds004444,sub-003,ses-01,C2_NONOVERLAP_HARRELL_DAVIS,30,30,,0.9416666666666667,0.3333333333333333,0.9399141630901288,-6,-3.0,6.0,10,4,0.05470171695706558,0.09301780445926627,0.3395711401129768,0.09823646378623369,0.055660625858792084,0.029878072027664147
ds004444,sub-003,ses-01,C2_NONOVERLAP_HARRELL_DAVIS,60,60,,0.9541666666666667,0.45,0.9523809523809523,-5,-2.5,6.0,8,3,0.08150446167610378,0.1270069871153104,0.26362213410246815,0.07219979231986527,0.18800886829513172,0.03561186101560425
ds004444,sub-003,ses-01,C2_NONOVERLAP_HARRELL_DAVIS,90,90,,0.9458333333333333,0.4090909090909091,0.9437229437229437,-3,-1.5,6.0,8,5,0.10112509783458552,0.1302813018585935,0.19916805845931976,0.04152796866797446,0.1069937137847682,0.01613920581743319
ds004444,sub-003,ses-01,C2_NONOVERLAP_HARRELL_DAVIS,120,120,,0.9416666666666667,0.4166666666666667,0.9391304347826087,0,0.0,0.0,7,7,0.10856622615631728,0.11276226705892511,0.14255014428984636,0.04596548473501689,0.10878939418575487,0.024599547422369143
ds004444,sub-003,ses-01,C2_NONOVERLAP_HARRELL_DAVIS,full,310,,1.0,1.0,1.0,0,0.0,0.0,0,0,0.0,0.0,0.0,0.0,0.0,0.0
ds004444,sub-003,ses-01,C3_BLOCK_SUBSAMPLE_EMPIRICAL,30,15,,0.9416666666666667,0.0,0.9416666666666667,-14,-7.0,94.0,14,0,0.2954931089112977,0.16443490755656248,0.42146238380903717,0.051826671105655905,0.0929213746413623,0.010933478173648216
ds004444,sub-003,ses-01,C3_BLOCK_SUBSAMPLE_EMPIRICAL,60,30,,0.9416666666666667,0.125,0.9411764705882353,-10,-5.0,28.5,12,2,0.06621591707139406,0.17492911421655477,0.3295628187259069,0.07857038979539234,0.09097013087214287,0.0573104240270817
ds004444,sub-003,ses-01,C3_BLOCK_SUBSAMPLE_EMPIRICAL,90,45,,0.9416666666666667,0.125,0.9411764705882353,-10,-5.0,28.5,12,2,0.06168800782292258,0.14606201698133794,0.2484618678235862,0.034544412528378705,0.016192672198601255,0.1131351341727477
ds004444,sub-003,ses-01,C3_BLOCK_SUBSAMPLE_EMPIRICAL,120,60,,0.9625,0.47058823529411764,0.9612068965517241,-3,-1.5,6.0,6,3,0.022310158419420183,0.09414869095131075,0.21456520679014573,0.038970926812054885,0.0856288838240327,0.03372781836889643
ds004444,sub-003,ses-01,C3_BLOCK_SUBSAMPLE_EMPIRICAL,full,155,,1.0,1.0,1.0,0,0.0,0.0,0,0,0.0,0.0,0.0,0.0,0.0,0.0
ds004444,sub-003,ses-01,C4_LOSO_SHRINKAGE,15,15,0.42857142857142855,0.9333333333333333,0.058823529411764705,0.9330543933054394,-14,-7.0,26.0,15,1,0.040261567047527785,0.06536529327042524,0.08542155215008328,0.1768664041344441,1.1449724345889387,0.44007635291092834
ds004444,sub-003,ses-01,C4_LOSO_SHRINKAGE,30,30,0.6,0.95,0.3333333333333333,0.9487179487179487,-8,-4.0,12.5,10,2,0.0725697187851457,0.07601461791580334,0.1440303673900705,0.15373168356564845,0.7519462959393385,0.32739554691234274
ds004444,sub-003,ses-01,C4_LOSO_SHRINKAGE,60,60,0.75,0.9583333333333334,0.47368421052631576,0.9567099567099567,-4,-2.0,6.0,7,3,0.039481668012201765,0.12142935037628903,0.19922101700224554,0.10938785400386575,0.49648342593732964,0.20657217986893403
ds004444,sub-003,ses-01,C4_LOSO_SHRINKAGE,90,90,0.8181818181818182,0.9583333333333334,0.5,0.9565217391304348,-2,-1.0,0.0,6,4,0.08258570333168999,0.13002526921498067,0.14782680512202814,0.06878208248468104,0.33186395976508815,0.13994484601305174
ds004444,sub-003,ses-01,C4_LOSO_SHRINKAGE,120,120,0.8571428571428571,0.9625,0.55,0.9606986899563319,-1,-0.5,0.0,5,4,0.06896934691188879,0.111647693138304,0.11660296437597382,0.06505572289757339,0.25664633286249694,0.08413209920652012
ds004444,sub-003,ses-01,C4_LOSO_SHRINKAGE,full,310,0.9393939393939394,1.0,1.0,1.0,0,0.0,0.0,0,0,0.0,0.0,0.0,0.0,0.0,0.0
ds004444,sub-003,ses-16,C0_CURRENT_OVERLAP_EMPIRICAL,15,30,,0.9625,0.47058823529411764,0.9612068965517241,-1,-0.5,-20.0,5,4,0.04477223375373485,0.18074441299148267,0.0544903132739148,0.06761045682546471,0.5818526227583801,0.2715126359006416
ds004444,sub-003,ses-16,C0_CURRENT_OVERLAP_EMPIRICAL,30,60,,0.9708333333333333,0.46153846153846156,0.9700854700854701,-7,-3.5,10.0,7,0,0.056750428260388786,0.13737720275830137,0.14093315735784448,0.008007992798207967,0.5472415337152151,0.16591909625303883
ds004444,sub-003,ses-16,C0_CURRENT_OVERLAP_EMPIRICAL,60,120,,0.95,0.4,0.9482758620689655,2,1.0,-20.0,5,7,0.12514582374738703,0.059399888563952334,0.19908885800973167,0.020402504975372295,0.4833009131786634,0.12824308705253076
ds004444,sub-003,ses-16,C0_CURRENT_OVERLAP_EMPIRICAL,90,180,,0.975,0.625,0.9739130434782609,0,0.0,-20.0,3,3,0.07367001272149618,0.0577759059855248,0.08011450213907628,0.021588695624789263,0.30346791791961164,0.13154697342056854
ds004444,sub-003,ses-16,C0_CURRENT_OVERLAP_EMPIRICAL,120,240,,0.9833333333333333,0.7333333333333333,0.982532751091703,0,0.0,-21.5,2,2,0.06058866927119545,0.00887670766094395,0.05970092227656316,0.019901081660346223,0.19157183198064642,0.13045981587691322
ds004444,sub-003,ses-16,C0_CURRENT_OVERLAP_EMPIRICAL,full,628,,1.0,1.0,1.0,0,0.0,0.0,0,0,0.0,0.0,0.0,0.0,0.0,0.0
ds004444,sub-003,ses-16,C1_NONOVERLAP_EMPIRICAL,15,15,,0.9208333333333333,0.13636363636363635,0.919831223628692,7,3.5,-19.0,6,13,0.4996602545122517,0.2128310169651251,0.08119846603305063,0.011828275433174112,0.6677768244644116,0.061321106841943564
ds004444,sub-003,ses-16,C1_NONOVERLAP_EMPIRICAL,30,30,,0.9875,0.6666666666666666,0.9871794871794872,-3,-1.5,10.0,3,0,0.0016842344153569359,0.05099870621963672,0.20274731955847383,0.009367815383436989,0.5546958392960665,0.15741996313016943
ds004444,sub-003,ses-16,C1_NONOVERLAP_EMPIRICAL,60,60,,0.95,0.29411764705882354,0.948936170212766,4,2.0,-20.0,4,8,0.1883161627291581,0.055081807643595236,0.2638285272513255,0.007934840987875875,0.49507224161909996,0.1417423585965271
ds004444,sub-003,ses-16,C1_NONOVERLAP_EMPIRICAL,90,90,,0.9916666666666667,0.8,0.9913793103448276,0,0.0,0.0,1,1,0.030794721489864896,0.009291782447956339,0.1453156191337255,0.008384310964556328,0.3088390736941446,0.09972682924460402
ds004444,sub-003,ses-16,C1_NONOVERLAP_EMPIRICAL,120,120,,0.9875,0.7,0.9871244635193133,-1,-0.5,0.0,2,1,0.004118071653440483,0.007817120403037137,0.12215160002622041,0.01336240176719191,0.19814336846391592,0.13487076763684142
ds004444,sub-003,ses-16,C1_NONOVERLAP_EMPIRICAL,full,314,,1.0,1.0,1.0,0,0.0,0.0,0,0,0.0,0.0,0.0,0.0,0.0,0.0
ds004444,sub-003,ses-16,C2_NONOVERLAP_HARRELL_DAVIS,15,15,,0.9083333333333333,0.12,0.9071729957805907,8,4.0,-26.0,7,15,0.3039559170831087,0.1291376404854548,0.20788065448940615,0.13797199211809985,0.790191691359521,0.023994579846916924
ds004444,sub-003,ses-16,C2_NONOVERLAP_HARRELL_DAVIS,30,30,,0.9833333333333333,0.6,0.9829059829059829,-4,-2.0,10.0,4,0,0.032751410573100805,0.08094185272821267,0.19144014493676936,0.033396015495051536,0.5425567784805893,0.1507489132202744
ds004444,sub-003,ses-16,C2_NONOVERLAP_HARRELL_DAVIS,60,60,,0.95,0.29411764705882354,0.948936170212766,2,1.0,-20.0,5,7,0.1608157701999855,0.05933476391752395,0.2546862282647811,0.006528693775750184,0.46202128051175123,0.11714527027627313
ds004444,sub-003,ses-16,C2_NONOVERLAP_HARRELL_DAVIS,90,90,,0.9916666666666667,0.8,0.9913793103448276,-2,-1.0,10.0,2,0,0.022926065177985178,0.03371070878696196,0.11212749520115563,0.007585409085110957,0.2952802320907224,0.11329045471939557
ds004444,sub-003,ses-16,C2_NONOVERLAP_HARRELL_DAVIS,120,120,,0.9875,0.75,0.987012987012987,1,0.5,0.0,1,2,0.04153079414539263,0.00409824163095547,0.08078388790303138,0.014396956992725649,0.15241625240952922,0.12204598479875119
ds004444,sub-003,ses-16,C2_NONOVERLAP_HARRELL_DAVIS,full,314,,1.0,1.0,1.0,0,0.0,0.0,0,0,0.0,0.0,0.0,0.0,0.0,0.0
ds004444,sub-003,ses-16,C3_BLOCK_SUBSAMPLE_EMPIRICAL,30,15,,0.9833333333333333,0.5555555555555556,0.9829787234042553,-4,-2.0,10.0,4,0,0.0783404817605382,0.11460047676772292,0.19519464779643395,0.015051706900498561,0.45741069749507307,0.07544979650721839
ds004444,sub-003,ses-16,C3_BLOCK_SUBSAMPLE_EMPIRICAL,60,30,,0.9541666666666667,0.3125,0.9531914893617022,3,1.5,-20.0,4,7,0.21725068846878176,0.13578621120401171,0.28371219699835826,0.0014277533561238727,0.4948478062918504,0.008930485846316765
ds004444,sub-003,ses-16,C3_BLOCK_SUBSAMPLE_EMPIRICAL,90,45,,0.9916666666666667,0.8,0.9913793103448276,0,0.0,10.0,1,1,0.006197207715501329,0.12829788551676236,0.08154445782251135,0.010159280332882279,0.3119726076118996,0.046043288497009865
ds004444,sub-003,ses-16,C3_BLOCK_SUBSAMPLE_EMPIRICAL,120,60,,0.9916666666666667,0.8,0.9913793103448276,0,0.0,10.0,1,1,0.03172146474564547,0.02430225459558769,0.04773366594710694,0.016331881235614146,0.22735219847205518,0.05208562316979979
ds004444,sub-003,ses-16,C3_BLOCK_SUBSAMPLE_EMPIRICAL,full,157,,1.0,1.0,1.0,0,0.0,0.0,0,0,0.0,0.0,0.0,0.0,0.0,0.0
ds004444,sub-003,ses-16,C4_LOSO_SHRINKAGE,15,15,0.42857142857142855,0.9625,0.0,0.9625,-7,-3.5,37.0,8,1,0.42775582099167636,0.21711265384106856,0.12901124070590161,0.12304848042428736,1.7990226695869063,0.46550032155911447
ds004444,sub-003,ses-16,C4_LOSO_SHRINKAGE,30,30,0.6,0.95,0.0,0.95,-4,-2.0,-21.0,8,4,0.13752112053739712,0.11386942609057904,0.18537026123867356,0.0795963384235965,1.3125581102302324,0.191840955948245
ds004444,sub-003,ses-16,C4_LOSO_SHRINKAGE,60,60,0.75,0.9333333333333333,0.15789473684210525,0.9324894514767933,6,3.0,-30.0,5,11,0.22213247159702915,0.08821061918087451,0.23491701702747206,0.04172549337627331,0.8850129697593726,0.05098221767514741
ds004444,sub-003,ses-16,C4_LOSO_SHRINKAGE,90,90,0.8181818181818182,0.9791666666666666,0.4444444444444444,0.9788135593220338,-3,-1.5,-4.5,4,1,0.023864180530317507,0.037406851380116006,0.14256667731137898,0.023764282952447587,0.5795017874225316,0.01859898877174317
ds004444,sub-003,ses-16,C4_LOSO_SHRINKAGE,120,120,0.8571428571428571,0.9791666666666666,0.5,0.9787234042553191,-1,-0.5,-8.5,3,2,0.03741860205124894,0.013407967797184873,0.12107121422664249,0.009487495515262349,0.392616960427798,0.050502698266644955
ds004444,sub-003,ses-16,C4_LOSO_SHRINKAGE,full,314,0.9401197604790419,1.0,1.0,1.0,0,0.0,0.0,0,0,0.0,0.0,0.0,0.0,0.0,0.0
ds004444,sub-004,ses-01,C0_CURRENT_OVERLAP_EMPIRICAL,15,30,,0.9083333333333333,0.3333333333333333,0.9039301310043668,0,0.0,-2.5,11,11,0.20395261384578292,0.1018257496958754,0.04084200277983814,0.1648771721106808,0.22711093948470248,0.9646096408376245
ds004444,sub-004,ses-01,C0_CURRENT_OVERLAP_EMPIRICAL,30,60,,0.95,0.4782608695652174,0.9475982532751092,-10,-5.0,2.0,11,1,0.2037709386691795,0.040326075940199935,0.022258556566652897,0.12431571601799525,0.1632470691822426,0.8650216316495482
ds004444,sub-004,ses-01,C0_CURRENT_OVERLAP_EMPIRICAL,60,120,,0.9666666666666667,0.6666666666666666,0.9642857142857143,-4,-2.0,-2.5,6,2,0.021405686389242125,0.004965010067982494,0.030252221017966825,0.05141148566872947,0.0981654214058841,0.7389141076646076
ds004444,sub-004,ses-01,C0_CURRENT_OVERLAP_EMPIRICAL,90,180,,0.975,0.7391304347826086,0.9730941704035875,-4,-2.0,0.0,5,1,0.03918628688095222,0.04801224887896092,0.08166218956825404,0.008541592909390874,0.08480843223046275,0.6245339580348017
ds004444,sub-004,ses-01,C0_CURRENT_OVERLAP_EMPIRICAL,120,240,,0.975,0.7391304347826086,0.9730941704035875,-4,-2.0,0.0,5,1,0.05700644276208845,0.051240756853121815,0.09330649450797089,0.03448624408350056,0.016687787433171942,0.654006460044798
ds004444,sub-004,ses-01,C0_CURRENT_OVERLAP_EMPIRICAL,full,658,,1.0,1.0,1.0,0,0.0,0.0,0,0,0.0,0.0,0.0,0.0,0.0,0.0
ds004444,sub-004,ses-01,C1_NONOVERLAP_EMPIRICAL,15,15,,0.8958333333333334,0.2857142857142857,0.8913043478260869,-1,-0.5,0.0,13,12,0.2152583268615336,0.09254939908325907,0.06958941225678626,0.3048370011367495,0.021630681521237233,1.072211465124639
ds004444,sub-004,ses-01,C1_NONOVERLAP_EMPIRICAL,30,30,,0.9666666666666667,0.7037037037037037,0.9638009049773756,0,0.0,-1.0,4,4,0.09669179043764693,0.004540738594616783,0.02467077887183285,0.17714974379064005,0.17302398009726255,1.0282871612241018
ds004444,sub-004,ses-01,C1_NONOVERLAP_EMPIRICAL,60,60,,0.9458333333333333,0.6060606060606061,0.9409090909090909,7,3.5,-3.5,3,10,0.13225906962185227,0.011762430117568405,0.04174777632373508,0.07098154616475072,0.10673608452386368,0.9988273577720892
ds004444,sub-004,ses-01,C1_NONOVERLAP_EMPIRICAL,90,90,,0.9416666666666667,0.5483870967741935,0.9372197309417041,2,1.0,-3.5,6,8,0.13134905034100874,0.05662558922520854,0.06309017793078855,0.028693715425733998,0.08713121718785222,0.8428066928170184
ds004444,sub-004,ses-01,C1_NONOVERLAP_EMPIRICAL,120,120,,0.9458333333333333,0.59375,0.9411764705882353,5,2.5,-3.5,4,9,0.13452149362464313,0.03238145145783007,0.05368848859310028,0.035815287828753366,0.05936371751267926,0.8810737266069741
ds004444,sub-004,ses-01,C1_NONOVERLAP_EMPIRICAL,full,329,,1.0,1.0,1.0,0,0.0,0.0,0,0,0.0,0.0,0.0,0.0,0.0,0.0
ds004444,sub-004,ses-01,C2_NONOVERLAP_HARRELL_DAVIS,15,15,,0.9166666666666666,0.3939393939393939,0.9118942731277533,-2,-1.0,1.5,11,9,0.16780660020124052,0.0927964746346972,0.04008437714278809,0.27483045658352323,0.05735560550222526,1.102189533399856
ds004444,sub-004,ses-01,C2_NONOVERLAP_HARRELL_DAVIS,30,30,,0.9916666666666667,0.9166666666666666,0.9908256880733946,-2,-1.0,0.0,2,0,0.005262071816986693,0.018596278286180754,0.024181313199514044,0.21227967577328136,0.25962891694563284,1.0522343098316145
ds004444,sub-004,ses-01,C2_NONOVERLAP_HARRELL_DAVIS,60,60,,0.95,0.6363636363636364,0.9452054794520548,6,3.0,-3.5,3,9,0.1268615968705532,0.03157651764029321,0.03312928181063063,0.09389151438006066,0.09579149655157594,0.976127896968678
ds004444,sub-004,ses-01,C2_NONOVERLAP_HARRELL_DAVIS,90,90,,0.9375,0.5454545454545454,0.9324324324324325,3,1.5,-3.5,6,9,0.13352386648422196,0.045903865466473015,0.06693219886003737,0.03188226163273408,0.03860294702053569,0.886325263285502
ds004444,sub-004,ses-01,C2_NONOVERLAP_HARRELL_DAVIS,120,120,,0.9291666666666667,0.5277777777777778,0.9230769230769231,7,3.5,-6.5,5,12,0.171559561642982,0.0370728460341676,0.06162575171120237,0.04045337343028877,0.005795005001790775,0.8810416364738981
ds004444,sub-004,ses-01,C2_NONOVERLAP_HARRELL_DAVIS,full,329,,1.0,1.0,1.0,0,0.0,0.0,0,0,0.0,0.0,0.0,0.0,0.0,0.0
ds004444,sub-004,ses-01,C3_BLOCK_SUBSAMPLE_EMPIRICAL,30,15,,0.9625,0.5909090909090909,0.960352422907489,-7,-3.5,0.0,8,1,0.18291277116351062,0.011184492459823966,0.09771404790657076,0.06397707819956933,0.14092030031969718,0.1171304382216156
ds004444,sub-004,ses-01,C3_BLOCK_SUBSAMPLE_EMPIRICAL,60,30,,0.9458333333333333,0.5666666666666667,0.9417040358744395,5,2.5,-6.0,4,9,0.13410633402136302,0.03304657862978018,0.11887583967533974,0.039954744256108475,0.1443986113847184,0.021296847091879283
ds004444,sub-004,ses-01,C3_BLOCK_SUBSAMPLE_EMPIRICAL,90,45,,0.95,0.5862068965517241,0.9461883408071748,4,2.0,-6.0,4,8,0.12101645130783792,0.027505557769745396,0.1368814950729172,0.010513158965639077,0.13526354594797144,0.052121069375589205
ds004444,sub-004,ses-01,C3_BLOCK_SUBSAMPLE_EMPIRICAL,120,60,,0.9541666666666667,0.6071428571428571,0.9506726457399103,3,1.5,-6.0,4,7,0.12157890647773013,0.022569517074882868,0.13616620586023948,0.002375179525714567,0.11687034925517746,0.06918753681484714
ds004444,sub-004,ses-01,C3_BLOCK_SUBSAMPLE_EMPIRICAL,full,165,,1.0,1.0,1.0,0,0.0,0.0,0,0,0.0,0.0,0.0,0.0,0.0,0.0
ds004444,sub-004,ses-01,C4_LOSO_SHRINKAGE,15,15,0.42857142857142855,0.8833333333333333,0.0,0.8833333333333333,-22,-11.0,68.0,25,3,0.38662696615702635,0.13623151845086287,0.1060533507609361,0.016526655658551125,0.5417505635319737,0.08797872532293377
ds004444,sub-004,ses-01,C4_LOSO_SHRINKAGE,30,30,0.6,0.9041666666666667,0.30303030303030304,0.9,-7,-3.5,-0.5,15,8,0.25411981228279146,0.11498758858504947,0.06557092336967216,0.03047137660628741,0.464354349684996,0.3828788909039251
ds004444,sub-004,ses-01,C4_LOSO_SHRINKAGE,60,60,0.75,0.925,0.47058823529411764,0.9196428571428571,0,0.0,-0.5,9,9,0.21162440480686384,0.057223028166510426,0.060052152245633296,0.010519833223601832,0.2814503396319493,0.6350478456819576
ds004444,sub-004,ses-01,C4_LOSO_SHRINKAGE,90,90,0.8181818181818182,0.925,0.45454545454545453,0.92,-2,-1.0,-0.5,10,8,0.18152435472880668,0.09003049624518839,0.07045666084117772,0.004266076941635335,0.2002252699496222,0.6248300200664634
ds004444,sub-004,ses-01,C4_LOSO_SHRINKAGE,120,120,0.8571428571428571,0.9333333333333333,0.5294117647058824,0.9279279279279279,2,1.0,-0.5,7,9,0.16753455462053685,0.05770134802714904,0.05905105232032462,0.0118251243932014,0.043834733626767756,0.723007959949693
ds004444,sub-004,ses-01,C4_LOSO_SHRINKAGE,full,329,0.9426934097421203,1.0,1.0,1.0,0,0.0,0.0,0,0,0.0,0.0,0.0,0.0,0.0,0.0
ds004444,sub-004,ses-16,C0_CURRENT_OVERLAP_EMPIRICAL,15,30,,0.9416666666666667,0.17647058823529413,0.9409282700421941,-8,-4.0,-2.5,11,3,0.32099587758361786,0.09100185212064875,0.3281884960344699,0.2003328097111789,0.05437612946534636,13.464743265318448
ds004444,sub-004,ses-16,C0_CURRENT_OVERLAP_EMPIRICAL,30,60,,0.9541666666666667,0.3888888888888889,0.9527896995708155,-3,-1.5,1.5,7,4,0.23106376772099746,0.06874735301124968,0.09151584697185106,0.11378564459114533,0.0911415609723697,13.540248768081623
ds004444,sub-004,ses-16,C0_CURRENT_OVERLAP_EMPIRICAL,60,120,,0.9541666666666667,0.45,0.9523809523809523,1,0.5,1.5,5,6,0.1635936062890749,0.030193604005337698,0.04964480115561058,0.11281879588431498,0.09698023685119006,13.626660948355434
ds004444,sub-004,ses-16,C0_CURRENT_OVERLAP_EMPIRICAL,90,180,,0.9666666666666667,0.5294117647058824,0.9653679653679653,-2,-1.0,-10.5,5,3,0.01036214002467269,0.03808050486307127,0.009673039255551807,0.08088791885703005,0.05751153580710131,12.970442395984337
ds004444,sub-004,ses-16,C0_CURRENT_OVERLAP_EMPIRICAL,120,240,,0.9666666666666667,0.5294117647058824,0.9653679653679653,-2,-1.0,-15.5,5,3,0.03991089380075422,0.024341574364808573,0.01552441690840472,0.05354089059204413,0.04078432441222581,12.698677670725584
ds004444,sub-004,ses-16,C0_CURRENT_OVERLAP_EMPIRICAL,full,614,,1.0,1.0,1.0,0,0.0,0.0,0,0,0.0,0.0,0.0,0.0,0.0,0.0
ds004444,sub-004,ses-16,C1_NONOVERLAP_EMPIRICAL,15,15,,0.9583333333333334,0.23076923076923078,0.9578059071729957,-10,-5.0,44.0,10,0,0.09029779370815622,0.13436118490365853,0.2967354072505366,0.08324764676111018,0.02127439698207563,0.19570470953268584
ds004444,sub-004,ses-16,C1_NONOVERLAP_EMPIRICAL,30,30,,0.9875,0.7857142857142857,0.9868995633187773,-1,-0.5,0.0,2,1,0.0642259315542612,0.0655657600998597,0.05785748588868651,0.07288613183411169,0.07382492890115919,0.24654090496207826
ds004444,sub-004,ses-16,C1_NONOVERLAP_EMPIRICAL,60,60,,0.975,0.625,0.9739130434782609,0,0.0,12.0,3,3,0.027802365537672714,0.028895676658815136,0.02064756262715804,0.07625612724158579,0.10727617995327005,0.18677640123810194
ds004444,sub-004,ses-16,C1_NONOVERLAP_EMPIRICAL,90,90,,0.9791666666666666,0.6666666666666666,0.9782608695652174,-1,-0.5,10.5,3,2,0.04661112489754633,0.04994366279704456,0.03879436228164927,0.07288613183411169,0.06670778234500785,0.175606034876278
ds004444,sub-004,ses-16,C1_NONOVERLAP_EMPIRICAL,120,120,,0.9791666666666666,0.6666666666666666,0.9782608695652174,-1,-0.5,-5.0,3,2,0.09743394099344171,0.029272261288977867,0.03573043538384169,0.046213542551457515,0.03835697484838011,0.20125684480202682
ds004444,sub-004,ses-16,C1_NONOVERLAP_EMPIRICAL,full,307,,1.0,1.0,1.0,0,0.0,0.0,0,0,0.0,0.0,0.0,0.0,0.0,0.0
ds004444,sub-004,ses-16,C2_NONOVERLAP_HARRELL_DAVIS,15,15,,0.95,0.07692307692307693,0.9497907949790795,-12,-6.0,66.0,12,0,0.14989372344140967,0.11491316973184838,0.24261862471173273,0.11809587470976454,0.03723287567409721,0.256543358695097
ds004444,sub-004,ses-16,C2_NONOVERLAP_HARRELL_DAVIS,30,30,,0.9875,0.7857142857142857,0.9868995633187773,-1,-0.5,0.0,2,1,0.060627114658432985,0.04888050793408826,0.030133529168833134,0.07732936968398818,0.04420711342432978,0.25307057654988413
ds004444,sub-004,ses-16,C2_NONOVERLAP_HARRELL_DAVIS,60,60,,0.9833333333333333,0.7333333333333333,0.982532751091703,0,0.0,12.0,2,2,0.007005362628067435,0.014843976419176404,0.021415332794046765,0.08308903413958033,0.08066110523176595,0.20706643199224067
ds004444,sub-004,ses-16,C2_NONOVERLAP_HARRELL_DAVIS,90,90,,0.9791666666666666,0.6666666666666666,0.9782608695652174,-1,-0.5,10.5,3,2,0.0575664359632099,0.04471181297061329,0.02986982259940835,0.07999049160219114,0.052548050313358526,0.1814161100542499
ds004444,sub-004,ses-16,C2_NONOVERLAP_HARRELL_DAVIS,120,120,,0.9708333333333333,0.5625,0.9696969696969697,-1,-0.5,-5.0,4,3,0.13322275102618944,0.021666088251762507,0.04680428845160081,0.049065211156492164,0.049997749873928375,0.18817660052993315
ds004444,sub-004,ses-16,C2_NONOVERLAP_HARRELL_DAVIS,full,307,,1.0,1.0,1.0,0,0.0,0.0,0,0,0.0,0.0,0.0,0.0,0.0,0.0
ds004444,sub-004,ses-16,C3_BLOCK_SUBSAMPLE_EMPIRICAL,30,15,,0.9625,0.5909090909090909,0.960352422907489,5,2.5,0.0,2,7,0.15387217520987415,0.03699208236155986,0.07981058078247426,0.01897925273736017,0.0953210797535654,0.4387370003581856
ds004444,sub-004,ses-16,C3_BLOCK_SUBSAMPLE_EMPIRICAL,60,30,,0.975,0.6470588235294118,0.9737991266375546,-2,-1.0,17.0,4,2,0.031831631411221105,0.0446047384184384,0.08519208118686382,0.022321416577978377,0.06387539764599624,0.23386109720767548
ds004444,sub-004,ses-16,C3_BLOCK_SUBSAMPLE_EMPIRICAL,90,45,,0.9791666666666666,0.6875,0.9781659388646288,-3,-1.5,15.5,4,1,0.049089493903779396,0.023764308716951277,0.10876311830520545,0.03553003138900146,0.0028508050111130745,0.11623363376071959
ds004444,sub-004,ses-16,C3_BLOCK_SUBSAMPLE_EMPIRICAL,120,60,,0.9875,0.8125,0.986784140969163,-1,-0.5,15.5,2,1,0.0696558798918297,0.009280646274756558,0.046711048874275955,0.021543795000932037,0.0003801073348149807,0.13964239315198443
ds004444,sub-004,ses-16,C3_BLOCK_SUBSAMPLE_EMPIRICAL,full,154,,1.0,1.0,1.0,0,0.0,0.0,0,0,0.0,0.0,0.0,0.0,0.0,0.0
ds004444,sub-004,ses-16,C4_LOSO_SHRINKAGE,15,15,0.42857142857142855,0.9333333333333333,0.0,0.9333333333333333,-14,-7.0,68.5,15,1,0.3823801206255549,0.23878384103800093,0.32541665263531,0.0592503796072712,0.9736463356602785,0.3442993858519721
ds004444,sub-004,ses-16,C4_LOSO_SHRINKAGE,30,30,0.6,0.9333333333333333,0.1111111111111111,0.9327731092436975,-10,-5.0,5.5,13,3,0.26728031748101616,0.15968778359171593,0.16519285335304645,0.059328130876734796,0.6020190933259328,0.13161835334999303
ds004444,sub-004,ses-16,C4_LOSO_SHRINKAGE,60,60,0.75,0.9458333333333333,0.23529411764705882,0.9449152542372882,-9,-4.5,26.5,11,2,0.14830801576918398,0.08873769316094196,0.08811225900796958,0.06579102989753205,0.28619527574733644,0.012721510303607176
ds004444,sub-004,ses-16,C4_LOSO_SHRINKAGE,90,90,0.8181818181818182,0.9666666666666667,0.5294117647058824,0.9653679653679653,-4,-2.0,12.0,6,2,0.04119045255223814,0.08429685189590876,0.07865619803608394,0.06506278484058388,0.1800568979455612,0.04885372762752134
ds004444,sub-004,ses-16,C4_LOSO_SHRINKAGE,120,120,0.8571428571428571,0.975,0.625,0.9739130434782609,-4,-2.0,0.0,5,1,0.03216906098681263,0.054443550930035514,7.999037654258995e-05,0.04328948564144923,0.1255203938540599,0.11220132320354603
ds004444,sub-004,ses-16,C4_LOSO_SHRINKAGE,full,307,0.9388379204892966,1.0,1.0,1.0,0,0.0,0.0,0,0,0.0,0.0,0.0,0.0,0.0,0.0
ds004444,sub-005,ses-01,C0_CURRENT_OVERLAP_EMPIRICAL,15,30,,0.9125,0.0,0.9125,-15,-7.5,43.0,18,3,1.832521369844291,1.2024872977582026,2.1114616909736084,3.9640164095273853,0.37977251984724436,2.950846151328691
ds004444,sub-005,ses-01,C0_CURRENT_OVERLAP_EMPIRICAL,30,60,,0.9208333333333333,0.13636363636363635,0.919831223628692,-11,-5.5,14.0,15,4,0.45337828359787313,0.48530162287602574,1.0582330632349528,0.7840637358322295,0.2101300923378758,0.49973445935611527
ds004444,sub-005,ses-01,C0_CURRENT_OVERLAP_EMPIRICAL,60,120,,0.95,0.4,0.9482758620689655,-8,-4.0,3.0,10,2,0.0026754107169977047,0.018113282517265076,0.8465571890877772,0.20293889364792259,0.04138857581281394,0.7328716933677678
ds004444,sub-005,ses-01,C0_CURRENT_OVERLAP_EMPIRICAL,90,180,,0.9416666666666667,0.3,0.9401709401709402,-10,-5.0,35.0,12,2,0.02151867811208129,0.028117898818800197,0.5881445745648155,0.2709355456237291,0.13719230597061535,0.9130401900500679
ds004444,sub-005,ses-01,C0_CURRENT_OVERLAP_EMPIRICAL,120,240,,0.95,0.3684210526315789,0.9484978540772532,-10,-5.0,24.0,11,1,0.02151867811208129,0.04252555901518892,0.35953726960161486,0.2636556683799155,0.1360737142654242,0.6976757266605713
ds004444,sub-005,ses-01,C0_CURRENT_OVERLAP_EMPIRICAL,full,626,,1.0,1.0,1.0,0,0.0,0.0,0,0,0.0,0.0,0.0,0.0,0.0,0.0
ds004444,sub-005,ses-01,C1_NONOVERLAP_EMPIRICAL,15,15,,0.8833333333333333,0.0,0.8833333333333333,-14,-7.0,20.0,21,7,1.3687460407846308,1.124147367928343,3.576349213108225,4.373907783974888,0.47784438416578173,1.9531671665891053
ds004444,sub-005,ses-01,C1_NONOVERLAP_EMPIRICAL,30,30,,0.9125,0.25,0.9098712446351931,-7,-3.5,10.0,14,7,0.2630227668863641,0.7325573471453642,1.238160821467339,1.103467156437202,0.21005750806056284,0.546628373019435
ds004444,sub-005,ses-01,C1_NONOVERLAP_EMPIRICAL,60,60,,0.9375,0.34782608695652173,0.9353448275862069,-11,-5.5,24.0,13,2,0.030153020317802818,0.013023737106566041,1.156358930386885,0.2451277805000044,0.09668570150975872,0.40243383133355176
ds004444,sub-005,ses-01,C1_NONOVERLAP_EMPIRICAL,90,90,,0.9208333333333333,0.2692307692307692,0.9184549356223176,-9,-4.5,35.0,14,5,0.083798425314734,0.050228682533923874,0.9525615565031699,0.28104860034011303,0.1361255330454864,0.6599063814570724
ds004444,sub-005,ses-01,C1_NONOVERLAP_EMPIRICAL,120,120,,0.925,0.3076923076923077,0.9224137931034483,-8,-4.0,24.0,13,5,0.0710228188770492,0.04942373361051321,0.662629882563255,0.25800647073122784,0.12295514205753279,0.625385516789245
ds004444,sub-005,ses-01,C1_NONOVERLAP_EMPIRICAL,full,313,,1.0,1.0,1.0,0,0.0,0.0,0,0,0.0,0.0,0.0,0.0,0.0,0.0
ds004444,sub-005,ses-01,C2_NONOVERLAP_HARRELL_DAVIS,15,15,,0.9083333333333333,0.0,0.9083333333333333,-16,-8.0,43.0,19,3,2.442452624798918,2.156524666304411,5.375184489870024,10.242437418011972,1.8409590057660676,1.8708111918464068
ds004444,sub-005,ses-01,C2_NONOVERLAP_HARRELL_DAVIS,30,30,,0.9166666666666666,0.16666666666666666,0.9152542372881356,-10,-5.0,14.0,15,5,0.4610601484983322,0.7535012247579885,1.6234395089043014,2.378703027606695,0.5347946500623686,1.024394477974724
ds004444,sub-005,ses-01,C2_NONOVERLAP_HARRELL_DAVIS,60,60,,0.9625,0.5909090909090909,0.960352422907489,-3,-1.5,0.0,6,3,0.06537935739667418,0.07793971951495254,1.1753774006796212,0.04108849154944806,0.022104170687493298,0.46519917100426966
ds004444,sub-005,ses-01,C2_NONOVERLAP_HARRELL_DAVIS,90,90,,0.9208333333333333,0.20833333333333334,0.9191489361702128,-9,-4.5,35.0,14,5,0.08382491583121834,0.043767283542117535,0.826798067082579,0.28082464390857037,0.11158485661917884,0.6536707853261681
ds004444,sub-005,ses-01,C2_NONOVERLAP_HARRELL_DAVIS,120,120,,0.9208333333333333,0.24,0.9188034188034188,-7,-3.5,24.0,13,6,0.0949523034310961,0.047558367949056796,0.5701076195718437,0.264064963589908,0.07868452762330654,0.6591047693761561
ds004444,sub-005,ses-01,C2_NONOVERLAP_HARRELL_DAVIS,full,313,,1.0,1.0,1.0,0,0.0,0.0,0,0,0.0,0.0,0.0,0.0,0.0,0.0
ds004444,sub-005,ses-01,C3_BLOCK_SUBSAMPLE_EMPIRICAL,30,15,,0.9375,0.5833333333333334,0.9315068493150684,11,5.5,0.0,2,13,0.0215671718106975,0.21537823492142674,1.309659906803273,0.21484658078984706,0.5317559249951379,0.26811376913600976
ds004444,sub-005,ses-01,C3_BLOCK_SUBSAMPLE_EMPIRICAL,60,30,,0.9416666666666667,0.4166666666666667,0.9391304347826087,-12,-6.0,30.5,13,1,0.026115059426172336,0.04902018292387066,1.8324649342119201,0.22558331367656057,0.0418462898890429,0.4071997185643435
ds004444,sub-005,ses-01,C3_BLOCK_SUBSAMPLE_EMPIRICAL,90,45,,0.9416666666666667,0.44,0.9388646288209607,-10,-5.0,41.5,12,2,0.09678076144871937,0.07296088556423103,0.7863621714451977,0.26723432575769074,0.10037559730717373,0.6421089362379111
ds004444,sub-005,ses-01,C3_BLOCK_SUBSAMPLE_EMPIRICAL,120,60,,0.9375,0.375,0.935064935064935,-13,-6.5,53.0,14,1,0.11919631146161182,0.07378821535484369,0.19481168436000493,0.26036128601380026,0.07333781360774673,0.39963454158887246
ds004444,sub-005,ses-01,C3_BLOCK_SUBSAMPLE_EMPIRICAL,full,157,,1.0,1.0,1.0,0,0.0,0.0,0,0,0.0,0.0,0.0,0.0,0.0,0.0
ds004444,sub-005,ses-01,C4_LOSO_SHRINKAGE,15,15,0.42857142857142855,0.9125,0.0,0.9125,-11,-5.5,25.0,16,5,1.2847227177628069,0.6504899653532803,1.5189528595654083,1.6183403924651134,0.018042014379304406,0.912813459913914
ds004444,sub-005,ses-01,C4_LOSO_SHRINKAGE,30,30,0.6,0.925,0.05263157894736842,0.9246861924686193,-12,-6.0,15.0,15,3,0.6423401781136419,0.5491835846162957,0.7331995518130332,0.46923811049658815,0.022367670251804802,0.38058166726994885
ds004444,sub-005,ses-01,C4_LOSO_SHRINKAGE,60,60,0.75,0.9375,0.0625,0.9372384937238494,-15,-7.5,93.0,15,0,0.2578687500855591,0.05686160896578298,0.8627428098886657,0.3129628830934899,0.1592663810087935,0.33004820176801397
ds004444,sub-005,ses-01,C4_LOSO_SHRINKAGE,90,90,0.8181818181818182,0.9458333333333333,0.1875,0.9451476793248945,-13,-6.5,51.0,13,0,0.11599840814966415,0.0023472384844740093,0.7769075743825633,0.3170425985861949,0.16872672237563044,0.5545972859343475
ds004444,sub-005,ses-01,C4_LOSO_SHRINKAGE,120,120,0.8571428571428571,0.9458333333333333,0.1875,0.9451476793248945,-13,-6.5,51.0,13,0,0.06588214402387407,0.012518292933969314,0.5663698936591411,0.2828727774885921,0.1451849347253629,0.5443569240383664
ds004444,sub-005,ses-01,C4_LOSO_SHRINKAGE,full,313,0.93993993993994,1.0,1.0,1.0,0,0.0,0.0,0,0,0.0,0.0,0.0,0.0,0.0,0.0
ds004444,sub-005,ses-16,C0_CURRENT_OVERLAP_EMPIRICAL,15,30,,0.9458333333333333,0.07142857142857142,0.9456066945606695,-9,-4.5,80.5,11,2,0.18605748367088834,0.3825555772653592,3.6669567656434325,0.24807242692336226,0.2162116039518667,304.5008262113845
ds004444,sub-005,ses-16,C0_CURRENT_OVERLAP_EMPIRICAL,30,60,,0.9541666666666667,0.15384615384615385,0.9537815126050421,-9,-4.5,81.0,10,1,0.11141650488541331,0.3636850199634891,1.3848540311153923,0.28146158911485786,0.015518768597053121,264.88234384180873
ds004444,sub-005,ses-16,C0_CURRENT_OVERLAP_EMPIRICAL,60,120,,0.9541666666666667,0.15384615384615385,0.9537815126050421,-9,-4.5,81.0,10,1,0.040981261174183006,0.32550046130190147,0.5123000712932013,0.23983576368121118,0.17301659094443483,311.4917780527528
ds004444,sub-005,ses-16,C0_CURRENT_OVERLAP_EMPIRICAL,90,180,,0.9583333333333334,0.16666666666666666,0.957983193277311,-10,-5.0,81.0,10,0,0.018685365379345665,0.20764598014017394,0.42846497466673744,0.13982563464158534,0.16959868826226931,366.93176390036774
ds004444,sub-005,ses-16,C0_CURRENT_OVERLAP_EMPIRICAL,120,240,,0.9708333333333333,0.4166666666666667,0.9702127659574468,-7,-3.5,40.0,7,0,0.004822568579365788,0.12975583899133997,0.08117663725202862,0.06842776023697171,0.18458132706979208,427.88852893764636
ds004444,sub-005,ses-16,C0_CURRENT_OVERLAP_EMPIRICAL,full,618,,1.0,1.0,1.0,0,0.0,0.0,0,0,0.0,0.0,0.0,0.0,0.0,0.0
ds004444,sub-005,ses-16,C1_NONOVERLAP_EMPIRICAL,15,15,,0.9625,0.18181818181818182,0.9621848739495799,-7,-3.5,81.0,8,1,0.05985155738087137,0.4151528926619592,2.490756930295783,0.2536103712374667,0.2944710254593354,0.45614931228300626
ds004444,sub-005,ses-16,C1_NONOVERLAP_EMPIRICAL,30,30,,0.9625,0.18181818181818182,0.9621848739495799,-7,-3.5,81.0,8,1,0.08013963370127869,0.3708218309883897,1.1303950557030849,0.28496727823279266,0.009963893172678304,0.48003879848474723
ds004444,sub-005,ses-16,C1_NONOVERLAP_EMPIRICAL,60,60,,0.9666666666666667,0.2,0.9663865546218487,-8,-4.0,81.0,8,0,0.05242989901913295,0.3367099715251291,0.4740375467089141,0.2184597744521826,0.1741409734288083,0.44851224298862963
ds004444,sub-005,ses-16,C1_NONOVERLAP_EMPIRICAL,90,90,,0.9666666666666667,0.2,0.9663865546218487,-8,-4.0,81.0,8,0,0.023759747763070604,0.19169398701095036,0.35504325686904886,0.11182644865709616,0.174140973428808,0.32569526453263997
ds004444,sub-005,ses-16,C1_NONOVERLAP_EMPIRICAL,120,120,,0.975,0.4,0.9745762711864406,-6,-3.0,40.0,6,0,0.07347417166050321,0.10628624835381754,0.0262507440565336,0.06733851908596442,0.19465342823006204,0.2314893851519645
ds004444,sub-005,ses-16,C1_NONOVERLAP_EMPIRICAL,full,309,,1.0,1.0,1.0,0,0.0,0.0,0,0,0.0,0.0,0.0,0.0,0.0,0.0
ds004444,sub-005,ses-16,C2_NONOVERLAP_HARRELL_DAVIS,15,15,,0.9583333333333334,0.4117647058823529,0.9570815450643777,2,1.0,0.5,4,6,0.10917614523574636,0.08890441817789617,3.6260757891103848,0.019162840360385396,2.1050104865521972,0.4570789273409628
ds004444,sub-005,ses-16,C2_NONOVERLAP_HARRELL_DAVIS,30,30,,0.9583333333333334,0.16666666666666666,0.957983193277311,-8,-4.0,81.0,9,1,0.10232449900347582,0.37101739997993965,2.0214479095843827,0.26546641774732194,0.40091123676474333,0.4577435457826717
ds004444,sub-005,ses-16,C2_NONOVERLAP_HARRELL_DAVIS,60,60,,0.9583333333333334,0.16666666666666666,0.957983193277311,-8,-4.0,81.0,9,1,0.03958578498789494,0.331777073320083,0.9097149621582009,0.21138520702123972,0.12597246408240503,0.45354908704895164
ds004444,sub-005,ses-16,C2_NONOVERLAP_HARRELL_DAVIS,90,90,,0.9625,0.18181818181818182,0.9621848739495799,-9,-4.5,81.0,9,0,0.0034276506254647355,0.18965039891446417,0.4057377027619623,0.1182045535262256,0.15560994469004036,0.345048771382614
ds004444,sub-005,ses-16,C2_NONOVERLAP_HARRELL_DAVIS,120,120,,0.9708333333333333,0.36363636363636365,0.9703389830508474,-7,-3.5,40.0,7,0,0.05140895323982575,0.09511547260532302,0.16279439400023996,0.06449251390742496,0.17784665967460273,0.237541719322974
ds004444,sub-005,ses-16,C2_NONOVERLAP_HARRELL_DAVIS,full,309,,1.0,1.0,1.0,0,0.0,0.0,0,0,0.0,0.0,0.0,0.0,0.0,0.0
ds004444,sub-005,ses-16,C3_BLOCK_SUBSAMPLE_EMPIRICAL,30,15,,0.9583333333333334,0.16666666666666666,0.957983193277311,-10,-5.0,81.5,10,0,0.1646618431383887,0.3816659721636449,0.17175363842780042,0.24231573853565402,0.06282305594279933,0.08017182069720562
ds004444,sub-005,ses-16,C3_BLOCK_SUBSAMPLE_EMPIRICAL,60,30,,0.9583333333333334,0.16666666666666666,0.957983193277311,-10,-5.0,81.5,10,0,0.12840867684842744,0.3338637645917311,0.16875118556034335,0.1968476316471406,0.17352135671559685,0.1698407392110846
ds004444,sub-005,ses-16,C3_BLOCK_SUBSAMPLE_EMPIRICAL,90,45,,0.9583333333333334,0.16666666666666666,0.957983193277311,-10,-5.0,81.5,10,0,0.11191761675967841,0.19554146087091898,0.05209835537344236,0.12605246049373145,0.1912403616522736,0.1726877470490803
ds004444,sub-005,ses-16,C3_BLOCK_SUBSAMPLE_EMPIRICAL,120,60,,0.9666666666666667,0.3333333333333333,0.9661016949152542,-8,-4.0,47.0,8,0,0.09339402931525079,0.10683158938024738,0.04633096293532505,0.09322993566590154,0.19553351262800184,0.22860954403147235
ds004444,sub-005,ses-16,C3_BLOCK_SUBSAMPLE_EMPIRICAL,full,155,,1.0,1.0,1.0,0,0.0,0.0,0,0,0.0,0.0,0.0,0.0,0.0,0.0
ds004444,sub-005,ses-16,C4_LOSO_SHRINKAGE,15,15,0.42857142857142855,0.9666666666666667,0.1111111111111111,0.9665271966527197,-8,-4.0,85.5,8,0,0.5841747340236747,0.19700947826982054,1.2292906210455705,0.14592981480968853,0.02300176031278998,0.4672534950795152
ds004444,sub-005,ses-16,C4_LOSO_SHRINKAGE,30,30,0.6,0.9625,0.1,0.9623430962343096,-7,-3.5,85.5,8,1,0.4484686481423293,0.23540427621744098,0.7864151768223618,0.19615046067246145,0.0635471259354402,0.4735506898461407
ds004444,sub-005,ses-16,C4_LOSO_SHRINKAGE,60,60,0.75,0.9666666666666667,0.1111111111111111,0.9665271966527197,-8,-4.0,85.5,8,0,0.26175055746003456,0.2600200415423196,0.4163724107816281,0.178184282764102,0.1710573890826304,0.44542644773590634
ds004444,sub-005,ses-16,C4_LOSO_SHRINKAGE,90,90,0.8181818181818182,0.9666666666666667,0.1111111111111111,0.9665271966527197,-8,-4.0,85.5,8,0,0.12606372461989473,0.16161951111189685,0.32801688198446,0.10060834189830346,0.169088991591293,0.33784902587472465
ds004444,sub-005,ses-16,C4_LOSO_SHRINKAGE,120,120,0.8571428571428571,0.975,0.3333333333333333,0.9746835443037974,-6,-3.0,40.0,6,0,0.039289586590346155,0.09430910823385978,0.051797528973384056,0.06387983886301275,0.18576560090007913,0.24737535504908872
ds004444,sub-005,ses-16,C4_LOSO_SHRINKAGE,full,309,0.939209726443769,1.0,1.0,1.0,0,0.0,0.0,0,0,0.0,0.0,0.0,0.0,0.0,0.0
ds004444,sub-006,ses-01,C0_CURRENT_OVERLAP_EMPIRICAL,15,30,,0.8958333333333334,0.16666666666666666,0.8936170212765957,-11,-5.5,25.0,18,7,0.07395427521380983,0.07513062883895844,0.5117777935594596,0.03456749296885301,0.01746986572474099,17.819578429398586
ds004444,sub-006,ses-01,C0_CURRENT_OVERLAP_EMPIRICAL,30,60,,0.875,0.11764705882352941,0.8728813559322034,-8,-4.0,2.0,19,11,0.2355538308482691,0.1037495343308582,0.34579043747641264,0.08038740740070603,0.02273651642135235,15.458740699986956
ds004444,sub-006,ses-01,C0_CURRENT_OVERLAP_EMPIRICAL,60,120,,0.8833333333333333,0.2631578947368421,0.8782608695652174,2,1.0,1.5,13,15,0.24128030972270506,0.09464538027127094,0.3814435061597441,0.050514546332642865,0.11265494294970597,13.352175249718501
ds004444,sub-006,ses-01,C0_CURRENT_OVERLAP_EMPIRICAL,90,180,,0.875,0.23076923076923078,0.8701298701298701,2,1.0,1.5,14,16,0.22062278041684516,0.051526595641939045,0.31352546651865,0.03809943533384217,0.06898027863593421,14.121792196384956
ds004444,sub-006,ses-01,C0_CURRENT_OVERLAP_EMPIRICAL,120,240,,0.9,0.3333333333333333,0.8947368421052632,2,1.0,-2.5,11,13,0.18083109648638027,0.045597813407185835,0.27124126176961755,0.04430514130445241,0.047142946479048334,13.70599064636789
ds004444,sub-006,ses-01,C0_CURRENT_OVERLAP_EMPIRICAL,full,620,,1.0,1.0,1.0,0,0.0,0.0,0,0,0.0,0.0,0.0,0.0,0.0,0.0
ds004444,sub-006,ses-01,C1_NONOVERLAP_EMPIRICAL,15,15,,0.9208333333333333,0.2692307692307692,0.9184549356223176,-15,-7.5,23.0,17,2,0.07962300671245452,0.025990751264241992,0.42963373618968637,0.042482360077094376,0.021186879697217085,1.836176334754906
ds004444,sub-006,ses-01,C1_NONOVERLAP_EMPIRICAL,30,30,,0.8833333333333333,0.125,0.8813559322033898,-12,-6.0,9.5,20,8,0.2487125564613917,0.08764020239020116,0.4008397117696498,0.11569807297404731,0.051845540906141,1.7333504762320973
ds004444,sub-006,ses-01,C1_NONOVERLAP_EMPIRICAL,60,60,,0.9416666666666667,0.4166666666666667,0.9391304347826087,-14,-7.0,24.0,14,0,0.031941654166754326,0.07986738476384618,0.3757930720402226,0.05314883066585457,0.13878237863214707,1.297095758512821
ds004444,sub-006,ses-01,C1_NONOVERLAP_EMPIRICAL,90,90,,0.9208333333333333,0.42424242424242425,0.915929203539823,-1,-0.5,-0.5,10,9,0.19053354491756827,0.07795742591513928,0.2461502461120956,0.02860065763011473,0.0954655873420112,1.4170707854206175
ds004444,sub-006,ses-01,C1_NONOVERLAP_EMPIRICAL,120,120,,0.9166666666666666,0.4444444444444444,0.9107142857142857,4,2.0,-6.0,8,12,0.18405494376239054,0.046756361417497234,0.24154422471558443,0.026967368138542155,0.07315704930766603,1.1674358260464057
ds004444,sub-006,ses-01,C1_NONOVERLAP_EMPIRICAL,full,310,,1.0,1.0,1.0,0,0.0,0.0,0,0,0.0,0.0,0.0,0.0,0.0,0.0
ds004444,sub-006,ses-01,C2_NONOVERLAP_HARRELL_DAVIS,15,15,,0.9208333333333333,0.2962962962962963,0.9181034482758621,-7,-3.5,13.0,13,6,0.064725964994031,0.021357090100924393,0.24208870865777174,0.019467669656295105,0.3987451603570624,1.8635590735806833
ds004444,sub-006,ses-01,C2_NONOVERLAP_HARRELL_DAVIS,30,30,,0.8791666666666667,0.09375,0.8776371308016878,-7,-3.5,-3.5,18,11,0.25015544654485333,0.07371731367152036,0.3563936325121352,0.09432902633860465,0.006905138299823582,1.8302756464367393
ds004444,sub-006,ses-01,C2_NONOVERLAP_HARRELL_DAVIS,60,60,,0.9458333333333333,0.43478260869565216,0.9434782608695652,-9,-4.5,24.0,11,2,0.02006313994586253,0.07248980363404182,0.34829561457135655,0.0557056314159518,0.11482704610651058,1.283649740470101
ds004444,sub-006,ses-01,C2_NONOVERLAP_HARRELL_DAVIS,90,90,,0.9166666666666666,0.3333333333333333,0.9130434782608695,-2,-1.0,8.0,11,9,0.1624827225046681,0.06604416428413994,0.24808313567344986,0.029439546414850557,0.08924717922655519,1.374033443830767
ds004444,sub-006,ses-01,C2_NONOVERLAP_HARRELL_DAVIS,120,120,,0.9208333333333333,0.42424242424242425,0.915929203539823,5,2.5,-6.0,7,12,0.18375041424495533,0.04316287458490867,0.2198249273794321,0.026247976662047395,0.07444593500929375,1.1619359370150444
ds004444,sub-006,ses-01,C2_NONOVERLAP_HARRELL_DAVIS,full,310,,1.0,1.0,1.0,0,0.0,0.0,0,0,0.0,0.0,0.0,0.0,0.0,0.0
ds004444,sub-006,ses-01,C3_BLOCK_SUBSAMPLE_EMPIRICAL,30,15,,0.8833333333333333,0.0967741935483871,0.8818565400843882,-20,-10.0,38.0,24,4,0.2642168508311028,0.1352223034782232,0.42171123210016004,0.18325667949055943,0.009084217816234948,0.8405073037902973
ds004444,sub-006,ses-01,C3_BLOCK_SUBSAMPLE_EMPIRICAL,60,30,,0.8958333333333334,0.1935483870967742,0.8931623931623932,-17,-8.5,6.0,21,4,0.15183607016839906,0.11686890248203545,0.3815967557803832,0.09534096647088368,0.037093889415933834,0.47814795401207005
ds004444,sub-006,ses-01,C3_BLOCK_SUBSAMPLE_EMPIRICAL,90,45,,0.9083333333333333,0.40540540540540543,0.9022222222222223,-2,-1.0,-4.0,12,10,0.19788403884943134,0.10118288553467142,0.3428989346393689,0.028459447481985374,0.07696351205373796,0.6484112406894028
ds004444,sub-006,ses-01,C3_BLOCK_SUBSAMPLE_EMPIRICAL,120,60,,0.9125,0.43243243243243246,0.90625,-1,-0.5,-4.0,11,10,0.19095823686261887,0.05742404925697389,0.33342392908511836,0.02623905698737876,0.12301544959424916,0.560230049020807
ds004444,sub-006,ses-01,C3_BLOCK_SUBSAMPLE_EMPIRICAL,full,155,,1.0,1.0,1.0,0,0.0,0.0,0,0,0.0,0.0,0.0,0.0,0.0,0.0
ds004444,sub-006,ses-01,C4_LOSO_SHRINKAGE,15,15,0.42857142857142855,0.9166666666666666,0.0,0.9166666666666666,-20,-10.0,102.0,20,0,0.3186397379115516,0.1175030505208171,0.03556508831250473,0.03718375384251947,0.6162445672313458,0.5142238221935675
ds004444,sub-006,ses-01,C4_LOSO_SHRINKAGE,30,30,0.6,0.9208333333333333,0.05,0.9205020920502092,-19,-9.5,92.0,19,0,0.09042658282915153,0.03357516387433385,0.09152352551221767,0.032241138508439064,0.3862209162084385,0.8772768993151966
ds004444,sub-006,ses-01,C4_LOSO_SHRINKAGE,60,60,0.75,0.9416666666666667,0.3,0.9401709401709402,-14,-7.0,20.5,14,0,0.1532219373887612,0.011354820669914037,0.1949425809915864,0.019107768697700433,0.13522478107425237,0.8960165483583286
ds004444,sub-006,ses-01,C4_LOSO_SHRINKAGE,90,90,0.8181818181818182,0.9291666666666667,0.34615384615384615,0.9264069264069265,-5,-2.5,22.5,11,6,0.06602367480562862,0.03232621409001237,0.14524218039503403,0.010131913721881824,0.07590292932429295,1.1294236381120777
ds004444,sub-006,ses-01,C4_LOSO_SHRINKAGE,120,120,0.8571428571428571,0.9375,0.4642857142857143,0.933920704845815,1,0.5,11.0,7,8,0.0946132383268535,0.018779815750850932,0.16713858848320912,0.01406372723100922,0.042520693646740666,0.9879373692372537
ds004444,sub-006,ses-01,C4_LOSO_SHRINKAGE,full,310,0.9393939393939394,1.0,1.0,1.0,0,0.0,0.0,0,0,0.0,0.0,0.0,0.0,0.0,0.0
ds004444,sub-006,ses-16,C0_CURRENT_OVERLAP_EMPIRICAL,15,30,,0.8833333333333333,0.2222222222222222,0.8793103448275862,18,9.0,-15.0,5,23,0.3236577544449779,0.06313136850501584,0.16848098716661913,0.0630733299986621,0.10971799683365574,0.6681154844632445
ds004444,sub-006,ses-16,C0_CURRENT_OVERLAP_EMPIRICAL,30,60,,0.95,0.5,0.9473684210526315,10,5.0,-13.5,1,11,0.23088550872307032,0.022379932470967607,0.1354748515989785,0.0429389931223896,0.05850569484375905,0.6627726010308881
ds004444,sub-006,ses-16,C0_CURRENT_OVERLAP_EMPIRICAL,60,120,,0.9541666666666667,0.5217391304347826,0.9517543859649122,9,4.5,-13.5,1,10,0.21572950045454944,0.016684230043010007,0.10154423952476009,0.024578615938330398,0.11409651456094214,0.7157629652289819
ds004444,sub-006,ses-16,C0_CURRENT_OVERLAP_EMPIRICAL,90,180,,0.95,0.4782608695652174,0.9475982532751092,8,4.0,-13.5,2,10,0.19437714048829155,0.009423764843091336,0.039903301447661375,0.0032306553258548763,0.06437860246711428,0.58076900084661
ds004444,sub-006,ses-16,C0_CURRENT_OVERLAP_EMPIRICAL,120,240,,0.9708333333333333,0.6111111111111112,0.9694323144104804,3,1.5,-13.5,2,5,0.11932910789312075,0.0185042509102398,0.09389131935932865,0.022932758611279094,0.08347763776475554,0.5561463708750002
ds004444,sub-006,ses-16,C0_CURRENT_OVERLAP_EMPIRICAL,full,610,,1.0,1.0,1.0,0,0.0,0.0,0,0,0.0,0.0,0.0,0.0,0.0,0.0
ds004444,sub-006,ses-16,C1_NONOVERLAP_EMPIRICAL,15,15,,0.9291666666666667,0.37037037037037035,0.9260869565217391,15,7.5,-10.0,1,16,0.33680583674810244,0.03416212332923508,0.008617427538204712,0.03507181334402988,0.06390631082382824,1.1372740187852095
ds004444,sub-006,ses-16,C1_NONOVERLAP_EMPIRICAL,30,30,,0.9666666666666667,0.5789473684210527,0.9650655021834061,8,4.0,-8.0,0,8,0.19265267983903045,0.03058836107007289,0.7824790573370676,0.0340852825842299,0.058139733951048024,0.9122516217068626
ds004444,sub-006,ses-16,C1_NONOVERLAP_EMPIRICAL,60,60,,0.9458333333333333,0.43478260869565216,0.9434782608695652,11,5.5,-13.0,1,12,0.28766737945380294,0.008581724502216165,0.1583054710926462,0.009260450734027604,0.11659544471647393,0.8375537951260767
ds004444,sub-006,ses-16,C1_NONOVERLAP_EMPIRICAL,90,90,,0.95,0.45454545454545453,0.9478260869565217,10,5.0,-13.5,1,11,0.22796022675878458,0.0018923886416028336,0.07040421938863096,0.006758069508327297,0.05813973395104778,0.7730918539310476
ds004444,sub-006,ses-16,C1_NONOVERLAP_EMPIRICAL,120,120,,0.9625,0.5,0.961038961038961,5,2.5,-13.5,2,7,0.1840351360821562,0.008581724502216165,0.04734852217387731,0.012416768695291677,0.08424731828635051,0.6742526213089384
ds004444,sub-006,ses-16,C1_NONOVERLAP_EMPIRICAL,full,305,,1.0,1.0,1.0,0,0.0,0.0,0,0,0.0,0.0,0.0,0.0,0.0,0.0
ds004444,sub-006,ses-16,C2_NONOVERLAP_HARRELL_DAVIS,15,15,,0.9916666666666667,0.8333333333333334,0.991304347826087,0,0.0,0.0,1,1,0.10809580003219096,0.007205710045055286,0.1287145847578675,0.01758966160574897,0.3267016005629053,1.188725220146026
ds004444,sub-006,ses-16,C2_NONOVERLAP_HARRELL_DAVIS,30,30,,0.9916666666666667,0.8461538461538461,0.9912663755458515,2,1.0,-2.5,0,2,0.02778601020721274,0.041857650154598906,0.6869747880511705,0.013888353673946318,0.08195942292439513,1.0313483551326048
ds004444,sub-006,ses-16,C2_NONOVERLAP_HARRELL_DAVIS,60,60,,0.9541666666666667,0.47619047619047616,0.9521739130434783,9,4.5,-13.0,1,10,0.21969894399469894,0.0060203235039294435,0.1960368412084064,0.006569477382558246,0.034315281668698086,0.9059992537191761
ds004444,sub-006,ses-16,C2_NONOVERLAP_HARRELL_DAVIS,90,90,,0.9625,0.5263157894736842,0.9608695652173913,7,3.5,-13.5,1,8,0.17496134659841686,0.0066473675055238515,0.04285967364991169,0.004404211288802304,0.011509860407242051,0.7936883777162831
ds004444,sub-006,ses-16,C2_NONOVERLAP_HARRELL_DAVIS,120,120,,0.9625,0.5,0.961038961038961,5,2.5,-13.5,2,7,0.15480396143433342,0.006813724747518563,0.07569344354511752,0.011942985460829905,0.052805495342815985,0.7439380023322829
ds004444,sub-006,ses-16,C2_NONOVERLAP_HARRELL_DAVIS,full,305,,1.0,1.0,1.0,0,0.0,0.0,0,0,0.0,0.0,0.0,0.0,0.0,0.0
ds004444,sub-006,ses-16,C3_BLOCK_SUBSAMPLE_EMPIRICAL,30,15,,0.9208333333333333,0.2962962962962963,0.9181034482758621,13,6.5,-10.0,3,16,0.29194474691352734,0.05070828710807037,0.19779736945327334,0.08223211243565091,0.13622577930341628,1.1260114426804737
ds004444,sub-006,ses-16,C3_BLOCK_SUBSAMPLE_EMPIRICAL,60,30,,0.9,0.29411764705882354,0.8956521739130435,22,11.0,-16.0,1,23,0.3129939147762334,0.013870256596613666,0.1905116309084093,0.018710955725349067,0.022805141910649078,1.311459527658716
ds004444,sub-006,ses-16,C3_BLOCK_SUBSAMPLE_EMPIRICAL,90,45,,0.9375,0.4,0.9347826086956522,13,6.5,-16.0,1,14,0.26964904658970423,7.089437381137826e-05,0.004760444350777412,0.011373938941559728,0.017534346660508647,1.192400007240704
ds004444,sub-006,ses-16,C3_BLOCK_SUBSAMPLE_EMPIRICAL,120,60,,0.95,0.45454545454545453,0.9478260869565217,10,5.0,-13.5,1,11,0.20151046220448934,0.010346586425642299,0.04567450447047996,0.036466552968125725,0.03420479862936918,1.3113776529615235
ds004444,sub-006,ses-16,C3_BLOCK_SUBSAMPLE_EMPIRICAL,full,153,,1.0,1.0,1.0,0,0.0,0.0,0,0,0.0,0.0,0.0,0.0,0.0,0.0
ds004444,sub-006,ses-16,C4_LOSO_SHRINKAGE,15,15,0.42857142857142855,0.9625,0.0,0.9625,-9,-4.5,85.5,9,0,0.2147594604967031,0.18362602582820836,0.510318458247335,0.06953480106168429,0.5289420852906743,0.1473183229430768
ds004444,sub-006,ses-16,C4_LOSO_SHRINKAGE,30,30,0.6,0.9791666666666666,0.5,0.9787234042553191,-3,-1.5,0.0,4,1,0.12362212172555934,0.1492907084692667,0.7814207096098701,0.035789582525678675,0.33552235176838646,0.331365644509612
ds004444,sub-006,ses-16,C4_LOSO_SHRINKAGE,60,60,0.75,0.9916666666666667,0.8181818181818182,0.9913419913419913,2,1.0,0.0,0,2,0.07610317563108314,0.06687003879677048,0.3012671817535139,0.024325278963713833,0.12335453769651734,0.522003862455791
ds004444,sub-006,ses-16,C4_LOSO_SHRINKAGE,90,90,0.8181818181818182,0.9916666666666667,0.8181818181818182,0.9913419913419913,2,1.0,0.0,0,2,0.09530781934715708,0.04517603409016947,0.17522950403512086,0.025385339425386188,0.08641687349071041,0.5748765102905218
ds004444,sub-006,ses-16,C4_LOSO_SHRINKAGE,120,120,0.8571428571428571,0.9958333333333333,0.9,0.9956709956709957,1,0.5,0.0,0,1,0.09473439227501773,0.024384323440805763,0.04387159469520153,0.0029278128620036925,0.02105340154583221,0.545506835545212
ds004444,sub-006,ses-16,C4_LOSO_SHRINKAGE,full,305,0.9384615384615385,1.0,1.0,1.0,0,0.0,0.0,0,0,0.0,0.0,0.0,0.0,0.0,0.0
ds004444,sub-007,ses-01,C0_CURRENT_OVERLAP_EMPIRICAL,15,30,,0.9666666666666667,0.75,0.9629629629629629,6,3.0,-11.0,1,7,0.004110630985586912,0.10531909361854676,0.07029672197919468,0.22488364721834314,0.3049018711730579,0.2728344324996789
ds004444,sub-007,ses-01,C0_CURRENT_OVERLAP_EMPIRICAL,30,60,,0.975,0.7857142857142857,0.9724770642201835,0,0.0,-7.0,3,3,0.044019324252855534,0.06328748306538902,0.05130817809358315,0.06440096340450634,0.02370140466284586,0.2783506286060053
ds004444,sub-007,ses-01,C0_CURRENT_OVERLAP_EMPIRICAL,60,120,,0.9583333333333334,0.6666666666666666,0.9545454545454546,0,0.0,0.0,5,5,0.09696986827901052,0.050895573855346196,0.16811472731688037,0.06122258267280896,0.09082523008205064,0.07590533629476907
ds004444,sub-007,ses-01,C0_CURRENT_OVERLAP_EMPIRICAL,90,180,,0.9208333333333333,0.3448275862068966,0.9173913043478261,-11,-5.5,1.5,15,4,0.2767569813141962,0.040943867117246485,0.27766709849875837,0.04070744265201508,0.07023987233556904,0.10187287630358374
ds004444,sub-007,ses-01,C0_CURRENT_OVERLAP_EMPIRICAL,120,240,,0.925,0.35714285714285715,0.9217391304347826,-12,-6.0,1.5,15,3,0.2490144195712865,0.032236941550385805,0.24043865593033556,0.027996202213640825,0.049950312257519745,0.06550295482196902
ds004444,sub-007,ses-01,C0_CURRENT_OVERLAP_EMPIRICAL,full,612,,1.0,1.0,1.0,0,0.0,0.0,0,0,0.0,0.0,0.0,0.0,0.0,0.0
ds004444,sub-007,ses-01,C1_NONOVERLAP_EMPIRICAL,15,15,,0.8166666666666667,0.3125,0.8,30,15.0,-21.5,7,37,0.34151699625435333,0.2174179745136328,0.18836118607491625,0.31361671284494375,0.2745998041726812,0.06948290084735731
ds004444,sub-007,ses-01,C1_NONOVERLAP_EMPIRICAL,30,30,,0.9333333333333333,0.5555555555555556,0.9272727272727272,2,1.0,-10.0,7,9,0.10203450716870505,0.1056380440115349,0.001151010412691697,0.05683900115840929,0.029508901140750294,0.0785392257631374
ds004444,sub-007,ses-01,C1_NONOVERLAP_EMPIRICAL,60,60,,0.9625,0.7272727272727273,0.9583333333333334,3,1.5,-10.0,3,6,0.022252426982354405,0.09872135630007565,0.08535969767648528,0.05601199763251312,0.09701352254004253,0.11249377362740587
ds004444,sub-007,ses-01,C1_NONOVERLAP_EMPIRICAL,90,90,,0.9458333333333333,0.5517241379310345,0.9419642857142857,-9,-4.5,1.5,11,2,0.14869659285379222,0.04533701037425837,0.16633883693907275,0.05531716607832941,0.058166523432902996,0.04695123772747955
ds004444,sub-007,ses-01,C1_NONOVERLAP_EMPIRICAL,120,120,,0.925,0.4,0.9210526315789473,-12,-6.0,1.5,15,3,0.25374545978898366,0.02433539672534513,0.18258344972095006,0.038291860753135926,0.058075546854197635,0.0765722853528381
ds004444,sub-007,ses-01,C1_NONOVERLAP_EMPIRICAL,full,306,,1.0,1.0,1.0,0,0.0,0.0,0,0,0.0,0.0,0.0,0.0,0.0,0.0
ds004444,sub-007,ses-01,C2_NONOVERLAP_HARRELL_DAVIS,15,15,,0.8625,0.4107142857142857,0.847926267281106,27,13.5,-20.5,3,30,0.29800372341865855,0.3045219792036638,0.25971643895662355,0.4039830094080778,0.6983567201643273,0.15518023199777892
ds004444,sub-007,ses-01,C2_NONOVERLAP_HARRELL_DAVIS,30,30,,0.9375,0.5833333333333334,0.9315068493150684,5,2.5,-16.0,5,10,0.07914898025780887,0.1453257727407983,0.007588646899468898,0.13983220649330255,0.18657606560517573,0.08353899790626487
ds004444,sub-007,ses-01,C2_NONOVERLAP_HARRELL_DAVIS,60,60,,0.9708333333333333,0.7741935483870968,0.9675925925925926,3,1.5,-11.0,2,5,0.006120865774780338,0.09266568709980172,0.12447684580859425,0.08065218744384726,0.19072855408170275,0.058413366104595105
ds004444,sub-007,ses-01,C2_NONOVERLAP_HARRELL_DAVIS,90,90,,0.95,0.5862068965517241,0.9461883408071748,-6,-3.0,1.5,9,3,0.13495740922129182,0.05499705780419574,0.18901619541350487,0.06324409037059678,0.08763711602689322,0.057844822308631215
ds004444,sub-007,ses-01,C2_NONOVERLAP_HARRELL_DAVIS,120,120,,0.9333333333333333,0.4482758620689655,0.9295154185022027,-10,-5.0,1.5,13,3,0.20522496278681018,0.021899162868704282,0.19170054035443918,0.04365184464698594,0.06042516954580846,0.055648724308157496
ds004444,sub-007,ses-01,C2_NONOVERLAP_HARRELL_DAVIS,full,306,,1.0,1.0,1.0,0,0.0,0.0,0,0,0.0,0.0,0.0,0.0,0.0,0.0
ds004444,sub-007,ses-01,C3_BLOCK_SUBSAMPLE_EMPIRICAL,30,15,,0.9041666666666667,0.25806451612903225,0.9008620689655172,-21,-10.5,14.5,22,1,0.10073280382863575,0.009386745270035891,0.2379781727082901,0.0384212106500047,0.2307506978693945,0.129975108708264
ds004444,sub-007,ses-01,C3_BLOCK_SUBSAMPLE_EMPIRICAL,60,30,,0.9541666666666667,0.6857142857142857,0.9490740740740741,-1,-0.5,-10.0,6,5,0.03599858060723377,0.07619602816402715,0.005085199549464313,0.05934741581413824,0.4178986248682228,0.06895141923376868
ds004444,sub-007,ses-01,C3_BLOCK_SUBSAMPLE_EMPIRICAL,90,45,,0.975,0.8125,0.9719626168224299,-2,-1.0,0.0,4,2,0.010852302390062742,0.010448671771996973,0.09252898541227524,0.058500203250228776,0.09836190102571296,0.007211780974576787
ds004444,sub-007,ses-01,C3_BLOCK_SUBSAMPLE_EMPIRICAL,120,60,,0.9666666666666667,0.7419354838709677,0.9631336405529954,-6,-3.0,0.0,7,1,0.08896326945938857,0.0026593993223079336,0.14082521999681752,0.05878260743819861,0.07502651618880024,0.028468864537297793
ds004444,sub-007,ses-01,C3_BLOCK_SUBSAMPLE_EMPIRICAL,full,153,,1.0,1.0,1.0,0,0.0,0.0,0,0,0.0,0.0,0.0,0.0,0.0,0.0
ds004444,sub-007,ses-01,C4_LOSO_SHRINKAGE,15,15,0.42857142857142855,0.9041666666666667,0.0,0.9041666666666667,-23,-11.5,92.0,23,0,0.39734250527799525,0.16581542639525285,0.4677810064651107,0.21464317419359497,1.1664387484855874,0.39960129308892084
ds004444,sub-007,ses-01,C4_LOSO_SHRINKAGE,30,30,0.6,0.9166666666666666,0.13043478260869565,0.9156118143459916,-20,-10.0,34.0,20,0,0.29744539542526105,0.11159390940541164,0.26015009113044457,0.08791428066129553,0.7217226919909839,0.2365314662657321
ds004444,sub-007,ses-01,C4_LOSO_SHRINKAGE,60,60,0.75,0.9125,0.125,0.9113924050632911,-19,-9.5,32.5,20,1,0.1819919734810713,0.10055551842440709,0.20556418087969167,0.07175945228069022,0.45689604951304885,0.24811807827779567
ds004444,sub-007,ses-01,C4_LOSO_SHRINKAGE,90,90,0.8181818181818182,0.9416666666666667,0.44,0.9388646288209607,-10,-5.0,1.5,12,2,0.24003175870849203,0.054115580417314006,0.22200703613662787,0.06407676034308052,0.2927483873971768,0.06136812008590623
ds004444,sub-007,ses-01,C4_LOSO_SHRINKAGE,120,120,0.8571428571428571,0.9458333333333333,0.4583333333333333,0.9432314410480349,-11,-5.5,1.5,12,1,0.28889716430732415,0.03241299978926267,0.21159848282362456,0.045531538967232166,0.21340023566244437,0.00017627461743327101
ds004444,sub-007,ses-01,C4_LOSO_SHRINKAGE,full,306,0.9386503067484663,1.0,1.0,1.0,0,0.0,0.0,0,0,0.0,0.0,0.0,0.0,0.0,0.0
ds004444,sub-007,ses-16,C0_CURRENT_OVERLAP_EMPIRICAL,15,30,,0.9333333333333333,0.38461538461538464,0.9304347826086956,10,5.0,0.5,3,13,0.22836458923953853,0.19377248685581602,0.10127330623612248,0.29176590507578076,0.495476026426249,20.41830340974683
ds004444,sub-007,ses-16,C0_CURRENT_OVERLAP_EMPIRICAL,30,60,,0.9791666666666666,0.6875,0.9781659388646288,1,0.5,2.0,2,3,0.054606045700898324,0.013636496788081747,0.021353751585168657,0.19796737663422603,0.07882880757373235,20.005454623933584
ds004444,sub-007,ses-16,C0_CURRENT_OVERLAP_EMPIRICAL,60,120,,0.9791666666666666,0.6666666666666666,0.9782608695652174,-1,-0.5,2.0,3,2,0.09225836785892079,0.019943307268740537,0.03777833714487628,0.11350381262463682,0.05156914507443207,20.299807590849138
ds004444,sub-007,ses-16,C0_CURRENT_OVERLAP_EMPIRICAL,90,180,,0.9833333333333333,0.7333333333333333,0.982532751091703,0,0.0,2.0,2,2,0.050140001137576766,0.03265933245726581,0.036059084973540836,0.03666931054291734,0.060183670452999334,18.720620297254516
ds004444,sub-007,ses-16,C0_CURRENT_OVERLAP_EMPIRICAL,120,240,,0.9833333333333333,0.7333333333333333,0.982532751091703,0,0.0,2.0,2,2,0.016100051850393093,0.01917584356146231,0.011628581075066074,0.03666931054291734,0.060183670452999334,18.172889961287158
ds004444,sub-007,ses-16,C0_CURRENT_OVERLAP_EMPIRICAL,full,610,,1.0,1.0,1.0,0,0.0,0.0,0,0,0.0,0.0,0.0,0.0,0.0,0.0
ds004444,sub-007,ses-16,C1_NONOVERLAP_EMPIRICAL,15,15,,0.9458333333333333,0.43478260869565216,0.9434782608695652,5,2.5,-1.5,4,9,0.22981460443400598,0.18616856008254645,0.04388021429902044,0.2635981869297392,0.38777164923246266,0.001992491765598245
ds004444,sub-007,ses-16,C1_NONOVERLAP_EMPIRICAL,30,30,,0.9791666666666666,0.7222222222222222,0.9779735682819384,3,1.5,0.0,1,4,0.08045848012772673,0.0028263492615579625,0.04809694286147363,0.163805407595991,0.07882880757373235,0.05336081696858734
ds004444,sub-007,ses-16,C1_NONOVERLAP_EMPIRICAL,60,60,,0.9708333333333333,0.5,0.9699570815450643,-7,-3.5,24.5,7,0,0.16406605939392535,0.007600167135415516,0.0014811676061669415,0.10577712976583874,0.05156914507443266,0.07240471842185586
ds004444,sub-007,ses-16,C1_NONOVERLAP_EMPIRICAL,90,90,,1.0,1.0,1.0,0,0.0,0.0,0,0,0.006483179747516946,0.033820089962777355,0.020210798439751727,0.13049783438041013,0.09396992242224532,0.07267737808451803
ds004444,sub-007,ses-16,C1_NONOVERLAP_EMPIRICAL,120,120,,0.9958333333333333,0.9285714285714286,0.9955947136563876,-1,-0.5,0.0,1,0,0.0007665562214568125,0.031193707448246615,0.02595499508522132,0.07801832953969623,0.0654939943164993,0.10506251079860027
ds004444,sub-007,ses-16,C1_NONOVERLAP_EMPIRICAL,full,305,,1.0,1.0,1.0,0,0.0,0.0,0,0,0.0,0.0,0.0,0.0,0.0,0.0
ds004444,sub-007,ses-16,C2_NONOVERLAP_HARRELL_DAVIS,15,15,,0.9708333333333333,0.5882352941176471,0.9695652173913043,-1,-0.5,0.5,4,3,0.1421215909079638,0.4231364817415488,0.3163718640117271,0.559266778628035,0.577816880619473,0.024080718604868784
ds004444,sub-007,ses-16,C2_NONOVERLAP_HARRELL_DAVIS,30,30,,0.9958333333333333,0.9285714285714286,0.9955947136563876,-1,-0.5,0.0,1,0,0.04171259339441635,0.07728872305321977,0.028821161229705922,0.20134158945641167,0.14900929689760145,0.11043782672606842
ds004444,sub-007,ses-16,C2_NONOVERLAP_HARRELL_DAVIS,60,60,,0.9708333333333333,0.5,0.9699570815450643,-7,-3.5,24.5,7,0,0.14577790814762767,0.014955677642694138,0.009563038774661031,0.1167084448948764,0.02905166364342986,0.09301180618075812
ds004444,sub-007,ses-16,C2_NONOVERLAP_HARRELL_DAVIS,90,90,,0.9958333333333333,0.9285714285714286,0.9955947136563876,-1,-0.5,0.0,1,0,0.016187504683329777,0.039543426303384185,0.0027808134199352923,0.11737903685320773,0.07111259194805508,0.05825524081141145
ds004444,sub-007,ses-16,C2_NONOVERLAP_HARRELL_DAVIS,120,120,,0.9958333333333333,0.9285714285714286,0.9955947136563876,-1,-0.5,0.0,1,0,0.010295291218128355,0.033287324125332356,0.03612712504026864,0.07405473848622168,0.056546310937392284,0.0995360805021363
ds004444,sub-007,ses-16,C2_NONOVERLAP_HARRELL_DAVIS,full,305,,1.0,1.0,1.0,0,0.0,0.0,0,0,0.0,0.0,0.0,0.0,0.0,0.0
ds004444,sub-007,ses-16,C3_BLOCK_SUBSAMPLE_EMPIRICAL,30,15,,0.9666666666666667,0.5789473684210527,0.9650655021834061,4,2.0,-1.0,2,6,0.15432849785127145,0.03127829847399352,0.05094439513534399,0.17984949670029476,0.0648421920420762,0.09961499304955092
ds004444,sub-007,ses-16,C3_BLOCK_SUBSAMPLE_EMPIRICAL,60,30,,0.975,0.5384615384615384,0.9742489270386266,-6,-3.0,0.5,6,0,0.11702869091427665,0.029715148532544044,7.671470643540525e-05,0.15086285736030136,0.02407682844058224,0.08219751009549423
ds004444,sub-007,ses-16,C3_BLOCK_SUBSAMPLE_EMPIRICAL,90,45,,0.9916666666666667,0.8461538461538461,0.9912663755458515,-2,-1.0,0.5,2,0,0.0,0.03789233431583787,0.0182509090551076,0.15672094646357965,0.05967419840273589,0.019431024230320112
ds004444,sub-007,ses-16,C3_BLOCK_SUBSAMPLE_EMPIRICAL,120,60,,0.9916666666666667,0.8666666666666667,0.9911894273127754,2,1.0,0.0,0,2,0.05808134506772981,0.03248979534645494,0.012141701134593329,0.13439839511934007,0.018764783061098706,0.0723840593899916
ds004444,sub-007,ses-16,C3_BLOCK_SUBSAMPLE_EMPIRICAL,full,153,,1.0,1.0,1.0,0,0.0,0.0,0,0,0.0,0.0,0.0,0.0,0.0,0.0
ds004444,sub-007,ses-16,C4_LOSO_SHRINKAGE,15,15,0.42857142857142855,0.95,0.0,0.95,-12,-6.0,93.5,12,0,0.49887167909294444,0.1729809949327675,0.44711863588423,0.1980122658907802,1.4966531172024347,0.4391416083660248
ds004444,sub-007,ses-16,C4_LOSO_SHRINKAGE,30,30,0.6,0.9541666666666667,0.08333333333333333,0.9539748953974896,-11,-5.5,87.5,11,0,0.34703220385449274,0.06413988113840224,0.25759485261830284,0.1544908944856537,0.8616826201204801,0.25837926983574877
ds004444,sub-007,ses-16,C4_LOSO_SHRINKAGE,60,60,0.75,0.9541666666666667,0.08333333333333333,0.9539748953974896,-11,-5.5,87.5,11,0,0.3324815177020379,0.04041610751103297,0.1597230391329881,0.11037424075278053,0.4694818536035019,0.10545690962989601
ds004444,sub-007,ses-16,C4_LOSO_SHRINKAGE,90,90,0.8181818181818182,0.9666666666666667,0.38461538461538464,0.9659574468085106,-6,-3.0,24.5,7,1,0.14418527601210318,0.049554436809407174,0.11694538045137125,0.12599800244959472,0.25598554378411453,0.16642405723358855
ds004444,sub-007,ses-16,C4_LOSO_SHRINKAGE,120,120,0.8571428571428571,0.9666666666666667,0.38461538461538464,0.9659574468085106,-6,-3.0,24.5,7,1,0.0947602795226158,0.04144123061915008,0.04736939903427562,0.07992715343687103,0.16959024465072106,0.16501511478152403
ds004444,sub-007,ses-16,C4_LOSO_SHRINKAGE,full,305,0.9384615384615385,1.0,1.0,1.0,0,0.0,0.0,0,0,0.0,0.0,0.0,0.0,0.0,0.0
ds004444,sub-008,ses-01,C0_CURRENT_OVERLAP_EMPIRICAL,15,30,,0.9333333333333333,0.36,0.9307359307359307,0,0.0,6.5,8,8,0.11973565283189141,0.1360247691749322,0.06519103274187388,0.17173102850872618,0.6847221565113766,6.260328204413576
ds004444,sub-008,ses-01,C0_CURRENT_OVERLAP_EMPIRICAL,30,60,,0.9375,0.4444444444444444,0.9342105263157895,5,2.5,-9.5,5,10,0.02095971932099044,0.07283491884473814,0.12767253810838425,0.16746044927553083,0.609037212896421,6.362010603447573
ds004444,sub-008,ses-01,C0_CURRENT_OVERLAP_EMPIRICAL,60,120,,0.9458333333333333,0.5,0.9427312775330396,5,2.5,-8.0,4,9,0.1213269448893327,0.012026592588810253,0.14400926561295382,0.05555882980649312,0.3018021367086312,5.539745536233527
ds004444,sub-008,ses-01,C0_CURRENT_OVERLAP_EMPIRICAL,90,180,,0.95,0.5,0.9473684210526315,2,1.0,-8.0,5,7,0.11290281259004441,0.05451302657564448,0.13637193941092407,0.03599380317949817,0.239749360936763,5.324980917668248
ds004444,sub-008,ses-01,C0_CURRENT_OVERLAP_EMPIRICAL,120,240,,0.9458333333333333,0.48,0.9429824561403509,3,1.5,-8.0,5,8,0.0788673689258057,0.025628905395769584,0.14542125647458512,0.024710024442755586,0.19159062783948513,4.1714638186312
ds004444,sub-008,ses-01,C0_CURRENT_OVERLAP_EMPIRICAL,full,614,,1.0,1.0,1.0,0,0.0,0.0,0,0,0.0,0.0,0.0,0.0,0.0,0.0
ds004444,sub-008,ses-01,C1_NONOVERLAP_EMPIRICAL,15,15,,0.9458333333333333,0.5357142857142857,0.9422222222222222,13,6.5,-7.0,0,13,0.07857901674440235,0.19294806053498906,0.029861699414133178,0.17236746955967241,0.7471409180920713,0.2854006593936409
ds004444,sub-008,ses-01,C1_NONOVERLAP_EMPIRICAL,30,30,,0.95,0.4782608695652174,0.9475982532751092,4,2.0,-6.5,4,8,0.045036073965642444,0.043247310682585936,0.017220367328253865,0.20287450182089545,0.6153573320263028,0.37005942240169426
ds004444,sub-008,ses-01,C1_NONOVERLAP_EMPIRICAL,60,60,,0.9458333333333333,0.4583333333333333,0.9432314410480349,5,2.5,-5.0,4,9,0.11932144150172032,0.036245342002047855,0.14388183299059046,0.04953058790957704,0.32415792153393114,0.1291795525045406
ds004444,sub-008,ses-01,C1_NONOVERLAP_EMPIRICAL,90,90,,0.9458333333333333,0.43478260869565216,0.9434782608695652,3,1.5,2.0,5,8,0.144733048130698,0.12622243026509747,0.16384403285186652,0.024906618319077943,0.24048069359913904,0.17085448926886715
ds004444,sub-008,ses-01,C1_NONOVERLAP_EMPIRICAL,120,120,,0.9708333333333333,0.631578947368421,0.9692982456140351,1,0.5,-3.5,3,4,0.04026876818680064,0.05628999024584898,0.1581504363805384,0.01533087706630419,0.19159062783948563,0.01650195422613638
ds004444,sub-008,ses-01,C1_NONOVERLAP_EMPIRICAL,full,307,,1.0,1.0,1.0,0,0.0,0.0,0,0,0.0,0.0,0.0,0.0,0.0,0.0
ds004444,sub-008,ses-01,C2_NONOVERLAP_HARRELL_DAVIS,15,15,,0.9458333333333333,0.5517241379310345,0.9419642857142857,13,6.5,-7.0,0,13,0.035318344388896014,0.25912240314496077,0.14739335201715922,0.21148932322483036,0.8566569163281823,0.3508386982688133
ds004444,sub-008,ses-01,C2_NONOVERLAP_HARRELL_DAVIS,30,30,,0.9416666666666667,0.44,0.9388646288209607,4,2.0,-7.0,5,9,0.06799040374676053,0.0975384232276799,0.012581556655589809,0.23053421563510015,0.6459505075610615,0.3641270048205541
ds004444,sub-008,ses-01,C2_NONOVERLAP_HARRELL_DAVIS,60,60,,0.9708333333333333,0.65,0.9691629955947136,1,0.5,-3.5,3,4,0.06049112529022037,0.04239066157033866,0.12674933290713652,0.06389604457277666,0.399485709996142,0.18756415512874225
ds004444,sub-008,ses-01,C2_NONOVERLAP_HARRELL_DAVIS,90,90,,0.9583333333333334,0.5652173913043478,0.9559471365638766,4,2.0,-5.0,3,7,0.09246256998954581,0.09215198681966301,0.15852943698365857,0.02698673186566436,0.2414777158233413,0.19389616519676972
ds004444,sub-008,ses-01,C2_NONOVERLAP_HARRELL_DAVIS,120,120,,0.975,0.6842105263157895,0.973568281938326,0,0.0,-3.5,3,3,0.060906693355306595,0.04022749357558253,0.15793218089613661,0.02022692349561297,0.17305974020286746,0.025582931304452043
ds004444,sub-008,ses-01,C2_NONOVERLAP_HARRELL_DAVIS,full,307,,1.0,1.0,1.0,0,0.0,0.0,0,0,0.0,0.0,0.0,0.0,0.0,0.0
ds004444,sub-008,ses-01,C3_BLOCK_SUBSAMPLE_EMPIRICAL,30,15,,0.9416666666666667,0.46153846153846156,0.9385964912280702,8,4.0,-1.5,3,11,0.12208293279196852,0.07673253716346325,0.2063235685722437,0.19838759037304685,0.5995926107730944,0.1723055545143384
ds004444,sub-008,ses-01,C3_BLOCK_SUBSAMPLE_EMPIRICAL,60,30,,0.95,0.52,0.947136563876652,8,4.0,0.5,2,10,0.11832421741292241,0.009987412545516655,0.12307022177689865,0.08346862876894097,0.46349287588856564,0.07120888165147747
ds004444,sub-008,ses-01,C3_BLOCK_SUBSAMPLE_EMPIRICAL,90,45,,0.9583333333333334,0.5238095238095238,0.9563318777292577,2,1.0,0.5,4,6,0.10321122858986226,0.05773519725771408,0.16307221184409096,0.018784156522972974,0.2828618907957685,0.13060026758820054
ds004444,sub-008,ses-01,C3_BLOCK_SUBSAMPLE_EMPIRICAL,120,60,,0.9583333333333334,0.5238095238095238,0.9563318777292577,2,1.0,-1.5,4,6,0.09978377807286765,0.02305350927498168,0.15858250947183727,0.009271590420879378,0.22594515558351458,0.06256086501040238
ds004444,sub-008,ses-01,C3_BLOCK_SUBSAMPLE_EMPIRICAL,full,154,,1.0,1.0,1.0,0,0.0,0.0,0,0,0.0,0.0,0.0,0.0,0.0,0.0
ds004444,sub-008,ses-01,C4_LOSO_SHRINKAGE,15,15,0.42857142857142855,0.8916666666666667,0.16129032258064516,0.8893617021276595,-2,-1.0,3.5,14,12,0.41747251617170444,0.004760555416842065,0.09538843864018584,0.10995195527091728,2.209979574147556,0.30850054687669076
ds004444,sub-008,ses-01,C4_LOSO_SHRINKAGE,30,30,0.6,0.925,0.41935483870967744,0.920704845814978,6,3.0,-2.0,6,12,0.22557184398770855,0.032430355484556424,0.08241693691611718,0.14536633950683528,1.587218856804366,0.05666364186145527
ds004444,sub-008,ses-01,C4_LOSO_SHRINKAGE,60,60,0.75,0.9291666666666667,0.37037037037037035,0.9260869565217391,-1,-0.5,-2.0,9,8,0.2350543697749169,0.06016000064150748,0.1494116514766455,0.05045758587239691,0.9131267697177914,0.05984492842110488
ds004444,sub-008,ses-01,C4_LOSO_SHRINKAGE,90,90,0.8181818181818182,0.9333333333333333,0.4074074074074074,0.9301310043668122,0,0.0,-1.0,8,8,0.2142299818274622,0.12525206754499968,0.16141594846783677,0.02889685525637026,0.6150956439687153,0.04373104065058852
ds004444,sub-008,ses-01,C4_LOSO_SHRINKAGE,120,120,0.8571428571428571,0.9583333333333334,0.5652173913043478,0.9559471365638766,-2,-1.0,0.5,6,4,0.09729726397615782,0.06290094857346783,0.1546656002703747,0.0189115558629863,0.4401717604065677,0.08488677053776544
ds004444,sub-008,ses-01,C4_LOSO_SHRINKAGE,full,307,0.9388379204892966,1.0,1.0,1.0,0,0.0,0.0,0,0,0.0,0.0,0.0,0.0,0.0,0.0
ds004444,sub-008,ses-16,C0_CURRENT_OVERLAP_EMPIRICAL,15,30,,0.9041666666666667,0.3235294117647059,0.8995633187772926,-1,-0.5,-2.0,12,11,0.14760822150521097,0.03887744127934288,0.40331482862710266,0.03236213716295664,1.1693106437796557,0.7478351068811395
ds004444,sub-008,ses-16,C0_CURRENT_OVERLAP_EMPIRICAL,30,60,,0.9208333333333333,0.40625,0.9162995594713657,-1,-0.5,-1.5,10,9,0.17068230573978108,0.04173936973925015,0.35111137970177725,0.126290514159588,0.1481321700861581,0.5203047538943779
ds004444,sub-008,ses-16,C0_CURRENT_OVERLAP_EMPIRICAL,60,120,,0.9541666666666667,0.6071428571428571,0.9506726457399103,-1,-0.5,9.0,6,5,0.05255825198001379,0.07452005160369995,0.26104190927642695,0.03453280721146315,0.2137583186420957,0.6459620800695227
ds004444,sub-008,ses-16,C0_CURRENT_OVERLAP_EMPIRICAL,90,180,,0.975,0.7777777777777778,0.9726027397260274,2,1.0,9.0,2,4,0.01189975216891837,0.0700601146999781,0.09515779088234802,0.017769170142792858,0.15088822492383228,0.49379077911484215
ds004444,sub-008,ses-16,C0_CURRENT_OVERLAP_EMPIRICAL,120,240,,0.9833333333333333,0.8461538461538461,0.981651376146789,2,1.0,9.0,1,3,0.01189975216891837,0.06537510963590894,0.06403154352029158,0.002035443829399716,0.15088822492383228,0.3724400709938328
ds004444,sub-008,ses-16,C0_CURRENT_OVERLAP_EMPIRICAL,full,614,,1.0,1.0,1.0,0,0.0,0.0,0,0,0.0,0.0,0.0,0.0,0.0,0.0
ds004444,sub-008,ses-16,C1_NONOVERLAP_EMPIRICAL,15,15,,0.8875,0.25,0.8831168831168831,-5,-2.5,1.5,16,11,0.25300848794989944,0.03411381156164106,0.3987569380090315,0.03439619946447813,0.8085556834350275,0.4024797403047547
ds004444,sub-008,ses-16,C1_NONOVERLAP_EMPIRICAL,30,30,,0.9,0.35135135135135137,0.8942731277533039,0,0.0,7.0,12,12,0.22119749901392693,0.03317279982943766,0.26243989635245635,0.1378214817801991,0.06766157349487735,0.32767915640896444
ds004444,sub-008,ses-16,C1_NONOVERLAP_EMPIRICAL,60,60,,0.925,0.41935483870967744,0.920704845814978,-6,-3.0,12.0,12,6,0.09569563393792968,0.07587624507754497,0.2627864964747081,0.070480848117108,0.20260969657157094,0.43384029323263074
ds004444,sub-008,ses-16,C1_NONOVERLAP_EMPIRICAL,90,90,,0.9583333333333334,0.6551724137931034,0.9547511312217195,-2,-1.0,11.5,6,4,0.03910416477946755,0.07171935584893276,0.17720330968434236,0.04376509651097037,0.14290655301012706,0.2157537123073077
ds004444,sub-008,ses-16,C1_NONOVERLAP_EMPIRICAL,120,120,,0.9625,0.7,0.958904109589041,1,0.5,0.0,4,5,0.052450861047895606,0.0554141731957107,0.1060694391014225,0.028719420013700266,0.14441439916778046,0.20533917412818503
ds004444,sub-008,ses-16,C1_NONOVERLAP_EMPIRICAL,full,307,,1.0,1.0,1.0,0,0.0,0.0,0,0,0.0,0.0,0.0,0.0,0.0,0.0
ds004444,sub-008,ses-16,C2_NONOVERLAP_HARRELL_DAVIS,15,15,,0.8958333333333334,0.32432432432432434,0.8903508771929824,-3,-1.5,3.5,14,11,0.19814045985463444,0.017158144650864005,0.3272972971318334,0.04515752597548693,1.3350319600041998,0.43786678978177684
ds004444,sub-008,ses-16,C2_NONOVERLAP_HARRELL_DAVIS,30,30,,0.9125,0.4473684210526316,0.905829596412556,3,1.5,-1.5,9,12,0.1601173451647616,0.02206971632333188,0.15254477720448054,0.14750657193058694,0.42585797710461865,0.41470635332160644
ds004444,sub-008,ses-16,C2_NONOVERLAP_HARRELL_DAVIS,60,60,,0.925,0.45454545454545453,0.92,-4,-2.0,12.0,11,7,0.12042539587416054,0.06917378188126545,0.23564933444306768,0.07071017845615979,0.1406300292306893,0.43386173636159164
ds004444,sub-008,ses-16,C2_NONOVERLAP_HARRELL_DAVIS,90,90,,0.9583333333333334,0.6551724137931034,0.9547511312217195,-4,-2.0,11.5,7,3,0.03201103693849676,0.06736338105345141,0.16856072188469962,0.049055916990402085,0.12463400378725471,0.23705103540968347
ds004444,sub-008,ses-16,C2_NONOVERLAP_HARRELL_DAVIS,120,120,,0.975,0.7857142857142857,0.9724770642201835,-2,-1.0,11.5,4,2,0.01213895931660404,0.049567776642757924,0.09435086385155485,0.029523416992619126,0.15537728987658836,0.20706430956566352
ds004444,sub-008,ses-16,C2_NONOVERLAP_HARRELL_DAVIS,full,307,,1.0,1.0,1.0,0,0.0,0.0,0,0,0.0,0.0,0.0,0.0,0.0,0.0
ds004444,sub-008,ses-16,C3_BLOCK_SUBSAMPLE_EMPIRICAL,30,15,,0.8791666666666667,0.3829787234042553,0.8693693693693694,17,8.5,-3.5,6,23,0.2713392549562457,0.008633903906750066,0.1840521720533347,0.1882889583429471,0.08545507072206779,0.6377248788805658
ds004444,sub-008,ses-16,C3_BLOCK_SUBSAMPLE_EMPIRICAL,60,30,,0.9083333333333333,0.35294117647058826,0.9035087719298246,-2,-1.0,1.0,12,10,0.22419182666073126,0.07253018456733788,0.1906696982358194,0.10454053770466193,0.18610703523270036,0.32706064953717273
ds004444,sub-008,ses-16,C3_BLOCK_SUBSAMPLE_EMPIRICAL,90,45,,0.9458333333333333,0.5806451612903226,0.9414414414414415,1,0.5,9.0,6,7,0.0795071915100243,0.05806551000177669,0.18366864523194076,0.07389545943144855,0.15768232727915318,0.4892859982619272
ds004444,sub-008,ses-16,C3_BLOCK_SUBSAMPLE_EMPIRICAL,120,60,,0.95,0.6470588235294118,0.944954128440367,8,4.0,-3.0,2,10,0.05376334407913486,0.031544517641414305,0.01876114274457503,0.04928625628381537,0.18610703523270036,0.4421180340672482
ds004444,sub-008,ses-16,C3_BLOCK_SUBSAMPLE_EMPIRICAL,full,154,,1.0,1.0,1.0,0,0.0,0.0,0,0,0.0,0.0,0.0,0.0,0.0,0.0
ds004444,sub-008,ses-16,C4_LOSO_SHRINKAGE,15,15,0.42857142857142855,0.875,0.03225806451612903,0.8744769874476988,-22,-11.0,47.0,26,4,0.363896828883939,0.013349283922046372,0.2535523297471426,0.07829864441912292,1.2833356059802197,0.19258081732542548
ds004444,sub-008,ses-16,C4_LOSO_SHRINKAGE,30,30,0.6,0.8541666666666666,0.027777777777777776,0.8535564853556485,-17,-8.5,16.5,26,9,0.3041927933434103,0.019058185709183814,0.2127782539217589,0.12434124534352206,0.6131988096005413,0.04214848720424992
ds004444,sub-008,ses-16,C4_LOSO_SHRINKAGE,60,60,0.75,0.8958333333333334,0.24242424242424243,0.8922413793103449,-13,-6.5,7.0,19,6,0.16726983425747316,0.05642901401364717,0.2289785941584427,0.0760199963412424,0.2275618776218518,0.2019618827708908
ds004444,sub-008,ses-16,C4_LOSO_SHRINKAGE,90,90,0.8181818181818182,0.9333333333333333,0.5151515151515151,0.9282511210762332,-4,-2.0,-1.5,10,6,0.0925928143612941,0.058370557076529536,0.16554451229391123,0.05058973262913673,0.12788984199919887,0.09626704270044566
ds004444,sub-008,ses-16,C4_LOSO_SHRINKAGE,120,120,0.8571428571428571,0.9416666666666667,0.5625,0.9369369369369369,-4,-2.0,11.5,9,5,0.08669268317162976,0.047287517758353076,0.10476723070496057,0.03462250768543503,0.04720396435720298,0.12418633007765448
ds004444,sub-008,ses-16,C4_LOSO_SHRINKAGE,full,307,0.9388379204892966,1.0,1.0,1.0,0,0.0,0.0,0,0,0.0,0.0,0.0,0.0,0.0,0.0
ds004444,sub-009,ses-01,C0_CURRENT_OVERLAP_EMPIRICAL,15,30,,0.8916666666666667,0.2972972972972973,0.8864628820960698,10,5.0,-5.0,8,18,0.2635761487028546,0.019585929215674088,0.5158897851266654,0.158826475938243,0.3125570071638249,4.851625536621157
ds004444,sub-009,ses-01,C0_CURRENT_OVERLAP_EMPIRICAL,30,60,,0.9083333333333333,0.40540540540540543,0.9022222222222223,14,7.0,-12.0,4,18,0.2395424713779487,0.002190675570888093,0.380029982394805,0.028010626159263922,0.19522201006398998,3.632024819170037
ds004444,sub-009,ses-01,C0_CURRENT_OVERLAP_EMPIRICAL,60,120,,0.9083333333333333,0.40540540540540543,0.9022222222222223,14,7.0,-12.0,4,18,0.24161742171899722,0.062475965779873174,0.30229685023537445,0.024982909755054582,0.0031599415476317207,3.600123555575977
ds004444,sub-009,ses-01,C0_CURRENT_OVERLAP_EMPIRICAL,90,180,,0.95,0.5555555555555556,0.9466666666666667,4,2.0,-1.0,4,8,0.08468323587530936,0.06394846555073867,0.1973231457674639,0.01937346028671757,0.1435813220720925,3.9744687286564377
ds004444,sub-009,ses-01,C0_CURRENT_OVERLAP_EMPIRICAL,120,240,,0.975,0.7391304347826086,0.9730941704035875,2,1.0,0.0,2,4,0.061561926566215855,0.052912946326802004,0.04698026944749774,0.014875686729644507,0.057586134134227855,2.5243157209438953
ds004444,sub-009,ses-01,C0_CURRENT_OVERLAP_EMPIRICAL,full,620,,1.0,1.0,1.0,0,0.0,0.0,0,0,0.0,0.0,0.0,0.0,0.0,0.0
ds004444,sub-009,ses-01,C1_NONOVERLAP_EMPIRICAL,15,15,,0.8458333333333333,0.13953488372093023,0.8418803418803419,13,6.5,-5.0,12,25,0.36198386089226475,0.06899043971314543,0.5414659338045728,0.0400779330826212,0.29092102987846075,2.588620829557483
ds004444,sub-009,ses-01,C1_NONOVERLAP_EMPIRICAL,30,30,,0.8333333333333334,0.23076923076923078,0.8245614035087719,28,14.0,-4.5,6,34,0.3220993421785387,0.10271441360638973,0.3466965584500267,0.006129354102478403,0.153319794594053,1.8672924191124698
ds004444,sub-009,ses-01,C1_NONOVERLAP_EMPIRICAL,60,60,,0.8708333333333333,0.3111111111111111,0.8628318584070797,23,11.5,-3.0,4,27,0.2950881628640179,0.09670122890837173,0.3127417307398064,0.01275884541670208,0.04773912029820327,1.1830045602229862
ds004444,sub-009,ses-01,C1_NONOVERLAP_EMPIRICAL,90,90,,0.925,0.45454545454545453,0.92,12,6.0,-9.0,3,15,0.175872000114885,0.06708657830395649,0.11074352089072222,0.04154948576313526,0.14515008673639557,1.2852180431980964
ds004444,sub-009,ses-01,C1_NONOVERLAP_EMPIRICAL,120,120,,0.95,0.5714285714285714,0.9464285714285714,8,4.0,-2.0,2,10,0.08979626018437113,0.057937451979950386,0.114344210621026,0.011328453704610515,0.07378342965849767,0.962208967056992
ds004444,sub-009,ses-01,C1_NONOVERLAP_EMPIRICAL,full,310,,1.0,1.0,1.0,0,0.0,0.0,0,0,0.0,0.0,0.0,0.0,0.0,0.0
ds004444,sub-009,ses-01,C2_NONOVERLAP_HARRELL_DAVIS,15,15,,0.8375,0.1702127659574468,0.8318965517241379,17,8.5,-7.5,11,28,0.36349828608867485,0.025483041898028833,0.529943865266913,0.138733250530187,0.08707186571137232,2.7314205503653395
ds004444,sub-009,ses-01,C2_NONOVERLAP_HARRELL_DAVIS,30,30,,0.85,0.3076923076923077,0.8392857142857143,30,15.0,-9.5,3,33,0.30053294722764906,0.05433527371644428,0.2605118888557196,0.007946682292615342,0.7510609239553987,2.0923546463391984
ds004444,sub-009,ses-01,C2_NONOVERLAP_HARRELL_DAVIS,60,60,,0.8833333333333333,0.3488372093023256,0.8755555555555555,20,10.0,-9.0,4,24,0.25246232222390785,0.07042524979650515,0.2024228332620001,0.010654371346218418,0.26529914817579897,1.3300293597175938
ds004444,sub-009,ses-01,C2_NONOVERLAP_HARRELL_DAVIS,90,90,,0.9166666666666666,0.4444444444444444,0.9107142857142857,14,7.0,-9.0,3,17,0.1685552435972522,0.060960568542709447,0.10072615684142912,0.023687778679464082,0.14530972539476508,1.394326391971057
ds004444,sub-009,ses-01,C2_NONOVERLAP_HARRELL_DAVIS,120,120,,0.9541666666666667,0.6071428571428571,0.9506726457399103,7,3.5,-2.0,2,9,0.10360955344145666,0.05746986936855538,0.06623438555222179,0.0017422605880335715,0.2530247160276128,0.9875255532746842
ds004444,sub-009,ses-01,C2_NONOVERLAP_HARRELL_DAVIS,full,310,,1.0,1.0,1.0,0,0.0,0.0,0,0,0.0,0.0,0.0,0.0,0.0,0.0
ds004444,sub-009,ses-01,C3_BLOCK_SUBSAMPLE_EMPIRICAL,30,15,,0.9458333333333333,0.5185185185185185,0.9424778761061947,3,1.5,-2.0,5,8,0.07392420508664954,0.044816686582237614,0.004095040249529871,0.013243656281814144,0.36068715224310677,2.566869097839688
ds004444,sub-009,ses-01,C3_BLOCK_SUBSAMPLE_EMPIRICAL,60,30,,0.9708333333333333,0.65,0.9691629955947136,-5,-2.5,4.5,6,1,0.0058948882103967174,0.06351397606908839,0.0698669854606537,0.013560943457940795,0.23293545984139116,2.6579791220088342
ds004444,sub-009,ses-01,C3_BLOCK_SUBSAMPLE_EMPIRICAL,90,45,,0.9666666666666667,0.6521739130434783,0.9644444444444444,0,0.0,4.5,4,4,0.017295028906476266,0.0580100836744156,0.10244424083602992,0.0026171517090162653,0.16886703115652804,2.930649835082343
ds004444,sub-009,ses-01,C3_BLOCK_SUBSAMPLE_EMPIRICAL,120,60,,0.9666666666666667,0.6190476190476191,0.9647577092511013,-4,-2.0,4.5,6,2,0.013494982007783136,0.049847881590536366,0.08243690489510926,0.014084117188253946,0.21881586447540202,1.015690100763517
ds004444,sub-009,ses-01,C3_BLOCK_SUBSAMPLE_EMPIRICAL,full,155,,1.0,1.0,1.0,0,0.0,0.0,0,0,0.0,0.0,0.0,0.0,0.0,0.0
ds004444,sub-009,ses-01,C4_LOSO_SHRINKAGE,15,15,0.42857142857142855,0.9291666666666667,0.10526315789473684,0.9285714285714286,-15,-7.5,53.5,16,1,0.09534239000544038,0.014826167002384748,0.15633365888502962,0.05917136388470415,0.2196396214094111,1.075266384791176
ds004444,sub-009,ses-01,C4_LOSO_SHRINKAGE,30,30,0.6,0.9458333333333333,0.43478260869565216,0.9434782608695652,-3,-1.5,1.0,8,5,0.15290413357825056,0.031912949598427054,0.15723622319605826,0.03161806132103867,0.13714518481749688,1.099478829759121
ds004444,sub-009,ses-01,C4_LOSO_SHRINKAGE,60,60,0.75,0.9166666666666666,0.3939393939393939,0.9118942731277533,10,5.0,-7.5,5,15,0.1980059004656457,0.055743345085660694,0.20518241838378504,0.025123373214120757,0.16016312910362746,0.8768147453963229
ds004444,sub-009,ses-01,C4_LOSO_SHRINKAGE,90,90,0.8181818181818182,0.9416666666666667,0.5172413793103449,0.9377777777777778,8,4.0,-9.0,3,11,0.1289610370081974,0.044103701090266255,0.07232935072045274,0.02384001944369975,0.03346630499020427,1.0471176539969842
ds004444,sub-009,ses-01,C4_LOSO_SHRINKAGE,120,120,0.8571428571428571,0.9625,0.64,0.9598214285714286,5,2.5,-1.0,2,7,0.06697829798258009,0.04227690561916677,0.1090184072174836,0.016437356065196914,0.11533022856351531,0.8222670313115163
ds004444,sub-009,ses-01,C4_LOSO_SHRINKAGE,full,310,0.9393939393939394,1.0,1.0,1.0,0,0.0,0.0,0,0,0.0,0.0,0.0,0.0,0.0,0.0
ds004444,sub-009,ses-16,C0_CURRENT_OVERLAP_EMPIRICAL,15,30,,0.9083333333333333,0.21428571428571427,0.905982905982906,8,4.0,-7.5,7,15,0.33738697031346376,0.10367630919130075,0.45293671708338884,0.011581033172805016,0.34751866755646343,2.6588730208576803
ds004444,sub-009,ses-16,C0_CURRENT_OVERLAP_EMPIRICAL,30,60,,0.9416666666666667,0.3333333333333333,0.9399141630901288,2,1.0,-5.0,6,8,0.21723819943998662,0.10284083210222385,0.3912513220177762,0.05025145143944511,0.27706065987265177,2.708612903654477
ds004444,sub-009,ses-16,C0_CURRENT_OVERLAP_EMPIRICAL,60,120,,0.9625,0.5263157894736842,0.9608695652173913,3,1.5,-5.0,3,6,0.16260527634548175,0.10301160172717731,0.2863688871398151,0.056291059028235765,0.19777415188775307,2.150713861988276
ds004444,sub-009,ses-16,C0_CURRENT_OVERLAP_EMPIRICAL,90,180,,0.9875,0.8,0.9868421052631579,1,0.5,0.0,1,2,0.06459124400411256,0.05762126710845124,0.17532741034983862,0.02953733748116603,0.15474132599282867,1.2477369766179518
ds004444,sub-009,ses-16,C0_CURRENT_OVERLAP_EMPIRICAL,120,240,,0.9875,0.7692307692307693,0.9869565217391304,-3,-1.5,0.0,3,0,0.0896185585203481,0.004578437078421962,0.024980165510798978,0.04184995028173822,0.2287224170870911,1.1123516828178175
ds004444,sub-009,ses-16,C0_CURRENT_OVERLAP_EMPIRICAL,full,616,,1.0,1.0,1.0,0,0.0,0.0,0,0,0.0,0.0,0.0,0.0,0.0,0.0
ds004444,sub-009,ses-16,C1_NONOVERLAP_EMPIRICAL,15,15,,0.9166666666666666,0.16666666666666666,0.9152542372881356,2,1.0,0.5,9,11,0.3313143833970433,0.10026419919605349,0.5579616794798684,0.03998169729175871,0.3351213303387788,3.3503202651532353
ds004444,sub-009,ses-16,C1_NONOVERLAP_EMPIRICAL,30,30,,0.9375,0.2857142857142857,0.9358974358974359,1,0.5,-5.0,7,8,0.1828902582817504,0.10278381018539119,0.4106020919936165,0.04379288638075549,0.31444986055490115,3.378646378729501
ds004444,sub-009,ses-16,C1_NONOVERLAP_EMPIRICAL,60,60,,0.975,0.6470588235294118,0.9737991266375546,2,1.0,-5.0,2,4,0.10628314693257852,0.1085739929124791,0.19020800140331587,0.05044326319146645,0.015812097310179067,2.930510352433221
ds004444,sub-009,ses-16,C1_NONOVERLAP_EMPIRICAL,90,90,,0.9875,0.8125,0.986784140969163,3,1.5,-4.0,0,3,0.0892336693201105,0.073605184821699,0.17476038764510146,0.03248173302001649,0.16121608521317327,1.6547629756575728
ds004444,sub-009,ses-16,C1_NONOVERLAP_EMPIRICAL,120,120,,0.9833333333333333,0.6923076923076923,0.9826839826839827,-4,-2.0,0.0,4,0,0.1551129269127427,0.014245123390640562,0.06875467867966123,0.051348740090102346,0.23089922827282383,1.5553586599108913
ds004444,sub-009,ses-16,C1_NONOVERLAP_EMPIRICAL,full,308,,1.0,1.0,1.0,0,0.0,0.0,0,0,0.0,0.0,0.0,0.0,0.0,0.0
ds004444,sub-009,ses-16,C2_NONOVERLAP_HARRELL_DAVIS,15,15,,0.9291666666666667,0.2608695652173913,0.9273504273504274,3,1.5,0.5,7,10,0.288430726981349,0.01303658600262584,0.499506610147121,0.02587870656506964,0.20093833958764218,3.567920338049877
ds004444,sub-009,ses-16,C2_NONOVERLAP_HARRELL_DAVIS,30,30,,0.9458333333333333,0.38095238095238093,0.9439655172413793,3,1.5,-5.0,5,8,0.19239912783916244,0.09334333744190175,0.37473231816175495,0.04103396634281047,0.2066837267277524,3.5678468928820157
ds004444,sub-009,ses-16,C2_NONOVERLAP_HARRELL_DAVIS,60,60,,0.9791666666666666,0.6875,0.9781659388646288,1,0.5,-4.0,2,3,0.07964119347375101,0.10910857400886134,0.2083713047924783,0.046793117692023545,0.05180305023975735,2.963168801561113
ds004444,sub-009,ses-16,C2_NONOVERLAP_HARRELL_DAVIS,90,90,,0.9916666666666667,0.8666666666666667,0.9911894273127754,2,1.0,0.0,0,2,0.04335743089732069,0.06733472312839486,0.07605819725168445,0.043666993720894984,0.16384531952170808,1.6570691325282252
ds004444,sub-009,ses-16,C2_NONOVERLAP_HARRELL_DAVIS,120,120,,0.9833333333333333,0.6923076923076923,0.9826839826839827,-4,-2.0,0.0,4,0,0.14812330679897462,0.013112321258656032,0.01246146809022102,0.05518991268653924,0.3232262918151905,1.5660063346051063
ds004444,sub-009,ses-16,C2_NONOVERLAP_HARRELL_DAVIS,full,308,,1.0,1.0,1.0,0,0.0,0.0,0,0,0.0,0.0,0.0,0.0,0.0,0.0
ds004444,sub-009,ses-16,C3_BLOCK_SUBSAMPLE_EMPIRICAL,30,15,,0.9208333333333333,0.17391304347826086,0.9194915254237288,7,3.5,-5.0,6,13,0.30653304470108467,0.09759550122892854,0.21168110823663366,0.06907613617544062,0.010707441894736502,5.048865546785084
ds004444,sub-009,ses-16,C3_BLOCK_SUBSAMPLE_EMPIRICAL,60,30,,0.9416666666666667,0.391304347826087,0.9393939393939394,12,6.0,-5.0,1,13,0.27006391904775956,0.09625128370775046,0.20023015855858414,0.04109258277949733,0.010749191090644953,4.131180850261596
ds004444,sub-009,ses-16,C3_BLOCK_SUBSAMPLE_EMPIRICAL,90,45,,0.95,0.45454545454545453,0.9478260869565217,12,6.0,-5.0,0,12,0.2533013963943283,0.06372798718702856,0.1967426059998362,0.03757304554195888,0.1339676374734597,2.7630007279010944
ds004444,sub-009,ses-16,C3_BLOCK_SUBSAMPLE_EMPIRICAL,120,60,,0.9875,0.7,0.9871244635193133,-3,-1.5,0.0,3,0,0.15607345356642147,0.016653120632774625,0.0035792305398848387,0.07359238909015972,0.15525695677592674,3.1514827929519402
ds004444,sub-009,ses-16,C3_BLOCK_SUBSAMPLE_EMPIRICAL,full,154,,1.0,1.0,1.0,0,0.0,0.0,0,0,0.0,0.0,0.0,0.0,0.0,0.0
ds004444,sub-009,ses-16,C4_LOSO_SHRINKAGE,15,15,0.42857142857142855,0.95,0.07692307692307693,0.9497907949790795,-12,-6.0,78.0,12,0,0.0027932133436703176,0.06372677784954718,0.09280971438580572,0.1431416215585808,0.35121023035419113,1.425000640008734
ds004444,sub-009,ses-16,C4_LOSO_SHRINKAGE,30,30,0.6,0.9625,0.3076923076923077,0.961864406779661,-9,-4.5,18.0,9,0,0.013310750799749036,0.009614210365649406,0.14769540478605211,0.08045880808263536,0.1454014858975654,2.021660644825137
ds004444,sub-009,ses-16,C4_LOSO_SHRINKAGE,60,60,0.75,0.9916666666666667,0.8571428571428571,0.9912280701754386,0,0.0,0.0,1,1,0.025635981718632583,0.04108898418167604,0.0875544670848926,0.022120751959311367,0.16897982352478208,2.1964713769441953
ds004444,sub-009,ses-16,C4_LOSO_SHRINKAGE,90,90,0.8181818181818182,0.9833333333333333,0.7333333333333333,0.982532751091703,0,0.0,0.0,2,2,0.03806355323354702,0.034328725282759966,0.10687958061757606,0.06393392575388769,0.23940778978541544,1.3529145799860445
ds004444,sub-009,ses-16,C4_LOSO_SHRINKAGE,120,120,0.8571428571428571,0.9833333333333333,0.6923076923076923,0.9826839826839827,-4,-2.0,0.0,4,0,0.15353038460884838,0.0049725608808612294,0.0351123664144441,0.06882965179133287,0.2644495172852984,1.3331494013326115
ds004444,sub-009,ses-16,C4_LOSO_SHRINKAGE,full,308,0.9390243902439024,1.0,1.0,1.0,0,0.0,0.0,0,0,0.0,0.0,0.0,0.0,0.0,0.0
ds004444,sub-010,ses-01,C0_CURRENT_OVERLAP_EMPIRICAL,15,30,,0.9416666666666667,0.2222222222222222,0.940677966101695,-4,-2.0,43.5,9,5,0.2683175453436507,0.0480541854891971,0.09925958108515105,0.2599474342288978,0.19605120864613845,2261.9059164090436
ds004444,sub-010,ses-01,C0_CURRENT_OVERLAP_EMPIRICAL,30,60,,0.9416666666666667,0.125,0.9411764705882353,-8,-4.0,53.5,11,3,0.21308570995848794,0.06216959553904673,0.22362093212017636,0.2548260443319652,0.24358449218782,1896.418239228495
ds004444,sub-010,ses-01,C0_CURRENT_OVERLAP_EMPIRICAL,60,120,,0.9291666666666667,0.10526315789473684,0.9285714285714286,-5,-2.5,44.0,11,6,0.21346840035900952,0.04186078613687054,0.05899078257106048,0.22920302556334698,0.19605120864613845,1250.7537993649787
ds004444,sub-010,ses-01,C0_CURRENT_OVERLAP_EMPIRICAL,90,180,,0.9333333333333333,0.15789473684210525,0.9324894514767933,-4,-2.0,29.0,10,6,0.2107455754221975,0.005826742393319629,0.06638574169190875,0.2103057243842212,0.1679048133800097,1239.5393511300808
ds004444,sub-010,ses-01,C0_CURRENT_OVERLAP_EMPIRICAL,120,240,,0.9416666666666667,0.17647058823529413,0.9409282700421941,-6,-3.0,29.0,10,4,0.13187088018444595,0.012277827235445338,0.05899078257106048,0.1805396487156929,0.14808012331886677,1216.263561576702
ds004444,sub-010,ses-01,C0_CURRENT_OVERLAP_EMPIRICAL,full,616,,1.0,1.0,1.0,0,0.0,0.0,0,0,0.0,0.0,0.0,0.0,0.0,0.0
ds004444,sub-010,ses-01,C1_NONOVERLAP_EMPIRICAL,15,15,,0.9333333333333333,0.15789473684210525,0.9324894514767933,-6,-3.0,56.0,11,5,0.3092752470017921,0.15612049035506392,0.07836041710675078,0.24273579394296915,0.20992121250528825,1.3515715533474122
ds004444,sub-010,ses-01,C1_NONOVERLAP_EMPIRICAL,30,30,,0.9541666666666667,0.26666666666666666,0.9533898305084746,-9,-4.5,57.0,10,1,0.14527577069234235,0.14134756147640273,0.22340896375005576,0.24109334924750558,0.23976198982719527,1.073942104360354
ds004444,sub-010,ses-01,C1_NONOVERLAP_EMPIRICAL,60,60,,0.9333333333333333,0.2,0.9322033898305084,-4,-2.0,47.5,10,6,0.1535648772700445,0.003464782432923308,0.06369950856661168,0.22297270339671854,0.19205318293897275,0.13513802692572852
ds004444,sub-010,ses-01,C1_NONOVERLAP_EMPIRICAL,90,90,,0.9416666666666667,0.2631578947368421,0.9404255319148936,-4,-2.0,32.5,9,5,0.14870996207772738,0.003726342302538175,0.05976506593872898,0.20643688252177564,0.1635410001293082,0.20757031355817218
ds004444,sub-010,ses-01,C1_NONOVERLAP_EMPIRICAL,120,120,,0.9416666666666667,0.2631578947368421,0.9404255319148936,-4,-2.0,32.5,9,5,0.12553582550176437,0.04230670203331772,0.05905076068242216,0.1890885231238137,0.1484411126547272,0.234512707222166
ds004444,sub-010,ses-01,C1_NONOVERLAP_EMPIRICAL,full,308,,1.0,1.0,1.0,0,0.0,0.0,0,0,0.0,0.0,0.0,0.0,0.0,0.0
ds004444,sub-010,ses-01,C2_NONOVERLAP_HARRELL_DAVIS,15,15,,0.95,0.29411764705882354,0.948936170212766,-6,-3.0,15.0,9,3,0.09329304886852001,0.10069586184885154,0.07136602010962351,0.23897488985388754,0.9440954640973207,1.3268941116914768
ds004444,sub-010,ses-01,C2_NONOVERLAP_HARRELL_DAVIS,30,30,,0.9458333333333333,0.23529411764705882,0.9449152542372882,-7,-3.5,51.0,10,3,0.11197403804995029,0.08163429052447098,0.1685998027770045,0.24257362307150812,0.03556999920693706,1.0647179009502787
ds004444,sub-010,ses-01,C2_NONOVERLAP_HARRELL_DAVIS,60,60,,0.9416666666666667,0.2222222222222222,0.940677966101695,-6,-3.0,47.5,10,4,0.11197453427606872,0.012313565819319569,0.025112571814524785,0.21764360486063358,0.18118815173180822,0.1300253271389732
ds004444,sub-010,ses-01,C2_NONOVERLAP_HARRELL_DAVIS,90,90,,0.9416666666666667,0.2631578947368421,0.9404255319148936,-4,-2.0,32.5,9,5,0.13002620929228217,0.01013500350014978,0.04524704626030549,0.2037976380551706,0.16196836755209237,0.1959750275834747
ds004444,sub-010,ses-01,C2_NONOVERLAP_HARRELL_DAVIS,120,120,,0.9458333333333333,0.2777777777777778,0.9446808510638298,-5,-2.5,32.5,9,4,0.10054728685345365,0.03816988931407322,0.04727507863308733,0.1855507128032476,0.14315843828997532,0.22388837501049116
ds004444,sub-010,ses-01,C2_NONOVERLAP_HARRELL_DAVIS,full,308,,1.0,1.0,1.0,0,0.0,0.0,0,0,0.0,0.0,0.0,0.0,0.0,0.0
ds004444,sub-010,ses-01,C3_BLOCK_SUBSAMPLE_EMPIRICAL,30,15,,0.95,0.25,0.9491525423728814,-10,-5.0,57.0,11,1,0.09954184252613509,0.023057233563702657,0.016826656659385195,0.22342706207819552,0.24010011505278384,1.0430843677216197
ds004444,sub-010,ses-01,C3_BLOCK_SUBSAMPLE_EMPIRICAL,60,30,,0.9333333333333333,0.2,0.9322033898305084,-6,-3.0,51.0,11,5,0.22561829820582058,0.04217464253171415,0.01856107885407966,0.2135270852648043,0.1970116841388492,0.43141799777381445
ds004444,sub-010,ses-01,C3_BLOCK_SUBSAMPLE_EMPIRICAL,90,45,,0.9375,0.25,0.9361702127659575,-5,-2.5,32.5,10,5,0.16197302637821306,0.02378770767066223,0.016507647850755508,0.20941860419917901,0.16831057503142638,0.3867082849325847
ds004444,sub-010,ses-01,C3_BLOCK_SUBSAMPLE_EMPIRICAL,120,60,,0.9375,0.25,0.9361702127659575,-5,-2.5,32.5,10,5,0.1274753847914609,0.0601743597658137,0.012483801005347515,0.18741934979405034,0.15297818645032046,0.33687223967846197
ds004444,sub-010,ses-01,C3_BLOCK_SUBSAMPLE_EMPIRICAL,full,154,,1.0,1.0,1.0,0,0.0,0.0,0,0,0.0,0.0,0.0,0.0,0.0,0.0
ds004444,sub-010,ses-01,C4_LOSO_SHRINKAGE,15,15,0.42857142857142855,0.9458333333333333,0.0,0.9458333333333333,-13,-6.5,92.0,13,0,0.21227235504020864,0.24624112047713928,0.11082845833432868,0.5009900959804063,0.4440323592196001,0.23569580584257416
ds004444,sub-010,ses-01,C4_LOSO_SHRINKAGE,30,30,0.6,0.9458333333333333,0.0,0.9458333333333333,-13,-6.5,92.0,13,0,0.1401083385423935,0.2047725387020384,0.18637593543844083,0.41184191006535503,0.38253446428726173,0.42764011900723575
ds004444,sub-010,ses-01,C4_LOSO_SHRINKAGE,60,60,0.75,0.9458333333333333,0.0,0.9458333333333333,-13,-6.5,92.0,13,0,0.14531630948853588,0.06322767926167615,0.0767039408040539,0.32025499692761594,0.27978637576390225,0.030853635887916023
ds004444,sub-010,ses-01,C4_LOSO_SHRINKAGE,90,90,0.8181818181818182,0.9541666666666667,0.15384615384615385,0.9537815126050421,-11,-5.5,68.5,11,0,0.14139226632283539,0.039004166906605624,0.06756179156248265,0.2696350688150432,0.22233434302193109,0.08994162276944699
ds004444,sub-010,ses-01,C4_LOSO_SHRINKAGE,120,120,0.8571428571428571,0.9625,0.3076923076923077,0.961864406779661,-9,-4.5,57.0,9,0,0.1212003716567697,0.06557207602221199,0.0634215041598109,0.232561614130458,0.18875109177865018,0.15066809673422807
ds004444,sub-010,ses-01,C4_LOSO_SHRINKAGE,full,308,0.9390243902439024,1.0,1.0,1.0,0,0.0,0.0,0,0,0.0,0.0,0.0,0.0,0.0,0.0
ds004444,sub-010,ses-16,C0_CURRENT_OVERLAP_EMPIRICAL,15,30,,0.9583333333333334,0.0,0.9583333333333334,-10,-5.0,61.5,10,0,0.613343869751055,0.390310033838149,0.24445973190435058,0.1208113713481913,0.15085839895369982,0.4556481602151319
ds004444,sub-010,ses-16,C0_CURRENT_OVERLAP_EMPIRICAL,30,60,,0.9708333333333333,0.3,0.9704641350210971,-7,-3.5,45.0,7,0,0.07970939609013594,0.017501810681000627,0.03888550641753935,0.16378523844605458,0.16111718710648995,0.13741802960300356
ds004444,sub-010,ses-16,C0_CURRENT_OVERLAP_EMPIRICAL,60,120,,0.9666666666666667,0.2,0.9663865546218487,-8,-4.0,45.0,8,0,0.1879232934954342,0.10806627971839726,0.14126463610920006,0.1549727913032261,0.1585107876774413,0.1104662517305177
ds004444,sub-010,ses-16,C0_CURRENT_OVERLAP_EMPIRICAL,90,180,,0.9583333333333334,0.16666666666666666,0.957983193277311,-6,-3.0,31.5,8,2,0.20751420702619763,0.1183213070061091,0.1378009556844493,0.12314362621401843,0.1250029166174619,0.30328684132627437
ds004444,sub-010,ses-16,C0_CURRENT_OVERLAP_EMPIRICAL,120,240,,0.9708333333333333,0.36363636363636365,0.9703389830508474,-5,-2.5,19.0,6,1,0.19482744339919347,0.12200169735480854,0.10690927223643659,0.09409475372286707,0.08870098536957666,0.3756827184435107
ds004444,sub-010,ses-16,C0_CURRENT_OVERLAP_EMPIRICAL,full,620,,1.0,1.0,1.0,0,0.0,0.0,0,0,0.0,0.0,0.0,0.0,0.0,0.0
ds004444,sub-010,ses-16,C1_NONOVERLAP_EMPIRICAL,15,15,,0.9666666666666667,0.3333333333333333,0.9661016949152542,-8,-4.0,45.0,8,0,0.05463696883522785,0.2557940680954032,0.1891814041677414,0.11367912782046144,0.15286448417162649,0.7919323420557857
ds004444,sub-010,ses-16,C1_NONOVERLAP_EMPIRICAL,30,30,,0.9583333333333334,0.23076923076923078,0.9578059071729957,-8,-4.0,45.0,9,1,0.11694514645604631,0.012248164143930403,0.07999946939490127,0.17013672470571792,0.15521624546658846,0.6270410107833432
ds004444,sub-010,ses-16,C1_NONOVERLAP_EMPIRICAL,60,60,,0.95,0.07692307692307693,0.9497907949790795,-10,-5.0,51.0,11,1,0.27253156098630377,0.08296790956862413,0.14326046345904536,0.15273841813554528,0.1530324671212494,0.2566891762639419
ds004444,sub-010,ses-16,C1_NONOVERLAP_EMPIRICAL,90,90,,0.9458333333333333,0.07142857142857142,0.9456066945606695,-9,-4.5,31.5,11,2,0.23595600227838265,0.11152747021335187,0.12456997204698039,0.12168692827782605,0.11863325865637372,0.3631053641670066
ds004444,sub-010,ses-16,C1_NONOVERLAP_EMPIRICAL,120,120,,0.9541666666666667,0.21428571428571427,0.9535864978902954,-7,-3.5,19.0,9,2,0.21728355423470705,0.14459838471243283,0.10125637412895126,0.09085173165661785,0.08229064745445658,0.42292575734898125
ds004444,sub-010,ses-16,C1_NONOVERLAP_EMPIRICAL,full,310,,1.0,1.0,1.0,0,0.0,0.0,0,0,0.0,0.0,0.0,0.0,0.0,0.0
ds004444,sub-010,ses-16,C2_NONOVERLAP_HARRELL_DAVIS,15,15,,0.9583333333333334,0.2857142857142857,0.9576271186440678,-6,-3.0,-7.5,8,2,0.33623521556391234,0.31644111172395073,0.24604798098793856,0.0662720003409932,0.6736625888035992,0.8063052626650005
ds004444,sub-010,ses-16,C2_NONOVERLAP_HARRELL_DAVIS,30,30,,0.9708333333333333,0.5333333333333333,0.9698275862068966,-1,-0.5,3.0,4,3,0.09163855896741098,0.01283234464803393,0.034644117067893256,0.15393627013808667,0.016785428368813828,0.7006295328496636
ds004444,sub-010,ses-16,C2_NONOVERLAP_HARRELL_DAVIS,60,60,,0.9541666666666667,0.15384615384615385,0.9537815126050421,-9,-4.5,45.0,10,1,0.2644912516756388,0.08574234353053643,0.14977937633973687,0.14807335720323944,0.15363916783949833,0.40713948518349796
ds004444,sub-010,ses-16,C2_NONOVERLAP_HARRELL_DAVIS,90,90,,0.95,0.14285714285714285,0.9495798319327731,-8,-4.0,31.5,10,2,0.2595036800847912,0.11639312890843398,0.1188043358313954,0.12101467552891462,0.11800964268424065,0.4047564308302467
ds004444,sub-010,ses-16,C2_NONOVERLAP_HARRELL_DAVIS,120,120,,0.95,0.2,0.9493670886075949,-6,-3.0,19.0,9,3,0.24619452688284113,0.1405843724811588,0.09782623166837326,0.08557151643468501,0.08528079553341279,0.43194015926797524
ds004444,sub-010,ses-16,C2_NONOVERLAP_HARRELL_DAVIS,full,310,,1.0,1.0,1.0,0,0.0,0.0,0,0,0.0,0.0,0.0,0.0,0.0,0.0
ds004444,sub-010,ses-16,C3_BLOCK_SUBSAMPLE_EMPIRICAL,30,15,,0.9583333333333334,0.16666666666666666,0.957983193277311,-8,-4.0,45.0,9,1,0.14921898365389924,0.0045773133265948444,0.05365010640010652,0.21682540338020304,0.15883060011529782,0.7870705511002816
ds004444,sub-010,ses-16,C3_BLOCK_SUBSAMPLE_EMPIRICAL,60,30,,0.9583333333333334,0.16666666666666666,0.957983193277311,-8,-4.0,45.0,9,1,0.20266595102199067,0.06517237565841161,0.12901607813178106,0.18297666989490866,0.15370432148724605,0.6024993304047038
ds004444,sub-010,ses-16,C3_BLOCK_SUBSAMPLE_EMPIRICAL,90,45,,0.9583333333333334,0.16666666666666666,0.957983193277311,-8,-4.0,31.5,9,1,0.1893523022233965,0.14146831638571875,0.11840246442165525,0.1290638981102225,0.11979524892292574,0.6292469843941684
ds004444,sub-010,ses-16,C3_BLOCK_SUBSAMPLE_EMPIRICAL,120,60,,0.9583333333333334,0.23076923076923078,0.9578059071729957,-6,-3.0,19.0,8,2,0.23784415920692845,0.13901647730230582,0.08854449214971095,0.1124312348663211,0.08120109384200393,0.7373752484323804
ds004444,sub-010,ses-16,C3_BLOCK_SUBSAMPLE_EMPIRICAL,full,155,,1.0,1.0,1.0,0,0.0,0.0,0,0,0.0,0.0,0.0,0.0,0.0,0.0
ds004444,sub-010,ses-16,C4_LOSO_SHRINKAGE,15,15,0.42857142857142855,0.9791666666666666,0.0,0.9791666666666666,-5,-2.5,42.5,5,0,0.24205528396140386,0.0934223096364313,0.27530914835492715,0.569700626770114,0.549184028514631,0.03206973425424466
ds004444,sub-010,ses-16,C4_LOSO_SHRINKAGE,30,30,0.6,0.9791666666666666,0.0,0.9791666666666666,-5,-2.5,42.5,5,0,0.2168452734697173,0.1442127465297172,0.28913470184895496,0.45250959294178356,0.41730827826466593,0.13633945219573687
ds004444,sub-010,ses-16,C4_LOSO_SHRINKAGE,60,60,0.75,0.9791666666666666,0.0,0.9791666666666666,-5,-2.5,42.5,5,0,0.29052490804136477,0.14001955864030466,0.2454509811215989,0.3136440626300702,0.29925377312543794,0.05785198715060902
ds004444,sub-010,ses-16,C4_LOSO_SHRINKAGE,90,90,0.8181818181818182,0.9791666666666666,0.0,0.9791666666666666,-5,-2.5,42.5,5,0,0.24978574626665187,0.14229285142724732,0.19166004414384183,0.2285928654524617,0.21647469346963674,0.21888534518544384
ds004444,sub-010,ses-16,C4_LOSO_SHRINKAGE,120,120,0.8571428571428571,0.9791666666666666,0.0,0.9791666666666666,-5,-2.5,42.5,5,0,0.22616798000483643,0.16009169338637907,0.14843832413021885,0.16606334382940924,0.15182974863328985,0.31683236225801076
ds004444,sub-010,ses-16,C4_LOSO_SHRINKAGE,full,310,0.9393939393939394,1.0,1.0,1.0,0,0.0,0.0,0,0,0.0,0.0,0.0,0.0,0.0,0.0
ds004444,sub-011,ses-01,C0_CURRENT_OVERLAP_EMPIRICAL,15,30,,0.9291666666666667,0.15,0.9282700421940928,-9,-4.5,15.5,13,4,0.1641069118086433,0.2604572524121112,0.2884238028698333,0.05077589875617678,0.3197598927678137,9.091936337552706
ds004444,sub-011,ses-01,C0_CURRENT_OVERLAP_EMPIRICAL,30,60,,0.925,0.14285714285714285,0.9240506329113924,-8,-4.0,15.5,13,5,0.2515042349345549,0.25912498577823284,0.3208564710137531,0.013542190279453333,0.3684651908485562,9.875793528809849
ds004444,sub-011,ses-01,C0_CURRENT_OVERLAP_EMPIRICAL,60,120,,0.9166666666666666,0.13043478260869565,0.9156118143459916,-6,-3.0,15.5,13,7,0.2515042349345549,0.2927380896477662,0.22206395386859915,0.05328586704103127,0.3585801999727706,8.37094523513987
ds004444,sub-011,ses-01,C0_CURRENT_OVERLAP_EMPIRICAL,90,180,,0.9125,0.16,0.9110169491525424,-3,-1.5,-6.0,12,9,0.23961700622472748,0.2537349065824598,0.15179723130460276,0.05328586704103127,0.17280428493953726,7.45939079261576
ds004444,sub-011,ses-01,C0_CURRENT_OVERLAP_EMPIRICAL,120,240,,0.9208333333333333,0.17391304347826086,0.9194915254237288,-5,-2.5,-1.5,12,7,0.16701997706924612,0.24777799198600142,0.07430155476554044,0.037815339828527174,0.17280428493953726,6.1650527150954115
ds004444,sub-011,ses-01,C0_CURRENT_OVERLAP_EMPIRICAL,full,630,,1.0,1.0,1.0,0,0.0,0.0,0,0,0.0,0.0,0.0,0.0,0.0,0.0
ds004444,sub-011,ses-01,C1_NONOVERLAP_EMPIRICAL,15,15,,0.9333333333333333,0.2,0.9322033898305084,-16,-8.0,24.0,16,0,0.02905049111923971,0.24332594387995732,0.020787983799182085,0.07464257739803035,0.3246038498097445,1.3703755079016433
ds004444,sub-011,ses-01,C1_NONOVERLAP_EMPIRICAL,30,30,,0.9291666666666667,0.22727272727272727,0.9276595744680851,-13,-6.5,24.0,15,2,0.09939769254867575,0.23037980435402633,0.2414928768003379,0.07365427872201499,0.35831429422926986,1.7047277762916548
ds004444,sub-011,ses-01,C1_NONOVERLAP_EMPIRICAL,60,60,,0.925,0.25,0.9230769230769231,-10,-5.0,8.5,14,4,0.11898063639659692,0.24207697531416275,0.09786391510518004,0.00869767264259582,0.35831429422926986,1.4539839025408738
ds004444,sub-011,ses-01,C1_NONOVERLAP_EMPIRICAL,90,90,,0.9166666666666666,0.2,0.9148936170212766,-10,-5.0,8.5,15,5,0.13847384406165897,0.2251756254627268,0.07256175660365491,0.00992485105963606,0.21024735407656617,1.1840774184545022
ds004444,sub-011,ses-01,C1_NONOVERLAP_EMPIRICAL,120,120,,0.925,0.25,0.9230769230769231,-10,-5.0,8.5,14,4,0.11898063639659692,0.22208940063615668,0.06922424771619232,0.008099040166739069,0.21024735407656617,0.8604339932317345
ds004444,sub-011,ses-01,C1_NONOVERLAP_EMPIRICAL,full,315,,1.0,1.0,1.0,0,0.0,0.0,0,0,0.0,0.0,0.0,0.0,0.0,0.0
ds004444,sub-011,ses-01,C2_NONOVERLAP_HARRELL_DAVIS,15,15,,0.9333333333333333,0.2,0.9322033898305084,-16,-8.0,24.0,16,0,0.024042780218257027,0.2139272946174694,0.04368432382842676,0.09811420556184272,0.26093824791896186,1.436897608152915
ds004444,sub-011,ses-01,C2_NONOVERLAP_HARRELL_DAVIS,30,30,,0.9291666666666667,0.22727272727272727,0.9276595744680851,-13,-6.5,24.0,15,2,0.06619229330009363,0.23281248879976651,0.19485638595480625,0.08497917862932712,0.33574275449395796,1.6482407527704879
ds004444,sub-011,ses-01,C2_NONOVERLAP_HARRELL_DAVIS,60,60,,0.9291666666666667,0.2608695652173913,0.9273504273504274,-11,-5.5,8.5,14,3,0.08384473627954621,0.2545580111325852,0.10330358962800772,0.002240842988026201,0.3272801344263732,1.4963525852261703
ds004444,sub-011,ses-01,C2_NONOVERLAP_HARRELL_DAVIS,90,90,,0.9291666666666667,0.2916666666666667,0.927038626609442,-9,-4.5,8.5,13,4,0.11848603487548798,0.22719949825573138,0.06672994435101019,0.015308296016461088,0.17883380079429792,1.2430730035360615
ds004444,sub-011,ses-01,C2_NONOVERLAP_HARRELL_DAVIS,120,120,,0.9291666666666667,0.2916666666666667,0.927038626609442,-9,-4.5,7.0,13,4,0.11300186449077834,0.2280072582649502,0.07898939478427397,0.008826743219288145,0.17968606854641175,0.8767256892871722
ds004444,sub-011,ses-01,C2_NONOVERLAP_HARRELL_DAVIS,full,315,,1.0,1.0,1.0,0,0.0,0.0,0,0,0.0,0.0,0.0,0.0,0.0,0.0
ds004444,sub-011,ses-01,C3_BLOCK_SUBSAMPLE_EMPIRICAL,30,15,,0.9416666666666667,0.17647058823529413,0.9409282700421941,-14,-7.0,27.0,14,0,0.023200316896019587,0.30076452067960463,0.1943852359712288,0.08041995985258993,0.2900327569489922,1.6335429250735003
ds004444,sub-011,ses-01,C3_BLOCK_SUBSAMPLE_EMPIRICAL,60,30,,0.9416666666666667,0.2222222222222222,0.940677966101695,-12,-6.0,25.0,13,1,0.09889631568794731,0.30290705631968123,0.21142935622615644,0.039742316500141,0.30104959854336616,1.740002631074567
ds004444,sub-011,ses-01,C3_BLOCK_SUBSAMPLE_EMPIRICAL,90,45,,0.95,0.3333333333333333,0.9487179487179487,-10,-5.0,3.0,11,1,0.07381286644909747,0.263145826895589,0.17023741241646279,0.047046295067741065,0.25917719808860296,1.366112562780643
ds004444,sub-011,ses-01,C3_BLOCK_SUBSAMPLE_EMPIRICAL,120,60,,0.9291666666666667,0.2608695652173913,0.9273504273504274,-5,-2.5,7.0,11,6,0.1771324890266197,0.2718621088212893,0.16917397062657552,0.03719374223645548,0.2351807640850065,1.0533759075055829
ds004444,sub-011,ses-01,C3_BLOCK_SUBSAMPLE_EMPIRICAL,full,158,,1.0,1.0,1.0,0,0.0,0.0,0,0,0.0,0.0,0.0,0.0,0.0,0.0
ds004444,sub-011,ses-01,C4_LOSO_SHRINKAGE,15,15,0.42857142857142855,0.925,0.0,0.925,-18,-9.0,100.0,18,0,0.24270730825594666,0.28288498820031155,0.1818816214933765,0.05634750788045797,0.34195213879413944,0.3017721925533465
ds004444,sub-011,ses-01,C4_LOSO_SHRINKAGE,30,30,0.6,0.9291666666666667,0.10526315789473684,0.9285714285714286,-15,-7.5,27.0,16,1,0.2141372641642554,0.25841650296151125,0.2751321700315356,0.014314567422521704,0.11168585379973878,0.8555700021714894
ds004444,sub-011,ses-01,C4_LOSO_SHRINKAGE,60,60,0.75,0.925,0.1,0.9243697478991597,-14,-7.0,25.0,16,2,0.1771318258308471,0.2509148050300896,0.14605753048053716,0.03956418645584416,0.07785389215236856,1.0154937075599082
ds004444,sub-011,ses-01,C4_LOSO_SHRINKAGE,90,90,0.8181818181818182,0.9166666666666666,0.16666666666666666,0.9152542372881356,-8,-4.0,7.0,14,6,0.17120391509756297,0.23013607616459636,0.1062685536371177,0.029363768454356714,0.04955330686343987,0.9302865110976851
ds004444,sub-011,ses-01,C4_LOSO_SHRINKAGE,120,120,0.8571428571428571,0.9208333333333333,0.17391304347826086,0.9194915254237288,-9,-4.5,9.5,14,5,0.14208155107185771,0.2229552756396239,0.0916929349541545,0.02142241409678914,0.09333417088589722,0.7140782273052935
ds004444,sub-011,ses-01,C4_LOSO_SHRINKAGE,full,315,0.9402985074626866,1.0,1.0,1.0,0,0.0,0.0,0,0,0.0,0.0,0.0,0.0,0.0,0.0
ds004444,sub-011,ses-16,C0_CURRENT_OVERLAP_EMPIRICAL,15,30,,0.8791666666666667,0.3829787234042553,0.8693693693693694,25,12.5,-20.5,2,27,0.17890932358124792,0.1626062751767355,0.03808706127636262,0.39233188600578883,0.04661268438793559,1.1325751183403405
ds004444,sub-011,ses-16,C0_CURRENT_OVERLAP_EMPIRICAL,30,60,,0.9041666666666667,0.34285714285714286,0.8991228070175439,7,3.5,-15.0,8,15,0.1478934697221847,0.09932273969661994,0.22340010398771393,0.2460207428230365,0.1324051650302089,0.3913655151059558
ds004444,sub-011,ses-16,C0_CURRENT_OVERLAP_EMPIRICAL,60,120,,0.9291666666666667,0.48484848484848486,0.9241071428571429,9,4.5,-11.0,4,13,0.17209671900841794,0.005291441339225492,0.17339810120591984,0.06011149065778984,0.014850058743058553,0.3679380617985958
ds004444,sub-011,ses-16,C0_CURRENT_OVERLAP_EMPIRICAL,90,180,,0.9666666666666667,0.7037037037037037,0.9638009049773756,6,3.0,-12.5,1,7,0.06079698376214259,0.0060067967004106436,0.09021548695121726,0.04101178824216897,0.015262560374810224,0.4673675732364704
ds004444,sub-011,ses-16,C0_CURRENT_OVERLAP_EMPIRICAL,120,240,,0.975,0.75,0.972972972972973,2,1.0,-12.5,2,4,0.047888473472176174,0.0060067967004106436,0.0727810313223218,0.028526820517820628,0.011137544057293993,0.07122574133897502
ds004444,sub-011,ses-16,C0_CURRENT_OVERLAP_EMPIRICAL,full,612,,1.0,1.0,1.0,0,0.0,0.0,0,0,0.0,0.0,0.0,0.0,0.0,0.0
ds004444,sub-011,ses-16,C1_NONOVERLAP_EMPIRICAL,15,15,,0.9416666666666667,0.5757575757575758,0.9366515837104072,10,5.0,-20.5,2,12,0.03672609596992787,0.14432512785190355,0.12620957064638086,0.5430653155725862,0.02860420396056748,0.5876760913580198
ds004444,sub-011,ses-16,C1_NONOVERLAP_EMPIRICAL,30,30,,0.9458333333333333,0.5666666666666667,0.9417040358744395,5,2.5,-16.0,4,9,0.05964764593904579,0.1138959727190392,0.1818010190859686,0.2827570238630932,0.13803847777916933,0.03845083455790701
ds004444,sub-011,ses-16,C1_NONOVERLAP_EMPIRICAL,60,60,,0.9125,0.4473684210526316,0.905829596412556,13,6.5,-20.0,4,17,0.21151951372790936,0.022468555029350502,0.11851681599923355,0.0938570550751496,0.000414553680587806,0.18056775483116877
ds004444,sub-011,ses-16,C1_NONOVERLAP_EMPIRICAL,90,90,,0.95,0.5862068965517241,0.9461883408071748,4,2.0,-12.5,4,8,0.10254793892038154,0.0050472609170683904,0.07231526057599313,0.02715431832588017,0.009949288334110195,0.09616118570514641
ds004444,sub-011,ses-16,C1_NONOVERLAP_EMPIRICAL,120,120,,0.9875,0.8636363636363636,0.9864253393665159,-1,-0.5,0.0,2,1,0.027878462330605366,0.0006035834365136119,0.04092384960763337,0.02453129496165337,0.00621830520881899,0.12179929145235655
ds004444,sub-011,ses-16,C1_NONOVERLAP_EMPIRICAL,full,306,,1.0,1.0,1.0,0,0.0,0.0,0,0,0.0,0.0,0.0,0.0,0.0,0.0
ds004444,sub-011,ses-16,C2_NONOVERLAP_HARRELL_DAVIS,15,15,,0.925,0.45454545454545453,0.92,6,3.0,-15.0,6,12,0.10605414167602238,0.15241888797520395,0.4961840629753872,0.6129276153807827,0.03245665027321254,0.6571808099515738
ds004444,sub-011,ses-16,C2_NONOVERLAP_HARRELL_DAVIS,30,30,,0.9625,0.6666666666666666,0.9594594594594594,3,1.5,-13.5,3,6,0.06592051527097129,0.10955949888160245,0.06585459762917296,0.3704706574067064,1.0767841622856629,0.07622303343623218
ds004444,sub-011,ses-16,C2_NONOVERLAP_HARRELL_DAVIS,60,60,,0.9458333333333333,0.59375,0.9411764705882353,9,4.5,-12.5,2,11,0.16363944332928257,0.0015695295168118224,0.0639049662204574,0.09178035512890824,0.02553262995890777,0.16784616591906742
ds004444,sub-011,ses-16,C2_NONOVERLAP_HARRELL_DAVIS,90,90,,0.9666666666666667,0.6923076923076923,0.963963963963964,2,1.0,-4.0,3,5,0.08064834356346308,0.008361890140506987,0.08110297326842641,0.04672124860459677,0.01495002447840933,0.10935511291810462
ds004444,sub-011,ses-16,C2_NONOVERLAP_HARRELL_DAVIS,120,120,,0.9916666666666667,0.9047619047619048,0.9909502262443439,-2,-1.0,0.0,2,0,0.017737296061461495,0.004685181609819931,0.04291605648847215,0.029105976420819656,0.008374449823749318,0.12255570058928252
ds004444,sub-011,ses-16,C2_NONOVERLAP_HARRELL_DAVIS,full,306,,1.0,1.0,1.0,0,0.0,0.0,0,0,0.0,0.0,0.0,0.0,0.0,0.0
ds004444,sub-011,ses-16,C3_BLOCK_SUBSAMPLE_EMPIRICAL,30,15,,0.9541666666666667,0.6071428571428571,0.9506726457399103,7,3.5,-13.5,2,9,0.03394893169576971,0.1161578283381429,0.09496040199226718,0.2931137387760193,0.06615567822721054,0.32999710770198587
ds004444,sub-011,ses-16,C3_BLOCK_SUBSAMPLE_EMPIRICAL,60,30,,0.95,0.5384615384615384,0.9469026548672567,2,1.0,-12.5,5,7,0.13195094522464543,0.050435092870522356,0.19266622005333198,0.09221509431788526,0.01713671182993975,0.02989019088640118
ds004444,sub-011,ses-16,C3_BLOCK_SUBSAMPLE_EMPIRICAL,90,45,,0.9583333333333334,0.5833333333333334,0.9557522123893806,0,0.0,-4.0,5,5,0.10915008709130777,0.048424770208943896,0.04215054145210472,0.04290194400244543,0.011158789098566458,0.010393665678545874
ds004444,sub-011,ses-16,C3_BLOCK_SUBSAMPLE_EMPIRICAL,120,60,,0.9875,0.85,0.9865470852017937,-1,-0.5,0.0,2,1,0.03274775410638592,0.004468259027208484,0.036759139045398306,0.04182344139311617,0.01713671182993975,0.1522340258690967
ds004444,sub-011,ses-16,C3_BLOCK_SUBSAMPLE_EMPIRICAL,full,153,,1.0,1.0,1.0,0,0.0,0.0,0,0,0.0,0.0,0.0,0.0,0.0,0.0
ds004444,sub-011,ses-16,C4_LOSO_SHRINKAGE,15,15,0.42857142857142855,0.9333333333333333,0.23809523809523808,0.9319148936170213,-12,-6.0,9.5,14,2,0.011568198877757905,0.16216159490710522,0.05530318577339602,0.34960241036504974,0.849795258103773,0.10914653864915103
ds004444,sub-011,ses-16,C4_LOSO_SHRINKAGE,30,30,0.6,0.95,0.42857142857142855,0.948051948051948,-8,-4.0,-10.0,10,2,0.017575291413848757,0.13460231348391183,0.1082537356245448,0.24702088580855427,0.6313437352289625,0.22306315065175733
ds004444,sub-011,ses-16,C4_LOSO_SHRINKAGE,60,60,0.75,0.9416666666666667,0.5,0.9380530973451328,4,2.0,-13.5,5,9,0.14803893741291752,0.020729909055128753,0.08842285720794112,0.11383978860056566,0.30993676743504395,0.0038017653699952713
ds004444,sub-011,ses-16,C4_LOSO_SHRINKAGE,90,90,0.8181818181818182,0.9666666666666667,0.6363636363636364,0.9646017699115044,-2,-1.0,-1.0,5,3,0.07719050178807668,0.019788536026210782,0.05886989453943524,0.050290334720079405,0.19077912095834662,0.005724667176447236
ds004444,sub-011,ses-16,C4_LOSO_SHRINKAGE,120,120,0.8571428571428571,0.9916666666666667,0.8947368421052632,0.9910313901345291,-2,-1.0,0.0,2,0,0.01946209123967042,0.015637661662894365,0.034877274086656355,0.03993408331869199,0.12923847298318097,0.16856291170902266
ds004444,sub-011,ses-16,C4_LOSO_SHRINKAGE,full,306,0.9386503067484663,1.0,1.0,1.0,0,0.0,0.0,0,0,0.0,0.0,0.0,0.0,0.0,0.0
ds004444,sub-012,ses-01,C0_CURRENT_OVERLAP_EMPIRICAL,15,30,,0.9541666666666667,0.08333333333333333,0.9539748953974896,-9,-4.5,49.5,10,1,0.3928919163923171,0.347557811273098,0.39641985219114234,0.06897486233201501,0.10865713833996066,17097.334761466835
ds004444,sub-012,ses-01,C0_CURRENT_OVERLAP_EMPIRICAL,30,60,,0.9416666666666667,0.0,0.9416666666666667,-8,-4.0,45.5,11,3,0.397032779846379,0.40857335775107473,0.5379117357980233,0.020941136396701227,0.05113277098351077,19772.70203326883
ds004444,sub-012,ses-01,C0_CURRENT_OVERLAP_EMPIRICAL,60,120,,0.9333333333333333,0.1111111111111111,0.9327731092436975,-2,-1.0,-7.5,9,7,0.26988577947276354,0.30953530262427587,0.3570486617322685,0.04862926385351023,0.04474117461057203,16628.13818661917
ds004444,sub-012,ses-01,C0_CURRENT_OVERLAP_EMPIRICAL,90,180,,0.95,0.25,0.9491525423728814,-2,-1.0,-9.5,7,5,0.19017488906969177,0.09564698271079024,0.15456066432167842,0.023847423621444017,0.01802289577014732,17221.44693349306
ds004444,sub-012,ses-01,C0_CURRENT_OVERLAP_EMPIRICAL,120,240,,0.9833333333333333,0.6666666666666666,0.9827586206896551,-2,-1.0,-9.5,3,1,0.024178638858890246,0.007200598226290655,0.054692263958132356,0.02844481347070058,0.02435752173071107,17506.11340864142
ds004444,sub-012,ses-01,C0_CURRENT_OVERLAP_EMPIRICAL,full,630,,1.0,1.0,1.0,0,0.0,0.0,0,0,0.0,0.0,0.0,0.0,0.0,0.0
ds004444,sub-012,ses-01,C1_NONOVERLAP_EMPIRICAL,15,15,,0.9416666666666667,0.125,0.9411764705882353,-2,-1.0,9.5,8,6,0.43161933165172583,0.25403761038858447,0.5135561800123681,0.1032193173692932,0.14621483293287,1.6962380521425593
ds004444,sub-012,ses-01,C1_NONOVERLAP_EMPIRICAL,30,30,,0.9416666666666667,0.0,0.9416666666666667,-6,-3.0,48.0,10,4,0.4071899791187509,0.34651832518270026,0.6034368095463393,0.019267195034325103,0.06143156099923401,1.7819968585439763
ds004444,sub-012,ses-01,C1_NONOVERLAP_EMPIRICAL,60,60,,0.9416666666666667,0.125,0.9411764705882353,-2,-1.0,-5.0,8,6,0.26044299656931774,0.23512220914312798,0.44898153047601397,0.036849766788954894,0.05051250325020514,1.6356230977319282
ds004444,sub-012,ses-01,C1_NONOVERLAP_EMPIRICAL,90,90,,0.9833333333333333,0.6363636363636364,0.9828326180257511,-2,-1.0,-5.5,3,1,0.09400853461530148,0.1103928818505462,0.20200414909025668,0.03347348291099791,0.006651975553534289,1.702770832457874
ds004444,sub-012,ses-01,C1_NONOVERLAP_EMPIRICAL,120,120,,0.975,0.4,0.9745762711864406,-6,-3.0,44.5,6,0,0.14254774189787522,0.005012436671219997,0.08083297343467877,0.03061259754767639,0.013201997298815958,1.7133039301942883
ds004444,sub-012,ses-01,C1_NONOVERLAP_EMPIRICAL,full,315,,1.0,1.0,1.0,0,0.0,0.0,0,0,0.0,0.0,0.0,0.0,0.0,0.0
ds004444,sub-012,ses-01,C2_NONOVERLAP_HARRELL_DAVIS,15,15,,0.95,0.14285714285714285,0.9495798319327731,-2,-1.0,9.5,7,5,0.4044317117248789,0.20049205369192227,0.4991535742759008,0.12988281565478382,0.16242008321327192,1.7628439600198471
ds004444,sub-012,ses-01,C2_NONOVERLAP_HARRELL_DAVIS,30,30,,0.9416666666666667,0.06666666666666667,0.9414225941422594,-2,-1.0,12.0,8,6,0.3952896701179294,0.30427801116616693,0.6000913142397305,0.009410622258495894,0.0754674085420792,1.8091896279643098
ds004444,sub-012,ses-01,C2_NONOVERLAP_HARRELL_DAVIS,60,60,,0.9541666666666667,0.15384615384615385,0.9537815126050421,-3,-1.5,35.5,7,4,0.22657361775133028,0.20178761678830395,0.4488901856103561,0.03374866332938202,0.04773985648411192,1.6117351276390235
ds004444,sub-012,ses-01,C2_NONOVERLAP_HARRELL_DAVIS,90,90,,0.9916666666666667,0.7777777777777778,0.9914163090128756,-2,-1.0,3.0,2,0,0.07652132820920823,0.09741882873057718,0.19425137158744157,0.03334042357070833,0.010564991125912974,1.6687290276164772
ds004444,sub-012,ses-01,C2_NONOVERLAP_HARRELL_DAVIS,120,120,,0.9791666666666666,0.4444444444444444,0.9788135593220338,-5,-2.5,55.0,5,0,0.0698375417111092,0.00569614878680513,0.04519360025294669,0.024984980910419476,0.023897929989305088,1.6223372396936644
ds004444,sub-012,ses-01,C2_NONOVERLAP_HARRELL_DAVIS,full,315,,1.0,1.0,1.0,0,0.0,0.0,0,0,0.0,0.0,0.0,0.0,0.0,0.0
ds004444,sub-012,ses-01,C3_BLOCK_SUBSAMPLE_EMPIRICAL,30,15,,0.9291666666666667,0.0,0.9291666666666667,-5,-2.5,18.0,11,6,0.4343482912571997,0.32044768101097393,0.5549174162360101,0.0230033513882412,0.11375590644192748,1.525776891658068
ds004444,sub-012,ses-01,C3_BLOCK_SUBSAMPLE_EMPIRICAL,60,30,,0.9541666666666667,0.21428571428571427,0.9535864978902954,-5,-2.5,42.5,8,3,0.11009073516561996,0.21255558191799137,0.40912701933462275,0.04703042074629025,0.027661831978472377,1.75153216075328
ds004444,sub-012,ses-01,C3_BLOCK_SUBSAMPLE_EMPIRICAL,90,45,,0.9416666666666667,0.3,0.9401709401709402,4,2.0,0.0,5,9,0.21582038686674743,0.08921412600878069,0.12068221551325954,0.03581745505361772,0.0025315973553126335,1.8030513880534786
ds004444,sub-012,ses-01,C3_BLOCK_SUBSAMPLE_EMPIRICAL,120,60,,0.9583333333333334,0.375,0.9572649572649573,0,0.0,0.0,5,5,0.16573496228294146,0.008162520276644339,0.09766851197781597,0.03557423915387572,0.0054797261096809664,1.7320676594851718
ds004444,sub-012,ses-01,C3_BLOCK_SUBSAMPLE_EMPIRICAL,full,158,,1.0,1.0,1.0,0,0.0,0.0,0,0,0.0,0.0,0.0,0.0,0.0,0.0
ds004444,sub-012,ses-01,C4_LOSO_SHRINKAGE,15,15,0.42857142857142855,0.9625,0.0,0.9625,-9,-4.5,80.0,9,0,0.46032732896569645,0.4107129557072026,0.5470587471065972,0.06086779647742818,1.6373984753556174,0.5500696163628237
ds004444,sub-012,ses-01,C4_LOSO_SHRINKAGE,30,30,0.6,0.9625,0.1,0.9623430962343096,-7,-3.5,53.5,8,1,0.43123454078168355,0.41334648363389415,0.5875146297515266,0.0004208170161884695,1.0849483160615248,0.9647754430795091
ds004444,sub-012,ses-01,C4_LOSO_SHRINKAGE,60,60,0.75,0.9416666666666667,0.125,0.9411764705882353,0,0.0,10.5,7,7,0.3017063179720777,0.29331235168785763,0.4678050801837464,0.021366705460807735,0.6207903383590992,1.1825024828685746
ds004444,sub-012,ses-01,C4_LOSO_SHRINKAGE,90,90,0.8181818181818182,0.9583333333333334,0.2857142857142857,0.9576271186440678,0,0.0,-7.0,5,5,0.14365458915615736,0.1645886787973142,0.24749482018770905,0.023344642949447117,0.3741212915743122,1.3784675266064328
ds004444,sub-012,ses-01,C4_LOSO_SHRINKAGE,120,120,0.8571428571428571,0.9833333333333333,0.5555555555555556,0.9829787234042553,-4,-2.0,55.0,4,0,0.08222711282082357,0.052879522474490376,0.12366356172542842,0.02347164479487588,0.2485572668255084,1.470252983477149
ds004444,sub-012,ses-01,C4_LOSO_SHRINKAGE,full,315,0.9402985074626866,1.0,1.0,1.0,0,0.0,0.0,0,0,0.0,0.0,0.0,0.0,0.0,0.0
ds004444,sub-012,ses-16,C0_CURRENT_OVERLAP_EMPIRICAL,15,30,,0.9291666666666667,0.0,0.9291666666666667,-5,-2.5,17.5,11,6,0.2858997652799718,0.15061963703252923,0.5948470198805951,0.07064663923381506,0.16504727307267852,0.4155270423670835
ds004444,sub-012,ses-16,C0_CURRENT_OVERLAP_EMPIRICAL,30,60,,0.9208333333333333,0.0,0.9208333333333333,-3,-1.5,12.5,11,8,0.428766520039808,0.2211799440914134,0.5952852135999533,0.025133193505774636,0.23822247632591625,0.45041149682108034
ds004444,sub-012,ses-16,C0_CURRENT_OVERLAP_EMPIRICAL,60,120,,0.925,0.05263157894736842,0.9246861924686193,-2,-1.0,10.0,10,8,0.3750445600433128,0.15196694621059556,0.5001325546302886,0.061588372088458486,0.2413415499859262,0.2644535279915778
ds004444,sub-012,ses-16,C0_CURRENT_OVERLAP_EMPIRICAL,90,180,,0.925,0.18181818181818182,0.923728813559322,4,2.0,1.0,7,11,0.314222343448429,0.14182031879168258,0.33279903952549733,0.052555399948928466,0.2353469996570282,0.3742036085683741
ds004444,sub-012,ses-16,C0_CURRENT_OVERLAP_EMPIRICAL,120,240,,0.9458333333333333,0.2777777777777778,0.9446808510638298,1,0.5,1.0,6,7,0.22841692124588553,0.14182031879168258,0.20916367438497396,0.056003618769296507,0.20755408449577373,0.35422951873934755
ds004444,sub-012,ses-16,C0_CURRENT_OVERLAP_EMPIRICAL,full,616,,1.0,1.0,1.0,0,0.0,0.0,0,0,0.0,0.0,0.0,0.0,0.0,0.0
ds004444,sub-012,ses-16,C1_NONOVERLAP_EMPIRICAL,15,15,,0.9083333333333333,0.043478260869565216,0.9079497907949791,-2,-1.0,17.5,12,10,0.40759778262046265,0.19316827352103558,0.5355837620223547,0.057059688626341705,0.16757870597644275,0.3139615385833218
ds004444,sub-012,ses-16,C1_NONOVERLAP_EMPIRICAL,30,30,,0.9041666666666667,0.0,0.9041666666666667,-3,-1.5,3.5,13,10,0.46146620221021467,0.23915972940207422,0.5833728010137752,0.06840811392072434,0.2213197818763042,0.40128820333265813
ds004444,sub-012,ses-16,C1_NONOVERLAP_EMPIRICAL,60,60,,0.9083333333333333,0.043478260869565216,0.9079497907949791,-2,-1.0,3.5,12,10,0.40705347233823735,0.17184858230607347,0.4992161911180951,0.04690427664005263,0.22718991978117542,0.16283405328847203
ds004444,sub-012,ses-16,C1_NONOVERLAP_EMPIRICAL,90,90,,0.9125,0.16,0.9110169491525424,3,1.5,-8.0,9,12,0.3411832718702239,0.115494838225229,0.3588374842154509,0.03425077596716715,0.21419000167849955,0.2739350481881506
ds004444,sub-012,ses-16,C1_NONOVERLAP_EMPIRICAL,120,120,,0.925,0.21739130434782608,0.9234042553191489,2,1.0,1.0,8,10,0.2922619787913416,0.15841622466545677,0.28507337276411865,0.039131575705974704,0.193103939337093,0.23499968877806077
ds004444,sub-012,ses-16,C1_NONOVERLAP_EMPIRICAL,full,308,,1.0,1.0,1.0,0,0.0,0.0,0,0,0.0,0.0,0.0,0.0,0.0,0.0
ds004444,sub-012,ses-16,C2_NONOVERLAP_HARRELL_DAVIS,15,15,,0.9166666666666666,0.047619047619047616,0.9163179916317992,-2,-1.0,36.5,11,9,0.3826828581318738,0.15424138296309733,0.49365478508427413,0.08437880270407834,0.12857324726950337,0.3396799258926803
ds004444,sub-012,ses-16,C2_NONOVERLAP_HARRELL_DAVIS,30,30,,0.9125,0.0,0.9125,-3,-1.5,3.5,12,9,0.45456809539348564,0.23237205710952374,0.566849813411605,0.04539150663182633,0.19533612295468333,0.4097462846212503
ds004444,sub-012,ses-16,C2_NONOVERLAP_HARRELL_DAVIS,60,60,,0.9208333333333333,0.09523809523809523,0.9201680672268907,-1,-0.5,-1.5,10,9,0.40597440706612903,0.11982349446239025,0.49603213958095743,0.050181973615164605,0.23775550104474485,0.19355948166809708
ds004444,sub-012,ses-16,C2_NONOVERLAP_HARRELL_DAVIS,90,90,,0.9208333333333333,0.24,0.9188034188034188,7,3.5,-8.0,6,13,0.3567231727179357,0.10282493089641224,0.338141034337217,0.031243498084054643,0.19366367123948133,0.30180778861117374
ds004444,sub-012,ses-16,C2_NONOVERLAP_HARRELL_DAVIS,120,120,,0.9333333333333333,0.2727272727272727,0.9316239316239316,4,2.0,0.5,6,10,0.28915066671224676,0.14718618832990799,0.2690364091227436,0.0404525402836463,0.17903652307658577,0.2813854302862863
ds004444,sub-012,ses-16,C2_NONOVERLAP_HARRELL_DAVIS,full,308,,1.0,1.0,1.0,0,0.0,0.0,0,0,0.0,0.0,0.0,0.0,0.0,0.0
ds004444,sub-012,ses-16,C3_BLOCK_SUBSAMPLE_EMPIRICAL,30,15,,0.9041666666666667,0.041666666666666664,0.9037656903765691,-5,-2.5,3.5,14,9,0.44739697738753625,0.21662763582927158,0.6439263252557292,0.04769368020809937,0.2829349446341698,0.028479608123085885
ds004444,sub-012,ses-16,C3_BLOCK_SUBSAMPLE_EMPIRICAL,60,30,,0.9291666666666667,0.10526315789473684,0.9285714285714286,-9,-4.5,17.5,13,4,0.330614824573769,0.08452751351502337,0.4908865557177423,0.08370809242054626,0.28066240423203004,0.00011758157017933842
ds004444,sub-012,ses-16,C3_BLOCK_SUBSAMPLE_EMPIRICAL,90,45,,0.9291666666666667,0.2608695652173913,0.9273504273504274,-1,-0.5,1.0,9,8,0.3155372234498517,0.056827765030097094,0.32619046407776314,0.036101548487004365,0.20907738156462838,0.02251780919702036
ds004444,sub-012,ses-16,C3_BLOCK_SUBSAMPLE_EMPIRICAL,120,60,,0.9416666666666667,0.3,0.9401709401709402,-4,-2.0,1.0,9,5,0.230076158039357,0.16881897929885126,0.25326057871488283,0.03498273179668578,0.1738530053314626,0.018946093093051036
ds004444,sub-012,ses-16,C3_BLOCK_SUBSAMPLE_EMPIRICAL,full,154,,1.0,1.0,1.0,0,0.0,0.0,0,0,0.0,0.0,0.0,0.0,0.0,0.0
ds004444,sub-012,ses-16,C4_LOSO_SHRINKAGE,15,15,0.42857142857142855,0.9458333333333333,0.0,0.9458333333333333,-11,-5.5,58.5,12,1,0.37605513085527376,0.26786143688145125,0.5876993225815171,0.07599607557766348,0.9629585730796321,0.2265630003043359
ds004444,sub-012,ses-16,C4_LOSO_SHRINKAGE,30,30,0.6,0.9375,0.0,0.9375,-9,-4.5,36.0,12,3,0.4144129559977599,0.2683536380343891,0.5961303036816855,0.006458848249927566,0.5648988629600319,0.007569349779386055
ds004444,sub-012,ses-16,C4_LOSO_SHRINKAGE,60,60,0.75,0.9208333333333333,0.09523809523809523,0.9201680672268907,-1,-0.5,-1.5,10,9,0.3855282769407277,0.19957144635972593,0.5190944468237472,0.01581872383770567,0.2304166092234515,0.008429322896208485
ds004444,sub-012,ses-16,C4_LOSO_SHRINKAGE,90,90,0.8181818181818182,0.9291666666666667,0.19047619047619047,0.9279661016949152,1,0.5,-7.5,8,9,0.33242469160580407,0.13994930228136873,0.38834757759892136,0.015612745622408625,0.08911670629715651,0.1470687071803986
ds004444,sub-012,ses-16,C4_LOSO_SHRINKAGE,120,120,0.8571428571428571,0.9375,0.21052631578947367,0.9364406779661016,-1,-0.5,1.5,8,7,0.2880544665654378,0.1681549649778989,0.31044340753069166,0.025042196057560976,0.019344027064159972,0.15138620670834854
ds004444,sub-012,ses-16,C4_LOSO_SHRINKAGE,full,308,0.9390243902439024,1.0,1.0,1.0,0,0.0,0.0,0,0,0.0,0.0,0.0,0.0,0.0,0.0
ds004444,sub-013,ses-01,C0_CURRENT_OVERLAP_EMPIRICAL,15,30,,0.975,0.7777777777777778,0.9726027397260274,2,1.0,0.0,2,4,0.08086560362116976,0.056173791833178055,0.17143478846597132,0.1291111612917112,0.09609683194132525,803.3040051431072
ds004444,sub-013,ses-01,C0_CURRENT_OVERLAP_EMPIRICAL,30,60,,0.975,0.7692307692307693,0.9727272727272728,0,0.0,6.0,3,3,0.0763069290953736,0.060794623031891454,0.11491549923435984,0.1295965233249199,0.1758629167610267,753.0810730157565
ds004444,sub-013,ses-01,C0_CURRENT_OVERLAP_EMPIRICAL,60,120,,0.9375,0.5833333333333334,0.9315068493150684,11,5.5,0.0,2,13,0.23750617219658082,0.04854929711703028,0.08163552750697052,0.1174393419783018,0.05324389817077194,699.2955910480107
ds004444,sub-013,ses-01,C0_CURRENT_OVERLAP_EMPIRICAL,90,180,,0.9625,0.6896551724137931,0.9590909090909091,3,1.5,0.0,3,6,0.12579531444316916,0.060329931936617606,0.058133906491773614,0.1295965233249199,0.07757131121762185,745.9746510123864
ds004444,sub-013,ses-01,C0_CURRENT_OVERLAP_EMPIRICAL,120,240,,0.9666666666666667,0.7142857142857143,0.9636363636363636,2,1.0,0.0,3,5,0.12060351141928806,0.05744446792282024,0.07952373026208005,0.14240925419128558,0.06129572025530154,732.2272542113745
ds004444,sub-013,ses-01,C0_CURRENT_OVERLAP_EMPIRICAL,full,636,,1.0,1.0,1.0,0,0.0,0.0,0,0,0.0,0.0,0.0,0.0,0.0,0.0
ds004444,sub-013,ses-01,C1_NONOVERLAP_EMPIRICAL,15,15,,0.9958333333333333,0.9583333333333334,0.9953917050691244,-1,-0.5,10.0,1,0,0.011611355350183719,0.029643111180071267,0.09198466923056102,0.008028249808340384,0.13420329836986702,0.23933813423444172
ds004444,sub-013,ses-01,C1_NONOVERLAP_EMPIRICAL,30,30,,0.9791666666666666,0.7916666666666666,0.9773755656108597,-5,-2.5,10.0,5,0,5.150357582479192e-05,0.03318832185997916,0.1133692791325976,0.08674087969426421,0.20915843309728482,0.3226239089666598
ds004444,sub-013,ses-01,C1_NONOVERLAP_EMPIRICAL,60,60,,0.95,0.6571428571428571,0.9447004608294931,10,5.0,0.0,1,11,0.21204067064842064,9.653410801978177e-05,0.07401033309042122,0.08943284634090233,0.05803920985652287,0.21018714119848012
ds004444,sub-013,ses-01,C1_NONOVERLAP_EMPIRICAL,90,90,,0.9833333333333333,0.84,0.9817351598173516,-2,-1.0,6.0,3,1,0.06299784994973942,0.03318832185997916,0.07353763241393145,0.12983283697562295,0.039886046803490914,0.26352373058052636
ds004444,sub-013,ses-01,C1_NONOVERLAP_EMPIRICAL,120,120,,0.9916666666666667,0.92,0.9907834101382489,0,0.0,6.0,1,1,0.06489499913311007,0.003892951426068455,0.07401033309042122,0.1317045422960713,0.06629725134966043,0.23908885687247033
ds004444,sub-013,ses-01,C1_NONOVERLAP_EMPIRICAL,full,318,,1.0,1.0,1.0,0,0.0,0.0,0,0,0.0,0.0,0.0,0.0,0.0,0.0
ds004444,sub-013,ses-01,C2_NONOVERLAP_HARRELL_DAVIS,15,15,,0.9916666666666667,0.92,0.9907834101382489,0,0.0,10.0,1,1,0.009118616606644937,0.04247323272842541,0.1940661977146079,0.08473373608586907,0.050324293768418744,0.28236890077258575
ds004444,sub-013,ses-01,C2_NONOVERLAP_HARRELL_DAVIS,30,30,,0.9958333333333333,0.9583333333333334,0.9953917050691244,-1,-0.5,10.0,1,0,0.01460974483140831,0.012724154681622801,0.04476901719426639,0.0663640646677057,0.16149163332792774,0.30893338534988707
ds004444,sub-013,ses-01,C2_NONOVERLAP_HARRELL_DAVIS,60,60,,0.9583333333333334,0.696969696969697,0.9539170506912442,8,4.0,0.0,1,9,0.17069240032082825,0.006063978336415086,0.06230059827147105,0.09649914179502081,0.04003852150045215,0.22966345168325172
ds004444,sub-013,ses-01,C2_NONOVERLAP_HARRELL_DAVIS,90,90,,0.9791666666666666,0.8148148148148148,0.9770642201834863,1,0.5,0.0,2,3,0.0851960024784509,0.029389358040804694,0.07554247389779224,0.12730016758893972,0.08031377247524002,0.22455471181075454
ds004444,sub-013,ses-01,C2_NONOVERLAP_HARRELL_DAVIS,120,120,,0.9916666666666667,0.92,0.9907834101382489,0,0.0,6.0,1,1,0.07540920693909749,0.015195852429493152,0.0849968735286846,0.13320037937089663,0.006748585949186871,0.19594676411927264
ds004444,sub-013,ses-01,C2_NONOVERLAP_HARRELL_DAVIS,full,318,,1.0,1.0,1.0,0,0.0,0.0,0,0,0.0,0.0,0.0,0.0,0.0,0.0
ds004444,sub-013,ses-01,C3_BLOCK_SUBSAMPLE_EMPIRICAL,30,15,,0.9666666666666667,0.6666666666666666,0.9642857142857143,-8,-4.0,16.0,8,0,0.061378446591617015,0.05377756552804026,0.17203330393604194,0.08159413026769398,0.24308099436840966,0.32975438775712784
ds004444,sub-013,ses-01,C3_BLOCK_SUBSAMPLE_EMPIRICAL,60,30,,0.975,0.7857142857142857,0.9724770642201835,2,1.0,0.0,2,4,0.10800198634344263,0.03525346475579574,0.05607019350133584,0.12561477485334857,0.11246445587428633,0.39324660294368174
ds004444,sub-013,ses-01,C3_BLOCK_SUBSAMPLE_EMPIRICAL,90,45,,0.9916666666666667,0.92,0.9907834101382489,0,0.0,6.0,1,1,0.02862735634267511,0.016729363983551127,0.06691040880661822,0.11830912078099454,0.09126498269116144,0.3493048628993602
ds004444,sub-013,ses-01,C3_BLOCK_SUBSAMPLE_EMPIRICAL,120,60,,0.9916666666666667,0.92,0.9907834101382489,0,0.0,6.0,1,1,0.023778461595647376,0.014994869583552574,0.06082252565680712,0.0893065563776789,0.11246445587428633,0.255509538386404
ds004444,sub-013,ses-01,C3_BLOCK_SUBSAMPLE_EMPIRICAL,full,159,,1.0,1.0,1.0,0,0.0,0.0,0,0,0.0,0.0,0.0,0.0,0.0,0.0
ds004444,sub-013,ses-01,C4_LOSO_SHRINKAGE,15,15,0.42857142857142855,0.9083333333333333,0.08333333333333333,0.907563025210084,-22,-11.0,49.5,22,0,0.3025291963857656,0.003138586526453066,0.4839508349011864,0.13363102556509773,0.8448098568703329,0.3074942356733561
ds004444,sub-013,ses-01,C4_LOSO_SHRINKAGE,30,30,0.6,0.9291666666666667,0.2916666666666667,0.927038626609442,-17,-8.5,20.5,17,0,0.20450997909263743,0.026308822950525307,0.23260590398811715,0.1394141711186901,0.4838957233646245,0.07325515679695498
ds004444,sub-013,ses-01,C4_LOSO_SHRINKAGE,60,60,0.75,0.9708333333333333,0.72,0.9684684684684685,-5,-2.5,17.5,6,1,0.03889731791951327,0.0036411418929944467,0.11371103884640481,0.11656279424688652,0.29489780651239256,0.010604879703490016
ds004444,sub-013,ses-01,C4_LOSO_SHRINKAGE,90,90,0.8181818181818182,0.9666666666666667,0.6666666666666666,0.9642857142857143,-8,-4.0,16.0,8,0,0.02386798811675721,0.029477729616589357,0.04985417178496837,0.13898202618462677,0.24386758812012185,0.12658846047262806
ds004444,sub-013,ses-01,C4_LOSO_SHRINKAGE,120,120,0.8571428571428571,0.9875,0.875,0.9863013698630136,-3,-1.5,10.0,3,0,0.003442435600657575,0.004905502178769242,0.012788125499297594,0.1358468927653456,0.09549436964809284,0.14696237066033757
ds004444,sub-013,ses-01,C4_LOSO_SHRINKAGE,full,318,0.9408284023668639,1.0,1.0,1.0,0,0.0,0.0,0,0,0.0,0.0,0.0,0.0,0.0,0.0
ds004444,sub-013,ses-16,C0_CURRENT_OVERLAP_EMPIRICAL,15,30,,0.9708333333333333,0.5,0.9699570815450643,-7,-3.5,12.5,7,0,0.03989610565072585,0.03429674495706228,0.10452541926844407,0.08062154080914508,0.08704513733152783,0.15351465072271706
ds004444,sub-013,ses-16,C0_CURRENT_OVERLAP_EMPIRICAL,30,60,,0.95,0.3333333333333333,0.9487179487179487,-4,-2.0,26.5,8,4,0.16115555380304375,0.031140518836991257,0.11751223928604596,0.09082888927444539,0.10271326205120267,0.18692975933478162
ds004444,sub-013,ses-16,C0_CURRENT_OVERLAP_EMPIRICAL,60,120,,0.9583333333333334,0.4444444444444444,0.9568965517241379,-2,-1.0,26.5,6,4,0.19817936280400075,0.04982171161030339,0.11270898516646381,0.06761459350304344,0.033077152185980487,0.08406768344067882
ds004444,sub-013,ses-16,C0_CURRENT_OVERLAP_EMPIRICAL,90,180,,0.9583333333333334,0.4444444444444444,0.9568965517241379,-2,-1.0,26.5,6,4,0.12528921923788708,0.04982171161030339,0.07528520758576096,0.009837130091458226,0.05048617965228615,0.11474185963341642
ds004444,sub-013,ses-16,C0_CURRENT_OVERLAP_EMPIRICAL,120,240,,0.9666666666666667,0.5555555555555556,0.9652173913043478,0,0.0,26.5,4,4,0.11609182441667083,0.03086275654482473,0.003333390735728303,0.03371752768007813,0.01740902746630543,0.13977707070845305
ds004444,sub-013,ses-16,C0_CURRENT_OVERLAP_EMPIRICAL,full,610,,1.0,1.0,1.0,0,0.0,0.0,0,0,0.0,0.0,0.0,0.0,0.0,0.0
ds004444,sub-013,ses-16,C1_NONOVERLAP_EMPIRICAL,15,15,,0.9833333333333333,0.6363636363636364,0.9828326180257511,-4,-2.0,0.0,4,0,0.07002498793355455,0.10209782323467607,0.09008329934372754,0.08543023287507873,0.1332364153093758,0.20859517739781566
ds004444,sub-013,ses-16,C1_NONOVERLAP_EMPIRICAL,30,30,,0.9666666666666667,0.3333333333333333,0.9661016949152542,-6,-3.0,15.5,7,1,0.0241094642697773,0.04627979516947892,0.10603597280024238,0.08202213117110511,0.09642109002652192,0.059699326901066434
ds004444,sub-013,ses-16,C1_NONOVERLAP_EMPIRICAL,60,60,,0.9583333333333334,0.375,0.9572649572649573,0,0.0,14.0,5,5,0.13417953334526264,0.07540508797608335,0.11991383630375543,0.08883833457905234,0.0019583592098046006,0.060338431020275765
ds004444,sub-013,ses-16,C1_NONOVERLAP_EMPIRICAL,90,90,,0.9625,0.4375,0.9613733905579399,1,0.5,14.0,4,5,0.1425204187584095,0.07634020048355046,0.07941693595070566,0.05142767027580678,0.04207465746611858,0.0681510760882911
ds004444,sub-013,ses-16,C1_NONOVERLAP_EMPIRICAL,120,120,,0.9708333333333333,0.5333333333333333,0.9698275862068966,1,0.5,14.0,3,4,0.06870605290554876,0.03921691930961931,0.00845467905833267,0.024606639892254128,0.007888998274897255,0.02308605800781655
ds004444,sub-013,ses-16,C1_NONOVERLAP_EMPIRICAL,full,305,,1.0,1.0,1.0,0,0.0,0.0,0,0,0.0,0.0,0.0,0.0,0.0,0.0
ds004444,sub-013,ses-16,C2_NONOVERLAP_HARRELL_DAVIS,15,15,,0.9708333333333333,0.4166666666666667,0.9702127659574468,-5,-2.5,7.0,6,1,0.1726968772846046,0.13425619635590288,0.11501104233542024,0.01830072767880486,0.06868614672131572,0.311998817183008
ds004444,sub-013,ses-16,C2_NONOVERLAP_HARRELL_DAVIS,30,30,,0.9916666666666667,0.8333333333333334,0.991304347826087,0,0.0,0.0,1,1,0.03817781859311535,0.010898038501980777,0.079795801330001,0.06966686943856808,0.04178884727707404,0.09846514468497579
ds004444,sub-013,ses-16,C2_NONOVERLAP_HARRELL_DAVIS,60,60,,0.9583333333333334,0.375,0.9572649572649573,0,0.0,14.0,5,5,0.14867275164041965,0.056253982797987954,0.12008805231493244,0.08525854433687775,0.039090457912749024,0.027857466258797522
ds004444,sub-013,ses-16,C2_NONOVERLAP_HARRELL_DAVIS,90,90,,0.9625,0.4375,0.9613733905579399,1,0.5,14.0,4,5,0.1438005199098597,0.06942607451088702,0.08573982539967522,0.0282116166344796,0.010345099800307858,0.04732295470181307
ds004444,sub-013,ses-16,C2_NONOVERLAP_HARRELL_DAVIS,120,120,,0.9708333333333333,0.5333333333333333,0.9698275862068966,1,0.5,14.0,3,4,0.09296811143290398,0.04712973319386613,0.010126178568175263,0.026623924201959685,0.006760837683289207,0.023581009669606377
ds004444,sub-013,ses-16,C2_NONOVERLAP_HARRELL_DAVIS,full,305,,1.0,1.0,1.0,0,0.0,0.0,0,0,0.0,0.0,0.0,0.0,0.0,0.0
ds004444,sub-013,ses-16,C3_BLOCK_SUBSAMPLE_EMPIRICAL,30,15,,0.9833333333333333,0.7777777777777778,0.9823008849557522,-2,-1.0,0.0,3,1,0.11292989432064378,0.03712629530809994,0.011607220190192561,0.06610222188571109,0.025388717491194354,0.009412560405779797
ds004444,sub-013,ses-16,C3_BLOCK_SUBSAMPLE_EMPIRICAL,60,30,,0.9583333333333334,0.4117647058823529,0.9570815450643777,-10,-5.0,17.0,10,0,0.15034533338972447,0.10938522742011773,0.08215023351033504,0.08868051851599382,0.17705531550825848,0.17655633293866443
ds004444,sub-013,ses-16,C3_BLOCK_SUBSAMPLE_EMPIRICAL,90,45,,0.9708333333333333,0.6111111111111112,0.9694323144104804,-5,-2.5,15.5,6,1,0.14193810217308678,0.10907799598632625,0.0922859952574863,0.03690096397768814,0.08246544926196465,0.07441734571707342
ds004444,sub-013,ses-16,C3_BLOCK_SUBSAMPLE_EMPIRICAL,120,60,,0.975,0.6666666666666666,0.9736842105263158,-4,-2.0,15.5,5,1,0.1037192926575853,0.07070086100946714,0.01134680978054525,0.027141912519453748,0.03992325335558202,0.025627815170511725
ds004444,sub-013,ses-16,C3_BLOCK_SUBSAMPLE_EMPIRICAL,full,153,,1.0,1.0,1.0,0,0.0,0.0,0,0,0.0,0.0,0.0,0.0,0.0,0.0
ds004444,sub-013,ses-16,C4_LOSO_SHRINKAGE,15,15,0.42857142857142855,0.9625,0.1,0.9623430962343096,-9,-4.5,37.0,9,0,0.24442436781107635,0.04164109390990537,0.6098058532010537,0.07114182815762243,1.276753976985741,0.337524500757579
ds004444,sub-013,ses-16,C4_LOSO_SHRINKAGE,30,30,0.6,0.9583333333333334,0.0,0.9583333333333334,-10,-5.0,85.5,10,0,0.12875370315735574,0.029186456332250806,0.3697500125792,0.07223665486136412,0.830740784547201,0.24879377126723395
ds004444,sub-013,ses-16,C4_LOSO_SHRINKAGE,60,60,0.75,0.9666666666666667,0.3333333333333333,0.9661016949152542,-4,-2.0,10.0,6,2,0.018483048153828736,0.0573542520822631,0.15561977618899284,0.07961133146660743,0.4908686214843984,0.111905811151784
ds004444,sub-013,ses-16,C4_LOSO_SHRINKAGE,90,90,0.8181818181818182,0.975,0.5384615384615384,0.9742489270386266,0,0.0,15.5,3,3,0.06281649950692758,0.06297778386373594,0.09233081239731986,0.05036106065824058,0.28357324752661345,0.0431422775590382
ds004444,sub-013,ses-16,C4_LOSO_SHRINKAGE,120,120,0.8571428571428571,0.9833333333333333,0.6363636363636364,0.9828326180257511,-2,-1.0,27.0,3,1,0.023041826051709527,0.03396224406706955,0.09624870384012228,0.015696379300560497,0.20559005524642304,0.08964814780617544
ds004444,sub-013,ses-16,C4_LOSO_SHRINKAGE,full,305,0.9384615384615385,1.0,1.0,1.0,0,0.0,0.0,0,0,0.0,0.0,0.0,0.0,0.0,0.0
ds004444,sub-014,ses-01,C0_CURRENT_OVERLAP_EMPIRICAL,15,30,,0.9458333333333333,0.1875,0.9451476793248945,-7,-3.5,2.5,10,3,0.2694515549850541,0.10169505917183429,0.0044523601570899,0.0761021045399039,0.36523486637332236,3.1121419600799047
ds004444,sub-014,ses-01,C0_CURRENT_OVERLAP_EMPIRICAL,30,60,,0.9458333333333333,0.1875,0.9451476793248945,-7,-3.5,11.0,10,3,0.4099632284533733,0.09721473942047824,0.012718384979349061,0.06789010161505007,0.37315270186701593,2.99454825105537
ds004444,sub-014,ses-01,C0_CURRENT_OVERLAP_EMPIRICAL,60,120,,0.95,0.2,0.9493670886075949,-8,-4.0,11.0,10,2,0.43073232895648955,0.06435561361674326,0.08106813974074434,0.057760517241304044,0.46224457185536905,2.689677861591928
ds004444,sub-014,ses-01,C0_CURRENT_OVERLAP_EMPIRICAL,90,180,,0.95,0.2,0.9493670886075949,-8,-4.0,11.0,10,2,0.31983766174220807,0.054516738581128106,0.047654403884431096,0.03454261093758594,0.46224457185536905,2.538600054419925
ds004444,sub-014,ses-01,C0_CURRENT_OVERLAP_EMPIRICAL,120,240,,0.9625,0.3076923076923077,0.961864406779661,-9,-4.5,25.0,9,0,0.24452171293109715,0.04400064598460986,0.0022473888091809413,0.021839199018765486,0.4488361944834535,0.25967961469887857
ds004444,sub-014,ses-01,C0_CURRENT_OVERLAP_EMPIRICAL,full,622,,1.0,1.0,1.0,0,0.0,0.0,0,0,0.0,0.0,0.0,0.0,0.0,0.0
ds004444,sub-014,ses-01,C1_NONOVERLAP_EMPIRICAL,15,15,,0.9416666666666667,0.125,0.9411764705882353,-12,-6.0,49.0,13,1,0.3090795309408559,0.06737091877251765,0.03589449064762799,0.0673757720629205,0.39863616665313356,0.23401252707320455
ds004444,sub-014,ses-01,C1_NONOVERLAP_EMPIRICAL,30,30,,0.9375,0.11764705882352941,0.9369747899159664,-11,-5.5,8.0,13,2,0.3296363063324111,0.0808324893434834,0.027085096827065027,0.06760145968876788,0.36349256637541894,0.3198132049549499
ds004444,sub-014,ses-01,C1_NONOVERLAP_EMPIRICAL,60,60,,0.9458333333333333,0.1875,0.9451476793248945,-11,-5.5,16.5,12,1,0.5628004849991144,0.06556169119369744,0.026969187671380682,0.0356325760565008,0.45248660885942293,0.26781846978156604
ds004444,sub-014,ses-01,C1_NONOVERLAP_EMPIRICAL,90,90,,0.9416666666666667,0.17647058823529413,0.9409282700421941,-10,-5.0,7.5,12,2,0.3495349460482365,0.04863582378890396,0.006787182688093073,0.034886964536848517,0.4524866088594229,0.2305441169679042
ds004444,sub-014,ses-01,C1_NONOVERLAP_EMPIRICAL,120,120,,0.9458333333333333,0.1875,0.9451476793248945,-11,-5.5,16.5,12,1,0.26516051466443913,0.026696014256233636,0.01258322315998307,0.023060616179469536,0.43598150745078085,0.04050112287156546
ds004444,sub-014,ses-01,C1_NONOVERLAP_EMPIRICAL,full,311,,1.0,1.0,1.0,0,0.0,0.0,0,0,0.0,0.0,0.0,0.0,0.0,0.0
ds004444,sub-014,ses-01,C2_NONOVERLAP_HARRELL_DAVIS,15,15,,0.9458333333333333,0.1875,0.9451476793248945,-11,-5.5,16.5,12,1,0.35652071755636217,0.08037950968143619,0.132663731219146,0.08045919725549525,0.3576287311956441,0.33336841473438206
ds004444,sub-014,ses-01,C2_NONOVERLAP_HARRELL_DAVIS,30,30,,0.9416666666666667,0.17647058823529413,0.9409282700421941,-10,-5.0,7.5,12,2,0.44413423792112844,0.08905532581376223,0.08853982849890597,0.07115311386797223,0.35685499657819053,0.3445006550312582
ds004444,sub-014,ses-01,C2_NONOVERLAP_HARRELL_DAVIS,60,60,,0.9458333333333333,0.1875,0.9451476793248945,-11,-5.5,16.5,12,1,0.546508686099982,0.06189171476681466,0.07376023994038065,0.04327644965763485,0.4269087279302977,0.24319797945405988
ds004444,sub-014,ses-01,C2_NONOVERLAP_HARRELL_DAVIS,90,90,,0.9416666666666667,0.17647058823529413,0.9409282700421941,-10,-5.0,7.5,12,2,0.4083967600711188,0.047224066482179014,0.008213617305142144,0.04064153234205211,0.4502185975700844,0.2575423948276808
ds004444,sub-014,ses-01,C2_NONOVERLAP_HARRELL_DAVIS,120,120,,0.9458333333333333,0.1875,0.9451476793248945,-11,-5.5,16.5,12,1,0.27414418171483423,0.031264019197307355,0.009007392334392017,0.025642670328738522,0.4094441576754174,0.027141467382285626
ds004444,sub-014,ses-01,C2_NONOVERLAP_HARRELL_DAVIS,full,311,,1.0,1.0,1.0,0,0.0,0.0,0,0,0.0,0.0,0.0,0.0,0.0,0.0
ds004444,sub-014,ses-01,C3_BLOCK_SUBSAMPLE_EMPIRICAL,30,15,,0.9333333333333333,0.2,0.9322033898305084,-14,-7.0,21.5,15,1,0.39574209192508203,0.057671792002539635,0.007245188809147252,0.06205042372350011,0.2879381918687303,0.13002588447256808
ds004444,sub-014,ses-01,C3_BLOCK_SUBSAMPLE_EMPIRICAL,60,30,,0.9333333333333333,0.15789473684210525,0.9324894514767933,-16,-8.0,30.5,16,0,0.6702704020696686,0.07698430487676344,0.13423775907680652,0.035397744137570616,0.3965679726797916,0.017399319731918796
ds004444,sub-014,ses-01,C3_BLOCK_SUBSAMPLE_EMPIRICAL,90,45,,0.9333333333333333,0.15789473684210525,0.9324894514767933,-16,-8.0,30.5,16,0,0.5929011705602626,0.04499637811772896,0.06433490183815459,0.039622851471209516,0.38336172634398324,0.07908179419895965
ds004444,sub-014,ses-01,C3_BLOCK_SUBSAMPLE_EMPIRICAL,120,60,,0.9375,0.21052631578947367,0.9364406779661016,-15,-7.5,21.5,15,0,0.36210691599750444,0.019986702591077484,0.03648059622003364,0.016533707375126085,0.3160428851231828,0.07852176611853068
ds004444,sub-014,ses-01,C3_BLOCK_SUBSAMPLE_EMPIRICAL,full,156,,1.0,1.0,1.0,0,0.0,0.0,0,0,0.0,0.0,0.0,0.0,0.0,0.0
ds004444,sub-014,ses-01,C4_LOSO_SHRINKAGE,15,15,0.42857142857142855,0.95,0.0,0.95,-12,-6.0,85.0,12,0,0.5512895912218021,0.2145241878953172,0.5805030221460162,0.13652403013235462,0.4532077033128669,0.3294357595350623
ds004444,sub-014,ses-01,C4_LOSO_SHRINKAGE,30,30,0.6,0.9708333333333333,0.4166666666666667,0.9702127659574468,-7,-3.5,14.5,7,0,0.4705815769588557,0.171223888741967,0.3801555306620189,0.11182336984091358,0.2041667923813466,0.08723698279401891
ds004444,sub-014,ses-01,C4_LOSO_SHRINKAGE,60,60,0.75,0.9625,0.3076923076923077,0.961864406779661,-7,-3.5,14.5,8,1,0.5587161231263866,0.11719841388901947,0.23946971488025662,0.06645631555230833,0.08788755355224433,0.04985586348905762
ds004444,sub-014,ses-01,C4_LOSO_SHRINKAGE,90,90,0.8181818181818182,0.9625,0.35714285714285715,0.9617021276595744,-5,-2.5,5.5,7,2,0.3726752302642366,0.08317100996995545,0.1361400026932915,0.05384010030226657,0.198123925731556,0.09501493331495155
ds004444,sub-014,ses-01,C4_LOSO_SHRINKAGE,120,120,0.8571428571428571,0.9625,0.3076923076923077,0.961864406779661,-7,-3.5,14.5,8,1,0.284484852871982,0.052429620547643226,0.08592535544866085,0.03693890239691449,0.247992160507285,0.10665481137433427
ds004444,sub-014,ses-01,C4_LOSO_SHRINKAGE,full,311,0.9395770392749244,1.0,1.0,1.0,0,0.0,0.0,0,0,0.0,0.0,0.0,0.0,0.0,0.0
ds004444,sub-014,ses-16,C0_CURRENT_OVERLAP_EMPIRICAL,15,30,,0.9833333333333333,0.6923076923076923,0.9826839826839827,2,1.0,2.0,1,3,0.06853166307719151,0.019153773588708616,0.1532659823029115,0.22110917509076045,0.13958017756821287,231.30455802961032
ds004444,sub-014,ses-16,C0_CURRENT_OVERLAP_EMPIRICAL,30,60,,0.9791666666666666,0.6428571428571429,0.9783549783549783,3,1.5,2.0,1,4,0.07087873987296835,0.012346976472095397,0.04962503076810951,0.10979351783987332,0.005484426548895534,277.8263043973673
ds004444,sub-014,ses-16,C0_CURRENT_OVERLAP_EMPIRICAL,60,120,,0.9791666666666666,0.6428571428571429,0.9783549783549783,3,1.5,1.5,1,4,0.046455862856484065,0.033148548603590074,0.0514447706149415,0.06442405802196384,0.045079886632661915,270.1196294030557
ds004444,sub-014,ses-16,C0_CURRENT_OVERLAP_EMPIRICAL,90,180,,0.975,0.5714285714285714,0.9741379310344828,2,1.0,2.0,2,4,0.07833217540416676,0.019274378371169566,0.23138007114100428,0.024545765240029865,0.07519174267045259,279.4570684705622
ds004444,sub-014,ses-16,C0_CURRENT_OVERLAP_EMPIRICAL,120,240,,0.9833333333333333,0.6666666666666666,0.9827586206896551,0,0.0,4.5,2,2,0.037071996507308906,0.03480793795690857,0.10799058710323217,0.026091208070279412,0.045079886632661915,78.46376701397934
ds004444,sub-014,ses-16,C0_CURRENT_OVERLAP_EMPIRICAL,full,610,,1.0,1.0,1.0,0,0.0,0.0,0,0,0.0,0.0,0.0,0.0,0.0,0.0
ds004444,sub-014,ses-16,C1_NONOVERLAP_EMPIRICAL,15,15,,0.9791666666666666,0.5833333333333334,0.9785407725321889,-1,-0.5,3.0,3,2,0.05021938644735997,0.0005579836434095219,0.16701392605406784,0.16520410312487596,0.17075889599732566,2.8222902775283463
ds004444,sub-014,ses-16,C1_NONOVERLAP_EMPIRICAL,30,30,,0.9791666666666666,0.6153846153846154,0.978448275862069,1,0.5,1.0,2,3,0.05081198874485863,0.022999035876656176,0.15387458351697025,0.11216391035474671,0.02982985996004576,2.6553313876371556
ds004444,sub-014,ses-16,C1_NONOVERLAP_EMPIRICAL,60,60,,0.9833333333333333,0.6666666666666666,0.9827586206896551,0,0.0,1.0,2,2,0.030395805738204745,0.02404929113579474,0.04619504240585663,0.06292132259661522,0.03203189577551257,3.0534296345645098
ds004444,sub-014,ses-16,C1_NONOVERLAP_EMPIRICAL,90,90,,0.9833333333333333,0.6923076923076923,0.9826839826839827,2,1.0,1.0,1,3,0.061072115370921984,0.02203373594215354,0.21862388187036674,0.017562393187533467,0.06482439205659983,2.9085739011192815
ds004444,sub-014,ses-16,C1_NONOVERLAP_EMPIRICAL,120,120,,0.975,0.5714285714285714,0.9741379310344828,2,1.0,-1.0,2,4,0.015959098752065536,0.02542231547750573,0.05045698053217185,0.018143713422130284,0.033437844769502616,0.020369874207332526
ds004444,sub-014,ses-16,C1_NONOVERLAP_EMPIRICAL,full,305,,1.0,1.0,1.0,0,0.0,0.0,0,0,0.0,0.0,0.0,0.0,0.0,0.0
ds004444,sub-014,ses-16,C2_NONOVERLAP_HARRELL_DAVIS,15,15,,0.9708333333333333,0.2222222222222222,0.9705882352941176,-5,-2.5,20.0,6,1,0.5889900324226038,0.09678780165918627,0.11179561374367906,0.19884774211207606,0.16849047830592156,2.9990247112842305
ds004444,sub-014,ses-16,C2_NONOVERLAP_HARRELL_DAVIS,30,30,,0.975,0.45454545454545453,0.9744680851063829,0,0.0,4.0,3,3,0.08820385967481867,0.0488316633957003,0.1291906004706979,0.13104808651202834,0.07290860265658211,2.9187322104641504
ds004444,sub-014,ses-16,C2_NONOVERLAP_HARRELL_DAVIS,60,60,,0.9791666666666666,0.5,0.9787234042553191,-1,-0.5,4.5,3,2,0.0580337656063693,0.027563472528139923,0.05484378656751911,0.06350481277514446,0.008950422046249499,3.060390509943556
ds004444,sub-014,ses-16,C2_NONOVERLAP_HARRELL_DAVIS,90,90,,0.9875,0.7272727272727273,0.9870689655172413,3,1.5,0.0,0,3,0.05954584758040565,0.023323988700468527,0.2109904475108449,0.02529418883197529,0.07726094775136576,2.880868337989019
ds004444,sub-014,ses-16,C2_NONOVERLAP_HARRELL_DAVIS,120,120,,0.9833333333333333,0.6363636363636364,0.9828326180257511,2,1.0,-2.0,1,3,0.026014906508866807,0.0332844483707903,0.08263544388098001,0.025902104514193062,0.01767197245890462,0.011146736322922035
ds004444,sub-014,ses-16,C2_NONOVERLAP_HARRELL_DAVIS,full,305,,1.0,1.0,1.0,0,0.0,0.0,0,0,0.0,0.0,0.0,0.0,0.0,0.0
ds004444,sub-014,ses-16,C3_BLOCK_SUBSAMPLE_EMPIRICAL,30,15,,0.9625,0.18181818181818182,0.9621848739495799,-7,-3.5,21.0,8,1,0.7363380271864866,0.022254647032048484,0.10858484605282037,0.10613409174261326,0.14468616157363023,1.343886523606755
ds004444,sub-014,ses-16,C3_BLOCK_SUBSAMPLE_EMPIRICAL,60,30,,0.9458333333333333,0.4090909090909091,0.9437229437229437,11,5.5,-11.0,1,12,0.19109624537960976,0.030084706862779326,0.1174302210208264,0.0407544722140545,0.12656592562270289,1.5981375083701257
ds004444,sub-014,ses-16,C3_BLOCK_SUBSAMPLE_EMPIRICAL,90,45,,0.9333333333333333,0.36,0.9307359307359307,14,7.0,-15.0,1,15,0.22721717935918664,0.0379147666935101,0.2517237521352995,0.018261349779439374,0.06748225802414441,1.5137650935193143
ds004444,sub-014,ses-16,C3_BLOCK_SUBSAMPLE_EMPIRICAL,120,60,,0.9875,0.75,0.987012987012987,1,0.5,0.5,1,2,0.02497170735505147,0.03965993508554707,0.10274242093274098,0.015256190890388432,0.038092564814776006,0.012307077925688649
ds004444,sub-014,ses-16,C3_BLOCK_SUBSAMPLE_EMPIRICAL,full,153,,1.0,1.0,1.0,0,0.0,0.0,0,0,0.0,0.0,0.0,0.0,0.0,0.0
ds004444,sub-014,ses-16,C4_LOSO_SHRINKAGE,15,15,0.42857142857142855,0.9708333333333333,0.0,0.9708333333333333,-7,-3.5,63.0,7,0,0.8847396326437902,0.20937943990626573,0.36502783890790513,0.16191665183560913,1.151519189844783,1.1452397100327576
ds004444,sub-014,ses-16,C4_LOSO_SHRINKAGE,30,30,0.6,0.9708333333333333,0.0,0.9708333333333333,-7,-3.5,63.0,7,0,0.547187061459552,0.152589672092079,0.19983189092357012,0.12755462163457582,0.7377188580868179,1.55769100116163
ds004444,sub-014,ses-16,C4_LOSO_SHRINKAGE,60,60,0.75,0.975,0.25,0.9747899159663865,-4,-2.0,-2.5,5,1,0.29947069619973987,0.09505598742663922,0.12715616975465177,0.08063499488551581,0.38124845785187816,2.283051844283464
ds004444,sub-014,ses-16,C4_LOSO_SHRINKAGE,90,90,0.8181818181818182,0.975,0.25,0.9747899159663865,-4,-2.0,40.5,5,1,0.15940873444028772,0.06701775371888023,0.0674190616318116,0.03588850432174747,0.2105652546864817,2.3836067786857438
ds004444,sub-014,ses-16,C4_LOSO_SHRINKAGE,120,120,0.8571428571428571,0.9708333333333333,0.3,0.9704641350210971,-1,-0.5,-21.5,4,3,0.12577637120961116,0.05466888115185341,0.02804522535128249,0.030035758485477765,0.14861090877926877,0.02962867779528972
ds004444,sub-014,ses-16,C4_LOSO_SHRINKAGE,full,305,0.9384615384615385,1.0,1.0,1.0,0,0.0,0.0,0,0,0.0,0.0,0.0,0.0,0.0,0.0
ds004444,sub-015,ses-01,C0_CURRENT_OVERLAP_EMPIRICAL,15,30,,0.9583333333333334,0.375,0.9572649572649573,2,1.0,-19.0,4,6,0.24397492402164433,0.10032629072840164,0.10752194011941181,0.6318465902077209,0.1165146318658341,0.0980054076573019
ds004444,sub-015,ses-01,C0_CURRENT_OVERLAP_EMPIRICAL,30,60,,0.9833333333333333,0.7142857142857143,0.9826086956521739,4,2.0,-19.0,0,4,0.09014568020520664,0.09452350205276637,0.04420900241979384,0.2075242796679979,0.016435880437824967,0.039574817326577624
ds004444,sub-015,ses-01,C0_CURRENT_OVERLAP_EMPIRICAL,60,120,,0.9916666666666667,0.8181818181818182,0.9913419913419913,0,0.0,8.5,1,1,0.06246532395903294,0.0353658151853836,0.013770344858515745,0.04804451186858052,0.0072047695062874145,0.0914320098441686
ds004444,sub-015,ses-01,C0_CURRENT_OVERLAP_EMPIRICAL,90,180,,0.9958333333333333,0.9090909090909091,0.9956521739130435,1,0.5,0.0,0,1,0.0463452901101769,0.02085645118626174,0.010937387093467721,0.05439488257890453,0.0072047695062874145,0.19983590474796128
ds004444,sub-015,ses-01,C0_CURRENT_OVERLAP_EMPIRICAL,120,240,,0.9875,0.75,0.987012987012987,1,0.5,-2.5,1,2,0.07042577745580421,0.016369785261016588,0.039006889869434014,0.04365582748703292,0.0072047695062874145,0.2855210451578581
ds004444,sub-015,ses-01,C0_CURRENT_OVERLAP_EMPIRICAL,full,610,,1.0,1.0,1.0,0,0.0,0.0,0,0,0.0,0.0,0.0,0.0,0.0,0.0
ds004444,sub-015,ses-01,C1_NONOVERLAP_EMPIRICAL,15,15,,0.9416666666666667,0.46153846153846156,0.9385964912280702,14,7.0,-5.0,0,14,0.03270295740014287,0.1205114503108905,0.17955599549046142,0.11712738029672908,0.7152621755758265,0.4547402599727305
ds004444,sub-015,ses-01,C1_NONOVERLAP_EMPIRICAL,30,30,,0.9708333333333333,0.5882352941176471,0.9695652173913043,3,1.5,2.5,2,5,0.020957728747865268,0.0666657407049872,0.03019350667105752,0.163571070574342,0.02152314075935906,0.48273246861781055
ds004444,sub-015,ses-01,C1_NONOVERLAP_EMPIRICAL,60,60,,0.9833333333333333,0.7142857142857143,0.9826086956521739,0,0.0,2.5,2,2,0.07469969871032767,0.0069785358132237124,0.0584920436551601,0.039048140889484696,0.017894504389555848,0.6154452072513042
ds004444,sub-015,ses-01,C1_NONOVERLAP_EMPIRICAL,90,90,,0.9791666666666666,0.6875,0.9781659388646288,3,1.5,17.0,1,4,0.005126955895022147,0.002456563424132714,0.08653253463994529,0.050601850661329335,0.017894504389555848,0.7538270643347084
ds004444,sub-015,ses-01,C1_NONOVERLAP_EMPIRICAL,120,120,,0.9875,0.7857142857142857,0.9868995633187773,1,0.5,17.0,1,2,0.027897512671844683,0.0038567466328966724,0.031583293469123565,0.04605344413766998,0.017894504389555848,0.7782385107033478
ds004444,sub-015,ses-01,C1_NONOVERLAP_EMPIRICAL,full,305,,1.0,1.0,1.0,0,0.0,0.0,0,0,0.0,0.0,0.0,0.0,0.0,0.0
ds004444,sub-015,ses-01,C2_NONOVERLAP_HARRELL_DAVIS,15,15,,0.9208333333333333,0.3448275862068966,0.9173913043478261,15,7.5,-7.0,2,17,0.08801450969941074,0.2019681415117695,1.034834246719942,0.7261846891388768,0.9383762084043793,0.530269730329355
ds004444,sub-015,ses-01,C2_NONOVERLAP_HARRELL_DAVIS,30,30,,0.9583333333333334,0.5238095238095238,0.9563318777292577,8,4.0,16.5,1,9,0.062337790870590354,0.09387424876807325,0.356248811049991,0.3078933411479243,0.40626054931695105,0.6366587230414085
ds004444,sub-015,ses-01,C2_NONOVERLAP_HARRELL_DAVIS,60,60,,0.9708333333333333,0.5882352941176471,0.9695652173913043,3,1.5,17.0,2,5,0.06785925233737544,0.01587368173141704,0.07189718391952298,0.05379323552453618,0.029569534859671908,0.6469833186420054
ds004444,sub-015,ses-01,C2_NONOVERLAP_HARRELL_DAVIS,90,90,,0.975,0.6470588235294118,0.9737991266375546,4,2.0,17.0,1,5,0.007617580486556663,0.008172123988505024,0.06647562538268179,0.04905510274357507,0.002456893761141719,0.7535044817055009
ds004444,sub-015,ses-01,C2_NONOVERLAP_HARRELL_DAVIS,120,120,,0.9875,0.7857142857142857,0.9868995633187773,1,0.5,17.0,1,2,0.03008117969157466,0.013526420161968221,0.01667526105929491,0.0459453112490666,0.01165949899069695,0.7758907224021646
ds004444,sub-015,ses-01,C2_NONOVERLAP_HARRELL_DAVIS,full,305,,1.0,1.0,1.0,0,0.0,0.0,0,0,0.0,0.0,0.0,0.0,0.0,0.0
ds004444,sub-015,ses-01,C3_BLOCK_SUBSAMPLE_EMPIRICAL,30,15,,0.9666666666666667,0.6190476190476191,0.9647577092511013,2,1.0,3.0,3,5,0.09154039087520696,0.07788257476956274,0.3625928467291596,0.07942197777326872,0.01723941502800837,0.08217339281164592
ds004444,sub-015,ses-01,C3_BLOCK_SUBSAMPLE_EMPIRICAL,60,30,,0.9666666666666667,0.6190476190476191,0.9647577092511013,2,1.0,-6.5,3,5,0.12740541319325657,0.036984923048893475,0.14393210629796444,0.035181976355840465,0.0009073376330530844,0.19029290800241144
ds004444,sub-015,ses-01,C3_BLOCK_SUBSAMPLE_EMPIRICAL,90,45,,0.975,0.7,0.9734513274336283,2,1.0,0.0,2,4,0.057159048860565574,0.00949798133824691,0.16715297919336713,0.03674838685300609,0.004309853756787944,0.28166868333666417
ds004444,sub-015,ses-01,C3_BLOCK_SUBSAMPLE_EMPIRICAL,120,60,,0.9875,0.8235294117647058,0.9867256637168141,-1,-0.5,0.0,2,1,0.05320512166169732,0.01393884465328457,0.026428606532297623,0.03900727117523046,0.0007939204290713242,0.3387410620362503
ds004444,sub-015,ses-01,C3_BLOCK_SUBSAMPLE_EMPIRICAL,full,153,,1.0,1.0,1.0,0,0.0,0.0,0,0,0.0,0.0,0.0,0.0,0.0,0.0
ds004444,sub-015,ses-01,C4_LOSO_SHRINKAGE,15,15,0.42857142857142855,0.9416666666666667,0.06666666666666667,0.9414225941422594,-10,-5.0,32.5,12,2,0.4880997590698959,0.2502076327267922,0.700835549430608,0.11323884985733305,0.7858073628659914,0.031153287227566624
ds004444,sub-015,ses-01,C4_LOSO_SHRINKAGE,30,30,0.6,0.95,0.2,0.9493670886075949,-8,-4.0,16.5,10,2,0.3209239451108818,0.17166427716052887,0.43475069261954175,0.13949288950281752,0.3424939123437886,0.1440721170627186
ds004444,sub-015,ses-01,C4_LOSO_SHRINKAGE,60,60,0.75,0.9625,0.4,0.9615384615384616,-5,-2.5,17.0,7,2,0.13263908262793844,0.078958148835423,0.2732912706235604,0.05250481284690234,0.1713333004289319,0.38891935587744764
ds004444,sub-015,ses-01,C4_LOSO_SHRINKAGE,90,90,0.8181818181818182,0.9666666666666667,0.4666666666666667,0.9656652360515021,-4,-2.0,17.0,6,2,0.11430467326140381,0.04909420838593623,0.21396797243109014,0.056046287177860435,0.10363757789158451,0.5793926802485978
ds004444,sub-015,ses-01,C4_LOSO_SHRINKAGE,120,120,0.8571428571428571,0.9666666666666667,0.42857142857142855,0.9658119658119658,-6,-3.0,17.0,7,1,0.057477986851089284,0.03509157015954346,0.0754174103907141,0.04928750960470093,0.0649543078702433,0.6487798364376571
ds004444,sub-015,ses-01,C4_LOSO_SHRINKAGE,full,305,0.9384615384615385,1.0,1.0,1.0,0,0.0,0.0,0,0,0.0,0.0,0.0,0.0,0.0,0.0
ds004444,sub-015,ses-16,C0_CURRENT_OVERLAP_EMPIRICAL,15,30,,0.9375,0.3181818181818182,0.9356223175965666,-13,-6.5,49.5,14,1,0.3165226287777256,0.04225763092739449,0.256845699059998,0.0018085732594477508,0.17783985449106401,6103.119534062827
ds004444,sub-015,ses-16,C0_CURRENT_OVERLAP_EMPIRICAL,30,60,,0.9458333333333333,0.4090909090909091,0.9437229437229437,-11,-5.5,49.5,12,1,0.0723276881758707,0.014208659218323278,0.1622123813715547,0.009811219532722158,0.2814855426590344,6349.241900232603
ds004444,sub-015,ses-16,C0_CURRENT_OVERLAP_EMPIRICAL,60,120,,0.9541666666666667,0.5,0.9519650655021834,-9,-4.5,49.5,10,1,0.08114707380752924,0.005035599979334849,0.06005493463715439,0.016487855208449264,0.24736999159621925,5963.50221457254
ds004444,sub-015,ses-16,C0_CURRENT_OVERLAP_EMPIRICAL,90,180,,0.9541666666666667,0.47619047619047616,0.9521739130434783,-11,-5.5,49.5,11,0,0.08327842324710656,0.0031220022941176144,0.019949140014957154,0.016487855208449264,0.26017346598465546,6044.295043654374
ds004444,sub-015,ses-16,C0_CURRENT_OVERLAP_EMPIRICAL,120,240,,0.9625,0.5909090909090909,0.960352422907489,-7,-3.5,42.5,8,1,0.08114707380752924,0.0034763461751516193,0.03994239938931553,0.00973459012329188,0.23478535139619128,6147.577137617329
ds004444,sub-015,ses-16,C0_CURRENT_OVERLAP_EMPIRICAL,full,616,,1.0,1.0,1.0,0,0.0,0.0,0,0,0.0,0.0,0.0,0.0,0.0,0.0
ds004444,sub-015,ses-16,C1_NONOVERLAP_EMPIRICAL,15,15,,0.9333333333333333,0.2727272727272727,0.9316239316239316,-12,-6.0,57.0,14,2,0.23025080815829588,0.07393063242686325,0.25972107938011146,0.012655632823895351,0.08587749212805348,1.5184611103245078
ds004444,sub-015,ses-16,C1_NONOVERLAP_EMPIRICAL,30,30,,0.9458333333333333,0.38095238095238093,0.9439655172413793,-11,-5.5,49.5,12,1,0.09401778508447342,0.017125722538312446,0.20227493626788198,0.013390389820157405,0.26570155899043746,1.2853070685421213
ds004444,sub-015,ses-16,C1_NONOVERLAP_EMPIRICAL,60,60,,0.9375,0.4,0.9347826086956522,-5,-2.5,24.0,10,5,0.0565885744647254,0.015183340272247547,0.14453460067709084,0.016253650941431344,0.23745371897575704,1.1657686469226767
ds004444,sub-015,ses-16,C1_NONOVERLAP_EMPIRICAL,90,90,,0.9416666666666667,0.391304347826087,0.9393939393939394,-8,-4.0,24.0,11,3,0.050635602169628015,0.010612118968281138,0.0014807905684583152,0.017655557264741006,0.25018657976212,1.1846928730312158
ds004444,sub-015,ses-16,C1_NONOVERLAP_EMPIRICAL,120,120,,0.9541666666666667,0.5416666666666666,0.9515418502202643,-3,-1.5,10.0,7,4,0.0565885744647254,0.003889463283322198,0.02033669112459412,0.010913847728985026,0.18238409607473707,1.2325615934436167
ds004444,sub-015,ses-16,C1_NONOVERLAP_EMPIRICAL,full,308,,1.0,1.0,1.0,0,0.0,0.0,0,0,0.0,0.0,0.0,0.0,0.0,0.0
ds004444,sub-015,ses-16,C2_NONOVERLAP_HARRELL_DAVIS,15,15,,0.9416666666666667,0.36363636363636365,0.9396551724137931,-10,-5.0,46.5,12,2,0.18375364455010373,0.06315682431350525,0.06766156153830186,0.0022989814044749503,0.5255173639281553,1.52421814318222
ds004444,sub-015,ses-16,C2_NONOVERLAP_HARRELL_DAVIS,30,30,,0.9541666666666667,0.5,0.9519650655021834,-7,-3.5,35.0,9,2,0.02984351618540743,0.018380166614258495,0.05374334267143429,0.013189817841254947,0.07962709471055396,1.3633571817912933
ds004444,sub-015,ses-16,C2_NONOVERLAP_HARRELL_DAVIS,60,60,,0.9458333333333333,0.5,0.9427312775330396,-1,-0.5,4.0,7,6,0.059492547280104516,0.011252039028977642,0.17647306953084152,0.01720265378218287,0.18992754724883676,1.1748455959531345
ds004444,sub-015,ses-16,C2_NONOVERLAP_HARRELL_DAVIS,90,90,,0.95,0.4782608695652174,0.9475982532751092,-6,-3.0,21.0,9,3,0.05552691321290142,0.005563846455335106,0.010850362537954468,0.017182728850496893,0.225236012562317,1.1977849630935273
ds004444,sub-015,ses-16,C2_NONOVERLAP_HARRELL_DAVIS,120,120,,0.9583333333333334,0.5833333333333334,0.9557522123893806,-2,-1.0,10.0,6,4,0.05807715757845629,0.0010510609625789058,0.04398851872343545,0.010234091049246292,0.16704858144328244,1.2106812563706697
ds004444,sub-015,ses-16,C2_NONOVERLAP_HARRELL_DAVIS,full,308,,1.0,1.0,1.0,0,0.0,0.0,0,0,0.0,0.0,0.0,0.0,0.0,0.0
ds004444,sub-015,ses-16,C3_BLOCK_SUBSAMPLE_EMPIRICAL,30,15,,0.9458333333333333,0.38095238095238093,0.9439655172413793,-13,-6.5,49.5,13,0,0.0825194617460334,0.01225939806415525,0.0565131773412478,0.0014984363499234066,0.31284433222796865,0.3872847565862368
ds004444,sub-015,ses-16,C3_BLOCK_SUBSAMPLE_EMPIRICAL,60,30,,0.9458333333333333,0.4090909090909091,0.9437229437229437,-11,-5.5,24.0,12,1,0.1878670383003839,0.015935829875686976,0.18208761085985373,0.009788588350201546,0.25351329869841044,0.23743432351982813
ds004444,sub-015,ses-16,C3_BLOCK_SUBSAMPLE_EMPIRICAL,90,45,,0.9541666666666667,0.5,0.9519650655021834,-9,-4.5,24.0,10,1,0.1179020142799672,0.020501789297399806,0.002064164917430639,0.014202034016116832,0.26911086078626656,0.24463061529956406
ds004444,sub-015,ses-16,C3_BLOCK_SUBSAMPLE_EMPIRICAL,120,60,,0.9625,0.5909090909090909,0.960352422907489,-7,-3.5,21.0,8,1,0.11605844191286258,0.02115279248417905,0.05558417013493712,0.014011539611872827,0.23174304293937512,0.24167590405248393
ds004444,sub-015,ses-16,C3_BLOCK_SUBSAMPLE_EMPIRICAL,full,154,,1.0,1.0,1.0,0,0.0,0.0,0,0,0.0,0.0,0.0,0.0,0.0,0.0
ds004444,sub-015,ses-16,C4_LOSO_SHRINKAGE,15,15,0.42857142857142855,0.9,0.0,0.9,-24,-12.0,102.5,24,0,0.6014449184311506,0.2883442322713221,0.6329683880273583,0.1943203833098252,0.9715860112023452,0.33484998638667746
ds004444,sub-015,ses-16,C4_LOSO_SHRINKAGE,30,30,0.6,0.9,0.0,0.9,-24,-12.0,102.5,24,0,0.40783172372105236,0.20186600433902988,0.37711935593568113,0.12473433276387112,0.5265032598461082,0.5752323055927553
ds004444,sub-015,ses-16,C4_LOSO_SHRINKAGE,60,60,0.75,0.925,0.3333333333333333,0.922077922077922,-12,-6.0,37.0,15,3,0.2951737176120711,0.12901592474360749,0.3708845651047543,0.062019261902994234,0.21504766458651042,0.7832549019343197
ds004444,sub-015,ses-16,C4_LOSO_SHRINKAGE,90,90,0.8181818181818182,0.9291666666666667,0.39285714285714285,0.925764192139738,-9,-4.5,12.5,13,4,0.20181819484217553,0.08382862351456451,0.17277994655224785,0.033155016811804223,0.057528510699971,0.9278630405427835
ds004444,sub-015,ses-16,C4_LOSO_SHRINKAGE,120,120,0.8571428571428571,0.9333333333333333,0.4666666666666667,0.9292035398230089,-4,-2.0,3.0,10,6,0.15549335224531885,0.054348969527196506,0.133724616202138,0.022888471635956146,0.023466634311995308,1.0447632520563161
ds004444,sub-015,ses-16,C4_LOSO_SHRINKAGE,full,308,0.9390243902439024,1.0,1.0,1.0,0,0.0,0.0,0,0,0.0,0.0,0.0,0.0,0.0,0.0
ds004444,sub-016,ses-01,C0_CURRENT_OVERLAP_EMPIRICAL,15,30,,0.9583333333333334,0.5833333333333334,0.9557522123893806,2,1.0,10.0,4,6,0.14227834728561561,0.004055203248515886,0.3450906763378991,0.031377086639293034,0.05235994417423496,3510.5304017446424
ds004444,sub-016,ses-01,C0_CURRENT_OVERLAP_EMPIRICAL,30,60,,0.9666666666666667,0.6363636363636364,0.9646017699115044,0,0.0,11.0,4,4,0.1162516745969096,0.03295018507693677,0.3037286730648806,0.05601757239197234,0.05488057038379477,3230.46109443663
ds004444,sub-016,ses-01,C0_CURRENT_OVERLAP_EMPIRICAL,60,120,,0.9833333333333333,0.7777777777777778,0.9823008849557522,-4,-2.0,31.0,4,0,0.04903024378067029,0.03587052509328228,0.23193565899097607,0.05601757239197234,0.14108374070774135,3319.7921391013356
ds004444,sub-016,ses-01,C0_CURRENT_OVERLAP_EMPIRICAL,90,180,,0.9833333333333333,0.7777777777777778,0.9823008849557522,-4,-2.0,1.0,4,0,0.031079745525936335,0.048212229399485974,0.19549336511521742,0.03869906934837743,0.11362078379022432,2688.1254116287323
ds004444,sub-016,ses-01,C0_CURRENT_OVERLAP_EMPIRICAL,120,240,,0.9958333333333333,0.9444444444444444,0.9955156950672646,-1,-0.5,0.0,1,0,0.041500520327805254,0.040765141945066044,0.1438986004394249,0.03869906934837743,0.09531482550705546,2765.8817067185296
ds004444,sub-016,ses-01,C0_CURRENT_OVERLAP_EMPIRICAL,full,612,,1.0,1.0,1.0,0,0.0,0.0,0,0,0.0,0.0,0.0,0.0,0.0,0.0
ds004444,sub-016,ses-01,C1_NONOVERLAP_EMPIRICAL,15,15,,0.9541666666666667,0.5217391304347826,0.9517543859649122,7,3.5,-5.0,2,9,0.23826064325085763,0.042299188878161344,0.055123993614454574,0.059645148497760224,0.05181098697576054,1.9404163042328597
ds004444,sub-016,ses-01,C1_NONOVERLAP_EMPIRICAL,30,30,,0.95,0.45454545454545453,0.9478260869565217,4,2.0,6.0,4,8,0.17540817057652805,0.02202014365470539,0.29252784413294464,0.0594573007868005,0.053213804454317996,1.5053381773314731
ds004444,sub-016,ses-01,C1_NONOVERLAP_EMPIRICAL,60,60,,0.9583333333333334,0.4444444444444444,0.9568965517241379,-2,-1.0,26.0,6,4,0.12915423263555947,0.0207826742425904,0.24056284260460986,0.054440643600448785,0.13909871827250245,1.519595207199397
ds004444,sub-016,ses-01,C1_NONOVERLAP_EMPIRICAL,90,90,,0.9666666666666667,0.5789473684210527,0.9650655021834061,2,1.0,-4.5,3,5,0.10514653878115497,0.033036768290198616,0.07798617340952242,0.04203601821742344,0.11158732904105864,1.0535566437814126
ds004444,sub-016,ses-01,C1_NONOVERLAP_EMPIRICAL,120,120,,0.9708333333333333,0.631578947368421,0.9692982456140351,3,1.5,-5.0,2,5,0.10949075937648935,0.026548786421450872,0.09037124862231345,0.03680625865162569,0.08588759820568184,1.137785813153864
ds004444,sub-016,ses-01,C1_NONOVERLAP_EMPIRICAL,full,306,,1.0,1.0,1.0,0,0.0,0.0,0,0,0.0,0.0,0.0,0.0,0.0,0.0
ds004444,sub-016,ses-01,C2_NONOVERLAP_HARRELL_DAVIS,15,15,,0.95,0.5384615384615384,0.9469026548672567,10,5.0,-0.5,1,11,0.26252390783799684,0.022646870769951085,0.03995060714078972,0.057267387699633014,1.4884852552794527,1.7993785806019826
ds004444,sub-016,ses-01,C2_NONOVERLAP_HARRELL_DAVIS,30,30,,0.9625,0.6086956521739131,0.9601769911504425,7,3.5,-0.5,1,8,0.15264086066115054,0.001708436424579938,0.2064979518356998,0.06023744818306911,0.1802520080549776,1.4996844032184802
ds004444,sub-016,ses-01,C2_NONOVERLAP_HARRELL_DAVIS,60,60,,0.9708333333333333,0.6666666666666666,0.9690265486725663,5,2.5,-0.5,1,6,0.14005825620019174,0.017080691679835138,0.1751880245137475,0.056574809446989734,0.12468110933030097,1.489386379582108
ds004444,sub-016,ses-01,C2_NONOVERLAP_HARRELL_DAVIS,90,90,,0.975,0.6842105263157895,0.973568281938326,2,1.0,-0.5,2,4,0.06005171920406751,0.0375218636406204,0.10502980138017902,0.043811455074509516,0.11597349314831573,0.9725817365192225
ds004444,sub-016,ses-01,C2_NONOVERLAP_HARRELL_DAVIS,120,120,,0.975,0.6842105263157895,0.973568281938326,2,1.0,-0.5,2,4,0.06629349369455638,0.03410787781585541,0.0873177983855834,0.041052574489713785,0.09721039585447222,1.0539054192852082
ds004444,sub-016,ses-01,C2_NONOVERLAP_HARRELL_DAVIS,full,306,,1.0,1.0,1.0,0,0.0,0.0,0,0,0.0,0.0,0.0,0.0,0.0,0.0
ds004444,sub-016,ses-01,C3_BLOCK_SUBSAMPLE_EMPIRICAL,30,15,,0.9666666666666667,0.4666666666666667,0.9656652360515021,-4,-2.0,23.5,6,2,0.13758095183482824,0.09725765967011044,0.34062259374605797,0.08667423214602508,0.0461021044509342,0.10544824539745268
ds004444,sub-016,ses-01,C3_BLOCK_SUBSAMPLE_EMPIRICAL,60,30,,0.9666666666666667,0.5294117647058824,0.9653679653679653,0,0.0,-5.5,4,4,0.1344459491148397,0.061153508399661716,0.2554027227258712,0.05471367952792004,0.07426719980292848,0.1334419406989668
ds004444,sub-016,ses-01,C3_BLOCK_SUBSAMPLE_EMPIRICAL,90,45,,0.9833333333333333,0.7142857142857143,0.9826086956521739,-2,-1.0,-7.0,3,1,0.035481122635311356,0.06910998307143995,0.2533113056586257,0.03912075753377793,0.09791894295072728,0.070856462355705
ds004444,sub-016,ses-01,C3_BLOCK_SUBSAMPLE_EMPIRICAL,120,60,,0.9875,0.7692307692307693,0.9869565217391304,-3,-1.5,20.0,3,0,0.005443981094226264,0.04456209311784612,0.10609490711192207,0.03894800447779663,0.12285325147457886,0.08445082245997122
ds004444,sub-016,ses-01,C3_BLOCK_SUBSAMPLE_EMPIRICAL,full,153,,1.0,1.0,1.0,0,0.0,0.0,0,0,0.0,0.0,0.0,0.0,0.0,0.0
ds004444,sub-016,ses-01,C4_LOSO_SHRINKAGE,15,15,0.42857142857142855,0.95,0.07692307692307693,0.9497907949790795,-12,-6.0,90.0,12,0,0.1456698816595345,0.1892797073852081,0.3240790155472743,0.00024010719900040061,0.25769238806830114,0.5466057017395437
ds004444,sub-016,ses-01,C4_LOSO_SHRINKAGE,30,30,0.6,0.9541666666666667,0.15384615384615385,0.9537815126050421,-11,-5.5,48.0,11,0,0.06036420969115504,0.12681828548345933,0.030889428272265068,0.01848590718927028,0.15447733035637914,0.7273577103199346
ds004444,sub-016,ses-01,C4_LOSO_SHRINKAGE,60,60,0.75,0.9708333333333333,0.5333333333333333,0.9698275862068966,-3,-1.5,6.0,5,2,0.0034848764900991605,0.04817245787252149,0.062445285624788106,0.031190542463034744,0.002421548824564265,1.0659842986802626
ds004444,sub-016,ses-01,C4_LOSO_SHRINKAGE,90,90,0.8181818181818182,0.9916666666666667,0.8461538461538461,0.9912663755458515,-2,-1.0,0.0,2,0,0.025686145303269563,0.014037786656007564,0.009667890499933381,0.028211484322068516,0.022304418503625467,0.8200416485205397
ds004444,sub-016,ses-01,C4_LOSO_SHRINKAGE,120,120,0.8571428571428571,0.9791666666666666,0.7058823529411765,0.9780701754385965,3,1.5,-5.0,1,4,0.05197267738516241,0.005122070113899733,0.02650630207243722,0.02734020325590763,0.026539528960533295,0.9617874369429253
ds004444,sub-016,ses-01,C4_LOSO_SHRINKAGE,full,306,0.9386503067484663,1.0,1.0,1.0,0,0.0,0.0,0,0,0.0,0.0,0.0,0.0,0.0,0.0
ds004444,sub-016,ses-16,C0_CURRENT_OVERLAP_EMPIRICAL,15,30,,0.9541666666666667,0.3125,0.9531914893617022,3,1.5,-9.5,4,7,0.2195354483534695,0.03146412465666333,0.41629343942836344,0.023338523315023618,0.08109880325917934,0.06834795916561974
ds004444,sub-016,ses-16,C0_CURRENT_OVERLAP_EMPIRICAL,30,60,,0.9666666666666667,0.38461538461538464,0.9659574468085106,0,0.0,1.0,4,4,0.15569729218950634,0.041290180328978625,0.4132596745946412,0.01943985382938498,0.187442188363817,0.10113911175136021
ds004444,sub-016,ses-16,C0_CURRENT_OVERLAP_EMPIRICAL,60,120,,0.9916666666666667,0.7777777777777778,0.9914163090128756,-2,-1.0,0.0,2,0,0.026089290834637957,0.025741547011613387,0.26579005478801215,0.02105045162936423,0.12398118416071557,0.13311353265081788
ds004444,sub-016,ses-16,C0_CURRENT_OVERLAP_EMPIRICAL,90,180,,0.9875,0.6666666666666666,0.9871794871794872,-3,-1.5,9.0,3,0,0.011719040467320611,0.03567790528157144,0.22242102292264232,0.013025289749708636,0.050214601470110996,0.0416979146419604
ds004444,sub-016,ses-16,C0_CURRENT_OVERLAP_EMPIRICAL,120,240,,0.9958333333333333,0.8888888888888888,0.9956896551724138,-1,-0.5,0.0,1,0,0.019769684004595372,0.023967391710557492,0.18190886572098736,0.0063338424314704775,0.07940256583858918,0.10435942456649237
ds004444,sub-016,ses-16,C0_CURRENT_OVERLAP_EMPIRICAL,full,608,,1.0,1.0,1.0,0,0.0,0.0,0,0,0.0,0.0,0.0,0.0,0.0,0.0
ds004444,sub-016,ses-16,C1_NONOVERLAP_EMPIRICAL,15,15,,0.9541666666666667,0.08333333333333333,0.9539748953974896,-9,-4.5,15.0,10,1,0.057162577488852916,0.11870268143709417,0.4495689223982916,0.052493385442788816,0.18948659939595666,0.06885222628682144
ds004444,sub-016,ses-16,C1_NONOVERLAP_EMPIRICAL,30,30,,0.9666666666666667,0.38461538461538464,0.9659574468085106,-4,-2.0,1.0,6,2,0.08262566034751537,0.09777445819582523,0.42440549952767065,0.02781992537393535,0.14804544241491385,0.1325427296039498
ds004444,sub-016,ses-16,C1_NONOVERLAP_EMPIRICAL,60,60,,0.9583333333333334,0.3333333333333333,0.9574468085106383,-2,-1.0,0.0,6,4,0.0654567717644823,0.03709521975685284,0.25641539570524025,0.02146792782802881,0.08758202547627818,0.1395998379330103
ds004444,sub-016,ses-16,C1_NONOVERLAP_EMPIRICAL,90,90,,0.9708333333333333,0.46153846153846156,0.9700854700854701,-3,-1.5,9.0,5,2,0.02192403142828107,0.032847268520167845,0.18512433699960873,0.007811525449359836,0.03495133926810251,0.09415497566767515
ds004444,sub-016,ses-16,C1_NONOVERLAP_EMPIRICAL,120,120,,0.9833333333333333,0.6363636363636364,0.9828326180257511,-4,-2.0,1.0,4,0,0.005299808083965429,0.010950600847590435,0.12605628867317537,0.00370803035668643,0.05191006621196315,0.08980903579280713
ds004444,sub-016,ses-16,C1_NONOVERLAP_EMPIRICAL,full,304,,1.0,1.0,1.0,0,0.0,0.0,0,0,0.0,0.0,0.0,0.0,0.0,0.0
ds004444,sub-016,ses-16,C2_NONOVERLAP_HARRELL_DAVIS,15,15,,0.975,0.4,0.9745762711864406,-6,-3.0,9.0,6,0,0.0018179771249377309,0.07374222235744847,0.43174623682327895,0.0010602055702948617,0.808562009666482,0.027165365281614583
ds004444,sub-016,ses-16,C2_NONOVERLAP_HARRELL_DAVIS,30,30,,0.975,0.45454545454545453,0.9744680851063829,-4,-2.0,9.0,5,1,0.01679035111605798,0.07045371558914078,0.3932888481613577,0.02477005722555478,0.11138447426990127,0.11992365726612515
ds004444,sub-016,ses-16,C2_NONOVERLAP_HARRELL_DAVIS,60,60,,0.9833333333333333,0.6,0.9829059829059829,-4,-2.0,9.0,4,0,0.01578284866016775,0.04646792852072144,0.20497923172799376,0.015886154534453134,0.07136208120774618,0.15831099626941378
ds004444,sub-016,ses-16,C2_NONOVERLAP_HARRELL_DAVIS,90,90,,0.9833333333333333,0.6,0.9829059829059829,-4,-2.0,9.0,4,0,0.007448153286622594,0.03212496969963294,0.15438116673241659,0.0029306954024495404,0.0208632632794676,0.09743429044501017
ds004444,sub-016,ses-16,C2_NONOVERLAP_HARRELL_DAVIS,120,120,,0.9875,0.7,0.9871244635193133,-3,-1.5,0.0,3,0,0.011469886545789341,0.015750985072005112,0.11770393723356279,0.0022367622180998015,0.049409636965991176,0.10219096847452926
ds004444,sub-016,ses-16,C2_NONOVERLAP_HARRELL_DAVIS,full,304,,1.0,1.0,1.0,0,0.0,0.0,0,0,0.0,0.0,0.0,0.0,0.0,0.0
ds004444,sub-016,ses-16,C3_BLOCK_SUBSAMPLE_EMPIRICAL,30,15,,0.9625,0.25,0.9620253164556962,-1,-0.5,3.0,5,4,0.20092687639670592,0.025739691373834864,0.2635091337027254,0.04117356424512231,0.11183943480000573,0.13154563643926245
ds004444,sub-016,ses-16,C3_BLOCK_SUBSAMPLE_EMPIRICAL,60,30,,0.9583333333333334,0.3333333333333333,0.9574468085106383,4,2.0,1.0,3,7,0.21711202900459364,0.03842203259353138,0.17261510041028094,0.02308020154562536,0.052854629698076507,0.038654282130897756
ds004444,sub-016,ses-16,C3_BLOCK_SUBSAMPLE_EMPIRICAL,90,45,,0.9583333333333334,0.3333333333333333,0.9574468085106383,4,2.0,1.0,3,7,0.21318195011050725,0.0388411439479271,0.2245978273642628,0.014094932382879623,0.013799914745067305,0.03944801607933275
ds004444,sub-016,ses-16,C3_BLOCK_SUBSAMPLE_EMPIRICAL,120,60,,0.9583333333333334,0.3333333333333333,0.9574468085106383,4,2.0,-5.0,3,7,0.17134091849006347,0.01233162777636425,0.07982816962904647,0.0,0.018324476956564563,0.02603605454518716
ds004444,sub-016,ses-16,C3_BLOCK_SUBSAMPLE_EMPIRICAL,full,152,,1.0,1.0,1.0,0,0.0,0.0,0,0,0.0,0.0,0.0,0.0,0.0,0.0
ds004444,sub-016,ses-16,C4_LOSO_SHRINKAGE,15,15,0.42857142857142855,0.95,0.0,0.95,-12,-6.0,98.0,12,0,0.05464645817779326,0.09928771620734665,0.17765044644014466,0.1261247421996292,0.8494661828220209,0.4675751903240075
ds004444,sub-016,ses-16,C4_LOSO_SHRINKAGE,30,30,0.6,0.9625,0.25,0.9620253164556962,-9,-4.5,46.5,9,0,0.0032687939345021995,0.041441965745615414,0.24444834090604897,0.08197523809731636,0.43445165646663403,0.2059660668649202
ds004444,sub-016,ses-16,C4_LOSO_SHRINKAGE,60,60,0.75,0.9708333333333333,0.4166666666666667,0.9702127659574468,-7,-3.5,16.0,7,0,0.019475650619718995,0.02780758250976504,0.1865474162231506,0.03893644338680274,0.22708124060779783,0.05100102779284534
ds004444,sub-016,ses-16,C4_LOSO_SHRINKAGE,90,90,0.8181818181818182,0.9791666666666666,0.5833333333333334,0.9785407725321889,-5,-2.5,7.0,5,0,0.0008256005485871323,0.008773137349219534,0.1477374953430113,0.028644942365625693,0.15689660290837829,0.02173655030274266
ds004444,sub-016,ses-16,C4_LOSO_SHRINKAGE,120,120,0.8571428571428571,0.9791666666666666,0.5833333333333334,0.9785407725321889,-5,-2.5,7.0,5,0,0.008060882515292932,0.014538012263799388,0.10551964445106643,0.020470544488415555,0.08318441812724339,0.011569965054018418
ds004444,sub-016,ses-16,C4_LOSO_SHRINKAGE,full,304,0.9382716049382716,1.0,1.0,1.0,0,0.0,0.0,0,0,0.0,0.0,0.0,0.0,0.0,0.0
ds004444,sub-017,ses-01,C0_CURRENT_OVERLAP_EMPIRICAL,15,30,,0.9208333333333333,0.13636363636363635,0.919831223628692,-3,-1.5,-0.5,11,8,0.4272130740970843,0.17751364600934563,0.38688422581029286,0.10120224156527602,0.05223043617185672,246.0481968778808
ds004444,sub-017,ses-01,C0_CURRENT_OVERLAP_EMPIRICAL,30,60,,0.9291666666666667,0.15,0.9282700421940928,-5,-2.5,16.5,11,6,0.3810500596731482,0.16318432125701807,0.36376678460986633,0.12307979036420305,0.1329078063304209,247.9244619829114
ds004444,sub-017,ses-01,C0_CURRENT_OVERLAP_EMPIRICAL,60,120,,0.9625,0.4,0.9615384615384616,-7,-3.5,13.0,8,1,0.13629379242491643,0.13125448403666085,0.1942544319179164,0.10014399504014423,0.018187384024163877,197.4279628272529
ds004444,sub-017,ses-01,C0_CURRENT_OVERLAP_EMPIRICAL,90,180,,0.975,0.6,0.974025974025974,-4,-2.0,8.0,5,1,0.08564302829643042,0.08863472573423374,0.025181712593896625,0.07870880593924108,0.10982381891513733,206.23477930182088
ds004444,sub-017,ses-01,C0_CURRENT_OVERLAP_EMPIRICAL,120,240,,0.9791666666666666,0.6666666666666666,0.9782608695652174,-3,-1.5,0.0,4,1,0.04956935868948649,0.06040595407520824,0.13443897878941705,0.045813377472394445,0.17860943798068482,57.43415258928561
ds004444,sub-017,ses-01,C0_CURRENT_OVERLAP_EMPIRICAL,full,616,,1.0,1.0,1.0,0,0.0,0.0,0,0,0.0,0.0,0.0,0.0,0.0,0.0
ds004444,sub-017,ses-01,C1_NONOVERLAP_EMPIRICAL,15,15,,0.9208333333333333,0.09523809523809523,0.9201680672268907,-5,-2.5,7.5,12,7,0.5251059819378844,0.18389563435309791,0.47351352230591603,0.08517760988331774,0.30665279696729153,1.5172800578469188
ds004444,sub-017,ses-01,C1_NONOVERLAP_EMPIRICAL,30,30,,0.9333333333333333,0.2,0.9322033898305084,-4,-2.0,-0.5,10,6,0.49431756597859783,0.18218309764349055,0.37068639148526766,0.10778634876731115,0.15728170770117608,1.5015372818942538
ds004444,sub-017,ses-01,C1_NONOVERLAP_EMPIRICAL,60,60,,0.9625,0.4,0.9615384615384616,-7,-3.5,13.0,8,1,0.18050765832043073,0.12765732276775052,0.24639431688132105,0.08835203417629804,0.13479073372030873,1.2748130512826434
ds004444,sub-017,ses-01,C1_NONOVERLAP_EMPIRICAL,90,90,,0.9666666666666667,0.4666666666666667,0.9656652360515021,-6,-3.0,9.0,7,1,0.16615914242610472,0.09044490098207547,0.14543522109961585,0.05928730981787606,0.13479073372030906,1.2456718801787272
ds004444,sub-017,ses-01,C1_NONOVERLAP_EMPIRICAL,120,120,,0.9833333333333333,0.7333333333333333,0.982532751091703,-2,-1.0,8.0,3,1,0.07250354079031524,0.055732640350407814,0.1034741042994242,0.01781325559023094,0.21512133794470886,0.22189090192208738
ds004444,sub-017,ses-01,C1_NONOVERLAP_EMPIRICAL,full,308,,1.0,1.0,1.0,0,0.0,0.0,0,0,0.0,0.0,0.0,0.0,0.0,0.0
ds004444,sub-017,ses-01,C2_NONOVERLAP_HARRELL_DAVIS,15,15,,0.9125,0.125,0.9113924050632911,1,0.5,-0.5,10,11,0.4953540896949162,0.17708436744104117,0.4170135751034879,0.07586342864259424,0.5977907909077692,1.6427069308345885
ds004444,sub-017,ses-01,C2_NONOVERLAP_HARRELL_DAVIS,30,30,,0.9208333333333333,0.13636363636363635,0.919831223628692,-1,-0.5,-0.5,10,9,0.4565440967147181,0.1752247371144743,0.3545731197611041,0.10673389308603753,0.2740332482639234,1.5255754149275162
ds004444,sub-017,ses-01,C2_NONOVERLAP_HARRELL_DAVIS,60,60,,0.95,0.29411764705882354,0.948936170212766,-4,-2.0,13.0,8,4,0.2454894272133965,0.1254915160215079,0.20862600211025956,0.08827673119616791,0.1346582673872558,1.2977152334241395
ds004444,sub-017,ses-01,C2_NONOVERLAP_HARRELL_DAVIS,90,90,,0.9625,0.4375,0.9613733905579399,-3,-1.5,8.0,6,3,0.19137341247151818,0.08916689988460119,0.10669053556495241,0.05069754928212422,0.13615658355837845,1.268716460859308
ds004444,sub-017,ses-01,C2_NONOVERLAP_HARRELL_DAVIS,120,120,,0.9791666666666666,0.6666666666666666,0.9782608695652174,-1,-0.5,8.0,3,2,0.08470731908999612,0.051109871460170424,0.1438208349385488,0.025558010936244144,0.21428511977226825,0.22680710920046285
ds004444,sub-017,ses-01,C2_NONOVERLAP_HARRELL_DAVIS,full,308,,1.0,1.0,1.0,0,0.0,0.0,0,0,0.0,0.0,0.0,0.0,0.0,0.0
ds004444,sub-017,ses-01,C3_BLOCK_SUBSAMPLE_EMPIRICAL,30,15,,0.9416666666666667,0.125,0.9411764705882353,-6,-3.0,62.0,10,4,0.5150531741448914,0.18446011634084714,0.33044824273309326,0.1253954575384566,0.30463447075502254,0.5400046957698437
ds004444,sub-017,ses-01,C3_BLOCK_SUBSAMPLE_EMPIRICAL,60,30,,0.9208333333333333,0.24,0.9188034188034188,7,3.5,-4.5,6,13,0.5010327841025,0.0908602062523104,0.21129438745387413,0.08581431239654089,0.09581913040690675,0.4776298108258614
ds004444,sub-017,ses-01,C3_BLOCK_SUBSAMPLE_EMPIRICAL,90,45,,0.975,0.5384615384615384,0.9742489270386266,-4,-2.0,13.0,5,1,0.19212704493971436,0.07651830170579477,0.15887415043747413,0.06582923422070361,0.10706356399715627,0.4824120728513942
ds004444,sub-017,ses-01,C3_BLOCK_SUBSAMPLE_EMPIRICAL,120,60,,0.9916666666666667,0.8571428571428571,0.9912280701754386,2,1.0,0.0,0,2,0.10543850935668245,0.03671554572553119,0.13527983467849602,0.024283369084791805,0.12886258862567881,0.04068754778372599
ds004444,sub-017,ses-01,C3_BLOCK_SUBSAMPLE_EMPIRICAL,full,154,,1.0,1.0,1.0,0,0.0,0.0,0,0,0.0,0.0,0.0,0.0,0.0,0.0
ds004444,sub-017,ses-01,C4_LOSO_SHRINKAGE,15,15,0.42857142857142855,0.95,0.0,0.95,-12,-6.0,92.5,12,0,0.2595158417491448,0.07907568570448903,0.0294903488344671,0.029222222527556328,0.9539629331603438,0.34828908361600525
ds004444,sub-017,ses-01,C4_LOSO_SHRINKAGE,30,30,0.6,0.9583333333333334,0.16666666666666666,0.957983193277311,-10,-5.0,30.5,10,0,0.03353049711113433,0.0033819251966709317,0.10544399146674953,0.02070234610820376,0.6399635065701912,0.71870644146045
ds004444,sub-017,ses-01,C4_LOSO_SHRINKAGE,60,60,0.75,0.9708333333333333,0.4166666666666667,0.9702127659574468,-7,-3.5,24.0,7,0,0.04698939772982644,0.03603229373011544,0.1183501982399585,0.04151254961260753,0.40045228091009016,0.8722625176753145
ds004444,sub-017,ses-01,C4_LOSO_SHRINKAGE,90,90,0.8181818181818182,0.9875,0.75,0.987012987012987,-3,-1.5,9.0,3,0,0.016575301587869705,0.03558853568390572,0.07649681400676349,0.03263623408882162,0.29710514081513106,0.9815376660802616
ds004444,sub-017,ses-01,C4_LOSO_SHRINKAGE,120,120,0.8571428571428571,0.9875,0.75,0.987012987012987,-3,-1.5,4.0,3,0,0.017050537169908044,0.02178771645732389,0.11406160402245831,0.004651697687963795,0.30003115785205237,0.2501495645881129
ds004444,sub-017,ses-01,C4_LOSO_SHRINKAGE,full,308,0.9390243902439024,1.0,1.0,1.0,0,0.0,0.0,0,0,0.0,0.0,0.0,0.0,0.0,0.0
ds004444,sub-017,ses-16,C0_CURRENT_OVERLAP_EMPIRICAL,15,30,,0.9666666666666667,0.1111111111111111,0.9665271966527197,-4,-2.0,36.0,6,2,0.5849697139793162,0.040281837407539704,1.0544479941336606,0.020416760787182135,0.2722809705427333,0.29111353366636455
ds004444,sub-017,ses-16,C0_CURRENT_OVERLAP_EMPIRICAL,30,60,,0.9666666666666667,0.1111111111111111,0.9665271966527197,-4,-2.0,26.5,6,2,0.06835833487574627,0.04849347419146068,0.06915554765197425,0.04388723838114285,0.3650540462165926,0.24375982559066303
ds004444,sub-017,ses-16,C0_CURRENT_OVERLAP_EMPIRICAL,60,120,,0.9541666666666667,0.08333333333333333,0.9539748953974896,-1,-0.5,4.0,6,5,0.18706251641906158,0.08134089545215017,0.23642123746962831,0.07931631500299312,0.23368349628975496,0.21392392391835185
ds004444,sub-017,ses-16,C0_CURRENT_OVERLAP_EMPIRICAL,90,180,,0.9541666666666667,0.08333333333333333,0.9539748953974896,-1,-0.5,17.5,6,5,0.17132214202269777,0.09864934584895621,0.14483299842203606,0.0723132792912853,0.09309396040303017,0.4656129758752645
ds004444,sub-017,ses-16,C0_CURRENT_OVERLAP_EMPIRICAL,120,240,,0.9458333333333333,0.13333333333333333,0.9453781512605042,3,1.5,-1.5,5,8,0.1956851754639519,0.0404365118998122,0.11906642036323849,0.0634311698388515,0.09309396040303017,0.5088213946099214
ds004444,sub-017,ses-16,C0_CURRENT_OVERLAP_EMPIRICAL,full,608,,1.0,1.0,1.0,0,0.0,0.0,0,0,0.0,0.0,0.0,0.0,0.0,0.0
ds004444,sub-017,ses-16,C1_NONOVERLAP_EMPIRICAL,15,15,,0.9666666666666667,0.0,0.9666666666666667,-4,-2.0,57.5,6,2,0.28693810344059173,0.046061360344265646,0.6018494912154498,0.032126069897996594,0.2574203099555471,0.23163673074994395
ds004444,sub-017,ses-16,C1_NONOVERLAP_EMPIRICAL,30,30,,0.9666666666666667,0.2,0.9663865546218487,0,0.0,26.5,4,4,0.10538952277920112,0.0018628517627340049,0.18089014594363143,0.035005125993828254,0.2758371987438484,0.3202363364515242
ds004444,sub-017,ses-16,C1_NONOVERLAP_EMPIRICAL,60,60,,0.9541666666666667,0.08333333333333333,0.9539748953974896,1,0.5,17.5,5,6,0.27820677627204404,0.09131921938352897,0.34168556359844915,0.05548786702442241,0.23376374441241704,0.4362750480698185
ds004444,sub-017,ses-16,C1_NONOVERLAP_EMPIRICAL,90,90,,0.9541666666666667,0.08333333333333333,0.9539748953974896,1,0.5,17.5,5,6,0.24093163937317907,0.10443730543643745,0.24550928648650536,0.0715416942630277,0.10347885304059466,0.6737922145508786
ds004444,sub-017,ses-16,C1_NONOVERLAP_EMPIRICAL,120,120,,0.9541666666666667,0.15384615384615385,0.9537815126050421,3,1.5,-1.5,4,7,0.2140038017593262,0.04371148453692823,0.16793864897167862,0.057047142215397695,0.08738624147594758,0.6299487996909297
ds004444,sub-017,ses-16,C1_NONOVERLAP_EMPIRICAL,full,304,,1.0,1.0,1.0,0,0.0,0.0,0,0,0.0,0.0,0.0,0.0,0.0,0.0
ds004444,sub-017,ses-16,C2_NONOVERLAP_HARRELL_DAVIS,15,15,,0.9708333333333333,0.0,0.9708333333333333,-5,-2.5,54.0,6,1,1.7803767188085295,0.21863736107184192,1.7510523110805611,0.125570614086406,1.2353956974390432,0.4303052705868646
ds004444,sub-017,ses-16,C2_NONOVERLAP_HARRELL_DAVIS,30,30,,0.9625,0.1,0.9623430962343096,-1,-0.5,19.0,5,4,0.05136164691376432,0.01549230654508686,0.11978407726970908,0.009784928087771462,0.6567698640639968,0.3035977944307968
ds004444,sub-017,ses-16,C2_NONOVERLAP_HARRELL_DAVIS,60,60,,0.9541666666666667,0.08333333333333333,0.9539748953974896,1,0.5,17.5,5,6,0.23618544566458935,0.08337107174541937,0.29954164408697276,0.05483017514115166,0.20426134462566525,0.44531217264939676
ds004444,sub-017,ses-16,C2_NONOVERLAP_HARRELL_DAVIS,90,90,,0.9541666666666667,0.08333333333333333,0.9539748953974896,1,0.5,17.5,5,6,0.21633083233020434,0.09906150274066759,0.23575833940726892,0.07237850780890628,0.12069506419424444,0.6522960559442327
ds004444,sub-017,ses-16,C2_NONOVERLAP_HARRELL_DAVIS,120,120,,0.9666666666666667,0.2,0.9663865546218487,0,0.0,0.0,4,4,0.18705248141583028,0.03509977188490559,0.16719923946972007,0.05846536458192088,0.08801581884398196,0.6214567869025612
ds004444,sub-017,ses-16,C2_NONOVERLAP_HARRELL_DAVIS,full,304,,1.0,1.0,1.0,0,0.0,0.0,0,0,0.0,0.0,0.0,0.0,0.0,0.0
ds004444,sub-017,ses-16,C3_BLOCK_SUBSAMPLE_EMPIRICAL,30,15,,0.9416666666666667,0.2222222222222222,0.940677966101695,4,2.0,-12.0,5,9,0.05178692724999577,0.06733220281603171,0.1442817026055167,0.06991334857506867,0.3079377948081951,0.3744611838294235
ds004444,sub-017,ses-16,C3_BLOCK_SUBSAMPLE_EMPIRICAL,60,30,,0.9583333333333334,0.23076923076923078,0.9578059071729957,-2,-1.0,-12.0,6,4,0.060213946324738664,0.02681780385873253,0.24373310913822108,0.0193855334575022,0.2464542710871445,0.30159306310008516
ds004444,sub-017,ses-16,C3_BLOCK_SUBSAMPLE_EMPIRICAL,90,45,,0.9458333333333333,0.13333333333333333,0.9453781512605042,-1,-0.5,-8.0,7,6,0.1557792949990038,0.0629963227654758,0.17598255139451188,0.07675341030670188,0.22903081396414335,0.18582312266308623
ds004444,sub-017,ses-16,C3_BLOCK_SUBSAMPLE_EMPIRICAL,120,60,,0.95,0.25,0.9491525423728814,2,1.0,-13.5,5,7,0.15345026710554038,0.0005034332924102027,0.07371170025865628,0.03656734012840068,0.16543613816600994,0.16388935360570328
ds004444,sub-017,ses-16,C3_BLOCK_SUBSAMPLE_EMPIRICAL,full,152,,1.0,1.0,1.0,0,0.0,0.0,0,0,0.0,0.0,0.0,0.0,0.0,0.0
ds004444,sub-017,ses-16,C4_LOSO_SHRINKAGE,15,15,0.42857142857142855,0.9916666666666667,0.0,0.9916666666666667,-2,-1.0,40.0,2,0,2.309245480188978,0.19115207920851962,1.0853459379154975,0.06427050605650161,0.9374881074561964,0.2005960882018497
ds004444,sub-017,ses-16,C4_LOSO_SHRINKAGE,30,30,0.6,0.9916666666666667,0.0,0.9916666666666667,-2,-1.0,40.0,2,0,1.426656172510118,0.11293846301940172,0.4695246186421682,0.030900733955862042,0.7050953346929574,0.002230578612072653
ds004444,sub-017,ses-16,C4_LOSO_SHRINKAGE,60,60,0.75,0.9916666666666667,0.0,0.9916666666666667,-2,-1.0,40.0,2,0,0.6671941964483284,0.003596998378737765,0.08572439892060194,0.012445467041725862,0.4671953101861219,0.2271211710749301
ds004444,sub-017,ses-16,C4_LOSO_SHRINKAGE,90,90,0.8181818181818182,0.9916666666666667,0.0,0.9916666666666667,-2,-1.0,40.0,2,0,0.37874896917621875,0.043187788551733185,0.021137307370287333,0.03962580817178505,0.2735947524991746,0.5000372982792408
ds004444,sub-017,ses-16,C4_LOSO_SHRINKAGE,120,120,0.8571428571428571,0.9916666666666667,0.0,0.9916666666666667,-2,-1.0,40.0,2,0,0.21911916036475668,0.009338464516440869,0.006887195803526489,0.03603545903242271,0.20073988505056856,0.5114931178430279
ds004444,sub-017,ses-16,C4_LOSO_SHRINKAGE,full,304,0.9382716049382716,1.0,1.0,1.0,0,0.0,0.0,0,0,0.0,0.0,0.0,0.0,0.0,0.0
ds004444,sub-018,ses-01,C0_CURRENT_OVERLAP_EMPIRICAL,15,30,,0.9208333333333333,0.2962962962962963,0.9181034482758621,-1,-0.5,5.5,10,9,0.06573418520815834,0.06886454580360665,0.007734669954832266,0.009131295146024121,1.185329161753901,0.030399721902248256
ds004444,sub-018,ses-01,C0_CURRENT_OVERLAP_EMPIRICAL,30,60,,0.9416666666666667,0.4166666666666667,0.9391304347826087,-2,-1.0,30.0,8,6,0.05520490339369404,0.01955380781727041,0.07165166601434604,0.002091872009504032,0.5625485474378815,0.02137512100349032
ds004444,sub-018,ses-01,C0_CURRENT_OVERLAP_EMPIRICAL,60,120,,0.9583333333333334,0.5454545454545454,0.956140350877193,-2,-1.0,19.5,6,4,0.06737775254000916,0.026168829441686116,0.10370730897706143,0.004224060322185481,0.022851634244323876,0.08755998773811505
ds004444,sub-018,ses-01,C0_CURRENT_OVERLAP_EMPIRICAL,90,180,,0.9541666666666667,0.56,0.9513274336283186,3,1.5,14.5,4,7,0.07513900763092146,0.017984070668874308,0.10370730897706143,0.026473766118486477,0.041600787744237304,0.017540167955363395
ds004444,sub-018,ses-01,C0_CURRENT_OVERLAP_EMPIRICAL,120,240,,0.9625,0.625,0.96,3,1.5,13.0,3,6,0.05951277584005949,0.017547138609581674,0.10035837318687761,0.020493624461742625,0.07050563437420518,0.03531160389698918
ds004444,sub-018,ses-01,C0_CURRENT_OVERLAP_EMPIRICAL,full,616,,1.0,1.0,1.0,0,0.0,0.0,0,0,0.0,0.0,0.0,0.0,0.0,0.0
ds004444,sub-018,ses-01,C1_NONOVERLAP_EMPIRICAL,15,15,,0.8958333333333334,0.2857142857142857,0.8913043478260869,7,3.5,-2.0,9,16,0.17368680096132957,0.09172074185397887,0.07584670889308397,0.004554564692645778,1.1748554532861617,0.03563959557957947
ds004444,sub-018,ses-01,C1_NONOVERLAP_EMPIRICAL,30,30,,0.9333333333333333,0.38461538461538464,0.9304347826086956,-2,-1.0,17.5,9,7,0.0602920903664549,0.014715247568273457,0.08137101228083085,0.02235128629682464,0.1830337368529097,0.05670942719755212
ds004444,sub-018,ses-01,C1_NONOVERLAP_EMPIRICAL,60,60,,0.975,0.7272727272727273,0.9732142857142857,0,0.0,13.0,3,3,0.05015846111321282,0.027505512054545014,0.10822487772804155,0.003001031368656468,0.06810300543870537,0.01812264973853392
ds004444,sub-018,ses-01,C1_NONOVERLAP_EMPIRICAL,90,90,,0.9666666666666667,0.68,0.9641255605381166,4,2.0,9.0,2,6,0.06451687822878535,0.022620047593447306,0.11512633855206557,0.024088333432894987,0.04774618558803453,0.004723101740974679
ds004444,sub-018,ses-01,C1_NONOVERLAP_EMPIRICAL,120,120,,0.9833333333333333,0.8095238095238095,0.9820627802690582,0,0.0,9.0,2,2,0.052944188951972324,0.027505512054545014,0.11946090320091723,0.010309077135124044,0.07284140744818128,0.04053641706356507
ds004444,sub-018,ses-01,C1_NONOVERLAP_EMPIRICAL,full,308,,1.0,1.0,1.0,0,0.0,0.0,0,0,0.0,0.0,0.0,0.0,0.0,0.0
ds004444,sub-018,ses-01,C2_NONOVERLAP_HARRELL_DAVIS,15,15,,0.9083333333333333,0.3125,0.9043478260869565,4,2.0,-1.0,9,13,0.05320871713977251,0.12792577868224228,0.21312662371483698,0.014414266700786391,1.2488385899409986,0.0004398049745038657
ds004444,sub-018,ses-01,C2_NONOVERLAP_HARRELL_DAVIS,30,30,,0.9083333333333333,0.3125,0.9043478260869565,4,2.0,12.5,9,13,0.0971066435968642,0.02447707924197979,0.04966661299669846,0.022056068230598466,0.6710924927184001,0.054313502030139
ds004444,sub-018,ses-01,C2_NONOVERLAP_HARRELL_DAVIS,60,60,,0.9708333333333333,0.6956521739130435,0.96875,1,0.5,13.0,3,4,0.06850743015479882,0.016976494361433156,0.10600971097563962,0.008591093628403285,0.11963169530331379,0.029409251477666345
ds004444,sub-018,ses-01,C2_NONOVERLAP_HARRELL_DAVIS,90,90,,0.9625,0.6538461538461539,0.9596412556053812,5,2.5,9.0,2,7,0.07084930293223991,0.015744978593347784,0.10898363162177953,0.022172015368226876,0.031505689753561356,0.01992207873681244
ds004444,sub-018,ses-01,C2_NONOVERLAP_HARRELL_DAVIS,120,120,,0.9791666666666666,0.7727272727272727,0.9775784753363229,1,0.5,9.0,2,3,0.058624733088394956,0.024638068544522843,0.11390828970249149,0.013333476357785229,0.05744071458533939,0.04540507009060304
ds004444,sub-018,ses-01,C2_NONOVERLAP_HARRELL_DAVIS,full,308,,1.0,1.0,1.0,0,0.0,0.0,0,0,0.0,0.0,0.0,0.0,0.0,0.0
ds004444,sub-018,ses-01,C3_BLOCK_SUBSAMPLE_EMPIRICAL,30,15,,0.9208333333333333,0.24,0.9188034188034188,-5,-2.5,30.5,12,7,0.1115162219489756,0.04408325025395382,0.14304300466925113,0.007018775602146797,0.7749710432740309,0.0699979677027956
ds004444,sub-018,ses-01,C3_BLOCK_SUBSAMPLE_EMPIRICAL,60,30,,0.9625,0.55,0.9606986899563319,-5,-2.5,9.5,7,2,0.07943448921449393,0.007341047024440776,0.0405323935084326,0.011143509379598904,0.10446132479649309,0.00282719863202849
ds004444,sub-018,ses-01,C3_BLOCK_SUBSAMPLE_EMPIRICAL,90,45,,0.975,0.7391304347826086,0.9730941704035875,4,2.0,5.5,1,5,0.019763462525395122,0.0010884853654041782,0.11324891386706935,0.009410347920263337,0.02189142961422311,0.010799158426731065
ds004444,sub-018,ses-01,C3_BLOCK_SUBSAMPLE_EMPIRICAL,120,60,,0.9625,0.64,0.9598214285714286,5,2.5,5.5,2,7,0.05496852413260814,0.017067171950884245,0.12259334852731477,0.015003872587037457,0.04052045264251949,0.026028560230790372
ds004444,sub-018,ses-01,C3_BLOCK_SUBSAMPLE_EMPIRICAL,full,154,,1.0,1.0,1.0,0,0.0,0.0,0,0,0.0,0.0,0.0,0.0,0.0,0.0
ds004444,sub-018,ses-01,C4_LOSO_SHRINKAGE,15,15,0.42857142857142855,0.925,0.05263157894736842,0.9246861924686193,-18,-9.0,86.5,18,0,1.2203943429806072,0.31974058422572565,1.2961360292009836,0.1723879789706493,2.511056527655993,0.4621125041481255
ds004444,sub-018,ses-01,C4_LOSO_SHRINKAGE,30,30,0.6,0.925,0.05263157894736842,0.9246861924686193,-18,-9.0,86.5,18,0,0.8217716321344335,0.1956632687567281,0.8011046929494472,0.12889483509060778,1.5004665051299964,0.33207192336201713
ds004444,sub-018,ses-01,C4_LOSO_SHRINKAGE,60,60,0.75,0.925,0.1,0.9243697478991597,-16,-8.0,33.0,17,1,0.4434079621301876,0.08440096039853223,0.4008865391797429,0.06674818861829593,0.7529391274952713,0.15084994472730928
ds004444,sub-018,ses-01,C4_LOSO_SHRINKAGE,90,90,0.8181818181818182,0.95,0.3684210526315789,0.9484978540772532,-12,-6.0,49.0,12,0,0.2591377158050488,0.04881705353791456,0.22039218580688488,0.060561198919168106,0.4765754966926107,0.101519814643021
ds004444,sub-018,ses-01,C4_LOSO_SHRINKAGE,120,120,0.8571428571428571,0.9666666666666667,0.6,0.9649122807017544,-6,-3.0,3.5,7,1,0.16744933524652655,0.022413489271731486,0.11660978104798225,0.036611644925059736,0.2961334061878166,0.03494988825494045
ds004444,sub-018,ses-01,C4_LOSO_SHRINKAGE,full,308,0.9390243902439024,1.0,1.0,1.0,0,0.0,0.0,0,0,0.0,0.0,0.0,0.0,0.0,0.0
ds004444,sub-018,ses-16,C0_CURRENT_OVERLAP_EMPIRICAL,15,30,,0.9541666666666667,0.6333333333333333,0.9502262443438914,1,0.5,0.0,5,6,0.05469130986411334,0.013480169678405964,0.13829724638369903,0.23379715856004862,0.34406813416071585,722.763195844159
ds004444,sub-018,ses-16,C0_CURRENT_OVERLAP_EMPIRICAL,30,60,,0.9666666666666667,0.7241379310344828,0.9634703196347032,2,1.0,2.0,3,5,0.13527335358631096,0.04504100306416262,0.22063552397302283,0.013077354400462543,0.3573783220982093,636.5106979427003
ds004444,sub-018,ses-16,C0_CURRENT_OVERLAP_EMPIRICAL,60,120,,0.9541666666666667,0.6071428571428571,0.9506726457399103,-3,-1.5,2.0,7,4,0.13527335358631096,0.03715539996471622,0.1819287543347793,0.011399047184254748,0.3573783220982093,716.9056526733972
ds004444,sub-018,ses-16,C0_CURRENT_OVERLAP_EMPIRICAL,90,180,,0.9708333333333333,0.7307692307692307,0.9683257918552036,-3,-1.5,3.5,5,2,0.017445760956712686,0.004562754528582704,0.15633393469211324,0.010511343330595271,0.048044257637895264,722.633316101065
ds004444,sub-018,ses-16,C0_CURRENT_OVERLAP_EMPIRICAL,120,240,,0.975,0.7857142857142857,0.9724770642201835,2,1.0,0.0,2,4,0.007312581255703699,0.005258061273061261,0.1242706667121039,0.030351591803267325,0.01474635606899019,881.7385548084521
ds004444,sub-018,ses-16,C0_CURRENT_OVERLAP_EMPIRICAL,full,618,,1.0,1.0,1.0,0,0.0,0.0,0,0,0.0,0.0,0.0,0.0,0.0,0.0
ds004444,sub-018,ses-16,C1_NONOVERLAP_EMPIRICAL,15,15,,0.9416666666666667,0.5625,0.9369369369369369,2,1.0,0.0,6,8,0.09203238424124648,0.023049737319442792,0.41191308805351445,0.43597076688351194,0.16236323897908622,0.2926981598649912
ds004444,sub-018,ses-16,C1_NONOVERLAP_EMPIRICAL,30,30,,0.9208333333333333,0.40625,0.9162995594713657,-3,-1.5,6.0,11,8,0.3114250005073996,0.10159068311301055,0.16176162633128166,0.04778825919427579,0.3453054656285762,0.14613398826763913
ds004444,sub-018,ses-16,C1_NONOVERLAP_EMPIRICAL,60,60,,0.9416666666666667,0.5483870967741935,0.9372197309417041,0,0.0,4.5,7,7,0.18911282682358907,0.006127695514609765,0.13804323058015805,0.0034599082809619553,0.3453054656285762,0.0038660489210383697
ds004444,sub-018,ses-16,C1_NONOVERLAP_EMPIRICAL,90,90,,0.9708333333333333,0.7307692307692307,0.9683257918552036,-3,-1.5,6.0,5,2,0.11452084603123866,0.002552037358199121,0.13261998999720218,0.004915270369003353,0.048327680185243714,0.12176140582821818
ds004444,sub-018,ses-16,C1_NONOVERLAP_EMPIRICAL,120,120,,0.9666666666666667,0.7419354838709677,0.9631336405529954,6,3.0,-4.5,1,7,0.1351733633032932,0.003809846293249534,0.11103842279155295,0.019046480180233014,0.015039692287389004,0.024360295342572932
ds004444,sub-018,ses-16,C1_NONOVERLAP_EMPIRICAL,full,309,,1.0,1.0,1.0,0,0.0,0.0,0,0,0.0,0.0,0.0,0.0,0.0,0.0
ds004444,sub-018,ses-16,C2_NONOVERLAP_HARRELL_DAVIS,15,15,,0.9583333333333334,0.6551724137931034,0.9547511312217195,2,1.0,0.0,4,6,0.12671836684424728,0.030330430649129037,0.3730669899557901,0.4840787919643867,0.041982123074051136,0.27249861712791174
ds004444,sub-018,ses-16,C2_NONOVERLAP_HARRELL_DAVIS,30,30,,0.925,0.45454545454545453,0.92,2,1.0,6.5,8,10,0.18295169614093296,0.060315013706332986,0.09459934149225231,0.12843680141911137,0.20396379814911314,0.06940990373242541
ds004444,sub-018,ses-16,C2_NONOVERLAP_HARRELL_DAVIS,60,60,,0.95,0.5555555555555556,0.9466666666666667,-4,-2.0,9.0,8,4,0.11884174756886094,0.024048215496501955,0.0963592821994842,0.00777001060600304,0.22912530629974082,0.005372379071739771
ds004444,sub-018,ses-16,C2_NONOVERLAP_HARRELL_DAVIS,90,90,,0.9625,0.6666666666666666,0.9594594594594594,-1,-0.5,0.0,5,4,0.11768457162344498,0.0004162929781539058,0.1112636335878634,0.01577433609977413,0.05419013211572314,0.10901772527597475
ds004444,sub-018,ses-16,C2_NONOVERLAP_HARRELL_DAVIS,120,120,,0.9708333333333333,0.7586206896551724,0.9678899082568807,5,2.5,0.0,1,6,0.1316945685328938,0.008781508803292757,0.06994296242742727,0.023895639896253464,0.023591018733183314,0.02212851817529067
ds004444,sub-018,ses-16,C2_NONOVERLAP_HARRELL_DAVIS,full,309,,1.0,1.0,1.0,0,0.0,0.0,0,0,0.0,0.0,0.0,0.0,0.0,0.0
ds004444,sub-018,ses-16,C3_BLOCK_SUBSAMPLE_EMPIRICAL,30,15,,0.9291666666666667,0.39285714285714285,0.925764192139738,-11,-5.5,9.0,14,3,0.1210031190087106,0.12430595029548228,0.20150495371884483,0.0823546128560627,0.43587191256726204,0.17994823736208004
ds004444,sub-018,ses-16,C3_BLOCK_SUBSAMPLE_EMPIRICAL,60,30,,0.9583333333333334,0.6,0.9555555555555556,-10,-5.0,25.5,10,0,0.03329882042160505,0.09307879719962418,0.1773716961050067,0.0011073663764836828,0.36631324949320876,0.04007013592028246
ds004444,sub-018,ses-16,C3_BLOCK_SUBSAMPLE_EMPIRICAL,90,45,,0.9416666666666667,0.5483870967741935,0.9372197309417041,-2,-1.0,6.5,8,6,0.19796376949491787,0.011733413721136907,0.19870443373449578,0.0034943855356245035,0.12354417369176954,0.01619745349778543
ds004444,sub-018,ses-16,C3_BLOCK_SUBSAMPLE_EMPIRICAL,120,60,,0.9666666666666667,0.7333333333333333,0.963302752293578,2,1.0,-0.5,3,5,0.11880698489998216,0.0019247200239299045,0.15392924982448933,0.0223430500091505,0.03412418459550505,0.10146419052778004
ds004444,sub-018,ses-16,C3_BLOCK_SUBSAMPLE_EMPIRICAL,full,155,,1.0,1.0,1.0,0,0.0,0.0,0,0,0.0,0.0,0.0,0.0,0.0,0.0
ds004444,sub-018,ses-16,C4_LOSO_SHRINKAGE,15,15,0.42857142857142855,0.9291666666666667,0.15,0.9282700421940928,-17,-8.5,89.0,17,0,0.5188400015589033,0.12695224417148923,0.5056400213771367,0.21496653302193108,0.5717784170679192,0.28607402397079146
ds004444,sub-018,ses-16,C4_LOSO_SHRINKAGE,30,30,0.6,0.9291666666666667,0.19047619047619047,0.9279661016949152,-15,-7.5,64.5,16,1,0.14381865975856872,0.017758143024727144,0.13014073502323598,0.0476807497414899,0.2310534944772251,0.3695494315331827
ds004444,sub-018,ses-16,C4_LOSO_SHRINKAGE,60,60,0.75,0.9458333333333333,0.38095238095238093,0.9439655172413793,-11,-5.5,55.5,12,1,0.04477016530647219,0.03889945062054334,0.025174265677496283,0.00807118212922282,0.0036724928408478344,0.1517492847259188
ds004444,sub-018,ses-16,C4_LOSO_SHRINKAGE,90,90,0.8181818181818182,0.9541666666666667,0.47619047619047616,0.9521739130434783,-9,-4.5,23.5,10,1,0.025833339897809948,0.029839572509164202,0.02448792282184748,0.01082470571570442,0.11421580494794403,0.2035907684233939
ds004444,sub-018,ses-16,C4_LOSO_SHRINKAGE,120,120,0.8571428571428571,0.9833333333333333,0.8181818181818182,0.9819819819819819,0,0.0,0.0,2,2,0.031809747354469425,0.0220575982784694,0.03733937451775194,0.020892067856020182,0.09031431500741532,0.04522045811331601
ds004444,sub-018,ses-16,C4_LOSO_SHRINKAGE,full,309,0.939209726443769,1.0,1.0,1.0,0,0.0,0.0,0,0,0.0,0.0,0.0,0.0,0.0,0.0
ds004444,sub-019,ses-01,C0_CURRENT_OVERLAP_EMPIRICAL,15,30,,0.9458333333333333,0.3157894736842105,0.9444444444444444,-13,-6.5,48.0,13,0,0.050872587295389265,0.053374871693801215,0.16102107755691333,0.10803724101684357,0.13450899785648227,6.330630448893923
ds004444,sub-019,ses-01,C0_CURRENT_OVERLAP_EMPIRICAL,30,60,,0.9541666666666667,0.47619047619047616,0.9521739130434783,-7,-3.5,48.0,9,2,0.16781176455519162,0.07681949467564579,0.2886310719317446,0.004651222832122845,0.004185759242515534,6.84624939742612
ds004444,sub-019,ses-01,C0_CURRENT_OVERLAP_EMPIRICAL,60,120,,0.95,0.4,0.9482758620689655,-10,-5.0,48.0,11,1,0.16960798612261332,0.17150801454532244,0.3107581593543217,0.06147062363011939,0.06918497639841366,6.418418589554413
ds004444,sub-019,ses-01,C0_CURRENT_OVERLAP_EMPIRICAL,90,180,,0.9458333333333333,0.4090909090909091,0.9437229437229437,-7,-3.5,26.0,10,3,0.1800518538657816,0.17144539103375603,0.29576849702993285,0.11199431599052621,0.08544404243245467,7.055144789552933
ds004444,sub-019,ses-01,C0_CURRENT_OVERLAP_EMPIRICAL,120,240,,0.9625,0.6086956521739131,0.9601769911504425,-1,-0.5,2.0,5,4,0.16960798612261332,0.15664978338166402,0.16959740691949574,0.08971588805905624,0.06875555240697524,2.1744533664263814
ds004444,sub-019,ses-01,C0_CURRENT_OVERLAP_EMPIRICAL,full,618,,1.0,1.0,1.0,0,0.0,0.0,0,0,0.0,0.0,0.0,0.0,0.0,0.0
ds004444,sub-019,ses-01,C1_NONOVERLAP_EMPIRICAL,15,15,,0.9458333333333333,0.3157894736842105,0.9444444444444444,-13,-6.5,48.0,13,0,0.13632188611512186,0.11784255185427304,0.22149596873825209,0.08125668385635923,0.5136886046744875,0.3000743190376527
ds004444,sub-019,ses-01,C1_NONOVERLAP_EMPIRICAL,30,30,,0.9416666666666667,0.2631578947368421,0.9404255319148936,-14,-7.0,49.0,14,0,0.06055477051570508,0.08002027331021301,0.33994418853536634,0.14567937246751722,0.005568754273850411,0.1848723893135955
ds004444,sub-019,ses-01,C1_NONOVERLAP_EMPIRICAL,60,60,,0.9541666666666667,0.42105263157894735,0.9525862068965517,-11,-5.5,48.0,11,0,0.026899111248115556,0.1829724958607933,0.333997400046498,0.07055011439456366,0.06289275730078517,0.2703151244912909
ds004444,sub-019,ses-01,C1_NONOVERLAP_EMPIRICAL,90,90,,0.95,0.3684210526315789,0.9484978540772532,-12,-6.0,49.0,12,0,0.06416483047630908,0.18603469097140285,0.3332073753246873,0.12118628489662449,0.0815687744975875,0.30052530165900737
ds004444,sub-019,ses-01,C1_NONOVERLAP_EMPIRICAL,120,120,,0.9791666666666666,0.7368421052631579,0.9778761061946902,-5,-2.5,8.0,5,0,0.07237574603750743,0.14983940018190725,0.19173067978020408,0.10895666593352378,0.0656267030761281,0.26114312170242143
ds004444,sub-019,ses-01,C1_NONOVERLAP_EMPIRICAL,full,309,,1.0,1.0,1.0,0,0.0,0.0,0,0,0.0,0.0,0.0,0.0,0.0,0.0
ds004444,sub-019,ses-01,C2_NONOVERLAP_HARRELL_DAVIS,15,15,,0.95,0.3333333333333333,0.9487179487179487,-12,-6.0,48.0,12,0,0.2175109680297521,0.01042220703230262,0.12105731498774265,0.10266466579846704,1.496071224381217,0.3010110509861351
ds004444,sub-019,ses-01,C2_NONOVERLAP_HARRELL_DAVIS,30,30,,0.9625,0.5,0.961038961038961,-9,-4.5,48.0,9,0,0.00011917518988561186,0.08060372328184467,0.3055233533426875,0.04713000660662918,0.38620137228485746,0.27549978911521245
ds004444,sub-019,ses-01,C2_NONOVERLAP_HARRELL_DAVIS,60,60,,0.95,0.3684210526315789,0.9484978540772532,-10,-5.0,48.0,11,1,0.0015322455624805448,0.1747329910468039,0.3415051253407642,0.06523357596157998,0.04400251760728158,0.29327333372273534
ds004444,sub-019,ses-01,C2_NONOVERLAP_HARRELL_DAVIS,90,90,,0.95,0.3684210526315789,0.9484978540772532,-10,-5.0,49.0,11,1,0.055170887641269824,0.17967040899559802,0.30692934128542554,0.10337141667940794,0.07599451256204474,0.393009107915278
ds004444,sub-019,ses-01,C2_NONOVERLAP_HARRELL_DAVIS,120,120,,0.975,0.6842105263157895,0.973568281938326,-4,-2.0,8.0,5,1,0.060101538663471385,0.13470910885363668,0.1696485396008041,0.10143945768331687,0.06315222731043915,0.25233933325896796
ds004444,sub-019,ses-01,C2_NONOVERLAP_HARRELL_DAVIS,full,309,,1.0,1.0,1.0,0,0.0,0.0,0,0,0.0,0.0,0.0,0.0,0.0,0.0
ds004444,sub-019,ses-01,C3_BLOCK_SUBSAMPLE_EMPIRICAL,30,15,,0.925,0.1,0.9243697478991597,-16,-8.0,68.5,17,1,0.12146068096411783,0.22193058103965055,0.4660078068691693,0.04419287686570203,0.042501086712025876,0.18123775155160698
ds004444,sub-019,ses-01,C3_BLOCK_SUBSAMPLE_EMPIRICAL,60,30,,0.9333333333333333,0.15789473684210525,0.9324894514767933,-16,-8.0,65.5,16,0,0.001953688115407484,0.22972129263517402,0.4643521408697262,0.09567749260205974,0.05815750585312452,0.16182992624965375
ds004444,sub-019,ses-01,C3_BLOCK_SUBSAMPLE_EMPIRICAL,90,45,,0.9333333333333333,0.3333333333333333,0.9310344827586207,-6,-3.0,6.0,11,5,0.18320371391300747,0.22846908814159128,0.33797798712306143,0.09095268872334206,0.06954535193001077,0.48776491065503913
ds004444,sub-019,ses-01,C3_BLOCK_SUBSAMPLE_EMPIRICAL,120,60,,0.9833333333333333,0.8,0.9821428571428571,-2,-1.0,-1.0,3,1,0.057818079591737036,0.153121209485492,0.035221678023629535,0.08925616169120333,0.055610856730445184,0.10227539486527067
ds004444,sub-019,ses-01,C3_BLOCK_SUBSAMPLE_EMPIRICAL,full,155,,1.0,1.0,1.0,0,0.0,0.0,0,0,0.0,0.0,0.0,0.0,0.0,0.0
ds004444,sub-019,ses-01,C4_LOSO_SHRINKAGE,15,15,0.42857142857142855,0.9333333333333333,0.1111111111111111,0.9327731092436975,-16,-8.0,91.0,16,0,0.044835363988875256,0.12935012818834696,0.2047388690111815,0.03834698229062104,1.2061723712962389,0.25223479076018285
ds004444,sub-019,ses-01,C4_LOSO_SHRINKAGE,30,30,0.6,0.9375,0.16666666666666666,0.9367088607594937,-15,-7.5,70.5,15,0,0.027302312518727296,0.1005234991726628,0.2787345586336416,0.13698117200975576,0.6755661958363038,0.14088803629289556
ds004444,sub-019,ses-01,C4_LOSO_SHRINKAGE,60,60,0.75,0.9416666666666667,0.2222222222222222,0.940677966101695,-14,-7.0,70.5,14,0,0.025277412470863386,0.16755049120751092,0.29397077600809235,0.08060085967036641,0.3337052160637457,0.06876274572626659
ds004444,sub-019,ses-01,C4_LOSO_SHRINKAGE,90,90,0.8181818181818182,0.9541666666666667,0.3888888888888889,0.9527896995708155,-11,-5.5,64.0,11,0,0.05582717767026214,0.17220625932423075,0.30188440655430415,0.117434453613118,0.1812960520927596,0.16553855306372406
ds004444,sub-019,ses-01,C4_LOSO_SHRINKAGE,120,120,0.8571428571428571,0.9833333333333333,0.7777777777777778,0.9823008849557522,-4,-2.0,8.0,4,0,0.06433653957687269,0.14222807924920394,0.18391612574103575,0.10601695971232113,0.11326174706876371,0.2963007848863948
ds004444,sub-019,ses-01,C4_LOSO_SHRINKAGE,full,309,0.939209726443769,1.0,1.0,1.0,0,0.0,0.0,0,0,0.0,0.0,0.0,0.0,0.0,0.0
ds004444,sub-019,ses-16,C0_CURRENT_OVERLAP_EMPIRICAL,15,30,,0.9708333333333333,0.6111111111111112,0.9694323144104804,7,3.5,0.0,0,7,0.13797707595560446,0.03954351926808352,0.23019559369432974,0.32091476236000144,0.14017161207670545,0.296648167036343
ds004444,sub-019,ses-16,C0_CURRENT_OVERLAP_EMPIRICAL,30,60,,0.9541666666666667,0.42105263157894735,0.9525862068965517,5,2.5,1.0,3,8,0.20652102920063317,0.043416534686358,0.2746615562272105,0.08739118570868741,0.13743659045044168,0.10495466734058823
ds004444,sub-019,ses-16,C0_CURRENT_OVERLAP_EMPIRICAL,60,120,,0.9625,0.4375,0.9613733905579399,1,0.5,1.0,4,5,0.16090125850618744,0.11991439556884737,0.2925167954596422,0.07073780902205169,0.12794352766079262,0.24284677816096867
ds004444,sub-019,ses-16,C0_CURRENT_OVERLAP_EMPIRICAL,90,180,,0.9583333333333334,0.4117647058823529,0.9570815450643777,2,1.0,1.0,4,6,0.20129100605091627,0.15184565347106987,0.25457366225976563,0.09282603404542032,0.17212340343014151,0.32950554836407997
ds004444,sub-019,ses-16,C0_CURRENT_OVERLAP_EMPIRICAL,120,240,,0.9583333333333334,0.4444444444444444,0.9568965517241379,4,2.0,0.0,3,7,0.19029046834185007,0.1003875113818021,0.13583428500228664,0.07451753700453284,0.131722596537656,0.16452299336174334
ds004444,sub-019,ses-16,C0_CURRENT_OVERLAP_EMPIRICAL,full,630,,1.0,1.0,1.0,0,0.0,0.0,0,0,0.0,0.0,0.0,0.0,0.0,0.0
ds004444,sub-019,ses-16,C1_NONOVERLAP_EMPIRICAL,15,15,,0.9916666666666667,0.8333333333333334,0.991304347826087,-2,-1.0,13.5,2,0,0.10445701079639176,0.0369942003363364,0.1797785059553645,0.2852451753550456,0.13614597467729267,0.2746677725936264
ds004444,sub-019,ses-16,C1_NONOVERLAP_EMPIRICAL,30,30,,0.9375,0.4,0.9347826086956522,11,5.5,-13.5,2,13,0.3313788856771504,0.058633344692267254,0.30427229951483686,0.1103947472353641,0.1247135091074584,0.37163437818884015
ds004444,sub-019,ses-16,C1_NONOVERLAP_EMPIRICAL,60,60,,0.95,0.3684210526315789,0.9484978540772532,2,1.0,-5.0,5,7,0.2574515718701114,0.0958253950218688,0.30402429464135783,0.07615756928714446,0.13407297514947053,0.4074842363451964
ds004444,sub-019,ses-16,C1_NONOVERLAP_EMPIRICAL,90,90,,0.9458333333333333,0.3157894736842105,0.9444444444444444,1,0.5,21.0,6,7,0.26156270158701705,0.1275110361864746,0.2960149729177411,0.08975428363166825,0.183636067461995,0.3552219938371497
ds004444,sub-019,ses-16,C1_NONOVERLAP_EMPIRICAL,120,120,,0.9541666666666667,0.42105263157894735,0.9525862068965517,3,1.5,-6.0,4,7,0.2574515718701114,0.0705023078014993,0.17022614274759357,0.06738898481133275,0.1555563472868691,0.3683373259677744
ds004444,sub-019,ses-16,C1_NONOVERLAP_EMPIRICAL,full,315,,1.0,1.0,1.0,0,0.0,0.0,0,0,0.0,0.0,0.0,0.0,0.0,0.0
ds004444,sub-019,ses-16,C2_NONOVERLAP_HARRELL_DAVIS,15,15,,0.9791666666666666,0.5833333333333334,0.9785407725321889,-5,-2.5,24.0,5,0,0.2033595002049835,0.08129650061225376,0.11816786383001471,0.35893496459051993,0.7970377605271497,0.25334167840479566
ds004444,sub-019,ses-16,C2_NONOVERLAP_HARRELL_DAVIS,30,30,,0.9458333333333333,0.43478260869565216,0.9434782608695652,9,4.5,-13.5,2,11,0.3202295734569288,0.041629276557288625,0.2686400953448901,0.11304854283499981,0.1987885852793633,0.4120711785419348
ds004444,sub-019,ses-16,C2_NONOVERLAP_HARRELL_DAVIS,60,60,,0.9416666666666667,0.3333333333333333,0.9399141630901288,4,2.0,-5.0,5,9,0.2954979502077735,0.09427691934791683,0.28923895439360464,0.08079607049803333,0.06160098352112419,0.426537900952227
ds004444,sub-019,ses-16,C2_NONOVERLAP_HARRELL_DAVIS,90,90,,0.9458333333333333,0.35,0.944206008583691,3,1.5,-5.0,5,8,0.2841812134260893,0.12369299213543156,0.2723273904665261,0.09666850034128352,0.1650613608796931,0.4247161211657167
ds004444,sub-019,ses-16,C2_NONOVERLAP_HARRELL_DAVIS,120,120,,0.9583333333333334,0.4444444444444444,0.9568965517241379,2,1.0,-6.0,4,6,0.2622679715925498,0.07067904401748532,0.15774439809942342,0.07120896852737955,0.1325485573352198,0.33471144031639627
ds004444,sub-019,ses-16,C2_NONOVERLAP_HARRELL_DAVIS,full,315,,1.0,1.0,1.0,0,0.0,0.0,0,0,0.0,0.0,0.0,0.0,0.0,0.0
ds004444,sub-019,ses-16,C3_BLOCK_SUBSAMPLE_EMPIRICAL,30,15,,0.9041666666666667,0.20689655172413793,0.9017094017094017,15,7.5,-7.5,4,19,0.4921162459391522,0.09763767060063672,0.37146888676674894,0.17003800758410825,0.1376129957402735,0.19651787649941924
ds004444,sub-019,ses-16,C3_BLOCK_SUBSAMPLE_EMPIRICAL,60,30,,0.9583333333333334,0.3333333333333333,0.9574468085106383,0,0.0,-4.5,5,5,0.283280092371737,0.11849515934105852,0.3582299331950501,0.0616727616387944,0.11345785739377258,0.42330406914302765
ds004444,sub-019,ses-16,C3_BLOCK_SUBSAMPLE_EMPIRICAL,90,45,,0.9541666666666667,0.3125,0.9531914893617022,1,0.5,-4.5,5,6,0.28853668834086493,0.13303720598828409,0.27660093243398315,0.07694143834494394,0.16647163183890662,0.48102317157874225
ds004444,sub-019,ses-16,C3_BLOCK_SUBSAMPLE_EMPIRICAL,120,60,,0.9458333333333333,0.3157894736842105,0.9444444444444444,5,2.5,-7.5,4,9,0.3127670714898253,0.086508552722434,0.19176556482949,0.060451369933464984,0.1541861363564469,0.45563187917771425
ds004444,sub-019,ses-16,C3_BLOCK_SUBSAMPLE_EMPIRICAL,full,158,,1.0,1.0,1.0,0,0.0,0.0,0,0,0.0,0.0,0.0,0.0,0.0,0.0
ds004444,sub-019,ses-16,C4_LOSO_SHRINKAGE,15,15,0.42857142857142855,0.9708333333333333,0.4166666666666667,0.9702127659574468,-7,-3.5,48.5,7,0,0.08634001098557932,0.07714834327431712,0.02368028377849512,0.15875265806911404,0.5673130658640233,0.20946891116419214
ds004444,sub-019,ses-16,C4_LOSO_SHRINKAGE,30,30,0.6,0.9666666666666667,0.5,0.9655172413793104,0,0.0,-5.0,4,4,0.17006691830986911,0.07611615775573777,0.14626351026465537,0.09057754925782142,0.41113580349112466,0.011003814864402595
ds004444,sub-019,ses-16,C4_LOSO_SHRINKAGE,60,60,0.75,0.9625,0.4,0.9615384615384616,-3,-1.5,-5.0,6,3,0.17660622884057353,0.09513353370878348,0.2069418878413332,0.04309978845521408,0.0960255933679257,0.1940756529674478
ds004444,sub-019,ses-16,C4_LOSO_SHRINKAGE,90,90,0.8181818181818182,0.95,0.3333333333333333,0.9487179487179487,0,0.0,-6.0,6,6,0.20298958697729352,0.11967176737365894,0.2280775449380786,0.06428064905728854,0.018974980480602272,0.22271952755871816
ds004444,sub-019,ses-16,C4_LOSO_SHRINKAGE,120,120,0.8571428571428571,0.95,0.3684210526315789,0.9484978540772532,2,1.0,-6.0,5,7,0.21280582464574901,0.07080372078989818,0.13641277574730434,0.051494580021923544,0.042088829830921055,0.27402923327736384
ds004444,sub-019,ses-16,C4_LOSO_SHRINKAGE,full,315,0.9402985074626866,1.0,1.0,1.0,0,0.0,0.0,0,0,0.0,0.0,0.0,0.0,0.0,0.0
ds004444,sub-020,ses-01,C0_CURRENT_OVERLAP_EMPIRICAL,15,30,,0.8708333333333333,0.29545454545454547,0.8634361233480177,19,9.5,-7.0,6,25,0.2982575083758672,0.2949810004786812,0.13012864688361878,0.08260954735697067,0.4250957544191245,0.24499007792299227
ds004444,sub-020,ses-01,C0_CURRENT_OVERLAP_EMPIRICAL,30,60,,0.95,0.5555555555555556,0.9466666666666667,4,2.0,-6.5,4,8,0.08360681971752071,0.01773323563277316,0.15697320207390342,0.05114487221653119,0.27641348459500525,0.18530600467876693
ds004444,sub-020,ses-01,C0_CURRENT_OVERLAP_EMPIRICAL,60,120,,0.9458333333333333,0.5185185185185185,0.9424778761061947,3,1.5,-4.5,5,8,0.13964887185562674,0.0117855252350112,0.18184788348893385,0.0038357493688668354,0.039727217176469404,0.04585384802969251
ds004444,sub-020,ses-01,C0_CURRENT_OVERLAP_EMPIRICAL,90,180,,0.9458333333333333,0.5,0.9427312775330396,1,0.5,-4.5,6,7,0.08360681971752071,0.021772473003700218,0.1358083178311513,0.04955612995704406,0.1538025819098406,0.08330690495700692
ds004444,sub-020,ses-01,C0_CURRENT_OVERLAP_EMPIRICAL,120,240,,0.9375,0.4642857142857143,0.933920704845815,3,1.5,-4.5,6,9,0.15091479225537344,0.04032196742070522,0.1387069934595969,0.03816725801965016,0.1518703886697574,0.060476502099673125
ds004444,sub-020,ses-01,C0_CURRENT_OVERLAP_EMPIRICAL,full,614,,1.0,1.0,1.0,0,0.0,0.0,0,0,0.0,0.0,0.0,0.0,0.0,0.0
ds004444,sub-020,ses-01,C1_NONOVERLAP_EMPIRICAL,15,15,,0.825,0.23636363636363636,0.8149779735682819,30,15.0,-8.5,6,36,0.39758147594347065,0.5632672807202161,0.16367161705866773,0.22091737002136122,0.2725620710919288,0.6166750772275817
ds004444,sub-020,ses-01,C1_NONOVERLAP_EMPIRICAL,30,30,,0.8458333333333333,0.27450980392156865,0.8362831858407079,27,13.5,-8.0,5,32,0.3896387811348853,0.05585067063961505,0.17147682890092497,0.09470546040525663,0.2879502106049537,0.39177948190437933
ds004444,sub-020,ses-01,C1_NONOVERLAP_EMPIRICAL,60,60,,0.9208333333333333,0.42424242424242425,0.915929203539823,9,4.5,-7.0,5,14,0.23352711633715778,0.007237449859676938,0.15860684906796174,0.034754234438731046,0.0491246798125326,0.039698332915805705
ds004444,sub-020,ses-01,C1_NONOVERLAP_EMPIRICAL,90,90,,0.9291666666666667,0.43333333333333335,0.9251101321585903,5,2.5,-4.5,6,11,0.20508778494385232,0.054828473506558,0.14482338795114807,0.06973142590701152,0.18281534359091672,0.05771467142709424
ds004444,sub-020,ses-01,C1_NONOVERLAP_EMPIRICAL,120,120,,0.9166666666666666,0.375,0.9122807017543859,6,3.0,-1.5,7,13,0.2214933886872394,0.052628269442720026,0.11688850765172314,0.06512566094670058,0.18281534359091672,0.024966686985514935
ds004444,sub-020,ses-01,C1_NONOVERLAP_EMPIRICAL,full,307,,1.0,1.0,1.0,0,0.0,0.0,0,0,0.0,0.0,0.0,0.0,0.0,0.0
ds004444,sub-020,ses-01,C2_NONOVERLAP_HARRELL_DAVIS,15,15,,0.8375,0.2641509433962264,0.827433628318584,29,14.5,-7.0,5,34,0.3706057424345315,0.5736442539414176,0.13371096644291605,0.26828987906843516,0.3015961513064446,0.6674668379534121
ds004444,sub-020,ses-01,C2_NONOVERLAP_HARRELL_DAVIS,30,30,,0.8625,0.2978723404255319,0.8539823008849557,23,11.5,-7.0,5,28,0.33722298603831735,0.12156670092332061,0.14033511559538833,0.11609031618519666,0.3676235608861511,0.4328345930605862
ds004444,sub-020,ses-01,C2_NONOVERLAP_HARRELL_DAVIS,60,60,,0.9333333333333333,0.4838709677419355,0.9288888888888889,8,4.0,-7.0,4,12,0.2046851388033429,0.021739036068565552,0.13770828405896152,0.02319595994145985,0.15700988371340466,0.007417012749463865
ds004444,sub-020,ses-01,C2_NONOVERLAP_HARRELL_DAVIS,90,90,,0.9333333333333333,0.4482758620689655,0.9295154185022027,4,2.0,-4.5,6,10,0.17662611307759465,0.04512724695309628,0.13204932563141747,0.061957176932423585,0.09909764943374633,0.05264467348375012
ds004444,sub-020,ses-01,C2_NONOVERLAP_HARRELL_DAVIS,120,120,,0.9291666666666667,0.43333333333333335,0.9251101321585903,5,2.5,-1.5,6,11,0.2060450134983778,0.04665701417723586,0.10534072595908431,0.05962727800720246,0.13761617611740157,0.047086277509378126
ds004444,sub-020,ses-01,C2_NONOVERLAP_HARRELL_DAVIS,full,307,,1.0,1.0,1.0,0,0.0,0.0,0,0,0.0,0.0,0.0,0.0,0.0,0.0
ds004444,sub-020,ses-01,C3_BLOCK_SUBSAMPLE_EMPIRICAL,30,15,,0.8375,0.1875,0.8311688311688312,17,8.5,-6.0,11,28,0.45822267006806494,0.40573332717593996,0.13685824058627769,0.09614776021604719,0.23500213861634436,0.13362531103578115
ds004444,sub-020,ses-01,C3_BLOCK_SUBSAMPLE_EMPIRICAL,60,30,,0.925,0.4375,0.9203539823008849,6,3.0,-5.5,6,12,0.23197330128093116,0.04287905190333001,0.17304651497843965,0.014300431787291838,0.1050079957189522,0.20625927897782548
ds004444,sub-020,ses-01,C3_BLOCK_SUBSAMPLE_EMPIRICAL,90,45,,0.9625,0.64,0.9598214285714286,1,0.5,-8.5,4,5,0.12115606873890755,0.0323083586981344,0.15533131874766423,0.05732427451728186,0.1056012730716383,0.2695806337739687
ds004444,sub-020,ses-01,C3_BLOCK_SUBSAMPLE_EMPIRICAL,120,60,,0.9583333333333334,0.6,0.9555555555555556,0,0.0,-5.5,5,5,0.12054339955042645,0.04171859671711712,0.1657414251426217,0.053879478475704116,0.1374306593150275,0.10169679221871238
ds004444,sub-020,ses-01,C3_BLOCK_SUBSAMPLE_EMPIRICAL,full,154,,1.0,1.0,1.0,0,0.0,0.0,0,0,0.0,0.0,0.0,0.0,0.0,0.0
ds004444,sub-020,ses-01,C4_LOSO_SHRINKAGE,15,15,0.42857142857142855,0.8708333333333333,0.06060606060606061,0.8697478991596639,-1,-0.5,11.5,16,15,0.425844151506116,0.15461219982227942,0.3020162952970771,0.11422714838460479,0.720664690994507,0.11948393879595103
ds004444,sub-020,ses-01,C4_LOSO_SHRINKAGE,30,30,0.6,0.8583333333333333,0.17073170731707318,0.8540772532188842,12,6.0,-2.0,11,23,0.4070338067645607,0.09321746261147479,0.25841006009059625,0.06981846691471631,0.5667643937962386,0.016943706771727778
ds004444,sub-020,ses-01,C4_LOSO_SHRINKAGE,60,60,0.75,0.9208333333333333,0.3870967741935484,0.9166666666666666,7,3.5,-5.5,6,13,0.2730456279203844,0.027589066970529853,0.20732846219744464,0.033321309702510016,0.26078420130010477,0.17786018379609472
ds004444,sub-020,ses-01,C4_LOSO_SHRINKAGE,90,90,0.8181818181818182,0.9208333333333333,0.3870967741935484,0.9166666666666666,7,3.5,-2.0,6,13,0.23202861978007677,0.06647336063180444,0.17612809392825007,0.05224238273184351,0.006216540459965194,0.044250289052698046
ds004444,sub-020,ses-01,C4_LOSO_SHRINKAGE,120,120,0.8571428571428571,0.9083333333333333,0.3125,0.9043478260869565,6,3.0,-2.0,8,14,0.23562823569195374,0.05990223045169451,0.13976520799917658,0.052524038418666076,0.04714473089046792,0.04103662720343135
ds004444,sub-020,ses-01,C4_LOSO_SHRINKAGE,full,307,0.9388379204892966,1.0,1.0,1.0,0,0.0,0.0,0,0,0.0,0.0,0.0,0.0,0.0,0.0
ds004444,sub-020,ses-08,C0_CURRENT_OVERLAP_EMPIRICAL,15,30,,0.8875,0.15625,0.8851063829787233,-3,-1.5,-2.5,15,12,0.22618186614714741,0.09199379986449059,0.013765824396812726,0.09634309663992614,0.20821236945199578,6.033825880673555
ds004444,sub-020,ses-08,C0_CURRENT_OVERLAP_EMPIRICAL,30,60,,0.8791666666666667,0.12121212121212122,0.8771186440677966,-3,-1.5,4.0,16,13,0.28585529020669115,0.1217514859193707,0.18104608893134372,0.07364029739905764,0.40699249735516846,5.765770852640733
ds004444,sub-020,ses-08,C0_CURRENT_OVERLAP_EMPIRICAL,60,120,,0.8375,0.15217391304347827,0.8326180257510729,13,6.5,-12.0,13,26,0.29694425255345774,0.11630635200979149,0.15335311333205276,0.003929050935405051,0.2886076230990759,2.3294871927062704
ds004444,sub-020,ses-08,C0_CURRENT_OVERLAP_EMPIRICAL,90,180,,0.8541666666666666,0.14634146341463414,0.8504273504273504,7,3.5,-8.5,14,21,0.2790121587317618,0.12434842769663348,0.12171357118419923,0.03813431705744207,0.24302925539837658,2.3532562201901097
ds004444,sub-020,ses-08,C0_CURRENT_OVERLAP_EMPIRICAL,120,240,,0.8541666666666666,0.14634146341463414,0.8504273504273504,7,3.5,-9.5,14,21,0.28834162297691757,0.13191179630064356,0.1557827758716239,0.04060329555997139,0.24302925539837658,2.251496786556454
ds004444,sub-020,ses-08,C0_CURRENT_OVERLAP_EMPIRICAL,full,622,,1.0,1.0,1.0,0,0.0,0.0,0,0,0.0,0.0,0.0,0.0,0.0,0.0
ds004444,sub-020,ses-08,C1_NONOVERLAP_EMPIRICAL,15,15,,0.9083333333333333,0.18518518518518517,0.9063829787234042,-4,-2.0,-2.5,13,9,0.244923940625037,0.09433335842454958,0.17245894328781522,0.10988642495614755,0.3268781087966685,2.938472736490053
ds004444,sub-020,ses-08,C1_NONOVERLAP_EMPIRICAL,30,30,,0.8833333333333333,0.0967741935483871,0.8818565400843882,-2,-1.0,4.0,15,13,0.3511691376933026,0.1126327595080394,0.24266258216907377,0.09240725554879488,0.47807845197638776,2.8061112300227484
ds004444,sub-020,ses-08,C1_NONOVERLAP_EMPIRICAL,60,60,,0.8583333333333333,0.19047619047619047,0.853448275862069,14,7.0,-12.0,10,24,0.33404996878100607,0.10857435312783795,0.17516003074823716,0.0021188590556840284,0.28865562076597645,0.9644268077501317
ds004444,sub-020,ses-08,C1_NONOVERLAP_EMPIRICAL,90,90,,0.8583333333333333,0.17073170731707318,0.8540772532188842,12,6.0,-12.0,11,23,0.3326094683932671,0.1284024006859842,0.06804358493378147,0.04131454272113946,0.24308032823923337,0.8614538670385019
ds004444,sub-020,ses-08,C1_NONOVERLAP_EMPIRICAL,120,120,,0.8625,0.175,0.8583690987124464,11,5.5,-12.0,11,22,0.3048017519219587,0.1312238644085832,0.17516003074823716,0.04574414039222282,0.24308032823923337,0.8632697471757025
ds004444,sub-020,ses-08,C1_NONOVERLAP_EMPIRICAL,full,311,,1.0,1.0,1.0,0,0.0,0.0,0,0,0.0,0.0,0.0,0.0,0.0,0.0
ds004444,sub-020,ses-08,C2_NONOVERLAP_HARRELL_DAVIS,15,15,,0.9083333333333333,0.21428571428571427,0.905982905982906,-2,-1.0,4.0,12,10,0.20540334126854518,0.07873083797408317,0.08863236598549219,0.08999053277040774,0.2711536592103298,3.1497910549683215
ds004444,sub-020,ses-08,C2_NONOVERLAP_HARRELL_DAVIS,30,30,,0.8833333333333333,0.125,0.8813559322033898,0,0.0,4.0,14,14,0.3117629532537586,0.10612455473428326,0.23340501522423082,0.08105880370751838,0.42062575989375556,3.008135831726017
ds004444,sub-020,ses-08,C2_NONOVERLAP_HARRELL_DAVIS,60,60,,0.8625,0.23255813953488372,0.8565217391304348,17,8.5,-12.0,8,25,0.3087450318536332,0.09633708154066753,0.14174068717921304,0.0022890577281597093,0.2662842470797402,1.011931297463115
ds004444,sub-020,ses-08,C2_NONOVERLAP_HARRELL_DAVIS,90,90,,0.8625,0.1951219512195122,0.8577586206896551,13,6.5,-12.0,10,23,0.2944797021036183,0.12287150824073742,0.07624317567090198,0.03745143867409299,0.2950862927132385,0.923588806130393
ds004444,sub-020,ses-08,C2_NONOVERLAP_HARRELL_DAVIS,120,120,,0.8666666666666667,0.2,0.8620689655172413,12,6.0,-12.0,10,22,0.28676061735442315,0.12780590579756948,0.13531956135203957,0.04908222469351789,0.2890067895071606,0.9006112201288885
ds004444,sub-020,ses-08,C2_NONOVERLAP_HARRELL_DAVIS,full,311,,1.0,1.0,1.0,0,0.0,0.0,0,0,0.0,0.0,0.0,0.0,0.0,0.0
ds004444,sub-020,ses-08,C3_BLOCK_SUBSAMPLE_EMPIRICAL,30,15,,0.9291666666666667,0.15,0.9282700421940928,-9,-4.5,6.0,13,4,0.4503413536480842,0.1042220731446418,0.34011469165868063,0.09969378174373492,0.5294410518794946,0.917397062931571
ds004444,sub-020,ses-08,C3_BLOCK_SUBSAMPLE_EMPIRICAL,60,30,,0.8583333333333333,0.1282051282051282,0.8553191489361702,12,6.0,-3.5,11,23,0.421016750542137,0.07370246452553798,0.2054250898225452,0.05792191766853603,0.3191400795214767,0.15453207941617153
ds004444,sub-020,ses-08,C3_BLOCK_SUBSAMPLE_EMPIRICAL,90,45,,0.875,0.14285714285714285,0.8723404255319149,8,4.0,-9.0,11,19,0.3864288012931551,0.11791545998879052,0.009279845140448766,0.07303617534282315,0.2970151054131842,0.19321954087714963
ds004444,sub-020,ses-08,C3_BLOCK_SUBSAMPLE_EMPIRICAL,120,60,,0.8875,0.1,0.8860759493670886,1,0.5,1.0,13,14,0.33110965829224626,0.13018078196231264,0.20824595786858638,0.07429145751060123,0.27551790304633933,0.12218143245177997
ds004444,sub-020,ses-08,C3_BLOCK_SUBSAMPLE_EMPIRICAL,full,156,,1.0,1.0,1.0,0,0.0,0.0,0,0,0.0,0.0,0.0,0.0,0.0,0.0
ds004444,sub-020,ses-08,C4_LOSO_SHRINKAGE,15,15,0.42857142857142855,0.9166666666666666,0.0,0.9166666666666666,-16,-8.0,60.5,18,2,0.3857185612464584,0.12339244331788697,0.3684016613487503,3.758642226852494e-05,0.6150091071247324,1.0547649826721757
ds004444,sub-020,ses-08,C4_LOSO_SHRINKAGE,30,30,0.6,0.9041666666666667,0.041666666666666664,0.9037656903765691,-11,-5.5,-2.5,17,6,0.401889886425866,0.12310888215790176,0.3446251030795075,0.024040349756762256,0.23195454249633327,1.5717857156485795
ds004444,sub-020,ses-08,C4_LOSO_SHRINKAGE,60,60,0.75,0.8666666666666667,0.1794871794871795,0.8626609442060086,10,5.0,-12.0,11,21,0.3616310523978163,0.11285797047606606,0.24421092094645136,0.01578041491181763,0.07809121392183355,0.6547027157802863
ds004444,sub-020,ses-08,C4_LOSO_SHRINKAGE,90,90,0.8181818181818182,0.875,0.23076923076923078,0.8701298701298701,12,6.0,-12.0,9,21,0.3469363012816828,0.12569744619761525,0.12694732762808184,0.022498839641471792,0.004956267610734113,0.6677552231770709
ds004444,sub-020,ses-08,C4_LOSO_SHRINKAGE,120,120,0.8571428571428571,0.875,0.21052631578947367,0.8706896551724138,10,5.0,-12.0,10,20,0.3145601610040283,0.12689559822504984,0.2024148176804074,0.03144328778368976,0.07022870975249329,0.7222000941542845
ds004444,sub-020,ses-08,C4_LOSO_SHRINKAGE,full,311,0.9395770392749244,1.0,1.0,1.0,0,0.0,0.0,0,0,0.0,0.0,0.0,0.0,0.0,0.0
ds004444,sub-021,ses-01,C0_CURRENT_OVERLAP_EMPIRICAL,15,30,,0.95,0.5384615384615384,0.9469026548672567,6,3.0,-6.0,3,9,0.1055648807201799,0.06120941571656796,0.17293554874255487,0.21991202794688022,0.16625848587626577,2023.7376731083539
ds004444,sub-021,ses-01,C0_CURRENT_OVERLAP_EMPIRICAL,30,60,,0.95,0.5384615384615384,0.9469026548672567,6,3.0,-9.5,3,9,0.141483709981905,0.012397338360129385,0.21152690936516097,0.1502468382796796,0.01833218791790117,1895.4753963301025
ds004444,sub-021,ses-01,C0_CURRENT_OVERLAP_EMPIRICAL,60,120,,0.9375,0.4642857142857143,0.933920704845815,7,3.5,-6.5,4,11,0.168727968962931,0.04892594601417901,0.17321507021772392,0.11857990968697714,0.12063877938582693,1861.540193922544
ds004444,sub-021,ses-01,C0_CURRENT_OVERLAP_EMPIRICAL,90,180,,0.9458333333333333,0.5357142857142857,0.9422222222222222,9,4.5,-6.0,2,11,0.153547342845115,0.036768020568578946,0.15066738034416396,0.07689031482049025,0.014615377880748496,1905.4961840956921
ds004444,sub-021,ses-01,C0_CURRENT_OVERLAP_EMPIRICAL,120,240,,0.9583333333333334,0.6,0.9555555555555556,6,3.0,-6.0,2,8,0.11518793877115141,0.025255696132517554,0.08534998110732854,0.034757756908348765,0.009123941298088108,1952.8077684174611
ds004444,sub-021,ses-01,C0_CURRENT_OVERLAP_EMPIRICAL,full,640,,1.0,1.0,1.0,0,0.0,0.0,0,0,0.0,0.0,0.0,0.0,0.0,0.0
ds004444,sub-021,ses-01,C1_NONOVERLAP_EMPIRICAL,15,15,,0.95,0.4782608695652174,0.9475982532751092,0,0.0,-2.0,6,6,0.04248375505007278,0.237526595342103,0.15311670038424346,0.4119157304220152,0.09692559429984443,0.254933497327326
ds004444,sub-021,ses-01,C1_NONOVERLAP_EMPIRICAL,30,30,,0.9708333333333333,0.631578947368421,0.9692982456140351,-3,-1.5,-3.0,5,2,0.0546421728261796,0.0643512258775834,0.09846537631711147,0.1346252252005997,0.007685744021021983,0.2652422459752163
ds004444,sub-021,ses-01,C1_NONOVERLAP_EMPIRICAL,60,60,,0.9625,0.6086956521739131,0.9601769911504425,3,1.5,-3.0,3,6,0.10408271674456157,0.09142519065270661,0.20861296840393248,0.07214442285899342,0.1352690947699893,0.372940995328855
ds004444,sub-021,ses-01,C1_NONOVERLAP_EMPIRICAL,90,90,,0.9708333333333333,0.7083333333333334,0.968609865470852,7,3.5,-10.0,0,7,0.11042295308295369,0.014197217093600048,0.13715721323973698,0.042498662947783906,0.08129951247784299,0.4277842455360371
ds004444,sub-021,ses-01,C1_NONOVERLAP_EMPIRICAL,120,120,,0.9666666666666667,0.6666666666666666,0.9642857142857143,6,3.0,-6.5,1,7,0.11346485560989379,0.03154620303454949,0.05238321663294395,0.024524103141248085,0.004099063477878691,0.3721891992110158
ds004444,sub-021,ses-01,C1_NONOVERLAP_EMPIRICAL,full,320,,1.0,1.0,1.0,0,0.0,0.0,0,0,0.0,0.0,0.0,0.0,0.0,0.0
ds004444,sub-021,ses-01,C2_NONOVERLAP_HARRELL_DAVIS,15,15,,0.9541666666666667,0.45,0.9523809523809523,-5,-2.5,0.0,8,3,0.20369422523703973,0.24363869817604478,0.15067664850515886,0.473928739471585,0.21821102341236415,0.32999671301088446
ds004444,sub-021,ses-01,C2_NONOVERLAP_HARRELL_DAVIS,30,30,,0.9791666666666666,0.7368421052631579,0.9778761061946902,-1,-0.5,-4.0,3,2,0.02670399957845953,0.014994584695339794,0.12808273020257516,0.1416774171434098,0.06966325213926941,0.29393433031840405
ds004444,sub-021,ses-01,C2_NONOVERLAP_HARRELL_DAVIS,60,60,,0.9666666666666667,0.6521739130434783,0.9644444444444444,4,2.0,-3.0,2,6,0.11125769429882634,0.07832489376738737,0.15442689267750484,0.08586365537442155,0.10942234099982849,0.37443332683150016
ds004444,sub-021,ses-01,C2_NONOVERLAP_HARRELL_DAVIS,90,90,,0.9708333333333333,0.7083333333333334,0.968609865470852,7,3.5,-10.0,0,7,0.11587046392993401,0.006358067725341726,0.12005091827803532,0.06364089605228358,0.05807656483477907,0.39805199854998596
ds004444,sub-021,ses-01,C2_NONOVERLAP_HARRELL_DAVIS,120,120,,0.9666666666666667,0.6666666666666666,0.9642857142857143,6,3.0,-6.5,1,7,0.12414703335151266,0.03046079104910578,0.07165422351852484,0.0261348147642438,0.021652753812455478,0.3813391312980243
ds004444,sub-021,ses-01,C2_NONOVERLAP_HARRELL_DAVIS,full,320,,1.0,1.0,1.0,0,0.0,0.0,0,0,0.0,0.0,0.0,0.0,0.0,0.0
ds004444,sub-021,ses-01,C3_BLOCK_SUBSAMPLE_EMPIRICAL,30,15,,0.9791666666666666,0.7222222222222222,0.9779735682819384,-3,-1.5,-3.5,4,1,0.039051116901840065,0.17162081861804035,0.2035906232604684,0.18895418771900757,0.03220097030481855,0.32682980757379815
ds004444,sub-021,ses-01,C3_BLOCK_SUBSAMPLE_EMPIRICAL,60,30,,0.9791666666666666,0.7368421052631579,0.9778761061946902,-1,-0.5,-6.5,3,2,0.07781906844580178,0.008621709216841347,0.19187249095535888,0.14186275621948355,0.14548244162657387,0.3512466732886668
ds004444,sub-021,ses-01,C3_BLOCK_SUBSAMPLE_EMPIRICAL,90,45,,0.975,0.7391304347826086,0.9730941704035875,6,3.0,-6.5,0,6,0.06826853449703675,0.08179188251408429,0.09192215057972938,0.1445216386174779,0.08876065291518791,0.3530095395942766
ds004444,sub-021,ses-01,C3_BLOCK_SUBSAMPLE_EMPIRICAL,120,60,,0.9583333333333334,0.6296296296296297,0.9551569506726457,10,5.0,-10.0,0,10,0.1548219406626538,0.025405210045270778,0.07736804923193767,0.11672593360657314,0.0029423758784872522,0.3404525842773912
ds004444,sub-021,ses-01,C3_BLOCK_SUBSAMPLE_EMPIRICAL,full,160,,1.0,1.0,1.0,0,0.0,0.0,0,0,0.0,0.0,0.0,0.0,0.0,0.0
ds004444,sub-021,ses-01,C4_LOSO_SHRINKAGE,15,15,0.42857142857142855,0.9291666666666667,0.19047619047619047,0.9279661016949152,-9,-4.5,14.5,13,4,0.232166163206899,0.00036959400426130203,0.13392120839890767,0.1037427222709332,1.2805387641701376,0.3146100294794191
ds004444,sub-021,ses-01,C4_LOSO_SHRINKAGE,30,30,0.6,0.9416666666666667,0.4166666666666667,0.9391304347826087,0,0.0,0.0,7,7,0.175697066680584,0.10787197414714113,0.10465758206185741,0.032013204221886415,0.8246425098460304,0.11871236168559957
ds004444,sub-021,ses-01,C4_LOSO_SHRINKAGE,60,60,0.75,0.9458333333333333,0.5,0.9427312775330396,5,2.5,-4.0,4,9,0.15960442054466895,0.10793582501972127,0.1829589131285583,0.026860245407219957,0.5512573003841325,0.13339473371684324
ds004444,sub-021,ses-01,C4_LOSO_SHRINKAGE,90,90,0.8181818181818182,0.95,0.5555555555555556,0.9466666666666667,8,4.0,-4.0,2,10,0.14378999085323638,0.013049966498650856,0.1293578934159772,0.017241070177583837,0.35572482403637684,0.26425170099244666
ds004444,sub-021,ses-01,C4_LOSO_SHRINKAGE,120,120,0.8571428571428571,0.9541666666666667,0.56,0.9513274336283186,5,2.5,-3.5,3,8,0.13464058207569468,0.04430696765337439,0.05636217903922368,0.009019926354377768,0.20709902013339831,0.26436489899022325
ds004444,sub-021,ses-01,C4_LOSO_SHRINKAGE,full,320,0.9411764705882353,1.0,1.0,1.0,0,0.0,0.0,0,0,0.0,0.0,0.0,0.0,0.0,0.0
ds004444,sub-021,ses-16,C0_CURRENT_OVERLAP_EMPIRICAL,15,30,,0.8916666666666667,0.1875,0.8888888888888888,18,9.0,-15.0,4,22,0.29295794103022244,0.3099431792400862,0.19335522330779892,0.38698902740059926,0.24036864083383905,4.114200630705755
ds004444,sub-021,ses-16,C0_CURRENT_OVERLAP_EMPIRICAL,30,60,,0.9125,0.2222222222222222,0.9102564102564102,13,6.5,-13.0,4,17,0.26647055063807157,0.11566875313317526,0.21317034880771513,0.2275588835390801,0.019076969319130197,3.7249220341024025
ds004444,sub-021,ses-16,C0_CURRENT_OVERLAP_EMPIRICAL,60,120,,0.925,0.21739130434782608,0.9234042553191489,8,4.0,-13.0,5,13,0.280495503405593,0.029840969763503058,0.17616937353457351,0.06494667372864388,0.03544424470134553,3.696164491825802
ds004444,sub-021,ses-16,C0_CURRENT_OVERLAP_EMPIRICAL,90,180,,0.9416666666666667,0.3,0.9401709401709402,6,3.0,-7.0,4,10,0.14935400372917643,0.03537449727871096,0.13099376303046828,0.03637642322092811,0.03544424470134565,3.5497414890908576
ds004444,sub-021,ses-16,C0_CURRENT_OVERLAP_EMPIRICAL,120,240,,0.9416666666666667,0.2631578947368421,0.9404255319148936,4,2.0,-7.0,5,9,0.13561650933376473,0.052136717854241926,0.11619286986937201,0.019054157201617784,0.04880210872534953,3.513413353563067
ds004444,sub-021,ses-16,C0_CURRENT_OVERLAP_EMPIRICAL,full,618,,1.0,1.0,1.0,0,0.0,0.0,0,0,0.0,0.0,0.0,0.0,0.0,0.0
ds004444,sub-021,ses-16,C1_NONOVERLAP_EMPIRICAL,15,15,,0.8875,0.20588235294117646,0.8841201716738197,13,6.5,-1.0,7,20,0.28456177529301957,0.3151271598866193,0.2663503270603664,0.3589117237287516,0.2050948325735088,0.18518702305577647
ds004444,sub-021,ses-16,C1_NONOVERLAP_EMPIRICAL,30,30,,0.8875,0.20588235294117646,0.8841201716738197,13,6.5,-3.5,7,20,0.37078620583469457,0.047220668665736494,0.28983625342117436,0.23274352285224853,0.03250786089763625,0.2097686097608075
ds004444,sub-021,ses-16,C1_NONOVERLAP_EMPIRICAL,60,60,,0.9083333333333333,0.2413793103448276,0.9055793991416309,8,4.0,-3.5,7,15,0.35062415266267116,0.03802554774644078,0.22568744159507367,0.07115659573184553,0.03528569633421365,0.16479375397572096
ds004444,sub-021,ses-16,C1_NONOVERLAP_EMPIRICAL,90,90,,0.9541666666666667,0.47619047619047616,0.9521739130434783,3,1.5,-0.5,4,7,0.08595120886979969,0.04047325246833111,0.12090491914077914,0.03521079692817254,0.03528569633421365,0.1528779149175294
ds004444,sub-021,ses-16,C1_NONOVERLAP_EMPIRICAL,120,120,,0.9625,0.5714285714285714,0.9605263157894737,5,2.5,-0.5,2,7,0.10151503280472482,0.04346904356925534,0.09472151123489923,0.023308375710018186,0.04864575605039772,0.17041583853944642
ds004444,sub-021,ses-16,C1_NONOVERLAP_EMPIRICAL,full,309,,1.0,1.0,1.0,0,0.0,0.0,0,0,0.0,0.0,0.0,0.0,0.0,0.0
ds004444,sub-021,ses-16,C2_NONOVERLAP_HARRELL_DAVIS,15,15,,0.9291666666666667,0.39285714285714285,0.925764192139738,11,5.5,7.0,3,14,0.19877514379922834,0.3729606137640181,0.1813227706199365,0.4233332895866956,0.23443185667016408,0.26688656385461235
ds004444,sub-021,ses-16,C2_NONOVERLAP_HARRELL_DAVIS,30,30,,0.9083333333333333,0.2413793103448276,0.9055793991416309,8,4.0,1.0,7,15,0.2842427932775989,0.08848328589582405,0.2748476334135494,0.24376230190469253,0.10712638251837694,0.2449710186477704
ds004444,sub-021,ses-16,C2_NONOVERLAP_HARRELL_DAVIS,60,60,,0.9291666666666667,0.34615384615384615,0.9264069264069265,7,3.5,1.0,5,12,0.3120418183832238,0.030415281818350237,0.18200429055864203,0.08004466992245532,0.017791108809353903,0.1895279820636443
ds004444,sub-021,ses-16,C2_NONOVERLAP_HARRELL_DAVIS,90,90,,0.9625,0.5714285714285714,0.9605263157894737,5,2.5,-0.5,2,7,0.11738475904240518,0.040145869875605214,0.11408578155650445,0.04134765795213286,0.0322314344534184,0.14386055732909217
ds004444,sub-021,ses-16,C2_NONOVERLAP_HARRELL_DAVIS,120,120,,0.9666666666666667,0.6,0.9649122807017544,4,2.0,-0.5,2,6,0.11102182888837071,0.04288959125861084,0.07944842985510751,0.015027567265692446,0.038317028472870406,0.15024964365161614
ds004444,sub-021,ses-16,C2_NONOVERLAP_HARRELL_DAVIS,full,309,,1.0,1.0,1.0,0,0.0,0.0,0,0,0.0,0.0,0.0,0.0,0.0,0.0
ds004444,sub-021,ses-16,C3_BLOCK_SUBSAMPLE_EMPIRICAL,30,15,,0.8416666666666667,0.11627906976744186,0.8382978723404255,22,11.0,-7.0,8,30,0.4631701338130682,0.10168866987520138,0.40846206055040024,0.2676163249486541,0.034222571678266374,0.3017281685912026
ds004444,sub-021,ses-16,C3_BLOCK_SUBSAMPLE_EMPIRICAL,60,30,,0.8583333333333333,0.17073170731707318,0.8540772532188842,22,11.0,-3.5,6,28,0.4424927054279581,0.09207822272057573,0.2703128927687727,0.060690929743641486,0.01777579744837334,0.11431686181448451
ds004444,sub-021,ses-16,C3_BLOCK_SUBSAMPLE_EMPIRICAL,90,45,,0.9708333333333333,0.631578947368421,0.9692982456140351,5,2.5,-0.5,1,6,0.10491604995563565,0.04044616314863476,0.1066343400391691,0.033290754493037776,0.08513961880354766,0.14661266748576038
ds004444,sub-021,ses-16,C3_BLOCK_SUBSAMPLE_EMPIRICAL,120,60,,0.975,0.6666666666666666,0.9736842105263158,4,2.0,-0.5,1,5,0.06853515865204884,0.04115599838474672,0.01699836198433877,0.025427674996201827,0.024330620210304126,0.13182274381488998
ds004444,sub-021,ses-16,C3_BLOCK_SUBSAMPLE_EMPIRICAL,full,155,,1.0,1.0,1.0,0,0.0,0.0,0,0,0.0,0.0,0.0,0.0,0.0,0.0
ds004444,sub-021,ses-16,C4_LOSO_SHRINKAGE,15,15,0.42857142857142855,0.9208333333333333,0.2692307692307692,0.9184549356223176,-1,-0.5,7.5,10,9,0.31820365283189034,0.007835161643417379,0.24630117483910288,0.036121624563906524,1.3797167442989862,0.3167881147548379
ds004444,sub-021,ses-16,C4_LOSO_SHRINKAGE,30,30,0.6,0.9083333333333333,0.2413793103448276,0.9055793991416309,2,1.0,7.0,10,12,0.35609446411401324,0.05712242270896786,0.26321002797070203,0.061995976590167715,0.883684805118357,0.13381601520798278
ds004444,sub-021,ses-16,C4_LOSO_SHRINKAGE,60,60,0.75,0.925,0.3333333333333333,0.922077922077922,2,1.0,7.0,8,10,0.34070038477843817,0.07686773977337225,0.22020298656981682,0.009704466927921233,0.46137544068111774,0.01870952246756287
ds004444,sub-021,ses-16,C4_LOSO_SHRINKAGE,90,90,0.8181818181818182,0.9708333333333333,0.631578947368421,0.9692982456140351,-3,-1.5,0.0,5,2,0.11779100095916173,0.06426954661211488,0.13135919249336206,0.0008037891067989506,0.2850323133337398,0.03624797288588272
ds004444,sub-021,ses-16,C4_LOSO_SHRINKAGE,120,120,0.8571428571428571,0.9833333333333333,0.7894736842105263,0.9822222222222222,0,0.0,0.0,2,2,0.12010526540108715,0.05861276213949445,0.1034038539106614,0.0009952207069923436,0.17459305513551218,0.08875040266091791
ds004444,sub-021,ses-16,C4_LOSO_SHRINKAGE,full,309,0.939209726443769,1.0,1.0,1.0,0,0.0,0.0,0,0,0.0,0.0,0.0,0.0,0.0,0.0
ds004444,sub-022,ses-01,C0_CURRENT_OVERLAP_EMPIRICAL,15,30,,0.9333333333333333,0.15789473684210525,0.9324894514767933,-12,-6.0,29.0,14,2,0.2637558745989724,0.7767768009792928,3.7622666909773126,0.7894978337455955,0.47051714241413584,1229.5337421345428
ds004444,sub-022,ses-01,C0_CURRENT_OVERLAP_EMPIRICAL,30,60,,0.95,0.5384615384615384,0.9469026548672567,6,3.0,-0.5,3,9,0.01907498188611797,0.4128329510706668,2.2372095324948615,0.42891814469045997,0.12507646078039264,1236.7527068625864
ds004444,sub-022,ses-01,C0_CURRENT_OVERLAP_EMPIRICAL,60,120,,0.9666666666666667,0.6190476190476191,0.9647577092511013,0,0.0,6.0,4,4,0.012292677273574432,0.10369239092863689,0.9289993319127651,0.245444942615225,0.04787563687607797,1081.1928444637174
ds004444,sub-022,ses-01,C0_CURRENT_OVERLAP_EMPIRICAL,90,180,,0.95,0.5384615384615384,0.9469026548672567,6,3.0,-4.5,3,9,0.03768397914495376,0.06973924000411036,0.42693760000234043,0.14030687729792693,0.04787563687607797,1114.7412473601378
ds004444,sub-022,ses-01,C0_CURRENT_OVERLAP_EMPIRICAL,120,240,,0.9458333333333333,0.5357142857142857,0.9422222222222222,9,4.5,-4.5,2,11,0.019403327915040788,0.04702075502494745,0.23487715534045198,0.08668845211209372,0.03641647094244313,1142.8937987815814
ds004444,sub-022,ses-01,C0_CURRENT_OVERLAP_EMPIRICAL,full,636,,1.0,1.0,1.0,0,0.0,0.0,0,0,0.0,0.0,0.0,0.0,0.0,0.0
ds004444,sub-022,ses-01,C1_NONOVERLAP_EMPIRICAL,15,15,,0.9125,0.045454545454545456,0.9121338912133892,-21,-10.5,48.0,21,0,0.6310609077501774,0.6570292003650465,4.445455429788538,0.5895967879316323,0.5025993134314088,0.3067785903826268
ds004444,sub-022,ses-01,C1_NONOVERLAP_EMPIRICAL,30,30,,0.925,0.25,0.9230769230769231,-14,-7.0,10.5,16,2,0.29711776256380257,0.24420971632261634,2.2342704585509625,0.37118306514121663,0.19293805860279398,0.24878047528474273
ds004444,sub-022,ses-01,C1_NONOVERLAP_EMPIRICAL,60,60,,0.925,0.25,0.9230769230769231,-14,-7.0,10.5,16,2,0.1821240990513844,0.10472045457074958,1.6230027921003751,0.25373693225222965,0.09893033571464112,0.10512315193380609
ds004444,sub-022,ses-01,C1_NONOVERLAP_EMPIRICAL,90,90,,0.9541666666666667,0.5416666666666666,0.9515418502202643,-7,-3.5,10.5,9,2,0.03723369283232615,0.07023502687029155,1.1435315039483744,0.17674236843431884,0.09893033571464124,0.10082517717540225
ds004444,sub-022,ses-01,C1_NONOVERLAP_EMPIRICAL,120,120,,0.9791666666666666,0.7916666666666666,0.9773755656108597,-1,-0.5,0.0,3,2,0.04659245578753295,0.05242933673266557,0.36486522825513695,0.07960449213599556,0.09037814126961952,0.12192060076872657
ds004444,sub-022,ses-01,C1_NONOVERLAP_EMPIRICAL,full,318,,1.0,1.0,1.0,0,0.0,0.0,0,0,0.0,0.0,0.0,0.0,0.0,0.0
ds004444,sub-022,ses-01,C2_NONOVERLAP_HARRELL_DAVIS,15,15,,0.9125,0.045454545454545456,0.9121338912133892,-19,-9.5,48.0,20,1,0.7269858765530659,0.7151452823787219,5.121239035108153,0.7443444526411878,0.5475024464523174,0.4494638065069422
ds004444,sub-022,ses-01,C2_NONOVERLAP_HARRELL_DAVIS,30,30,,0.925,0.25,0.9230769230769231,-12,-6.0,10.5,15,3,0.28263418979000576,0.3511705871624612,2.994564210902665,0.4347130245029522,0.31335677022509845,0.25208684100210954
ds004444,sub-022,ses-01,C2_NONOVERLAP_HARRELL_DAVIS,60,60,,0.9333333333333333,0.30434782608695654,0.9313304721030042,-12,-6.0,10.5,14,2,0.17596914187700352,0.11949524457301218,1.621034788331319,0.2544328071257505,0.08805736727725232,0.14266824958739846
ds004444,sub-022,ses-01,C2_NONOVERLAP_HARRELL_DAVIS,90,90,,0.9666666666666667,0.6521739130434783,0.9644444444444444,-4,-2.0,10.5,6,2,0.010059853410590432,0.08948923487524332,1.141564792814007,0.17317962161564812,0.09782611693869729,0.1482518766894328
ds004444,sub-022,ses-01,C2_NONOVERLAP_HARRELL_DAVIS,120,120,,0.9791666666666666,0.7916666666666666,0.9773755656108597,1,0.5,0.0,2,3,0.03036236703886557,0.05327580604578798,0.43683701225944094,0.09083903284031353,0.059895566514267175,0.13451385472301952
ds004444,sub-022,ses-01,C2_NONOVERLAP_HARRELL_DAVIS,full,318,,1.0,1.0,1.0,0,0.0,0.0,0,0,0.0,0.0,0.0,0.0,0.0,0.0
ds004444,sub-022,ses-01,C3_BLOCK_SUBSAMPLE_EMPIRICAL,30,15,,0.9333333333333333,0.2727272727272727,0.9316239316239316,-12,-6.0,10.5,14,2,0.13335536896108321,0.21939247624452862,4.92893943598186,0.3203252313108662,0.3687980066798592,0.024233672014684467
ds004444,sub-022,ses-01,C3_BLOCK_SUBSAMPLE_EMPIRICAL,60,30,,0.9416666666666667,0.391304347826087,0.9393939393939394,-8,-4.0,10.5,11,3,0.042825086582490304,0.07047787250214838,2.454494481435868,0.22977145406235389,0.19739875302164211,0.08355611814608997
ds004444,sub-022,ses-01,C3_BLOCK_SUBSAMPLE_EMPIRICAL,90,45,,0.9458333333333333,0.5357142857142857,0.9422222222222222,3,1.5,1.5,5,8,0.06424232858570605,0.06023249433571378,1.441543647622731,0.06643019249576529,0.20616257123929668,0.09621219472461867
ds004444,sub-022,ses-01,C3_BLOCK_SUBSAMPLE_EMPIRICAL,120,60,,0.9541666666666667,0.6071428571428571,0.9506726457399103,5,2.5,0.0,3,8,0.10169631831802999,0.03132659625784681,0.2770420712090318,0.04368236871096691,0.19739875302164211,0.11331284071776458
ds004444,sub-022,ses-01,C3_BLOCK_SUBSAMPLE_EMPIRICAL,full,159,,1.0,1.0,1.0,0,0.0,0.0,0,0,0.0,0.0,0.0,0.0,0.0,0.0
ds004444,sub-022,ses-01,C4_LOSO_SHRINKAGE,15,15,0.42857142857142855,0.9083333333333333,0.0,0.9083333333333333,-22,-11.0,101.0,22,0,0.1187993362555401,0.3922056363934036,2.173366102683095,0.3580314734828099,0.8490501282835348,0.29082931512158683
ds004444,sub-022,ses-01,C4_LOSO_SHRINKAGE,30,30,0.6,0.9208333333333333,0.17391304347826086,0.9194915254237288,-17,-8.5,26.5,18,1,0.07733700716207267,0.22066679457199376,1.5160915788642604,0.29211795826139864,0.5394280900985311,0.12865073712043112
ds004444,sub-022,ses-01,C4_LOSO_SHRINKAGE,60,60,0.75,0.925,0.25,0.9230769230769231,-14,-7.0,10.5,16,2,0.08074583309612617,0.12009777001504872,1.29699495141131,0.22834163625021592,0.31070188844081326,0.07699774721984713
ds004444,sub-022,ses-01,C4_LOSO_SHRINKAGE,90,90,0.8181818181818182,0.9333333333333333,0.36,0.9307359307359307,-10,-5.0,10.5,13,3,0.006466038962526462,0.08408195884442074,0.9807799483751877,0.16877574376094936,0.23044943943748117,0.016089870653484432
ds004444,sub-022,ses-01,C4_LOSO_SHRINKAGE,120,120,0.8571428571428571,0.9708333333333333,0.6956521739130435,0.96875,-5,-2.5,0.0,6,1,0.015084219311426889,0.06302531759492867,0.35649227287549967,0.08510475913408967,0.1778106799704966,0.03962530511521218
ds004444,sub-022,ses-01,C4_LOSO_SHRINKAGE,full,318,0.9408284023668639,1.0,1.0,1.0,0,0.0,0.0,0,0,0.0,0.0,0.0,0.0,0.0,0.0
ds004444,sub-022,ses-16,C0_CURRENT_OVERLAP_EMPIRICAL,15,30,,0.9916666666666667,0.6,0.9915611814345991,0,0.0,0.0,1,1,0.1164465246293793,0.08484859437207155,0.3599330079264824,0.011535407316,0.04991172099832003,247934.477527792
ds004444,sub-022,ses-16,C0_CURRENT_OVERLAP_EMPIRICAL,30,60,,0.9875,0.5,0.9873417721518988,1,0.5,0.0,1,2,0.14379493219934503,0.056144904791500846,0.28540708077501564,0.003623639856239022,0.046822196005191254,266325.40772210713
ds004444,sub-022,ses-16,C0_CURRENT_OVERLAP_EMPIRICAL,60,120,,0.9916666666666667,0.6666666666666666,0.9915254237288136,2,1.0,0.0,0,2,0.09158423213955716,0.014528230871186841,0.015438848821928936,0.010229450074991058,0.001627828519062556,239228.95715799212
ds004444,sub-022,ses-16,C0_CURRENT_OVERLAP_EMPIRICAL,90,180,,1.0,1.0,1.0,0,0.0,0.0,0,0,0.04176130646553663,0.012625901093606777,0.029800797129541118,0.017579121719641596,0.01690932143970952,242749.97931638773
ds004444,sub-022,ses-16,C0_CURRENT_OVERLAP_EMPIRICAL,120,240,,0.9916666666666667,0.6666666666666666,0.9915254237288136,2,1.0,0.0,0,2,0.09244131084254363,0.0039722014625943654,0.0670541356929822,0.016312082403127915,0.023757557728509553,246056.42141424352
ds004444,sub-022,ses-16,C0_CURRENT_OVERLAP_EMPIRICAL,full,614,,1.0,1.0,1.0,0,0.0,0.0,0,0,0.0,0.0,0.0,0.0,0.0,0.0
ds004444,sub-022,ses-16,C1_NONOVERLAP_EMPIRICAL,15,15,,0.9916666666666667,0.3333333333333333,0.9916317991631799,-2,-1.0,35.5,2,0,0.0698738751402795,0.09933970279097788,0.22813861530233231,0.021918787813900376,0.058316896013981274,0.3493606525330539
ds004444,sub-022,ses-16,C1_NONOVERLAP_EMPIRICAL,30,30,,0.9916666666666667,0.3333333333333333,0.9916317991631799,-2,-1.0,35.5,2,0,0.025187818645463628,0.0853465235938046,0.264516710784969,0.02769995444956984,0.04756436227505253,0.41661197767372204
ds004444,sub-022,ses-16,C1_NONOVERLAP_EMPIRICAL,60,60,,0.9958333333333333,0.6666666666666666,0.9957983193277311,-1,-0.5,0.0,1,0,0.13980620460073204,0.01351255066882738,0.013270380019268557,0.020309773659144385,0.006151055171913674,0.2190480359128002
ds004444,sub-022,ses-16,C1_NONOVERLAP_EMPIRICAL,90,90,,0.9916666666666667,0.3333333333333333,0.9916317991631799,-2,-1.0,35.5,2,0,0.05954916287579181,0.008384220493988308,0.1344438208653555,0.025436573822825947,0.012302110343825608,0.3308477896242907
ds004444,sub-022,ses-16,C1_NONOVERLAP_EMPIRICAL,120,120,,0.9958333333333333,0.6666666666666666,0.9957983193277311,-1,-0.5,0.0,1,0,0.010362836606505355,0.00024033409089147168,0.2277764995958652,0.021442535791180314,0.026654572411624083,0.27061570005303437
ds004444,sub-022,ses-16,C1_NONOVERLAP_EMPIRICAL,full,307,,1.0,1.0,1.0,0,0.0,0.0,0,0,0.0,0.0,0.0,0.0,0.0,0.0
ds004444,sub-022,ses-16,C2_NONOVERLAP_HARRELL_DAVIS,15,15,,0.9958333333333333,0.5,0.99581589958159,-1,-0.5,35.5,1,0,0.059460914143002405,0.08172721989621717,0.07595049044252133,0.011485739790329925,0.15209940085663068,0.3966196308888283
ds004444,sub-022,ses-16,C2_NONOVERLAP_HARRELL_DAVIS,30,30,,1.0,1.0,1.0,0,0.0,0.0,0,0,0.01900103733779187,0.07052916351093445,0.19832295218104545,0.021125902743034015,0.017592203881845,0.41878956136676226
ds004444,sub-022,ses-16,C2_NONOVERLAP_HARRELL_DAVIS,60,60,,1.0,1.0,1.0,0,0.0,0.0,0,0,0.08695511560272717,0.019992288804489788,0.08455259011046506,0.02110165515613707,0.03696553847303431,0.2838360884341598
ds004444,sub-022,ses-16,C2_NONOVERLAP_HARRELL_DAVIS,90,90,,0.9958333333333333,0.5,0.99581589958159,-1,-0.5,35.5,1,0,0.054006885507703134,0.0024329908870663864,0.07823284185874314,0.025148006686228342,0.026119859777199262,0.34556041147270067
ds004444,sub-022,ses-16,C2_NONOVERLAP_HARRELL_DAVIS,120,120,,0.9958333333333333,0.5,0.99581589958159,-1,-0.5,35.5,1,0,0.008562074563300558,0.0027456950735686592,0.21685214601270222,0.021814269466711424,0.02208348658263204,0.301810359425594
ds004444,sub-022,ses-16,C2_NONOVERLAP_HARRELL_DAVIS,full,307,,1.0,1.0,1.0,0,0.0,0.0,0,0,0.0,0.0,0.0,0.0,0.0,0.0
ds004444,sub-022,ses-16,C3_BLOCK_SUBSAMPLE_EMPIRICAL,30,15,,0.9958333333333333,0.5,0.99581589958159,-1,-0.5,35.5,1,0,0.13032752963285688,0.05619651224725648,0.1143767221761092,0.01572203146053444,0.1821900971525573,0.3808011649023894
ds004444,sub-022,ses-16,C3_BLOCK_SUBSAMPLE_EMPIRICAL,60,30,,0.975,0.14285714285714285,0.9748953974895398,4,2.0,0.0,1,5,0.20236158612956504,0.02939891623590683,0.15617914977019742,0.025558667485139134,0.11931129422899982,0.3408533173518287
ds004444,sub-022,ses-16,C3_BLOCK_SUBSAMPLE_EMPIRICAL,90,45,,0.9833333333333333,0.2,0.9832635983263598,2,1.0,-6.5,1,3,0.08344428161168332,0.028839422620715385,0.19800681623311803,0.032796909460150465,0.02348647524209207,0.40420049050784096
ds004444,sub-022,ses-16,C3_BLOCK_SUBSAMPLE_EMPIRICAL,120,60,,0.9875,0.25,0.9874476987447699,1,0.5,0.0,1,2,0.07223608335213942,0.007587971835226863,0.25918569563244515,0.022735544178978117,0.009394590096503614,0.34859917313125527
ds004444,sub-022,ses-16,C3_BLOCK_SUBSAMPLE_EMPIRICAL,full,154,,1.0,1.0,1.0,0,0.0,0.0,0,0,0.0,0.0,0.0,0.0,0.0,0.0
ds004444,sub-022,ses-16,C4_LOSO_SHRINKAGE,15,15,0.42857142857142855,0.9833333333333333,0.0,0.9833333333333333,-4,-2.0,78.0,4,0,0.06736496115427897,0.15367692083900786,0.16448648534912272,0.1492914509605278,0.7183057211616956,0.24968896117622777
ds004444,sub-022,ses-16,C4_LOSO_SHRINKAGE,30,30,0.6,0.9833333333333333,0.2,0.9832635983263598,-2,-1.0,6.0,3,1,0.049561619165100004,0.07964767903249156,0.018355495401596696,0.08895078384547826,0.46610305716826167,0.007921791411245768
ds004444,sub-022,ses-16,C4_LOSO_SHRINKAGE,60,60,0.75,0.9833333333333333,0.2,0.9832635983263598,-2,-1.0,29.5,3,1,0.0699398180825731,0.08215650653275688,0.10557574199553692,0.043716779282516514,0.27005268499137225,0.021779412963242872
ds004444,sub-022,ses-16,C4_LOSO_SHRINKAGE,90,90,0.8181818181818182,0.9875,0.4,0.9873949579831933,-1,-0.5,-0.5,2,1,0.026199644259778204,0.05286861415643171,0.0452867566695564,0.017063696984580153,0.18440452814224415,0.18771954589211967
ds004444,sub-022,ses-16,C4_LOSO_SHRINKAGE,120,120,0.8571428571428571,0.9958333333333333,0.8,0.9957627118644068,1,0.5,-6.5,0,1,0.0066494573903829604,0.031461988896209374,0.1476685697728054,0.007347238000327281,0.0978313700824079,0.17814813860575382
ds004444,sub-022,ses-16,C4_LOSO_SHRINKAGE,full,307,0.9388379204892966,1.0,1.0,1.0,0,0.0,0.0,0,0,0.0,0.0,0.0,0.0,0.0,0.0
ds004444,sub-023,ses-01,C0_CURRENT_OVERLAP_EMPIRICAL,15,30,,0.975,0.3333333333333333,0.9746835443037974,4,2.0,-28.5,1,5,0.16910436874205415,0.02481671776296796,0.1583177967507071,0.038567467997952784,0.0860984060344897,0.4948273771974299
ds004444,sub-023,ses-01,C0_CURRENT_OVERLAP_EMPIRICAL,30,60,,0.975,0.25,0.9747899159663865,2,1.0,-0.5,2,4,0.13168539309077562,0.08310331646780346,0.49866440179940374,0.03463764871131065,0.10909691626053658,0.4434028128509527
ds004444,sub-023,ses-01,C0_CURRENT_OVERLAP_EMPIRICAL,60,120,,0.9791666666666666,0.375,0.9789029535864979,3,1.5,-0.5,1,4,0.1100566180819843,0.007837171918897158,0.4856981132508579,0.011011656768837216,0.10909691626053658,0.05296322694657336
ds004444,sub-023,ses-01,C0_CURRENT_OVERLAP_EMPIRICAL,90,180,,0.9875,0.4,0.9873949579831933,-1,-0.5,24.5,2,1,0.03806330616261861,0.036066090101016975,0.49264644860516726,0.03939589931236165,0.2387610919369233,0.015001802161369492
ds004444,sub-023,ses-01,C0_CURRENT_OVERLAP_EMPIRICAL,120,240,,0.9875,0.4,0.9873949579831933,-1,-0.5,24.5,2,1,0.04444260519264843,0.04076919155242121,0.3371639973885239,0.0392985686006954,0.20728414089502004,0.054564062603763716
ds004444,sub-023,ses-01,C0_CURRENT_OVERLAP_EMPIRICAL,full,638,,1.0,1.0,1.0,0,0.0,0.0,0,0,0.0,0.0,0.0,0.0,0.0,0.0
ds004444,sub-023,ses-01,C1_NONOVERLAP_EMPIRICAL,15,15,,0.9875,0.5714285714285714,0.9872881355932204,1,0.5,-0.5,1,2,0.08748355990475098,0.018803265019503745,0.07225800553192749,0.0240853862645717,0.09097025633723006,0.47315530335394096
ds004444,sub-023,ses-01,C1_NONOVERLAP_EMPIRICAL,30,30,,0.9875,0.5714285714285714,0.9872881355932204,1,0.5,0.0,1,2,0.08528465910670692,0.08812141235534166,0.5946693854512808,0.011987623274288026,0.1980113241563794,0.6596031252197008
ds004444,sub-023,ses-01,C1_NONOVERLAP_EMPIRICAL,60,60,,0.9875,0.5714285714285714,0.9872881355932204,1,0.5,0.0,1,2,0.05291962960392064,0.007335182611709234,0.5631600120063199,0.005335939531233568,0.1980113241563794,0.06144544345118496
ds004444,sub-023,ses-01,C1_NONOVERLAP_EMPIRICAL,90,90,,0.9916666666666667,0.6,0.9915611814345991,-2,-1.0,24.5,2,0,0.02062998519760336,0.08812141235534166,0.5297659665843836,0.03866561255425736,0.2351197806227862,0.016465900630429
ds004444,sub-023,ses-01,C1_NONOVERLAP_EMPIRICAL,120,120,,0.9791666666666666,0.375,0.9789029535864979,1,0.5,-0.5,2,3,0.07156036630029844,0.08949754261537583,0.5105067002733654,0.040065608768722887,0.203492262686903,0.030163707672628194
ds004444,sub-023,ses-01,C1_NONOVERLAP_EMPIRICAL,full,319,,1.0,1.0,1.0,0,0.0,0.0,0,0,0.0,0.0,0.0,0.0,0.0,0.0
ds004444,sub-023,ses-01,C2_NONOVERLAP_HARRELL_DAVIS,15,15,,0.9875,0.5714285714285714,0.9872881355932204,1,0.5,-0.5,1,2,0.08122688874215027,0.0008327325488779266,0.057890093968839144,0.023480873846362108,0.021399207656658162,0.48955927466846305
ds004444,sub-023,ses-01,C2_NONOVERLAP_HARRELL_DAVIS,30,30,,0.9833333333333333,0.5,0.9830508474576272,2,1.0,-0.5,1,3,0.07130905837129838,0.06620512428766058,0.5163984022492789,0.006547034726071028,0.13226822776772937,0.6160220141349007
ds004444,sub-023,ses-01,C2_NONOVERLAP_HARRELL_DAVIS,60,60,,0.9916666666666667,0.6666666666666666,0.9915254237288136,0,0.0,0.0,1,1,0.02252204981924649,0.015812621314210195,0.4893077369436608,0.0009168895386407937,0.13499173843060813,0.06580784860082205
ds004444,sub-023,ses-01,C2_NONOVERLAP_HARRELL_DAVIS,90,90,,0.9916666666666667,0.6,0.9915611814345991,-2,-1.0,24.5,2,0,0.013593907194516927,0.058642924061235925,0.49281033939929664,0.03955759138408463,0.21202504536007824,0.0034514034535455106
ds004444,sub-023,ses-01,C2_NONOVERLAP_HARRELL_DAVIS,120,120,,0.9875,0.5,0.9873417721518988,-1,-0.5,24.5,2,1,0.033383535791272866,0.07459484528708067,0.4479756471748921,0.04433291307425751,0.15549989446773504,0.04007711209488773
ds004444,sub-023,ses-01,C2_NONOVERLAP_HARRELL_DAVIS,full,319,,1.0,1.0,1.0,0,0.0,0.0,0,0,0.0,0.0,0.0,0.0,0.0,0.0
ds004444,sub-023,ses-01,C3_BLOCK_SUBSAMPLE_EMPIRICAL,30,15,,0.9458333333333333,0.23529411764705882,0.9449152542372882,7,3.5,-20.5,3,10,0.23157581347674186,0.022123653621797922,0.4476569652316992,0.04180449234043456,0.13369549981165987,0.5517664540562214
ds004444,sub-023,ses-01,C3_BLOCK_SUBSAMPLE_EMPIRICAL,60,30,,0.9541666666666667,0.3125,0.9531914893617022,7,3.5,-20.5,2,9,0.16307029249813562,0.001378332818853986,0.40197384599357294,0.009721613654806154,0.07675173496951485,0.0790782032597883
ds004444,sub-023,ses-01,C3_BLOCK_SUBSAMPLE_EMPIRICAL,90,45,,0.9791666666666666,0.375,0.9789029535864979,-3,-1.5,32.5,4,1,0.03843086044447619,0.007919861790892482,0.3430722211914453,0.024367846319792455,0.18050688617856392,0.06303637539403316
ds004444,sub-023,ses-01,C3_BLOCK_SUBSAMPLE_EMPIRICAL,120,60,,0.9791666666666666,0.375,0.9789029535864979,-3,-1.5,32.5,4,1,0.043641358862813034,0.05100106044739492,0.33772668570786846,0.039294484399829493,0.07675173496951485,0.05369306662482231
ds004444,sub-023,ses-01,C3_BLOCK_SUBSAMPLE_EMPIRICAL,full,160,,1.0,1.0,1.0,0,0.0,0.0,0,0,0.0,0.0,0.0,0.0,0.0,0.0
ds004444,sub-023,ses-01,C4_LOSO_SHRINKAGE,15,15,0.42857142857142855,0.9666666666666667,0.1111111111111111,0.9665271966527197,0,0.0,-17.0,4,4,0.1765976044242488,0.05821434225257834,0.2534963519020393,0.06716404913988928,0.7220346171363572,0.2041932222645638
ds004444,sub-023,ses-01,C4_LOSO_SHRINKAGE,30,30,0.6,0.975,0.4,0.9745762711864406,4,2.0,-28.5,1,5,0.1441575778854507,0.008408687190426973,0.5134683642555906,0.0443744207323872,0.395723239212163,0.1374496650771033
ds004444,sub-023,ses-01,C4_LOSO_SHRINKAGE,60,60,0.75,0.9916666666666667,0.6666666666666666,0.9915254237288136,0,0.0,0.0,1,1,0.09194943784859937,0.019220107413648272,0.5158030237755258,0.024881569092867914,0.14683989254583735,0.2036160939153698
ds004444,sub-023,ses-01,C4_LOSO_SHRINKAGE,90,90,0.8181818181818182,0.9833333333333333,0.5,0.9830508474576272,2,1.0,-0.5,1,3,0.05034596090225913,0.05567996116931533,0.4976571653545511,0.012803493524094297,0.005997946983127598,0.08575810346636151
ds004444,sub-023,ses-01,C4_LOSO_SHRINKAGE,120,120,0.8571428571428571,0.9791666666666666,0.375,0.9789029535864979,1,0.5,-0.5,2,3,0.08498238970555017,0.06529180864740372,0.48503582746920765,0.021370252988268057,0.03522209009393751,0.04109893202918178
ds004444,sub-023,ses-01,C4_LOSO_SHRINKAGE,full,319,0.9410029498525073,1.0,1.0,1.0,0,0.0,0.0,0,0,0.0,0.0,0.0,0.0,0.0,0.0
ds004444,sub-023,ses-16,C0_CURRENT_OVERLAP_EMPIRICAL,15,30,,0.9416666666666667,0.125,0.9411764705882353,6,3.0,-26.0,4,10,0.47693691805311905,0.11177147506519694,0.7675362439920713,0.05921257219390902,0.27100991365382676,1.4165467362894677
ds004444,sub-023,ses-16,C0_CURRENT_OVERLAP_EMPIRICAL,30,60,,0.9791666666666666,0.2857142857142857,0.9789915966386554,-3,-1.5,0.0,4,1,0.20401501793208787,0.12071472174452366,0.6517399711092918,0.07292737566463343,0.22121921483946363,1.5314850579995651
ds004444,sub-023,ses-16,C0_CURRENT_OVERLAP_EMPIRICAL,60,120,,0.975,0.3333333333333333,0.9746835443037974,0,0.0,-11.5,3,3,0.2046710096439357,0.10462264089288217,0.5655654895216455,0.05497756346484602,0.18968625068805745,0.6773826883608763
ds004444,sub-023,ses-16,C0_CURRENT_OVERLAP_EMPIRICAL,90,180,,0.975,0.3333333333333333,0.9746835443037974,0,0.0,-1.0,3,3,0.16663906489480484,0.0814890711842296,0.47170160717947135,0.04155874928368269,0.16212500058808338,0.8624333193929615
ds004444,sub-023,ses-16,C0_CURRENT_OVERLAP_EMPIRICAL,120,240,,0.975,0.3333333333333333,0.9746835443037974,0,0.0,-1.0,3,3,0.17850931363101574,0.06261434011628941,0.4057979944997989,0.038689887213049355,0.15726125057044082,0.933428894010476
ds004444,sub-023,ses-16,C0_CURRENT_OVERLAP_EMPIRICAL,full,610,,1.0,1.0,1.0,0,0.0,0.0,0,0,0.0,0.0,0.0,0.0,0.0,0.0
ds004444,sub-023,ses-16,C1_NONOVERLAP_EMPIRICAL,15,15,,0.9583333333333334,0.16666666666666666,0.957983193277311,4,2.0,-26.0,3,7,0.5295918831931191,0.12228806776034719,0.8412391158419504,0.07418013292086072,0.35899037639888226,1.3383153076759875
ds004444,sub-023,ses-16,C1_NONOVERLAP_EMPIRICAL,30,30,,0.975,0.25,0.9747899159663865,0,0.0,-6.0,3,3,0.31262453717224337,0.1288543170720642,0.7998320918462068,0.07680181177222736,0.21485463016212888,1.1653538721127095
ds004444,sub-023,ses-16,C1_NONOVERLAP_EMPIRICAL,60,60,,0.9791666666666666,0.2857142857142857,0.9789915966386554,-1,-0.5,-6.0,3,2,0.318171943496649,0.0925367051492166,0.7205001129784009,0.063838533296594,0.1819742964674898,0.36068034576746055
ds004444,sub-023,ses-16,C1_NONOVERLAP_EMPIRICAL,90,90,,0.9791666666666666,0.375,0.9789029535864979,1,0.5,-1.0,2,3,0.22743666906741353,0.06592918040243205,0.6883565738510139,0.04256834130537788,0.15527746854261848,0.5572168539111186
ds004444,sub-023,ses-16,C1_NONOVERLAP_EMPIRICAL,120,120,,0.9791666666666666,0.375,0.9789029535864979,1,0.5,-1.0,2,3,0.1830742468471058,0.06251697945696744,0.6204573960655217,0.03998807431321522,0.15527746854261848,0.7278682968628516
ds004444,sub-023,ses-16,C1_NONOVERLAP_EMPIRICAL,full,305,,1.0,1.0,1.0,0,0.0,0.0,0,0,0.0,0.0,0.0,0.0,0.0,0.0
ds004444,sub-023,ses-16,C2_NONOVERLAP_HARRELL_DAVIS,15,15,,0.9333333333333333,0.1111111111111111,0.9327731092436975,10,5.0,-33.0,3,13,0.4591427725473063,0.10666767529761605,0.762598732417335,0.051357035823161146,0.2431280636984658,1.4583088615132713
ds004444,sub-023,ses-16,C2_NONOVERLAP_HARRELL_DAVIS,30,30,,0.9833333333333333,0.3333333333333333,0.9831932773109243,-2,-1.0,0.0,3,1,0.2435965340810314,0.12946721002398853,0.7221462545351808,0.0706119618163277,0.2144866469123142,1.3637055037998882
ds004444,sub-023,ses-16,C2_NONOVERLAP_HARRELL_DAVIS,60,60,,0.9791666666666666,0.375,0.9789029535864979,1,0.5,-6.0,2,3,0.27934467880695046,0.0898807340053948,0.6243769136330786,0.058556523774115424,0.16251231580243905,0.38934774460207744
ds004444,sub-023,ses-16,C2_NONOVERLAP_HARRELL_DAVIS,90,90,,0.9833333333333333,0.42857142857142855,0.9831223628691983,0,0.0,-1.0,2,2,0.1798767079450647,0.06721386829450125,0.5174178402443875,0.04339057810436003,0.1662929888456838,0.6212348534797406
ds004444,sub-023,ses-16,C2_NONOVERLAP_HARRELL_DAVIS,120,120,,0.9833333333333333,0.42857142857142855,0.9831223628691983,0,0.0,-1.0,2,2,0.13352597660788607,0.05741917463851694,0.45344449406002735,0.03984250322076568,0.16920409866199132,0.7478671555607097
ds004444,sub-023,ses-16,C2_NONOVERLAP_HARRELL_DAVIS,full,305,,1.0,1.0,1.0,0,0.0,0.0,0,0,0.0,0.0,0.0,0.0,0.0,0.0
ds004444,sub-023,ses-16,C3_BLOCK_SUBSAMPLE_EMPIRICAL,30,15,,0.9916666666666667,0.3333333333333333,0.9916317991631799,0,0.0,25.5,1,1,0.5371343375610589,0.13358889821502806,0.8812791576055312,0.08001033951019709,0.3915362983743664,1.1950826781442374
ds004444,sub-023,ses-16,C3_BLOCK_SUBSAMPLE_EMPIRICAL,60,30,,0.9708333333333333,0.2222222222222222,0.9705882352941176,7,3.5,-29.5,0,7,0.5063046945871807,0.05981246577788371,0.7975319867298114,0.06632723795411163,0.22421160301055634,0.26630528767201495
ds004444,sub-023,ses-16,C3_BLOCK_SUBSAMPLE_EMPIRICAL,90,45,,0.9708333333333333,0.2222222222222222,0.9705882352941176,7,3.5,-20.0,0,7,0.36622699408773457,0.037502414797197646,0.7039149925786884,0.05085772507919022,0.19518723479790387,0.4727568401572566
ds004444,sub-023,ses-16,C3_BLOCK_SUBSAMPLE_EMPIRICAL,120,60,,0.9833333333333333,0.3333333333333333,0.9831932773109243,4,2.0,-1.0,0,4,0.2799197278194821,0.03462608755061296,0.64376235558955,0.048227112862705965,0.19809180674430113,0.5290197411024609
ds004444,sub-023,ses-16,C3_BLOCK_SUBSAMPLE_EMPIRICAL,full,153,,1.0,1.0,1.0,0,0.0,0.0,0,0,0.0,0.0,0.0,0.0,0.0,0.0
ds004444,sub-023,ses-16,C4_LOSO_SHRINKAGE,15,15,0.42857142857142855,0.9875,0.25,0.9874476987447699,-3,-1.5,25.5,3,0,0.14350054695029268,0.1351303981273072,0.5859777670578136,0.11980636829856411,0.8165051275820404,0.27241735436529246
ds004444,sub-023,ses-16,C4_LOSO_SHRINKAGE,30,30,0.6,0.9916666666666667,0.5,0.9915966386554622,-2,-1.0,0.0,2,0,0.05994623525069773,0.048131319334782076,0.6358222720039168,0.05500378298336204,0.5182840710668526,0.5117497386930944
ds004444,sub-023,ses-16,C4_LOSO_SHRINKAGE,60,60,0.75,0.9875,0.4,0.9873949579831933,-1,-0.5,0.0,2,1,0.09496515705808863,0.001039658352950722,0.6343183317261282,0.008811985350724125,0.2313292483595616,0.16148781381543617
ds004444,sub-023,ses-16,C4_LOSO_SHRINKAGE,90,90,0.8181818181818182,0.9833333333333333,0.3333333333333333,0.9831932773109243,0,0.0,0.0,2,2,0.09292519326080007,0.008767517580796007,0.6288498650507361,0.0014304054321014662,0.11229034459524256,0.3973853288416262
ds004444,sub-023,ses-16,C4_LOSO_SHRINKAGE,120,120,0.8571428571428571,0.9833333333333333,0.3333333333333333,0.9831932773109243,0,0.0,0.0,2,2,0.0925836154708581,0.022659402866695415,0.5801432128332169,0.009565942056473499,0.03414212800291124,0.5966493052797107
ds004444,sub-023,ses-16,C4_LOSO_SHRINKAGE,full,305,0.9384615384615385,1.0,1.0,1.0,0,0.0,0.0,0,0,0.0,0.0,0.0,0.0,0.0,0.0
ds004444,sub-024,ses-01,C0_CURRENT_OVERLAP_EMPIRICAL,15,30,,0.9,0.25,0.896551724137931,6,3.0,-6.0,9,15,0.3014747918271006,0.11336012964512507,0.36334117107020486,0.022804307832795256,0.20410629889324278,35139.483329833594
ds004444,sub-024,ses-01,C0_CURRENT_OVERLAP_EMPIRICAL,30,60,,0.9291666666666667,0.37037037037037035,0.9260869565217391,3,1.5,-6.0,7,10,0.17193413578213723,0.07535447113629687,0.3129385679488126,0.03487180574421991,0.04956044933722632,32231.781798532546
ds004444,sub-024,ses-01,C0_CURRENT_OVERLAP_EMPIRICAL,60,120,,0.9666666666666667,0.6363636363636364,0.9646017699115044,2,1.0,-7.0,3,5,0.0510594662515451,0.01076528018261032,0.0882779861933008,0.046765343905137965,0.09441795217746907,23233.270764949095
ds004444,sub-024,ses-01,C0_CURRENT_OVERLAP_EMPIRICAL,90,180,,0.9666666666666667,0.6521739130434783,0.9644444444444444,4,2.0,-6.0,2,6,0.06653252409307307,0.01076528018261032,0.05233010752153879,0.036578038221872534,0.06102623738299802,15870.098650127238
ds004444,sub-024,ses-01,C0_CURRENT_OVERLAP_EMPIRICAL,120,240,,0.9541666666666667,0.5769230769230769,0.9511111111111111,7,3.5,-10.5,2,9,0.12325482824742827,0.007340028662160348,0.07487581981572626,0.03511818528760714,0.07254062179488471,16046.815106830207
ds004444,sub-024,ses-01,C0_CURRENT_OVERLAP_EMPIRICAL,full,614,,1.0,1.0,1.0,0,0.0,0.0,0,0,0.0,0.0,0.0,0.0,0.0,0.0
ds004444,sub-024,ses-01,C1_NONOVERLAP_EMPIRICAL,15,15,,0.925,0.21739130434782608,0.9234042553191489,-8,-4.0,7.0,13,5,0.13367333645604043,0.1080615880169525,0.41346071862234635,0.006533181054657328,0.182549520257734,1.401709383186289
ds004444,sub-024,ses-01,C1_NONOVERLAP_EMPIRICAL,30,30,,0.9458333333333333,0.38095238095238093,0.9439655172413793,-7,-3.5,12.0,10,3,0.07212345812949421,0.05881658622357046,0.3760413934199797,0.022009628463501886,0.09877429209608846,1.4480310338235358
ds004444,sub-024,ses-01,C1_NONOVERLAP_EMPIRICAL,60,60,,0.9583333333333334,0.5833333333333334,0.9557522123893806,2,1.0,-10.5,4,6,0.10720625240996488,0.003338724908657845,0.07323459399524662,0.031305704127263544,0.13525155531561595,0.6837868631153982
ds004444,sub-024,ses-01,C1_NONOVERLAP_EMPIRICAL,90,90,,0.95,0.5384615384615384,0.9469026548672567,4,2.0,-6.0,4,8,0.12058585906757316,0.011319154890935733,0.05525664149228815,0.02717432615043768,0.12384085725887573,0.043941061624916684
ds004444,sub-024,ses-01,C1_NONOVERLAP_EMPIRICAL,120,120,,0.9333333333333333,0.4482758620689655,0.9295154185022027,6,3.0,-10.5,5,11,0.1579629615747524,0.002540109964695908,0.08570030781161286,0.029516575156932266,0.038458844254854095,0.027590971744980517
ds004444,sub-024,ses-01,C1_NONOVERLAP_EMPIRICAL,full,307,,1.0,1.0,1.0,0,0.0,0.0,0,0,0.0,0.0,0.0,0.0,0.0,0.0
ds004444,sub-024,ses-01,C2_NONOVERLAP_HARRELL_DAVIS,15,15,,0.9125,0.16,0.9110169491525424,-7,-3.5,1.0,14,7,0.13663951745842087,0.08564914468839845,0.4174180218135075,0.010113638531200479,0.07472785945677765,1.3742064062338801
ds004444,sub-024,ses-01,C2_NONOVERLAP_HARRELL_DAVIS,30,30,,0.9541666666666667,0.47619047619047616,0.9521739130434783,-5,-2.5,0.5,8,3,0.048813466792006016,0.013150342894439853,0.3388501370402847,0.012959735577123592,0.09186675503676804,1.4680266918431355
ds004444,sub-024,ses-01,C2_NONOVERLAP_HARRELL_DAVIS,60,60,,0.9458333333333333,0.5185185185185185,0.9424778761061947,5,2.5,-11.0,4,9,0.10219116816765311,0.03309608810128766,0.08047443089551612,0.0419092435846527,0.16679915225777162,0.648724511779198
ds004444,sub-024,ses-01,C2_NONOVERLAP_HARRELL_DAVIS,90,90,,0.95,0.5384615384615384,0.9469026548672567,4,2.0,-6.0,4,8,0.12054202525114496,0.007701418677083165,0.06751714046946426,0.02780184841841893,0.11970688399819687,0.0253678237893071
ds004444,sub-024,ses-01,C2_NONOVERLAP_HARRELL_DAVIS,120,120,,0.9291666666666667,0.43333333333333335,0.9251101321585903,7,3.5,-10.5,5,12,0.1713924785570863,0.011445580706702404,0.09915043527203111,0.03334005539555975,0.00012695000671346466,0.02048600789940363
ds004444,sub-024,ses-01,C2_NONOVERLAP_HARRELL_DAVIS,full,307,,1.0,1.0,1.0,0,0.0,0.0,0,0,0.0,0.0,0.0,0.0,0.0,0.0
ds004444,sub-024,ses-01,C3_BLOCK_SUBSAMPLE_EMPIRICAL,30,15,,0.9416666666666667,0.391304347826087,0.9393939393939394,-10,-5.0,5.5,12,2,0.04453409744602902,0.13950020640026312,0.3664410099783924,0.003530112735661295,0.1594126917548854,1.1893727659606566
ds004444,sub-024,ses-01,C3_BLOCK_SUBSAMPLE_EMPIRICAL,60,30,,0.9583333333333334,0.6551724137931034,0.9547511312217195,6,3.0,0.0,2,8,0.0069714778861390495,0.16069201484065368,0.024647912742240295,0.025259017544552658,0.3068352427382424,0.601478187168914
ds004444,sub-024,ses-01,C3_BLOCK_SUBSAMPLE_EMPIRICAL,90,45,,0.9625,0.6666666666666666,0.9594594594594594,3,1.5,-4.5,3,6,0.06034672050942584,0.017740930874989753,0.05248854269820882,0.021316974569210712,0.1804296027821635,0.6901636725272773
ds004444,sub-024,ses-01,C3_BLOCK_SUBSAMPLE_EMPIRICAL,120,60,,0.9625,0.6785714285714286,0.9592760180995475,5,2.5,-4.5,2,7,0.07967410152092189,0.004407848635196583,0.11895008472259753,0.022630988894324695,0.017184366502723078,0.7572768988905632
ds004444,sub-024,ses-01,C3_BLOCK_SUBSAMPLE_EMPIRICAL,full,154,,1.0,1.0,1.0,0,0.0,0.0,0,0,0.0,0.0,0.0,0.0,0.0,0.0
ds004444,sub-024,ses-01,C4_LOSO_SHRINKAGE,15,15,0.42857142857142855,0.9125,0.0,0.9125,-17,-8.5,59.5,19,2,0.32059260400439926,0.1154344339627438,0.25211483262058193,0.0828700331732812,0.8847386666256123,0.29799333372847364
ds004444,sub-024,ses-01,C4_LOSO_SHRINKAGE,30,30,0.6,0.9291666666666667,0.22727272727272727,0.9276595744680851,-11,-5.5,2.5,14,3,0.21828277367739957,0.08122739695568218,0.2763223418375047,0.06993951048292796,0.5810261102630437,0.6861620406034848
ds004444,sub-024,ses-01,C4_LOSO_SHRINKAGE,60,60,0.75,0.9458333333333333,0.5,0.9427312775330396,1,0.5,-6.5,6,7,0.17970321382228943,0.02291469399473699,0.08255749664353564,0.05493211092617599,0.4429026627927072,0.4121635680460406
ds004444,sub-024,ses-01,C4_LOSO_SHRINKAGE,90,90,0.8181818181818182,0.95,0.5555555555555556,0.9466666666666667,4,2.0,-6.5,4,8,0.163589188715074,0.025591664569661558,0.0629538299695008,0.04225577796771768,0.3153242036346935,0.11449688549818145
ds004444,sub-024,ses-01,C4_LOSO_SHRINKAGE,120,120,0.8571428571428571,0.95,0.5384615384615384,0.9469026548672567,2,1.0,-6.5,5,7,0.1815090582983117,0.008810404005867604,0.08584834298795395,0.0387516073300836,0.12354733421040386,0.02765609292518919
ds004444,sub-024,ses-01,C4_LOSO_SHRINKAGE,full,307,0.9388379204892966,1.0,1.0,1.0,0,0.0,0.0,0,0,0.0,0.0,0.0,0.0,0.0,0.0
ds004444,sub-024,ses-16,C0_CURRENT_OVERLAP_EMPIRICAL,15,30,,0.8625,0.21428571428571427,0.8571428571428571,13,6.5,8.0,10,23,0.3371073667529028,0.43967878788952847,0.22670716760115134,0.7204596672530988,0.19381116639095072,0.9894616179514811
ds004444,sub-024,ses-16,C0_CURRENT_OVERLAP_EMPIRICAL,30,60,,0.9041666666666667,0.3235294117647059,0.8995633187772926,7,3.5,-3.5,8,15,0.24436762875982446,0.08433149692296228,0.15928885477971602,0.21774956727488454,0.18950425158222667,1.139863387176557
ds004444,sub-024,ses-16,C0_CURRENT_OVERLAP_EMPIRICAL,60,120,,0.9291666666666667,0.41379310344827586,0.9254385964912281,3,1.5,2.5,7,10,0.11490509715192253,0.03199842526858356,0.0025567871841983155,0.02607302538133758,0.07383282529184668,0.7386911970593607
ds004444,sub-024,ses-16,C0_CURRENT_OVERLAP_EMPIRICAL,90,180,,0.9375,0.4444444444444444,0.9342105263157895,1,0.5,7.5,7,8,0.08964273643208552,0.015268214547940874,0.0047221334306444965,0.016347206451809794,0.014766565058369215,0.5128160056495417
ds004444,sub-024,ses-16,C0_CURRENT_OVERLAP_EMPIRICAL,120,240,,0.9583333333333334,0.5,0.9565217391304348,-8,-4.0,10.5,9,1,0.020132619692380022,0.002994640020479091,0.0047221334306444965,0.04032828766526145,0.00615273544098726,0.5754675393659882
ds004444,sub-024,ses-16,C0_CURRENT_OVERLAP_EMPIRICAL,full,610,,1.0,1.0,1.0,0,0.0,0.0,0,0,0.0,0.0,0.0,0.0,0.0,0.0
ds004444,sub-024,ses-16,C1_NONOVERLAP_EMPIRICAL,15,15,,0.8,0.1111111111111111,0.7948717948717948,14,7.0,-1.5,17,31,0.4289468824392479,0.729037913070807,0.17368892613018486,0.6198315069251094,0.18479340083670573,0.73935786021507
ds004444,sub-024,ses-16,C1_NONOVERLAP_EMPIRICAL,30,30,,0.8541666666666666,0.2553191489361702,0.8464912280701754,13,6.5,0.0,11,24,0.3411444429513063,0.1985895559737708,0.002740637302198128,0.1544330904595649,0.25528364619788,0.8766324644942157
ds004444,sub-024,ses-16,C1_NONOVERLAP_EMPIRICAL,60,60,,0.8791666666666667,0.32558139534883723,0.8716814159292036,11,5.5,2.0,9,20,0.32133375485499666,0.013682963973881452,0.0406883102623596,0.023994330974468632,0.09243329702798507,0.5411805836844101
ds004444,sub-024,ses-16,C1_NONOVERLAP_EMPIRICAL,90,90,,0.9083333333333333,0.40540540540540543,0.9022222222222223,6,3.0,-0.5,8,14,0.2689922332052145,0.0006705164090782102,0.027325426277784358,0.012559506222242323,0.028841530567931345,0.2600776918896929
ds004444,sub-024,ses-16,C1_NONOVERLAP_EMPIRICAL,120,120,,0.925,0.4,0.9210526315789473,-4,-2.0,11.0,11,7,0.16380085904240063,0.009831456798827314,0.049155537990616574,0.064775832216014,0.008879691173521852,0.2697362922888064
ds004444,sub-024,ses-16,C1_NONOVERLAP_EMPIRICAL,full,305,,1.0,1.0,1.0,0,0.0,0.0,0,0,0.0,0.0,0.0,0.0,0.0,0.0
ds004444,sub-024,ses-16,C2_NONOVERLAP_HARRELL_DAVIS,15,15,,0.7958333333333333,0.15517241379310345,0.7878787878787878,21,10.5,-7.0,14,35,0.4055995805364791,0.9007063832848711,0.2799724988876185,1.208414894214448,0.37257148013591124,1.0316673923439605
ds004444,sub-024,ses-16,C2_NONOVERLAP_HARRELL_DAVIS,30,30,,0.8583333333333333,0.2608695652173913,0.8508771929824561,12,6.0,-5.0,11,23,0.3004842668946575,0.2597378943258877,0.07254966219248886,0.21322163759043444,0.34101726078783184,0.923578945576026
ds004444,sub-024,ses-16,C2_NONOVERLAP_HARRELL_DAVIS,60,60,,0.9041666666666667,0.39473684210526316,0.8977777777777778,7,3.5,2.0,8,15,0.2765733960635206,0.018582439825865018,0.012313283017881371,0.008890961846842403,0.12875655257712046,0.581672840414046
ds004444,sub-024,ses-16,C2_NONOVERLAP_HARRELL_DAVIS,90,90,,0.9208333333333333,0.45714285714285713,0.9151785714285714,5,2.5,1.0,7,12,0.2285421992215314,0.01759119145375109,0.004350600312199771,0.013315858943502195,0.06874700089881702,0.31229664468936214
ds004444,sub-024,ses-16,C2_NONOVERLAP_HARRELL_DAVIS,120,120,,0.9291666666666667,0.43333333333333335,0.9251101321585903,-3,-1.5,11.0,10,7,0.13996090464304214,0.009666541027767019,0.03898361676258039,0.04717877801712848,0.005777397980295781,0.3344391153877183
ds004444,sub-024,ses-16,C2_NONOVERLAP_HARRELL_DAVIS,full,305,,1.0,1.0,1.0,0,0.0,0.0,0,0,0.0,0.0,0.0,0.0,0.0,0.0
ds004444,sub-024,ses-16,C3_BLOCK_SUBSAMPLE_EMPIRICAL,30,15,,0.8666666666666667,0.43859649122807015,0.8511627906976744,14,7.0,-3.0,9,23,0.2236882276944131,0.2406768999047203,0.06850310598549238,0.15595128294523214,0.20424653307302792,0.3743776945049524
ds004444,sub-024,ses-16,C3_BLOCK_SUBSAMPLE_EMPIRICAL,60,30,,0.8958333333333334,0.5,0.8837209302325582,7,3.5,-2.0,9,16,0.244730894898583,0.009986528009844417,0.0748380549140804,0.012191588099228195,0.002869647183010418,0.26581391107490565
ds004444,sub-024,ses-16,C3_BLOCK_SUBSAMPLE_EMPIRICAL,90,45,,0.9083333333333333,0.5319148936170213,0.8976744186046511,4,2.0,-2.0,9,13,0.20751647886927546,0.0,0.035586719353422946,0.029607201600558956,0.03010510819530562,0.17244477837823594
ds004444,sub-024,ses-16,C3_BLOCK_SUBSAMPLE_EMPIRICAL,120,60,,0.9458333333333333,0.6285714285714286,0.9403669724770642,-11,-5.5,6.5,12,1,0.03931092218958005,0.0025473708315617307,0.05730421624991775,0.05504441738277532,0.09281000680500844,0.14897447464699928
ds004444,sub-024,ses-16,C3_BLOCK_SUBSAMPLE_EMPIRICAL,full,153,,1.0,1.0,1.0,0,0.0,0.0,0,0,0.0,0.0,0.0,0.0,0.0,0.0
ds004444,sub-024,ses-16,C4_LOSO_SHRINKAGE,15,15,0.42857142857142855,0.9083333333333333,0.043478260869565216,0.9079497907949791,-22,-11.0,47.0,22,0,0.1398792059529198,0.39852283612895156,0.2215713756909216,0.34573299943426167,0.8638004447090252,0.020296096919687926
ds004444,sub-024,ses-16,C4_LOSO_SHRINKAGE,30,30,0.6,0.8916666666666667,0.13333333333333333,0.8898305084745762,-12,-6.0,22.5,19,7,0.17508054448934543,0.17724440445629222,0.10016634098629477,0.1466592277045541,0.6643663641517967,0.3155275154978664
ds004444,sub-024,ses-16,C4_LOSO_SHRINKAGE,60,60,0.75,0.9083333333333333,0.2903225806451613,0.9047619047619048,-6,-3.0,11.0,14,8,0.2238558458586307,0.022910778091418844,0.02490579498470763,0.012767036386300615,0.35549447564162284,0.2934834587826588
ds004444,sub-024,ses-16,C4_LOSO_SHRINKAGE,90,90,0.8181818181818182,0.9041666666666667,0.30303030303030304,0.9,-3,-1.5,11.0,13,10,0.20879868309302332,0.02055824761294321,0.013065845267027788,0.009345355540034933,0.20821040268309512,0.13909679660086724
ds004444,sub-024,ses-16,C4_LOSO_SHRINKAGE,120,120,0.8571428571428571,0.9166666666666666,0.3333333333333333,0.9130434782608695,-6,-3.0,11.0,13,7,0.13281415035972807,0.005929923721970107,0.017700415534442876,0.04177148561404542,0.13322175160532151,0.18507481955408864
ds004444,sub-024,ses-16,C4_LOSO_SHRINKAGE,full,305,0.9384615384615385,1.0,1.0,1.0,0,0.0,0.0,0,0,0.0,0.0,0.0,0.0,0.0,0.0
ds004444,sub-025,ses-01,C0_CURRENT_OVERLAP_EMPIRICAL,15,30,,0.9666666666666667,0.5555555555555556,0.9652173913043478,-6,-3.0,8.0,7,1,0.21536096342273997,0.10754294192247316,0.11457943207329048,0.0524004935075333,0.56062515801905,0.168138611267843
ds004444,sub-025,ses-01,C0_CURRENT_OVERLAP_EMPIRICAL,30,60,,0.975,0.6470588235294118,0.9737991266375546,-6,-3.0,8.0,6,0,0.22580646222128736,0.009036485101803769,0.06553798591879263,0.03662778187009051,0.12671973125531427,0.08379579194416803
ds004444,sub-025,ses-01,C0_CURRENT_OVERLAP_EMPIRICAL,60,120,,0.9958333333333333,0.9411764705882353,0.9955357142857143,-1,-0.5,0.0,1,0,0.0029204298600790297,0.022256468813943046,0.038481909782407044,0.019735465932626185,0.06868938820499015,0.0824444004873107
ds004444,sub-025,ses-01,C0_CURRENT_OVERLAP_EMPIRICAL,90,180,,0.9916666666666667,0.8823529411764706,0.9911111111111112,-2,-1.0,0.0,2,0,0.010358352870692622,0.023198133667490226,0.03306426000641341,0.012748586805258732,0.0528889104796957,0.069565780771301
ds004444,sub-025,ses-01,C0_CURRENT_OVERLAP_EMPIRICAL,120,240,,0.9875,0.8235294117647058,0.9867256637168141,-3,-1.5,13.5,3,0,0.008261119629089497,0.02625041520140083,0.01646689162047968,0.012700227880116738,0.03313831332307824,0.05501707597782937
ds004444,sub-025,ses-01,C0_CURRENT_OVERLAP_EMPIRICAL,full,634,,1.0,1.0,1.0,0,0.0,0.0,0,0,0.0,0.0,0.0,0.0,0.0,0.0
ds004444,sub-025,ses-01,C1_NONOVERLAP_EMPIRICAL,15,15,,0.9708333333333333,0.5333333333333333,0.9698275862068966,-7,-3.5,28.5,7,0,0.29641009926625567,0.13224647283239463,0.015033319203336821,0.059760479303295186,0.8093818641231891,0.05937344977341838
ds004444,sub-025,ses-01,C1_NONOVERLAP_EMPIRICAL,30,30,,0.9666666666666667,0.4666666666666667,0.9656652360515021,-8,-4.0,28.5,8,0,0.28870800760269455,0.014484985733977688,0.07686974716728974,0.04632033788449188,0.17554672507102184,0.07741382302277262
ds004444,sub-025,ses-01,C1_NONOVERLAP_EMPIRICAL,60,60,,0.9875,0.8125,0.986784140969163,-1,-0.5,13.5,2,1,0.059006017073750264,0.026157237715347285,0.06573255161854391,0.014147420320903666,0.08486140950226367,0.03757018317879974
ds004444,sub-025,ses-01,C1_NONOVERLAP_EMPIRICAL,90,90,,0.9791666666666666,0.7058823529411765,0.9780701754385965,-1,-0.5,0.0,3,2,0.08226725695684262,0.016457995128768065,0.07686974716728974,0.004209449743829835,0.0688218298778577,0.0464759630202128
ds004444,sub-025,ses-01,C1_NONOVERLAP_EMPIRICAL,120,120,,0.9875,0.8125,0.986784140969163,-1,-0.5,13.5,2,1,0.0625920957968424,0.02964141269907114,0.0631391958904919,0.029296888865873994,0.050623076073243234,0.008278318981282508
ds004444,sub-025,ses-01,C1_NONOVERLAP_EMPIRICAL,full,317,,1.0,1.0,1.0,0,0.0,0.0,0,0,0.0,0.0,0.0,0.0,0.0,0.0
ds004444,sub-025,ses-01,C2_NONOVERLAP_HARRELL_DAVIS,15,15,,0.9583333333333334,0.47368421052631576,0.9567099567099567,-2,-1.0,7.0,6,4,0.30681076254064343,0.17039242797235793,0.05838732821548804,0.12805351163631004,0.8517189273020009,0.06740311625421225
ds004444,sub-025,ses-01,C2_NONOVERLAP_HARRELL_DAVIS,30,30,,0.9666666666666667,0.4666666666666667,0.9656652360515021,-8,-4.0,28.5,8,0,0.290321852737259,0.05562008960276526,0.08156266678992448,0.046508741841890994,0.4759475495779813,0.002014988441241175
ds004444,sub-025,ses-01,C2_NONOVERLAP_HARRELL_DAVIS,60,60,,0.9791666666666666,0.6875,0.9781659388646288,-3,-1.5,13.5,4,1,0.09847580775540615,0.012168838209586296,0.06288273008153766,0.013836872470328856,0.10314429442848694,0.019588153806170776
ds004444,sub-025,ses-01,C2_NONOVERLAP_HARRELL_DAVIS,90,90,,0.9791666666666666,0.7058823529411765,0.9780701754385965,-1,-0.5,4.0,3,2,0.12977232401695782,0.01642479066147933,0.05537967272461312,0.006266663210639915,0.058931221261657195,0.030442638542384767
ds004444,sub-025,ses-01,C2_NONOVERLAP_HARRELL_DAVIS,120,120,,0.9791666666666666,0.6875,0.9781659388646288,-3,-1.5,13.5,4,1,0.09312931420857228,0.028996933501036673,0.035575638385787624,0.02257563269726408,0.026337341798482062,0.003077678433014896
ds004444,sub-025,ses-01,C2_NONOVERLAP_HARRELL_DAVIS,full,317,,1.0,1.0,1.0,0,0.0,0.0,0,0,0.0,0.0,0.0,0.0,0.0,0.0
ds004444,sub-025,ses-01,C3_BLOCK_SUBSAMPLE_EMPIRICAL,30,15,,0.9208333333333333,0.2962962962962963,0.9181034482758621,1,0.5,2.0,9,10,0.20074978535543472,0.17277034206072608,0.11477490818719929,0.16091850058690924,0.6079552234980965,0.11457592383013641
ds004444,sub-025,ses-01,C3_BLOCK_SUBSAMPLE_EMPIRICAL,60,30,,0.9666666666666667,0.6190476190476191,0.9647577092511013,0,0.0,-1.5,4,4,0.06622986785201512,0.029896725047982162,0.05673654173941237,0.002704747728579543,0.04468080205944686,0.03172184289958975
ds004444,sub-025,ses-01,C3_BLOCK_SUBSAMPLE_EMPIRICAL,90,45,,0.9791666666666666,0.7368421052631579,0.9778761061946902,-1,-0.5,0.0,3,2,0.01284170364172052,0.012452928731618624,0.05142446289537261,0.0025375448258422085,0.004385845600927073,0.09440235904244312
ds004444,sub-025,ses-01,C3_BLOCK_SUBSAMPLE_EMPIRICAL,120,60,,0.9875,0.8333333333333334,0.9866666666666667,-1,-0.5,0.0,2,1,0.006420851820860317,0.013584519211548763,0.03408714172800363,0.017957144378578014,0.0010964614002319723,0.024027312698951874
ds004444,sub-025,ses-01,C3_BLOCK_SUBSAMPLE_EMPIRICAL,full,159,,1.0,1.0,1.0,0,0.0,0.0,0,0,0.0,0.0,0.0,0.0,0.0,0.0
ds004444,sub-025,ses-01,C4_LOSO_SHRINKAGE,15,15,0.42857142857142855,0.9333333333333333,0.0,0.9333333333333333,-16,-8.0,101.0,16,0,0.46250032325214563,0.08933528258739491,0.5394830688841661,0.0854580580404162,1.8382409243644773,0.4843003507872156
ds004444,sub-025,ses-01,C4_LOSO_SHRINKAGE,30,30,0.6,0.9416666666666667,0.125,0.9411764705882353,-14,-7.0,29.0,14,0,0.39288760160041825,0.030526814246452285,0.3196903890390158,0.06752913261046628,1.120016782097338,0.35325821579456507
ds004444,sub-025,ses-01,C4_LOSO_SHRINKAGE,60,60,0.75,0.9666666666666667,0.5,0.9655172413793104,-8,-4.0,28.5,8,0,0.16927225485335295,0.007303820939485852,0.15691921986593776,0.03288448461956218,0.6306900096093165,0.1406619764910855
ds004444,sub-025,ses-01,C4_LOSO_SHRINKAGE,90,90,0.8181818181818182,0.9666666666666667,0.5294117647058824,0.9653679653679653,-6,-3.0,23.0,7,1,0.14608385719710876,0.00555204212019258,0.07155078750552746,0.01093553416728333,0.4177872612272996,0.069376437263513
ds004444,sub-025,ses-01,C4_LOSO_SHRINKAGE,120,120,0.8571428571428571,0.9833333333333333,0.75,0.9824561403508771,-4,-2.0,7.0,4,0,0.10705865818003775,0.019949026606665952,0.038265121676243644,0.015148151712015877,0.2889748836884014,0.06713780648843728
ds004444,sub-025,ses-01,C4_LOSO_SHRINKAGE,full,317,0.9406528189910979,1.0,1.0,1.0,0,0.0,0.0,0,0,0.0,0.0,0.0,0.0,0.0,0.0
ds004444,sub-025,ses-16,C0_CURRENT_OVERLAP_EMPIRICAL,15,30,,0.9083333333333333,0.35294117647058826,0.9035087719298246,-16,-8.0,13.0,19,3,0.3268500498350441,0.2771631733366676,0.3223098603580587,0.5789183912231046,0.16693097678216162,44.48114687451874
ds004444,sub-025,ses-16,C0_CURRENT_OVERLAP_EMPIRICAL,30,60,,0.9375,0.5833333333333334,0.9315068493150684,-5,-2.5,0.0,10,5,0.011925913885776187,0.11416425481681405,0.009285666520049717,0.06991040024118185,0.0035259655588829506,37.95396856624707
ds004444,sub-025,ses-16,C0_CURRENT_OVERLAP_EMPIRICAL,60,120,,0.9666666666666667,0.7714285714285715,0.9624413145539906,0,0.0,0.0,4,4,0.0010316616825278148,0.03841498567922956,0.0003476249542860831,0.09103091100689638,0.013416375092638452,47.82193001738867
ds004444,sub-025,ses-16,C0_CURRENT_OVERLAP_EMPIRICAL,90,180,,0.95,0.6842105263157895,0.9439252336448598,2,1.0,0.0,5,7,0.06429662683009559,0.019390937957243174,0.04268828342021387,0.04961392281194381,0.022612906292874598,42.31432818442589
ds004444,sub-025,ses-16,C0_CURRENT_OVERLAP_EMPIRICAL,120,240,,0.925,0.5714285714285714,0.9166666666666666,4,2.0,0.0,7,11,0.11742494635970054,0.006933475957275184,0.009285666520049717,0.002047435200402064,0.10319580914982726,40.78304331603871
ds004444,sub-025,ses-16,C0_CURRENT_OVERLAP_EMPIRICAL,full,614,,1.0,1.0,1.0,0,0.0,0.0,0,0,0.0,0.0,0.0,0.0,0.0,0.0
ds004444,sub-025,ses-16,C1_NONOVERLAP_EMPIRICAL,15,15,,0.9125,0.3225806451612903,0.908695652173913,-19,-9.5,13.0,20,1,0.32672665471381723,0.2364865755394287,0.1902975473394734,0.5095814094695457,0.1477754319936396,0.0681273576269799
ds004444,sub-025,ses-16,C1_NONOVERLAP_EMPIRICAL,30,30,,0.9625,0.7096774193548387,0.9587155963302753,-7,-3.5,0.0,8,1,0.004183485660520367,0.11538438202814932,0.018705633905902113,0.05502586927625233,0.003619859285148288,0.0836605754677603
ds004444,sub-025,ses-16,C1_NONOVERLAP_EMPIRICAL,60,60,,0.9916666666666667,0.9375,0.9904761904761905,2,1.0,0.0,0,2,0.0052602067219469344,0.0919129713260244,0.016123530826828998,0.0866451756933827,0.015331168737094116,0.31505080243087835
ds004444,sub-025,ses-16,C1_NONOVERLAP_EMPIRICAL,90,90,,0.975,0.8235294117647058,0.9716981132075472,2,1.0,0.0,2,4,0.046031553721183095,0.0200633736978619,0.01291441254350678,0.017959451498447708,0.03087527037330943,0.174514049961042
ds004444,sub-025,ses-16,C1_NONOVERLAP_EMPIRICAL,120,120,,0.9708333333333333,0.7941176470588235,0.9671361502347418,1,0.5,0.0,3,4,0.07041413641125999,0.027429405112550077,0.02394542433886123,0.01627611371479902,0.10532304040898105,0.21403401472238529
ds004444,sub-025,ses-16,C1_NONOVERLAP_EMPIRICAL,full,307,,1.0,1.0,1.0,0,0.0,0.0,0,0,0.0,0.0,0.0,0.0,0.0,0.0
ds004444,sub-025,ses-16,C2_NONOVERLAP_HARRELL_DAVIS,15,15,,0.9083333333333333,0.21428571428571427,0.905982905982906,-20,-10.0,22.0,21,1,0.5373344132747433,0.25167270708400086,0.41804288639581266,0.530807745813917,0.33594885799411983,0.18082598672247122
ds004444,sub-025,ses-16,C2_NONOVERLAP_HARRELL_DAVIS,30,30,,0.9416666666666667,0.5,0.9380530973451328,-12,-6.0,13.0,13,1,0.09433145271043258,0.1176643878478466,0.0005523983954026575,0.11906761044718252,0.06715565656856298,0.1441434385791723
ds004444,sub-025,ses-16,C2_NONOVERLAP_HARRELL_DAVIS,60,60,,0.9958333333333333,0.9642857142857143,0.9953051643192489,1,0.5,0.0,0,1,0.011871627952712566,0.04565900789984749,0.0129199198238791,0.12488880057020833,0.001663320721982147,0.3546681564240396
ds004444,sub-025,ses-16,C2_NONOVERLAP_HARRELL_DAVIS,90,90,,0.9791666666666666,0.8387096774193549,0.9766355140186916,3,1.5,0.0,1,4,0.0352341549738671,0.00266401618986046,0.006066517221225483,0.031095362503087625,0.019256586997361994,0.17865544204330466
ds004444,sub-025,ses-16,C2_NONOVERLAP_HARRELL_DAVIS,120,120,,0.9583333333333334,0.7058823529411765,0.9537037037037037,4,2.0,0.0,3,7,0.06400808475027238,0.027041254282880515,0.04243777984957102,0.0010800165517536185,0.06498989545088084,0.1908303726530757
ds004444,sub-025,ses-16,C2_NONOVERLAP_HARRELL_DAVIS,full,307,,1.0,1.0,1.0,0,0.0,0.0,0,0,0.0,0.0,0.0,0.0,0.0,0.0
ds004444,sub-025,ses-16,C3_BLOCK_SUBSAMPLE_EMPIRICAL,30,15,,0.9458333333333333,0.5185185185185185,0.9424778761061947,-11,-5.5,13.0,12,1,0.06443413053116713,0.13100406492306782,0.00010830492305976111,0.11765320514766796,0.0973090044280716,0.04699950310031382
ds004444,sub-025,ses-16,C3_BLOCK_SUBSAMPLE_EMPIRICAL,60,30,,0.9875,0.8846153846153846,0.9861751152073732,-3,-1.5,0.0,3,0,0.029836327279752634,0.03204580316400591,0.04944355205210568,0.038903514194363206,0.11084988191114767,0.2309943219898526
ds004444,sub-025,ses-16,C3_BLOCK_SUBSAMPLE_EMPIRICAL,90,45,,0.9833333333333333,0.8461538461538461,0.981651376146789,-4,-2.0,2.5,4,0,0.05916483968675465,0.021816035617194786,0.04054306566056789,0.035041766283576394,0.0688402644987238,0.1936858154191528
ds004444,sub-025,ses-16,C3_BLOCK_SUBSAMPLE_EMPIRICAL,120,60,,0.9916666666666667,0.9230769230769231,0.9907407407407407,-2,-1.0,0.0,2,0,0.003967804312971645,0.018097681720509767,0.19497160019951926,0.05050417300772922,0.12479523696864776,0.23268243164343919
ds004444,sub-025,ses-16,C3_BLOCK_SUBSAMPLE_EMPIRICAL,full,154,,1.0,1.0,1.0,0,0.0,0.0,0,0,0.0,0.0,0.0,0.0,0.0,0.0
ds004444,sub-025,ses-16,C4_LOSO_SHRINKAGE,15,15,0.42857142857142855,0.9208333333333333,0.13636363636363635,0.919831223628692,-19,-9.5,91.5,19,0,0.4999454467909926,0.011651463572164187,0.3487259086256098,0.2373705096858479,0.8889227840506945,0.3436568858229676
ds004444,sub-025,ses-16,C4_LOSO_SHRINKAGE,30,30,0.6,0.9333333333333333,0.2727272727272727,0.9316239316239316,-16,-8.0,32.5,16,0,0.24548130580348015,0.00578145789354973,0.1683027409011189,0.04587965196128735,0.5504641766706657,0.19601255764615194
ds004444,sub-025,ses-16,C4_LOSO_SHRINKAGE,60,60,0.75,0.9708333333333333,0.6956521739130435,0.96875,-5,-2.5,8.5,6,1,0.13169973027499562,0.0275458733356864,0.08814793083511267,0.07204437769476393,0.2975173629030379,0.10841581392111169
ds004444,sub-025,ses-16,C4_LOSO_SHRINKAGE,90,90,0.8181818181818182,0.9833333333333333,0.8181818181818182,0.9819819819819819,-4,-2.0,8.5,4,0,0.05054868325077527,0.04368948504699163,0.053573219593480326,0.019267996279156013,0.21945257060850185,0.06071420724419551
ds004444,sub-025,ses-16,C4_LOSO_SHRINKAGE,120,120,0.8571428571428571,0.9958333333333333,0.9545454545454546,0.9954337899543378,-1,-0.5,0.0,1,0,0.0009010551168431273,0.04214784384671205,0.023336009528853795,0.010798182036353804,0.05191541187119657,0.13178086538531036
ds004444,sub-025,ses-16,C4_LOSO_SHRINKAGE,full,307,0.9388379204892966,1.0,1.0,1.0,0,0.0,0.0,0,0,0.0,0.0,0.0,0.0,0.0,0.0
ds004444,sub-026,ses-01,C0_CURRENT_OVERLAP_EMPIRICAL,15,30,,0.975,0.625,0.9739130434782609,-4,-2.0,9.0,5,1,0.11967635635268305,0.13389038247562718,0.010280102945166401,0.01193122077913906,0.18123593958669873,14.347157823266546
ds004444,sub-026,ses-01,C0_CURRENT_OVERLAP_EMPIRICAL,30,60,,0.9666666666666667,0.6190476190476191,0.9647577092511013,4,2.0,-16.5,2,6,0.1622514036370638,0.03958257500023351,0.09036703934012784,0.049488259944711725,0.18070182364113663,13.355150984192013
ds004444,sub-026,ses-01,C0_CURRENT_OVERLAP_EMPIRICAL,60,120,,0.9708333333333333,0.6666666666666666,0.9690265486725663,5,2.5,-16.5,1,6,0.11814663486536219,0.00430895308112273,0.0547926863397936,0.0028198217037219346,0.030880987091401833,12.684594548844068
ds004444,sub-026,ses-01,C0_CURRENT_OVERLAP_EMPIRICAL,90,180,,0.9916666666666667,0.875,0.9911504424778761,0,0.0,-1.5,1,1,0.012583736557123582,0.036285473660629654,0.005087064066731937,0.003586918265327349,0.04674412428127303,13.28580089565397
ds004444,sub-026,ses-01,C0_CURRENT_OVERLAP_EMPIRICAL,120,240,,0.9916666666666667,0.875,0.9911504424778761,0,0.0,-1.5,1,1,0.026207497625476323,0.023315873991194898,0.010160583295464029,0.0028198217037219346,0.002569541330716748,13.156201934053007
ds004444,sub-026,ses-01,C0_CURRENT_OVERLAP_EMPIRICAL,full,622,,1.0,1.0,1.0,0,0.0,0.0,0,0,0.0,0.0,0.0,0.0,0.0,0.0
ds004444,sub-026,ses-01,C1_NONOVERLAP_EMPIRICAL,15,15,,0.9833333333333333,0.7647058823529411,0.9823788546255506,-2,-1.0,1.5,3,1,0.009348857240030602,0.05515729565210839,0.014109856780000958,0.008980676265355897,0.2395650688366677,0.04521026240512018
ds004444,sub-026,ses-01,C1_NONOVERLAP_EMPIRICAL,30,30,,0.95,0.52,0.947136563876652,6,3.0,-15.0,3,9,0.1425276923822286,0.12521341135154487,0.029249978577275272,0.058960473591021675,0.18082927486838832,0.17725841562297226
ds004444,sub-026,ses-01,C1_NONOVERLAP_EMPIRICAL,60,60,,0.9666666666666667,0.6363636363636364,0.9646017699115044,4,2.0,-14.5,2,6,0.17149365950504916,0.002601079679539845,0.050400672101369594,0.002685225127381995,0.04344444253514724,0.06933560755402203
ds004444,sub-026,ses-01,C1_NONOVERLAP_EMPIRICAL,90,90,,0.9875,0.8333333333333334,0.9866666666666667,1,0.5,-14.5,1,2,0.08730858279357241,0.010989003626091533,0.009048384429076765,0.014181103450216453,0.04670317847019675,0.10335348006476124
ds004444,sub-026,ses-01,C1_NONOVERLAP_EMPIRICAL,120,120,,0.9833333333333333,0.8,0.9821428571428571,4,2.0,-14.5,0,4,0.1250058278335451,0.013858292788971827,0.021254454270473292,0.01576234433609303,0.025377071195132966,0.09523137241190395
ds004444,sub-026,ses-01,C1_NONOVERLAP_EMPIRICAL,full,311,,1.0,1.0,1.0,0,0.0,0.0,0,0,0.0,0.0,0.0,0.0,0.0,0.0
ds004444,sub-026,ses-01,C2_NONOVERLAP_HARRELL_DAVIS,15,15,,0.9375,0.11764705882352941,0.9369747899159664,-13,-6.5,61.0,14,1,0.516199909550152,0.09870373228983871,0.0291049514790458,0.053232533242304404,0.2281809696075451,0.1253200086165018
ds004444,sub-026,ses-01,C2_NONOVERLAP_HARRELL_DAVIS,30,30,,0.9833333333333333,0.7894736842105263,0.9822222222222222,2,1.0,-5.0,1,3,0.043555524094414176,0.13163632557485555,0.02364651944458435,0.06497684394751461,0.09672030537594713,0.17337802560892135
ds004444,sub-026,ses-01,C2_NONOVERLAP_HARRELL_DAVIS,60,60,,0.9666666666666667,0.6363636363636364,0.9646017699115044,4,2.0,-14.5,2,6,0.1536140171175618,0.023771712453030672,0.040094056361030854,0.01047617391929532,0.010480470304359332,0.10000199779714368
ds004444,sub-026,ses-01,C2_NONOVERLAP_HARRELL_DAVIS,90,90,,0.9958333333333333,0.9375,0.9955555555555555,-1,-0.5,0.0,1,0,0.06972554225008784,0.008230926967313723,0.014060203568971292,0.01801189765469401,0.030344766802496592,0.10546751942487036
ds004444,sub-026,ses-01,C2_NONOVERLAP_HARRELL_DAVIS,120,120,,0.9916666666666667,0.8888888888888888,0.9910714285714286,2,1.0,-14.5,0,2,0.10027997041728443,0.014357237351203919,0.03117975799746365,0.021739009266633136,0.048627894658199514,0.10404169038075964
ds004444,sub-026,ses-01,C2_NONOVERLAP_HARRELL_DAVIS,full,311,,1.0,1.0,1.0,0,0.0,0.0,0,0,0.0,0.0,0.0,0.0,0.0,0.0
ds004444,sub-026,ses-01,C3_BLOCK_SUBSAMPLE_EMPIRICAL,30,15,,0.9625,0.6086956521739131,0.9601769911504425,3,1.5,-0.5,3,6,0.015286014527012053,0.310379544943538,0.03752832347745411,0.06838939407205959,0.17929102308735964,0.07530638080692165
ds004444,sub-026,ses-01,C3_BLOCK_SUBSAMPLE_EMPIRICAL,60,30,,0.9916666666666667,0.8947368421052632,0.9910313901345291,2,1.0,0.0,0,2,0.010268872325995182,0.021947110879309454,0.005766436155990758,0.023000278747522966,0.011706957438382945,0.027417305922034264
ds004444,sub-026,ses-01,C3_BLOCK_SUBSAMPLE_EMPIRICAL,90,45,,0.9916666666666667,0.8888888888888888,0.9910714285714286,0,0.0,5.0,1,1,0.027007872317652826,0.01459435551303721,0.022615387102827733,0.031058342543112738,0.014394279964528193,0.034612410380566346
ds004444,sub-026,ses-01,C3_BLOCK_SUBSAMPLE_EMPIRICAL,120,60,,0.9958333333333333,0.9444444444444444,0.9955156950672646,1,0.5,0.0,0,1,0.003522647825429183,0.01368535964395234,0.03007185529014101,0.030163583387950485,0.13049814321020742,0.1374211479108474
ds004444,sub-026,ses-01,C3_BLOCK_SUBSAMPLE_EMPIRICAL,full,156,,1.0,1.0,1.0,0,0.0,0.0,0,0,0.0,0.0,0.0,0.0,0.0,0.0
ds004444,sub-026,ses-01,C4_LOSO_SHRINKAGE,15,15,0.42857142857142855,0.9416666666666667,0.17647058823529413,0.9409282700421941,-8,-4.0,18.0,11,3,0.260195541107727,0.06232062572909403,0.056991704383455195,0.010021155282605715,1.014082018619337,0.43377884980696685
ds004444,sub-026,ses-01,C4_LOSO_SHRINKAGE,30,30,0.6,0.9208333333333333,0.20833333333333334,0.9191489361702128,1,0.5,-15.0,9,10,0.25826973312689044,0.01861129704357605,0.05960184833121202,0.03945397737286406,0.6388686486807807,0.18975812668600853
ds004444,sub-026,ses-01,C4_LOSO_SHRINKAGE,60,60,0.75,0.95,0.4,0.9482758620689655,0,0.0,-5.0,6,6,0.22751268383558423,0.030008638621495224,0.06148584546049765,0.004303339042776859,0.381000360806031,0.11370658854713209
ds004444,sub-026,ses-01,C4_LOSO_SHRINKAGE,90,90,0.8181818181818182,0.9666666666666667,0.5555555555555556,0.9652173913043478,0,0.0,-5.0,4,4,0.13442897887473293,0.02956053665426357,0.0075278533292478175,0.01306121569523954,0.228888848472618,0.018795893305392438
ds004444,sub-026,ses-01,C4_LOSO_SHRINKAGE,120,120,0.8571428571428571,0.9708333333333333,0.6111111111111112,0.9694323144104804,1,0.5,-5.0,3,4,0.15170030109700164,0.025905250235563747,0.008177456848139317,0.014496868724405325,0.19690494509555911,0.012741029929141338
ds004444,sub-026,ses-01,C4_LOSO_SHRINKAGE,full,311,0.9395770392749244,1.0,1.0,1.0,0,0.0,0.0,0,0,0.0,0.0,0.0,0.0,0.0,0.0
ds004444,sub-026,ses-16,C0_CURRENT_OVERLAP_EMPIRICAL,15,30,,0.9166666666666666,0.23076923076923078,0.9145299145299145,-14,-7.0,30.0,17,3,0.12524017399705917,0.04686230383307931,0.35887403093897646,0.08982829654743002,0.11809874198070931,3.2205709922782964
ds004444,sub-026,ses-16,C0_CURRENT_OVERLAP_EMPIRICAL,30,60,,0.9291666666666667,0.2608695652173913,0.9273504273504274,-17,-8.5,30.0,17,0,0.2682314421462468,0.06390347110754914,0.2653311081818756,0.03488057746950643,0.13177804547287086,4.096725082322622
ds004444,sub-026,ses-16,C0_CURRENT_OVERLAP_EMPIRICAL,60,120,,0.9291666666666667,0.37037037037037035,0.9260869565217391,-9,-4.5,7.0,13,4,0.18443008704077124,0.004110065538963982,0.052167881930156736,0.009469778618689346,0.0589160719258136,3.8871504176760876
ds004444,sub-026,ses-16,C0_CURRENT_OVERLAP_EMPIRICAL,90,180,,0.9333333333333333,0.4482758620689655,0.9295154185022027,-4,-2.0,5.5,10,6,0.09530749895819467,0.003395688659647212,0.008004994947302098,0.00479687865520686,0.040869724602914465,3.6701289588379318
ds004444,sub-026,ses-16,C0_CURRENT_OVERLAP_EMPIRICAL,120,240,,0.9541666666666667,0.6071428571428571,0.9506726457399103,-1,-0.5,5.0,6,5,0.0,0.003395688659647212,0.058075731252408475,0.006222441716832693,0.0898673106593135,3.8558393160172573
ds004444,sub-026,ses-16,C0_CURRENT_OVERLAP_EMPIRICAL,full,612,,1.0,1.0,1.0,0,0.0,0.0,0,0,0.0,0.0,0.0,0.0,0.0,0.0
ds004444,sub-026,ses-16,C1_NONOVERLAP_EMPIRICAL,15,15,,0.9208333333333333,0.24,0.9188034188034188,-17,-8.5,26.5,18,1,0.12765577024720565,0.018794522548390657,0.4020725773825819,0.14750796974198102,0.02606204262832672,0.1487335261873212
ds004444,sub-026,ses-16,C1_NONOVERLAP_EMPIRICAL,30,30,,0.9208333333333333,0.20833333333333334,0.9191489361702128,-19,-9.5,33.5,19,0,0.2322845254835131,0.08890295088061256,0.34889696146244836,0.05057616778161093,0.12287338463727794,0.07709976509009804
ds004444,sub-026,ses-16,C1_NONOVERLAP_EMPIRICAL,60,60,,0.9375,0.4,0.9347826086956522,-13,-6.5,7.0,14,1,0.16137834816438384,0.03268541892732576,0.09545324336824945,0.0007149590519936671,0.028984462264092948,0.07490198543221624
ds004444,sub-026,ses-16,C1_NONOVERLAP_EMPIRICAL,90,90,,0.9583333333333334,0.5833333333333334,0.9557522123893806,-10,-5.0,6.5,10,0,0.13311088999615994,0.018306072275033596,0.04736349765798184,0.005135334624281219,0.028984462264092552,0.08325970095985824
ds004444,sub-026,ses-16,C1_NONOVERLAP_EMPIRICAL,120,120,,0.975,0.75,0.972972972972973,-6,-3.0,5.0,6,0,0.009204327871264184,0.0048952655579934355,0.07371173086676756,0.028497794527168673,0.08382995128108454,0.05338295406790503
ds004444,sub-026,ses-16,C1_NONOVERLAP_EMPIRICAL,full,306,,1.0,1.0,1.0,0,0.0,0.0,0,0,0.0,0.0,0.0,0.0,0.0,0.0
ds004444,sub-026,ses-16,C2_NONOVERLAP_HARRELL_DAVIS,15,15,,0.9166666666666666,0.23076923076923078,0.9145299145299145,-16,-8.0,26.5,18,2,0.21161239390341238,0.013422190325779352,0.32057808474514576,0.20747824012229915,0.3852623999954423,0.2101688615727162
ds004444,sub-026,ses-16,C2_NONOVERLAP_HARRELL_DAVIS,30,30,,0.9208333333333333,0.24,0.9188034188034188,-17,-8.5,26.5,18,1,0.21149953295494137,0.052824118443625244,0.2980960002442919,0.04432215110084484,0.020605718585970118,0.16771715790407513
ds004444,sub-026,ses-16,C2_NONOVERLAP_HARRELL_DAVIS,60,60,,0.9333333333333333,0.36,0.9307359307359307,-14,-7.0,13.5,15,1,0.16698094165321045,0.023872319129238692,0.12497915857308634,0.008305824522064258,0.01282975608904574,0.10256614023833802
ds004444,sub-026,ses-16,C2_NONOVERLAP_HARRELL_DAVIS,90,90,,0.9541666666666667,0.56,0.9513274336283186,-9,-4.5,7.0,10,1,0.15196543444034674,0.013199933694431261,0.01688209166799188,0.004617107939835512,0.031553762174118045,0.09789665858758395
ds004444,sub-026,ses-16,C2_NONOVERLAP_HARRELL_DAVIS,120,120,,0.9708333333333333,0.7083333333333334,0.968609865470852,-7,-3.5,5.0,7,0,0.0313772731541257,0.003033081421368348,0.07953072015685446,0.01663357643328264,0.08289065127195067,0.061163468084686264
ds004444,sub-026,ses-16,C2_NONOVERLAP_HARRELL_DAVIS,full,306,,1.0,1.0,1.0,0,0.0,0.0,0,0,0.0,0.0,0.0,0.0,0.0,0.0
ds004444,sub-026,ses-16,C3_BLOCK_SUBSAMPLE_EMPIRICAL,30,15,,0.9208333333333333,0.2692307692307692,0.9184549356223176,-15,-7.5,14.0,17,2,0.31175561228232285,0.017317830405157542,0.22272230070180643,0.04510576481514006,0.004411890089451959,0.30979005241974167
ds004444,sub-026,ses-16,C3_BLOCK_SUBSAMPLE_EMPIRICAL,60,30,,0.925,0.28,0.9227467811158798,-16,-8.0,33.5,17,1,0.3521175449195218,0.00253929384783995,0.01994786195360488,0.021296224620812945,0.06019306854805228,0.0752055690891217
ds004444,sub-026,ses-16,C3_BLOCK_SUBSAMPLE_EMPIRICAL,90,45,,0.9416666666666667,0.4166666666666667,0.9391304347826087,-14,-7.0,8.0,14,0,0.31401117523297767,0.001128080952133811,0.0,8.008237545563897e-05,0.03536906301167382,0.052244980078606014
ds004444,sub-026,ses-16,C3_BLOCK_SUBSAMPLE_EMPIRICAL,120,60,,0.9416666666666667,0.4166666666666667,0.9391304347826087,-14,-7.0,13.5,14,0,0.15228557196443385,0.029631414124757765,0.1695561182862233,2.002059386390075e-05,0.04681779455713605,0.09607341275555506
ds004444,sub-026,ses-16,C3_BLOCK_SUBSAMPLE_EMPIRICAL,full,153,,1.0,1.0,1.0,0,0.0,0.0,0,0,0.0,0.0,0.0,0.0,0.0,0.0
ds004444,sub-026,ses-16,C4_LOSO_SHRINKAGE,15,15,0.42857142857142855,0.8916666666666667,0.10344827586206896,0.890295358649789,-18,-9.0,20.5,22,4,0.15294515814912324,0.02863018907552885,0.11768565153477617,0.13610730517196937,0.6304900021520166,0.3635606906314052
ds004444,sub-026,ses-16,C4_LOSO_SHRINKAGE,30,30,0.6,0.9208333333333333,0.24,0.9188034188034188,-19,-9.5,31.0,19,0,0.004095812000954479,0.028774408021634303,0.1724564646156776,0.07884108654442522,0.3573954467650412,0.23723046372398698
ds004444,sub-026,ses-16,C4_LOSO_SHRINKAGE,60,60,0.75,0.95,0.52,0.947136563876652,-12,-6.0,17.5,12,0,0.04676782007081573,0.010851366168886515,0.051334255358160476,0.026632944304155696,0.2169334595588376,0.10017131507541928
ds004444,sub-026,ses-16,C4_LOSO_SHRINKAGE,90,90,0.8181818181818182,0.9583333333333334,0.6,0.9555555555555556,-10,-5.0,17.5,10,0,0.06227903389076821,0.006255939170390947,0.02586189317790062,0.013182164546177644,0.12945454291063732,0.030048980047842844
ds004444,sub-026,ses-16,C4_LOSO_SHRINKAGE,120,120,0.8571428571428571,0.95,0.5714285714285714,0.9464285714285714,-6,-3.0,8.0,9,3,0.025313965715114097,0.0016789138755135412,0.05422229340018183,0.012474349995528967,0.03607935823202401,0.020681397911044015
ds004444,sub-026,ses-16,C4_LOSO_SHRINKAGE,full,306,0.9386503067484663,1.0,1.0,1.0,0,0.0,0.0,0,0,0.0,0.0,0.0,0.0,0.0,0.0
ds004444,sub-027,ses-01,C0_CURRENT_OVERLAP_EMPIRICAL,15,30,,0.8916666666666667,0.1875,0.8888888888888888,-2,-1.0,0.5,14,12,0.3366491277135235,0.1331047518600169,0.41513949652458826,0.27591658607928005,0.3740845620695788,0.5168066877107808
ds004444,sub-027,ses-01,C0_CURRENT_OVERLAP_EMPIRICAL,30,60,,0.9208333333333333,0.2692307692307692,0.9184549356223176,-7,-3.5,10.5,13,6,0.12530816673791972,0.024584473627300405,0.16380679039407747,0.0014134996932821324,0.3740845620695788,0.4242917876335898
ds004444,sub-027,ses-01,C0_CURRENT_OVERLAP_EMPIRICAL,60,120,,0.95,0.45454545454545453,0.9478260869565217,-8,-4.0,2.5,10,2,0.002652857914687491,0.018853877655026566,0.1165552132998188,0.09064826611762004,0.08355727240073038,0.39814346551835406
ds004444,sub-027,ses-01,C0_CURRENT_OVERLAP_EMPIRICAL,90,180,,0.9375,0.34782608695652173,0.9353448275862069,-9,-4.5,18.0,12,3,0.028390854125873655,0.03667762998345959,0.1165552132998188,0.06157875970326185,0.017659053376066415,0.456417008068809
ds004444,sub-027,ses-01,C0_CURRENT_OVERLAP_EMPIRICAL,120,240,,0.9416666666666667,0.44,0.9388646288209607,-4,-2.0,1.0,9,5,0.015928629430110478,0.02182053376742759,0.104663803238483,0.04223118106757849,0.022925037892837452,0.5297410822090917
ds004444,sub-027,ses-01,C0_CURRENT_OVERLAP_EMPIRICAL,full,610,,1.0,1.0,1.0,0,0.0,0.0,0,0,0.0,0.0,0.0,0.0,0.0,0.0
ds004444,sub-027,ses-01,C1_NONOVERLAP_EMPIRICAL,15,15,,0.9291666666666667,0.2916666666666667,0.927038626609442,-13,-6.5,7.5,15,2,0.35514546801245855,0.033269818375885524,0.07013429802400514,0.2769187785548527,0.36863064837814424,0.03526355816371327
ds004444,sub-027,ses-01,C1_NONOVERLAP_EMPIRICAL,30,30,,0.9416666666666667,0.4166666666666667,0.9391304347826087,-10,-5.0,4.5,12,2,0.14834262448807134,0.000529782360021807,0.10028653001866181,0.029072197022186042,0.3564782851106754,0.06793791640221702
ds004444,sub-027,ses-01,C1_NONOVERLAP_EMPIRICAL,60,60,,0.9291666666666667,0.43333333333333335,0.9251101321585903,-1,-0.5,-10.5,9,8,0.10387569572272475,0.03594135474812439,0.09149528875349265,0.1154091523892898,0.03807740490494381,0.0939566146236018
ds004444,sub-027,ses-01,C1_NONOVERLAP_EMPIRICAL,90,90,,0.9541666666666667,0.5,0.9519650655021834,-11,-5.5,2.5,11,0,0.022375943853833888,0.061620437671171036,0.12546631085857535,0.07949941543177119,0.028760593066507894,0.02105643277881859
ds004444,sub-027,ses-01,C1_NONOVERLAP_EMPIRICAL,120,120,,0.9625,0.5909090909090909,0.960352422907489,-9,-4.5,2.5,9,0,0.01437982424394207,0.038268304471775705,0.09076008751298617,0.05310306466449507,0.03544439286365447,0.032513885756493714
ds004444,sub-027,ses-01,C1_NONOVERLAP_EMPIRICAL,full,305,,1.0,1.0,1.0,0,0.0,0.0,0,0,0.0,0.0,0.0,0.0,0.0,0.0
ds004444,sub-027,ses-01,C2_NONOVERLAP_HARRELL_DAVIS,15,15,,0.8875,0.15625,0.8851063829787233,-7,-3.5,-5.0,17,10,0.5477518150466287,0.12540661532737782,0.39486422951901623,0.41208680971508194,0.8810271041637535,0.016149464225461357
ds004444,sub-027,ses-01,C2_NONOVERLAP_HARRELL_DAVIS,30,30,,0.9333333333333333,0.4074074074074074,0.9301310043668122,-6,-3.0,1.5,11,5,0.13119257189919534,0.02870389128162179,0.12447303291008362,0.0648285396364216,0.4290667406691916,0.03982043057909329
ds004444,sub-027,ses-01,C2_NONOVERLAP_HARRELL_DAVIS,60,60,,0.9625,0.6086956521739131,0.9601769911504425,-7,-3.5,2.5,8,1,0.02927718064503197,0.03706035867578561,0.054193695258783675,0.10592410085324026,0.07704729835911897,0.07568924276042982
ds004444,sub-027,ses-01,C2_NONOVERLAP_HARRELL_DAVIS,90,90,,0.9625,0.5909090909090909,0.960352422907489,-9,-4.5,2.5,9,0,0.04795507927927671,0.05530332462451304,0.08440869059606107,0.07226106027193556,0.006254363790013726,0.02329299687509773
ds004444,sub-027,ses-01,C2_NONOVERLAP_HARRELL_DAVIS,120,120,,0.9583333333333334,0.5652173913043478,0.9559471365638766,-8,-4.0,2.5,9,1,0.029440233414351872,0.04126832807868265,0.0865225397328501,0.046448090213584495,0.0456932623625737,0.03853655683472688
ds004444,sub-027,ses-01,C2_NONOVERLAP_HARRELL_DAVIS,full,305,,1.0,1.0,1.0,0,0.0,0.0,0,0,0.0,0.0,0.0,0.0,0.0,0.0
ds004444,sub-027,ses-01,C3_BLOCK_SUBSAMPLE_EMPIRICAL,30,15,,0.9166666666666666,0.5348837209302325,0.9078341013824884,12,6.0,1.5,4,16,0.24118698479648504,0.033269818375885524,0.03964057889581441,0.0011346105820226136,0.20641537435465124,0.1294425390971349
ds004444,sub-027,ses-01,C3_BLOCK_SUBSAMPLE_EMPIRICAL,60,30,,0.9291666666666667,0.5,0.9237668161434978,-3,-1.5,1.5,10,7,0.1310533763518869,0.03235993410488118,0.06668763744726819,0.14617143080059955,0.009718981060035282,0.17006138931281223
ds004444,sub-027,ses-01,C3_BLOCK_SUBSAMPLE_EMPIRICAL,90,45,,0.9375,0.5,0.9333333333333333,-9,-4.5,11.5,12,3,0.07188979618786485,0.037732065069745996,0.0655171921048336,0.11424703031715311,0.020225987611443518,0.09867417911077853
ds004444,sub-027,ses-01,C3_BLOCK_SUBSAMPLE_EMPIRICAL,120,60,,0.9291666666666667,0.5,0.9237668161434978,-3,-1.5,4.0,10,7,0.12603020379296578,0.051843549162724614,0.053901154038096664,0.11642910861088157,0.061794332280417225,0.0887436800245012
ds004444,sub-027,ses-01,C3_BLOCK_SUBSAMPLE_EMPIRICAL,full,153,,1.0,1.0,1.0,0,0.0,0.0,0,0,0.0,0.0,0.0,0.0,0.0,0.0
ds004444,sub-027,ses-01,C4_LOSO_SHRINKAGE,15,15,0.42857142857142855,0.9166666666666666,0.0,0.9166666666666666,-20,-10.0,97.0,20,0,0.3983202914034614,0.0998969535855618,0.28622258229934944,0.12364066096406395,0.8571922509087299,0.4590418591187049
ds004444,sub-027,ses-01,C4_LOSO_SHRINKAGE,30,30,0.6,0.9208333333333333,0.09523809523809523,0.9201680672268907,-17,-8.5,59.0,18,1,0.2527390101027434,0.05725879009149987,0.2670690782981707,0.020773777252562294,0.6686376815633319,0.3370831854983141
ds004444,sub-027,ses-01,C4_LOSO_SHRINKAGE,60,60,0.75,0.9416666666666667,0.3333333333333333,0.9399141630901288,-12,-6.0,15.5,13,1,0.017120047478951947,0.005030645306599297,0.050466881482281296,0.0846439237593803,0.2895602774571824,0.23801881171985
ds004444,sub-027,ses-01,C4_LOSO_SHRINKAGE,90,90,0.8181818181818182,0.9416666666666667,0.3,0.9401709401709402,-14,-7.0,26.0,14,0,0.0768969831223891,0.02965835978821363,0.02441119748183571,0.06381814659214018,0.1466374703033972,0.12267859222611091
ds004444,sub-027,ses-01,C4_LOSO_SHRINKAGE,120,120,0.8571428571428571,0.9583333333333334,0.5,0.9565217391304348,-10,-5.0,18.0,10,0,0.028033033943806546,0.018780393206006465,0.024576640071782858,0.0446865415934734,0.08591178514638156,0.04131062215232102
ds004444,sub-027,ses-01,C4_LOSO_SHRINKAGE,full,305,0.9384615384615385,1.0,1.0,1.0,0,0.0,0.0,0,0,0.0,0.0,0.0,0.0,0.0,0.0
ds004444,sub-027,ses-16,C0_CURRENT_OVERLAP_EMPIRICAL,15,30,,0.9083333333333333,0.2903225806451613,0.9047619047619048,-6,-3.0,7.5,14,8,0.3216064462487227,0.2290591911467285,0.30661463632168817,0.3721817169625292,0.051280776930982236,0.724783287733545
ds004444,sub-027,ses-16,C0_CURRENT_OVERLAP_EMPIRICAL,30,60,,0.9125,0.3225806451612903,0.908695652173913,-5,-2.5,6.5,13,8,0.2969546245428719,0.09159256118545281,0.1902953217477421,0.2197666496034034,0.019929677805910914,1.0964562832194387
ds004444,sub-027,ses-16,C0_CURRENT_OVERLAP_EMPIRICAL,60,120,,0.9041666666666667,0.30303030303030304,0.9,-3,-1.5,6.5,13,10,0.27839228313691616,0.08785782237754883,0.1902953217477421,0.14743878450230488,0.050155264525933906,0.9706546779449114
ds004444,sub-027,ses-16,C0_CURRENT_OVERLAP_EMPIRICAL,90,180,,0.9583333333333334,0.6296296296296297,0.9551569506726457,-2,-1.0,3.5,6,4,0.06140872268247636,0.04173873766578468,0.025770699406719444,0.032321945254629496,0.01726281983083361,1.025355419797048
ds004444,sub-027,ses-16,C0_CURRENT_OVERLAP_EMPIRICAL,120,240,,0.9583333333333334,0.6428571428571429,0.954954954954955,0,0.0,3.5,5,5,0.052149017225314426,0.05314265335082882,0.03631141804970227,0.04327970912376449,0.01813664364747708,0.8459154026454536
ds004444,sub-027,ses-16,C0_CURRENT_OVERLAP_EMPIRICAL,full,616,,1.0,1.0,1.0,0,0.0,0.0,0,0,0.0,0.0,0.0,0.0,0.0,0.0
ds004444,sub-027,ses-16,C1_NONOVERLAP_EMPIRICAL,15,15,,0.9583333333333334,0.6551724137931034,0.9547511312217195,8,4.0,0.0,1,9,0.01704118252521022,0.07682904440518319,0.12196751313239355,0.24102803282004173,0.02029733125304966,0.2325722970783421
ds004444,sub-027,ses-16,C1_NONOVERLAP_EMPIRICAL,30,30,,0.9375,0.4,0.9347826086956522,-5,-2.5,8.0,10,5,0.2347822761544999,0.036865433071941595,0.08931882531002033,0.16925487000437078,0.013820727528486785,0.3136964930558707
ds004444,sub-027,ses-16,C1_NONOVERLAP_EMPIRICAL,60,60,,0.9166666666666666,0.3103448275862069,0.9134199134199135,-2,-1.0,6.5,11,9,0.3343904021208377,0.0852268729588039,0.16344804338415161,0.1267703544792695,0.03680738891953731,0.3163144459438457
ds004444,sub-027,ses-16,C1_NONOVERLAP_EMPIRICAL,90,90,,0.9625,0.6086956521739131,0.9601769911504425,-3,-1.5,0.0,6,3,0.0672400027410448,0.03889641405754386,0.028774712445524892,0.04336847325666322,0.014665280199861404,0.2645353903188865
ds004444,sub-027,ses-16,C1_NONOVERLAP_EMPIRICAL,120,120,,0.9583333333333334,0.6428571428571429,0.954954954954955,6,3.0,0.0,2,8,0.03047165644013776,0.04741096529250246,0.02756229742189267,0.051153318138796935,0.0064593461062816895,0.17600869325146024
ds004444,sub-027,ses-16,C1_NONOVERLAP_EMPIRICAL,full,308,,1.0,1.0,1.0,0,0.0,0.0,0,0,0.0,0.0,0.0,0.0,0.0,0.0
ds004444,sub-027,ses-16,C2_NONOVERLAP_HARRELL_DAVIS,15,15,,0.8958333333333334,0.32432432432432434,0.8903508771929824,9,4.5,0.0,8,17,0.12313103669753425,0.24416937123893104,0.31122311991508916,0.3681866235670328,0.9389282777995148,0.25707905876956827
ds004444,sub-027,ses-16,C2_NONOVERLAP_HARRELL_DAVIS,30,30,,0.9333333333333333,0.38461538461538464,0.9304347826086956,-4,-2.0,3.0,10,6,0.26340301361749796,0.05974993214814214,0.12814569026251585,0.17043784564012626,0.1753041876913669,0.3486136496817366
ds004444,sub-027,ses-16,C2_NONOVERLAP_HARRELL_DAVIS,60,60,,0.9208333333333333,0.32142857142857145,0.9177489177489178,-3,-1.5,7.5,11,8,0.34229925298936964,0.08546040130432542,0.20993894254616957,0.14856739726104504,0.03365057141450806,0.2989975379437755
ds004444,sub-027,ses-16,C2_NONOVERLAP_HARRELL_DAVIS,90,90,,0.95,0.5,0.9473684210526315,-4,-2.0,0.0,8,4,0.12279613342734327,0.047628610314428235,0.023309207934210544,0.05383517311158009,0.001083593985787033,0.27784326776701185
ds004444,sub-027,ses-16,C2_NONOVERLAP_HARRELL_DAVIS,120,120,,0.9666666666666667,0.6923076923076923,0.963963963963964,4,2.0,0.0,2,6,0.029206806115300066,0.05399759649452548,0.028608550181802576,0.054382459187867334,0.01491944982701352,0.15336272934577397
ds004444,sub-027,ses-16,C2_NONOVERLAP_HARRELL_DAVIS,full,308,,1.0,1.0,1.0,0,0.0,0.0,0,0,0.0,0.0,0.0,0.0,0.0,0.0
ds004444,sub-027,ses-16,C3_BLOCK_SUBSAMPLE_EMPIRICAL,30,15,,0.925,0.3076923076923077,0.9224137931034483,-8,-4.0,15.5,13,5,0.31363062855683255,0.01962975248727221,0.16014535447959846,0.152290616057108,0.028055422567190312,0.17790573527841394
ds004444,sub-027,ses-16,C3_BLOCK_SUBSAMPLE_EMPIRICAL,60,30,,0.9166666666666666,0.2857142857142857,0.9137931034482759,-6,-3.0,15.5,13,7,0.45621831031256643,0.07945847532617652,0.19977160077843553,0.17851154739250588,0.03371219103296126,0.17059190412512792
ds004444,sub-027,ses-16,C3_BLOCK_SUBSAMPLE_EMPIRICAL,90,45,,0.9208333333333333,0.32142857142857145,0.9177489177489178,-5,-2.5,0.0,12,7,0.2304718149859044,0.03297351597126465,0.13409951761826813,0.07678298262792778,0.004783055549227623,0.2006380586097957
ds004444,sub-027,ses-16,C3_BLOCK_SUBSAMPLE_EMPIRICAL,120,60,,0.9333333333333333,0.4074074074074074,0.9301310043668122,-4,-2.0,0.0,10,6,0.1137873774050986,0.03900150572330897,0.07106867322838187,0.04886639396425845,0.00901717817029756,0.13300356527415683
ds004444,sub-027,ses-16,C3_BLOCK_SUBSAMPLE_EMPIRICAL,full,154,,1.0,1.0,1.0,0,0.0,0.0,0,0,0.0,0.0,0.0,0.0,0.0,0.0
ds004444,sub-027,ses-16,C4_LOSO_SHRINKAGE,15,15,0.42857142857142855,0.9333333333333333,0.2,0.9322033898305084,-16,-8.0,51.5,16,0,0.24207655411776483,0.18729274595732873,0.3431344072981805,0.014641268619868834,0.03225580848175266,0.3118821335607943
ds004444,sub-027,ses-16,C4_LOSO_SHRINKAGE,30,30,0.6,0.9375,0.25,0.9361702127659575,-15,-7.5,51.5,15,0,0.2929793061166644,0.1246389432269565,0.24611182133325465,0.023692062563147265,0.0188958536348413,0.0790517578818473
ds004444,sub-027,ses-16,C4_LOSO_SHRINKAGE,60,60,0.75,0.9375,0.375,0.935064935064935,-7,-3.5,12.0,11,4,0.3307673891124473,0.1201253998427625,0.22668533469721028,0.052214690637550444,0.012559152621326659,0.0948007966331448
ds004444,sub-027,ses-16,C4_LOSO_SHRINKAGE,90,90,0.8181818181818182,0.9625,0.5909090909090909,0.960352422907489,-5,-2.5,0.0,7,2,0.1090981278455463,0.06792348224986607,0.09201010887412746,0.007720215560549171,0.02176315449238371,0.12860266382984098
ds004444,sub-027,ses-16,C4_LOSO_SHRINKAGE,120,120,0.8571428571428571,0.95,0.52,0.947136563876652,-2,-1.0,0.0,7,5,0.06307818598692415,0.06474522418701786,0.06974913592479011,0.025316228351477447,0.0010126565751168402,0.09155775162048081
ds004444,sub-027,ses-16,C4_LOSO_SHRINKAGE,full,308,0.9390243902439024,1.0,1.0,1.0,0,0.0,0.0,0,0,0.0,0.0,0.0,0.0,0.0,0.0
ds004444,sub-028,ses-01,C0_CURRENT_OVERLAP_EMPIRICAL,15,30,,0.9208333333333333,0.05,0.9205020920502092,-15,-7.5,39.5,17,2,0.13365912187332157,0.002728546071060418,0.2837748341353027,0.00529995843861986,0.0321842754017314,41.2383258791152
ds004444,sub-028,ses-01,C0_CURRENT_OVERLAP_EMPIRICAL,30,60,,0.9708333333333333,0.6111111111111112,0.9694323144104804,-7,-3.5,3.5,7,0,0.10343915485138072,0.010229809753515728,0.13864643532896107,0.030925938149263633,0.0036466101516620755,53.02769383503686
ds004444,sub-028,ses-01,C0_CURRENT_OVERLAP_EMPIRICAL,60,120,,0.975,0.6666666666666666,0.9736842105263158,-6,-3.0,3.5,6,0,0.07014059492158836,0.0018935625384189157,0.04410487475881627,0.0393963138609076,0.02698599250702028,45.16639887941056
ds004444,sub-028,ses-01,C0_CURRENT_OVERLAP_EMPIRICAL,90,180,,0.9875,0.8333333333333334,0.9866666666666667,-3,-1.5,0.0,3,0,0.008519908863466706,0.036555033932731136,0.11368288882993119,0.048069496902835525,0.028467085698815293,47.54394898958344
ds004444,sub-028,ses-01,C0_CURRENT_OVERLAP_EMPIRICAL,120,240,,0.9875,0.8333333333333334,0.9866666666666667,-3,-1.5,0.0,3,0,0.008211115845370978,0.022033209415478035,0.07209689939289653,0.046754850200214436,0.03270185877787198,46.30106722072061
ds004444,sub-028,ses-01,C0_CURRENT_OVERLAP_EMPIRICAL,full,616,,1.0,1.0,1.0,0,0.0,0.0,0,0,0.0,0.0,0.0,0.0,0.0,0.0
ds004444,sub-028,ses-01,C1_NONOVERLAP_EMPIRICAL,15,15,,0.9333333333333333,0.15789473684210525,0.9324894514767933,-14,-7.0,39.5,15,1,0.2150060421707397,0.01935030495102948,0.1911791321139618,0.06426917196427188,0.04577313720513708,0.25987379664650306
ds004444,sub-028,ses-01,C1_NONOVERLAP_EMPIRICAL,30,30,,0.9916666666666667,0.8947368421052632,0.9910313901345291,0,0.0,0.0,1,1,0.0564877390840262,0.00802547728884387,0.09207579525700883,0.02584047592804095,0.011191963858526673,0.08799811344596688
ds004444,sub-028,ses-01,C1_NONOVERLAP_EMPIRICAL,60,60,,0.9916666666666667,0.8947368421052632,0.9910313901345291,0,0.0,0.0,1,1,0.045534301051510746,0.04415069152945393,0.0007850196920236851,0.0011749519803987143,0.02374436391075179,0.022286637259631866
ds004444,sub-028,ses-01,C1_NONOVERLAP_EMPIRICAL,90,90,,0.9916666666666667,0.8888888888888888,0.9910714285714286,-2,-1.0,0.0,2,0,0.02823524318171567,0.008124819758204286,0.0340170637889426,0.053617260103766044,0.027142388028744645,0.009980616499861325
ds004444,sub-028,ses-01,C1_NONOVERLAP_EMPIRICAL,120,120,,0.9916666666666667,0.8888888888888888,0.9910714285714286,-2,-1.0,0.0,2,0,0.008147762696663336,0.016564610022761342,0.040321251983313454,0.06377334064541497,0.03310055071964407,0.029051788086638053
ds004444,sub-028,ses-01,C1_NONOVERLAP_EMPIRICAL,full,308,,1.0,1.0,1.0,0,0.0,0.0,0,0,0.0,0.0,0.0,0.0,0.0,0.0
ds004444,sub-028,ses-01,C2_NONOVERLAP_HARRELL_DAVIS,15,15,,0.9333333333333333,0.2,0.9322033898305084,-12,-6.0,23.5,14,2,0.20069755689201266,0.06456887337269475,0.11181158976832632,0.08285706048792564,0.7675334647470613,0.1861035162611232
ds004444,sub-028,ses-01,C2_NONOVERLAP_HARRELL_DAVIS,30,30,,0.9583333333333334,0.4444444444444444,0.9568965517241379,-10,-5.0,6.0,10,0,0.1637849758739268,0.03831182990135018,0.044332225255837895,0.02557631957218009,0.15955464108611764,0.11297571267083119
ds004444,sub-028,ses-01,C2_NONOVERLAP_HARRELL_DAVIS,60,60,,1.0,1.0,1.0,0,0.0,0.0,0,0,0.03341859299330555,0.07292952915893054,0.04890650204392326,0.0024561566953201935,0.019421855307815372,0.005198848049842618
ds004444,sub-028,ses-01,C2_NONOVERLAP_HARRELL_DAVIS,90,90,,0.9791666666666666,0.7222222222222222,0.9779735682819384,-5,-2.5,3.5,5,0,0.018226639529745303,0.0019023700704381113,0.030607136421112242,0.035114070688046374,0.028909342569934493,0.002501172428215677
ds004444,sub-028,ses-01,C2_NONOVERLAP_HARRELL_DAVIS,120,120,,0.9708333333333333,0.6111111111111112,0.9694323144104804,-7,-3.5,3.5,7,0,0.034683198937052406,0.011181221825956758,0.047398964207724555,0.048346457583391345,0.038572623901559806,0.03677176553899633
ds004444,sub-028,ses-01,C2_NONOVERLAP_HARRELL_DAVIS,full,308,,1.0,1.0,1.0,0,0.0,0.0,0,0,0.0,0.0,0.0,0.0,0.0,0.0
ds004444,sub-028,ses-01,C3_BLOCK_SUBSAMPLE_EMPIRICAL,30,15,,0.9666666666666667,0.38461538461538464,0.9659574468085106,-4,-2.0,2.5,6,2,0.1557995509310257,0.11183817242278905,0.08154476027997769,0.07809701514720337,0.022194109626101594,0.010854126332167775
ds004444,sub-028,ses-01,C3_BLOCK_SUBSAMPLE_EMPIRICAL,60,30,,0.9666666666666667,0.5294117647058824,0.9653679653679653,4,2.0,-9.5,2,6,0.1336538132578392,0.08152557516980738,0.09992011236251677,0.008654955516489874,0.018993025677795573,0.134022628853917
ds004444,sub-028,ses-01,C3_BLOCK_SUBSAMPLE_EMPIRICAL,90,45,,0.975,0.6,0.974025974025974,2,1.0,-3.5,2,4,0.10955860599729092,0.012049725950743507,0.12461476983581393,0.02796781812591264,0.022194109626101594,0.057872692068231486
ds004444,sub-028,ses-01,C3_BLOCK_SUBSAMPLE_EMPIRICAL,120,60,,0.9875,0.75,0.987012987012987,-1,-0.5,0.0,2,1,0.03594865177249207,0.008311080686171212,0.09124431575645951,0.023503312006705437,0.024328889749118735,0.07158707093892416
ds004444,sub-028,ses-01,C3_BLOCK_SUBSAMPLE_EMPIRICAL,full,154,,1.0,1.0,1.0,0,0.0,0.0,0,0,0.0,0.0,0.0,0.0,0.0,0.0
ds004444,sub-028,ses-01,C4_LOSO_SHRINKAGE,15,15,0.42857142857142855,0.9291666666666667,0.0,0.9291666666666667,-17,-8.5,91.5,17,0,0.22382282239289308,0.013148872591822387,0.15875533908173328,0.18738996486678874,0.14201719762693976,0.5374030972636125
ds004444,sub-028,ses-01,C4_LOSO_SHRINKAGE,30,30,0.6,0.9375,0.2857142857142857,0.9358974358974359,-7,-3.5,2.0,11,4,0.12092314639566092,0.009427397377380206,0.10627501265850993,0.12731888554123807,0.10075863877657347,0.2237872137107736
ds004444,sub-028,ses-01,C4_LOSO_SHRINKAGE,60,60,0.75,0.9708333333333333,0.631578947368421,0.9692982456140351,-3,-1.5,-6.0,5,2,0.08291224685410388,0.025249967528851426,0.028765913052161887,0.08075821470623265,0.07814783173683859,0.1732445767587693
ds004444,sub-028,ses-01,C4_LOSO_SHRINKAGE,90,90,0.8181818181818182,0.9708333333333333,0.631578947368421,0.9692982456140351,-3,-1.5,-6.0,5,2,0.0542943624732994,0.011745716129183592,0.04609519553895973,0.09604925047130444,0.0609917111277165,0.10810818062234297
ds004444,sub-028,ses-01,C4_LOSO_SHRINKAGE,120,120,0.8571428571428571,0.9833333333333333,0.7647058823529411,0.9823788546255506,-4,-2.0,0.0,4,0,0.013799893152837757,0.01767752932026294,0.0470786045602417,0.09066221290000599,0.05490956690646672,0.09359395985379795
ds004444,sub-028,ses-01,C4_LOSO_SHRINKAGE,full,308,0.9390243902439024,1.0,1.0,1.0,0,0.0,0.0,0,0,0.0,0.0,0.0,0.0,0.0,0.0
ds004444,sub-028,ses-16,C0_CURRENT_OVERLAP_EMPIRICAL,15,30,,0.9375,0.0,0.9375,-13,-6.5,26.5,14,1,0.45504243061580685,0.031152719623738032,0.1449429495649613,0.23249577027932944,0.1340257477668408,55.757758812611016
ds004444,sub-028,ses-16,C0_CURRENT_OVERLAP_EMPIRICAL,30,60,,0.95,0.2,0.9493670886075949,-10,-5.0,51.5,11,1,0.042577350128009235,0.14575534636687063,0.1773367429146521,0.30501523350497395,0.14983461836552817,46.188760408319844
ds004444,sub-028,ses-16,C0_CURRENT_OVERLAP_EMPIRICAL,60,120,,0.9458333333333333,0.1875,0.9451476793248945,-9,-4.5,51.5,11,2,0.19159149296645328,0.14751599722681144,0.18801473372361804,0.30753911443342674,0.1469614288728477,50.78453092403804
ds004444,sub-028,ses-16,C0_CURRENT_OVERLAP_EMPIRICAL,90,180,,0.9541666666666667,0.26666666666666666,0.9533898305084746,-9,-4.5,50.5,10,1,0.19159149296645328,0.1322345468965643,0.20540810952528532,0.27881665640610603,0.14117946508840334,51.484235074132286
ds004444,sub-028,ses-16,C0_CURRENT_OVERLAP_EMPIRICAL,120,240,,0.9375,0.25,0.9361702127659575,-3,-1.5,18.0,9,6,0.11076647913432605,0.04922722815095451,0.1615682199805012,0.17624723989907687,0.1268107826590234,46.51224861611925
ds004444,sub-028,ses-16,C0_CURRENT_OVERLAP_EMPIRICAL,full,610,,1.0,1.0,1.0,0,0.0,0.0,0,0,0.0,0.0,0.0,0.0,0.0,0.0
ds004444,sub-028,ses-16,C1_NONOVERLAP_EMPIRICAL,15,15,,0.9416666666666667,0.06666666666666667,0.9414225941422594,-14,-7.0,42.0,14,0,0.49682187993993926,0.006513244771438267,0.4513686881762715,0.2857123320317203,0.10594843904800254,0.0699780467580511
ds004444,sub-028,ses-16,C1_NONOVERLAP_EMPIRICAL,30,30,,0.9416666666666667,0.06666666666666667,0.9414225941422594,-14,-7.0,93.5,14,0,0.07268347753812117,0.09092000609585323,0.11255933556794413,0.35526079929305776,0.15594866699403961,0.1402916759020498
ds004444,sub-028,ses-16,C1_NONOVERLAP_EMPIRICAL,60,60,,0.95,0.2,0.9493670886075949,-12,-6.0,67.0,12,0,0.01868571107784702,0.1779372049902783,0.16710408718357506,0.3494901528411227,0.14626286848153514,0.07762010566822553
ds004444,sub-028,ses-16,C1_NONOVERLAP_EMPIRICAL,90,90,,0.9458333333333333,0.1875,0.9451476793248945,-11,-5.5,66.0,12,1,0.11910523248083466,0.1382892312320505,0.1736759192093314,0.3035995382875678,0.14230888905564426,0.028200099628682702
ds004444,sub-028,ses-16,C1_NONOVERLAP_EMPIRICAL,120,120,,0.9375,0.21052631578947367,0.9364406779661016,-7,-3.5,35.5,11,4,0.10873256511308652,0.06285673966174933,0.14534536504960957,0.19774153019479834,0.12795910269785743,0.2397432841204333
ds004444,sub-028,ses-16,C1_NONOVERLAP_EMPIRICAL,full,305,,1.0,1.0,1.0,0,0.0,0.0,0,0,0.0,0.0,0.0,0.0,0.0,0.0
ds004444,sub-028,ses-16,C2_NONOVERLAP_HARRELL_DAVIS,15,15,,0.9458333333333333,0.07142857142857142,0.9456066945606695,-13,-6.5,39.5,13,0,0.6840429646172664,0.09427725158673549,0.7951484938813872,0.2331353745777748,0.618222372899643,0.0601586947777059
ds004444,sub-028,ses-16,C2_NONOVERLAP_HARRELL_DAVIS,30,30,,0.9458333333333333,0.07142857142857142,0.9456066945606695,-13,-6.5,90.0,13,0,0.11878864638373868,0.07040318219837244,0.039185676598604315,0.33213648904592896,0.010468949890544354,0.10374815248358221
ds004444,sub-028,ses-16,C2_NONOVERLAP_HARRELL_DAVIS,60,60,,0.9541666666666667,0.21428571428571427,0.9535864978902954,-11,-5.5,64.5,11,0,0.044330161953222175,0.16370855995553754,0.13864328452079547,0.3427319109167656,0.13236001720631316,0.0673925184315846
ds004444,sub-028,ses-16,C2_NONOVERLAP_HARRELL_DAVIS,90,90,,0.95,0.2,0.9493670886075949,-10,-5.0,63.5,11,1,0.10541245082237567,0.1357645828902368,0.17223897465967444,0.29663990465090023,0.13513549255119103,0.054302082828038806
ds004444,sub-028,ses-16,C2_NONOVERLAP_HARRELL_DAVIS,120,120,,0.95,0.25,0.9491525423728814,-8,-4.0,50.0,10,2,0.07712714883774334,0.0676043635313019,0.1393418645421187,0.20144155345355264,0.12348633318055982,0.2371666474683973
ds004444,sub-028,ses-16,C2_NONOVERLAP_HARRELL_DAVIS,full,305,,1.0,1.0,1.0,0,0.0,0.0,0,0,0.0,0.0,0.0,0.0,0.0,0.0
ds004444,sub-028,ses-16,C3_BLOCK_SUBSAMPLE_EMPIRICAL,30,15,,0.9541666666666667,0.08333333333333333,0.9539748953974896,-7,-3.5,64.5,9,2,0.2790383741316935,0.12059954169309113,0.17672127386864792,0.33031872973276505,0.16347265076937958,0.2055068045044328
ds004444,sub-028,ses-16,C3_BLOCK_SUBSAMPLE_EMPIRICAL,60,30,,0.9583333333333334,0.16666666666666666,0.957983193277311,-6,-3.0,64.5,8,2,0.27612947591094145,0.1461132173183881,0.2541753515960175,0.34985343585890477,0.14985931593432147,0.11197724711897357
ds004444,sub-028,ses-16,C3_BLOCK_SUBSAMPLE_EMPIRICAL,90,45,,0.95,0.07692307692307693,0.9497907949790795,-6,-3.0,63.5,9,3,0.25549965384487916,0.13074938385220003,0.27445291962250074,0.2963082542418358,0.150843785368919,0.03651834073091699
ds004444,sub-028,ses-16,C3_BLOCK_SUBSAMPLE_EMPIRICAL,120,60,,0.9458333333333333,0.1875,0.9451476793248945,-1,-0.5,31.0,7,6,0.15836625870892856,0.07778561827526322,0.15999033848755667,0.20245303887198968,0.13277644491235227,0.15334214406264135
ds004444,sub-028,ses-16,C3_BLOCK_SUBSAMPLE_EMPIRICAL,full,153,,1.0,1.0,1.0,0,0.0,0.0,0,0,0.0,0.0,0.0,0.0,0.0,0.0
ds004444,sub-028,ses-16,C4_LOSO_SHRINKAGE,15,15,0.42857142857142855,0.95,0.0,0.95,-12,-6.0,96.5,12,0,0.06182918375519165,0.1112657225772764,0.036202871404438626,0.6065602918751629,0.4569682892266654,0.44691959552809446
ds004444,sub-028,ses-16,C4_LOSO_SHRINKAGE,30,30,0.6,0.95,0.0,0.95,-12,-6.0,96.5,12,0,0.05851449841020018,0.1310390330123167,0.22553397559814653,0.5420997520054672,0.3698945063279309,0.36415181543831454
ds004444,sub-028,ses-16,C4_LOSO_SHRINKAGE,60,60,0.75,0.95,0.0,0.95,-12,-6.0,96.5,12,0,0.07159589847989348,0.177461663297787,0.2157938814701162,0.4535372968403974,0.2664053849749562,0.21468006317797328
ds004444,sub-028,ses-16,C4_LOSO_SHRINKAGE,90,90,0.8181818181818182,0.95,0.0,0.95,-12,-6.0,96.5,12,0,0.13585592738044577,0.14161815808739325,0.2015981137825113,0.37523738085953173,0.2187420637512708,0.12222572788663681
ds004444,sub-028,ses-16,C4_LOSO_SHRINKAGE,120,120,0.8571428571428571,0.95,0.0,0.95,-12,-6.0,96.5,12,0,0.11967624122219435,0.07281537600169855,0.16561736206820937,0.2553346975725772,0.18037672070259478,0.28205040057692604
ds004444,sub-028,ses-16,C4_LOSO_SHRINKAGE,full,305,0.9384615384615385,1.0,1.0,1.0,0,0.0,0.0,0,0,0.0,0.0,0.0,0.0,0.0,0.0
ds004444,sub-029,ses-01,C0_CURRENT_OVERLAP_EMPIRICAL,15,30,,1.0,1.0,1.0,0,0.0,0.0,0,0,1.3835973509213744,0.030418134446989768,0.854926502301346,0.022830699417666037,0.1325565350021425,1.177552233584173
ds004444,sub-029,ses-01,C0_CURRENT_OVERLAP_EMPIRICAL,30,60,,0.9958333333333333,0.0,0.9958333333333333,-1,-0.5,1.0,1,0,0.3223676329830977,0.04717505284368265,0.44843765518182177,0.033500512497234604,0.19224823208401456,0.896467374554547
ds004444,sub-029,ses-01,C0_CURRENT_OVERLAP_EMPIRICAL,60,120,,0.9958333333333333,0.0,0.9958333333333333,-1,-0.5,1.0,1,0,0.3739836607521954,0.00871894697445244,0.13588230308858545,0.012808864984969828,0.10200719591713278,0.6457708829129268
ds004444,sub-029,ses-01,C0_CURRENT_OVERLAP_EMPIRICAL,90,180,,0.9958333333333333,0.5,0.99581589958159,1,0.5,-1.0,0,1,0.6735845222915697,0.0304245258715575,0.4192887023927026,0.02791366115619937,0.19917442949487463,0.12236686601223418
ds004444,sub-029,ses-01,C0_CURRENT_OVERLAP_EMPIRICAL,120,240,,0.9958333333333333,0.5,0.99581589958159,1,0.5,-1.0,0,1,0.6189966232419717,0.0304245258715575,0.4885366907601275,0.02966000737824693,0.19917442949487463,0.12650303102988855
ds004444,sub-029,ses-01,C0_CURRENT_OVERLAP_EMPIRICAL,full,644,,1.0,1.0,1.0,0,0.0,0.0,0,0,0.0,0.0,0.0,0.0,0.0,0.0
ds004444,sub-029,ses-01,C1_NONOVERLAP_EMPIRICAL,15,15,,0.9875,0.0,0.9875,-1,-0.5,44.5,2,1,2.5094889374098637,0.05835873228667678,0.6211647674062972,0.04238448053138013,0.18838258210825373,1.0602459434816047
ds004444,sub-029,ses-01,C1_NONOVERLAP_EMPIRICAL,30,30,,0.9958333333333333,0.5,0.99581589958159,-1,-0.5,45.5,1,0,1.502175346282234,0.010268933437974958,0.5281140807384785,0.0002798551856386916,0.22581568809228345,0.692646141585458
ds004444,sub-029,ses-01,C1_NONOVERLAP_EMPIRICAL,60,60,,0.9958333333333333,0.5,0.99581589958159,-1,-0.5,45.5,1,0,0.9252687276956706,0.006106787237262751,0.21204523090694335,0.01835737161967698,0.017083008220177397,0.7218376964862984
ds004444,sub-029,ses-01,C1_NONOVERLAP_EMPIRICAL,90,90,,0.9958333333333333,0.5,0.99581589958159,-1,-0.5,45.5,1,0,1.1675099399389146,0.04205074081592544,0.3004198329893679,0.03272331338049286,0.1268873549573381,0.01296775482893802
ds004444,sub-029,ses-01,C1_NONOVERLAP_EMPIRICAL,120,120,,0.9958333333333333,0.5,0.99581589958159,-1,-0.5,45.5,1,0,0.8216902573939294,0.04124862667156806,0.5825198918931522,0.04372436747110632,0.1268873549573381,0.03609030642537148
ds004444,sub-029,ses-01,C1_NONOVERLAP_EMPIRICAL,full,322,,1.0,1.0,1.0,0,0.0,0.0,0,0,0.0,0.0,0.0,0.0,0.0,0.0
ds004444,sub-029,ses-01,C2_NONOVERLAP_HARRELL_DAVIS,15,15,,0.9916666666666667,0.0,0.9916666666666667,0,0.0,-1.0,1,1,2.5080132918266265,0.06637026978178753,2.6171949721884817,0.04119242350873732,0.020985822119909372,1.0189542506878386
ds004444,sub-029,ses-01,C2_NONOVERLAP_HARRELL_DAVIS,30,30,,1.0,1.0,1.0,0,0.0,0.0,0,0,1.4290696458220122,0.0018469426013006391,0.07176271688396835,0.004435843957048908,0.21620710571515572,0.8033377155942716
ds004444,sub-029,ses-01,C2_NONOVERLAP_HARRELL_DAVIS,60,60,,1.0,1.0,1.0,0,0.0,0.0,0,0,1.0067508223523856,0.01736067414425946,0.05295716581132199,0.02585228563507268,0.2078141056240713,0.6898488096873207
ds004444,sub-029,ses-01,C2_NONOVERLAP_HARRELL_DAVIS,90,90,,1.0,1.0,1.0,0,0.0,0.0,0,0,1.1158699798136167,0.0487351232643727,0.4303129457400134,0.04272327064320507,0.2006573475913032,0.13111626483420596
ds004444,sub-029,ses-01,C2_NONOVERLAP_HARRELL_DAVIS,120,120,,1.0,1.0,1.0,0,0.0,0.0,0,0,0.95871599073943,0.04511001208070646,0.7020331075351406,0.04748918013705998,0.19273580047984287,0.1073641351798788
ds004444,sub-029,ses-01,C2_NONOVERLAP_HARRELL_DAVIS,full,322,,1.0,1.0,1.0,0,0.0,0.0,0,0,0.0,0.0,0.0,0.0,0.0,0.0
ds004444,sub-029,ses-01,C3_BLOCK_SUBSAMPLE_EMPIRICAL,30,15,,0.9916666666666667,0.0,0.9916666666666667,-2,-1.0,46.5,2,0,1.99967935039211,0.0034429111632684117,0.4308880554084128,0.0018211612682053349,0.17859824938747773,0.6103418202639531
ds004444,sub-029,ses-01,C3_BLOCK_SUBSAMPLE_EMPIRICAL,60,30,,0.9958333333333333,0.5,0.99581589958159,-1,-0.5,45.5,1,0,1.1261264088335874,0.01236842316585979,0.2439313810125604,0.052789804079933264,0.13099331124713523,0.4889492286308146
ds004444,sub-029,ses-01,C3_BLOCK_SUBSAMPLE_EMPIRICAL,90,45,,0.9958333333333333,0.5,0.99581589958159,-1,-0.5,45.5,1,0,1.3217667110173386,0.03533141810563807,0.3429231114658697,0.06737181729765149,0.29706842148177687,0.1303228955075255
ds004444,sub-029,ses-01,C3_BLOCK_SUBSAMPLE_EMPIRICAL,120,60,,0.9958333333333333,0.5,0.99581589958159,-1,-0.5,45.5,1,0,1.365121299702707,0.0299676726476505,0.5522958958819943,0.06862592131775568,0.35609089056523135,0.09247020511228862
ds004444,sub-029,ses-01,C3_BLOCK_SUBSAMPLE_EMPIRICAL,full,161,,1.0,1.0,1.0,0,0.0,0.0,0,0,0.0,0.0,0.0,0.0,0.0,0.0
ds004444,sub-029,ses-01,C4_LOSO_SHRINKAGE,15,15,0.42857142857142855,0.9875,0.0,0.9875,-3,-1.5,61.0,3,0,1.8894935118756269,0.32966022564319797,0.043949947213330086,0.17139579910198818,0.005888968976145838,0.10762098535857596
ds004444,sub-029,ses-01,C4_LOSO_SHRINKAGE,30,30,0.6,0.9875,0.0,0.9875,-3,-1.5,61.0,3,0,1.4236705622553922,0.1974682018893143,0.47776353050670467,0.10206765495369237,0.07701524134071008,0.18942251590977158
ds004444,sub-029,ses-01,C4_LOSO_SHRINKAGE,60,60,0.75,0.9916666666666667,0.3333333333333333,0.9916317991631799,-2,-1.0,60.0,2,0,0.9669488350271294,0.11849315792125163,0.2487742147758553,0.07085780903217069,0.01936119181410685,0.4274027881613986
ds004444,sub-029,ses-01,C4_LOSO_SHRINKAGE,90,90,0.8181818181818182,0.9875,0.0,0.9875,-3,-1.5,61.0,3,0,1.0772786100498488,0.10666921101178721,0.19710532731516084,0.06322580670603581,0.12343987758678425,0.07688397502754539
ds004444,sub-029,ses-01,C4_LOSO_SHRINKAGE,120,120,0.8571428571428571,0.9875,0.0,0.9875,-3,-1.5,61.0,3,0,0.7824224373001198,0.08438110041725456,0.47464521975369567,0.06208001573855166,0.12181561947837018,0.027934079923666748
ds004444,sub-029,ses-01,C4_LOSO_SHRINKAGE,full,322,0.9415204678362573,1.0,1.0,1.0,0,0.0,0.0,0,0,0.0,0.0,0.0,0.0,0.0,0.0
ds004444,sub-029,ses-16,C0_CURRENT_OVERLAP_EMPIRICAL,15,30,,0.9875,0.0,0.9875,-3,-1.5,74.5,3,0,1.3426444376234035,0.2099466683115775,2.0601925523573255,0.10140216809316473,0.13946260303738783,4.747115841710693
ds004444,sub-029,ses-16,C0_CURRENT_OVERLAP_EMPIRICAL,30,60,,0.9708333333333333,0.3,0.9704641350210971,7,3.5,-8.5,0,7,0.19751090306658012,0.006220140344402816,0.14896561943165584,0.04242445762921492,0.13946260303738783,2.6535559074989004
ds004444,sub-029,ses-16,C0_CURRENT_OVERLAP_EMPIRICAL,60,120,,0.9625,0.1,0.9623430962343096,5,2.5,-8.5,2,7,0.218244881743216,0.025446213642627707,0.41333494502036083,0.004264762181514175,0.039091805042782,2.583581461990617
ds004444,sub-029,ses-16,C0_CURRENT_OVERLAP_EMPIRICAL,90,180,,0.9625,0.1,0.9623430962343096,5,2.5,-8.5,2,7,0.19751090306658012,0.013534598157512723,0.21640262667032611,0.02278015345722059,0.11275856664012204,2.653827737249476
ds004444,sub-029,ses-16,C0_CURRENT_OVERLAP_EMPIRICAL,120,240,,0.9666666666666667,0.2,0.9663865546218487,6,3.0,-8.5,1,7,0.20062763767323818,0.012067317494228003,0.2331851737859547,0.012389205692425848,0.10057367404540256,1.437426388564565
ds004444,sub-029,ses-16,C0_CURRENT_OVERLAP_EMPIRICAL,full,608,,1.0,1.0,1.0,0,0.0,0.0,0,0,0.0,0.0,0.0,0.0,0.0,0.0
ds004444,sub-029,ses-16,C1_NONOVERLAP_EMPIRICAL,15,15,,0.9833333333333333,0.0,0.9833333333333333,-4,-2.0,81.5,4,0,2.036210046702853,0.24148863682297128,5.856308686220582,0.14521952922378753,0.03553234567032993,3.235598897586031
ds004444,sub-029,ses-16,C1_NONOVERLAP_EMPIRICAL,30,30,,0.9958333333333333,0.8,0.9957627118644068,1,0.5,0.0,0,1,0.007267332105150829,0.01679677083291502,0.14955016071006377,0.04863378537002793,0.09351553568296003,2.9569937976584826
ds004444,sub-029,ses-16,C1_NONOVERLAP_EMPIRICAL,60,60,,0.9833333333333333,0.5,0.9830508474576272,4,2.0,-1.5,0,4,0.20139022619415456,0.024032601908335918,0.2752240312153426,0.0070077229796014565,0.08511154003071467,1.8620318488611625
ds004444,sub-029,ses-16,C1_NONOVERLAP_EMPIRICAL,90,90,,0.9875,0.5714285714285714,0.9872881355932204,3,1.5,-1.5,0,3,0.15198641254169518,0.0027278316330285493,0.12487944375946892,0.013571442664954247,0.11943070939782749,1.9195934353893538
ds004444,sub-029,ses-16,C1_NONOVERLAP_EMPIRICAL,120,120,,0.9833333333333333,0.5,0.9830508474576272,4,2.0,-1.5,0,4,0.20139022619415456,0.011354669557964266,0.22949795777837975,0.006086198665710245,0.08872845154573565,0.9871457985907405
ds004444,sub-029,ses-16,C1_NONOVERLAP_EMPIRICAL,full,304,,1.0,1.0,1.0,0,0.0,0.0,0,0,0.0,0.0,0.0,0.0,0.0,0.0
ds004444,sub-029,ses-16,C2_NONOVERLAP_HARRELL_DAVIS,15,15,,0.9875,0.0,0.9875,-3,-1.5,74.5,3,0,2.942029036458907,0.4571064536855847,11.081843919060361,0.2011705305781824,0.07779551385829366,3.228505206502704
ds004444,sub-029,ses-16,C2_NONOVERLAP_HARRELL_DAVIS,30,30,,0.9916666666666667,0.3333333333333333,0.9916317991631799,-2,-1.0,50.0,2,0,0.2098131509438743,0.044492117378051865,2.570223111755687,0.06656934214241268,0.024407177253964022,2.9505882169115325
ds004444,sub-029,ses-16,C2_NONOVERLAP_HARRELL_DAVIS,60,60,,0.975,0.25,0.9747899159663865,4,2.0,-8.5,1,5,0.16246006086300052,0.017991648986964034,0.19990988852513425,0.003609252142248476,0.04627079630424058,2.270728154709221
ds004444,sub-029,ses-16,C2_NONOVERLAP_HARRELL_DAVIS,90,90,,0.9791666666666666,0.375,0.9789029535864979,5,2.5,-8.5,0,5,0.14478970342512587,0.0011390044052877195,0.11853708042493116,0.01711425139047688,0.1354487706086996,2.0313129238368774
ds004444,sub-029,ses-16,C2_NONOVERLAP_HARRELL_DAVIS,120,120,,0.9708333333333333,0.2222222222222222,0.9705882352941176,5,2.5,-8.5,1,6,0.1920804017871944,0.007869423326923175,0.1669489212563693,0.0033868266837473564,0.09666730766780335,1.0288163291220276
ds004444,sub-029,ses-16,C2_NONOVERLAP_HARRELL_DAVIS,full,304,,1.0,1.0,1.0,0,0.0,0.0,0,0,0.0,0.0,0.0,0.0,0.0,0.0
ds004444,sub-029,ses-16,C3_BLOCK_SUBSAMPLE_EMPIRICAL,30,15,,0.9708333333333333,0.125,0.9707112970711297,5,2.5,-50.5,1,6,0.1857115394140842,0.012186185941740448,0.14281364705692523,0.03392916690557117,0.416159708481329,4.4406161644915825
ds004444,sub-029,ses-16,C3_BLOCK_SUBSAMPLE_EMPIRICAL,60,30,,0.9833333333333333,0.2,0.9832635983263598,2,1.0,-49.0,1,3,0.05669957930845526,0.01656900629488575,0.3420828042360484,0.013616489770541565,0.2447526593874685,3.7709880456789384
ds004444,sub-029,ses-16,C3_BLOCK_SUBSAMPLE_EMPIRICAL,90,45,,0.9708333333333333,0.125,0.9707112970711297,5,2.5,-50.5,1,6,0.18478002885488684,0.0004771253033405753,0.08487065453425859,0.009051560655750409,0.2046532672204569,4.057712901505932
ds004444,sub-029,ses-16,C3_BLOCK_SUBSAMPLE_EMPIRICAL,120,60,,0.9708333333333333,0.2222222222222222,0.9705882352941176,7,3.5,-50.5,0,7,0.21180276892494748,0.011306813754822516,0.0,0.00616253206255028,0.1877423508195901,1.7132284983814374
ds004444,sub-029,ses-16,C3_BLOCK_SUBSAMPLE_EMPIRICAL,full,152,,1.0,1.0,1.0,0,0.0,0.0,0,0,0.0,0.0,0.0,0.0,0.0,0.0
ds004444,sub-029,ses-16,C4_LOSO_SHRINKAGE,15,15,0.42857142857142855,0.9958333333333333,0.0,0.9958333333333333,-1,-0.5,24.5,1,0,2.5002195774374965,0.47133856786344314,3.4143602946501943,0.2646994124129484,0.45188828122811037,1.3942812510254252
ds004444,sub-029,ses-16,C4_LOSO_SHRINKAGE,30,30,0.6,0.9958333333333333,0.0,0.9958333333333333,-1,-0.5,24.5,1,0,1.2112050305610613,0.25684796933381926,0.9380547379983599,0.16384764193960671,0.23719609588765417,1.778293432052371
ds004444,sub-029,ses-16,C4_LOSO_SHRINKAGE,60,60,0.75,0.9958333333333333,0.0,0.9958333333333333,-1,-0.5,24.5,1,0,0.5544751222663341,0.12038631872140798,0.306079439969421,0.07022703142899318,0.10113857123869892,1.3983519773607767
ds004444,sub-029,ses-16,C4_LOSO_SHRINKAGE,90,90,0.8181818181818182,0.9958333333333333,0.0,0.9958333333333333,-1,-0.5,24.5,1,0,0.33183812249501904,0.08563600842311,0.2200832102346106,0.05889376813351482,0.010532008006024664,1.5709909140680902
ds004444,sub-029,ses-16,C4_LOSO_SHRINKAGE,120,120,0.8571428571428571,0.9958333333333333,0.0,0.9958333333333333,-1,-0.5,24.5,1,0,0.15509757853703837,0.04999915048651879,0.04108948049982779,0.02738274519795486,0.002392226549121128,0.8466425708695926
ds004444,sub-029,ses-16,C4_LOSO_SHRINKAGE,full,304,0.9382716049382716,1.0,1.0,1.0,0,0.0,0.0,0,0,0.0,0.0,0.0,0.0,0.0,0.0
ds004444,sub-030,ses-01,C0_CURRENT_OVERLAP_EMPIRICAL,15,30,,0.9333333333333333,0.6,0.9259259259259259,2,1.0,-11.0,7,9,0.08887670492238321,0.012797382411283226,0.5127398955329345,0.013942768086612725,0.09939698384873641,0.028417769948851118
ds004444,sub-030,ses-01,C0_CURRENT_OVERLAP_EMPIRICAL,30,60,,0.95,0.6470588235294118,0.944954128440367,-6,-3.0,-6.0,9,3,0.039147708530848625,0.0327808043240902,0.30070958029599487,0.012557996447062634,0.09939698384873641,0.02824362717866406
ds004444,sub-030,ses-01,C0_CURRENT_OVERLAP_EMPIRICAL,60,120,,0.9791666666666666,0.8387096774193549,0.9766355140186916,-5,-2.5,0.0,5,0,0.0016347352374075327,0.024691161394716464,0.1402883687262628,0.02643073111279607,0.08132009560746674,0.010232606615570846
ds004444,sub-030,ses-01,C0_CURRENT_OVERLAP_EMPIRICAL,90,180,,0.9666666666666667,0.7419354838709677,0.9631336405529954,-8,-4.0,0.0,8,0,0.06045268306376825,0.02746732372823344,0.0823949582660119,0.021960337347126033,0.08418658292702531,0.01677141568071239
ds004444,sub-030,ses-01,C0_CURRENT_OVERLAP_EMPIRICAL,120,240,,0.9666666666666667,0.7419354838709677,0.9631336405529954,-8,-4.0,0.0,8,0,0.05601255416801029,0.01977913413102005,0.012793818752209174,0.019439095384529138,0.08132009560746674,0.03312620780863661
ds004444,sub-030,ses-01,C0_CURRENT_OVERLAP_EMPIRICAL,full,612,,1.0,1.0,1.0,0,0.0,0.0,0,0,0.0,0.0,0.0,0.0,0.0,0.0
ds004444,sub-030,ses-01,C1_NONOVERLAP_EMPIRICAL,15,15,,0.925,0.5263157894736842,0.9181818181818182,0,0.0,-11.0,9,9,0.08074441251538143,0.017421672466619346,0.3836107879388787,0.03719596894199382,0.027662642435818056,0.018552102170769028
ds004444,sub-030,ses-01,C1_NONOVERLAP_EMPIRICAL,30,30,,0.95,0.6363636363636364,0.9452054794520548,-4,-2.0,-6.0,8,4,0.0659961198412489,0.03652475541435108,0.2726425402006851,0.018863020869886404,0.02999081482764734,0.06015845758376921
ds004444,sub-030,ses-01,C1_NONOVERLAP_EMPIRICAL,60,60,,0.9875,0.896551724137931,0.985981308411215,-3,-1.5,0.0,3,0,0.015480409065689425,0.010251548447108795,0.18582003314167225,0.024201845114377882,0.10106562235050498,0.03722687268183449
ds004444,sub-030,ses-01,C1_NONOVERLAP_EMPIRICAL,90,90,,0.9708333333333333,0.7586206896551724,0.9678899082568807,-7,-3.5,0.0,7,0,0.056031676119382895,0.020093422025800025,0.07938595645842493,0.021331446471603392,0.09554891687114783,0.0733801892239275
ds004444,sub-030,ses-01,C1_NONOVERLAP_EMPIRICAL,120,120,,0.9666666666666667,0.75,0.9629629629629629,-2,-1.0,-11.0,5,3,0.04840772122512035,0.013001504633703528,0.06869312618203002,0.02254734395288932,0.09554891687114783,0.08638724407728895
ds004444,sub-030,ses-01,C1_NONOVERLAP_EMPIRICAL,full,306,,1.0,1.0,1.0,0,0.0,0.0,0,0,0.0,0.0,0.0,0.0,0.0,0.0
ds004444,sub-030,ses-01,C2_NONOVERLAP_HARRELL_DAVIS,15,15,,0.9041666666666667,0.23333333333333334,0.9012875536480687,-19,-9.5,7.0,21,2,0.33089574600269556,0.0018185696782022334,0.5160733840577881,0.057764122921341414,0.46824530662262137,0.02403906456756003
ds004444,sub-030,ses-01,C2_NONOVERLAP_HARRELL_DAVIS,30,30,,0.9333333333333333,0.42857142857142855,0.9298245614035088,-16,-8.0,7.0,16,0,0.2707744337962135,0.020402774591770003,0.23430131866362178,0.014178740824479886,0.108308433830918,0.031986275237169556
ds004444,sub-030,ses-01,C2_NONOVERLAP_HARRELL_DAVIS,60,60,,0.9833333333333333,0.8620689655172413,0.9813953488372092,-2,-1.0,0.0,3,1,0.08405378454439097,0.001963841052141374,0.17423378896027422,0.02526262414967211,0.15525834165371888,0.01624946602760159
ds004444,sub-030,ses-01,C2_NONOVERLAP_HARRELL_DAVIS,90,90,,0.975,0.7857142857142857,0.9724770642201835,-6,-3.0,0.0,6,0,0.12406638296979607,0.01766263217760606,0.09748951332026616,0.020357500586875004,0.10328790861006851,0.03689250455579509
ds004444,sub-030,ses-01,C2_NONOVERLAP_HARRELL_DAVIS,120,120,,0.9833333333333333,0.8571428571428571,0.9814814814814815,-4,-2.0,0.0,4,0,0.003724082449161643,0.01410182316513609,0.028354743192702172,0.0202914641105307,0.10105819220961695,0.05930128331056807
ds004444,sub-030,ses-01,C2_NONOVERLAP_HARRELL_DAVIS,full,306,,1.0,1.0,1.0,0,0.0,0.0,0,0,0.0,0.0,0.0,0.0,0.0,0.0
ds004444,sub-030,ses-01,C3_BLOCK_SUBSAMPLE_EMPIRICAL,30,15,,0.8208333333333333,0.044444444444444446,0.819327731092437,-41,-20.5,34.5,42,1,1.1998595982680802,0.007937854741987846,0.036955977834017904,0.028809056728925052,0.03926745444020359,0.012777454571117697
ds004444,sub-030,ses-01,C3_BLOCK_SUBSAMPLE_EMPIRICAL,60,30,,0.8375,0.13333333333333333,0.8333333333333334,-37,-18.5,34.5,38,1,0.8079402093276906,0.030931346324478737,0.13950358125915882,0.04108510024457696,0.18956801545025567,0.08134765309090329
ds004444,sub-030,ses-01,C3_BLOCK_SUBSAMPLE_EMPIRICAL,90,45,,0.8541666666666666,0.2222222222222222,0.8478260869565217,-33,-16.5,28.0,34,1,0.6867766843609635,0.016698853291662184,0.1393646061527412,0.017282926151514652,0.16698916574111133,0.036654200504434416
ds004444,sub-030,ses-01,C3_BLOCK_SUBSAMPLE_EMPIRICAL,120,60,,0.9375,0.6590909090909091,0.9289099526066351,-15,-7.5,3.0,15,0,0.12507330354752835,0.009212496574928347,0.008024153633293944,0.017215897629355534,0.1392539005274952,0.06795934115197622
ds004444,sub-030,ses-01,C3_BLOCK_SUBSAMPLE_EMPIRICAL,full,153,,1.0,1.0,1.0,0,0.0,0.0,0,0,0.0,0.0,0.0,0.0,0.0,0.0
ds004444,sub-030,ses-01,C4_LOSO_SHRINKAGE,15,15,0.42857142857142855,0.8875,0.0,0.8875,-27,-13.5,94.5,27,0,0.6671962105107876,0.22841804646113323,0.3937823003758921,0.10834599083061931,0.297739000988042,0.46326737538623075
ds004444,sub-030,ses-01,C4_LOSO_SHRINKAGE,30,30,0.6,0.8916666666666667,0.037037037037037035,0.891213389121339,-26,-13.0,64.0,26,0,0.4277375978328382,0.1351736620997823,0.3143413321725018,0.05027527390208222,0.22257788153971722,0.34007364882687746
ds004444,sub-030,ses-01,C4_LOSO_SHRINKAGE,60,60,0.75,0.9125,0.2222222222222222,0.9102564102564102,-21,-10.5,13.0,21,0,0.2691163590479769,0.07969178349532595,0.22198820960356594,0.01629189839180071,0.18731976508190917,0.19768349225247714
ds004444,sub-030,ses-01,C4_LOSO_SHRINKAGE,90,90,0.8181818181818182,0.925,0.3333333333333333,0.922077922077922,-18,-9.0,13.0,18,0,0.20705216051250958,0.0396862440362838,0.11839044427966154,0.004607095523694811,0.14828424048176267,0.17075525957284376
ds004444,sub-030,ses-01,C4_LOSO_SHRINKAGE,120,120,0.8571428571428571,0.9666666666666667,0.7037037037037037,0.9638009049773756,-8,-4.0,9.5,8,0,0.07367411572740233,0.02683080159627306,0.019830130633671637,0.004316999784132747,0.12825461592093243,0.1507845846448913
ds004444,sub-030,ses-01,C4_LOSO_SHRINKAGE,full,306,0.9386503067484663,1.0,1.0,1.0,0,0.0,0.0,0,0,0.0,0.0,0.0,0.0,0.0,0.0
ds004444,sub-030,ses-16,C0_CURRENT_OVERLAP_EMPIRICAL,15,30,,0.9541666666666667,0.35294117647058826,0.9529914529914529,-7,-3.5,17.5,9,2,0.29223550093789574,0.004740986371515342,0.24048849734601435,0.10173869486259413,0.3216009946106551,0.22762685744180708
ds004444,sub-030,ses-16,C0_CURRENT_OVERLAP_EMPIRICAL,30,60,,0.9458333333333333,0.1875,0.9451476793248945,-11,-5.5,33.5,12,1,0.24009009405682177,0.03231855812082104,0.28362570002357756,0.039289119633169486,0.06901828387596581,0.23281010824167858
ds004444,sub-030,ses-16,C0_CURRENT_OVERLAP_EMPIRICAL,60,120,,0.9666666666666667,0.5555555555555556,0.9652173913043478,-2,-1.0,21.0,5,3,0.060924377822366614,0.026070489145616802,0.20134192582906416,0.011509751910577754,0.04826430025789565,0.06940809656874447
ds004444,sub-030,ses-16,C0_CURRENT_OVERLAP_EMPIRICAL,90,180,,0.9708333333333333,0.6111111111111112,0.9694323144104804,-1,-0.5,21.0,4,3,0.060924377822366614,0.026811375650474877,0.2041091507562888,0.011509751910577754,0.09203222491342124,0.33971522929339526
ds004444,sub-030,ses-16,C0_CURRENT_OVERLAP_EMPIRICAL,120,240,,0.9625,0.55,0.9606986899563319,1,0.5,10.5,4,5,0.06120588275014886,0.03379173419968006,0.253676068348316,0.006215616846750558,0.09203222491342124,0.4871756882500281
ds004444,sub-030,ses-16,C0_CURRENT_OVERLAP_EMPIRICAL,full,636,,1.0,1.0,1.0,0,0.0,0.0,0,0,0.0,0.0,0.0,0.0,0.0,0.0
ds004444,sub-030,ses-16,C1_NONOVERLAP_EMPIRICAL,15,15,,0.9583333333333334,0.375,0.9572649572649573,-8,-4.0,7.0,9,1,0.22171475279505276,0.23160985797231437,1.032549488228243,0.5335593544984981,1.509600110648499,1.4450695002846667
ds004444,sub-030,ses-16,C1_NONOVERLAP_EMPIRICAL,30,30,,0.9583333333333334,0.375,0.9572649572649573,-8,-4.0,7.0,9,1,0.20758401774385565,0.03345270341597759,0.1660293087411803,0.08664454073051571,0.05410546352410361,1.7911826420083132
ds004444,sub-030,ses-16,C1_NONOVERLAP_EMPIRICAL,60,60,,0.9833333333333333,0.75,0.9824561403508771,-2,-1.0,8.0,3,1,0.009469116890377246,0.02911903404615471,0.1486910227294852,0.028008583395722295,0.058537855718733385,1.7632458388877916
ds004444,sub-030,ses-16,C1_NONOVERLAP_EMPIRICAL,90,90,,0.9791666666666666,0.6875,0.9781659388646288,-3,-1.5,7.0,4,1,0.023033737077385718,0.02727154679163248,0.17194695846047972,0.018056863558500516,0.10929466613273911,1.7449501084925476
ds004444,sub-030,ses-16,C1_NONOVERLAP_EMPIRICAL,120,120,,0.975,0.6470588235294118,0.9737991266375546,-2,-1.0,8.0,4,2,0.02114106491130338,0.027393307972416216,0.28772526978084756,0.016243628549249097,0.10929466613273911,1.7812876881360724
ds004444,sub-030,ses-16,C1_NONOVERLAP_EMPIRICAL,full,318,,1.0,1.0,1.0,0,0.0,0.0,0,0,0.0,0.0,0.0,0.0,0.0,0.0
ds004444,sub-030,ses-16,C2_NONOVERLAP_HARRELL_DAVIS,15,15,,0.9375,0.0,0.9375,-15,-7.5,80.0,15,0,0.5771140998607434,0.23993076175535147,1.4799429524167345,0.837849459684722,2.0792802088556215,1.618346747197566
ds004444,sub-030,ses-16,C2_NONOVERLAP_HARRELL_DAVIS,30,30,,0.9458333333333333,0.1875,0.9451476793248945,-11,-5.5,7.0,12,1,0.27435452135082333,0.06371113219051219,0.12510034754521634,0.13195796736144907,0.7852434470987105,1.7459226196931559
ds004444,sub-030,ses-16,C2_NONOVERLAP_HARRELL_DAVIS,60,60,,0.9833333333333333,0.75,0.9824561403508771,-2,-1.0,8.0,3,1,0.02908153955652087,0.020110824538838636,0.12985152111232562,0.04962753717753608,0.009408304634257613,1.71623310420217
ds004444,sub-030,ses-16,C2_NONOVERLAP_HARRELL_DAVIS,90,90,,0.9791666666666666,0.6875,0.9781659388646288,-3,-1.5,7.0,4,1,0.027467290578963237,0.021798833494253274,0.16046056143834858,0.009762716810193528,0.09130535209502118,1.7061934000309573
ds004444,sub-030,ses-16,C2_NONOVERLAP_HARRELL_DAVIS,120,120,,0.975,0.6842105263157895,0.973568281938326,2,1.0,-18.5,2,4,0.04867005543507479,0.026518641461401756,0.22043124379487425,0.00525742923768785,0.10358635120761517,1.7377074933305552
ds004444,sub-030,ses-16,C2_NONOVERLAP_HARRELL_DAVIS,full,318,,1.0,1.0,1.0,0,0.0,0.0,0,0,0.0,0.0,0.0,0.0,0.0,0.0
ds004444,sub-030,ses-16,C3_BLOCK_SUBSAMPLE_EMPIRICAL,30,15,,0.9541666666666667,0.0,0.9541666666666667,-11,-5.5,73.0,11,0,0.5088922301425757,0.029550751805263762,0.38956499074902085,0.0210687970417519,0.04838470737427758,1.5183657960546686
ds004444,sub-030,ses-16,C3_BLOCK_SUBSAMPLE_EMPIRICAL,60,30,,0.9708333333333333,0.4166666666666667,0.9702127659574468,-5,-2.5,4.5,6,1,0.08554093066656658,0.05464958311204253,0.3265910648101471,0.030366784695931456,0.09611674333644746,1.8691916365686947
ds004444,sub-030,ses-16,C3_BLOCK_SUBSAMPLE_EMPIRICAL,90,45,,0.9708333333333333,0.4166666666666667,0.9702127659574468,-5,-2.5,4.5,6,1,0.11595429781001881,0.04276736430835479,0.31258337810309683,0.033247463902777386,0.14115107079376818,2.0404905462945475
ds004444,sub-030,ses-16,C3_BLOCK_SUBSAMPLE_EMPIRICAL,120,60,,0.975,0.5714285714285714,0.9741379310344828,0,0.0,1.0,3,3,0.04996570103133632,0.04941282416665661,0.3024440625924609,0.03165328670462583,0.17791822702708188,1.9771666282619087
ds004444,sub-030,ses-16,C3_BLOCK_SUBSAMPLE_EMPIRICAL,full,159,,1.0,1.0,1.0,0,0.0,0.0,0,0,0.0,0.0,0.0,0.0,0.0,0.0
ds004444,sub-030,ses-16,C4_LOSO_SHRINKAGE,15,15,0.42857142857142855,0.9583333333333334,0.09090909090909091,0.9581589958158996,-10,-5.0,21.0,10,0,0.396205838116331,0.24644283913769274,0.3425961873699055,0.1884601486533035,0.6611862617659771,0.4019532635713799
ds004444,sub-030,ses-16,C4_LOSO_SHRINKAGE,30,30,0.6,0.9625,0.18181818181818182,0.9621848739495799,-9,-4.5,4.5,9,0,0.3227856296886169,0.11878893960559968,0.17089565993357156,0.02475657380929114,0.0426273187621505,0.9480080328807181
ds004444,sub-030,ses-16,C4_LOSO_SHRINKAGE,60,60,0.75,0.9666666666666667,0.38461538461538464,0.9659574468085106,-4,-2.0,4.5,6,2,0.12029613334045738,0.034001014223622346,0.15210463548832484,0.005721745113868055,0.038102422094599554,1.2709844163636927
ds004444,sub-030,ses-16,C4_LOSO_SHRINKAGE,90,90,0.8181818181818182,0.9666666666666667,0.3333333333333333,0.9661016949152542,-6,-3.0,4.5,7,1,0.09109408382808327,0.013718160998935594,0.1676084453199355,0.0247322481183648,0.08558597431438177,1.4102429929773983
ds004444,sub-030,ses-16,C4_LOSO_SHRINKAGE,120,120,0.8571428571428571,0.9791666666666666,0.5833333333333334,0.9785407725321889,-3,-1.5,4.5,4,1,0.03226609485189881,0.0012472244304931365,0.2668254151152902,0.020736398722176558,0.09100511653166012,1.5298611632996586
ds004444,sub-030,ses-16,C4_LOSO_SHRINKAGE,full,318,0.9408284023668639,1.0,1.0,1.0,0,0.0,0.0,0,0,0.0,0.0,0.0,0.0,0.0,0.0
ds004446,sub-004,ses-01,C0_CURRENT_OVERLAP_EMPIRICAL,15,30,,0.9428571428571428,0.5151515151515151,0.9391634980988594,0,0.0,3.0,8,8,0.019400595107193382,0.20250348973215482,0.3483002194037682,0.06191133521345582,0.027202366128391935,0.17545417571651642
ds004446,sub-004,ses-01,C0_CURRENT_OVERLAP_EMPIRICAL,30,60,,0.9607142857142857,0.6333333333333333,0.9578544061302682,-1,-0.42857142857142855,3.0,6,5,0.025769663457323847,0.06805562440606966,0.31518383425879953,0.024203594769709763,0.1528960578940668,0.09113318986532691
ds004446,sub-004,ses-01,C0_CURRENT_OVERLAP_EMPIRICAL,60,120,,0.95,0.5,0.9473684210526315,-8,-3.4285714285714284,20.5,11,3,0.19602015575930193,0.023020061380970958,0.15345192427627338,0.003195704162868888,0.162276184145236,0.03939988163885829
ds004446,sub-004,ses-01,C0_CURRENT_OVERLAP_EMPIRICAL,90,180,,0.9892857142857143,0.88,0.9883720930232558,-3,-1.2857142857142856,0.0,3,0,0.06110995712859855,0.004149770589474604,0.11792600471503778,0.0036800417755842186,0.059094795382370224,0.04741733120928717
ds004446,sub-004,ses-01,C0_CURRENT_OVERLAP_EMPIRICAL,120,240,,0.9892857142857143,0.8846153846153846,0.9883268482490273,-1,-0.42857142857142855,0.0,2,1,0.025769663457323847,0.004806666936493553,0.10590482208300105,0.0003727010386125136,0.01031813887628647,0.08182236435443485
ds004446,sub-004,ses-01,C0_CURRENT_OVERLAP_EMPIRICAL,full,540,,1.0,1.0,1.0,0,0.0,0.0,0,0,0.0,0.0,0.0,0.0,0.0,0.0
ds004446,sub-004,ses-01,C1_NONOVERLAP_EMPIRICAL,15,15,,0.9428571428571428,0.4838709677419355,0.939622641509434,2,0.8571428571428571,3.0,7,9,0.13264398642115013,0.34765326393508256,0.29447175223999456,0.07248635322273471,0.13923290353273088,0.19444545074854283
ds004446,sub-004,ses-01,C1_NONOVERLAP_EMPIRICAL,30,30,,0.9535714285714286,0.5357142857142857,0.9509433962264151,-1,-0.42857142857142855,-3.5,7,6,0.09208678587830042,0.11452049831326055,0.20307926386841835,0.05740652044724367,0.13916906301535784,0.0671689564317751
ds004446,sub-004,ses-01,C1_NONOVERLAP_EMPIRICAL,60,60,,0.9571428571428572,0.5,0.9552238805970149,-8,-3.4285714285714284,2.0,10,2,0.17743369354347313,0.006939863078059881,0.17848759591340987,0.004176106975230277,0.14870119061914971,0.08683657328769076
ds004446,sub-004,ses-01,C1_NONOVERLAP_EMPIRICAL,90,90,,0.9678571428571429,0.625,0.9660377358490566,-5,-2.142857142857143,0.0,7,2,0.09208678587830042,0.0032070539942675607,0.16999062006439578,0.0006947843033689984,0.04194136145668262,0.16296782140698773
ds004446,sub-004,ses-01,C1_NONOVERLAP_EMPIRICAL,120,120,,0.9607142857142857,0.56,0.9586466165413534,-5,-2.142857142857143,21.5,8,3,0.04859580490173581,0.01466090957852102,0.11937870981172642,0.003161052971353943,0.018111042447204323,0.16364620109043054
ds004446,sub-004,ses-01,C1_NONOVERLAP_EMPIRICAL,full,270,,1.0,1.0,1.0,0,0.0,0.0,0,0,0.0,0.0,0.0,0.0,0.0,0.0
ds004446,sub-004,ses-01,C2_NONOVERLAP_HARRELL_DAVIS,15,15,,0.9357142857142857,0.28,0.9340659340659341,-14,-6.0,48.0,16,2,0.6356934942723838,0.4039928311980458,0.13785006998097982,0.09701169098966507,0.6216769226711816,0.24421337320977743
ds004446,sub-004,ses-01,C2_NONOVERLAP_HARRELL_DAVIS,30,30,,0.9464285714285714,0.4827586206896552,0.943609022556391,-3,-1.2857142857142856,2.0,9,6,0.1554512979913263,0.1744218741620457,0.20201096068630345,0.05181616867090549,0.04455131015342709,0.1689253232961451
ds004446,sub-004,ses-01,C2_NONOVERLAP_HARRELL_DAVIS,60,60,,0.9535714285714286,0.5,0.951310861423221,-7,-3.0,1.0,10,3,0.17920750801269825,0.0170638546497708,0.1655546819690623,0.01074232209682466,0.08121343716504936,0.12602704920486288
ds004446,sub-004,ses-01,C2_NONOVERLAP_HARRELL_DAVIS,90,90,,0.9714285714285714,0.68,0.9695817490494296,-4,-1.7142857142857142,0.0,6,2,0.08349518895965974,0.0019821338595071942,0.1444605681833418,0.0034073190008375343,0.0006589615678760926,0.15789446081963565
ds004446,sub-004,ses-01,C2_NONOVERLAP_HARRELL_DAVIS,120,120,,0.9678571428571429,0.64,0.9659090909090909,-5,-2.142857142857143,21.5,7,2,0.047733567645410376,0.01313898690863065,0.09033615361471084,0.006097963004665391,0.03506378163793782,0.1673165976474987
ds004446,sub-004,ses-01,C2_NONOVERLAP_HARRELL_DAVIS,full,270,,1.0,1.0,1.0,0,0.0,0.0,0,0,0.0,0.0,0.0,0.0,0.0,0.0
ds004446,sub-004,ses-01,C3_BLOCK_SUBSAMPLE_EMPIRICAL,30,15,,0.9571428571428572,0.52,0.9550561797752809,-6,-2.571428571428571,21.0,9,3,0.03353168473248975,0.34458384598418457,0.3968674351783226,0.008424957152787571,0.24242027130512328,0.08048496638271271
ds004446,sub-004,ses-01,C3_BLOCK_SUBSAMPLE_EMPIRICAL,60,30,,0.9607142857142857,0.5416666666666666,0.9588014981273408,-7,-3.0,14.0,9,2,0.00871084857510945,0.05537533509275737,0.28919717523954025,0.0008946356888424988,0.35509326360452703,0.010782716236385208
ds004446,sub-004,ses-01,C3_BLOCK_SUBSAMPLE_EMPIRICAL,90,45,,0.9464285714285714,0.5,0.9433962264150944,1,0.42857142857142855,5.0,7,8,0.11803747269658585,0.0128407041508895,0.20447605199056573,0.0026839057500415943,0.231928125764021,0.07022449213919069
ds004446,sub-004,ses-01,C3_BLOCK_SUBSAMPLE_EMPIRICAL,120,60,,0.9714285714285714,0.68,0.9695817490494296,-2,-0.8571428571428571,4.5,5,3,0.013232482719444426,0.03162369351255796,0.16968808338904115,0.00285450221953399,0.1266838413130071,0.06923752578492585
ds004446,sub-004,ses-01,C3_BLOCK_SUBSAMPLE_EMPIRICAL,full,135,,1.0,1.0,1.0,0,0.0,0.0,0,0,0.0,0.0,0.0,0.0,0.0,0.0
ds004446,sub-004,ses-01,C4_LOSO_SHRINKAGE,15,15,0.42857142857142855,0.9357142857142857,0.47058823529411764,0.9318181818181818,-4,-1.7142857142857142,5.0,11,7,0.04995598463098251,0.25355344241888356,0.32505743304940116,0.1453061065267967,0.22822169891948307,0.1480336618431106
ds004446,sub-004,ses-01,C4_LOSO_SHRINKAGE,30,30,0.6,0.9464285714285714,0.53125,0.9429657794676806,-5,-2.142857142857143,21.0,10,5,0.014849544056824633,0.13802979929642764,0.25389643509617704,0.10948815754640477,0.10790112325944545,0.1125979652662004
ds004446,sub-004,ses-01,C4_LOSO_SHRINKAGE,60,60,0.75,0.95,0.5172413793103449,0.9471698113207547,-10,-4.285714285714286,14.0,12,2,0.09625815108013112,0.04358718545392697,0.2078836570886165,0.044419203000643906,0.004271278418973173,0.017105260577597422
ds004446,sub-004,ses-01,C4_LOSO_SHRINKAGE,90,90,0.8181818181818182,0.9535714285714286,0.5666666666666667,0.9505703422053232,-7,-3.0,17.5,10,3,0.052280334375142005,0.026559667632377496,0.18671692546450222,0.026327681303536167,0.03116446794908458,0.19018672813742357
ds004446,sub-004,ses-01,C4_LOSO_SHRINKAGE,120,120,0.8571428571428571,0.9607142857142857,0.6333333333333333,0.9578544061302682,-5,-2.142857142857143,17.5,8,3,0.026439062752102484,0.028079748882144623,0.13381538238717008,0.019538825389247876,0.05690858274328792,0.17919240809707843
ds004446,sub-004,ses-01,C4_LOSO_SHRINKAGE,full,270,0.9310344827586207,1.0,1.0,1.0,0,0.0,0.0,0,0,0.0,0.0,0.0,0.0,0.0,0.0
ds004446,sub-004,ses-08,C0_CURRENT_OVERLAP_EMPIRICAL,15,30,,0.9321428571428572,0.2692307692307692,0.9304029304029304,3,1.2857142857142856,-8.0,8,11,0.2139464048567467,0.0032555758442550293,0.38359368684509626,0.009644881191113893,0.24988085609198596,1.723149177988544
ds004446,sub-004,ses-08,C0_CURRENT_OVERLAP_EMPIRICAL,30,60,,0.95,0.36363636363636365,0.9485294117647058,0,0.0,-3.5,7,7,0.15601641380740097,0.014148597817461955,0.3581661514520047,0.020714611404114885,0.06445492643654141,1.752609842090061
ds004446,sub-004,ses-08,C0_CURRENT_OVERLAP_EMPIRICAL,60,120,,0.975,0.631578947368421,0.9738805970149254,1,0.42857142857142855,0.0,3,4,0.08894441049688037,0.006325240614330658,0.16384586428151868,0.020714611404114885,0.060814571545797794,1.6767568244535078
ds004446,sub-004,ses-08,C0_CURRENT_OVERLAP_EMPIRICAL,90,180,,0.9785714285714285,0.625,0.9777777777777777,-4,-1.7142857142857142,0.0,5,1,0.04134578156450983,0.010025306715268118,0.06652757055095677,0.01800226412126343,0.025246239776197527,0.12274372306419994
ds004446,sub-004,ses-08,C0_CURRENT_OVERLAP_EMPIRICAL,120,240,,0.9964285714285714,0.9333333333333333,0.9962406015037594,-1,-0.42857142857142855,0.0,1,0,0.008020962149790922,0.0066265963807948134,0.0032985254166661114,0.01180258363269627,0.0,0.07944257164179369
ds004446,sub-004,ses-08,C0_CURRENT_OVERLAP_EMPIRICAL,full,544,,1.0,1.0,1.0,0,0.0,0.0,0,0,0.0,0.0,0.0,0.0,0.0,0.0
ds004446,sub-004,ses-08,C1_NONOVERLAP_EMPIRICAL,15,15,,0.9285714285714286,0.13043478260869565,0.927797833935018,2,0.8571428571428571,0.0,9,11,0.2482068558376326,0.017118381957276232,0.461553010600122,0.0025673055326831,0.07982543984790107,1.83767239363209
ds004446,sub-004,ses-08,C1_NONOVERLAP_EMPIRICAL,30,30,,0.9321428571428572,0.20833333333333334,0.9309090909090909,5,2.142857142857143,-17.0,7,12,0.20650946079699176,0.028731967721613752,0.4390316443315683,0.015967758565531617,0.024912863553106214,2.5973634667596284
ds004446,sub-004,ses-08,C1_NONOVERLAP_EMPIRICAL,60,60,,0.9214285714285714,0.2413793103448276,0.9194139194139194,12,5.142857142857142,-17.0,5,17,0.20531692486781908,0.004926641214935132,0.1144155877478896,0.014023141860535,0.027816559021987878,1.7591087737889743
ds004446,sub-004,ses-08,C1_NONOVERLAP_EMPIRICAL,90,90,,0.975,0.5333333333333333,0.9742647058823529,-1,-0.42857142857142855,2.5,4,3,0.037269779622530794,0.002372517331408865,0.07917911090134307,0.004486394296155923,0.02781655902198771,0.6274535053051666
ds004446,sub-004,ses-08,C1_NONOVERLAP_EMPIRICAL,120,120,,0.9821428571428571,0.6428571428571429,0.981549815498155,-1,-0.42857142857142855,2.5,3,2,0.04580497408020589,0.0014072335412956536,0.0,0.0033454501460038113,0.0008711086406645328,0.4799160665970645
ds004446,sub-004,ses-08,C1_NONOVERLAP_EMPIRICAL,full,272,,1.0,1.0,1.0,0,0.0,0.0,0,0,0.0,0.0,0.0,0.0,0.0,0.0
ds004446,sub-004,ses-08,C2_NONOVERLAP_HARRELL_DAVIS,15,15,,0.9535714285714286,0.2777777777777778,0.9527272727272728,-1,-0.42857142857142855,-12.5,7,6,0.15648065111276974,0.006475403302251761,0.4230816808297867,0.011842936169283046,0.05061839342424102,2.019179711479266
ds004446,sub-004,ses-08,C2_NONOVERLAP_HARRELL_DAVIS,30,30,,0.9607142857142857,0.35294117647058826,0.9598540145985401,-1,-0.42857142857142855,-2.5,6,5,0.15493525557500482,0.02530029780076934,0.4153984827104974,0.010865738141700589,0.00557530250781925,2.605275872950358
ds004446,sub-004,ses-08,C2_NONOVERLAP_HARRELL_DAVIS,60,60,,0.9321428571428572,0.2692307692307692,0.9304029304029304,9,3.8571428571428568,-17.0,5,14,0.17951735824188822,0.004744490363040701,0.14947778102875725,0.00541876355340049,0.019878496965307083,1.8664352985068948
ds004446,sub-004,ses-08,C2_NONOVERLAP_HARRELL_DAVIS,90,90,,0.9821428571428571,0.6428571428571429,0.981549815498155,-1,-0.42857142857142855,-9.0,3,2,0.026831439570557985,0.007039237121414322,0.07710141547577538,0.00019917385625756073,0.01668386568755183,0.5930939554089075
ds004446,sub-004,ses-08,C2_NONOVERLAP_HARRELL_DAVIS,120,120,,0.9785714285714285,0.6,0.977859778597786,0,0.0,2.5,3,3,0.03214610056885207,0.005176508434188692,0.006465959281015479,0.0006704832463285404,0.004489796897444314,0.5292803081219223
ds004446,sub-004,ses-08,C2_NONOVERLAP_HARRELL_DAVIS,full,272,,1.0,1.0,1.0,0,0.0,0.0,0,0,0.0,0.0,0.0,0.0,0.0,0.0
ds004446,sub-004,ses-08,C3_BLOCK_SUBSAMPLE_EMPIRICAL,30,15,,0.9321428571428572,0.13636363636363635,0.9314079422382672,1,0.42857142857142855,6.5,9,10,0.2108616289976816,0.06693519798619074,0.4042803973986978,0.0015106910642487795,0.09013408742864015,2.3954525295494635
ds004446,sub-004,ses-08,C3_BLOCK_SUBSAMPLE_EMPIRICAL,60,30,,0.9321428571428572,0.20833333333333334,0.9309090909090909,5,2.142857142857143,-2.5,7,12,0.23598728778338487,0.04094426021466071,0.21055434509965912,0.027970181757117712,0.2310415361181003,2.2631974164086337
ds004446,sub-004,ses-08,C3_BLOCK_SUBSAMPLE_EMPIRICAL,90,45,,0.9821428571428571,0.6428571428571429,0.981549815498155,-1,-0.42857142857142855,1.0,3,2,0.013312844207059851,0.003469346448042193,0.16297339933280292,0.015370572122920742,0.19915048237286126,2.28731565134471
ds004446,sub-004,ses-08,C3_BLOCK_SUBSAMPLE_EMPIRICAL,120,60,,0.9714285714285714,0.42857142857142855,0.9708029197080292,-4,-1.7142857142857142,16.5,6,2,0.09527789108893171,0.003143935962522509,0.08650241577834941,0.012096798676825416,0.17974257026324383,1.9226250216691951
ds004446,sub-004,ses-08,C3_BLOCK_SUBSAMPLE_EMPIRICAL,full,136,,1.0,1.0,1.0,0,0.0,0.0,0,0,0.0,0.0,0.0,0.0,0.0,0.0
ds004446,sub-004,ses-08,C4_LOSO_SHRINKAGE,15,15,0.42857142857142855,0.9392857142857143,0.0,0.9392857142857143,-9,-3.8571428571428568,33.5,13,4,0.28943592100952925,0.005503488862745225,0.5147566577640339,0.08301330876703152,0.18382269354272202,0.8082597788890259
ds004446,sub-004,ses-08,C4_LOSO_SHRINKAGE,30,30,0.6,0.9428571428571428,0.15789473684210525,0.9422382671480144,-4,-1.7142857142857142,0.0,10,6,0.24589145272516139,0.008754145446661435,0.4779251957856142,0.04452681216941782,0.1285431246326208,1.5687734620133267
ds004446,sub-004,ses-08,C4_LOSO_SHRINKAGE,60,60,0.75,0.9321428571428572,0.24,0.9306569343065694,5,2.142857142857143,-6.0,7,12,0.22289444524724394,0.0009407173629410597,0.2008029538025386,0.019166417547596577,0.0580764945383333,1.3235306465483867
ds004446,sub-004,ses-08,C4_LOSO_SHRINKAGE,90,90,0.8181818181818182,0.9821428571428571,0.6666666666666666,0.9814814814814815,-1,-0.42857142857142855,-9.0,3,2,0.009416900147191012,0.0009525400089490933,0.13704948365327674,0.022089732941144954,0.026814719505564858,0.5169721474150215
ds004446,sub-004,ses-08,C4_LOSO_SHRINKAGE,120,120,0.8571428571428571,0.9821428571428571,0.6666666666666666,0.9814814814814815,-1,-0.42857142857142855,-9.0,3,2,0.013545291844174303,0.003100710397618077,0.045634594435600945,0.014949005358606651,0.03281352239639091,0.4134846360662631
ds004446,sub-004,ses-08,C4_LOSO_SHRINKAGE,full,272,0.9315068493150684,1.0,1.0,1.0,0,0.0,0.0,0,0,0.0,0.0,0.0,0.0,0.0,0.0
ds004446,sub-005,ses-01,C0_CURRENT_OVERLAP_EMPIRICAL,15,30,,0.9642857142857143,0.3333333333333333,0.9636363636363636,-2,-0.8571428571428571,15.5,6,4,0.14484595123884492,0.1651156739851998,0.03397441668092449,0.09256947620655184,0.1801119434750041,1.888215113750118
ds004446,sub-005,ses-01,C0_CURRENT_OVERLAP_EMPIRICAL,30,60,,0.9535714285714286,0.13333333333333333,0.9532374100719424,-5,-2.142857142857143,15.5,9,4,0.0766721845717761,0.07896057652335231,0.17468643284720917,0.05925792989255571,0.16420323862689667,1.6606067530835436
ds004446,sub-005,ses-01,C0_CURRENT_OVERLAP_EMPIRICAL,60,120,,0.975,0.5882352941176471,0.9740740740740741,5,2.142857142857143,0.0,1,6,0.03359647778502517,0.019880564429367063,0.038269176040197514,0.031264950630834704,0.1373287545557217,1.364992926387452
ds004446,sub-005,ses-01,C0_CURRENT_OVERLAP_EMPIRICAL,90,180,,0.9857142857142858,0.7142857142857143,0.9851851851851852,2,0.8571428571428571,0.0,1,3,0.026756964119694183,0.019880564429367063,0.009144582308431657,0.09046588919206949,0.08796116478428169,1.1882717756211194
ds004446,sub-005,ses-01,C0_CURRENT_OVERLAP_EMPIRICAL,120,240,,0.9821428571428571,0.6666666666666666,0.9814814814814815,3,1.2857142857142856,0.0,1,4,0.0014469301612740513,0.010160391958263305,0.02306902262235346,0.1250391594729195,0.06338250210264076,0.9045196576211508
ds004446,sub-005,ses-01,C0_CURRENT_OVERLAP_EMPIRICAL,full,538,,1.0,1.0,1.0,0,0.0,0.0,0,0,0.0,0.0,0.0,0.0,0.0,0.0
ds004446,sub-005,ses-01,C1_NONOVERLAP_EMPIRICAL,15,15,,0.9714285714285714,0.2,0.9712230215827338,-6,-2.571428571428571,25.0,7,1,0.42590451247335653,0.15125050243930424,0.3704316163561485,0.18558504483075164,0.150407889612561,1.668671929920609
ds004446,sub-005,ses-01,C1_NONOVERLAP_EMPIRICAL,30,30,,0.9607142857142857,0.08333333333333333,0.9605734767025089,-5,-2.142857142857143,19.5,8,3,0.21064637755124424,0.04207789607788846,0.0506976810098303,0.12610039300582995,0.12859984099505778,1.6556490214820925
ds004446,sub-005,ses-01,C1_NONOVERLAP_EMPIRICAL,60,60,,0.9642857142857143,0.375,0.9635036496350365,4,1.7142857142857142,-0.5,3,7,0.11568308043295782,0.045929222041468994,0.049770897612302904,0.09700549012174044,0.12859984099505778,1.5676440748521936
ds004446,sub-005,ses-01,C1_NONOVERLAP_EMPIRICAL,90,90,,0.975,0.5,0.9743589743589743,3,1.2857142857142856,-0.5,2,5,0.0659136388052274,0.01915419419512933,0.027868384186209183,0.13129409320302116,0.0735658851836437,1.3861677597731206
ds004446,sub-005,ses-01,C1_NONOVERLAP_EMPIRICAL,120,120,,0.9678571428571429,0.4375,0.967032967032967,5,2.142857142857143,-6.0,2,7,0.019821240924364006,0.03719735029983557,0.01013323815107455,0.1910093839713887,0.05413333352065667,1.0018509138384517
ds004446,sub-005,ses-01,C1_NONOVERLAP_EMPIRICAL,full,269,,1.0,1.0,1.0,0,0.0,0.0,0,0,0.0,0.0,0.0,0.0,0.0,0.0
ds004446,sub-005,ses-01,C2_NONOVERLAP_HARRELL_DAVIS,15,15,,0.9714285714285714,0.2727272727272727,0.9711191335740073,-2,-0.8571428571428571,12.0,5,3,0.6533589998243746,0.09984568557883551,0.37482429635217895,0.17883884228145347,0.08192724747013318,1.787167959446188
ds004446,sub-005,ses-01,C2_NONOVERLAP_HARRELL_DAVIS,30,30,,0.975,0.36363636363636365,0.9746376811594203,-1,-0.42857142857142855,12.0,4,3,0.3078108605225029,0.029351265756073643,0.100890965759666,0.09818895263680366,0.10374502355435766,1.7645684996719044
ds004446,sub-005,ses-01,C2_NONOVERLAP_HARRELL_DAVIS,60,60,,0.9571428571428572,0.29411764705882354,0.9563636363636364,6,2.571428571428571,-3.5,3,9,0.095193161965528,0.029425201211007813,0.010735574296153592,0.08773509745383792,0.10129529421773996,1.5900283759685607
ds004446,sub-005,ses-01,C2_NONOVERLAP_HARRELL_DAVIS,90,90,,0.9642857142857143,0.3333333333333333,0.9636363636363636,4,1.7142857142857142,-3.5,3,7,0.07004413505601263,0.01782591995363629,0.03466292268652013,0.11746198955262838,0.05162085581783857,1.3803408533763077
ds004446,sub-005,ses-01,C2_NONOVERLAP_HARRELL_DAVIS,120,120,,0.9785714285714285,0.5384615384615384,0.978021978021978,4,1.7142857142857142,0.0,1,5,0.004940269558855799,0.03379339699104016,0.0006544335817150022,0.19089425436066396,0.052086573910672805,1.02254044894369
ds004446,sub-005,ses-01,C2_NONOVERLAP_HARRELL_DAVIS,full,269,,1.0,1.0,1.0,0,0.0,0.0,0,0,0.0,0.0,0.0,0.0,0.0,0.0
ds004446,sub-005,ses-01,C3_BLOCK_SUBSAMPLE_EMPIRICAL,30,15,,0.975,0.125,0.974910394265233,-3,-1.2857142857142856,14.5,5,2,0.2456279940738081,0.0760853376374797,0.013357870447743576,0.09183155438982722,0.15858645107966252,1.9189877561132196
ds004446,sub-005,ses-01,C3_BLOCK_SUBSAMPLE_EMPIRICAL,60,30,,0.9607142857142857,0.21428571428571427,0.9602888086642599,5,2.142857142857143,-25.5,3,8,0.12927974911048723,0.0633366288773526,0.017137654710399564,0.10082982718716807,0.11025016975743654,1.8207142007154027
ds004446,sub-005,ses-01,C3_BLOCK_SUBSAMPLE_EMPIRICAL,90,45,,0.9571428571428572,0.2,0.9566787003610109,6,2.571428571428571,-26.0,3,9,0.12667192716856412,0.02618269895400599,0.1108202614128124,0.1250779235516742,0.07164652504171824,1.8198925113501685
ds004446,sub-005,ses-01,C3_BLOCK_SUBSAMPLE_EMPIRICAL,120,60,,0.9785714285714285,0.45454545454545453,0.9781818181818182,4,1.7142857142857142,-15.0,1,5,0.030744041923240383,0.05994448291935717,0.000894740370192886,0.17032163031346037,0.059676610524870825,1.2789363545567651
ds004446,sub-005,ses-01,C3_BLOCK_SUBSAMPLE_EMPIRICAL,full,135,,1.0,1.0,1.0,0,0.0,0.0,0,0,0.0,0.0,0.0,0.0,0.0,0.0
ds004446,sub-005,ses-01,C4_LOSO_SHRINKAGE,15,15,0.42857142857142855,0.9714285714285714,0.1111111111111111,0.9713261648745519,-8,-3.4285714285714284,43.0,8,0,0.24957272600101138,0.16700730949219128,0.5822396275577004,0.07884742144638196,0.05241729290149092,0.5773206118122449
ds004446,sub-005,ses-01,C4_LOSO_SHRINKAGE,30,30,0.6,0.975,0.3,0.9747292418772563,-5,-2.142857142857143,11.0,6,1,0.17048755647546973,0.09230897704146554,0.2565665504675264,0.028147564671488337,0.0003769704575268276,0.9136144366376704
ds004446,sub-005,ses-01,C4_LOSO_SHRINKAGE,60,60,0.75,0.9714285714285714,0.42857142857142855,0.9708029197080292,2,0.8571428571428571,0.0,3,5,0.06118288202299369,0.0713878266389747,0.12075814352944861,0.016711091995070513,0.05320578078703524,1.1454637569363935
ds004446,sub-005,ses-01,C4_LOSO_SHRINKAGE,90,90,0.8181818181818182,0.975,0.5,0.9743589743589743,3,1.2857142857142856,0.0,2,5,0.037997511022721246,0.03860061847709027,0.07564050302556576,0.07388482924185245,0.03325259209705582,1.1237480538661795
ds004446,sub-005,ses-01,C4_LOSO_SHRINKAGE,120,120,0.8571428571428571,0.9785714285714285,0.5714285714285714,0.9779411764705882,4,1.7142857142857142,0.0,1,5,0.006742981698812799,0.017475190626598257,0.0553268530618153,0.14385014537131138,0.028669659558763706,0.8543987658383052
ds004446,sub-005,ses-01,C4_LOSO_SHRINKAGE,full,269,0.9307958477508651,1.0,1.0,1.0,0,0.0,0.0,0,0,0.0,0.0,0.0,0.0,0.0,0.0
ds004446,sub-005,ses-08,C0_CURRENT_OVERLAP_EMPIRICAL,15,30,,0.9071428571428571,0.21212121212121213,0.9047619047619048,-26,-11.142857142857142,28.5,26,0,0.4424961653382717,0.06053484224273368,0.27428494149253824,0.07982384145713264,0.10191806946044,16358.576277196687
ds004446,sub-005,ses-08,C0_CURRENT_OVERLAP_EMPIRICAL,30,60,,0.95,0.6,0.9459459459459459,-10,-4.285714285714286,6.0,12,2,0.12967168915662058,0.011669833846955103,0.04155440735818298,0.03278576957850383,0.10628598672303032,16633.801807323176
ds004446,sub-005,ses-08,C0_CURRENT_OVERLAP_EMPIRICAL,60,120,,0.9678571428571429,0.7352941176470589,0.9647058823529412,-7,-3.0,2.0,8,1,0.022008355661398235,0.030015014142284847,0.031706865923472605,0.01933966028806515,0.0825051038489275,14753.205590633408
ds004446,sub-005,ses-08,C0_CURRENT_OVERLAP_EMPIRICAL,90,180,,0.9642857142857143,0.7142857142857143,0.9607843137254902,-6,-2.571428571428571,1.0,8,2,0.026846974639541048,0.007643011770487613,0.008876473354589512,0.0031288033086854148,0.058238896834537195,9260.695198858699
ds004446,sub-005,ses-08,C0_CURRENT_OVERLAP_EMPIRICAL,120,240,,0.9714285714285714,0.7647058823529411,0.968503937007874,-6,-2.571428571428571,1.0,7,1,0.026178488651267595,0.033273614464566906,0.031706865923472605,0.008321340193561693,0.06260681409712734,9354.99500446391
ds004446,sub-005,ses-08,C0_CURRENT_OVERLAP_EMPIRICAL,full,550,,1.0,1.0,1.0,0,0.0,0.0,0,0,0.0,0.0,0.0,0.0,0.0,0.0
ds004446,sub-005,ses-08,C1_NONOVERLAP_EMPIRICAL,15,15,,0.9571428571428572,0.6666666666666666,0.953125,-10,-4.285714285714286,8.5,11,1,0.07623994718969693,0.03889728579323518,0.048654889142549444,0.08887315924108279,0.10036645500720963,1.2378897676402894
ds004446,sub-005,ses-08,C1_NONOVERLAP_EMPIRICAL,30,30,,0.9642857142857143,0.7297297297297297,0.9604743083003953,-6,-2.571428571428571,3.5,8,2,0.05699906426243413,0.027534505275377937,0.03947658290067434,0.06347078173214905,0.102802534012239,1.5478853920897508
ds004446,sub-005,ses-08,C1_NONOVERLAP_EMPIRICAL,60,60,,0.975,0.8205128205128205,0.9717741935483871,1,0.42857142857142855,-0.5,3,4,0.02045466344756669,0.057052470138578844,0.05783426124222375,0.030336104961815408,0.07795452816093937,1.3084803517980825
ds004446,sub-005,ses-08,C1_NONOVERLAP_EMPIRICAL,90,90,,0.9928571428571429,0.9428571428571428,0.9919028340080972,-2,-0.8571428571428571,0.0,2,0,0.0012119728830813222,0.027534505275377937,0.03947658290067434,0.06347078173214905,0.05364037098372289,0.3024491416877854
ds004446,sub-005,ses-08,C1_NONOVERLAP_EMPIRICAL,120,120,,0.9785714285714285,0.8378378378378378,0.9759036144578314,-2,-0.8571428571428571,2.0,4,2,0.021158724111908285,0.06809461298416379,0.0443586007004029,0.030336104961815408,0.058953111921710405,0.3059174969047219
ds004446,sub-005,ses-08,C1_NONOVERLAP_EMPIRICAL,full,275,,1.0,1.0,1.0,0,0.0,0.0,0,0,0.0,0.0,0.0,0.0,0.0,0.0
ds004446,sub-005,ses-08,C2_NONOVERLAP_HARRELL_DAVIS,15,15,,0.925,0.36363636363636365,0.9216417910447762,-21,-9.0,20.0,21,0,0.329744287431611,0.15193843214509548,0.28393391634721094,0.13992599530040878,0.10672111219153137,1.3028575935341749
ds004446,sub-005,ses-08,C2_NONOVERLAP_HARRELL_DAVIS,30,30,,0.9607142857142857,0.6857142857142857,0.95703125,-7,-3.0,8.5,9,2,0.0774485527423059,0.019605582803910143,0.0968261029514626,0.0981581177317763,0.11812154014857708,1.5278847671498479
ds004446,sub-005,ses-08,C2_NONOVERLAP_HARRELL_DAVIS,60,60,,0.9714285714285714,0.7894736842105263,0.968,2,0.8571428571428571,0.0,3,5,0.015277810409379722,0.03795493664994399,0.06377625531234964,0.06352165568477387,0.08220779576681382,1.2831599397274338
ds004446,sub-005,ses-08,C2_NONOVERLAP_HARRELL_DAVIS,90,90,,0.9892857142857143,0.9142857142857143,0.9879032258064516,1,0.42857142857142855,0.0,1,2,0.009198787447182333,0.026177687073101318,0.012374854271046514,0.07922586359855252,0.040377532490196585,0.33672266402747913
ds004446,sub-005,ses-08,C2_NONOVERLAP_HARRELL_DAVIS,120,120,,0.9857142857142858,0.8888888888888888,0.9838709677419355,2,0.8571428571428571,0.0,1,3,0.02086449884511301,0.042532988091842895,0.03691868092401525,0.05040472108860833,0.05159977362826424,0.33024816347066754
ds004446,sub-005,ses-08,C2_NONOVERLAP_HARRELL_DAVIS,full,275,,1.0,1.0,1.0,0,0.0,0.0,0,0,0.0,0.0,0.0,0.0,0.0,0.0
ds004446,sub-005,ses-08,C3_BLOCK_SUBSAMPLE_EMPIRICAL,30,15,,0.9642857142857143,0.6875,0.9612403100775194,0,0.0,0.0,5,5,0.019104487721253224,0.0770707980272243,0.19936738637230847,0.024349665803839165,0.11244243891512423,1.092548504763078
ds004446,sub-005,ses-08,C3_BLOCK_SUBSAMPLE_EMPIRICAL,60,30,,0.9535714285714286,0.6388888888888888,0.9494163424124513,5,2.142857142857143,-7.5,4,9,0.06770094393346296,0.036756020151986646,0.04833969707251032,0.025974240357585547,0.10104205060644433,0.8200125321574766
ds004446,sub-005,ses-08,C3_BLOCK_SUBSAMPLE_EMPIRICAL,90,45,,0.9607142857142857,0.7027027027027027,0.9566929133858267,9,3.8571428571428568,-8.5,1,10,0.07729127526038908,0.03390373638097539,0.03698636056806113,0.027598814911331926,0.08204140342531174,0.09609233610008369
ds004446,sub-005,ses-08,C3_BLOCK_SUBSAMPLE_EMPIRICAL,120,60,,0.9571428571428572,0.6756756756756757,0.9529411764705882,8,3.4285714285714284,-8.5,2,10,0.0706963531642864,0.03308906243257075,0.02790611688789696,0.03369676577583936,0.07586619309144356,0.06641737997868356
ds004446,sub-005,ses-08,C3_BLOCK_SUBSAMPLE_EMPIRICAL,full,138,,1.0,1.0,1.0,0,0.0,0.0,0,0,0.0,0.0,0.0,0.0,0.0,0.0
ds004446,sub-005,ses-08,C4_LOSO_SHRINKAGE,15,15,0.42857142857142855,0.8964285714285715,0.06451612903225806,0.89568345323741,-29,-12.428571428571427,42.5,29,0,0.2867293459474795,0.09240959517384556,0.491056611133973,0.1012454559270111,0.12873946648168816,0.33524576695015484
ds004446,sub-005,ses-08,C4_LOSO_SHRINKAGE,30,30,0.6,0.9285714285714286,0.3548387096774194,0.9256505576208178,-20,-8.571428571428571,21.0,20,0,0.20134364529626148,0.08887641605234708,0.2888447042629198,0.05358003715451755,0.05237552332946141,0.8163076667759704
ds004446,sub-005,ses-08,C4_LOSO_SHRINKAGE,60,60,0.75,0.9571428571428572,0.6129032258064516,0.9540229885057471,-12,-5.142857142857142,6.0,12,0,0.07750378895622022,0.08297061989089767,0.12996646601030307,0.02748683859545943,0.0046572106376472884,0.9330607583699106
ds004446,sub-005,ses-08,C4_LOSO_SHRINKAGE,90,90,0.8181818181818182,0.9607142857142857,0.6451612903225806,0.9576923076923077,-11,-4.714285714285714,6.0,11,0,0.05872937382551919,0.04761084736422072,0.07650445866363642,0.021202109963862487,0.004217779575290319,0.20685276461221389
ds004446,sub-005,ses-08,C4_LOSO_SHRINKAGE,120,120,0.8571428571428571,0.9678571428571429,0.71875,0.9649805447470817,-7,-3.0,1.0,8,1,0.020518196407348782,0.07551944568859052,0.034667587353270544,0.005619461852341035,0.02391911456366352,0.23829573860826542
ds004446,sub-005,ses-08,C4_LOSO_SHRINKAGE,full,275,0.9322033898305084,1.0,1.0,1.0,0,0.0,0.0,0,0,0.0,0.0,0.0,0.0,0.0,0.0
ds004446,sub-012,ses-01,C0_CURRENT_OVERLAP_EMPIRICAL,15,30,,0.95,0.48148148148148145,0.947565543071161,-10,-4.285714285714286,19.0,12,2,0.0251933888602933,0.019022783174698948,0.3941530719548798,0.09231527622199337,0.5053047449404375,2624.8579097269626
ds004446,sub-012,ses-01,C0_CURRENT_OVERLAP_EMPIRICAL,30,60,,0.925,0.25,0.9230769230769231,-15,-6.428571428571428,32.0,18,3,0.10673700122990197,0.00015598793446466942,0.039029616164930135,0.0060439456054615995,0.07466945418905402,2117.5474227660434
ds004446,sub-012,ses-01,C0_CURRENT_OVERLAP_EMPIRICAL,60,120,,0.9464285714285714,0.4444444444444444,0.9440298507462687,-11,-4.714285714285714,19.0,13,2,0.03410371862684466,0.09842000443075383,0.2989187363957991,0.2399643550233582,0.3205592578817123,1584.0882804733667
ds004446,sub-012,ses-01,C0_CURRENT_OVERLAP_EMPIRICAL,90,180,,0.9464285714285714,0.4230769230769231,0.9442379182156134,-13,-5.571428571428571,19.0,14,1,0.03663541447659613,0.09775472116192445,8.807108343645248e-05,0.17021179636799064,0.21011134652380775,1577.4287936283454
ds004446,sub-012,ses-01,C0_CURRENT_OVERLAP_EMPIRICAL,120,240,,0.9464285714285714,0.4444444444444444,0.9440298507462687,-11,-4.714285714285714,15.0,13,2,0.04815706099713644,0.0859045570366236,0.011615071769487895,0.15995362164363214,0.13986696934008158,1269.9022679466368
ds004446,sub-012,ses-01,C0_CURRENT_OVERLAP_EMPIRICAL,full,540,,1.0,1.0,1.0,0,0.0,0.0,0,0,0.0,0.0,0.0,0.0,0.0,0.0
ds004446,sub-012,ses-01,C1_NONOVERLAP_EMPIRICAL,15,15,,0.8857142857142857,0.2,0.8823529411764706,6,2.571428571428571,9.0,13,19,0.3152981661439083,0.002027400319768462,0.4095435004234376,0.19485086953392286,0.28436992768890573,3.1109028178298797
ds004446,sub-012,ses-01,C1_NONOVERLAP_EMPIRICAL,30,30,,0.9035714285714286,0.2702702702702703,0.9,5,2.142857142857143,20.5,11,16,0.326382086652536,0.00494626841278945,0.1602331519734832,0.009906485143875012,0.046645264280363044,3.1347306470875127
ds004446,sub-012,ses-01,C1_NONOVERLAP_EMPIRICAL,60,60,,0.9428571428571428,0.4074074074074074,0.9405204460966543,-4,-1.7142857142857142,20.5,10,6,0.13066024602715492,0.04457699053618641,0.2813124046203268,0.2935564651902867,0.2977127837236558,1.7403957291127017
ds004446,sub-012,ses-01,C1_NONOVERLAP_EMPIRICAL,90,90,,0.9535714285714286,0.43478260869565216,0.9518518518518518,-9,-3.8571428571428568,20.5,11,2,0.0855155520450245,0.05279954519668885,0.02970284081953504,0.22069732636516146,0.18391186407577717,1.7892338075830059
ds004446,sub-012,ses-01,C1_NONOVERLAP_EMPIRICAL,120,120,,0.975,0.6956521739130435,0.9734848484848485,-3,-1.2857142857142856,12.0,5,2,0.07673006700510258,0.04457699053618641,0.05286489017882473,0.16807918726881402,0.13248216177731337,1.5044381156022062
ds004446,sub-012,ses-01,C1_NONOVERLAP_EMPIRICAL,full,270,,1.0,1.0,1.0,0,0.0,0.0,0,0,0.0,0.0,0.0,0.0,0.0,0.0
ds004446,sub-012,ses-01,C2_NONOVERLAP_HARRELL_DAVIS,15,15,,0.9285714285714286,0.2857142857142857,0.9264705882352942,-6,-2.571428571428571,25.5,13,7,0.1896753419849738,0.010210651171060806,0.4146325797698983,0.30253413303379506,0.6021110404480331,3.1163051397410255
ds004446,sub-012,ses-01,C2_NONOVERLAP_HARRELL_DAVIS,30,30,,0.9142857142857143,0.2727272727272727,0.9114391143911439,0,0.0,29.0,12,12,0.2853175542698092,0.028900776779246306,0.1344177795087983,0.03514424149787812,0.20889053150286221,3.136373551481147
ds004446,sub-012,ses-01,C2_NONOVERLAP_HARRELL_DAVIS,60,60,,0.95,0.48148148148148145,0.947565543071161,-2,-0.8571428571428571,12.0,8,6,0.12478235854735117,0.05584450295458457,0.2696225610154644,0.3494672940746657,1.1190329066476108,1.8204787862491538
ds004446,sub-012,ses-01,C2_NONOVERLAP_HARRELL_DAVIS,90,90,,0.9571428571428572,0.4782608695652174,0.9553903345724907,-8,-3.4285714285714284,16.0,10,2,0.07548361587450532,0.06296984479231514,0.050580341875698105,0.24041304559709453,0.3162818162087053,1.8536050478416248
ds004446,sub-012,ses-01,C2_NONOVERLAP_HARRELL_DAVIS,120,120,,0.9785714285714285,0.7272727272727273,0.9772727272727273,-4,-1.7142857142857142,12.0,5,1,0.05974490861178273,0.05710771566166349,0.043731834860118876,0.1687459016543563,0.15843837360701551,1.494423845959988
ds004446,sub-012,ses-01,C2_NONOVERLAP_HARRELL_DAVIS,full,270,,1.0,1.0,1.0,0,0.0,0.0,0,0,0.0,0.0,0.0,0.0,0.0,0.0
ds004446,sub-012,ses-01,C3_BLOCK_SUBSAMPLE_EMPIRICAL,30,15,,0.9285714285714286,0.23076923076923078,0.927007299270073,-6,-2.571428571428571,36.5,13,7,0.2143895943733544,0.09310259679454583,0.08718182233291534,0.025816223584804857,0.010892474065868228,3.8156949731949177
ds004446,sub-012,ses-01,C3_BLOCK_SUBSAMPLE_EMPIRICAL,60,30,,0.9392857142857143,0.2916666666666667,0.9377289377289377,-7,-3.0,25.5,12,5,0.09180563496977312,0.05387867075465103,0.07395025815673655,0.3381519184495342,0.33843217918695084,2.380685909935331
ds004446,sub-012,ses-01,C3_BLOCK_SUBSAMPLE_EMPIRICAL,90,45,,0.9535714285714286,0.4090909090909091,0.9520295202952029,-7,-3.0,20.5,10,3,0.02077032157861935,0.027318819637657425,0.06071869398055775,0.2046603419323425,0.25428716379504224,2.4906099171058984
ds004446,sub-012,ses-01,C3_BLOCK_SUBSAMPLE_EMPIRICAL,120,60,,0.9678571428571429,0.6086956521739131,0.9661654135338346,-1,-0.42857142857142855,12.0,5,4,0.016187838329863712,0.058211021817366544,0.08770296728948064,0.18229769031853435,0.11691972636318264,2.5400948287905867
ds004446,sub-012,ses-01,C3_BLOCK_SUBSAMPLE_EMPIRICAL,full,135,,1.0,1.0,1.0,0,0.0,0.0,0,0,0.0,0.0,0.0,0.0,0.0,0.0
ds004446,sub-012,ses-01,C4_LOSO_SHRINKAGE,15,15,0.42857142857142855,0.9285714285714286,0.047619047619047616,0.9283154121863799,-20,-8.571428571428571,69.5,20,0,0.06350835449636448,0.03474047068183658,0.36451573776119334,0.054856175125555295,0.13942630395671465,1.4756720378817045
ds004446,sub-012,ses-01,C4_LOSO_SHRINKAGE,30,30,0.6,0.9357142857142857,0.14285714285714285,0.9350180505415162,-18,-7.7142857142857135,64.0,18,0,0.062104234112692454,0.025294292719110375,0.22117384794495967,0.0982722780650667,0.0396799663958155,1.9506867463414248
ds004446,sub-012,ses-01,C4_LOSO_SHRINKAGE,60,60,0.75,0.9535714285714286,0.4090909090909091,0.9520295202952029,-11,-4.714285714285714,25.5,12,1,0.025107869648907183,0.02138587702194229,0.2751515888942682,0.1739674088471481,0.22916948326655473,1.3368740488560795
ds004446,sub-012,ses-01,C4_LOSO_SHRINKAGE,90,90,0.8181818181818182,0.9571428571428572,0.42857142857142855,0.955719557195572,-12,-5.142857142857142,25.5,12,0,0.02429334478035341,0.03579382621251658,0.019840067498419215,0.15260287483027704,0.15411420312002155,1.468044756177394
ds004446,sub-012,ses-01,C4_LOSO_SHRINKAGE,120,120,0.8571428571428571,0.9714285714285714,0.6190476190476191,0.9700374531835206,-8,-3.4285714285714284,12.0,8,0,0.03532889438101461,0.03340594091184395,0.015628506996594092,0.1262520785280154,0.11590320240054869,1.284300031930045
ds004446,sub-012,ses-01,C4_LOSO_SHRINKAGE,full,270,0.9310344827586207,1.0,1.0,1.0,0,0.0,0.0,0,0,0.0,0.0,0.0,0.0,0.0,0.0
ds004446,sub-012,ses-08,C0_CURRENT_OVERLAP_EMPIRICAL,15,30,,0.9214285714285714,0.043478260869565216,0.921146953405018,-14,-6.0,65.5,18,4,0.3072586891482021,0.3008755184304996,0.00028862554447915337,0.417637106108879,0.2617542917471922,42184.788358493155
ds004446,sub-012,ses-08,C0_CURRENT_OVERLAP_EMPIRICAL,30,60,,0.9321428571428572,0.2962962962962963,0.9301470588235294,-3,-1.2857142857142856,-3.0,11,8,0.20041662210263564,0.19070795184539593,0.08562512218503217,0.18802473640301418,0.010310424921496123,44993.800806951636
ds004446,sub-012,ses-08,C0_CURRENT_OVERLAP_EMPIRICAL,60,120,,0.9678571428571429,0.625,0.9660377358490566,1,0.42857142857142855,0.5,4,5,0.009689773732798461,0.04531911436831496,0.04273263319458611,0.09113386265578757,0.019475247073936653,42166.87726965634
ds004446,sub-012,ses-08,C0_CURRENT_OVERLAP_EMPIRICAL,90,180,,0.9607142857142857,0.5769230769230769,0.9584905660377359,3,1.2857142857142856,-5.0,4,7,0.037191045119331925,0.017851249448324162,0.03547377144032025,0.060863043889829015,0.0263488636882674,41001.80977033343
ds004446,sub-012,ses-08,C0_CURRENT_OVERLAP_EMPIRICAL,120,240,,0.9678571428571429,0.6086956521739131,0.9661654135338346,-1,-0.42857142857142855,0.0,5,4,0.057038721248143805,0.007309449528415659,0.057266460501298425,0.03543172799668212,0.028258201636692508,40055.98528005419
ds004446,sub-012,ses-08,C0_CURRENT_OVERLAP_EMPIRICAL,full,550,,1.0,1.0,1.0,0,0.0,0.0,0,0,0.0,0.0,0.0,0.0,0.0,0.0
ds004446,sub-012,ses-08,C1_NONOVERLAP_EMPIRICAL,15,15,,0.925,0.045454545454545456,0.9247311827956989,-13,-5.571428571428571,65.5,17,4,0.3383036082922929,0.39038339534634514,0.1594661818210387,0.43250803602228904,0.03354030810920836,2.2776220549580026
ds004446,sub-012,ses-08,C1_NONOVERLAP_EMPIRICAL,30,30,,0.9321428571428572,0.20833333333333334,0.9309090909090909,-7,-3.0,20.0,13,6,0.32781385237023497,0.12483093311598596,0.046903866441749535,0.18999582565616738,0.008385077027302323,2.5251922218019502
ds004446,sub-012,ses-08,C1_NONOVERLAP_EMPIRICAL,60,60,,0.975,0.6818181818181818,0.9735849056603774,1,0.42857142857142855,-4.0,3,4,0.003717218739558512,0.015370406042579481,0.1047937838266043,0.07987470267436904,0.01905699324386811,2.501813000379473
ds004446,sub-012,ses-08,C1_NONOVERLAP_EMPIRICAL,90,90,,0.9607142857142857,0.5416666666666666,0.9588014981273408,1,0.42857142857142855,-5.0,5,6,0.10193849285183142,0.007642577776129726,0.05905151738388884,0.07262006109347176,0.026298650676538467,2.077113247617215
ds004446,sub-012,ses-08,C1_NONOVERLAP_EMPIRICAL,120,120,,0.9571428571428572,0.5555555555555556,0.9547169811320755,6,2.571428571428571,0.0,3,9,0.1391670705929769,0.0007330629980224878,0.04876726350711336,0.05069816649253142,0.046117923650161534,2.188865303838511
ds004446,sub-012,ses-08,C1_NONOVERLAP_EMPIRICAL,full,275,,1.0,1.0,1.0,0,0.0,0.0,0,0,0.0,0.0,0.0,0.0,0.0,0.0
ds004446,sub-012,ses-08,C2_NONOVERLAP_HARRELL_DAVIS,15,15,,0.925,0.045454545454545456,0.9247311827956989,-11,-4.714285714285714,57.0,16,5,0.4537280550832755,0.45837436124941433,0.11819675065392743,0.5587880902366796,0.8375957592127888,2.2691093022475752
ds004446,sub-012,ses-08,C2_NONOVERLAP_HARRELL_DAVIS,30,30,,0.9321428571428572,0.20833333333333334,0.9309090909090909,-5,-2.142857142857143,20.0,12,7,0.3084558999164823,0.17185079591870694,0.1251637665570084,0.23729532597294636,0.16332233837027257,2.5599592520644654
ds004446,sub-012,ses-08,C2_NONOVERLAP_HARRELL_DAVIS,60,60,,0.9714285714285714,0.6363636363636364,0.9699248120300752,2,0.8571428571428571,-4.0,3,5,0.008520748451666007,0.027849756553231114,0.008862412745838067,0.07899281923037045,0.005398592250511884,2.4707676508198166
ds004446,sub-012,ses-08,C2_NONOVERLAP_HARRELL_DAVIS,90,90,,0.9607142857142857,0.56,0.9586466165413534,5,2.142857142857143,-5.0,3,8,0.10163494783237624,0.013187609283655708,0.010839301274694832,0.06686230380292699,0.023898149221229122,2.2440052818987564
ds004446,sub-012,ses-08,C2_NONOVERLAP_HARRELL_DAVIS,120,120,,0.9535714285714286,0.5185185185185185,0.9511278195488722,7,3.0,0.0,3,10,0.14145521393900953,0.0014483749651711141,0.025972875530256612,0.04664868383599166,0.04226153444089173,2.2473274272340857
ds004446,sub-012,ses-08,C2_NONOVERLAP_HARRELL_DAVIS,full,275,,1.0,1.0,1.0,0,0.0,0.0,0,0,0.0,0.0,0.0,0.0,0.0,0.0
ds004446,sub-012,ses-08,C3_BLOCK_SUBSAMPLE_EMPIRICAL,30,15,,0.9285714285714286,0.13043478260869565,0.927797833935018,-14,-6.0,4.5,17,3,0.3139498355760281,0.2742072968771635,0.02126817314460613,0.2922503923413782,0.0391185952516768,3.195830284393212
ds004446,sub-012,ses-08,C3_BLOCK_SUBSAMPLE_EMPIRICAL,60,30,,0.9714285714285714,0.68,0.9695817490494296,2,0.8571428571428571,-20.5,3,5,0.0,0.05234599908176903,0.01425146155879896,0.06266664707441873,0.05018989579460417,3.4296263114168357
ds004446,sub-012,ses-08,C3_BLOCK_SUBSAMPLE_EMPIRICAL,90,45,,0.9178571428571428,0.41025641025641024,0.9128787878787878,15,6.428571428571428,-14.5,4,19,0.20053272689794574,0.041648503877331954,0.035301596316220686,0.03788759099422256,0.009595127137204028,3.0972834914598417
ds004446,sub-012,ses-08,C3_BLOCK_SUBSAMPLE_EMPIRICAL,120,60,,0.9214285714285714,0.42105263157894735,0.9166666666666666,14,6.0,-14.5,4,18,0.2043297770156621,0.002726571879358315,0.013483695712010513,0.017258252550151777,0.03764242184595347,3.0781646813809633
ds004446,sub-012,ses-08,C3_BLOCK_SUBSAMPLE_EMPIRICAL,full,138,,1.0,1.0,1.0,0,0.0,0.0,0,0,0.0,0.0,0.0,0.0,0.0,0.0
ds004446,sub-012,ses-08,C4_LOSO_SHRINKAGE,15,15,0.42857142857142855,0.9392857142857143,0.0,0.9392857142857143,-15,-6.428571428571428,98.0,16,1,0.4511671901144638,0.24837403962204999,0.14218590612421173,0.1545257666060592,0.15417101449895126,0.9991831363030569
ds004446,sub-012,ses-08,C4_LOSO_SHRINKAGE,30,30,0.6,0.9321428571428572,0.05,0.931899641577061,-11,-4.714285714285714,57.0,15,4,0.3944013614326169,0.12876739842594856,0.16495396652700547,0.09362317104754402,0.09732694823769189,1.5272120455273601
ds004446,sub-012,ses-08,C4_LOSO_SHRINKAGE,60,60,0.75,0.95,0.2631578947368421,0.9490909090909091,-8,-3.4285714285714284,22.0,11,3,0.11030368269955373,0.04140313792494057,0.0009177695080909308,0.048720188343079694,0.03665025405700359,1.8792585581672585
ds004446,sub-012,ses-08,C4_LOSO_SHRINKAGE,90,90,0.8181818181818182,0.9678571428571429,0.5,0.966789667896679,-5,-2.142857142857143,5.5,7,2,0.009199591069947183,0.024959515942352323,0.00027076818753712803,0.05250974363728477,0.05282248332867037,1.6993932594030485
ds004446,sub-012,ses-08,C4_LOSO_SHRINKAGE,120,120,0.8571428571428571,0.975,0.631578947368421,0.9738805970149254,-1,-0.42857142857142855,0.0,4,3,0.0677306846400829,0.01298179023364447,0.0095358510483586,0.038927385231727334,0.05965977121971384,1.8734219530972362
ds004446,sub-012,ses-08,C4_LOSO_SHRINKAGE,full,275,0.9322033898305084,1.0,1.0,1.0,0,0.0,0.0,0,0,0.0,0.0,0.0,0.0,0.0,0.0
ds004446,sub-013,ses-01,C0_CURRENT_OVERLAP_EMPIRICAL,15,30,,0.9035714285714286,0.18181818181818182,0.9014598540145985,-7,-3.0,5.0,17,10,0.3015132942106998,0.04534565708033379,0.48298038360552925,0.03979320933641813,0.24514921954192995,0.27590328323440216
ds004446,sub-013,ses-01,C0_CURRENT_OVERLAP_EMPIRICAL,30,60,,0.95,0.5757575757575758,0.946360153256705,6,2.571428571428571,0.0,4,10,0.19269653296867745,0.020548982316209344,0.19145111946997156,0.23815007509187253,0.030215912153791637,0.06962415502138523
ds004446,sub-013,ses-01,C0_CURRENT_OVERLAP_EMPIRICAL,60,120,,0.9678571428571429,0.7,0.9652509652509652,5,2.142857142857143,1.0,2,7,0.0930283712231657,0.03354337848115502,0.08496723110570369,0.07766966337267764,0.25191572927306505,0.0010498798750945746
ds004446,sub-013,ses-01,C0_CURRENT_OVERLAP_EMPIRICAL,90,180,,0.9785714285714285,0.7931034482758621,0.9766536964980544,6,2.571428571428571,-3.0,0,6,0.05912020183265773,0.025969672082789323,0.028311411161815722,0.04938370878242152,0.18211464492764445,0.014273667749425675
ds004446,sub-013,ses-01,C0_CURRENT_OVERLAP_EMPIRICAL,120,240,,0.9785714285714285,0.7931034482758621,0.9766536964980544,6,2.571428571428571,-3.0,0,6,0.019264970879485567,0.010174827786355478,0.018564272776199618,0.03502180173773704,0.09676202365457214,0.004562088109226431
ds004446,sub-013,ses-01,C0_CURRENT_OVERLAP_EMPIRICAL,full,536,,1.0,1.0,1.0,0,0.0,0.0,0,0,0.0,0.0,0.0,0.0,0.0,0.0
ds004446,sub-013,ses-01,C1_NONOVERLAP_EMPIRICAL,15,15,,0.9035714285714286,0.12903225806451613,0.9021739130434783,-17,-7.285714285714286,49.5,22,5,0.23221845698696483,0.08301498412310639,0.5037810459119101,0.021601847620273937,0.23443197365771196,0.05581879938121882
ds004446,sub-013,ses-01,C1_NONOVERLAP_EMPIRICAL,30,30,,0.85,0.16,0.8455882352941176,6,2.571428571428571,-5.5,18,24,0.3499127135329335,0.051022594471058044,0.35473127583585634,0.3034701149838511,0.20652318704799105,0.09037269232227998
ds004446,sub-013,ses-01,C1_NONOVERLAP_EMPIRICAL,60,60,,0.95,0.5757575757575758,0.946360153256705,0,0.0,1.0,7,7,0.14101871391641818,0.00026823986082641143,0.01507312329007363,0.11235672368902036,0.2525584521852847,0.03242861371473759
ds004446,sub-013,ses-01,C1_NONOVERLAP_EMPIRICAL,90,90,,0.9714285714285714,0.7241379310344828,0.9691119691119691,-2,-0.8571428571428571,-2.0,5,3,0.10426307908527394,0.030604054493894396,0.007517806637373099,0.06028348096021887,0.17295160079356595,0.017691325429760568
ds004446,sub-013,ses-01,C1_NONOVERLAP_EMPIRICAL,120,120,,0.9785714285714285,0.8,0.9765625,2,0.8571428571428571,-3.0,2,4,0.041704863275419696,0.00026823986082641143,0.04810576931656053,0.03544937448704451,0.09732509197089213,0.026366702588288122
ds004446,sub-013,ses-01,C1_NONOVERLAP_EMPIRICAL,full,268,,1.0,1.0,1.0,0,0.0,0.0,0,0,0.0,0.0,0.0,0.0,0.0,0.0
ds004446,sub-013,ses-01,C2_NONOVERLAP_HARRELL_DAVIS,15,15,,0.9107142857142857,0.13793103448275862,0.9094202898550725,-19,-8.142857142857142,60.5,22,3,0.19383829466610236,0.07611504453655146,0.4596810634176218,0.04039646464993704,0.15890122366282858,0.10039556518798302
ds004446,sub-013,ses-01,C2_NONOVERLAP_HARRELL_DAVIS,30,30,,0.8964285714285715,0.275,0.8921933085501859,-1,-0.42857142857142855,-0.5,15,14,0.27051016605059985,0.018974509394879498,0.29735537731071626,0.36658575060973925,0.012449591730045397,0.08034730788721113
ds004446,sub-013,ses-01,C2_NONOVERLAP_HARRELL_DAVIS,60,60,,0.9464285714285714,0.5454545454545454,0.9427480916030534,-1,-0.42857142857142855,1.0,8,7,0.15415567453692497,0.0012433769102787172,0.05057893161622736,0.17714957339120332,0.2920214029174936,0.03967421161124081
ds004446,sub-013,ses-01,C2_NONOVERLAP_HARRELL_DAVIS,90,90,,0.9785714285714285,0.8,0.9765625,2,0.8571428571428571,-3.0,2,4,0.09900046925944395,0.014023679777597347,0.006682345793724506,0.06351531419961182,0.20998668590480643,0.006463295680639003
ds004446,sub-013,ses-01,C2_NONOVERLAP_HARRELL_DAVIS,120,120,,0.9785714285714285,0.8,0.9765625,2,0.8571428571428571,-3.0,2,4,0.04148739314785512,0.002730403195357373,0.033309120767982626,0.03465401083735123,0.12358982742788968,0.009095210490061031
ds004446,sub-013,ses-01,C2_NONOVERLAP_HARRELL_DAVIS,full,268,,1.0,1.0,1.0,0,0.0,0.0,0,0,0.0,0.0,0.0,0.0,0.0,0.0
ds004446,sub-013,ses-01,C3_BLOCK_SUBSAMPLE_EMPIRICAL,30,15,,0.8357142857142857,0.11538461538461539,0.8321167883211679,14,6.0,-7.5,16,30,0.40274380166055723,0.023907113502591018,0.24045495695062327,0.11785209554368692,0.23272104833055415,0.10576641377373729
ds004446,sub-013,ses-01,C3_BLOCK_SUBSAMPLE_EMPIRICAL,60,30,,0.9357142857142857,0.3793103448275862,0.9330855018587361,-4,-1.7142857142857142,12.0,11,7,0.25556129580954046,0.01366232087488158,0.1324538616759987,0.07617041548373275,0.3913544758071633,0.09348636847352483
ds004446,sub-013,ses-01,C3_BLOCK_SUBSAMPLE_EMPIRICAL,90,45,,0.95,0.5172413793103449,0.9471698113207547,0,0.0,-1.0,7,7,0.19600082856236567,0.012652092012034257,0.1278008050912184,0.06040717028285802,0.26369885931373266,0.05362719312540125
ds004446,sub-013,ses-01,C3_BLOCK_SUBSAMPLE_EMPIRICAL,120,60,,0.9714285714285714,0.6923076923076923,0.9694656488549618,0,0.0,-1.0,4,4,0.12913838545628983,0.0013276046890044275,0.018360238152986985,0.028552628134748508,0.08019391060436715,0.0710154763898608
ds004446,sub-013,ses-01,C3_BLOCK_SUBSAMPLE_EMPIRICAL,full,134,,1.0,1.0,1.0,0,0.0,0.0,0,0,0.0,0.0,0.0,0.0,0.0,0.0
ds004446,sub-013,ses-01,C4_LOSO_SHRINKAGE,15,15,0.42857142857142855,0.9107142857142857,0.0,0.9107142857142857,-25,-10.714285714285714,123.0,25,0,0.22598841118460325,0.08784345715650477,0.059123723680749654,0.07422263442595153,0.15880812176058526,0.35543284976947304
ds004446,sub-013,ses-01,C4_LOSO_SHRINKAGE,30,30,0.6,0.875,0.14634146341463414,0.8722627737226277,-3,-1.2857142857142856,-1.5,19,16,0.29571761130297153,0.06508205601505436,0.10810961827306939,0.2232775460998662,0.16278860045365673,0.19355537901543488
ds004446,sub-013,ses-01,C4_LOSO_SHRINKAGE,60,60,0.75,0.9321428571428572,0.36666666666666664,0.929368029739777,-9,-3.8571428571428568,12.0,14,5,0.15245936367460436,0.01850439149620961,0.043689848130975366,0.10690595621531297,0.17023123822024988,0.1112988893290093
ds004446,sub-013,ses-01,C4_LOSO_SHRINKAGE,90,90,0.8181818181818182,0.9571428571428572,0.5714285714285714,0.9545454545454546,-6,-2.571428571428571,12.0,9,3,0.11470448046651677,0.03686267156978446,0.04010068010177196,0.0634405965120967,0.12975189746699337,0.10044098064985896
ds004446,sub-013,ses-01,C4_LOSO_SHRINKAGE,120,120,0.8571428571428571,0.9857142857142858,0.8571428571428571,0.984375,2,0.8571428571428571,-1.0,1,3,0.05460781734364442,0.007374576378779733,0.06262880482560942,0.03962469991877436,0.07567093796909008,0.07945305250752734
ds004446,sub-013,ses-01,C4_LOSO_SHRINKAGE,full,268,0.9305555555555556,1.0,1.0,1.0,0,0.0,0.0,0,0,0.0,0.0,0.0,0.0,0.0,0.0
ds004446,sub-013,ses-08,C0_CURRENT_OVERLAP_EMPIRICAL,15,30,,0.9107142857142857,0.0,0.9107142857142857,-9,-3.8571428571428568,2.0,17,8,0.4525708861011976,0.16367915498838925,0.36887030128623777,0.08403557283481734,0.15369308398298334,4337.725180244087
ds004446,sub-013,ses-08,C0_CURRENT_OVERLAP_EMPIRICAL,30,60,,0.9,0.3170731707317073,0.8951310861423221,20,8.571428571428571,-26.0,4,24,0.3120667711460476,0.0035152723883760248,0.10817833912353685,0.15550145256874903,0.3029362568478078,2641.402744658893
ds004446,sub-013,ses-08,C0_CURRENT_OVERLAP_EMPIRICAL,60,120,,0.9214285714285714,0.35294117647058826,0.917910447761194,12,5.142857142857142,-19.0,5,17,0.2972046883838137,0.0035152723883760248,0.12530680014421774,0.03387067293077004,0.07102742745313868,2842.0540493725157
ds004446,sub-013,ses-08,C0_CURRENT_OVERLAP_EMPIRICAL,90,180,,0.9107142857142857,0.2647058823529412,0.9077490774907749,9,3.8571428571428568,-22.0,8,17,0.3071807032883914,0.020288997645974378,0.167244869769487,0.048723231963276756,0.17946194778026572,2256.5715651947053
ds004446,sub-013,ses-08,C0_CURRENT_OVERLAP_EMPIRICAL,120,240,,0.9428571428571428,0.42857142857142855,0.9402985074626866,6,2.571428571428571,-10.0,5,11,0.21873055581612807,0.031039524043412724,0.1068346697512727,0.03961349109594012,0.10971836887080352,2290.1100720864815
ds004446,sub-013,ses-08,C0_CURRENT_OVERLAP_EMPIRICAL,full,536,,1.0,1.0,1.0,0,0.0,0.0,0,0,0.0,0.0,0.0,0.0,0.0,0.0
ds004446,sub-013,ses-08,C1_NONOVERLAP_EMPIRICAL,15,15,,0.9142857142857143,0.0,0.9142857142857143,-12,-5.142857142857142,16.5,18,6,0.41321496840706995,0.21657373189595527,0.3408904953781724,0.1169510413609424,0.20815748380638677,0.7468220005901589
ds004446,sub-013,ses-08,C1_NONOVERLAP_EMPIRICAL,30,30,,0.9571428571428572,0.52,0.9550561797752809,2,0.8571428571428571,-6.5,5,7,0.18638519416946994,0.008752372939946379,0.034510839117345884,0.08474185531880352,0.14792553309176568,0.08414236604708293
ds004446,sub-013,ses-08,C1_NONOVERLAP_EMPIRICAL,60,60,,0.9178571428571428,0.34285714285714286,0.914179104477612,11,4.714285714285714,-26.0,6,17,0.33020279537746455,0.006805719202587542,0.08137368073879872,0.02642592193369692,0.13575222845169616,0.13012242089591225
ds004446,sub-013,ses-08,C1_NONOVERLAP_EMPIRICAL,90,90,,0.9071428571428571,0.2777777777777778,0.9037037037037037,10,4.285714285714286,-26.0,8,18,0.3164069480952685,0.026670503475517783,0.1470385737235869,0.035842986282478034,0.18215440443318548,0.03747672979357056
ds004446,sub-013,ses-08,C1_NONOVERLAP_EMPIRICAL,120,120,,0.9428571428571428,0.4838709677419355,0.939622641509434,10,4.285714285714286,-10.0,3,13,0.2501566995107901,0.031039524043412724,0.08369624146391255,0.030861368694489317,0.1587282489110732,0.10058280264165545
ds004446,sub-013,ses-08,C1_NONOVERLAP_EMPIRICAL,full,268,,1.0,1.0,1.0,0,0.0,0.0,0,0,0.0,0.0,0.0,0.0,0.0,0.0
ds004446,sub-013,ses-08,C2_NONOVERLAP_HARRELL_DAVIS,15,15,,0.9071428571428571,0.0,0.9071428571428571,-10,-4.285714285714286,-3.5,18,8,0.3914204442184311,0.1978439452484315,0.27991307880641164,0.0023736281803464166,0.1277118487586557,0.8403311674188358
ds004446,sub-013,ses-08,C2_NONOVERLAP_HARRELL_DAVIS,30,30,,0.9714285714285714,0.6666666666666666,0.9696969696969697,4,1.7142857142857142,-7.5,2,6,0.12368931028850974,0.002691549829242363,0.1058577048257914,0.28836850990212975,0.22964820879496559,0.17078437915086606
ds004446,sub-013,ses-08,C2_NONOVERLAP_HARRELL_DAVIS,60,60,,0.9214285714285714,0.3888888888888889,0.9172932330827067,14,6.0,-26.0,4,18,0.31720306913555624,0.01569908173081518,0.10650640488904868,0.00406325115813058,0.0998732699397651,0.21581726420792013
ds004446,sub-013,ses-08,C2_NONOVERLAP_HARRELL_DAVIS,90,90,,0.9285714285714286,0.3548387096774194,0.9256505576208178,6,2.571428571428571,-10.0,7,13,0.29054463606516573,0.014977556514298888,0.1715793996534069,0.02808151357982523,0.19473321719324052,0.02088962360432904
ds004446,sub-013,ses-08,C2_NONOVERLAP_HARRELL_DAVIS,120,120,,0.95,0.5172413793103449,0.9471698113207547,8,3.4285714285714284,-10.0,3,11,0.24051809416927586,0.030234417879380093,0.12178735604524174,0.029553742758812188,0.1534083916333751,0.10186543732338818
ds004446,sub-013,ses-08,C2_NONOVERLAP_HARRELL_DAVIS,full,268,,1.0,1.0,1.0,0,0.0,0.0,0,0,0.0,0.0,0.0,0.0,0.0,0.0
ds004446,sub-013,ses-08,C3_BLOCK_SUBSAMPLE_EMPIRICAL,30,15,,0.9107142857142857,0.24242424242424243,0.9080882352941176,5,2.142857142857143,-23.0,10,15,0.38672702653863106,0.14248859272471237,0.09330524265338354,0.4864879553156917,0.14534902319127282,0.15766540773280802
ds004446,sub-013,ses-08,C3_BLOCK_SUBSAMPLE_EMPIRICAL,60,30,,0.8964285714285715,0.21621621621621623,0.8933823529411765,9,3.8571428571428568,-27.0,10,19,0.3831826851182877,0.01163045350552525,0.17662769981444876,0.000178784556538119,0.2061123706274543,0.2053059712381728
ds004446,sub-013,ses-08,C3_BLOCK_SUBSAMPLE_EMPIRICAL,90,45,,0.8964285714285715,0.14705882352941177,0.8945454545454545,3,1.2857142857142856,-26.5,13,16,0.36490474422352404,0.06658318185757899,0.1973276692914377,0.0015552825411135937,0.241138249821235,0.17754072986235855
ds004446,sub-013,ses-08,C3_BLOCK_SUBSAMPLE_EMPIRICAL,120,60,,0.9214285714285714,0.3125,0.9185185185185185,6,2.571428571428571,-19.0,8,14,0.2951165747197726,0.03626176244872419,0.07542689757695806,0.003646918751841544,0.2061123706274543,0.16606085478971955
ds004446,sub-013,ses-08,C3_BLOCK_SUBSAMPLE_EMPIRICAL,full,134,,1.0,1.0,1.0,0,0.0,0.0,0,0,0.0,0.0,0.0,0.0,0.0,0.0
ds004446,sub-013,ses-08,C4_LOSO_SHRINKAGE,15,15,0.42857142857142855,0.9285714285714286,0.0,0.9285714285714286,-18,-7.7142857142857135,34.0,19,1,0.4014454282060588,0.2127566893006285,0.2444965073903989,0.03402922642911989,0.3819808144243912,0.09122685197340652
ds004446,sub-013,ses-08,C4_LOSO_SHRINKAGE,30,30,0.6,0.9285714285714286,0.25925925925925924,0.9267399267399268,-4,-1.7142857142857142,-10.0,12,8,0.259422399048088,0.08331602333824399,0.042530143035766646,0.06125670369014541,0.09813225275141127,0.10551418069896251
ds004446,sub-013,ses-08,C4_LOSO_SHRINKAGE,60,60,0.75,0.9142857142857143,0.2727272727272727,0.9114391143911439,4,1.7142857142857142,-23.0,10,14,0.33392122514671074,0.03740542867392937,0.09653652959021464,0.01402721591066515,0.20990859299505735,0.014701175893957474
ds004446,sub-013,ses-08,C4_LOSO_SHRINKAGE,90,90,0.8181818181818182,0.9178571428571428,0.28125,0.915129151291513,3,1.2857142857142856,-26.0,10,13,0.31574362767676356,0.04868793874979209,0.1435010006479311,0.025683562506140064,0.21973840631628913,0.08527968131401557
ds004446,sub-013,ses-08,C4_LOSO_SHRINKAGE,120,120,0.8571428571428571,0.9392857142857143,0.45161290322580644,0.9360902255639098,7,3.0,-10.0,5,12,0.25294180622512197,0.044359325764251535,0.08680237499503747,0.024056852934903714,0.18379026214141553,0.12408677576711657
ds004446,sub-013,ses-08,C4_LOSO_SHRINKAGE,full,268,0.9305555555555556,1.0,1.0,1.0,0,0.0,0.0,0,0,0.0,0.0,0.0,0.0,0.0,0.0
ds004446,sub-018,ses-01,C0_CURRENT_OVERLAP_EMPIRICAL,15,30,,0.9357142857142857,0.18181818181818182,0.9347826086956522,-8,-3.4285714285714284,8.0,13,5,0.21623801578803925,0.06663825446111937,0.6760851415007918,0.005994528820626425,0.5924443640264595,19.756234275848197
ds004446,sub-018,ses-01,C0_CURRENT_OVERLAP_EMPIRICAL,30,60,,0.9392857142857143,0.32,0.9375,-1,-0.42857142857142855,-1.0,9,8,0.1597573655559678,0.03522789942346104,0.386998722617089,0.00016330117136111624,0.547670327713059,18.272819655322742
ds004446,sub-018,ses-01,C0_CURRENT_OVERLAP_EMPIRICAL,60,120,,0.9357142857142857,0.25,0.9343065693430657,-4,-1.7142857142857142,2.5,11,7,0.21129114725681572,0.04657805006258302,0.37050252835903463,0.012801776929313608,0.4367604561835155,14.70943446939829
ds004446,sub-018,ses-01,C0_CURRENT_OVERLAP_EMPIRICAL,90,180,,0.9392857142857143,0.34615384615384615,0.9372693726937269,1,0.42857142857142855,2.5,8,9,0.19510481536696883,0.02651043736999905,0.34497145047201366,0.010763728748888125,0.11202347612326417,14.11603561271462
ds004446,sub-018,ses-01,C0_CURRENT_OVERLAP_EMPIRICAL,120,240,,0.95,0.5172413793103449,0.9471698113207547,10,4.285714285714286,-4.0,2,12,0.14607494410492106,0.014259080324993834,0.24989682925878978,0.010083428119015062,0.051703142826469546,12.06805892472664
ds004446,sub-018,ses-01,C0_CURRENT_OVERLAP_EMPIRICAL,full,536,,1.0,1.0,1.0,0,0.0,0.0,0,0,0.0,0.0,0.0,0.0,0.0,0.0
ds004446,sub-018,ses-01,C1_NONOVERLAP_EMPIRICAL,15,15,,0.9214285714285714,0.2413793103448276,0.9194139194139194,-12,-5.142857142857142,3.5,17,5,0.09828761644519103,0.03929633286685948,0.6795939719634416,0.04872151593482404,0.5990673407847198,1.4562432771546865
ds004446,sub-018,ses-01,C1_NONOVERLAP_EMPIRICAL,30,30,,0.9321428571428572,0.36666666666666664,0.929368029739777,-7,-3.0,3.5,13,6,0.09570349706509428,0.02551301929284504,0.5717354176910049,0.03887239485262204,0.5791983537454133,1.5972311408287254
ds004446,sub-018,ses-01,C1_NONOVERLAP_EMPIRICAL,60,60,,0.9178571428571428,0.28125,0.915129151291513,-7,-3.0,6.5,15,8,0.15920580346123492,0.04162936711449975,0.4339624872431091,0.005637698092545197,0.4198175618942436,1.173009297591418
ds004446,sub-018,ses-01,C1_NONOVERLAP_EMPIRICAL,90,90,,0.9392857142857143,0.45161290322580644,0.9360902255639098,-3,-1.2857142857142856,10.0,10,7,0.14862068652081478,0.02259622416171678,0.3634225413688487,0.007167194804171326,0.08531211940023299,0.9575785551637638
ds004446,sub-018,ses-01,C1_NONOVERLAP_EMPIRICAL,120,120,,0.9607142857142857,0.65625,0.9575289575289575,5,2.142857142857143,3.5,3,8,0.10283445337170816,0.008609591872858093,0.14324834603654257,0.006655979506678699,0.07275010736232643,0.5536578844732888
ds004446,sub-018,ses-01,C1_NONOVERLAP_EMPIRICAL,full,268,,1.0,1.0,1.0,0,0.0,0.0,0,0,0.0,0.0,0.0,0.0,0.0,0.0
ds004446,sub-018,ses-01,C2_NONOVERLAP_HARRELL_DAVIS,15,15,,0.95,0.44,0.9479553903345725,-12,-5.142857142857142,14.0,13,1,0.012074388085393541,0.04235985157669383,0.4748772315590886,0.048297470611053314,0.5677368768109405,1.7214625132817905
ds004446,sub-018,ses-01,C2_NONOVERLAP_HARRELL_DAVIS,30,30,,0.9428571428571428,0.4482758620689655,0.9400749063670412,-6,-2.571428571428571,3.5,11,5,0.07680201129083644,0.02817804101724468,0.3896443101877642,0.03180700240563502,0.5386475393567209,1.7537446222692288
ds004446,sub-018,ses-01,C2_NONOVERLAP_HARRELL_DAVIS,60,60,,0.925,0.34375,0.9219330855018587,-5,-2.142857142857143,8.5,13,8,0.16701840384765979,0.042800767398138616,0.3294544926325712,0.000387451728565302,0.3602012514717984,1.2305473576374868
ds004446,sub-018,ses-01,C2_NONOVERLAP_HARRELL_DAVIS,90,90,,0.9357142857142857,0.4375,0.9323308270676691,-2,-0.8571428571428571,6.5,10,8,0.15992696588624952,0.022970971441996745,0.27260121913471586,0.00898829781894075,0.11769941416164902,1.0354645992522826
ds004446,sub-018,ses-01,C2_NONOVERLAP_HARRELL_DAVIS,120,120,,0.9571428571428572,0.6363636363636364,0.9536679536679536,6,2.571428571428571,3.5,3,9,0.1086022799911001,0.010856374398792829,0.14887846281700504,0.0059816049442922275,0.06576280894247172,0.6265667372797429
ds004446,sub-018,ses-01,C2_NONOVERLAP_HARRELL_DAVIS,full,268,,1.0,1.0,1.0,0,0.0,0.0,0,0,0.0,0.0,0.0,0.0,0.0,0.0
ds004446,sub-018,ses-01,C3_BLOCK_SUBSAMPLE_EMPIRICAL,30,15,,0.9571428571428572,0.25,0.9565217391304348,0,0.0,-6.0,6,6,0.25368501107668395,0.08274097913586674,0.5661879324389052,0.04335887906166805,0.5786687698420839,0.5454293995339552
ds004446,sub-018,ses-01,C3_BLOCK_SUBSAMPLE_EMPIRICAL,60,30,,0.9535714285714286,0.2777777777777778,0.9527272727272728,3,1.2857142857142856,-15.0,5,8,0.2849897354673324,0.08150728297080649,0.2152173704670375,0.020165589200279888,0.34666636291982134,0.5409305738045739
ds004446,sub-018,ses-01,C3_BLOCK_SUBSAMPLE_EMPIRICAL,90,45,,0.9464285714285714,0.2857142857142857,0.9452554744525548,7,3.0,-15.0,4,11,0.2781341699894338,0.04329655043643908,0.34826678285946333,0.010137505535239245,0.20154310582221835,0.26541829826068364
ds004446,sub-018,ses-01,C3_BLOCK_SUBSAMPLE_EMPIRICAL,120,60,,0.9428571428571428,0.36,0.940959409594096,14,6.0,-21.5,1,15,0.22949210298685987,0.012136106175194963,0.1696650504036715,0.008714110933291521,0.1601802137343157,0.08168452903050143
ds004446,sub-018,ses-01,C3_BLOCK_SUBSAMPLE_EMPIRICAL,full,134,,1.0,1.0,1.0,0,0.0,0.0,0,0,0.0,0.0,0.0,0.0,0.0,0.0
ds004446,sub-018,ses-01,C4_LOSO_SHRINKAGE,15,15,0.42857142857142855,0.9214285714285714,0.043478260869565216,0.921146953405018,-22,-9.428571428571429,111.0,22,0,0.09976221294052717,0.14639196412584787,0.2889077013704421,0.13810967970442145,0.45438168311011706,0.4794036002270417
ds004446,sub-018,ses-01,C4_LOSO_SHRINKAGE,30,30,0.6,0.9392857142857143,0.2916666666666667,0.9377289377289377,-15,-6.428571428571428,35.5,16,1,0.03658848284503933,0.09227598563165001,0.34144864549060755,0.10036281277198811,0.48237541347407514,0.8750461352410551
ds004446,sub-018,ses-01,C4_LOSO_SHRINKAGE,60,60,0.75,0.9392857142857143,0.37037037037037035,0.937037037037037,-9,-3.8571428571428568,10.0,13,4,0.06633597324764101,0.028057264701736223,0.32455885664910267,0.03812803219089376,0.3918257742859544,0.8420672856723259
ds004446,sub-018,ses-01,C4_LOSO_SHRINKAGE,90,90,0.8181818181818182,0.9392857142857143,0.39285714285714285,0.9368029739776952,-7,-3.0,10.0,12,5,0.08764743548780245,0.01838501468984178,0.29674789981096594,0.02055012295330901,0.1143694822790765,0.7651853072998848
ds004446,sub-018,ses-01,C4_LOSO_SHRINKAGE,120,120,0.8571428571428571,0.9607142857142857,0.6206896551724138,0.9580152671755725,1,0.42857142857142855,3.5,5,6,0.06579388321419787,0.01660317523873196,0.12241605383560276,0.011581498380381134,0.09191596060020696,0.46179987957304836
ds004446,sub-018,ses-01,C4_LOSO_SHRINKAGE,full,268,0.9305555555555556,1.0,1.0,1.0,0,0.0,0.0,0,0,0.0,0.0,0.0,0.0,0.0,0.0
ds004446,sub-018,ses-08,C0_CURRENT_OVERLAP_EMPIRICAL,15,30,,0.8535714285714285,0.21153846153846154,0.8475836431226765,3,1.2857142857142856,-5.0,19,22,0.43070652989679553,0.08818105983814789,0.34475240625247494,0.007357011900580771,0.2464073573590883,1.4704714580898908
ds004446,sub-018,ses-08,C0_CURRENT_OVERLAP_EMPIRICAL,30,60,,0.9464285714285714,0.5833333333333334,0.9420849420849421,-3,-1.2857142857142856,1.0,9,6,0.09738842157152446,0.05703494453236069,0.02614395355165426,0.0018782567355848173,0.09069801608234432,0.9909053800678883
ds004446,sub-018,ses-08,C0_CURRENT_OVERLAP_EMPIRICAL,60,120,,0.9357142857142857,0.5263157894736842,0.9307692307692308,-2,-0.8571428571428571,1.0,10,8,0.12419527894806437,0.05565820913933404,0.07893173499047741,0.002786159398618937,0.03014438336417823,1.172095734682722
ds004446,sub-018,ses-08,C0_CURRENT_OVERLAP_EMPIRICAL,90,180,,0.9678571428571429,0.7352941176470589,0.9647058823529412,-1,-0.42857142857142855,-0.5,5,4,0.04605622176655799,0.003797528927066102,0.06863152778398009,0.0010998257333757436,0.014573449235943177,0.4430794464333985
ds004446,sub-018,ses-08,C0_CURRENT_OVERLAP_EMPIRICAL,120,240,,0.9714285714285714,0.7777777777777778,0.9682539682539683,4,1.7142857142857142,-3.0,2,6,0.03590003663945617,0.031122514026857274,0.055600081705190416,0.03838533661089835,0.007372382322351048,0.05940071679982565
ds004446,sub-018,ses-08,C0_CURRENT_OVERLAP_EMPIRICAL,full,546,,1.0,1.0,1.0,0,0.0,0.0,0,0,0.0,0.0,0.0,0.0,0.0,0.0
ds004446,sub-018,ses-08,C1_NONOVERLAP_EMPIRICAL,15,15,,0.8571428571428571,0.1836734693877551,0.8523985239852399,6,2.571428571428571,-5.0,17,23,0.45369106791269015,0.12875063101398324,0.1684359828334237,0.015201570792861179,0.15577825597774392,1.5906626904790322
ds004446,sub-018,ses-08,C1_NONOVERLAP_EMPIRICAL,30,30,,0.95,0.5882352941176471,0.9461538461538461,2,0.8571428571428571,0.5,6,8,0.03183712808953609,0.0562122904573242,0.35726721689670554,0.0033480461236911887,0.07948048155284353,0.6897867290445023
ds004446,sub-018,ses-08,C1_NONOVERLAP_EMPIRICAL,60,60,,0.8964285714285715,0.3829787234042553,0.8893129770992366,13,5.571428571428571,-3.5,8,21,0.25135332375501196,0.10240961766546841,0.259837306869201,0.02898386542313736,0.02471468843614697,0.8323923716909187
ds004446,sub-018,ses-08,C1_NONOVERLAP_EMPIRICAL,90,90,,0.9785714285714285,0.8064516129032258,0.9764705882352941,4,1.7142857142857142,0.0,1,5,0.021202572017276097,0.011558350864384285,0.04558922082665648,0.026716986528806337,0.017799375289881306,0.5418052149909836
ds004446,sub-018,ses-08,C1_NONOVERLAP_EMPIRICAL,120,120,,0.9892857142857143,0.8846153846153846,0.9883268482490273,-3,-1.2857142857142856,0.0,3,0,0.023608347445829212,0.026356786061653596,0.04830171175081967,0.04260417257153539,0.008519123373708411,0.06673674783581854
ds004446,sub-018,ses-08,C1_NONOVERLAP_EMPIRICAL,full,273,,1.0,1.0,1.0,0,0.0,0.0,0,0,0.0,0.0,0.0,0.0,0.0,0.0
ds004446,sub-018,ses-08,C2_NONOVERLAP_HARRELL_DAVIS,15,15,,0.8892857142857142,0.29545454545454547,0.8838951310861424,3,1.2857142857142856,2.0,14,17,0.32119102520262066,0.08778337810026407,0.0663153512623435,0.018193454888529283,0.1320240613663162,1.5102971086577837
ds004446,sub-018,ses-08,C2_NONOVERLAP_HARRELL_DAVIS,30,30,,0.9392857142857143,0.5405405405405406,0.9346153846153846,3,1.2857142857142856,0.5,7,10,0.03371520178767055,0.054074149542137274,0.5939519497665673,0.007665246342206147,0.10159617841414323,0.7192004248495962
ds004446,sub-018,ses-08,C2_NONOVERLAP_HARRELL_DAVIS,60,60,,0.9285714285714286,0.5,0.9230769230769231,6,2.571428571428571,-3.5,7,13,0.14361133793003797,0.08505099022903226,0.2865179864761036,0.0240156768993825,0.07022247074437432,0.8233110582599594
ds004446,sub-018,ses-08,C2_NONOVERLAP_HARRELL_DAVIS,90,90,,0.9607142857142857,0.7027027027027027,0.9566929133858267,9,3.8571428571428568,-4.0,1,10,0.022582873525999102,0.012197053094152715,0.0630692422958613,0.02087123941679355,0.03810888484862524,0.50969636579655
ds004446,sub-018,ses-08,C2_NONOVERLAP_HARRELL_DAVIS,120,120,,0.9928571428571429,0.9259259259259259,0.9921568627450981,-2,-0.8571428571428571,0.0,2,0,0.058249592790720166,0.029730107900724986,0.014193437842154998,0.05042708884606587,0.006484613465596505,0.13792479720430362
ds004446,sub-018,ses-08,C2_NONOVERLAP_HARRELL_DAVIS,full,273,,1.0,1.0,1.0,0,0.0,0.0,0,0,0.0,0.0,0.0,0.0,0.0,0.0
ds004446,sub-018,ses-08,C3_BLOCK_SUBSAMPLE_EMPIRICAL,30,15,,0.9678571428571429,0.6666666666666666,0.9656488549618321,-7,-3.0,8.0,8,1,0.06107354943885538,0.02803106153298365,0.07275647362642541,0.0564440582652392,0.09603083795743526,0.3767448317436405
ds004446,sub-018,ses-08,C3_BLOCK_SUBSAMPLE_EMPIRICAL,60,30,,0.9428571428571428,0.4838709677419355,0.939622641509434,-6,-2.571428571428571,9.0,11,5,0.07249793505798048,0.06912706170615877,0.0980655766189838,0.038155473132213596,0.20993233298300304,0.4202441932757272
ds004446,sub-018,ses-08,C3_BLOCK_SUBSAMPLE_EMPIRICAL,90,45,,0.9892857142857143,0.8888888888888888,0.98828125,-1,-0.42857142857142855,0.0,2,1,0.0,0.012350981030234623,0.08739898072106601,0.030218068165733324,0.0018193227761243481,0.3050459619191489
ds004446,sub-018,ses-08,C3_BLOCK_SUBSAMPLE_EMPIRICAL,120,60,,0.9928571428571429,0.9230769230769231,0.9921875,-2,-0.8571428571428571,0.0,2,0,0.02073991834397595,0.03372103393985745,0.11939876841481933,0.04777220202818667,0.00966759793443794,0.2913968064177419
ds004446,sub-018,ses-08,C3_BLOCK_SUBSAMPLE_EMPIRICAL,full,137,,1.0,1.0,1.0,0,0.0,0.0,0,0,0.0,0.0,0.0,0.0,0.0,0.0
ds004446,sub-018,ses-08,C4_LOSO_SHRINKAGE,15,15,0.42857142857142855,0.9178571428571428,0.14814814814814814,0.9166666666666666,-21,-9.0,26.0,22,1,0.1594415531673161,0.07365878677866924,0.0581910592370888,0.12098469629023924,0.1663585322385333,0.4824618667659737
ds004446,sub-018,ses-08,C4_LOSO_SHRINKAGE,30,30,0.6,0.9607142857142857,0.5925925925925926,0.9583333333333334,-9,-3.8571428571428568,5.0,10,1,0.003467013748426215,0.05116956386085343,0.22309525209525508,0.07355931920701927,0.11340160786131445,0.2814457615895317
ds004446,sub-018,ses-08,C4_LOSO_SHRINKAGE,60,60,0.75,0.9142857142857143,0.42857142857142855,0.9083969465648855,8,3.4285714285714284,-3.5,8,16,0.17532703687009996,0.02928540068570137,0.19951770412859043,0.06278214752404174,0.05443474591839414,0.5635870757086255
ds004446,sub-018,ses-08,C4_LOSO_SHRINKAGE,90,90,0.8181818181818182,0.9857142857142858,0.8620689655172413,0.984313725490196,2,0.8571428571428571,0.0,1,3,0.009571822221463232,0.038153726850897476,0.04035817530803857,0.04737679832723762,0.03703400189993489,0.4069477652777346
ds004446,sub-018,ses-08,C4_LOSO_SHRINKAGE,120,120,0.8571428571428571,0.9892857142857143,0.8846153846153846,0.9883268482490273,-3,-1.2857142857142856,0.0,3,0,0.02519735724799656,0.04115862026674585,0.039268787725751646,0.05293609687755323,0.02203309747468232,0.026356349188043963
ds004446,sub-018,ses-08,C4_LOSO_SHRINKAGE,full,273,0.931740614334471,1.0,1.0,1.0,0,0.0,0.0,0,0,0.0,0.0,0.0,0.0,0.0,0.0
