path,file_type,bytes,sha256,generated_utc,status
outputs/figures/beta_escape_broadband_control_panel.pdf,figure,15125,aad5b78a816ed6f442a500ce126178889757b50a07de554e827912f3cc699eb8,2026-07-02T12:41:04.610504+00:00,present
outputs/figures/beta_escape_broadband_control_panel.png,figure,82780,147a9d194fcca9b78779d18602b7def68b3fc1a3bcc12d623e2987dfc499d49a,2026-07-02T12:41:04.610504+00:00,present
outputs/figures/beta_escape_broadband_control_panel.svg,figure,79098,2dd53d5e5b00d513eed9f39bfd7a5633b3d77f0c351099523caf850cc99ade76,2026-07-02T12:41:04.610504+00:00,present
outputs/figures/beta_escape_definition_robustness.pdf,figure,12118,6b548cc060d1e83a7aa85605e87d4b7a8b97765748d0980c5d5df8c956c6ecc5,2026-07-02T12:41:04.610504+00:00,present
outputs/figures/beta_escape_definition_robustness.png,figure,70410,3a41e2dc416713458b37fc887ba36bff154698f1bb88c8d9450a16a996002935,2026-07-02T12:41:04.610504+00:00,present
outputs/figures/beta_escape_definition_robustness.svg,figure,42642,4554b2f95d6346ca7ddcfffe516960093b58a6ff0c30a68003c527e85ef4e0b5,2026-07-02T12:41:04.610504+00:00,present
outputs/figures/beta_escape_figure_1_model.pdf,figure,10722,7b972330379dd3873838a3a4b3d23c07db99d080871919829f16c14b9b91050f,2026-07-02T12:41:04.610504+00:00,present
outputs/figures/beta_escape_figure_1_model.png,figure,76595,ed667abc8cf661cee1122de18c8a9fc7513b1485c454ad2a77df19cb7da3d7cc,2026-07-02T12:41:04.610504+00:00,present
outputs/figures/beta_escape_figure_1_model.svg,figure,24179,9e235c66cb883706a1b8146ca2d42f355435340151d01555cd820339f3fcfd27,2026-07-02T12:41:04.610504+00:00,present
outputs/figures/beta_escape_figure_2_survival.pdf,figure,11626,bdc5efe14caf6d60f2c1ba1f7d2e48626cd28519523cb91e0cf03a256ded11af,2026-07-02T12:41:04.610504+00:00,present
outputs/figures/beta_escape_figure_2_survival.png,figure,35493,8cc95fe73d366619506b38cdbb8c58270d62b38bd52d69326075178ff76fce91,2026-07-02T12:41:04.610504+00:00,present
outputs/figures/beta_escape_figure_2_survival.svg,figure,32768,56481dd3e05b30cf552313b04e1e72b5522b249fb6374dcc4d0cea8f8f568c56,2026-07-02T12:41:04.610504+00:00,present
outputs/figures/beta_escape_figure_3_power_vs_dwell.pdf,figure,12256,5754711526c08c1217eff86dae9519eaf4354cfc42ad0e43b89e265890779fc2,2026-07-02T12:41:04.610504+00:00,present
outputs/figures/beta_escape_figure_3_power_vs_dwell.png,figure,56303,6c37cb84da94eef32572f92d5ff8ce27ed208950c0d331f286d4d68e14584eb1,2026-07-02T12:41:04.610504+00:00,present
outputs/figures/beta_escape_figure_3_power_vs_dwell.svg,figure,37415,f18f96cb5e45de6532a446c85c4501817cd8e9d88b3db7ceeecb3a68ab287417,2026-07-02T12:41:04.610504+00:00,present
outputs/figures/beta_escape_figure_4_smr_beta_quadrants.pdf,figure,10334,5982f09bacc2ec12c1290d2a0f4af67f2f1d6049e9afe31979841328bb944145,2026-07-02T12:41:04.610504+00:00,present
outputs/figures/beta_escape_figure_4_smr_beta_quadrants.png,figure,48673,c3da2d9b4aeffe64d6527d11fb154eb5af1d95604429abe03d0e8f30af1657ab,2026-07-02T12:41:04.610504+00:00,present
outputs/figures/beta_escape_figure_4_smr_beta_quadrants.svg,figure,33839,87065f5ae6667194b1cf7bffa19d6fa3e64fb23a3abc0e4de78c25b60bddc41d,2026-07-02T12:41:04.610504+00:00,present
outputs/figures/beta_escape_figure_5_transition_matrix.pdf,figure,10788,4d29639a1b4b1810d04244d3a95f8cb5160582a96be4d10aa36abd9969034d71,2026-07-02T12:41:04.610504+00:00,present
outputs/figures/beta_escape_figure_5_transition_matrix.png,figure,36615,f3671ced782931997ac714f98bff0b3f36d4d7df0b5821c386647b51a71ca983,2026-07-02T12:41:04.610504+00:00,present
outputs/figures/beta_escape_figure_5_transition_matrix.svg,figure,33832,5038383f4aaa8409485aa6d126ff5cc79460e30d8df5dec557751a9cd1563942,2026-07-02T12:41:04.610504+00:00,present
outputs/figures/beta_escape_figure_6_broadband_controls.pdf,figure,12930,edc74acacad76473142be4d76ed3d38b5322010a1b30f957b235146632060ca5,2026-07-02T12:41:04.610504+00:00,present
outputs/figures/beta_escape_figure_6_broadband_controls.png,figure,65468,97c80ef8cd6130a64900302d7da92942a568d76f5a9c64b458a472420c6753f9,2026-07-02T12:41:04.610504+00:00,present
outputs/figures/beta_escape_figure_6_broadband_controls.svg,figure,55999,d38441e331054c151b825aedd8632d24ef4ee0a9440bcd0c03e1c317525594d9,2026-07-02T12:41:04.610504+00:00,present
outputs/figures/beta_escape_figure_7_summary_mechanism.pdf,figure,11533,d5503f4cc6e84850535f3076aaebbe0519e2c380a69c0e4fe70e5642588d810a,2026-07-02T12:41:04.610504+00:00,present
outputs/figures/beta_escape_figure_7_summary_mechanism.png,figure,69358,01786c10254723352c27d8117808ea0a708ae7592fd8e957a920785c46393b51,2026-07-02T12:41:04.610504+00:00,present
outputs/figures/beta_escape_figure_7_summary_mechanism.svg,figure,34077,12a93706f5cd328c55d75a561669852c03d91cf995e2ac2f7742110481ae8bed,2026-07-02T12:41:04.610504+00:00,present
outputs/figures/beta_escape_hazard_functions.pdf,figure,12836,612773061ec61d035b1c0248655bc02c55a4f54378528c57a25af1338b1d1e62,2026-07-02T12:41:04.610504+00:00,present
outputs/figures/beta_escape_hazard_functions.png,figure,79566,ee444715a63e0d30f9c4c1414b7d5c8eba4743f102ac40e9e1defaba8abe91cf,2026-07-02T12:41:04.610504+00:00,present
outputs/figures/beta_escape_hazard_functions.svg,figure,36090,6c8b644a15d0db500cb362f3b616e2b46aae1488ee07567349ef056efa652564,2026-07-02T12:41:04.610504+00:00,present
outputs/figures/beta_escape_long_burst_fraction.pdf,figure,12267,8cc69880b133aae1a9ac8479b4e38b8bf951ebad1cab59dbae9a2ef5289e9486,2026-07-02T12:41:04.610504+00:00,present
outputs/figures/beta_escape_long_burst_fraction.png,figure,51326,04078f480af5742b958a8f8fae68f78250a2c53cd36dbf26a6c3934d8a85549b,2026-07-02T12:41:04.610504+00:00,present
outputs/figures/beta_escape_long_burst_fraction.svg,figure,35830,100092e73b007f05d623f13a906f1c409746c56cb87a844fe5661f510ffee10d,2026-07-02T12:41:04.610504+00:00,present
outputs/figures/beta_escape_mean_power_vs_dwell_time.pdf,figure,12489,b5d409e6bcabdec23a974098821d85cc9cc2293d466e6b176e48eababe48e45c,2026-07-02T12:41:04.610504+00:00,present
outputs/figures/beta_escape_mean_power_vs_dwell_time.png,figure,78104,f76458e478242d1b2aa3bc5bf01ad3fef811e99b576b88464af2db2c5cdedaf8,2026-07-02T12:41:04.610504+00:00,present
outputs/figures/beta_escape_mean_power_vs_dwell_time.svg,figure,47650,b117046057035e48bf2cfc6f7f48027e46de7b8181712e5042581fe79d661f3d,2026-07-02T12:41:04.610504+00:00,present
outputs/figures/beta_escape_power_dwell_quadrants.pdf,figure,11299,f7c7b065e4080f93c28c5e1ea881e90acf4a58e2b11d128c4aa6d5854cd503ea,2026-07-02T12:41:04.610504+00:00,present
outputs/figures/beta_escape_power_dwell_quadrants.png,figure,74658,ca5abedf6b430781e442ac4a6647d92fb031f93ff4e70907903fba7b436b8775,2026-07-02T12:41:04.610504+00:00,present
outputs/figures/beta_escape_power_dwell_quadrants.svg,figure,36506,7418d96d1fbfb34575cffd7d88a8d6a4004c5526ffe925ab1f4c6c918789dcee,2026-07-02T12:41:04.610504+00:00,present
outputs/figures/beta_escape_smr_vs_beta_escape_quadrants.pdf,figure,12096,b07e17d924add9bd87e6845e84283da4d8a7a618d1dbf12b998915fe2d7c7b4b,2026-07-02T12:41:04.610504+00:00,present
outputs/figures/beta_escape_smr_vs_beta_escape_quadrants.png,figure,71759,a9d587d5f930b3795efd6744d1a515e9b844db108466577df34752086384fe92,2026-07-02T12:41:04.610504+00:00,present
outputs/figures/beta_escape_smr_vs_beta_escape_quadrants.svg,figure,47675,cd02749e16e2333195db3f5ffa88359becf8c125ce6dffea9b08c16f049c5f97,2026-07-02T12:41:04.610504+00:00,present
outputs/figures/beta_escape_survival_curves.pdf,figure,12318,84410e4af84f94d37aab0618565387625fdfa2f8dcf244de952686e25e3b8e2d,2026-07-02T12:41:04.610504+00:00,present
outputs/figures/beta_escape_survival_curves.png,figure,38028,0f3e74920659bd822f04eca86e3e4cbdc0f6e08d9a9062ce5d6d46236bad3ac8,2026-07-02T12:41:04.610504+00:00,present
outputs/figures/beta_escape_survival_curves.svg,figure,34781,c903bc99efeb00dabeef815670fafcb2142fc28af9b64745480ee9d87462bda3,2026-07-02T12:41:04.610504+00:00,present
outputs/figures/nctrl1_active_damping_model_schematic.pdf,figure,32326,44e0b37e9631dfc7f9f2c033934c4c0cfa95de81fbda6902b296f604354454d4,2026-07-02T12:41:04.610504+00:00,present
outputs/figures/nctrl1_active_damping_model_schematic.png,figure,108339,8452590ff439fc79db6f2cc80779b3bb5682b406eebe7da1d28d95d74d0a7ea5,2026-07-02T12:41:04.610504+00:00,present
outputs/figures/nctrl1_active_damping_model_schematic.svg,figure,82116,b6a6ac2c3d797dadf7ec0fa55cf5baa427c3327d9d5e8c9d39ffdbefbf766ccb,2026-07-02T12:41:04.610504+00:00,present
outputs/figures/nctrl1_four_regime_map.pdf,figure,20115,3410d50d7f8de7a717c8f91740f96f4018466a6d26dc06a3522d1d382091f105,2026-07-02T12:41:04.610504+00:00,present
outputs/figures/nctrl1_four_regime_map.png,figure,117147,74738ef9784ad8c08564a23ca59e26e8c0c0d66f198deb2003e4e64c8e05555d,2026-07-02T12:41:04.610504+00:00,present
outputs/figures/nctrl1_four_regime_map.svg,figure,113337,0a0496d9f9367b890e3f8077c3a56cc37cb197d6506407e5c719d98716342385,2026-07-02T12:41:04.610504+00:00,present
outputs/figures/nctrl1_noise_damping_examples.pdf,figure,409876,e2b0b39db0c3a854aa91e6e707a1cdbb259dcb14101cf979ddeb4b8a096cd343,2026-07-02T12:41:04.610504+00:00,present
outputs/figures/nctrl1_noise_damping_examples.png,figure,709812,9c2e2da9aae15acebcdbc7f68f2c3b2d033b28ca317c36066b5b932dbbef8e23,2026-07-02T12:41:04.610504+00:00,present
outputs/figures/nctrl1_noise_damping_examples.svg,figure,1204569,1b635b905aea1aaf1175352f491b38c3f1fa237b0779f25e3d94c76e0161fc61,2026-07-02T12:41:04.610504+00:00,present
outputs/figures/nctrl2_damping_vs_diffusion.pdf,figure,15724,22088049df9d9c6e8a69cdb785dd4634a457d2ac3a417fe64c6a02510bb984a8,2026-07-02T12:41:04.610504+00:00,present
outputs/figures/nctrl2_damping_vs_diffusion.png,figure,73491,ad7cc6ffdd432f801128fc3e22342abf8ffa5b7a8977b33643e2b3b8264a31d0,2026-07-02T12:41:04.610504+00:00,present
outputs/figures/nctrl2_damping_vs_diffusion.svg,figure,56366,682cbd538f73e0480f2fcf11f4df9361186cc8f98f531c2547e1866795526ef7,2026-07-02T12:41:04.610504+00:00,present
outputs/figures/nctrl2_damping_vs_noise_floor.pdf,figure,16332,9d46b57e12d937d4e1460015ebc80315f826a5127aefecf5a4fe4f0fe4c8007e,2026-07-02T12:41:04.610504+00:00,present
outputs/figures/nctrl2_damping_vs_noise_floor.png,figure,70818,b8b20d80e430aeb30d8364ca02e80a74f53d2c676255d044bfe1c5134e50f51b,2026-07-02T12:41:04.610504+00:00,present
outputs/figures/nctrl2_damping_vs_noise_floor.svg,figure,56537,2a9add258dcd7ee454ed17243bad37ce94fc5a8e53e7f4fec70bfe8b545931f0,2026-07-02T12:41:04.610504+00:00,present
outputs/figures/nctrl2_smr_snr_vs_damping.pdf,figure,18455,0183c3acf897566f1b9cde1ee6d7a36745687d6c9f0b58c528cb807946e7b3ba,2026-07-02T12:41:04.610504+00:00,present
outputs/figures/nctrl2_smr_snr_vs_damping.png,figure,99951,adbabcdb12d94d2ae309b5808ae42cbc4a74245d448ca637cd710b9cb6185374,2026-07-02T12:41:04.610504+00:00,present
outputs/figures/nctrl2_smr_snr_vs_damping.svg,figure,66589,48c5aba782d986f11acdbe9a131ebfa9529ea4134879ac384a97ca1fdac11281,2026-07-02T12:41:04.610504+00:00,present
outputs/figures/nctrl3_psd_noise_floor_panel.pdf,figure,26969,641116570334e0694c2609304ef5ead6c0a3c372fde6b4e62e9af68a62b7985a,2026-07-02T12:41:04.610504+00:00,present
outputs/figures/nctrl3_psd_noise_floor_panel.png,figure,318473,daea9dd5611cb55f9ec5c58e6ca9f154277a17307979c635f262596f2874e232,2026-07-02T12:41:04.610504+00:00,present
outputs/figures/nctrl3_psd_noise_floor_panel.svg,figure,161644,8a46f8e6aff8a6c775a6ee769e819ff92b0547254e9445796072e0dbdf089776,2026-07-02T12:41:04.610504+00:00,present
outputs/figures/nctrl3_smr_snr_panel.pdf,figure,17337,d0470a1357dfef61e418a5d8ac7c50f5da95eb7a6106eec670dda9f5078334ce,2026-07-02T12:41:04.610504+00:00,present
outputs/figures/nctrl3_smr_snr_panel.png,figure,134272,2f487e174e8d6861a75a81930aed0b7801ac33602f8eb4e93e61c3e172eb252c,2026-07-02T12:41:04.610504+00:00,present
outputs/figures/nctrl3_smr_snr_panel.svg,figure,77790,d42495a7f59a75be232ec246e918f8d018f3a675a5438bb5cd73b929d0015166,2026-07-02T12:41:04.610504+00:00,present
outputs/figures/nctrl4_burst_noise_relationship.pdf,figure,29409,92b3fb8caa594999f9a11603075e86135d8eb8632af7383d2b22301d45038eeb,2026-07-02T12:41:04.610504+00:00,present
outputs/figures/nctrl4_burst_noise_relationship.png,figure,327868,f07934425cb3bffe7fb39f89a101acf3a805fe192f23da6573a800b5ee2ed33a,2026-07-02T12:41:04.610504+00:00,present
outputs/figures/nctrl4_burst_noise_relationship.svg,figure,198752,cc1651f55af755cee2bc2418e9a1881d528c0db008c76d7a21e027ca05bdca7e,2026-07-02T12:41:04.610504+00:00,present
outputs/figures/nctrl4_state_diffusion_panel.pdf,figure,19230,50fd1f96a00672d1859704271b716ce5332a583ed6b92dd8661bb07c7143da0d,2026-07-02T12:41:04.610504+00:00,present
outputs/figures/nctrl4_state_diffusion_panel.png,figure,203294,43c4976c865eebd7f5530375a32c63b6d0fc3be1608812f815aa09183d0c68ec,2026-07-02T12:41:04.610504+00:00,present
outputs/figures/nctrl4_state_diffusion_panel.svg,figure,97733,74974bf5c6860754c18d5a6a2779f624c43155997272a1fd06110839b2cbfbc7,2026-07-02T12:41:04.610504+00:00,present
outputs/figures/nctrl5_definition_sensitivity_panel.pdf,figure,19592,7ed687cfa91d65a9a06ac6b23f515f3e6196a6eeb8442480e99c68c639138cdc,2026-07-02T12:41:04.610504+00:00,present
outputs/figures/nctrl5_definition_sensitivity_panel.png,figure,61514,5e9c51c3020b80f024e5bf6ce5891322a5935ff45a2fbe3428844666e9df4210,2026-07-02T12:41:04.610504+00:00,present
outputs/figures/nctrl5_definition_sensitivity_panel.svg,figure,54704,c9dc61f73be03cbff915e3f3d2f82a100a7017b676e83df4d1804007b077eba8,2026-07-02T12:41:04.610504+00:00,present
outputs/figures/nctrl5_four_quadrant_noise_panel.pdf,figure,30822,d8ed2ef9558d0e27b548d71701109a2432d67169a9538160d1fb4e31ae07ae64,2026-07-02T12:41:04.610504+00:00,present
outputs/figures/nctrl5_four_quadrant_noise_panel.png,figure,232062,fe01bfb3bba60e268960604953b73b336469100b6a0c221d0fe924f89ec97446,2026-07-02T12:41:04.610504+00:00,present
outputs/figures/nctrl5_four_quadrant_noise_panel.svg,figure,155657,52a9a6a8fb601925a747188286aeb3540f6f26f662140d973d8baccfa9b0044c,2026-07-02T12:41:04.610504+00:00,present
outputs/figures/nctrl6_reward_quality_state_space.pdf,figure,26375,ab827c4c4117dc766b05931033feccd87e52e2b4f7eb3f0ba2be129d0bb7fd01,2026-07-02T12:41:04.610504+00:00,present
outputs/figures/nctrl6_reward_quality_state_space.png,figure,218522,a5cecf803d12455e1eccef8f5fa631499840b2b57517bd75189ba8de0fd0141b,2026-07-02T12:41:04.610504+00:00,present
outputs/figures/nctrl6_reward_quality_state_space.svg,figure,155854,77b76b34d48a82518194c28e559a8265ae18ffb321f80124add7d1da0004441b,2026-07-02T12:41:04.610504+00:00,present
outputs/figures/nctrl6_state_transition_panel.pdf,figure,18128,6c9fe2ff1d41d149424a8d96920c73ad612b9515b7041a58465e1aa1245cc758,2026-07-02T12:41:04.610504+00:00,present
outputs/figures/nctrl6_state_transition_panel.png,figure,129047,92b48570010b9b5968b3ef04365c062a585a9396e1f27b622992781b79e59bad,2026-07-02T12:41:04.610504+00:00,present
outputs/figures/nctrl6_state_transition_panel.svg,figure,83701,563bcc36fa96fc0a2a37fdeae314cd5090c8b5153831f4521ffee72add70b97b,2026-07-02T12:41:04.610504+00:00,present
outputs/figures/nctrl7_framework_comparison.pdf,figure,26761,c0b66b52733e4bea0031dea13626737f0fd36e187b3436c4ec4f894a3f3ab864,2026-07-02T12:41:04.610504+00:00,present
outputs/figures/nctrl7_framework_comparison.png,figure,183925,2cded25697e39ccffa92e58eb1416728cceb77a3bd295edd7a29b566e55d3d16,2026-07-02T12:41:04.610504+00:00,present
outputs/figures/nctrl7_framework_comparison.svg,figure,108442,44b1756c4a11338f2fd797bbf593c72c1e9f6dd9a490fd66d9fd9f9a89ce1055,2026-07-02T12:41:04.610504+00:00,present
outputs/figures/nctrl8_figure_1_active_damping_model.pdf,figure,30277,75a13a677973a95338ec8eb6a71443ed6cfc0cefe83e66fc2d3784b92cf37203,2026-07-02T12:41:04.610504+00:00,present
outputs/figures/nctrl8_figure_1_active_damping_model.png,figure,181798,0021cb81336db23ad5f459f398409c66cec8a39de880375f53713179c7ebed76,2026-07-02T12:41:04.610504+00:00,present
outputs/figures/nctrl8_figure_1_active_damping_model.svg,figure,117257,c2c5ab4f150dc55e7f7a01b58fcc9f05440bb0ca165600849425cf9c727ab27b,2026-07-02T12:41:04.610504+00:00,present
outputs/figures/nctrl8_figure_2_separability_simulation.pdf,figure,31239,523483c78dd4f785544d02ffffaf5b0d6e43ca27dd9a2a21ba32e7c21867dce6,2026-07-02T12:41:04.610504+00:00,present
outputs/figures/nctrl8_figure_2_separability_simulation.png,figure,219324,dd41911f0dd91eb642c844edfed17696d448110c5a34db0ef01c0666246846c9,2026-07-02T12:41:04.610504+00:00,present
outputs/figures/nctrl8_figure_2_separability_simulation.svg,figure,149257,739ee05f8aeda3cb6c3589c1b88751d5d7f49695b23a7b82fabc6e137ac0319a,2026-07-02T12:41:04.610504+00:00,present
outputs/figures/nctrl8_figure_3_noise_control_metrics.pdf,figure,50191,e878f4ed2994e84d27ad2ef86f46ccf7d2968b3e232c0acd5b62c765091945d1,2026-07-02T12:41:04.610504+00:00,present
outputs/figures/nctrl8_figure_3_noise_control_metrics.png,figure,398521,c2739c45abf612be305da28873d69bc6c6b8cd2ae717bc330df93b7cd82d060b,2026-07-02T12:41:04.610504+00:00,present
outputs/figures/nctrl8_figure_3_noise_control_metrics.svg,figure,271735,115be96ac28f6dd1a0d4c2882f44b19ca8de9e50855820e45c1ed9af5d4a969f,2026-07-02T12:41:04.610504+00:00,present
outputs/figures/nctrl8_figure_4_empirical_noise_floor.pdf,figure,34833,66df272b45aacddbc4fe4de4b8ea39973550458c1f50970d2f8258d005f5b115,2026-07-02T12:41:04.610504+00:00,present
outputs/figures/nctrl8_figure_4_empirical_noise_floor.png,figure,260914,b457729fcc98a33eac1d39c9f689c475d030a67be5757e80d602f9a32790c6db,2026-07-02T12:41:04.610504+00:00,present
outputs/figures/nctrl8_figure_4_empirical_noise_floor.svg,figure,148656,67b530c3d126ce31a30ae85ce4d69d31ade371e9beb5799792e2f6e17df9c015,2026-07-02T12:41:04.610504+00:00,present
outputs/figures/nctrl8_figure_5_burst_diffusion.pdf,figure,33934,f9a7ed8e657b0f3ffa6b82884c6620bb79520b750b63fdbcb7861483bd48dfbd,2026-07-02T12:41:04.610504+00:00,present
outputs/figures/nctrl8_figure_5_burst_diffusion.png,figure,267478,0269b9eac2e3daa2a7a17d9103285636743ba5051dc3fe859243a48e66c4b917,2026-07-02T12:41:04.610504+00:00,present
outputs/figures/nctrl8_figure_5_burst_diffusion.svg,figure,155851,a9789eddeee572c845b9f4db502e1a1b79e7a598d8226a8d1a1a87da87212ef1,2026-07-02T12:41:04.610504+00:00,present
outputs/figures/nctrl8_figure_6_four_quadrant_noise.pdf,figure,28369,c5dd6b1d2f9a6479363e6a96eeed894a11b105bd0001eb0e786793f1519fbbea,2026-07-02T12:41:04.610504+00:00,present
outputs/figures/nctrl8_figure_6_four_quadrant_noise.png,figure,157404,ed8ffb211d80565c8d99983f253a7d6356c8c48a7794496b67bb37bd3bbd93e6,2026-07-02T12:41:04.610504+00:00,present
outputs/figures/nctrl8_figure_6_four_quadrant_noise.svg,figure,119281,db870b3d295eaf109a77071c2cdb1155b4176e79d536d2cfb8cf110e5e494ed8,2026-07-02T12:41:04.610504+00:00,present
outputs/figures/nctrl8_figure_7_framework_comparison.pdf,figure,21398,aa851a3e953002f3fdd382a575358927fd1818c1a155250684b7884edcb9632f,2026-07-02T12:41:04.610504+00:00,present
outputs/figures/nctrl8_figure_7_framework_comparison.png,figure,116351,030490ae1f8fe544ac09e6cca9f109fc8959e5db57dc345f0f69988a1139f1c9,2026-07-02T12:41:04.610504+00:00,present
outputs/figures/nctrl8_figure_7_framework_comparison.svg,figure,70450,338018b35d091f72bfe5e546c5e934fb9b638a100675597c1aba69de8355e35e,2026-07-02T12:41:04.610504+00:00,present
outputs/figures/smoke_stuart_landau_gain_check.pdf,figure,11894,b35decbaa5d41114f31975f89a79854bc2ac8bd29c6ecc6a6e0c664df4cee7bf,2026-07-02T12:41:04.610504+00:00,present
outputs/figures/smoke_stuart_landau_gain_check.png,figure,64769,537c633ddfeec88fe83e4f2186ff00d0295635092b9d5628811939f198dfa67f,2026-07-02T12:41:04.610504+00:00,present
outputs/figures/smoke_stuart_landau_gain_check.svg,figure,30553,408046e7eca91ef602409594ff054130e431c86ef2e1588efd8fde04a4da9a6d,2026-07-02T12:41:04.610504+00:00,present
outputs/figures/spt1_fast_slow_model_schematic.pdf,figure,30398,672be8c2d8490ee754ea6bc2ab43857d1d0802aebe7b8295f7605f62d9330e6c,2026-07-02T12:41:04.610504+00:00,present
outputs/figures/spt1_fast_slow_model_schematic.png,figure,89202,333e9c6f476684a6b123ae7c7dc5eab498356430f335820bc75ca811dafb08d4,2026-07-02T12:41:04.610504+00:00,present
outputs/figures/spt1_fast_slow_model_schematic.svg,figure,62137,1c91cc277747f2abd9269b5a0f0c84e6bdd028eae4608d4077534cd8d11af7f9,2026-07-02T12:41:04.610504+00:00,present
outputs/figures/spt1_four_regime_simulation_map.pdf,figure,19692,3a2228def06779aefad533be6f7b26ce648406c8c38d0395ce76020c15842075,2026-07-02T12:41:04.610504+00:00,present
outputs/figures/spt1_four_regime_simulation_map.png,figure,96725,a0e807253b31e835653e5fabe82a6f21e1971cb9ffea0e5024b789c2667a7463,2026-07-02T12:41:04.610504+00:00,present
outputs/figures/spt1_four_regime_simulation_map.svg,figure,75349,3957fcda377f54709d98c79caf04f7022f0c28bcfc047e11401781d1476c9ff3,2026-07-02T12:41:04.610504+00:00,present
outputs/figures/spt1_time_scale_separation_examples.pdf,figure,172471,1429d7766aa6b67ff56116c42fd4b448cc13dbb03e78947f40c740ad9ba27d34,2026-07-02T12:41:04.610504+00:00,present
outputs/figures/spt1_time_scale_separation_examples.png,figure,278409,1a3a1267db92ef87282bee1fc8d78df46cc9345fd72a5d41204173cdfbab0a92,2026-07-02T12:41:04.610504+00:00,present
outputs/figures/spt1_time_scale_separation_examples.svg,figure,568150,44f9d6f7663862f711e41765523ea48d153f7b17f52e602a6da3dc3a5d41511b,2026-07-02T12:41:04.610504+00:00,present
outputs/figures/spt2_boundary_layer_error.pdf,figure,18228,1e62a24c3092c54613fb73065139880d06c47f715374261171202b4d3d358f15,2026-07-02T12:41:04.610504+00:00,present
outputs/figures/spt2_boundary_layer_error.png,figure,113385,884ee20416eb3557959a10d8374aca6c0550a575d6ba83862e5f8ad667e565c9,2026-07-02T12:41:04.610504+00:00,present
outputs/figures/spt2_boundary_layer_error.svg,figure,74925,4f6e820cb1a6407069abd8a301613a5446318a305c7f2480cc90cf21b0eb3308,2026-07-02T12:41:04.610504+00:00,present
outputs/figures/spt2_tau_ratio_vs_epsilon.pdf,figure,17477,61da7fdb217784d0eca59a19733f411c3d8b938d455e2fd57b918b75423895ca,2026-07-02T12:41:04.610504+00:00,present
outputs/figures/spt2_tau_ratio_vs_epsilon.png,figure,100014,9d4f01af4d66a278786a321624d712ec7997133641276c60a02784f242c53e9e,2026-07-02T12:41:04.610504+00:00,present
outputs/figures/spt2_tau_ratio_vs_epsilon.svg,figure,77496,7151294208917210591151ebb4e5364aef5a22fc83aaec34703793d911e220d3,2026-07-02T12:41:04.610504+00:00,present
outputs/figures/spt3_barrier_state_space.pdf,figure,86649,94d3a731749e03f52d2394d7e2e18783dcd683920b713ff0a46fe35f5808dead,2026-07-02T12:41:04.610504+00:00,present
outputs/figures/spt3_barrier_state_space.png,figure,192294,92ff015ee587fb12bdb67bb6a8e7001eb777d5575b56b8cf11864f3f670d51d3,2026-07-02T12:41:04.610504+00:00,present
outputs/figures/spt3_barrier_state_space.svg,figure,1669750,17b47de6142bb277cfae5bd03997b9104720d4e396346ab414e5119c8ac8e0e3,2026-07-02T12:41:04.610504+00:00,present
outputs/figures/spt3_transition_probability_panel.pdf,figure,20639,b412510b97cebd0cc481bafb33f6c7937f0a53a8c33241e2bac88c50107d09ea,2026-07-02T12:41:04.610504+00:00,present
outputs/figures/spt3_transition_probability_panel.png,figure,130772,8780dd21bccd63e708af7933dd072064b0d0020340103d42ce15db5ba4210235,2026-07-02T12:41:04.610504+00:00,present
outputs/figures/spt3_transition_probability_panel.svg,figure,86737,8cb87eab7a1dcca420f3f9ac2bcee19cbd971f30a2733da9531b2aa4df93cd5a,2026-07-02T12:41:04.610504+00:00,present
outputs/figures/spt4_bandwidth_control.pdf,figure,19714,cec623fab21f7f1371601cf3b1f0374a631089d948a685baac559787e8f6bfda,2026-07-02T12:41:04.610504+00:00,present
outputs/figures/spt4_bandwidth_control.png,figure,155154,1c3cce0ded417f9005678119ef9ae4bbfba3b38c625d742fd698fd5ce0cfea46,2026-07-02T12:41:04.610504+00:00,present
outputs/figures/spt4_bandwidth_control.svg,figure,92820,e4c8d2d04f6f625b54887c9f62d8aad43a018efb447f7e013e0450ba4eec6b21,2026-07-02T12:41:04.610504+00:00,present
outputs/figures/spt4_empirical_timescale_panel.pdf,figure,25929,486d350c00d06a1325010cbdfde5cb749a93e6f1990f365766b93a2d93ec3cdb,2026-07-02T12:41:04.610504+00:00,present
outputs/figures/spt4_empirical_timescale_panel.png,figure,354466,472b46f5b585a81fc0f0ebab202e0205a4f38305aa219098a6ed5c40a54de864,2026-07-02T12:41:04.610504+00:00,present
outputs/figures/spt4_empirical_timescale_panel.svg,figure,169866,15f4ec34c4efc40108799cef7ea1b84540bb12ad5ad9f3923b8f68a1ab9c9ae6,2026-07-02T12:41:04.610504+00:00,present
outputs/figures/spt4_tau_beta_vs_tau_smr.pdf,figure,16697,16f189284908b128aae94ca1fae78a3093dab2d3f9dda55849d4ff7a32133bb3,2026-07-02T12:41:04.610504+00:00,present
outputs/figures/spt4_tau_beta_vs_tau_smr.png,figure,117710,c6c8c2786b423d8e662f2648dd2327f6b87ceb6d621ea576b7fb718fe5ee2cb2,2026-07-02T12:41:04.610504+00:00,present
outputs/figures/spt4_tau_beta_vs_tau_smr.svg,figure,75828,ec0a545e2be5f96e901b1bfa7adafafb95e8d6ee0a0702bf6fca050acc15d382,2026-07-02T12:41:04.610504+00:00,present
outputs/figures/spt5_artifact_aware_panel.pdf,figure,16548,817f8b4946eb990a2fe8adf4110173172794a8e7cb27cc5e363d2f2edbe6b7bb,2026-07-02T12:41:04.610504+00:00,present
outputs/figures/spt5_artifact_aware_panel.png,figure,113206,d2ee3e01d56d59576c144a028bf83274e8cfb2a3a997c29ff4d24c2ead98d71a,2026-07-02T12:41:04.610504+00:00,present
outputs/figures/spt5_artifact_aware_panel.svg,figure,72086,d01529c5469a7e85f276795bc1cb51d8630b8aa48e08945cb5a9673ca1e2ec90,2026-07-02T12:41:04.610504+00:00,present
outputs/figures/spt5_four_quadrant_panel.pdf,figure,17555,41a55ed67976a139964e0d516ae00a907d288c1caca3db560e924ca0f37ab4ce,2026-07-02T12:41:04.610504+00:00,present
outputs/figures/spt5_four_quadrant_panel.png,figure,129750,db6d5223913f12720e1a60bbbdf2077a455f800eae316c961d2de9d59d1aa121,2026-07-02T12:41:04.610504+00:00,present
outputs/figures/spt5_four_quadrant_panel.svg,figure,78820,8a47ee8518ef5696f82f184f7f4a1ee42ed7b8501e67819ce89540ac53232e15,2026-07-02T12:41:04.610504+00:00,present
outputs/figures/spt6_barrier_prediction_panel.pdf,figure,26538,3a8892199c7c81a7bb804988f213660e5486dd84f8ac21dd747a27f4408f1715,2026-07-02T12:41:04.610504+00:00,present
outputs/figures/spt6_barrier_prediction_panel.png,figure,274870,6c4c1af5d2eb75b28f36cc30f241a325c8bebbc2d4810aab224645a8e55bfe75,2026-07-02T12:41:04.610504+00:00,present
outputs/figures/spt6_barrier_prediction_panel.svg,figure,190516,b885f61654ea7dfd128c5c62c15136df3cade2a36b43668069c6d76fde6723ca,2026-07-02T12:41:04.610504+00:00,present
outputs/figures/spt6_effect_size_forest.pdf,figure,26370,f3acaafb22ff7086276e06dc17c7c92e23350ff2ad1ca3d3167a966487717e4e,2026-07-02T12:41:04.610504+00:00,present
outputs/figures/spt6_effect_size_forest.png,figure,1166878,25ef0ca121ec76f7c277e8552f32216758b6e964f4b354c8cb6253ca61e05dba,2026-07-02T12:41:04.610504+00:00,present
outputs/figures/spt6_effect_size_forest.svg,figure,761860,7edbbd26af08f7fcc55a00a8c56bdd7290e06f698c56e5861e6b6908cdf11739,2026-07-02T12:41:04.610504+00:00,present
outputs/figures/spt6_prediction_effects.pdf,figure,16524,c0de290c31d9cc0e9f36563dc4ced4e851909711bfa15581f1c111194ba24c4a,2026-07-02T12:41:04.610504+00:00,present
outputs/figures/spt6_prediction_effects.png,figure,123897,01ecfaad8eb8caabc134ca7464db6b9c5b2993fdac9ae670afd2018e46ab0abf,2026-07-02T12:41:04.610504+00:00,present
outputs/figures/spt6_prediction_effects.svg,figure,65096,ab580f152d64ac23b70eee8445f9ba858b2e34206e2245d220234cf6314bc910,2026-07-02T12:41:04.610504+00:00,present
outputs/figures/spt6_threshold_sensitivity.pdf,figure,16753,3b07c68118073a49fff8650b685634fd0b4ae5ef9dd6a7b5facd87c10b7fb4b2,2026-07-02T12:41:04.610504+00:00,present
outputs/figures/spt6_threshold_sensitivity.png,figure,104224,0e09d9e1392a63b2de40ff7b8ba2e7205eab5d2fe6e95a3add2c498a911c8bca,2026-07-02T12:41:04.610504+00:00,present
outputs/figures/spt6_threshold_sensitivity.svg,figure,64784,8f9c211b60bd0463eabf29cb1403fd58ded7b0892d2112e7bb7f41eaac315cf1,2026-07-02T12:41:04.610504+00:00,present
outputs/figures/spt8_figure_1_fast_slow_model.pdf,figure,51769,c85c1c1396ea348722579c75b7d33e5a0884003145834f6d2bcbf74702d1ffaa,2026-07-02T12:41:04.610504+00:00,present
outputs/figures/spt8_figure_1_fast_slow_model.png,figure,208912,586566c411cfbcd800509ceaf249f6cb1e74ace5848346256ab2784f6f1c88f5,2026-07-02T12:41:04.610504+00:00,present
outputs/figures/spt8_figure_1_fast_slow_model.svg,figure,152734,591c898efbf4a00857a8173bae53eb17b4599f8ecf6aee369f4b17612fcce961,2026-07-02T12:41:04.610504+00:00,present
outputs/figures/spt8_figure_2_separability_simulation.pdf,figure,96543,533019cbc21932e8166031dcf9b2dd15d4613d49cd647176b53d1c7a22eadfb6,2026-07-02T12:41:04.610504+00:00,present
outputs/figures/spt8_figure_2_separability_simulation.png,figure,196864,3874533593a3593faf52071f879ed0d2c6a508af29ed1240ded20ff3a090ab77,2026-07-02T12:41:04.610504+00:00,present
outputs/figures/spt8_figure_2_separability_simulation.svg,figure,326863,eb8863ecd1bc92a6c90616211487df47a56d31ed3d73ae29b0a6dc7e8ef92f04,2026-07-02T12:41:04.610504+00:00,present
outputs/figures/spt8_figure_3_timescale_separation.pdf,figure,19540,52e08efa836700833322e55c7f0addffc207e45bf4580b3e13105a5a2310c8f2,2026-07-02T12:41:04.610504+00:00,present
outputs/figures/spt8_figure_3_timescale_separation.png,figure,131326,e8e5e68743e8aea978ed81739deedea813fcceb09d5daa87c86ee4004f59d11f,2026-07-02T12:41:04.610504+00:00,present
outputs/figures/spt8_figure_3_timescale_separation.svg,figure,99995,c6c2374de31a3a02ada788895d588d44c50367dbb7aaab3522c6a2d55606f117,2026-07-02T12:41:04.610504+00:00,present
outputs/figures/spt8_figure_4_four_quadrant_empirical.pdf,figure,17239,3b3b9cc75be886e6e683731438060e951dcb3483a837938bfa2bf4a196d200cf,2026-07-02T12:41:04.610504+00:00,present
outputs/figures/spt8_figure_4_four_quadrant_empirical.png,figure,128519,5c6b4031387450bb83bc300544dedf9554429e84d2233d66cdf7388814c573b3,2026-07-02T12:41:04.610504+00:00,present
outputs/figures/spt8_figure_4_four_quadrant_empirical.svg,figure,78272,89b660aa0d24ef79fd86c568705cd397a209166945143f4061f3c80b7ab3e519,2026-07-02T12:41:04.610504+00:00,present
outputs/figures/spt8_figure_5_barrier_prediction.pdf,figure,20978,d3877cc97052c224589cded1a711cbc2c5dcdfd730bb1a3e92c72384e91b041b,2026-07-02T12:41:04.610504+00:00,present
outputs/figures/spt8_figure_5_barrier_prediction.png,figure,154781,34465bc2045ba56db8119f87d6b6e7100d4a4f0047a2fd634e19cfebc499f6ff,2026-07-02T12:41:04.610504+00:00,present
outputs/figures/spt8_figure_5_barrier_prediction.svg,figure,92444,fdd7e7576a54835b4c5a56d6e7ba79688d6278c37732dc2c4a2c26b74a8d0cf8,2026-07-02T12:41:04.610504+00:00,present
outputs/figures/spt8_figure_6_framework_comparison.pdf,figure,15676,66d83761a2001b951d1f16822045f22c0362bcb3bb36998d4190551149ab48fb,2026-07-02T12:41:04.610504+00:00,present
outputs/figures/spt8_figure_6_framework_comparison.png,figure,96888,b5d93c7b21654b30783e5f704a06758f5eb78f2bc2a18e1f43236144814325f3,2026-07-02T12:41:04.610504+00:00,present
outputs/figures/spt8_figure_6_framework_comparison.svg,figure,64220,0cf94a88581f6530a6728c428467ea63bda6a557c77d1f1ec9526154e206e759,2026-07-02T12:41:04.610504+00:00,present
outputs/figures/wp1_coupling_robustness_map.pdf,figure,16024,ceabdc84a70ae4d29f6034e2c97bd7cd39d7dd97ecfbbe5f370e0836d40f387e,2026-07-02T12:41:04.610504+00:00,present
outputs/figures/wp1_coupling_robustness_map.png,figure,68209,21ae84a2421dafecf554d52682a4748e31e2aa607b7b5e5b9e05f002451b9edc,2026-07-02T12:41:04.610504+00:00,present
outputs/figures/wp1_coupling_robustness_map.svg,figure,48252,45ecc089c1f577383308da31a9e3e3400c1207db295c099ed9207216acaec94e,2026-07-02T12:41:04.610504+00:00,present
outputs/figures/wp1_example_timeseries_spectra.pdf,figure,37991,7a6196d8aa6725b5b4b82e852148d35d1fd4083a1e82487f242bd0fff511f0ca,2026-07-02T12:41:04.610504+00:00,present
outputs/figures/wp1_example_timeseries_spectra.png,figure,246166,0b368492e630f704edf3cf181573031976c26b26a2e2579616dc306a3775b371,2026-07-02T12:41:04.610504+00:00,present
outputs/figures/wp1_example_timeseries_spectra.svg,figure,133460,37e33564d959b6da31e49561eaebd227197da66257d4f1675043bb412a200a3b,2026-07-02T12:41:04.610504+00:00,present
outputs/figures/wp1_failure_regime_map.pdf,figure,15202,a4f8d54419be2303f449e7816fafaae921ec09bd5ee436400a1028f95ae783fd,2026-07-02T12:41:04.610504+00:00,present
outputs/figures/wp1_failure_regime_map.png,figure,65328,8b77da93406a511923348d52941745f3ae6939db789b4fe460e646cbe923f19e,2026-07-02T12:41:04.610504+00:00,present
outputs/figures/wp1_failure_regime_map.svg,figure,45768,9d59e9b44b78fc7156e058f7c56c6da9580cd3f176aa59302ff9c26aa52131b0,2026-07-02T12:41:04.610504+00:00,present
outputs/figures/wp2_derivative_and_bound_summary.pdf,figure,17056,96419e8a6ca3d301aebf1e52a56f63dd9a7c1964823c50514449f98f33ed38f3,2026-07-02T12:41:04.610504+00:00,present
outputs/figures/wp2_derivative_and_bound_summary.png,figure,61944,d0c5ef96540bbacedaaafc85f26d6cf369de695dc168c049546836e42bd03c22,2026-07-02T12:41:04.610504+00:00,present
outputs/figures/wp2_derivative_and_bound_summary.svg,figure,62348,9427b0d9368da3e24d3a1e3864142ba49ee09105e4db7f961323e20674f784ef,2026-07-02T12:41:04.610504+00:00,present
outputs/figures/wp3_feedback_model_comparison.pdf,figure,18322,e3803aa1c36545ea7a4d76a912aef44c10bc5564f66e243bdc89e7916047734a,2026-07-02T12:41:04.610504+00:00,present
outputs/figures/wp3_feedback_model_comparison.png,figure,164667,0f450915552dfc980f8e8e0df7671e70ca3f6fbe13cf2852157894401552cebd,2026-07-02T12:41:04.610504+00:00,present
outputs/figures/wp3_feedback_model_comparison.svg,figure,76518,3668909d482f5ad4bbbbcf865eb2847819fc40e610ac712bcaf80f906a0e5bed,2026-07-02T12:41:04.610504+00:00,present
outputs/figures/wp3_nonlinear_added_value_panel.pdf,figure,12142,dd40080b7f145131251601ee84dd2e1ab36ff99a6972f8b4b57092b1c4d9068a,2026-07-02T12:41:04.610504+00:00,present
outputs/figures/wp3_nonlinear_added_value_panel.png,figure,57990,5d5359490511ba7f7bf21644b03ba53c8974e2fe57f0114a642cb9a399d9d898,2026-07-02T12:41:04.610504+00:00,present
outputs/figures/wp3_nonlinear_added_value_panel.svg,figure,40173,c290be1766b2d5d934ac1959247f1b7d91bd64617eec6ab310a17526c35aa844,2026-07-02T12:41:04.610504+00:00,present
outputs/figures/wp4_burst_statistics_vs_lambda.pdf,figure,17339,cc82a240bb8bf91bafe08a391c72409cc67a6eea3e322580eed5bf05c5c2b83c,2026-07-02T12:41:04.610504+00:00,present
outputs/figures/wp4_burst_statistics_vs_lambda.png,figure,121968,01bf2b4a734f2aa6a61e5355c1c134b996c4b4b6f38506fcbadf26e9bb071d78,2026-07-02T12:41:04.610504+00:00,present
outputs/figures/wp4_burst_statistics_vs_lambda.svg,figure,60997,1d6e69282e458b9fab5ac171db408a2f02d505f56b871ba5fb4593cac0a7e301,2026-07-02T12:41:04.610504+00:00,present
outputs/figures/wp4_criticality_sensitivity_map.pdf,figure,22590,c9efb3f2c7413d3b4c399c558eda56180c0a8e88a6922ab6557cccfe59175e1d,2026-07-02T12:41:04.610504+00:00,present
outputs/figures/wp4_criticality_sensitivity_map.png,figure,69084,f4e381b5e5ea457d288bf213d8098b629b1a482110ccd01057b5f3bdb2206df2,2026-07-02T12:41:04.610504+00:00,present
outputs/figures/wp4_criticality_sensitivity_map.svg,figure,49143,334e9ab48552beb58a0f5f6ce3f37c7e11b7326abd25bdf269caf82c610aa44b,2026-07-02T12:41:04.610504+00:00,present
outputs/figures/wp4_variance_vs_lambda.pdf,figure,17924,b322b6f716f6ef890e316138116950f68c17f0970a5f312f5ddce04faed8dcf0,2026-07-02T12:41:04.610504+00:00,present
outputs/figures/wp4_variance_vs_lambda.png,figure,134358,90bc4fd1c16dda50552603c789de68956ffc4494b7a23395623035be097d4ca3,2026-07-02T12:41:04.610504+00:00,present
outputs/figures/wp4_variance_vs_lambda.svg,figure,84848,7573c171c58c2b30c72c5ca5675c7689022192fe3c92328665d4d34a45989cfb,2026-07-02T12:41:04.610504+00:00,present
outputs/figures/wp5_burst_duration_threshold_sensitivity.pdf,figure,12818,cfd97e58922aed2bc0c85e023f1ebcc97dffbfa2cb6608d92fc35bc6a995d85d,2026-07-02T12:41:04.610504+00:00,present
outputs/figures/wp5_burst_duration_threshold_sensitivity.png,figure,90183,9d2cb58e25de1b974500ac0d42a0493c45655e9db7f73f05faca386e56bd9506,2026-07-02T12:41:04.610504+00:00,present
outputs/figures/wp5_burst_duration_threshold_sensitivity.svg,figure,47783,bb89cb5e46fc087f0ad6d4fbac308da445c2cab3ba81b630d60fcaeb9d1094d0,2026-07-02T12:41:04.610504+00:00,present
outputs/figures/wp5_burst_rate_threshold_sensitivity.pdf,figure,12705,48bc4c15b123b1b7df6259af51f3024e46f21eba5ddbf7a6061e2253cd7655fc,2026-07-02T12:41:04.610504+00:00,present
outputs/figures/wp5_burst_rate_threshold_sensitivity.png,figure,84364,b706b905f20c469b0bd0e843ead6091b2aad9d1a2720a6432ee092523ccb0c1c,2026-07-02T12:41:04.610504+00:00,present
outputs/figures/wp5_burst_rate_threshold_sensitivity.svg,figure,45341,3ff3cfc09404c57f6f6f22b1666f14dcf2f1367beeeea141db6176a2f8b6d31b,2026-07-02T12:41:04.610504+00:00,present
outputs/figures/wp5_surrogate_artifact_check.pdf,figure,12414,b752ddc66ad75a862a243ca24ac97492142abcb8347fdae5e9340fe9a336cd2f,2026-07-02T12:41:04.610504+00:00,present
outputs/figures/wp5_surrogate_artifact_check.png,figure,54054,5b242f3a79775f733e459684522457b9f3d1a0ba814c83ed2a8e899449847c65,2026-07-02T12:41:04.610504+00:00,present
outputs/figures/wp5_surrogate_artifact_check.svg,figure,44332,6bb71a5a53428dced03e85cc15098d0d36670bfc785bd36268604ec9bacd86f2,2026-07-02T12:41:04.610504+00:00,present
outputs/figures/wp6_failure_regime_map.pdf,figure,13465,7973f815527df81f72c58d4aa96348e376c5c8da77ac5dce7fff2f6785d06e72,2026-07-02T12:41:04.610504+00:00,present
outputs/figures/wp6_failure_regime_map.png,figure,53408,1f39d649d6c270cf54cffafc4eb78e2f8d975bcbe554177704e63ebbe5095ffd,2026-07-02T12:41:04.610504+00:00,present
outputs/figures/wp6_failure_regime_map.svg,figure,39717,3945bc398d968fe02988cbc3f5fef4bd8cadc450993b9aeec121a76d054af129,2026-07-02T12:41:04.610504+00:00,present
outputs/figures/wp6_parameter_importance.pdf,figure,11397,c490245976697dd425ac0e4914665e2c2df9a7b6c15060fece7b4b19672370fc,2026-07-02T12:41:04.610504+00:00,present
outputs/figures/wp6_parameter_importance.png,figure,57618,3c61b4f94be3d32e8e431c25476d426d20c27a4a5b390661103ab47927f4b43b,2026-07-02T12:41:04.610504+00:00,present
outputs/figures/wp6_parameter_importance.svg,figure,32269,8d352f6c5b71b04f9cbff187f8b9f7755b6b46ea261c92005e2cb875ace7bd90,2026-07-02T12:41:04.610504+00:00,present
outputs/figures/wp6_validity_map.pdf,figure,14380,64c28299b7822a67fc690ebc5aaf03492e1a5e1f54d2732a8fcb18ab309746d7,2026-07-02T12:41:04.610504+00:00,present
outputs/figures/wp6_validity_map.png,figure,48187,ff194fe314821409ffa48a1cab79a6b7f2e2dafd8e356b4baf245e7b47eadc97,2026-07-02T12:41:04.610504+00:00,present
outputs/figures/wp6_validity_map.svg,figure,39437,913bf6fcd2ea78054245da64ec8c5e768efc780d1e25dc237ac857e8bbc07d9f,2026-07-02T12:41:04.610504+00:00,present
outputs/figures/wp8_empirical_signature_panel.pdf,figure,15068,3dbb3a0ec82bbdb0a28b81fc9e6e31e04870771170821163b4586a09efc52aa6,2026-07-02T12:41:04.610504+00:00,present
outputs/figures/wp8_empirical_signature_panel.png,figure,168274,a99418b908efa9f883dde0c965857486281b5249cff341f5dcb5739618c1b1b8,2026-07-02T12:41:04.610504+00:00,present
outputs/figures/wp8_empirical_signature_panel.svg,figure,60150,305daa0230d6f70b0543f60260face6c4f77a11f0782d88769a4d37266c8cce1,2026-07-02T12:41:04.610504+00:00,present
outputs/figures/wp8_regime_prediction_panel.pdf,figure,13862,1858aab47e21ff73b1484a7878be2250b7a2c250bb9705c465879b293826f6cd,2026-07-02T12:41:04.610504+00:00,present
outputs/figures/wp8_regime_prediction_panel.png,figure,89215,7b727fd463efaabcd0dbb1510f1ba7aed6cb3ec65c7dcd7e2920826cda9f579a,2026-07-02T12:41:04.610504+00:00,present
outputs/figures/wp8_regime_prediction_panel.svg,figure,65002,1b4e25ac58af4dc57effcd6f5361595f4cbdc2a91e5389dea76c7cfe2c15134d,2026-07-02T12:41:04.610504+00:00,present
outputs/figures/wp9_CN_main_figure_1_model_validity.pdf,figure,17184,3b1e9965aef4f51d54f5402832e7656a73f0d68cbaca6219b900c881f105acb3,2026-07-02T12:41:04.610504+00:00,present
outputs/figures/wp9_CN_main_figure_1_model_validity.png,figure,110906,edceeea7e651c0492874b8a0e3e5fd65ef3609b34030d0e2e4e6816e8ec71ea5,2026-07-02T12:41:04.610504+00:00,present
outputs/figures/wp9_CN_main_figure_1_model_validity.svg,figure,61730,0dc8d8a8897194c10afec9d832b979bfe1096455de3e34e1165bddb10520c1fb,2026-07-02T12:41:04.610504+00:00,present
outputs/figures/wp9_CN_main_figure_2_coupling_failure.pdf,figure,14148,c1e4c08a3f95e70650e84ae73895c2385d58b38f2495e86057da53854a4f80be,2026-07-02T12:41:04.610504+00:00,present
outputs/figures/wp9_CN_main_figure_2_coupling_failure.png,figure,53500,6727ed6a4c7b1aaf0f67bff2c0b246840dd047501be3224049e0af98b4117e7f,2026-07-02T12:41:04.610504+00:00,present
outputs/figures/wp9_CN_main_figure_2_coupling_failure.svg,figure,41632,598dbe0efa4bdf0075e86208820faab56692eaf497403c95aa34933652cdb078,2026-07-02T12:41:04.610504+00:00,present
outputs/figures/wp9_CN_main_figure_3_criticality_bursts.pdf,figure,17574,843cd3904be21e86179cf88e49f1f6dbef3c1984ebbe0e4786c77d515b485e38,2026-07-02T12:41:04.610504+00:00,present
outputs/figures/wp9_CN_main_figure_3_criticality_bursts.png,figure,133090,83207f6cd5623f815ad3814e2136fdc50cf743ba406f821b21553d1a6c4adb7d,2026-07-02T12:41:04.610504+00:00,present
outputs/figures/wp9_CN_main_figure_3_criticality_bursts.svg,figure,62461,6a4570e22dab8c15237754eeda29a47cf8d736d79eaaa14359de23ebc4054224,2026-07-02T12:41:04.610504+00:00,present
outputs/figures/wp9_CN_main_figure_4_null_models.pdf,figure,15464,76a2f456617aed46856f09c6b664cfb01d0b14bf86fe7b804f7f1c0fe5340280,2026-07-02T12:41:04.610504+00:00,present
outputs/figures/wp9_CN_main_figure_4_null_models.png,figure,141905,a2a87222835bc03260de7efe53e58eb46546f557bf45a0b8c3192762c48db2d6,2026-07-02T12:41:04.610504+00:00,present
outputs/figures/wp9_CN_main_figure_4_null_models.svg,figure,56595,46ebd1290b2cf5fdd46caa175d01f49c2e66f7ff674a3e5c59dc09e0984a91e5,2026-07-02T12:41:04.610504+00:00,present
outputs/figures/wp9_CN_main_figure_5_threshold_surrogates.pdf,figure,14032,b2213a22e00951fa2ec30970229fa9e4f0684f30c8d3edbafcf9220c8ef0805e,2026-07-02T12:41:04.610504+00:00,present
outputs/figures/wp9_CN_main_figure_5_threshold_surrogates.png,figure,116744,addaec1ba6dacc0cacb43cea36b9152d178d33d041b7476660c8ef6ee2cfacf5,2026-07-02T12:41:04.610504+00:00,present
outputs/figures/wp9_CN_main_figure_5_threshold_surrogates.svg,figure,70884,a2449c85c51d2486ae9e4dadaed3ca9ea4ef7c78965147d73acc8207e7eb82b5,2026-07-02T12:41:04.610504+00:00,present
outputs/logs/beta_escape_data_acquisition.log,report_or_log,51920,483ab31c1c6af527498b38cc491a3a85b778932480124a2840362176bafa0607,2026-07-02T12:41:04.610504+00:00,present
outputs/logs/beta_escape_empirical_processing.log,report_or_log,6005,a956b2a419d7b423074819484d3d32c78ddb399b4e7d3e6fa94bbdc00432ddb1,2026-07-02T12:41:04.610504+00:00,present
outputs/logs/beta_escape_pipeline_stderr.log,report_or_log,529,dcd762be0fd1ba5b12b6a3206726d66951fd8e680eff1c263109a7b3940bf3f2,2026-07-02T12:41:04.610504+00:00,present
outputs/logs/beta_escape_pipeline_stdout.log,report_or_log,0,e3b0c44298fc1c149afbf4c8996fb92427ae41e4649b934ca495991b7852b855,2026-07-02T12:41:04.610504+00:00,present
outputs/logs/nctrl1_simulation.log,report_or_log,79,885b90e6043f996b102820df60e3d91cc423a662be0e250f8a1a36aeab10a36f,2026-07-02T12:41:04.610504+00:00,present
outputs/logs/nctrl3_empirical_processing.log,report_or_log,683,0a250bdcb1b09f9de5e70c81d9089bf06acc33b07b6b3768e2cf4e8ad83307a6,2026-07-02T12:41:04.610504+00:00,present
outputs/logs/nctrl4_empirical_processing.log,report_or_log,588,d121054357879c77ef40605a9e7b950ebf0563b5dea1ecbe1ec84bd564043d20,2026-07-02T12:41:04.610504+00:00,present
outputs/logs/nctrl6_empirical_processing.log,report_or_log,728,52e80ffa7228aaddda514a534798717f68effd00601db233a124f8460548b0ac,2026-07-02T12:41:04.610504+00:00,present
outputs/logs/spt1_processing.log,report_or_log,87,9a6939df17d8ea603d49e8b1821169e5516d317177079040f09a1819348d0281,2026-07-02T12:41:04.610504+00:00,present
outputs/logs/spt2_processing.log,report_or_log,70,53fcc9f5cb3e0eebc91593b9813a6339f1f02d32f6d16a066c32d8d5b926f224,2026-07-02T12:41:04.610504+00:00,present
outputs/logs/spt3_processing.log,report_or_log,50,9c8d9513dc7cfdde34688c56494bf9484fde54f314c8b001d1146568cb53534a,2026-07-02T12:41:04.610504+00:00,present
outputs/logs/spt4_empirical_processing.log,report_or_log,80,cedfcb125f916bf98b2e65a1106cd28a87e7fe185c9505b9fbf4ee5fe79c239a,2026-07-02T12:41:04.610504+00:00,present
outputs/logs/spt6_empirical_processing.log,report_or_log,1647,4a1f86b70a61287a3a06b8f76e124e34ea22755b29ad05ce214d297422fab631,2026-07-02T12:41:04.610504+00:00,present
outputs/logs/wp7_acquisition.log,report_or_log,7892,0016161f94fd7c7ea33de01231be28027f950e3a48fd2525a28cd20d563cecac,2026-07-02T12:41:04.610504+00:00,present
outputs/logs/wp7_metadata_fetch.log,report_or_log,1021,dec12a797b4f0213c00dde3f3f49947c6930a92fbdcc9b6904b62ae412a599ba,2026-07-02T12:41:04.610504+00:00,present
outputs/logs/wp8_empirical_processing.log,report_or_log,1389,5a7c4282c990295034f8e958630737f311523ead0f09be38d943d0df741381b3,2026-07-02T12:41:04.610504+00:00,present
outputs/reports/beta_escape_broadband_artifact_controls.md,report_or_log,709,2e1288974c140469f2323d32278ef5cc6c5fb60c73c2c3445fbd14d5318c672e,2026-07-02T12:41:04.610504+00:00,present
outputs/reports/beta_escape_claims_supported_vs_unsupported.md,report_or_log,721,c1d514d6eae24b97ddc5f54c358e28b0e1256d76e2e7c975b0c8ff9ec387f6cf,2026-07-02T12:41:04.610504+00:00,present
outputs/reports/beta_escape_data_acquisition_plan.md,report_or_log,1498,914608699523fd173629291198e620a68813f6da974321fd23e9df43a0d1649c,2026-07-02T12:41:04.610504+00:00,present
outputs/reports/beta_escape_dataset_inventory_after_download.md,report_or_log,965,aaca30dd6620823b226baac98759a19fe620ac19831a7f0865d6b15021140a9a,2026-07-02T12:41:04.610504+00:00,present
outputs/reports/beta_escape_figure_notes.md,report_or_log,282,dc39c9ab152a679ef9ebda239ba3d3f94321a7e6129a8ffaac5d6403dda5d46b,2026-07-02T12:41:04.610504+00:00,present
outputs/reports/beta_escape_go_no_go.md,report_or_log,1441,300d5babac0c361afc60324c39a1cd27e985e1ad211c2dbbc96d8b889b5a5e07,2026-07-02T12:41:04.610504+00:00,present
outputs/reports/beta_escape_hypothesis_assessment.md,report_or_log,675,bd3c2f374517908746264c5e9b213788a965758e608ef37bed2d565b44b33282,2026-07-02T12:41:04.610504+00:00,present
outputs/reports/beta_escape_local_data_inventory.md,report_or_log,674,1f02a36dda4b4d8aa226a6d52c13f8ec6bde8b5ee96748bcbf9fe6cedec3486c,2026-07-02T12:41:04.610504+00:00,present
outputs/reports/beta_escape_mathematical_support.md,report_or_log,2626,8a4e3a677c8e9e83ee79561e35461959d42a288f850f458a280af6153af5296a,2026-07-02T12:41:04.610504+00:00,present
outputs/reports/beta_escape_nonidentifiability_analysis.md,report_or_log,668,a4857b3a27f4fea14dad2953a41f77bf16914c631be9b8f5fa185f1a1dbc3c00,2026-07-02T12:41:04.610504+00:00,present
outputs/reports/beta_escape_primary_analysis.md,report_or_log,1210,c91b3e18df92a6562d1c91f3891ee4ea6f4a09d89a509e60dee54d29938e2e5c,2026-07-02T12:41:04.610504+00:00,present
outputs/reports/beta_escape_results_for_revision.md,report_or_log,600,2c7234966547b571ca16c8aec89c708e8d12f7e3e4b71055edc48516a1d0ea82,2026-07-02T12:41:04.610504+00:00,present
outputs/reports/beta_escape_smr_separability_analysis.md,report_or_log,687,0183605f9a5a8642183e698dd285d7383c88924b7f2ce233b592cf3ff5a1c47e,2026-07-02T12:41:04.610504+00:00,present
outputs/reports/beta_escape_submission_readiness.md,report_or_log,411,d12924969303ba953fab3b7d16be042788139d8269562a088a6dff59b34ab2f8,2026-07-02T12:41:04.610504+00:00,present
outputs/reports/beta_escape_survival_analysis.md,report_or_log,847,9ac7121511f1878e55c41be515b2f4c7886f35f35500276e943acb73f1fbaafb,2026-07-02T12:41:04.610504+00:00,present
outputs/reports/claims_supported_vs_unsupported.md,report_or_log,1302,5d54280be886caa1d62a367b03eac77d6ee08fa4aa1c71cb6bfde2d313056516,2026-07-02T12:41:04.610504+00:00,present
outputs/reports/Cognitive_Neurodynamics_submission_assessment.md,report_or_log,1918,c5265443ef9b7b801440f581d7d0462a92d75c9eb5ba4cf92a30e132d75c8bb1,2026-07-02T12:41:04.610504+00:00,present
outputs/reports/data_acquisition_decision.md,report_or_log,1737,bd4bc3f6f7d16a56834a5b42d2a3e6e6337fbfb863740211a36606ddbcc86b9d,2026-07-02T12:41:04.610504+00:00,present
outputs/reports/data_acquisition_plan.md,report_or_log,972,50d2c058cae482dc2f242f8ff63caef2c13dff568b6b16e54d153b768cdc7157,2026-07-02T12:41:04.610504+00:00,present
outputs/reports/nctrl1_results.md,report_or_log,2209,c31bc3174b13271b158f525b8c9336dce634687d361989023e6f9e581050d722,2026-07-02T12:41:04.610504+00:00,present
outputs/reports/nctrl2_results.md,report_or_log,1482,8886f87be0e79e3205ed7f9bf8cf8aa2b7d4b6fc1f259c7d444da5a74e8e51a7,2026-07-02T12:41:04.610504+00:00,present
outputs/reports/nctrl3_results.md,report_or_log,1631,8f6ee36439d817a5d7e3625ec9d2d1d18be54b5c3ebf37cbd507fe15a126d8bb,2026-07-02T12:41:04.610504+00:00,present
outputs/reports/nctrl4_results.md,report_or_log,1562,3bfbde898e0b550a4d52f84952874e6840590b0bb7dcf13e0eb60dc5fac607e2,2026-07-02T12:41:04.610504+00:00,present
outputs/reports/nctrl5_results.md,report_or_log,1792,50244823eb7a67dfdad0bbfdafb39981ed4dac521c435afaaef93fc5622ddf5f,2026-07-02T12:41:04.610504+00:00,present
outputs/reports/nctrl6_results.md,report_or_log,1393,28ab4e7c668d9bfdd6e599bbdecd10741678d5b4844a63f7fdda3807ff4b2aa7,2026-07-02T12:41:04.610504+00:00,present
outputs/reports/nctrl7_framework_decision.md,report_or_log,4866,8b818877561fbf93d95339087b2413fc7b9b994ba37ef4f50a471aea3e8f0ace,2026-07-02T12:41:04.610504+00:00,present
outputs/reports/nctrl8_figure_notes.md,report_or_log,1474,da167142ec48f793af91e1eb4f8e1bde611b7673bf6ddd7c3832b3e9731a6e0e,2026-07-02T12:41:04.610504+00:00,present
outputs/reports/nctrl_audit_report.md,report_or_log,14310,1d3bb550288eb7624f7d2f24adf945788387340039401192c944dcd86540e120,2026-07-02T12:41:04.610504+00:00,present
outputs/reports/nctrl_claims_supported_vs_unsupported.md,report_or_log,5508,3578bc5669d311d1102df7fd1fe9753b1dcde97e2d1e21021142702f22abf392,2026-07-02T12:41:04.610504+00:00,present
outputs/reports/nctrl_hypothesis_assessment.md,report_or_log,7403,01ac6dee499570797503633ff3c4818809ff15997a116b85bba29b054c228cf4,2026-07-02T12:41:04.610504+00:00,present
outputs/reports/nctrl_results_for_revision.md,report_or_log,2465,9d4a1208f511f44daedc7454eac568549ce2937abea0ef82fa6a1bf016db0545,2026-07-02T12:41:04.610504+00:00,present
outputs/reports/nctrl_revised_hypothesis_label.md,report_or_log,3164,52a3b6165a7f272d0fdf13c3ec1deb8f5beb3d8de81a62b25892e5c401aa3cb2,2026-07-02T12:41:04.610504+00:00,present
outputs/reports/nctrl_submission_readiness.md,report_or_log,6282,7103b0b1238ec65f9d91cad21a5fe93ccdbf3234e66ca6aeedbac2fd264ea659,2026-07-02T12:41:04.610504+00:00,present
outputs/reports/results_for_revision.md,report_or_log,846,316c9d99ed09d101c12db516fc93e6dcbd8175ccfea81237fb2c21472ca74671,2026-07-02T12:41:04.610504+00:00,present
outputs/reports/reviewer_criticism_to_analysis_mapping.md,report_or_log,950,96c12d0ad5814ba6a0837f58a99ac4a42cd9972279d5afe596631445aa28381a,2026-07-02T12:41:04.610504+00:00,present
outputs/reports/spt1_results.md,report_or_log,2771,c66aca3b93a92bdb83e0aa1f471faa98a81043f9108ac9acc5b5a11672c6ddac,2026-07-02T12:41:04.610504+00:00,present
outputs/reports/spt2_results.md,report_or_log,1615,05fc8f178e3da46120f110d5292f34f82a1b96d475203792f820eff4c582444f,2026-07-02T12:41:04.610504+00:00,present
outputs/reports/spt3_results.md,report_or_log,1647,ea8205dabbb415970515b843ff447cdc844fbd2615d65238c0d072702bef2ccd,2026-07-02T12:41:04.610504+00:00,present
outputs/reports/spt4_results.md,report_or_log,3447,11856ea2de7432201143f9b9dc40d9a89306187614ee2f8f236283570c901c46,2026-07-02T12:41:04.610504+00:00,present
outputs/reports/spt5_results.md,report_or_log,1618,3599d4d8a6c1f55cfbeeaeeedfe9dbe0ae269238f5bfb36f0a292a142c1c0d24,2026-07-02T12:41:04.610504+00:00,present
outputs/reports/spt6_results.md,report_or_log,4048,9cdc3371004b885e86c54ed5ebf32e3dfe39db67fbdfc8ee98e40baeed130fb0,2026-07-02T12:41:04.610504+00:00,present
outputs/reports/spt7_framework_decision.md,report_or_log,6561,7e091700efcba61ae20b8485ede97bd9a6564ce4d2e15d5fff4223e410785e8d,2026-07-02T12:41:04.610504+00:00,present
outputs/reports/spt8_figure_notes.md,report_or_log,2492,627a86af65ae9eeaae931f7be93a3d3e2d4eb85ad70219ed2cc66218e383a87f,2026-07-02T12:41:04.610504+00:00,present
outputs/reports/spt_claims_supported_vs_unsupported.md,report_or_log,5929,fce69d16fc6ae97d5b645b9383ad6557c19e224c4db51ad7a4f90c62b5c6c527,2026-07-02T12:41:04.610504+00:00,present
outputs/reports/spt_hypothesis_assessment.md,report_or_log,7562,97afc14a687ec4db6be623952b81e655bb7b4b9b8228ee23fc3a88dc74bc6a4e,2026-07-02T12:41:04.610504+00:00,present
outputs/reports/spt_results_for_revision.md,report_or_log,21684,50a0af26373ac2cbcfe4e1df7788c8c077f38f2ef17f26b5fbb15dace76d24b6,2026-07-02T12:41:04.610504+00:00,present
outputs/reports/spt_submission_readiness.md,report_or_log,6347,86ce778ae90cfa27cee18c891f6a7f30b2c480d7a69d27ffd8510fd9637785df,2026-07-02T12:41:04.610504+00:00,present
outputs/reports/wp1_results.md,report_or_log,968,fa25e5d9d96417b0ee0c11ebec1e0eb8a5818425cef9ed88313221b423a51459,2026-07-02T12:41:04.610504+00:00,present
outputs/reports/wp2_analytical_validity_statement.md,report_or_log,958,25bb5756e3929ff42d7b8a831b2ba849103ff73f00ff3cc3cd573dc2f1598861,2026-07-02T12:41:04.610504+00:00,present
outputs/reports/wp3_results.md,report_or_log,978,b747ebc31d9c8fd3f7037abdf8c0e2faec484f1322a684d8c30b34b63f7c9ab2,2026-07-02T12:41:04.610504+00:00,present
outputs/reports/wp4_results.md,report_or_log,693,65e894344d16b77b216a871ee65855cf5282ffe6178fb8cea07a424b045b8301,2026-07-02T12:41:04.610504+00:00,present
outputs/reports/wp5_results.md,report_or_log,772,f570edada913c67a1874854bc85fc60d6943b256977ff3d3381bc64db1069792,2026-07-02T12:41:04.610504+00:00,present
outputs/reports/wp6_results.md,report_or_log,612,130825cd0e618f7d3b0cf009f9ccbc1c8164a6c116a797cea4b99f5ce27ef0e5,2026-07-02T12:41:04.610504+00:00,present
outputs/reports/wp7_dataset_inventory.md,report_or_log,572,4578e8dc1f3f0ecd4af09ae7e33fe00c8bf0e90f67d1daa49c429a955d0be325,2026-07-02T12:41:04.610504+00:00,present
outputs/reports/wp8_results.md,report_or_log,1343,66c3895b0c234f7ef348c504864712c2bd940f91e4df28d6283703a98a53d8b5,2026-07-02T12:41:04.610504+00:00,present
outputs/reports/wp9_figure_notes_for_Cognitive_Neurodynamics.md,report_or_log,573,acb87484aa3fe4ab3d7ff7ffd9ddc77d36105b9dbe327d219c09e6f81ff990dc,2026-07-02T12:41:04.610504+00:00,present
outputs/tables/beta_escape_broadband_control_panel_source.csv,table,4801,ba8d1501c33ac01b1c0bf742c28cbe23a6fd0cbfdb368790933239dcd5d46740,2026-07-02T12:41:04.610504+00:00,present
outputs/tables/beta_escape_broadband_controls.csv,table,4801,ba8d1501c33ac01b1c0bf742c28cbe23a6fd0cbfdb368790933239dcd5d46740,2026-07-02T12:41:04.610504+00:00,present
outputs/tables/beta_escape_candidate_datasets.csv,table,4098,01aaacbf5c4ae049af963ec8b22ae9d08202ccc5edde83f7adbfe8313fcb700c,2026-07-02T12:41:04.610504+00:00,present
outputs/tables/beta_escape_definition_robustness.csv,table,582,af5d8f1a00d4340d8da5affe65892d01d1fcb12ba5afeb14c9d893a503dcb598,2026-07-02T12:41:04.610504+00:00,present
outputs/tables/beta_escape_definition_robustness_source.csv,table,582,af5d8f1a00d4340d8da5affe65892d01d1fcb12ba5afeb14c9d893a503dcb598,2026-07-02T12:41:04.610504+00:00,present
outputs/tables/beta_escape_download_manifest.csv,table,105928,c3383ad4bc9e7a8209efc07c968b96e83acd2b6316ac88c4eff466f10cc8fca4,2026-07-02T12:41:04.610504+00:00,present
outputs/tables/beta_escape_episode_metrics.csv,table,2450549,89f2153101a402b293d8c7bef06aea721aee14131cc35c4aeb44a19320d95f42,2026-07-02T12:41:04.610504+00:00,present
outputs/tables/beta_escape_figure_1_model_source.csv,table,187,580b3f2a718a87feb0cfaa70f78d5c6563af636bc65c4dac039409768bcf97fa,2026-07-02T12:41:04.610504+00:00,present
outputs/tables/beta_escape_figure_2_survival_source.csv,table,743,6d477dfaca3592e9796c84c215b066ff7307f64947cd60ac7a442318d1bd8a9f,2026-07-02T12:41:04.610504+00:00,present
outputs/tables/beta_escape_figure_3_power_vs_dwell_source.csv,table,38150,90cff4b2940c68f955c12341ac9542771bbee6fda16c91b37abd6625f178d7cd,2026-07-02T12:41:04.610504+00:00,present
outputs/tables/beta_escape_figure_4_smr_beta_quadrants_source.csv,table,38840,1819d26419b93d57b4cf11b39f1c0699fa991a1313ea29d248bbf81bb6a6741d,2026-07-02T12:41:04.610504+00:00,present
outputs/tables/beta_escape_figure_5_transition_matrix_source.csv,table,256,793e04135c3855407cf3e334edbcfcd3c8723a10ee8236217de65fe44ba3005e,2026-07-02T12:41:04.610504+00:00,present
outputs/tables/beta_escape_figure_6_broadband_controls_source.csv,table,4801,ba8d1501c33ac01b1c0bf742c28cbe23a6fd0cbfdb368790933239dcd5d46740,2026-07-02T12:41:04.610504+00:00,present
outputs/tables/beta_escape_figure_7_summary_mechanism_source.csv,table,284,bda4f794c8888aee2a3f86a292ce4032c5dd578448342ff086226046d4ae72a5,2026-07-02T12:41:04.610504+00:00,present
outputs/tables/beta_escape_hazard_functions_source.csv,table,705,f3953ca2687b00f582615e0d42fefcf4f0bfa6541656c4e2bccf6616762d21bf,2026-07-02T12:41:04.610504+00:00,present
outputs/tables/beta_escape_hazard_models.csv,table,272,26dc47ccda4f219840ad7497da8b54856eb4c11857a7ffef31ceacc602f31ee4,2026-07-02T12:41:04.610504+00:00,present
outputs/tables/beta_escape_local_data_inventory.csv,table,1745,052c7835b81aedbcf0b222a9408df49af92408d15eeb701f0774b66bd98cfb12,2026-07-02T12:41:04.610504+00:00,present
outputs/tables/beta_escape_long_burst_fraction_source.csv,table,29299,a3761f54f0d3414168460afbe915b1bf8d32e43e8c6e61abedfe0627b4b14985,2026-07-02T12:41:04.610504+00:00,present
outputs/tables/beta_escape_mean_power_vs_dwell_time_source.csv,table,38150,90cff4b2940c68f955c12341ac9542771bbee6fda16c91b37abd6625f178d7cd,2026-07-02T12:41:04.610504+00:00,present
outputs/tables/beta_escape_power_dwell_correlations.csv,table,555,d5bfffc90ab8ff26b93fe6a1fb6f273d4346fd55289327495fe4f8f78374c716,2026-07-02T12:41:04.610504+00:00,present
outputs/tables/beta_escape_power_dwell_discordance.csv,table,38150,90cff4b2940c68f955c12341ac9542771bbee6fda16c91b37abd6625f178d7cd,2026-07-02T12:41:04.610504+00:00,present
outputs/tables/beta_escape_power_dwell_quadrants_source.csv,table,119,fa40da9560db10896359629f5d401f574a3fb35db23fcb99024c7f3ef9242fe8,2026-07-02T12:41:04.610504+00:00,present
outputs/tables/beta_escape_primary_features.csv,table,555400,673b12297d4963a60d92566ffd55bf1c7fcb1a8fde605f978df1b2bf7011ca2c,2026-07-02T12:41:04.610504+00:00,present
outputs/tables/beta_escape_session_thresholds.csv,table,8111,cf39fb7800530f4aa33b3414b980f7f6fc535ba5522a36772c1768bb24b67c7e,2026-07-02T12:41:04.610504+00:00,present
outputs/tables/beta_escape_smr_beta_quadrants.csv,table,38840,1819d26419b93d57b4cf11b39f1c0699fa991a1313ea29d248bbf81bb6a6741d,2026-07-02T12:41:04.610504+00:00,present
outputs/tables/beta_escape_smr_vs_beta_escape_quadrants_source.csv,table,38840,1819d26419b93d57b4cf11b39f1c0699fa991a1313ea29d248bbf81bb6a6741d,2026-07-02T12:41:04.610504+00:00,present
outputs/tables/beta_escape_spectral_slope_controls.csv,table,2518,bfe107ef2ad0671d4a08714c34059f058e7e18d8fb9505401c21245d966e3f3a,2026-07-02T12:41:04.610504+00:00,present
outputs/tables/beta_escape_subject_influence.csv,table,1994,feda33ff03cedf666fc5b3a68d7c5bafd3b88df1367f37c706b184f38b9b4454,2026-07-02T12:41:04.610504+00:00,present
outputs/tables/beta_escape_survival_curves_source.csv,table,743,6d477dfaca3592e9796c84c215b066ff7307f64947cd60ac7a442318d1bd8a9f,2026-07-02T12:41:04.610504+00:00,present
outputs/tables/beta_escape_survival_metrics.csv,table,743,6d477dfaca3592e9796c84c215b066ff7307f64947cd60ac7a442318d1bd8a9f,2026-07-02T12:41:04.610504+00:00,present
outputs/tables/beta_escape_survival_models.csv,table,1678,58ac48144d6085cf21d707663255f45c214aaf20f6cb7b4a8156787b1d303fd9,2026-07-02T12:41:04.610504+00:00,present
outputs/tables/beta_escape_transition_metrics.csv,table,770540,1581b71a058558fbaf30e73bbc193cfec2463fcb3c0b496eb6cc3bbfeab5e728,2026-07-02T12:41:04.610504+00:00,present
outputs/tables/nctrl1_active_damping_model_schematic_source.csv,table,90,8cc3a4c678b89260ab81e6a5eee71787bde86f4610744415e8e62eb75f6fa591,2026-07-02T12:41:04.610504+00:00,present
outputs/tables/nctrl1_four_regime_map_source.csv,table,3073,cb249fe829c09ca920c0af6c2dd45a0fe507733af2bd17df6f09b08de55e4944,2026-07-02T12:41:04.610504+00:00,present
outputs/tables/nctrl1_noise_damping_examples_source.csv,table,548,6001997e96b9669be505213f7a844ccbe7abef99be7a9c99e73391b9c1ba97f7,2026-07-02T12:41:04.610504+00:00,present
outputs/tables/nctrl1_parameter_grid.csv,table,19007,b65f56cb2027d7ac0e6b137c827442b5bbcc3a23ed1e69b111d18e5aef375402,2026-07-02T12:41:04.610504+00:00,present
outputs/tables/nctrl1_simulation_summary.csv,table,1253,57faea7b7adb6770441daf0b5d95de152e70416705bcdf42d38dc70ef998af6f,2026-07-02T12:41:04.610504+00:00,present
outputs/tables/nctrl2_damping_vs_diffusion_source.csv,table,4002,6caabcc4be6388a797549395e5f625b4ffd49aa095ddad58b15e7f23eedb73f6,2026-07-02T12:41:04.610504+00:00,present
outputs/tables/nctrl2_damping_vs_noise_floor_source.csv,table,3863,6b1b30eebdc02aadc6e4b243b1198c4cd314c77a27d2e282cc93273135dbe513,2026-07-02T12:41:04.610504+00:00,present
outputs/tables/nctrl2_noise_control_metrics.csv,table,19007,b65f56cb2027d7ac0e6b137c827442b5bbcc3a23ed1e69b111d18e5aef375402,2026-07-02T12:41:04.610504+00:00,present
outputs/tables/nctrl2_smr_snr_vs_damping_source.csv,table,3823,7330fc60f3afda5e9b7321588ba3d2301d3f6b4fd974e65b8386e7fce9d536e1,2026-07-02T12:41:04.610504+00:00,present
outputs/tables/nctrl3_empirical_noise_features.csv,table,35629,3782afd5c76ffc8e575be81575c384b750f259ee71cd1bb01b940225f7c09c37,2026-07-02T12:41:04.610504+00:00,present
outputs/tables/nctrl3_psd_noise_floor_panel_source.csv,table,3449,69bfd08996081e5214b0c5d73da3d4ec71eb85db9c7f9dcbd2297b850b80fc24,2026-07-02T12:41:04.610504+00:00,present
outputs/tables/nctrl3_smr_snr_panel_source.csv,table,2197,8175cf3ae9cd9e76b23afb6d625de44fb502ce6e0b2eae4daac977113c4da6b8,2026-07-02T12:41:04.610504+00:00,present
outputs/tables/nctrl3_spectral_slope_features.csv,table,2536,05eb232d8f1f57ee3c471813c27141ee482d5d9ba41b828a27dcdb0543988c4a,2026-07-02T12:41:04.610504+00:00,present
outputs/tables/nctrl4_burst_instability_features.csv,table,7625,3aa1c2d9d04d10764b62c18ef0f47df9cc9f139fe4b2fad2a4e19fc5096ffda2,2026-07-02T12:41:04.610504+00:00,present
outputs/tables/nctrl4_burst_noise_relationship_source.csv,table,3369,476409b23595e8fd1f09934493da7d4bd3067b32654bc5c6eee9d6d3b2868667,2026-07-02T12:41:04.610504+00:00,present
outputs/tables/nctrl4_diffusion_features.csv,table,2204,d125d9b64fa4864fc18bd1a8d1a907d6a6fe7545c4f838cde9f90ff2c11fb17f,2026-07-02T12:41:04.610504+00:00,present
outputs/tables/nctrl4_state_diffusion_panel_source.csv,table,2474,746336431351bf853563a753e3dd0ce444f93bfe4d0f30487af6ab9f91b43d24,2026-07-02T12:41:04.610504+00:00,present
outputs/tables/nctrl5_definition_sensitivity.csv,table,479,464633c1719fd19780550861e521611231c33dc9ec18ff7c58200135b00c5b19,2026-07-02T12:41:04.610504+00:00,present
outputs/tables/nctrl5_definition_sensitivity_panel_source.csv,table,479,464633c1719fd19780550861e521611231c33dc9ec18ff7c58200135b00c5b19,2026-07-02T12:41:04.610504+00:00,present
outputs/tables/nctrl5_four_quadrant_noise_classification.csv,table,1112,10fae551eff9c485b9aedf3ed2d3aa095e99c6dd8a43dd0c7df8a4a836747cbb,2026-07-02T12:41:04.610504+00:00,present
outputs/tables/nctrl5_four_quadrant_noise_panel_source.csv,table,1112,10fae551eff9c485b9aedf3ed2d3aa095e99c6dd8a43dd0c7df8a4a836747cbb,2026-07-02T12:41:04.610504+00:00,present
outputs/tables/nctrl6_reward_quality_state_space_source.csv,table,1676,4a47c9fddd055212324cb8a14cdceaa4c65b5c5a861d9be329e867d1d7e18be4,2026-07-02T12:41:04.610504+00:00,present
outputs/tables/nctrl6_reward_quality_states.csv,table,3378,2ec17a01244e1e746f3b7d424f4eb0986894928143c78ffe5fa72f4e7109177a,2026-07-02T12:41:04.610504+00:00,present
outputs/tables/nctrl6_state_transition_panel_source.csv,table,1256,dcbcb42951ff4ab22b66414c53bc47047d9d6d0c1fbf533bbd5f163f8e3110d8,2026-07-02T12:41:04.610504+00:00,present
outputs/tables/nctrl6_state_transition_probabilities.csv,table,20048,dd3749426a60ca0081ef63806d1fe42d4e8c3b94eeac60fa8f3d993985aee394,2026-07-02T12:41:04.610504+00:00,present
outputs/tables/nctrl7_framework_comparison.csv,table,394,3505d9affabdf3f586184ec4a18026bf198661918eef9ceb4358d06eb9b28419,2026-07-02T12:41:04.610504+00:00,present
outputs/tables/nctrl8_figure_1_active_damping_model_source.csv,table,434,31c93e6215dc5969d1e33bb1ef416b3a3451c1e442f2adff92d14ce27a32c9ae,2026-07-02T12:41:04.610504+00:00,present
outputs/tables/nctrl8_figure_2_separability_simulation_source.csv,table,7608,2260660b5d8191ca33addf00faf398e8b0717a861f4ba1c955da7536b6e75945,2026-07-02T12:41:04.610504+00:00,present
outputs/tables/nctrl8_figure_3_noise_control_metrics_source.csv,table,10338,1576b595b4fd356765e18952273415d681e08e73140e456ac2883c433b4e4f91,2026-07-02T12:41:04.610504+00:00,present
outputs/tables/nctrl8_figure_4_empirical_noise_floor_source.csv,table,2939,39009dbafb2cbb2e0f1c93897092eeb9f62cfdb7bdf1778123b3aaba2d764b4e,2026-07-02T12:41:04.610504+00:00,present
outputs/tables/nctrl8_figure_5_burst_diffusion_source.csv,table,2490,07a5d9bd211201d66b0a5d87155e6c5cfbe6fdc8d3ab38ff855df8a20d659fda,2026-07-02T12:41:04.610504+00:00,present
outputs/tables/nctrl8_figure_6_four_quadrant_noise_source.csv,table,1082,a6c8bbd63a960c6bebca3633aa83a44b06306804d735acfc08d6126aada6ff92,2026-07-02T12:41:04.610504+00:00,present
outputs/tables/nctrl8_figure_7_framework_comparison_source.csv,table,394,3505d9affabdf3f586184ec4a18026bf198661918eef9ceb4358d06eb9b28419,2026-07-02T12:41:04.610504+00:00,present
outputs/tables/nctrl_audit_key_metrics.csv,table,1780,f18714ebc4f9d4734d90ec5262c43c6fd1264e7486673180be67ac984a920d09,2026-07-02T12:41:04.610504+00:00,present
outputs/tables/nctrl_definition_robustness.csv,table,467,c26eed9cf45875d4e4dd802b3eb132c1779721fe945a4dc46e293cc16a5f4525,2026-07-02T12:41:04.610504+00:00,present
outputs/tables/nctrl_subject_influence.csv,table,573,702a64788c92cf8cf0561a70a66f01b03917375b1dbfacf8628d8236ae5a49c5,2026-07-02T12:41:04.610504+00:00,present
outputs/tables/smoke_stuart_landau_gain_check_source.csv,table,183,89c5e99463d9647ff1435414daee24fa0eac232e1118d73ef70c35ac897a9ac0,2026-07-02T12:41:04.610504+00:00,present
outputs/tables/spt1_fast_slow_model_schematic_source.csv,table,254,aedbf6fa521e22827622f13d8908f3423a999205d302f4dbcaf7cc6020b528ae,2026-07-02T12:41:04.610504+00:00,present
outputs/tables/spt1_four_regime_simulation_map_source.csv,table,512,3eead8060a81c29912546af3a5300de597e7fe9ef7760442d6bac4adab96b41e,2026-07-02T12:41:04.610504+00:00,present
outputs/tables/spt1_parameter_grid.csv,table,186866,7713d205ab2c393387e20644ab4f94568db1c1610ef1d8ddfe3a098be288dc07,2026-07-02T12:41:04.610504+00:00,present
outputs/tables/spt1_simulation_summary.csv,table,1114,b4dd7812ac97d3bcd8a2ffc5466329076e755f743a46bdb40fb8c4b3543f1a27,2026-07-02T12:41:04.610504+00:00,present
outputs/tables/spt1_time_scale_separation_examples_source.csv,table,4591716,70eb4afc4fe112e24b43c868efd2f4aaf20c7599bc6b5fdf9ecb2db6ac164081,2026-07-02T12:41:04.610504+00:00,present
outputs/tables/spt2_boundary_layer_error_source.csv,table,9699,749ee7bd363feec78fe17b2e01e79c162c0d3b420de5db3b74ab55c722dc385f,2026-07-02T12:41:04.610504+00:00,present
outputs/tables/spt2_manifold_error.csv,table,14028,3f5e82791433cdaac4b0efb3a69c22eb16aad9626af7f75c17aac269add52208,2026-07-02T12:41:04.610504+00:00,present
outputs/tables/spt2_tau_ratio_vs_epsilon_source.csv,table,6093,463bfe884c781c5650a4b5aa359d1312787ea11892adc771f4bb579708d07759,2026-07-02T12:41:04.610504+00:00,present
outputs/tables/spt2_timescale_metrics.csv,table,7236,d9cebdb0e9a08980d87097cbb1010bfef34e485af3748e8cd5e43bfe4bbad0af,2026-07-02T12:41:04.610504+00:00,present
outputs/tables/spt3_barrier_metrics.csv,table,12736,0976015de422e17bc0c4bc12c8f4f50d75d25e1b6eff2c1f47c7eca62ed75235,2026-07-02T12:41:04.610504+00:00,present
outputs/tables/spt3_barrier_state_space_source.csv,table,1723261,92adf0ac2a1a2fb32284aad3f9e801159555dd0ca07307c1f63b6bed9cc66e92,2026-07-02T12:41:04.610504+00:00,present
outputs/tables/spt3_transition_probabilities.csv,table,5772,55664c43c3c8748bbb49380573661834fadf997818aaf951178df79edb2473e1,2026-07-02T12:41:04.610504+00:00,present
outputs/tables/spt3_transition_probability_panel_source.csv,table,12736,0976015de422e17bc0c4bc12c8f4f50d75d25e1b6eff2c1f47c7eca62ed75235,2026-07-02T12:41:04.610504+00:00,present
outputs/tables/spt4_bandwidth_control_source.csv,table,9771,cd94e3b7e6810ae6555d234970302f312a6972abbe8fed6f19346baf14a31b93,2026-07-02T12:41:04.610504+00:00,present
outputs/tables/spt4_empirical_tau_ratios.csv,table,5115,9d19f10989db2ac5ec4caf91101e9230fd00af2caba85668e9b05d22e0a94602,2026-07-02T12:41:04.610504+00:00,present
outputs/tables/spt4_empirical_timescale_features.csv,table,11139,ac101590999a175958dbac2b907e870d4c357f2eafe14b8c3cfa346667dab0a9,2026-07-02T12:41:04.610504+00:00,present
outputs/tables/spt4_empirical_timescale_panel_source.csv,table,11139,ac101590999a175958dbac2b907e870d4c357f2eafe14b8c3cfa346667dab0a9,2026-07-02T12:41:04.610504+00:00,present
outputs/tables/spt4_tau_bandwidth_control.csv,table,5443,3a2ba1636f36decbe523b32725d76c4f20e4e2f70f5d3dab46d7d80d84d1c759,2026-07-02T12:41:04.610504+00:00,present
outputs/tables/spt4_tau_beta_vs_tau_smr_source.csv,table,4215,c9b5436d955b3f38c6211d85d01d54cefaadcf7f91047c652ea8d80dee217d19,2026-07-02T12:41:04.610504+00:00,present
outputs/tables/spt5_artifact_aware_classification.csv,table,732,b0d32f16e685d56a847d091503bba9065d96ba428ca58445ebbed5df036823e6,2026-07-02T12:41:04.610504+00:00,present
outputs/tables/spt5_artifact_aware_panel_source.csv,table,732,b0d32f16e685d56a847d091503bba9065d96ba428ca58445ebbed5df036823e6,2026-07-02T12:41:04.610504+00:00,present
outputs/tables/spt5_four_quadrant_classification.csv,table,732,b0d32f16e685d56a847d091503bba9065d96ba428ca58445ebbed5df036823e6,2026-07-02T12:41:04.610504+00:00,present
outputs/tables/spt5_four_quadrant_panel_source.csv,table,732,b0d32f16e685d56a847d091503bba9065d96ba428ca58445ebbed5df036823e6,2026-07-02T12:41:04.610504+00:00,present
outputs/tables/spt6_barrier_prediction_models.csv,table,42159,13305a84b52bff0750a28d5f2c04a146489967591ea787d8fcf6d03481daafca,2026-07-02T12:41:04.610504+00:00,present
outputs/tables/spt6_barrier_prediction_panel_source.csv,table,23818,40dc4fc8c52915b1beeac84f1e7cd83c0340d9d16305ada0b50cc09a37832b44,2026-07-02T12:41:04.610504+00:00,present
outputs/tables/spt6_effect_size_forest_source.csv,table,16491,39c861755d2399eef7d96d8230a224e8f681e6140868608f8827b2c01a7a1a77,2026-07-02T12:41:04.610504+00:00,present
outputs/tables/spt6_nonzero_viol_summary.csv,table,42159,13305a84b52bff0750a28d5f2c04a146489967591ea787d8fcf6d03481daafca,2026-07-02T12:41:04.610504+00:00,present
outputs/tables/spt6_prediction_effects_source.csv,table,15793,c56bd34bce4940f09062685ea89365b116f63488d0ceda6b6173a7ad6f679d79,2026-07-02T12:41:04.610504+00:00,present
outputs/tables/spt6_threshold_sensitivity.csv,table,1681,4523424840c8a116c516094a2f071e6c04d5b99576feda8d0250697c4ba498f5,2026-07-02T12:41:04.610504+00:00,present
outputs/tables/spt6_threshold_sensitivity_source.csv,table,589,d7267cdd2dfd938c5459da5d630306110836d85ec09f7a612596613e965f58f8,2026-07-02T12:41:04.610504+00:00,present
outputs/tables/spt7_framework_comparison.csv,table,3577,92533624b1a3043bb7cc1488261eff208f63c287e4bafaf95d06088d6b1a3bd0,2026-07-02T12:41:04.610504+00:00,present
outputs/tables/spt8_figure_1_fast_slow_model_source.csv,table,69255,45a907590b49313602a0f2121ed002a867ff71efb86d5f9c29f65ed4e67909d1,2026-07-02T12:41:04.610504+00:00,present
outputs/tables/spt8_figure_2_separability_simulation_source.csv,table,1379542,2696fc7f2ca93716aac63e171a69d718352bf4a6651761e75736849c48bed667,2026-07-02T12:41:04.610504+00:00,present
outputs/tables/spt8_figure_3_timescale_separation_source.csv,table,4701,d9870093f387378cf4e0762b3dc6cf57f9112daef754603964974791b10cd7b6,2026-07-02T12:41:04.610504+00:00,present
outputs/tables/spt8_figure_4_four_quadrant_empirical_source.csv,table,724,ff8b9b29f22da20be766d9341aebe72ac9f4f03ce0624f9a151d8b9472bbe9d4,2026-07-02T12:41:04.610504+00:00,present
outputs/tables/spt8_figure_5_barrier_prediction_source.csv,table,12171,d388f19b71cfc3be6877f8a0b8205b17086af66884a4a98c17ec93932ce3c151,2026-07-02T12:41:04.610504+00:00,present
outputs/tables/spt8_figure_6_framework_comparison_source.csv,table,214,5ef667a9dbe8139b407d5ff6b4176503eb9c67017f25b222e53120d225b74121,2026-07-02T12:41:04.610504+00:00,present
outputs/tables/wp1_constraint_validity.csv,table,15268,9a1d1a6f22286829d41ce303f3ecfd1dc24c27c537eb6824d873eb8b2ae701c4,2026-07-02T12:41:04.610504+00:00,present
outputs/tables/wp1_coupling_robustness_map_source.csv,table,3810,dd505e4065e4e94db3c2563504f798cdcfe004f0b0a00c3e0161585b9117396c,2026-07-02T12:41:04.610504+00:00,present
outputs/tables/wp1_example_timeseries_spectra_source.csv,table,120563,bc2ec1bc8856bbb08bfc4f175240d11a5722c5887e645b06b0716a894e0db550,2026-07-02T12:41:04.610504+00:00,present
outputs/tables/wp1_failure_regime_map_source.csv,table,3542,a26b7a48d7dbf96fb6f08ce4705ca973759eed527cf6fc26d98e7578cf969077,2026-07-02T12:41:04.610504+00:00,present
outputs/tables/wp1_parameter_grid.csv,table,82876,e4210b0c754adb5641a3a79636fc120ad23402a7d0b1f80f7432953efb0d176a,2026-07-02T12:41:04.610504+00:00,present
outputs/tables/wp2_bound_checks.csv,table,8588,5192c98d62651baf740e6c826c4305ec5c549c3292ffe35248dec261967f2c5c,2026-07-02T12:41:04.610504+00:00,present
outputs/tables/wp2_derivative_and_bound_summary_source.csv,table,8588,5192c98d62651baf740e6c826c4305ec5c549c3292ffe35248dec261967f2c5c,2026-07-02T12:41:04.610504+00:00,present
outputs/tables/wp2_derivative_checks.csv,table,27125,e4d6b8c82844cd96f0974d35b08fad48d9e440b47bb42e603b999a77c7aa4bb8,2026-07-02T12:41:04.610504+00:00,present
outputs/tables/wp3_feedback_model_comparison_source.csv,table,1708,01baf478f42840b2206f9b2792feb95b8a5730ba6e0b34205c246c99b66b8bfc,2026-07-02T12:41:04.610504+00:00,present
outputs/tables/wp3_model_comparison.csv,table,23403,c26ef0d46a2c55de6091caf87dd4f173a00a91f84ad52c226570b519403b5677,2026-07-02T12:41:04.610504+00:00,present
outputs/tables/wp3_nonlinear_added_value_panel_source.csv,table,383,42c8430db5665a7ab117d2c7d6a37b6191fe140b67540b1da02f87fcc778b589,2026-07-02T12:41:04.610504+00:00,present
outputs/tables/wp4_analytic_vs_simulation.csv,table,33294,77989ef60077a9ae3d70a91f34e4b1d43e70d8420d69adf7ec60356514ec09a4,2026-07-02T12:41:04.610504+00:00,present
outputs/tables/wp4_burst_statistics_vs_lambda_source.csv,table,2205,f972d909664eb2a700536c7635bc463fa81ab8f0a7246b71eeeb588ae11cc2dc,2026-07-02T12:41:04.610504+00:00,present
outputs/tables/wp4_criticality_sensitivity_map_source.csv,table,848,b7860ab7965b477fd8fe1305b74cd68cab8ee93b17fac1b82da778925f064201,2026-07-02T12:41:04.610504+00:00,present
outputs/tables/wp4_lambda_sensitivity.csv,table,101820,4d78cda5406e586f76061064201fd39f35d3624e9be7a240c41a2439f4a348b5,2026-07-02T12:41:04.610504+00:00,present
outputs/tables/wp4_variance_vs_lambda_source.csv,table,33294,77989ef60077a9ae3d70a91f34e4b1d43e70d8420d69adf7ec60356514ec09a4,2026-07-02T12:41:04.610504+00:00,present
outputs/tables/wp5_burst_duration_threshold_sensitivity_source.csv,table,489,2456ad3f99149095aa62d38db77127069d381b5b714a62a02cdb398178d5564a,2026-07-02T12:41:04.610504+00:00,present
outputs/tables/wp5_burst_rate_threshold_sensitivity_source.csv,table,483,8267a68e9c653d9633c2dce53c47557659c51c22cb8053b0e75ae2d3b1f45e03,2026-07-02T12:41:04.610504+00:00,present
outputs/tables/wp5_surrogate_artifact_check_source.csv,table,197,d82c2d4612fbd2ee35fefcb0d0b1dacfbe732d286891f4a317836878b1361096,2026-07-02T12:41:04.610504+00:00,present
outputs/tables/wp5_surrogate_burst_controls.csv,table,3079,990bca935f1b79ed2b35ab77d8dae860d99b4b9139f2da68977ed9c564ac8891,2026-07-02T12:41:04.610504+00:00,present
outputs/tables/wp5_threshold_sensitivity.csv,table,12186,9da14143f1b64f7ca61659482aeb83b50622d775ff744850a4007859bf44dc70,2026-07-02T12:41:04.610504+00:00,present
outputs/tables/wp6_failure_regime_map_source.csv,table,212,e588fba9c3adcac805a5ccb93a767b7a64542271275f45bd7d47dd0e9ad62b66,2026-07-02T12:41:04.610504+00:00,present
outputs/tables/wp6_parameter_importance_source.csv,table,411,275d838b632c9751b6655106ea1e5dc574c73c15966a6e5e3b0ffdce30b795de,2026-07-02T12:41:04.610504+00:00,present
outputs/tables/wp6_parameter_sensitivity.csv,table,137189,00a6b84457f2d3cc1153797360b4b1e2001e61c3094399ea44508e67447cf773,2026-07-02T12:41:04.610504+00:00,present
outputs/tables/wp6_validity_map_source.csv,table,391,30e7fd993ac4e063f70268af149f48a7ca8e0484f0d3fbf868a1ac52a0570753,2026-07-02T12:41:04.610504+00:00,present
outputs/tables/wp7_dataset_inventory.csv,table,1185,9511571331f627ea9b88df4d04ce5aeccf359044ebfcdac2a39f0576b7cd82b6,2026-07-02T12:41:04.610504+00:00,present
outputs/tables/wp8_empirical_features.csv,table,10333,128c90125570ae771bd78563b46d3e8ec682ab7a7630fcc0d3ce4c911bcbb87b,2026-07-02T12:41:04.610504+00:00,present
outputs/tables/wp8_empirical_signature_panel_source.csv,table,4921,418184420f0f0f0bb0bd5cacbb79181c383531ef22d26c1a535ec6948c2be035,2026-07-02T12:41:04.610504+00:00,present
outputs/tables/wp8_prepost_or_sessionwise_effects.csv,table,17999,25b37492363342f0a08504b721e356014e80f684fa4fb788a1aa644d248be135,2026-07-02T12:41:04.610504+00:00,present
outputs/tables/wp8_regime_classification.csv,table,1751,8129f9e884535b1691fa31af292cece5c89dc45056f3711636cc6b98134f1326,2026-07-02T12:41:04.610504+00:00,present
outputs/tables/wp8_regime_prediction_panel_source.csv,table,1751,8129f9e884535b1691fa31af292cece5c89dc45056f3711636cc6b98134f1326,2026-07-02T12:41:04.610504+00:00,present
outputs/tables/wp9_CN_main_figure_1_model_validity_source.csv,table,2970,7cec4722afaeb4a2f7e0bf8fbf0d76fd0975cb6e99a90677151dce631495fdc9,2026-07-02T12:41:04.610504+00:00,present
outputs/tables/wp9_CN_main_figure_2_coupling_failure_source.csv,table,15203,6ef54c4aad95a8a3cbeea02ad1986b0ab451e4cbfa1c45274457cbb3355a6109,2026-07-02T12:41:04.610504+00:00,present
outputs/tables/wp9_CN_main_figure_3_criticality_bursts_source.csv,table,1968,cd5f7424b892e0c0510280b9245d6ba2d499213286eea3acc8416eb70346a3f2,2026-07-02T12:41:04.610504+00:00,present
outputs/tables/wp9_CN_main_figure_4_null_models_source.csv,table,1326,cf97ea2bc83a2afa3feff4a401f0e0a28373c1bdb5818740884693041f785119,2026-07-02T12:41:04.610504+00:00,present
outputs/tables/wp9_CN_main_figure_5_threshold_surrogates_source.csv,table,338,c4880aeed0a901410562b7d07ac6b9bdb95f5e64c6c866fefe281188ebde9099,2026-07-02T12:41:04.610504+00:00,present
outputs/tables/wp9_CN_main_figure_5_threshold_surrogates_surrogate_source.csv,table,197,c4dbece69403e7fd623f937ab7c5b7f24e9173a8827aeb0b64844e66c2f463a2,2026-07-02T12:41:04.610504+00:00,present
data/manifests/candidate_datasets.csv,table,1284,1b77737e74ac4ce8b532f2eaa9ad88c6584097af7b7a9ae37cdf4e611e4ba877,2026-07-02T12:41:04.610504+00:00,present
data/manifests/candidate_datasets_updated.csv,table,2795,5c15775a0ab5ae4bd950d4472006615f51cdb415297a612bd86cbae597db41e6,2026-07-02T12:41:04.610504+00:00,present
data/manifests/download_manifest.csv,table,18788,43595ef41a096fdd99e243ec763faacc9d190f07152484fd91d40fcf59569135,2026-07-02T12:41:04.610504+00:00,present
data/manifests/download_size_estimates.csv,table,559,a31748725f5bd5cccf0487915dbc871f24fbe6a61f424f5dfaf638383a06e6bc,2026-07-02T12:41:04.610504+00:00,present
data/manifests/ds004446_selected_subset_files.csv,table,6234,182114ba9a53bd3cde8d61fd6692332d7522e46866000d4f5f65cd4c30e20040,2026-07-02T12:41:04.610504+00:00,present
data/manifests/figshare_14153504_resolution.json,other,590,00cfaffdc81a699673e3cab33c85563f39f43ea69efa5e86f33ab5a3c93755d6,2026-07-02T12:41:04.610504+00:00,present
data/manifests/license_and_terms_check.csv,table,1154,390a04bb0f0a05eb493b871a6ac53b2d81e0aff5a1a5bae6dfeab98e3d9a22d0,2026-07-02T12:41:04.610504+00:00,present
data/manifests/official_pj_hd_smrbmi/.git/config,other,326,ef38ba2c010ac70c61e8811904f02080c034896b15b54e93ed9902f0fa156f29,2026-07-02T12:41:04.610504+00:00,present
data/manifests/official_pj_hd_smrbmi/.git/description,other,73,85ab6c163d43a17ea9cf7788308bca1466f1b0a8d1cc92e26e9bf63da4062aee,2026-07-02T12:41:04.610504+00:00,present
data/manifests/official_pj_hd_smrbmi/.git/HEAD,other,21,28d25bf82af4c0e2b72f50959b2beb859e3e60b9630a5e8c603dad4ddb2b6e80,2026-07-02T12:41:04.610504+00:00,present
data/manifests/official_pj_hd_smrbmi/.git/hooks/applypatch-msg.sample,other,478,0223497a0b8b033aa58a3a521b8629869386cf7ab0e2f101963d328aa62193f7,2026-07-02T12:41:04.610504+00:00,present
data/manifests/official_pj_hd_smrbmi/.git/hooks/commit-msg.sample,other,896,1f74d5e9292979b573ebd59741d46cb93ff391acdd083d340b94370753d92437,2026-07-02T12:41:04.610504+00:00,present
data/manifests/official_pj_hd_smrbmi/.git/hooks/fsmonitor-watchman.sample,other,4726,e0549964e93897b519bd8e333c037e51fff0f88ba13e086a331592bf801fa1d0,2026-07-02T12:41:04.610504+00:00,present
data/manifests/official_pj_hd_smrbmi/.git/hooks/post-update.sample,other,189,81765af2daef323061dcbc5e61fc16481cb74b3bac9ad8a174b186523586f6c5,2026-07-02T12:41:04.610504+00:00,present
data/manifests/official_pj_hd_smrbmi/.git/hooks/pre-applypatch.sample,other,424,e15c5b469ea3e0a695bea6f2c82bcf8e62821074939ddd85b77e0007ff165475,2026-07-02T12:41:04.610504+00:00,present
data/manifests/official_pj_hd_smrbmi/.git/hooks/pre-commit.sample,other,1649,57185b7b9f05239d7ab52db045f5b89eb31348d7b2177eab214f5eb872e1971b,2026-07-02T12:41:04.610504+00:00,present
data/manifests/official_pj_hd_smrbmi/.git/hooks/pre-merge-commit.sample,other,416,d3825a70337940ebbd0a5c072984e13245920cdf8898bd225c8d27a6dfc9cb53,2026-07-02T12:41:04.610504+00:00,present
data/manifests/official_pj_hd_smrbmi/.git/hooks/pre-push.sample,other,1374,ecce9c7e04d3f5dd9d8ada81753dd1d549a9634b26770042b58dda00217d086a,2026-07-02T12:41:04.610504+00:00,present
data/manifests/official_pj_hd_smrbmi/.git/hooks/pre-rebase.sample,other,4898,4febce867790052338076f4e66cc47efb14879d18097d1d61c8261859eaaa7b3,2026-07-02T12:41:04.610504+00:00,present
data/manifests/official_pj_hd_smrbmi/.git/hooks/pre-receive.sample,other,544,a4c3d2b9c7bb3fd8d1441c31bd4ee71a595d66b44fcf49ddb310252320169989,2026-07-02T12:41:04.610504+00:00,present
data/manifests/official_pj_hd_smrbmi/.git/hooks/prepare-commit-msg.sample,other,1492,e9ddcaa4189fddd25ed97fc8c789eca7b6ca16390b2392ae3276f0c8e1aa4619,2026-07-02T12:41:04.610504+00:00,present
data/manifests/official_pj_hd_smrbmi/.git/hooks/push-to-checkout.sample,other,2783,a53d0741798b287c6dd7afa64aee473f305e65d3f49463bb9d7408ec3b12bf5f,2026-07-02T12:41:04.610504+00:00,present
data/manifests/official_pj_hd_smrbmi/.git/hooks/sendemail-validate.sample,other,2308,44ebfc923dc5466bc009602f0ecf067b9c65459abfe8868ddc49b78e6ced7a92,2026-07-02T12:41:04.610504+00:00,present
data/manifests/official_pj_hd_smrbmi/.git/hooks/update.sample,other,3650,8d5f2fa83e103cf08b57eaa67521df9194f45cbdbcb37da52ad586097a14d106,2026-07-02T12:41:04.610504+00:00,present
data/manifests/official_pj_hd_smrbmi/.git/index,other,4264,56994044a6b39a8d12eff6d852cec5083ae903690d5c44cb532113551bdc0d2e,2026-07-02T12:41:04.610504+00:00,present
data/manifests/official_pj_hd_smrbmi/.git/info/exclude,other,240,6671fe83b7a07c8932ee89164d1f2793b2318058eb8b98dc5c06ee0a5a3b0ec1,2026-07-02T12:41:04.610504+00:00,present
data/manifests/official_pj_hd_smrbmi/.git/logs/HEAD,other,239,69d12476ce42ce230642a9bcb3914415e49bf8c3539326309b0d0412d8ed3d23,2026-07-02T12:41:04.610504+00:00,present
data/manifests/official_pj_hd_smrbmi/.git/logs/refs/heads/main,other,239,69d12476ce42ce230642a9bcb3914415e49bf8c3539326309b0d0412d8ed3d23,2026-07-02T12:41:04.610504+00:00,present
data/manifests/official_pj_hd_smrbmi/.git/logs/refs/remotes/origin/HEAD,other,239,69d12476ce42ce230642a9bcb3914415e49bf8c3539326309b0d0412d8ed3d23,2026-07-02T12:41:04.610504+00:00,present
data/manifests/official_pj_hd_smrbmi/.git/objects/pack/pack-ab219db62b3bc83309e7f3a00154ca50eaa28ce6.idx,other,2444,c49f583ef902acb3473b3a3d73ddc2b65a2037e8eed8b421db0a4b932ae53046,2026-07-02T12:41:04.610504+00:00,present
data/manifests/official_pj_hd_smrbmi/.git/objects/pack/pack-ab219db62b3bc83309e7f3a00154ca50eaa28ce6.pack,other,25091,ed2096abe2ce67faf33b55c1596d575268fc4a6676b9bdcb9f3c7b8f0a1f3137,2026-07-02T12:41:04.610504+00:00,present
data/manifests/official_pj_hd_smrbmi/.git/objects/pack/pack-ab219db62b3bc83309e7f3a00154ca50eaa28ce6.rev,other,248,c1d32e7dc5d581f1cd78e322bac8cc93111dc7b7074d292750ecc9e9505abe00,2026-07-02T12:41:04.610504+00:00,present
data/manifests/official_pj_hd_smrbmi/.git/packed-refs,other,112,ea78151494ec00b84ed2e1acd6b49ed2664efd289e7691cf661b7ca3e74a62fc,2026-07-02T12:41:04.610504+00:00,present
data/manifests/official_pj_hd_smrbmi/.git/refs/heads/main,other,41,7666f7786582c0daaa478f03533de34b4e6238dad7a228550c1ccf3557c08e8c,2026-07-02T12:41:04.610504+00:00,present
data/manifests/official_pj_hd_smrbmi/.git/refs/remotes/origin/HEAD,other,30,2bb6a24aa0fc6c484100f5d51a29bbad841cd2c755f5d93faa204e5dbb4eb2b4,2026-07-02T12:41:04.610504+00:00,present
data/manifests/official_pj_hd_smrbmi/.git/shallow,other,41,7666f7786582c0daaa478f03533de34b4e6238dad7a228550c1ccf3557c08e8c,2026-07-02T12:41:04.610504+00:00,present
data/manifests/official_pj_hd_smrbmi/.gitignore,other,2649,37075d83543303c832ae9b1583639b102277267afce8d1cada40af182a2092d4,2026-07-02T12:41:04.610504+00:00,present
data/manifests/official_pj_hd_smrbmi/@Analysis_BMIDB/analysis.m,other,977,abf7bf6f31bff4299bf11af3c7b6e42ea01c04dd9df231a0b5f2bf26428965e5,2026-07-02T12:41:04.610504+00:00,present
data/manifests/official_pj_hd_smrbmi/@Analysis_BMIDB/Analysis_BMIDB.m,other,4081,10688be534261444b4eeab26d49f2022df53c272e9cbae918e09892693e3b864,2026-07-02T12:41:04.610504+00:00,present
data/manifests/official_pj_hd_smrbmi/@Analysis_BMIDB/calcERSP_.m,other,496,73d0977b6f152d9f8c7437fee93c8850411fae5166c0c12a7a5dc9f2669bbb0b,2026-07-02T12:41:04.610504+00:00,present
data/manifests/official_pj_hd_smrbmi/@Analysis_BMIDB/calcPLV_.m,other,1348,1b585b31192b9cb96d9efb5ee2bd68cb8b53e835b68fa7fa76599490a6b64779,2026-07-02T12:41:04.610504+00:00,present
data/manifests/official_pj_hd_smrbmi/@Analysis_BMIDB/calcPLV_IAF_.m,other,1352,8143850c85fe7cfd54f9ae5aae6f5f8216a4eec8f3542cec4e4c58d1d8eb7c81,2026-07-02T12:41:04.610504+00:00,present
data/manifests/official_pj_hd_smrbmi/@Analysis_BMIDB/epoching_.m,other,661,1196c39d16d5913e07cc7fb54d357b147807aa4dadd41d3c253bf493b825de8b,2026-07-02T12:41:04.610504+00:00,present
data/manifests/official_pj_hd_smrbmi/@Analysis_BMIDB/fft_.m,other,403,1dc84ead4662612de0bbb89da9410831ad0da8b968400af41bd9d88ee2271982,2026-07-02T12:41:04.610504+00:00,present
data/manifests/official_pj_hd_smrbmi/@Analysis_BMIDB/findIAF_.m,other,504,1ab37598657f65444abe0064c7d0e179307b82f4dc235b002e6263e3561f5d9a,2026-07-02T12:41:04.610504+00:00,present
data/manifests/official_pj_hd_smrbmi/@Analysis_BMIDB/preproc_.m,other,426,82882a573e1801b9c0103f48ea0cf216df540acdde5ac098a81b2d09f7024abc,2026-07-02T12:41:04.610504+00:00,present
data/manifests/official_pj_hd_smrbmi/@fileIO_BMIDB/fileIO_BMIDB.m,other,1148,89c7c6fedc41da83e3cf52bdbfad2a7dfbc94459c37663f106cecb325535bde8,2026-07-02T12:41:04.610504+00:00,present
data/manifests/official_pj_hd_smrbmi/@fileIO_BMIDB/fileIO_load.m,other,1693,31715d1f6ef190d59c7ae8c7770a72e4513e5c8d769a0cb8dc8d1bff22228054,2026-07-02T12:41:04.610504+00:00,present
data/manifests/official_pj_hd_smrbmi/@fileIO_BMIDB/fileIO_load_tsv.m,other,518,c46a9acf73869067264e6fab270e6d0e39a58a175f88c867e5fbaeee0bb89c50,2026-07-02T12:41:04.610504+00:00,present
data/manifests/official_pj_hd_smrbmi/@fileIO_BMIDB/fileIO_read_tsv_channels.m,other,1019,2964d0623c63cad7f8fd0788083c26d5d2d07e0e5100e1aa5ca3a9cd86b015d7,2026-07-02T12:41:04.610504+00:00,present
data/manifests/official_pj_hd_smrbmi/@fileIO_BMIDB/fileIO_read_tsv_electrodes.m,other,883,1d33318104d8f7125b1db24aebc769756cc0f579d649845208d4c160323b499b,2026-07-02T12:41:04.610504+00:00,present
data/manifests/official_pj_hd_smrbmi/@fileIO_BMIDB/fileIO_read_tsv_events.m,other,842,41432a7f5361cdee0518e85250e378ec5c5c75f0e1a95dbd07953c9927cf24bd,2026-07-02T12:41:04.610504+00:00,present
data/manifests/official_pj_hd_smrbmi/@fileIO_BMIDB/fileIO_scan.m,other,366,b055765a96260d289b13a1bd40a0fc126e7d5972b6205f1831b37b59c08e25ea,2026-07-02T12:41:04.610504+00:00,present
data/manifests/official_pj_hd_smrbmi/@visualize_data/drawTF.m,other,1752,60f12b2f759b24d58e9c44cc167b5bba14e375d9a8f8e8f2652e9ba1ab4b3c16,2026-07-02T12:41:04.610504+00:00,present
data/manifests/official_pj_hd_smrbmi/@visualize_data/drawTopo.m,other,1681,ed8a84ae6b0633a690f70b80bff69b422a9671aeb46b294f2cb28c558f155388,2026-07-02T12:41:04.610504+00:00,present
data/manifests/official_pj_hd_smrbmi/@visualize_data/plotMat.m,other,767,4ace7192e9cb2759e6bc6791e1b90557f253196fd48da29fde30b74d2a2b7df2,2026-07-02T12:41:04.610504+00:00,present
data/manifests/official_pj_hd_smrbmi/@visualize_data/setCB.m,other,1962,da17755f170cfca3a89caf85d778dffb2524cdea122e61f4d32c51181480c746,2026-07-02T12:41:04.610504+00:00,present
data/manifests/official_pj_hd_smrbmi/@visualize_data/setFig.m,other,1354,400f9fccbb7b431f1a403a3a8e3826ded7d03b114129752a6ccea299411ff398,2026-07-02T12:41:04.610504+00:00,present
data/manifests/official_pj_hd_smrbmi/@visualize_data/visualize_data.m,other,6159,26fa345908eae4ebf8a8d36818a7195fab907539033e7c0da6fa80ee3e3c8f5a,2026-07-02T12:41:04.610504+00:00,present
data/manifests/official_pj_hd_smrbmi/Atom.m,other,2404,5becacae63806c84b555173633e4242eff3bfd689b40932d4b6945ab71084d11,2026-07-02T12:41:04.610504+00:00,present
data/manifests/official_pj_hd_smrbmi/helper_analysis_EEG.m,other,2588,9f6bdfb23b069c35fab0c0964319ccdc9ce59f031d9e33d24a95f163862c3173,2026-07-02T12:41:04.610504+00:00,present
data/manifests/official_pj_hd_smrbmi/p01_main.m,other,879,bf4e75eb32aae393f618fb7f705110af4bd3bb0b112d4b722cfdb40a6f5051ec,2026-07-02T12:41:04.610504+00:00,present
data/manifests/official_pj_hd_smrbmi/p02_visualize.m,other,462,2ccb5741a9af2d95006af13f8d865a08b9706eee860d1f8b1df8a456bcc7924d,2026-07-02T12:41:04.610504+00:00,present
data/manifests/official_pj_hd_smrbmi/readme.md,report_or_log,1136,fe876976923a15634f9b0971e2561ba80a1ecea86f8199ae29a1d4d2058a3826,2026-07-02T12:41:04.610504+00:00,present
data/manifests/official_pj_hd_smrbmi/subsrc/ch_B4.m,other,2520,280ec6d753ece54a77592ab923013f1349e7a8cc0a60529605b49778f099cc87,2026-07-02T12:41:04.610504+00:00,present
data/manifests/official_pj_hd_smrbmi/subsrc/ChannnelLocation.m,other,3287,e20a359f6ddde88e48d3d97a099972d797e02d4b06ac3e2b84e28c1667d81fd6,2026-07-02T12:41:04.610504+00:00,present
data/manifests/official_pj_hd_smrbmi/subsrc/colorPalette.m,other,1115,e31c8ecfacd01281672fb40c99fa0368eb1fcdfa36d7cf9d1015bec29b9319ef,2026-07-02T12:41:04.610504+00:00,present
data/manifests/official_pj_hd_smrbmi/subsrc/drawTopo.m,other,1681,ed8a84ae6b0633a690f70b80bff69b422a9671aeb46b294f2cb28c558f155388,2026-07-02T12:41:04.610504+00:00,present
data/manifests/official_pj_hd_smrbmi/subsrc/fftEEG.m,other,997,25d32c1461cbf71c5b6f2827f81875f92154b58987fdd25b847563523404df31,2026-07-02T12:41:04.610504+00:00,present
data/manifests/official_pj_hd_smrbmi/subsrc/filtEEG.m,other,1618,7d5ed5b73b331f9d1014644513e17799883d0b0bcf5045c2d91e9e85732d561d,2026-07-02T12:41:04.610504+00:00,present
data/manifests/official_pj_hd_smrbmi/subsrc/plotMat.m,other,767,4ace7192e9cb2759e6bc6791e1b90557f253196fd48da29fde30b74d2a2b7df2,2026-07-02T12:41:04.610504+00:00,present
data/manifests/official_pj_hd_smrbmi/subsrc/remove1F.m,other,2133,8ac57f2da84a510eec55a484e302849438167f14246c4c90578c5695838fb902,2026-07-02T12:41:04.610504+00:00,present
data/manifests/official_pj_hd_smrbmi/subsrc/set_config_mainproc.m,other,412,5a30a6dd0f7aef13b0c01fdb2defb389fb9631c2bfc33681a83cc8559c152234,2026-07-02T12:41:04.610504+00:00,present
data/manifests/official_pj_hd_smrbmi/subsrc/set_config_preproc.m,other,547,09b30d17dfc55468c116cfe35cd2a443217a305ae02efeebcf57391eb0723c9d,2026-07-02T12:41:04.610504+00:00,present
data/manifests/official_pj_hd_smrbmi/subsrc/set_config_stat.m,other,379,0eabc05a7495e34bf8765d2325e9a0a151ccb341c5e9f026aa5661992c932920,2026-07-02T12:41:04.610504+00:00,present
data/manifests/official_pj_hd_smrbmi/subsrc/setParameter_topo.m,other,1843,da289033928d040fd09128e1d0278fca59bb2046c92a58e2996b6b1133b44a2c,2026-07-02T12:41:04.610504+00:00,present
data/manifests/official_pj_hd_smrbmi/subsrc/setParameter_topo_2.m,other,2064,f1ae762e941d245bb785152960c30ddf477df0a19efafa3f707ffa8211f52ef7,2026-07-02T12:41:04.610504+00:00,present
data/manifests/official_pj_hd_smrbmi/subsrc/setParameter_topo_3.m,other,2117,e536bff77637a02e2100ca7faed271a09ebd17864fa022dce21987e8c855e89c,2026-07-02T12:41:04.610504+00:00,present
data/manifests/official_pj_hd_smrbmi/subsrc/sq.m,other,44,6c528207d4816b8a1e080e538617dd66cbbbc4e416be4b3bdc7cb6c946b528e8,2026-07-02T12:41:04.610504+00:00,present
data/manifests/official_pj_hd_smrbmi/visualize_BMIDB.m,other,4976,cfa1d9b06b915de92cb60c9ed263e5bc06a4fd3a800887b8e36e6bc950acc8c0,2026-07-02T12:41:04.610504+00:00,present
data/manifests/official_pj_hd_smrbmi/visualize_BMIDB_gp.m,other,7127,5ae339bd4d281b569bd0968af0273a1455fd7c292f9acfa027608242f77def90,2026-07-02T12:41:04.610504+00:00,present
data/manifests/openneuro_ds004444_1.0.1_file_index.csv,table,209280,4853442a16a64523ed0679ed149fed121f4a98ad71858c70335eee86f6f4d376,2026-07-02T12:41:04.610504+00:00,present
data/manifests/openneuro_ds004444_1.0.1_file_index.json,other,1025815,de84a58fdee4e7eba96f82f0cc4de4ff37828ed7099ed6285e186f32097e47e8,2026-07-02T12:41:04.610504+00:00,present
data/manifests/openneuro_ds004444_landing_page.html,other,993,21e0cc89a8b8974ff8c1bb18aa26fb677acba437a1f520f215d62686eb3d354f,2026-07-02T12:41:04.610504+00:00,present
data/manifests/openneuro_ds004446_1.0.1_file_index.csv,table,106908,1cadbe2c8e4ceb8cfa3e3122d104a0b33a6d004ac9ea27ddc627709c12045542,2026-07-02T12:41:04.610504+00:00,present
data/manifests/openneuro_ds004446_1.0.1_file_index.json,other,524671,06b5f7c47c201cd0b35a4690fa6e02a896ac8b13bf2bfbabc5932320e8772154,2026-07-02T12:41:04.610504+00:00,present
data/manifests/openneuro_ds004446_landing_page.html,other,993,21e0cc89a8b8974ff8c1bb18aa26fb677acba437a1f520f215d62686eb3d354f,2026-07-02T12:41:04.610504+00:00,present
data/manifests/openneuro_ds004447_1.0.1_file_index.csv,table,187083,814c1857f3f39857a219d3d00255447e2104702929a3b6f236349200ff16b177,2026-07-02T12:41:04.610504+00:00,present
data/manifests/openneuro_ds004447_1.0.1_file_index.json,other,919983,27f7d7dd48669ee4a621c4084fa8139dfe305b1bab863ad128e7641a0bfbf905,2026-07-02T12:41:04.610504+00:00,present
data/manifests/openneuro_ds004447_landing_page.html,other,993,21e0cc89a8b8974ff8c1bb18aa26fb677acba437a1f520f215d62686eb3d354f,2026-07-02T12:41:04.610504+00:00,present
data/manifests/openneuro_ds004448_1.0.2_file_index.csv,table,125934,7a0115632c84e1636d3530b11e5a6db90e12333819656182cc72da61ebb3fbbd,2026-07-02T12:41:04.610504+00:00,present
data/manifests/openneuro_ds004448_1.0.2_file_index.json,other,618901,53455df35a3c781032fcd34809f40944a9f5f75d32e0e16bb811a82b27a19dbf,2026-07-02T12:41:04.610504+00:00,present
data/manifests/openneuro_ds004448_landing_page.html,other,993,21e0cc89a8b8974ff8c1bb18aa26fb677acba437a1f520f215d62686eb3d354f,2026-07-02T12:41:04.610504+00:00,present
data/manifests/openneuro_metadata_index.csv,table,772,0b593319faf4729e61b3b886b698782f350cef7dc928105148f09109bd28fba0,2026-07-02T12:41:04.610504+00:00,present
data/manifests/probe_ds004446/participants.tsv,other,706,a838a6dbaf1c3bd65762568dc04f661b14a4af4055f9a8cd731eb46bc9e48b03,2026-07-02T12:41:04.610504+00:00,present
data/manifests/probe_ds004446/sub-013_ses-01_task-smrbmi_channels.tsv,other,3157,e3e80484cf5adeb0aa19e66e16c30f4235bb67571f929fd24d325ae98e93b033,2026-07-02T12:41:04.610504+00:00,present
data/manifests/probe_ds004446/sub-013_ses-01_task-smrbmi_eeg.json,other,463,85d8b8b386ce300cdd31b5ff1c4161b551c27fba9f570601629153a04a95751f,2026-07-02T12:41:04.610504+00:00,present
data/manifests/probe_ds004446/sub-013_ses-01_task-smrbmi_electrodes.tsv,other,6150,7762b42c080674783b24920e19336bf7b2e358a9f130d984558206db4f92f96c,2026-07-02T12:41:04.610504+00:00,present
data/manifests/probe_ds004446/sub-013_ses-01_task-smrbmi_events.tsv,other,1217,d4115a9cd9075cbc9f43919a804f092cff09cf907a187081e5b4317d6b311545,2026-07-02T12:41:04.610504+00:00,present
data/manifests/probe_ds004446/task-smrbmi_eeg.json,other,854,d81c01957382c24e795eb356c03deb890e4db086d0f9b8d218ae829557c55ea4,2026-07-02T12:41:04.610504+00:00,present
data/manifests/probe_ds004446/task-smrbmi_events.json,other,563,5c14509e0771c7f9c649ec1760c4efae87198baf7eb96774f91a9bee61263909,2026-07-02T12:41:04.610504+00:00,present
data/raw/openneuro/ds004446/CHANGES,other,69,0b13eb28f1ba652d717dca390c03e132e977a5dc2004dd693944b395fc5f95ee,2026-07-02T12:41:04.610504+00:00,present
data/raw/openneuro/ds004446/dataset_description.json,other,490,38d59cf6c11c1f6c2d40d92db5d39b7975fe44256cf2447c58e5022e629476ba,2026-07-02T12:41:04.610504+00:00,present
data/raw/openneuro/ds004446/participants.json,other,334,423f554bafc18455aa4dd640e41816ac2ed04b88d05693ad05fa9b381d8baedc,2026-07-02T12:41:04.610504+00:00,present
data/raw/openneuro/ds004446/participants.tsv,other,706,a838a6dbaf1c3bd65762568dc04f661b14a4af4055f9a8cd731eb46bc9e48b03,2026-07-02T12:41:04.610504+00:00,present
data/raw/openneuro/ds004446/README,other,319,303d99da183d969c9ee1beab7ad293e6ad5e5b035444e950456200feb689585d,2026-07-02T12:41:04.610504+00:00,present
data/raw/openneuro/ds004446/sub-004/ses-01/eeg/sub-004_ses-01_task-smrbmi_channels.tsv,other,3157,e3e80484cf5adeb0aa19e66e16c30f4235bb67571f929fd24d325ae98e93b033,2026-07-02T12:41:04.610504+00:00,present
data/raw/openneuro/ds004446/sub-004/ses-01/eeg/sub-004_ses-01_task-smrbmi_eeg.edf,other,106893536,eff351a241428cb04ffa9a37eefd23ebf85fdec208893ed6a6b893af6e026bd5,2026-07-02T12:41:04.610504+00:00,present
data/raw/openneuro/ds004446/sub-004/ses-01/eeg/sub-004_ses-01_task-smrbmi_eeg.json,other,463,90f6f48bd9098226798213dbc8b0f801942ff49c9ee98ae9251df68e521609c1,2026-07-02T12:41:04.610504+00:00,present
data/raw/openneuro/ds004446/sub-004/ses-01/eeg/sub-004_ses-01_task-smrbmi_electrodes.tsv,other,6167,7399fde6958447b8b60243c6d4f95defb543605ebc0eca9eafb316af47d6f166,2026-07-02T12:41:04.610504+00:00,present
data/raw/openneuro/ds004446/sub-004/ses-01/eeg/sub-004_ses-01_task-smrbmi_events.tsv,other,1217,6af371cc952d6a5441b75b26078dc5ed0fe32b205a0949b57f9c845e93d2cfeb,2026-07-02T12:41:04.610504+00:00,present
data/raw/openneuro/ds004446/sub-004/ses-08/eeg/sub-004_ses-08_task-smrbmi_channels.tsv,other,3157,e3e80484cf5adeb0aa19e66e16c30f4235bb67571f929fd24d325ae98e93b033,2026-07-02T12:41:04.610504+00:00,present
data/raw/openneuro/ds004446/sub-004/ses-08/eeg/sub-004_ses-08_task-smrbmi_eeg.edf,other,107413536,bc12da0497936f2935f234a12d60fe365dd49d527a6f33855e24e0722dd0162e,2026-07-02T12:41:04.610504+00:00,present
data/raw/openneuro/ds004446/sub-004/ses-08/eeg/sub-004_ses-08_task-smrbmi_eeg.json,other,463,db2959b045768e341074426fac0cad44f98e9988e846828cf26923150abb718c,2026-07-02T12:41:04.610504+00:00,present
data/raw/openneuro/ds004446/sub-004/ses-08/eeg/sub-004_ses-08_task-smrbmi_electrodes.tsv,other,6152,d00777d3c586c221e291ca9a5ce6e6faa0f00d20656e2e1ad201eb6dbafc8bc8,2026-07-02T12:41:04.610504+00:00,present
data/raw/openneuro/ds004446/sub-004/ses-08/eeg/sub-004_ses-08_task-smrbmi_events.tsv,other,1217,61e401841ed2e54449e9cd296f60809e0c8013d254e019496b69c32d5c0a5c84,2026-07-02T12:41:04.610504+00:00,present
data/raw/openneuro/ds004446/sub-005/ses-01/eeg/sub-005_ses-01_task-smrbmi_channels.tsv,other,3157,e3e80484cf5adeb0aa19e66e16c30f4235bb67571f929fd24d325ae98e93b033,2026-07-02T12:41:04.610504+00:00,present
data/raw/openneuro/ds004446/sub-005/ses-01/eeg/sub-005_ses-01_task-smrbmi_eeg.edf,other,106633536,58645f7a00ec0a6f94711ddd384dc25a48af3500b44bf8a3db2174dc6bc4b4a9,2026-07-02T12:41:04.610504+00:00,present
data/raw/openneuro/ds004446/sub-005/ses-01/eeg/sub-005_ses-01_task-smrbmi_eeg.json,other,463,0e54e3382312d7d313308fd4d46f25d9744a053c30e7de160d86fc084c5a60d9,2026-07-02T12:41:04.610504+00:00,present
data/raw/openneuro/ds004446/sub-005/ses-01/eeg/sub-005_ses-01_task-smrbmi_electrodes.tsv,other,6162,5e7cecb9056501705e6f6978e67bcef551cec216b481e59907c449a2a46caed8,2026-07-02T12:41:04.610504+00:00,present
data/raw/openneuro/ds004446/sub-005/ses-01/eeg/sub-005_ses-01_task-smrbmi_events.tsv,other,1216,f79b71dc37097ea13c1a91803a144ba30a0a489553f151bdf96c418d3f7d9c14,2026-07-02T12:41:04.610504+00:00,present
data/raw/openneuro/ds004446/sub-005/ses-08/eeg/sub-005_ses-08_task-smrbmi_channels.tsv,other,3157,e3e80484cf5adeb0aa19e66e16c30f4235bb67571f929fd24d325ae98e93b033,2026-07-02T12:41:04.610504+00:00,present
data/raw/openneuro/ds004446/sub-005/ses-08/eeg/sub-005_ses-08_task-smrbmi_eeg.edf,other,108193536,c549f2c13551d1b924985109c86d742d454de6746868cdf9de0ab2faff5d4758,2026-07-02T12:41:04.610504+00:00,present
data/raw/openneuro/ds004446/sub-005/ses-08/eeg/sub-005_ses-08_task-smrbmi_eeg.json,other,463,0090c5d72ab1a62385cb0224e48f7d26267b47fa8a94519f91c5ae88c730ead4,2026-07-02T12:41:04.610504+00:00,present
data/raw/openneuro/ds004446/sub-005/ses-08/eeg/sub-005_ses-08_task-smrbmi_electrodes.tsv,other,6161,5764e7af9152f25d4e1493155a221f54ad211910b6f1fd8eb852bfecb15b9740,2026-07-02T12:41:04.610504+00:00,present
data/raw/openneuro/ds004446/sub-005/ses-08/eeg/sub-005_ses-08_task-smrbmi_events.tsv,other,1218,2ac46ad7d6d5575ed35d99954148fb96bb3a86b8ed1ebcef8c22780e75684d31,2026-07-02T12:41:04.610504+00:00,present
data/raw/openneuro/ds004446/sub-012/ses-01/eeg/sub-012_ses-01_task-smrbmi_channels.tsv,other,3157,e3e80484cf5adeb0aa19e66e16c30f4235bb67571f929fd24d325ae98e93b033,2026-07-02T12:41:04.610504+00:00,present
data/raw/openneuro/ds004446/sub-012/ses-01/eeg/sub-012_ses-01_task-smrbmi_eeg.edf,other,106893536,98426e70bb4761d039c9a6804a3340fd09ca4d8ee1ab486a5619385beb3c4d54,2026-07-02T12:41:04.610504+00:00,present
data/raw/openneuro/ds004446/sub-012/ses-01/eeg/sub-012_ses-01_task-smrbmi_eeg.json,other,463,70def5966564032f5a564e6a1321b6c077736e69f38e470eab27b57568b22944,2026-07-02T12:41:04.610504+00:00,present
data/raw/openneuro/ds004446/sub-012/ses-01/eeg/sub-012_ses-01_task-smrbmi_electrodes.tsv,other,6165,c947621f3f021df8d8fa5df41c20f4b24a132515049a79e2cf123af2599bb7e4,2026-07-02T12:41:04.610504+00:00,present
data/raw/openneuro/ds004446/sub-012/ses-01/eeg/sub-012_ses-01_task-smrbmi_events.tsv,other,1217,2b629784212381857569fef940bc57476cfa29f584811304fef974e0f8a3338e,2026-07-02T12:41:04.610504+00:00,present
data/raw/openneuro/ds004446/sub-012/ses-08/eeg/sub-012_ses-08_task-smrbmi_channels.tsv,other,3157,e3e80484cf5adeb0aa19e66e16c30f4235bb67571f929fd24d325ae98e93b033,2026-07-02T12:41:04.610504+00:00,present
data/raw/openneuro/ds004446/sub-012/ses-08/eeg/sub-012_ses-08_task-smrbmi_eeg.edf,other,108193536,221adef40d46f72f320090e5620feee08eae85b9546e543f80ba7fde717d04cb,2026-07-02T12:41:04.610504+00:00,present
data/raw/openneuro/ds004446/sub-012/ses-08/eeg/sub-012_ses-08_task-smrbmi_eeg.json,other,463,9dbb66cab7369c7655c54060710332742e4216848be4f13044272f05f2a39264,2026-07-02T12:41:04.610504+00:00,present
data/raw/openneuro/ds004446/sub-012/ses-08/eeg/sub-012_ses-08_task-smrbmi_electrodes.tsv,other,6167,03d0a346dd795b70a05169b15b2db4db138a6fb6c277812efa92527a96b09d1e,2026-07-02T12:41:04.610504+00:00,present
data/raw/openneuro/ds004446/sub-012/ses-08/eeg/sub-012_ses-08_task-smrbmi_events.tsv,other,1217,085c2af09fc69d1c627cf6f291424d3172c32bd0b00ace4f7a19756848563eac,2026-07-02T12:41:04.610504+00:00,present
data/raw/openneuro/ds004446/sub-013/ses-01/eeg/sub-013_ses-01_task-smrbmi_channels.tsv,other,3157,e3e80484cf5adeb0aa19e66e16c30f4235bb67571f929fd24d325ae98e93b033,2026-07-02T12:41:04.610504+00:00,present
data/raw/openneuro/ds004446/sub-013/ses-01/eeg/sub-013_ses-01_task-smrbmi_eeg.edf,other,106373536,0c61d16c9ac978aae0b2047940e3f53ead81175b1768e80303057b0aafcb2fe1,2026-07-02T12:41:04.610504+00:00,present
data/raw/openneuro/ds004446/sub-013/ses-01/eeg/sub-013_ses-01_task-smrbmi_eeg.json,other,463,85d8b8b386ce300cdd31b5ff1c4161b551c27fba9f570601629153a04a95751f,2026-07-02T12:41:04.610504+00:00,present
data/raw/openneuro/ds004446/sub-013/ses-01/eeg/sub-013_ses-01_task-smrbmi_electrodes.tsv,other,6150,7762b42c080674783b24920e19336bf7b2e358a9f130d984558206db4f92f96c,2026-07-02T12:41:04.610504+00:00,present
data/raw/openneuro/ds004446/sub-013/ses-01/eeg/sub-013_ses-01_task-smrbmi_events.tsv,other,1217,d4115a9cd9075cbc9f43919a804f092cff09cf907a187081e5b4317d6b311545,2026-07-02T12:41:04.610504+00:00,present
data/raw/openneuro/ds004446/sub-013/ses-08/eeg/sub-013_ses-08_task-smrbmi_channels.tsv,other,3157,e3e80484cf5adeb0aa19e66e16c30f4235bb67571f929fd24d325ae98e93b033,2026-07-02T12:41:04.610504+00:00,present
data/raw/openneuro/ds004446/sub-013/ses-08/eeg/sub-013_ses-08_task-smrbmi_eeg.edf,other,106373536,54cb0f438055fcc14498baea5171d976e18483fbf669287ad01b1e168b97526d,2026-07-02T12:41:04.610504+00:00,present
data/raw/openneuro/ds004446/sub-013/ses-08/eeg/sub-013_ses-08_task-smrbmi_eeg.json,other,462,b7a9c882ca54d0d15b15b1cb809db24a0064b55c5d8ff9b25ff2378d7d8d0ed9,2026-07-02T12:41:04.610504+00:00,present
data/raw/openneuro/ds004446/sub-013/ses-08/eeg/sub-013_ses-08_task-smrbmi_electrodes.tsv,other,6157,63371276e221e8cfafd584b2ff406f119d9c436c97e4bcfdf3190024539724ee,2026-07-02T12:41:04.610504+00:00,present
data/raw/openneuro/ds004446/sub-013/ses-08/eeg/sub-013_ses-08_task-smrbmi_events.tsv,other,1216,bd77d424411b40b0fb3313c803735e25589b349bc0dbade9d2268e955373a797,2026-07-02T12:41:04.610504+00:00,present
data/raw/openneuro/ds004446/sub-018/ses-01/eeg/sub-018_ses-01_task-smrbmi_channels.tsv,other,3157,e3e80484cf5adeb0aa19e66e16c30f4235bb67571f929fd24d325ae98e93b033,2026-07-02T12:41:04.610504+00:00,present
data/raw/openneuro/ds004446/sub-018/ses-01/eeg/sub-018_ses-01_task-smrbmi_eeg.edf,other,106373536,b47601853b0c796750b0a7bd253cdc22c69720a80dc07ec5581b9a93d01756c9,2026-07-02T12:41:04.610504+00:00,present
data/raw/openneuro/ds004446/sub-018/ses-01/eeg/sub-018_ses-01_task-smrbmi_eeg.json,other,463,d5810ca018a196dc75b5b5c731163d1933b465fc939d838dd09cfcfb23159ad0,2026-07-02T12:41:04.610504+00:00,present
data/raw/openneuro/ds004446/sub-018/ses-01/eeg/sub-018_ses-01_task-smrbmi_electrodes.tsv,other,6168,157dd3cc4b6fb3fb3b0dbcae54f8da449530f2a60c190f28987e365619257af7,2026-07-02T12:41:04.610504+00:00,present
data/raw/openneuro/ds004446/sub-018/ses-01/eeg/sub-018_ses-01_task-smrbmi_events.tsv,other,1216,64c67eef9be87cd8eab325c17b44390c85758addfc808a25da614622f249f6c7,2026-07-02T12:41:04.610504+00:00,present
data/raw/openneuro/ds004446/sub-018/ses-08/eeg/sub-018_ses-08_task-smrbmi_channels.tsv,other,3157,e3e80484cf5adeb0aa19e66e16c30f4235bb67571f929fd24d325ae98e93b033,2026-07-02T12:41:04.610504+00:00,present
data/raw/openneuro/ds004446/sub-018/ses-08/eeg/sub-018_ses-08_task-smrbmi_eeg.edf,other,107673536,04ee9b09c849fd5a0aabe6bdb6ee3d6f6b1284945080242c7d742258f250eb08,2026-07-02T12:41:04.610504+00:00,present
data/raw/openneuro/ds004446/sub-018/ses-08/eeg/sub-018_ses-08_task-smrbmi_eeg.json,other,463,c6eac0c105a5d958aceda7533dcf6642d54573942a0a8971276787864b963c94,2026-07-02T12:41:04.610504+00:00,present
data/raw/openneuro/ds004446/sub-018/ses-08/eeg/sub-018_ses-08_task-smrbmi_electrodes.tsv,other,6161,800f0f57b20c6f9484a32d0dddefb4d7edf39372a8aeabc6a707e597a862671d,2026-07-02T12:41:04.610504+00:00,present
data/raw/openneuro/ds004446/sub-018/ses-08/eeg/sub-018_ses-08_task-smrbmi_events.tsv,other,1217,99196f056df3dc10e073b4d48e5b0c5ce8baa5de2ea8b66d95f4d4818389acdb,2026-07-02T12:41:04.610504+00:00,present
data/raw/openneuro/ds004446/task-smrbmi_eeg.json,other,854,d81c01957382c24e795eb356c03deb890e4db086d0f9b8d218ae829557c55ea4,2026-07-02T12:41:04.610504+00:00,present
data/raw/openneuro/ds004446/task-smrbmi_events.json,other,563,5c14509e0771c7f9c649ec1760c4efae87198baf7eb96774f91a9bee61263909,2026-07-02T12:41:04.610504+00:00,present
data/raw/openneuro/ds004447/CHANGES,other,69,0b13eb28f1ba652d717dca390c03e132e977a5dc2004dd693944b395fc5f95ee,2026-07-02T12:41:04.610504+00:00,present
data/raw/openneuro/ds004447/dataset_description.json,other,490,8427a9255d513b5847a775446a20f763b1e483b0c65cfe6fe807c9e003bc0140,2026-07-02T12:41:04.610504+00:00,present
data/raw/openneuro/ds004447/participants.json,other,334,423f554bafc18455aa4dd640e41816ac2ed04b88d05693ad05fa9b381d8baedc,2026-07-02T12:41:04.610504+00:00,present
data/raw/openneuro/ds004447/participants.tsv,other,706,a838a6dbaf1c3bd65762568dc04f661b14a4af4055f9a8cd731eb46bc9e48b03,2026-07-02T12:41:04.610504+00:00,present
data/raw/openneuro/ds004447/README,other,319,303d99da183d969c9ee1beab7ad293e6ad5e5b035444e950456200feb689585d,2026-07-02T12:41:04.610504+00:00,present
data/raw/openneuro/ds004447/sub-001/ses-01/eeg/sub-001_ses-01_task-smrbmi_channels.tsv,other,3157,e3e80484cf5adeb0aa19e66e16c30f4235bb67571f929fd24d325ae98e93b033,2026-07-02T12:41:04.610504+00:00,present
data/raw/openneuro/ds004447/sub-001/ses-01/eeg/sub-001_ses-01_task-smrbmi_eeg.edf,other,42933536,fff8ad10563eabf595b3056d5a67ec6f27a3dede7fa97ed9952b73c4227f5445,2026-07-02T12:41:04.610504+00:00,present
data/raw/openneuro/ds004447/sub-001/ses-01/eeg/sub-001_ses-01_task-smrbmi_eeg.json,other,463,3013034b42445a2a10d4f94c3730e8e09dac53416fa6125cf41525dfdaf2dc08,2026-07-02T12:41:04.610504+00:00,present
data/raw/openneuro/ds004447/sub-001/ses-01/eeg/sub-001_ses-01_task-smrbmi_electrodes.tsv,other,6171,0693f7e74ee0fdf919922fd5d6123f1cb304f9bb9044e41600da797bcaf374cd,2026-07-02T12:41:04.610504+00:00,present
data/raw/openneuro/ds004447/sub-001/ses-01/eeg/sub-001_ses-01_task-smrbmi_events.tsv,other,787,cbc86ff7f8cc5c0c8dca10b4dbf595c6d858c9253ea400851cbee91572021330,2026-07-02T12:41:04.610504+00:00,present
data/raw/openneuro/ds004447/sub-001/ses-19/eeg/sub-001_ses-19_task-smrbmi_channels.tsv,other,3157,e3e80484cf5adeb0aa19e66e16c30f4235bb67571f929fd24d325ae98e93b033,2026-07-02T12:41:04.610504+00:00,present
data/raw/openneuro/ds004447/sub-001/ses-19/eeg/sub-001_ses-19_task-smrbmi_eeg.edf,other,43713536,da14238d5fb47fd19ee88909475288eb4e39c10e610858d349a599643ef2f35b,2026-07-02T12:41:04.610504+00:00,present
data/raw/openneuro/ds004447/sub-001/ses-19/eeg/sub-001_ses-19_task-smrbmi_electrodes.tsv,other,6161,bb6267e406a9f0a6db675d463856b34d17d36cbac2ff9758b15bc9b39dd29bcc,2026-07-02T12:41:04.610504+00:00,present
data/raw/openneuro/ds004447/sub-001/ses-19/eeg/sub-001_ses-19_task-smrbmi_events.tsv,other,790,58b9df8f17149b622d3f8fa06ac6cc9939d6e77553cc68f67932fdcf95442f02,2026-07-02T12:41:04.610504+00:00,present
data/raw/openneuro/ds004447/sub-002/ses-01/eeg/sub-002_ses-01_task-smrbmi_channels.tsv,other,3157,e3e80484cf5adeb0aa19e66e16c30f4235bb67571f929fd24d325ae98e93b033,2026-07-02T12:41:04.610504+00:00,present
data/raw/openneuro/ds004447/sub-002/ses-01/eeg/sub-002_ses-01_task-smrbmi_eeg.edf,other,42153536,d35c7010a625430e3db3fe62dc6e8106ca33131f14181d94910bb7df184340d8,2026-07-02T12:41:04.610504+00:00,present
data/raw/openneuro/ds004447/sub-002/ses-01/eeg/sub-002_ses-01_task-smrbmi_eeg.json,other,463,dd4dda78da10f72f8b81774709299989ec53a8122f76e4294f1d0367807d6f6a,2026-07-02T12:41:04.610504+00:00,present
data/raw/openneuro/ds004447/sub-002/ses-01/eeg/sub-002_ses-01_task-smrbmi_electrodes.tsv,other,6166,1d49bd2b6b6519332643c8b90f5db88e97a14431a8b46215f60fa3c9522bef0b,2026-07-02T12:41:04.610504+00:00,present
data/raw/openneuro/ds004447/sub-002/ses-01/eeg/sub-002_ses-01_task-smrbmi_events.tsv,other,787,d3db2744031343ec9354c0c340d86fb63d4205b36156542eeaf78de806bc8d60,2026-07-02T12:41:04.610504+00:00,present
data/raw/openneuro/ds004447/sub-002/ses-19/eeg/sub-002_ses-19_task-smrbmi_channels.tsv,other,3157,e3e80484cf5adeb0aa19e66e16c30f4235bb67571f929fd24d325ae98e93b033,2026-07-02T12:41:04.610504+00:00,present
data/raw/openneuro/ds004447/sub-002/ses-19/eeg/sub-002_ses-19_task-smrbmi_eeg.edf,other,43713536,1ef4c2f8b4ba3684326df1cdfa51fadddf89c76f4213093d6d534f47b70c12bb,2026-07-02T12:41:04.610504+00:00,present
data/raw/openneuro/ds004447/sub-002/ses-19/eeg/sub-002_ses-19_task-smrbmi_eeg.json,other,463,7ede5d4665aedad12d8b14e3ce554644de2d525b0a6e5a1c1605e3ffa459e0e3,2026-07-02T12:41:04.610504+00:00,present
data/raw/openneuro/ds004447/sub-002/ses-19/eeg/sub-002_ses-19_task-smrbmi_electrodes.tsv,other,6161,bb6267e406a9f0a6db675d463856b34d17d36cbac2ff9758b15bc9b39dd29bcc,2026-07-02T12:41:04.610504+00:00,present
data/raw/openneuro/ds004447/sub-002/ses-19/eeg/sub-002_ses-19_task-smrbmi_events.tsv,other,790,58b9df8f17149b622d3f8fa06ac6cc9939d6e77553cc68f67932fdcf95442f02,2026-07-02T12:41:04.610504+00:00,present
data/raw/openneuro/ds004447/sub-003/ses-01/eeg/sub-003_ses-01_task-smrbmi_channels.tsv,other,3157,e3e80484cf5adeb0aa19e66e16c30f4235bb67571f929fd24d325ae98e93b033,2026-07-02T12:41:04.610504+00:00,present
data/raw/openneuro/ds004447/sub-003/ses-01/eeg/sub-003_ses-01_task-smrbmi_eeg.edf,other,52813536,308480853c4743b5e9280421212e849c6686db42690a054df734d6e544aac288,2026-07-02T12:41:04.610504+00:00,present
data/raw/openneuro/ds004447/sub-003/ses-01/eeg/sub-003_ses-01_task-smrbmi_eeg.json,other,462,93c8055211be519806798ad5837ce26c891bfdca224735c9c64c4e9bdaa1da04,2026-07-02T12:41:04.610504+00:00,present
data/raw/openneuro/ds004447/sub-003/ses-01/eeg/sub-003_ses-01_task-smrbmi_electrodes.tsv,other,6162,d774a06fc0d75f974f019a9ee225e48bf3008b1c016e3a0c31c3fefe35675324,2026-07-02T12:41:04.610504+00:00,present
data/raw/openneuro/ds004447/sub-003/ses-01/eeg/sub-003_ses-01_task-smrbmi_events.tsv,other,799,dd84553f1d92c1cf0485f040a16d33d3ebba7666dd463df99bf3c1ee3b9a4b9a,2026-07-02T12:41:04.610504+00:00,present
data/raw/openneuro/ds004447/sub-003/ses-19/eeg/sub-003_ses-19_task-smrbmi_channels.tsv,other,3157,e3e80484cf5adeb0aa19e66e16c30f4235bb67571f929fd24d325ae98e93b033,2026-07-02T12:41:04.610504+00:00,present
data/raw/openneuro/ds004447/sub-003/ses-19/eeg/sub-003_ses-19_task-smrbmi_eeg.edf,other,42153536,92933e0c70fe6a8a3097ddcdb1917290cdee4e6d363a98085631062326e05c9b,2026-07-02T12:41:04.610504+00:00,present
data/raw/openneuro/ds004447/sub-003/ses-19/eeg/sub-003_ses-19_task-smrbmi_eeg.json,other,463,d88afe353c74a4de0c11a65503bce9221b8d992e1ab8ad9e1a340601e699a9db,2026-07-02T12:41:04.610504+00:00,present
data/raw/openneuro/ds004447/sub-003/ses-19/eeg/sub-003_ses-19_task-smrbmi_electrodes.tsv,other,6164,5666d9cbbc68d592e3d1030cc5f71121f3bbaef4d7bc68a89a227e3f968ca185,2026-07-02T12:41:04.610504+00:00,present
data/raw/openneuro/ds004447/sub-003/ses-19/eeg/sub-003_ses-19_task-smrbmi_events.tsv,other,787,4ac79f91552d2826ced1098eb3bf789b61a3c5dab9f83328794d8e4d9726ab2b,2026-07-02T12:41:04.610504+00:00,present
data/raw/openneuro/ds004447/sub-004/ses-01/eeg/sub-004_ses-01_task-smrbmi_channels.tsv,other,3157,e3e80484cf5adeb0aa19e66e16c30f4235bb67571f929fd24d325ae98e93b033,2026-07-02T12:41:04.610504+00:00,present
data/raw/openneuro/ds004447/sub-004/ses-01/eeg/sub-004_ses-01_task-smrbmi_eeg.edf,other,47353536,d29ecfe81fd2a5a9a8ddb785a08151dd814f622207da794bec634df8c8d68dd8,2026-07-02T12:41:04.610504+00:00,present
data/raw/openneuro/ds004447/sub-004/ses-01/eeg/sub-004_ses-01_task-smrbmi_eeg.json,other,463,5c7ab6241dd1e54642e644a9df9627ce5575df90f16140e8179cb4c5e0bc81d4,2026-07-02T12:41:04.610504+00:00,present
data/raw/openneuro/ds004447/sub-004/ses-01/eeg/sub-004_ses-01_task-smrbmi_electrodes.tsv,other,6173,f053d0a1e2b72bafa97c3f07fa0d5c2e7770c0629eeb0242c687a73e992ff53a,2026-07-02T12:41:04.610504+00:00,present
data/raw/openneuro/ds004447/sub-004/ses-01/eeg/sub-004_ses-01_task-smrbmi_events.tsv,other,794,9ac1e098444f7e8c13b100e0d3d6d0d18d9e572fe2b0871d7e03c0fe032e8125,2026-07-02T12:41:04.610504+00:00,present
data/raw/openneuro/ds004447/sub-004/ses-19/eeg/sub-004_ses-19_task-smrbmi_channels.tsv,other,3157,e3e80484cf5adeb0aa19e66e16c30f4235bb67571f929fd24d325ae98e93b033,2026-07-02T12:41:04.610504+00:00,present
data/raw/openneuro/ds004447/sub-004/ses-19/eeg/sub-004_ses-19_task-smrbmi_eeg.edf,other,43973536,bd23dfba2db7aaf3b7f60400f57b6c2c7c760ca3838eabcf844b1ec226b9d07e,2026-07-02T12:41:04.610504+00:00,present
data/raw/openneuro/ds004447/sub-004/ses-19/eeg/sub-004_ses-19_task-smrbmi_eeg.json,other,463,1de77b6501d1cfc1e336c8f0cbcf9fbeb2d25fae0d775e18aa82ffcaa037d89a,2026-07-02T12:41:04.610504+00:00,present
data/raw/openneuro/ds004447/sub-004/ses-19/eeg/sub-004_ses-19_task-smrbmi_electrodes.tsv,other,6167,bdd08806e76529622e6471f11a5b91d5dde87b0f9cbd468c6834e033cb21e71f,2026-07-02T12:41:04.610504+00:00,present
data/raw/openneuro/ds004447/sub-004/ses-19/eeg/sub-004_ses-19_task-smrbmi_events.tsv,other,790,7337998833b0325376618a8636666bda61e4676e748c23f86922a31fe2d8e0d7,2026-07-02T12:41:04.610504+00:00,present
data/raw/openneuro/ds004447/sub-005/ses-01/eeg/sub-005_ses-01_task-smrbmi_channels.tsv,other,3157,e3e80484cf5adeb0aa19e66e16c30f4235bb67571f929fd24d325ae98e93b033,2026-07-02T12:41:04.610504+00:00,present
data/raw/openneuro/ds004447/sub-005/ses-01/eeg/sub-005_ses-01_task-smrbmi_eeg.edf,other,44753536,9bc040e4d06f77f179e5073a27054897f1bc29df592ab14330f0e9fad7723649,2026-07-02T12:41:04.610504+00:00,present
data/raw/openneuro/ds004447/sub-005/ses-01/eeg/sub-005_ses-01_task-smrbmi_eeg.json,other,463,1573092dbf99d031c7d79598f38185243469ea01d9250f3375dbd5c9105fada3,2026-07-02T12:41:04.610504+00:00,present
data/raw/openneuro/ds004447/sub-005/ses-01/eeg/sub-005_ses-01_task-smrbmi_electrodes.tsv,other,6169,33b9a361e92ceff6423aa7991ec4f06db202371221632696d22bb09d01e6b935,2026-07-02T12:41:04.610504+00:00,present
data/raw/openneuro/ds004447/sub-005/ses-01/eeg/sub-005_ses-01_task-smrbmi_events.tsv,other,790,965256af785cbcc744500c5b6a6144d49fda57d1c5b0479b1c45708ba82b069b,2026-07-02T12:41:04.610504+00:00,present
data/raw/openneuro/ds004447/sub-005/ses-19/eeg/sub-005_ses-19_task-smrbmi_channels.tsv,other,3157,e3e80484cf5adeb0aa19e66e16c30f4235bb67571f929fd24d325ae98e93b033,2026-07-02T12:41:04.610504+00:00,present
data/raw/openneuro/ds004447/sub-005/ses-19/eeg/sub-005_ses-19_task-smrbmi_eeg.edf,other,45273536,e102361a1e46a42e06141da263687afa15bbf52ab78d1adaf7c93d8bfb888f1b,2026-07-02T12:41:04.610504+00:00,present
data/raw/openneuro/ds004447/sub-005/ses-19/eeg/sub-005_ses-19_task-smrbmi_eeg.json,other,463,f92295654fe2e25f8d551c9cb62f61b1b6e4bd2bd53c41de3393298652ee7cf0,2026-07-02T12:41:04.610504+00:00,present
data/raw/openneuro/ds004447/sub-005/ses-19/eeg/sub-005_ses-19_task-smrbmi_electrodes.tsv,other,6170,39ebe61c5e62ff73be384797394afe27f69e87fbc25b534d8fb3cfec046d6c69,2026-07-02T12:41:04.610504+00:00,present
data/raw/openneuro/ds004447/sub-005/ses-19/eeg/sub-005_ses-19_task-smrbmi_events.tsv,other,791,f63b4335d7fa665b68aa23a078c23fdc261dfa21484425536743ba7c5874e69d,2026-07-02T12:41:04.610504+00:00,present
data/raw/openneuro/ds004447/sub-006/ses-01/eeg/sub-006_ses-01_task-smrbmi_channels.tsv,other,3157,e3e80484cf5adeb0aa19e66e16c30f4235bb67571f929fd24d325ae98e93b033,2026-07-02T12:41:04.610504+00:00,present
data/raw/openneuro/ds004447/sub-006/ses-01/eeg/sub-006_ses-01_task-smrbmi_eeg.edf,other,59053536,1206707aefb168a57560e310a393d23d663d811799a717c85120941c4094a5b9,2026-07-02T12:41:04.610504+00:00,present
data/raw/openneuro/ds004447/sub-006/ses-01/eeg/sub-006_ses-01_task-smrbmi_eeg.json,other,463,590046b4317fd0018eb0f49c9463018a9d11450cc74ac8154edd1971a00d0747,2026-07-02T12:41:04.610504+00:00,present
data/raw/openneuro/ds004447/sub-006/ses-01/eeg/sub-006_ses-01_task-smrbmi_electrodes.tsv,other,6164,14325dd936434c5b3b82854f7be26235221cc8eeb972d40aed1a328de21fe46b,2026-07-02T12:41:04.610504+00:00,present
data/raw/openneuro/ds004447/sub-006/ses-01/eeg/sub-006_ses-01_task-smrbmi_events.tsv,other,806,9a90d9e65c6618c3f6ca80d1cd0e03664484f1f9f697189968592fc351264823,2026-07-02T12:41:04.610504+00:00,present
data/raw/openneuro/ds004447/sub-006/ses-19/eeg/sub-006_ses-19_task-smrbmi_channels.tsv,other,3157,e3e80484cf5adeb0aa19e66e16c30f4235bb67571f929fd24d325ae98e93b033,2026-07-02T12:41:04.610504+00:00,present
data/raw/openneuro/ds004447/sub-006/ses-19/eeg/sub-006_ses-19_task-smrbmi_eeg.edf,other,45013536,e095df8e19a01637e108c79d5fa44e70a4577f9026790a839017cee759530053,2026-07-02T12:41:04.610504+00:00,present
data/raw/openneuro/ds004447/sub-006/ses-19/eeg/sub-006_ses-19_task-smrbmi_eeg.json,other,463,8eac5466c427179a3fd11dfbc245be1f2217e2e79c4412ea025a68f366f3700d,2026-07-02T12:41:04.610504+00:00,present
data/raw/openneuro/ds004447/sub-006/ses-19/eeg/sub-006_ses-19_task-smrbmi_electrodes.tsv,other,6168,f7527665c17b271bf92862aa59634cda1d53fbfbbf001ced831269e63ffb7f2c,2026-07-02T12:41:04.610504+00:00,present
data/raw/openneuro/ds004447/sub-006/ses-19/eeg/sub-006_ses-19_task-smrbmi_events.tsv,other,791,7dacdfa16b47e7aa8d7ad663319554b762ca66f028abe502f717eaab3334b5de,2026-07-02T12:41:04.610504+00:00,present
data/raw/openneuro/ds004447/sub-007/ses-01/eeg/sub-007_ses-01_task-smrbmi_channels.tsv,other,3157,e3e80484cf5adeb0aa19e66e16c30f4235bb67571f929fd24d325ae98e93b033,2026-07-02T12:41:04.610504+00:00,present
data/raw/openneuro/ds004447/sub-007/ses-01/eeg/sub-007_ses-01_task-smrbmi_eeg.edf,other,42413536,0165d6aa7be177947538cce90b1ed02970120fc7e78ef76dc2c45aad69653b00,2026-07-02T12:41:04.610504+00:00,present
data/raw/openneuro/ds004447/sub-007/ses-01/eeg/sub-007_ses-01_task-smrbmi_eeg.json,other,463,c8ae41c0dd8a7f8dec386b68e8a094196c6b1024b201172332533ec7895fdbe6,2026-07-02T12:41:04.610504+00:00,present
data/raw/openneuro/ds004447/sub-007/ses-01/eeg/sub-007_ses-01_task-smrbmi_electrodes.tsv,other,6171,105c828c30eab158f6bce2be10607944aefbcdb0b2723b804bf21b43ff2faf5d,2026-07-02T12:41:04.610504+00:00,present
data/raw/openneuro/ds004447/sub-007/ses-01/eeg/sub-007_ses-01_task-smrbmi_events.tsv,other,787,d4b4448ee26522c7feffa9d8a59441c908bd8622319fb631b4d0fb0edeacbbd8,2026-07-02T12:41:04.610504+00:00,present
data/raw/openneuro/ds004447/sub-007/ses-19/eeg/sub-007_ses-19_task-smrbmi_channels.tsv,other,3157,e3e80484cf5adeb0aa19e66e16c30f4235bb67571f929fd24d325ae98e93b033,2026-07-02T12:41:04.610504+00:00,present
data/raw/openneuro/ds004447/sub-007/ses-19/eeg/sub-007_ses-19_task-smrbmi_eeg.edf,other,43453536,608510b6b076bcdfcd5b5f3e4322aa807f4f1edfe9c925f0aa987ebc4b0f6366,2026-07-02T12:41:04.610504+00:00,present
data/raw/openneuro/ds004447/sub-007/ses-19/eeg/sub-007_ses-19_task-smrbmi_eeg.json,other,462,d98e8216af71de578fff3c763c16e9fb16335cbdfd69bce9db88aff78bbc223f,2026-07-02T12:41:04.610504+00:00,present
data/raw/openneuro/ds004447/sub-007/ses-19/eeg/sub-007_ses-19_task-smrbmi_electrodes.tsv,other,6162,eebac8ae10fbc045b51a8c8118c49f93e6908696a66692a635de5e029e393ded,2026-07-02T12:41:04.610504+00:00,present
data/raw/openneuro/ds004447/sub-007/ses-19/eeg/sub-007_ses-19_task-smrbmi_events.tsv,other,789,f1ee603c69375d2e11b1be3013a16c0f115ca5a19316cf830a09f4943e6c4df5,2026-07-02T12:41:04.610504+00:00,present
data/raw/openneuro/ds004447/sub-008/ses-01/eeg/sub-008_ses-01_task-smrbmi_channels.tsv,other,3157,e3e80484cf5adeb0aa19e66e16c30f4235bb67571f929fd24d325ae98e93b033,2026-07-02T12:41:04.610504+00:00,present
data/raw/openneuro/ds004447/sub-008/ses-01/eeg/sub-008_ses-01_task-smrbmi_eeg.edf,other,42413536,14d4690b28369b96e0b3efb0f476771fc367c3105ca3010b31903de342a2510b,2026-07-02T12:41:04.610504+00:00,present
data/raw/openneuro/ds004447/sub-008/ses-01/eeg/sub-008_ses-01_task-smrbmi_eeg.json,other,463,50dda9f30bce7f7be092a6bd89af212fceca9a4184c3d5ad7a145af80462745e,2026-07-02T12:41:04.610504+00:00,present
data/raw/openneuro/ds004447/sub-008/ses-01/eeg/sub-008_ses-01_task-smrbmi_electrodes.tsv,other,6165,629185fc6f1aa9d162db1c69bf278b34656b4b89893d2786de2fa28bf13b4b4b,2026-07-02T12:41:04.610504+00:00,present
data/raw/openneuro/ds004447/sub-008/ses-01/eeg/sub-008_ses-01_task-smrbmi_events.tsv,other,787,17cfd931b41b9ec60e9b8399caa69c6eec1ce5e945024d77b18896e9728f8fec,2026-07-02T12:41:04.610504+00:00,present
data/raw/openneuro/ds004447/sub-008/ses-19/eeg/sub-008_ses-19_task-smrbmi_channels.tsv,other,3157,e3e80484cf5adeb0aa19e66e16c30f4235bb67571f929fd24d325ae98e93b033,2026-07-02T12:41:04.610504+00:00,present
data/raw/openneuro/ds004447/sub-008/ses-19/eeg/sub-008_ses-19_task-smrbmi_eeg.edf,other,43973536,ab2208ad7d2d01c670cabd16a540cf1bb998a847168c8ec74158d3c358be1eb5,2026-07-02T12:41:04.610504+00:00,present
data/raw/openneuro/ds004447/sub-008/ses-19/eeg/sub-008_ses-19_task-smrbmi_eeg.json,other,463,9b9c91c26e0eb2dd43aebff3292ee70d83750142abd843818ae397574d843585,2026-07-02T12:41:04.610504+00:00,present
data/raw/openneuro/ds004447/sub-008/ses-19/eeg/sub-008_ses-19_task-smrbmi_electrodes.tsv,other,6158,dc3ac80686f6270d6b953ba209e4ec7c084c07775a01f6b0c6eaaae1c13bb795,2026-07-02T12:41:04.610504+00:00,present
data/raw/openneuro/ds004447/sub-008/ses-19/eeg/sub-008_ses-19_task-smrbmi_events.tsv,other,790,c4d6ef5348fd209d0777278bbf075dec6e0f84c02118d6e597060bbb59c002fe,2026-07-02T12:41:04.610504+00:00,present
data/raw/openneuro/ds004447/sub-009/ses-01/eeg/sub-009_ses-01_task-smrbmi_channels.tsv,other,3157,e3e80484cf5adeb0aa19e66e16c30f4235bb67571f929fd24d325ae98e93b033,2026-07-02T12:41:04.610504+00:00,present
data/raw/openneuro/ds004447/sub-009/ses-01/eeg/sub-009_ses-01_task-smrbmi_eeg.edf,other,73093536,6c25202173b6d9a540be59c69c85e1d7af0d104c65a7c5033d7020c83d99f740,2026-07-02T12:41:04.610504+00:00,present
data/raw/openneuro/ds004447/sub-009/ses-01/eeg/sub-009_ses-01_task-smrbmi_eeg.json,other,463,fcab80762f721e37a819b385e0162ea7ffb1925707bb44af66f104606e5a89d9,2026-07-02T12:41:04.610504+00:00,present
data/raw/openneuro/ds004447/sub-009/ses-01/eeg/sub-009_ses-01_task-smrbmi_electrodes.tsv,other,6169,1d63a58aace53ecaec9f15d5a022789c90d20217b9137e20bf5574c7a1e1ebbd,2026-07-02T12:41:04.610504+00:00,present
data/raw/openneuro/ds004447/sub-009/ses-01/eeg/sub-009_ses-01_task-smrbmi_events.tsv,other,813,d7def034dd2d8cd18fcb73cb0825c6992337ce5225dfe9ac5288e81089c9f9bd,2026-07-02T12:41:04.610504+00:00,present
data/raw/openneuro/ds004447/sub-009/ses-19/eeg/sub-009_ses-19_task-smrbmi_channels.tsv,other,3157,e3e80484cf5adeb0aa19e66e16c30f4235bb67571f929fd24d325ae98e93b033,2026-07-02T12:41:04.610504+00:00,present
data/raw/openneuro/ds004447/sub-009/ses-19/eeg/sub-009_ses-19_task-smrbmi_eeg.edf,other,45013536,1cd7ae66c91ce6053b9c45f7990f129dba3d21d56135128829d5ffab0518c90e,2026-07-02T12:41:04.610504+00:00,present
data/raw/openneuro/ds004447/sub-009/ses-19/eeg/sub-009_ses-19_task-smrbmi_eeg.json,other,463,06544c4bccd1391c05ed6065f5b62cf6e4570ca7a76d3eff064df1ec6c8ea62a,2026-07-02T12:41:04.610504+00:00,present
data/raw/openneuro/ds004447/sub-009/ses-19/eeg/sub-009_ses-19_task-smrbmi_electrodes.tsv,other,6160,e44409a80406366c343d6dd730ad364b28da2f74ac37c5e94a46a6ae01855c24,2026-07-02T12:41:04.610504+00:00,present
data/raw/openneuro/ds004447/sub-009/ses-19/eeg/sub-009_ses-19_task-smrbmi_events.tsv,other,790,82000b219c21db5f4acb7b07739f322d7532bab6b3fa6fce7cd5432baef33485,2026-07-02T12:41:04.610504+00:00,present
data/raw/openneuro/ds004447/sub-010/ses-01/eeg/sub-010_ses-01_task-smrbmi_channels.tsv,other,3157,e3e80484cf5adeb0aa19e66e16c30f4235bb67571f929fd24d325ae98e93b033,2026-07-02T12:41:04.610504+00:00,present
data/raw/openneuro/ds004447/sub-010/ses-01/eeg/sub-010_ses-01_task-smrbmi_eeg.edf,other,52813536,c093313a4bff0f032eaf026da4e25b0ecba989b6545725b7e68b6c76ab1baa8b,2026-07-02T12:41:04.610504+00:00,present
data/raw/openneuro/ds004447/sub-010/ses-01/eeg/sub-010_ses-01_task-smrbmi_eeg.json,other,463,00475935b58d4967649c74a2976868315f924042878a449a418d29e498ea53d2,2026-07-02T12:41:04.610504+00:00,present
data/raw/openneuro/ds004447/sub-010/ses-01/eeg/sub-010_ses-01_task-smrbmi_electrodes.tsv,other,6159,e741cd64ecebaa9c59d558e8ff0e5dce9b118b6a473c7f04b655ba852a5102db,2026-07-02T12:41:04.610504+00:00,present
data/raw/openneuro/ds004447/sub-010/ses-01/eeg/sub-010_ses-01_task-smrbmi_events.tsv,other,799,d5a7bb21c5f245a61e9cb83bdb09e0bad6e8165a69c3bd329d9aca7283ec917e,2026-07-02T12:41:04.610504+00:00,present
data/raw/openneuro/ds004447/sub-010/ses-19/eeg/sub-010_ses-19_task-smrbmi_channels.tsv,other,3157,e3e80484cf5adeb0aa19e66e16c30f4235bb67571f929fd24d325ae98e93b033,2026-07-02T12:41:04.610504+00:00,present
data/raw/openneuro/ds004447/sub-010/ses-19/eeg/sub-010_ses-19_task-smrbmi_eeg.edf,other,50213536,65740020323d71bbb2f9eeae3e5784bc0429cd9e9e4a908fafa4577470a8fdfd,2026-07-02T12:41:04.610504+00:00,present
data/raw/openneuro/ds004447/sub-010/ses-19/eeg/sub-010_ses-19_task-smrbmi_eeg.json,other,463,98db8497a67f07bfa8993a70491ce2c7deef89c2e14943aa2e9d1fec0a5c1cf2,2026-07-02T12:41:04.610504+00:00,present
data/raw/openneuro/ds004447/sub-010/ses-19/eeg/sub-010_ses-19_task-smrbmi_electrodes.tsv,other,6124,25a9fa1933a6dd76d2eca54a5d5f36a5afafe9496f62f212f63fe5ec72f0e141,2026-07-02T12:41:04.610504+00:00,present
data/raw/openneuro/ds004447/sub-010/ses-19/eeg/sub-010_ses-19_task-smrbmi_events.tsv,other,796,35fa65d5c45ff0b911644ef0c3762d27f13f9e371ab2b14abade88106dcb557e,2026-07-02T12:41:04.610504+00:00,present
data/raw/openneuro/ds004447/sub-011/ses-01/eeg/sub-011_ses-01_task-smrbmi_channels.tsv,other,3157,e3e80484cf5adeb0aa19e66e16c30f4235bb67571f929fd24d325ae98e93b033,2026-07-02T12:41:04.610504+00:00,present
data/raw/openneuro/ds004447/sub-011/ses-01/eeg/sub-011_ses-01_task-smrbmi_eeg.edf,other,42413536,8462fdca0c19b83a86266c8ed702f10621c338403ac10809b6dd7bd009825ea7,2026-07-02T12:41:04.610504+00:00,present
data/raw/openneuro/ds004447/sub-011/ses-01/eeg/sub-011_ses-01_task-smrbmi_eeg.json,other,463,8e4309840690dbad06200f54454dc365983343279140004f180a80100d70ca8d,2026-07-02T12:41:04.610504+00:00,present
data/raw/openneuro/ds004447/sub-011/ses-01/eeg/sub-011_ses-01_task-smrbmi_electrodes.tsv,other,6168,5061e1e7940fb27c7caa10497a81551c83a83605c4082efc016245fb6832c4ec,2026-07-02T12:41:04.610504+00:00,present
data/raw/openneuro/ds004447/sub-011/ses-01/eeg/sub-011_ses-01_task-smrbmi_events.tsv,other,787,d145437a9fbecb81b8ae72411251ae4cc4cd7b2af7eddc3dc7bc495fec389668,2026-07-02T12:41:04.610504+00:00,present
data/raw/openneuro/ds004447/sub-011/ses-19/eeg/sub-011_ses-19_task-smrbmi_channels.tsv,other,3157,e3e80484cf5adeb0aa19e66e16c30f4235bb67571f929fd24d325ae98e93b033,2026-07-02T12:41:04.610504+00:00,present
data/raw/openneuro/ds004447/sub-011/ses-19/eeg/sub-011_ses-19_task-smrbmi_eeg.edf,other,41373536,76143d40f7da85877d31f8686f8e131bf78d0bddb936e1d8f1603d483871a70c,2026-07-02T12:41:04.610504+00:00,present
data/raw/openneuro/ds004447/sub-011/ses-19/eeg/sub-011_ses-19_task-smrbmi_electrodes.tsv,other,6168,44aff16a7750dfabafa1c7edc0305a87967d315cb43e1876c0f1f2223e6102aa,2026-07-02T12:41:04.610504+00:00,present
data/raw/openneuro/ds004447/sub-011/ses-19/eeg/sub-011_ses-19_task-smrbmi_events.tsv,other,785,09a16d1cb34379b6a5d58873e1db4a5a7f691681845f864f1f58a4b41e11239e,2026-07-02T12:41:04.610504+00:00,present
data/raw/openneuro/ds004447/sub-012/ses-01/eeg/sub-012_ses-01_task-smrbmi_channels.tsv,other,3157,e3e80484cf5adeb0aa19e66e16c30f4235bb67571f929fd24d325ae98e93b033,2026-07-02T12:41:04.610504+00:00,present
data/raw/openneuro/ds004447/sub-012/ses-01/eeg/sub-012_ses-01_task-smrbmi_eeg.edf,other,44493536,983d934899c8f0d7b366dbf1ce12150ac48858366efd30b9c5bb9d549bf38a53,2026-07-02T12:41:04.610504+00:00,present
data/raw/openneuro/ds004447/sub-012/ses-01/eeg/sub-012_ses-01_task-smrbmi_eeg.json,other,462,37711e32f99d5d81f3e5a13442fbd70f60eb26311baa99f1a43eb34257c1c6dd,2026-07-02T12:41:04.610504+00:00,present
data/raw/openneuro/ds004447/sub-012/ses-01/eeg/sub-012_ses-01_task-smrbmi_electrodes.tsv,other,6172,06e9346b8ed51973c0d5890e24155305e04be3ee3ffebea2a3debfd6dbb11b97,2026-07-02T12:41:04.610504+00:00,present
data/raw/openneuro/ds004447/sub-012/ses-01/eeg/sub-012_ses-01_task-smrbmi_events.tsv,other,790,84bc06c86b15b000189ba10b62b24db5dcfeb671775a33f835bd1477316f64e5,2026-07-02T12:41:04.610504+00:00,present
data/raw/openneuro/ds004447/sub-012/ses-19/eeg/sub-012_ses-19_task-smrbmi_channels.tsv,other,3157,e3e80484cf5adeb0aa19e66e16c30f4235bb67571f929fd24d325ae98e93b033,2026-07-02T12:41:04.610504+00:00,present
data/raw/openneuro/ds004447/sub-012/ses-19/eeg/sub-012_ses-19_task-smrbmi_eeg.edf,other,41373536,8983bebe29cc08a2e488562a875cf1c240bd088bbf9b7bfad753f75142dc340c,2026-07-02T12:41:04.610504+00:00,present
data/raw/openneuro/ds004447/sub-012/ses-19/eeg/sub-012_ses-19_task-smrbmi_eeg.json,other,463,d4eb8f0a2832bfe18e9b65df43c7960a589a4ace1bb0d28b96ebac7b2ce2ade0,2026-07-02T12:41:04.610504+00:00,present
data/raw/openneuro/ds004447/sub-012/ses-19/eeg/sub-012_ses-19_task-smrbmi_electrodes.tsv,other,6168,44aff16a7750dfabafa1c7edc0305a87967d315cb43e1876c0f1f2223e6102aa,2026-07-02T12:41:04.610504+00:00,present
data/raw/openneuro/ds004447/sub-012/ses-19/eeg/sub-012_ses-19_task-smrbmi_events.tsv,other,785,09a16d1cb34379b6a5d58873e1db4a5a7f691681845f864f1f58a4b41e11239e,2026-07-02T12:41:04.610504+00:00,present
data/raw/openneuro/ds004447/sub-013/ses-01/eeg/sub-013_ses-01_task-smrbmi_channels.tsv,other,3157,e3e80484cf5adeb0aa19e66e16c30f4235bb67571f929fd24d325ae98e93b033,2026-07-02T12:41:04.610504+00:00,present
data/raw/openneuro/ds004447/sub-013/ses-01/eeg/sub-013_ses-01_task-smrbmi_eeg.edf,other,44493536,8802ced9e03eda5aad5a40a422e08dc961bbcb700ccda0ccf358e5b60905cada,2026-07-02T12:41:04.610504+00:00,present
data/raw/openneuro/ds004447/sub-013/ses-01/eeg/sub-013_ses-01_task-smrbmi_eeg.json,other,462,bb037cc2f51e5917c55b5896f4566c192dc04d31693bca48ab3540287a0bf149,2026-07-02T12:41:04.610504+00:00,present
data/raw/openneuro/ds004447/sub-013/ses-01/eeg/sub-013_ses-01_task-smrbmi_electrodes.tsv,other,6167,7b75023cf7a238b729b87bba23bd5c7ba8403fd8287b808c297c3abf70c78b94,2026-07-02T12:41:04.610504+00:00,present
data/raw/openneuro/ds004447/sub-013/ses-01/eeg/sub-013_ses-01_task-smrbmi_events.tsv,other,790,5df40fd68404551ded2741da8d8c7eefad8c6b053472edc1bce8c05d071f0726,2026-07-02T12:41:04.610504+00:00,present
data/raw/openneuro/ds004447/sub-013/ses-20/eeg/sub-013_ses-20_task-smrbmi_channels.tsv,other,3157,e3e80484cf5adeb0aa19e66e16c30f4235bb67571f929fd24d325ae98e93b033,2026-07-02T12:41:04.610504+00:00,present
data/raw/openneuro/ds004447/sub-013/ses-20/eeg/sub-013_ses-20_task-smrbmi_eeg.edf,other,42673536,e7bec827f09ea9f3282f343a5244820e8394e5d472f6cb6eca4371349f3dae99,2026-07-02T12:41:04.610504+00:00,present
data/raw/openneuro/ds004447/sub-013/ses-20/eeg/sub-013_ses-20_task-smrbmi_eeg.json,other,463,e122ba2d2256a12943962b3c44c638a0c89fa57946da5c00d23eec9aaa5a4782,2026-07-02T12:41:04.610504+00:00,present
data/raw/openneuro/ds004447/sub-013/ses-20/eeg/sub-013_ses-20_task-smrbmi_electrodes.tsv,other,6153,9dc507798145be97bee0ff363e521fe3b0e276762c3aba1e9deeeeb4bcb59fa3,2026-07-02T12:41:04.610504+00:00,present
data/raw/openneuro/ds004447/sub-013/ses-20/eeg/sub-013_ses-20_task-smrbmi_events.tsv,other,788,4eacc75ca5f7e9fcefcdb0abbac7186cf5734d2062141b8f1d1e75f4c5e33bc5,2026-07-02T12:41:04.610504+00:00,present
data/raw/openneuro/ds004447/sub-014/ses-01/eeg/sub-014_ses-01_task-smrbmi_channels.tsv,other,3157,e3e80484cf5adeb0aa19e66e16c30f4235bb67571f929fd24d325ae98e93b033,2026-07-02T12:41:04.610504+00:00,present
data/raw/openneuro/ds004447/sub-014/ses-01/eeg/sub-014_ses-01_task-smrbmi_eeg.edf,other,43973536,3b1ac7115525568ac8e870831239781e0e3d2bff3a16dc34186c7a2ab9fccb27,2026-07-02T12:41:04.610504+00:00,present
data/raw/openneuro/ds004447/sub-014/ses-01/eeg/sub-014_ses-01_task-smrbmi_eeg.json,other,463,bf7530ed1e7b0fe11176f14c44709563f253b66fac297fa5857a37359930dddb,2026-07-02T12:41:04.610504+00:00,present
data/raw/openneuro/ds004447/sub-014/ses-01/eeg/sub-014_ses-01_task-smrbmi_electrodes.tsv,other,6169,5a76eb84216cf91a84763939a97516516812e4646dddee81d520e169028c90a8,2026-07-02T12:41:04.610504+00:00,present
data/raw/openneuro/ds004447/sub-014/ses-01/eeg/sub-014_ses-01_task-smrbmi_events.tsv,other,790,be0f06eba08a403d5b9e22f8b7d4d547848a317f731e1316dcff2b7ac3050cd3,2026-07-02T12:41:04.610504+00:00,present
data/raw/openneuro/ds004447/sub-014/ses-19/eeg/sub-014_ses-19_task-smrbmi_channels.tsv,other,3157,e3e80484cf5adeb0aa19e66e16c30f4235bb67571f929fd24d325ae98e93b033,2026-07-02T12:41:04.610504+00:00,present
data/raw/openneuro/ds004447/sub-014/ses-19/eeg/sub-014_ses-19_task-smrbmi_eeg.edf,other,43453536,63428a0aceccae75cbab45be39d085ac1171ffb218210378eeaeb694a5a06572,2026-07-02T12:41:04.610504+00:00,present
data/raw/openneuro/ds004447/sub-014/ses-19/eeg/sub-014_ses-19_task-smrbmi_eeg.json,other,463,29d1b84fbbfeca1a5069533f744e96e7d97f3aa1d39d45b540f06c7113bae0b4,2026-07-02T12:41:04.610504+00:00,present
data/raw/openneuro/ds004447/sub-014/ses-19/eeg/sub-014_ses-19_task-smrbmi_electrodes.tsv,other,6165,3ddfba4778b314a9448c54bb574c301cea75a25bbf1692495c7b813f3a49eaf1,2026-07-02T12:41:04.610504+00:00,present
data/raw/openneuro/ds004447/sub-014/ses-19/eeg/sub-014_ses-19_task-smrbmi_events.tsv,other,790,8c58020f6ff167ca51c9aa0b522f1424b48465432000e92fdd77d9458aae17fd,2026-07-02T12:41:04.610504+00:00,present
data/raw/openneuro/ds004447/sub-015/ses-01/eeg/sub-015_ses-01_task-smrbmi_channels.tsv,other,3157,e3e80484cf5adeb0aa19e66e16c30f4235bb67571f929fd24d325ae98e93b033,2026-07-02T12:41:04.610504+00:00,present
data/raw/openneuro/ds004447/sub-015/ses-01/eeg/sub-015_ses-01_task-smrbmi_eeg.edf,other,42933536,5b1b7cc463835e24d6e0669614297c6c2fcb5e4db18b9f2160d106c3edc982d0,2026-07-02T12:41:04.610504+00:00,present
data/raw/openneuro/ds004447/sub-015/ses-01/eeg/sub-015_ses-01_task-smrbmi_eeg.json,other,463,26b858ee4a1c2f2acaa9521968f58b8b13b09a809def2eef04587e5d7a8793b5,2026-07-02T12:41:04.610504+00:00,present
data/raw/openneuro/ds004447/sub-015/ses-01/eeg/sub-015_ses-01_task-smrbmi_electrodes.tsv,other,6162,051379e17aea07200958cf75372242e110123f14aa2017e0e499b075a37b03d7,2026-07-02T12:41:04.610504+00:00,present
data/raw/openneuro/ds004447/sub-015/ses-01/eeg/sub-015_ses-01_task-smrbmi_events.tsv,other,788,95f1b9a8a623a426bd89f0635fa357a8255c0785340eb7f2d6e9fa537bac6741,2026-07-02T12:41:04.610504+00:00,present
data/raw/openneuro/ds004447/sub-015/ses-19/eeg/sub-015_ses-19_task-smrbmi_channels.tsv,other,3157,e3e80484cf5adeb0aa19e66e16c30f4235bb67571f929fd24d325ae98e93b033,2026-07-02T12:41:04.610504+00:00,present
data/raw/openneuro/ds004447/sub-015/ses-19/eeg/sub-015_ses-19_task-smrbmi_eeg.edf,other,42673536,528d7cf7e60285d31d6fed02d562953ce9bcc6e1c7e30fd4c0aa1490e1442998,2026-07-02T12:41:04.610504+00:00,present
data/raw/openneuro/ds004447/sub-015/ses-19/eeg/sub-015_ses-19_task-smrbmi_eeg.json,other,463,a76fbddacb6592eb3aac2ab0dc42850740b90cdd99d9febf5e5b677a93d0195a,2026-07-02T12:41:04.610504+00:00,present
data/raw/openneuro/ds004447/sub-015/ses-19/eeg/sub-015_ses-19_task-smrbmi_electrodes.tsv,other,6156,8ec3418bf4e8eeaf8d14aa438aafade14671bec04d1cd09dbceb8d597c9feaef,2026-07-02T12:41:04.610504+00:00,present
data/raw/openneuro/ds004447/sub-015/ses-19/eeg/sub-015_ses-19_task-smrbmi_events.tsv,other,788,7d1c06a9550ae360102e1e42e62e960b0cbb775e0c1bf36299ed73e56223091c,2026-07-02T12:41:04.610504+00:00,present
data/raw/openneuro/ds004447/sub-016/ses-01/eeg/sub-016_ses-01_task-smrbmi_channels.tsv,other,3157,e3e80484cf5adeb0aa19e66e16c30f4235bb67571f929fd24d325ae98e93b033,2026-07-02T12:41:04.610504+00:00,present
data/raw/openneuro/ds004447/sub-016/ses-01/eeg/sub-016_ses-01_task-smrbmi_eeg.edf,other,43713536,407f07443b420eee1a146bf30e8fa17e4ace58bde5e49396873a09ed79069bb8,2026-07-02T12:41:04.610504+00:00,present
data/raw/openneuro/ds004447/sub-016/ses-01/eeg/sub-016_ses-01_task-smrbmi_eeg.json,other,463,9d98398d222bcf6985a059fc99189b9f7358149977a07bab9ed78a7fea4cdcf9,2026-07-02T12:41:04.610504+00:00,present
data/raw/openneuro/ds004447/sub-016/ses-01/eeg/sub-016_ses-01_task-smrbmi_electrodes.tsv,other,6152,08576c0da3279194299a7ebfc268401d009646a2a2ce6cf158d67c954cbcbe26,2026-07-02T12:41:04.610504+00:00,present
data/raw/openneuro/ds004447/sub-016/ses-01/eeg/sub-016_ses-01_task-smrbmi_events.tsv,other,790,b372d2d0a257a529b9233ac9c9f8754bbec7218cc88fda1823911d4cee5f7c4a,2026-07-02T12:41:04.610504+00:00,present
data/raw/openneuro/ds004447/sub-016/ses-18/eeg/sub-016_ses-18_task-smrbmi_channels.tsv,other,3157,e3e80484cf5adeb0aa19e66e16c30f4235bb67571f929fd24d325ae98e93b033,2026-07-02T12:41:04.610504+00:00,present
data/raw/openneuro/ds004447/sub-016/ses-18/eeg/sub-016_ses-18_task-smrbmi_eeg.edf,other,43973536,205b6f086111c0972e4fb5a8bf6f47ff9609c0d7ccb32a34b42e144791b42838,2026-07-02T12:41:04.610504+00:00,present
data/raw/openneuro/ds004447/sub-016/ses-18/eeg/sub-016_ses-18_task-smrbmi_eeg.json,other,463,4aa76934b1aeabb10790fcce1d3c7f419c5001ff87413942b1bf46dd33142c9c,2026-07-02T12:41:04.610504+00:00,present
data/raw/openneuro/ds004447/sub-016/ses-18/eeg/sub-016_ses-18_task-smrbmi_electrodes.tsv,other,6140,4d7060b5122b5a008ffb88dc5fc38f9bf6aebef0c4fef7877cd6874227d566c1,2026-07-02T12:41:04.610504+00:00,present
data/raw/openneuro/ds004447/sub-016/ses-18/eeg/sub-016_ses-18_task-smrbmi_events.tsv,other,790,531e8f2a4ffbdb134244b8a50eee393e82a0b2e6172941c17f12f50592ec9f0e,2026-07-02T12:41:04.610504+00:00,present
data/raw/openneuro/ds004447/sub-017/ses-01/eeg/sub-017_ses-01_task-smrbmi_channels.tsv,other,3157,e3e80484cf5adeb0aa19e66e16c30f4235bb67571f929fd24d325ae98e93b033,2026-07-02T12:41:04.610504+00:00,present
data/raw/openneuro/ds004447/sub-017/ses-01/eeg/sub-017_ses-01_task-smrbmi_eeg.edf,other,44493536,32287e966badd053ba6754d19e63f8fb55afc633ffdb2f1ea189f56a5108996d,2026-07-02T12:41:04.610504+00:00,present
data/raw/openneuro/ds004447/sub-017/ses-01/eeg/sub-017_ses-01_task-smrbmi_eeg.json,other,463,80b43c4d9943ef92950dcd3d5f5d5165e542e8d098c4b2f130605824dad6c377,2026-07-02T12:41:04.610504+00:00,present
data/raw/openneuro/ds004447/sub-017/ses-01/eeg/sub-017_ses-01_task-smrbmi_electrodes.tsv,other,6170,1b91d99f023c4f60dc6dce21ab4c96eb08fc8c850470a26fc0a8b4e7dae65e10,2026-07-02T12:41:04.610504+00:00,present
data/raw/openneuro/ds004447/sub-017/ses-01/eeg/sub-017_ses-01_task-smrbmi_events.tsv,other,790,476b9486e6d9b659748975253beb838db6a1822a09a1c6d85e42368c57d3f8d7,2026-07-02T12:41:04.610504+00:00,present
data/raw/openneuro/ds004447/sub-017/ses-19/eeg/sub-017_ses-19_task-smrbmi_channels.tsv,other,3157,e3e80484cf5adeb0aa19e66e16c30f4235bb67571f929fd24d325ae98e93b033,2026-07-02T12:41:04.610504+00:00,present
data/raw/openneuro/ds004447/sub-017/ses-19/eeg/sub-017_ses-19_task-smrbmi_eeg.edf,other,42933536,34cef38983aa02d9c8e883d6a3920a6fdff2581fc2d54816ea26282c4d04d397,2026-07-02T12:41:04.610504+00:00,present
data/raw/openneuro/ds004447/sub-017/ses-19/eeg/sub-017_ses-19_task-smrbmi_eeg.json,other,463,1b3abdef73680893e83ef1bfddee83e2e70c7d4d31a4c1d5ade8a82a4f49f98d,2026-07-02T12:41:04.610504+00:00,present
data/raw/openneuro/ds004447/sub-017/ses-19/eeg/sub-017_ses-19_task-smrbmi_electrodes.tsv,other,6161,3224d4bc3d30316986ec15c780335586ae7c538c51280d287f53c1b470acb25f,2026-07-02T12:41:04.610504+00:00,present
data/raw/openneuro/ds004447/sub-017/ses-19/eeg/sub-017_ses-19_task-smrbmi_events.tsv,other,787,6994229a5ffa3256d149266a8a3d6f49c950bfcbfe494ea4a649a6963421e31a,2026-07-02T12:41:04.610504+00:00,present
data/raw/openneuro/ds004447/sub-018/ses-01/eeg/sub-018_ses-01_task-smrbmi_channels.tsv,other,3157,e3e80484cf5adeb0aa19e66e16c30f4235bb67571f929fd24d325ae98e93b033,2026-07-02T12:41:04.610504+00:00,present
data/raw/openneuro/ds004447/sub-018/ses-01/eeg/sub-018_ses-01_task-smrbmi_eeg.edf,other,42413536,776fd603a82ebcb7de21594a5934e27d8ea2e3d1af376fac4ed9c6468d717fdd,2026-07-02T12:41:04.610504+00:00,present
data/raw/openneuro/ds004447/sub-018/ses-01/eeg/sub-018_ses-01_task-smrbmi_eeg.json,other,462,6b461db264aa17fd8d080765871b6e1a72a8e01a734371880573f174bf7b4aca,2026-07-02T12:41:04.610504+00:00,present
data/raw/openneuro/ds004447/sub-018/ses-01/eeg/sub-018_ses-01_task-smrbmi_electrodes.tsv,other,6167,c0d65bf906443a539424a2a73dd81143f148d46768939b199ebf3e2ec7ade77c,2026-07-02T12:41:04.610504+00:00,present
data/raw/openneuro/ds004447/sub-018/ses-01/eeg/sub-018_ses-01_task-smrbmi_events.tsv,other,787,b61455c077d252c23cd8cadb81b894354a32e1bdc0cc8c0cec42eccce80065eb,2026-07-02T12:41:04.610504+00:00,present
data/raw/openneuro/ds004447/sub-018/ses-19/eeg/sub-018_ses-19_task-smrbmi_channels.tsv,other,3157,e3e80484cf5adeb0aa19e66e16c30f4235bb67571f929fd24d325ae98e93b033,2026-07-02T12:41:04.610504+00:00,present
data/raw/openneuro/ds004447/sub-018/ses-19/eeg/sub-018_ses-19_task-smrbmi_eeg.edf,other,52293536,9dfa6ef5ef97d4f41da4893bfe7169877377a87474171689f09550e2c7c14845,2026-07-02T12:41:04.610504+00:00,present
data/raw/openneuro/ds004447/sub-018/ses-19/eeg/sub-018_ses-19_task-smrbmi_eeg.json,other,463,ef3ffa79dabfd4b278dac5d2449862b2356a987aa9765c06926f63313055e3f7,2026-07-02T12:41:04.610504+00:00,present
data/raw/openneuro/ds004447/sub-018/ses-19/eeg/sub-018_ses-19_task-smrbmi_electrodes.tsv,other,6167,f367b2926e204071970f19d222940f41eb65c2d01203f85f7f1301de319a26ba,2026-07-02T12:41:04.610504+00:00,present
data/raw/openneuro/ds004447/sub-018/ses-19/eeg/sub-018_ses-19_task-smrbmi_events.tsv,other,798,7a8cc445e64e211736023c813379d1ca6ed2798cd08b6d92f4b6ef1cb4601226,2026-07-02T12:41:04.610504+00:00,present
data/raw/openneuro/ds004447/sub-019/ses-01/eeg/sub-019_ses-01_task-smrbmi_channels.tsv,other,3157,e3e80484cf5adeb0aa19e66e16c30f4235bb67571f929fd24d325ae98e93b033,2026-07-02T12:41:04.610504+00:00,present
data/raw/openneuro/ds004447/sub-019/ses-01/eeg/sub-019_ses-01_task-smrbmi_eeg.edf,other,50213536,274d307791ff8136afe3815e1611357c6022b3252d7a34b600810c024fc3d228,2026-07-02T12:41:04.610504+00:00,present
data/raw/openneuro/ds004447/sub-019/ses-01/eeg/sub-019_ses-01_task-smrbmi_eeg.json,other,463,6ba5431f9ba43581fad97a811b9c73f05dcb4fd2007b84d54c99f02227c4b126,2026-07-02T12:41:04.610504+00:00,present
data/raw/openneuro/ds004447/sub-019/ses-01/eeg/sub-019_ses-01_task-smrbmi_electrodes.tsv,other,6170,cd4836a25fdd7eedec856db727d603d3b5eb51e4aa2d22e63b052947e276d4ac,2026-07-02T12:41:04.610504+00:00,present
data/raw/openneuro/ds004447/sub-019/ses-01/eeg/sub-019_ses-01_task-smrbmi_events.tsv,other,796,089754b43202b15bbf137dad3b1c67c7f2a8f4df706ebd8b2770e895e94d67f4,2026-07-02T12:41:04.610504+00:00,present
data/raw/openneuro/ds004447/sub-019/ses-19/eeg/sub-019_ses-19_task-smrbmi_channels.tsv,other,3157,e3e80484cf5adeb0aa19e66e16c30f4235bb67571f929fd24d325ae98e93b033,2026-07-02T12:41:04.610504+00:00,present
data/raw/openneuro/ds004447/sub-019/ses-19/eeg/sub-019_ses-19_task-smrbmi_eeg.edf,other,43713536,b9ad45cc57b59f71f2b5d7252ffe4767043383af5221c143ef28a9d27ea480f1,2026-07-02T12:41:04.610504+00:00,present
data/raw/openneuro/ds004447/sub-019/ses-19/eeg/sub-019_ses-19_task-smrbmi_eeg.json,other,463,01710a2c0a224c3f5ef11f6c1eda4073db99f41c022ea3aeae52aa8494c5d32e,2026-07-02T12:41:04.610504+00:00,present
data/raw/openneuro/ds004447/sub-019/ses-19/eeg/sub-019_ses-19_task-smrbmi_electrodes.tsv,other,6152,09c00eb99c6274dcef89b28716075b8b69aae7198ae08a480a680ed068cec1ff,2026-07-02T12:41:04.610504+00:00,present
data/raw/openneuro/ds004447/sub-019/ses-19/eeg/sub-019_ses-19_task-smrbmi_events.tsv,other,790,26b28aa5dcfd3546334d0e38b887b1e3fb3ca0c5c15b202784bcb6b655e9a47f,2026-07-02T12:41:04.610504+00:00,present
data/raw/openneuro/ds004447/sub-020/ses-01/eeg/sub-020_ses-01_task-smrbmi_channels.tsv,other,3157,e3e80484cf5adeb0aa19e66e16c30f4235bb67571f929fd24d325ae98e93b033,2026-07-02T12:41:04.610504+00:00,present
data/raw/openneuro/ds004447/sub-020/ses-01/eeg/sub-020_ses-01_task-smrbmi_eeg.edf,other,49953536,135c72e05adf73af4337d87d8a8c9022be4f44d2614a6904a4c6cbaf3338f2f6,2026-07-02T12:41:04.610504+00:00,present
data/raw/openneuro/ds004447/sub-020/ses-01/eeg/sub-020_ses-01_task-smrbmi_eeg.json,other,463,d31aff8d4a44618227dcda1bef5991f82307b08ddd4228a3dcff485401cac31d,2026-07-02T12:41:04.610504+00:00,present
data/raw/openneuro/ds004447/sub-020/ses-01/eeg/sub-020_ses-01_task-smrbmi_electrodes.tsv,other,6166,4250db899b36f9b80b2079abdf3553f4db1dcffc6240c95bb3ed7cf4066ef004,2026-07-02T12:41:04.610504+00:00,present
data/raw/openneuro/ds004447/sub-020/ses-01/eeg/sub-020_ses-01_task-smrbmi_events.tsv,other,796,bff849ef3182ea1b8697e458d764610bfde138d529aaea86cbb34a60b31e84d3,2026-07-02T12:41:04.610504+00:00,present
data/raw/openneuro/ds004447/sub-020/ses-19/eeg/sub-020_ses-19_task-smrbmi_channels.tsv,other,3157,e3e80484cf5adeb0aa19e66e16c30f4235bb67571f929fd24d325ae98e93b033,2026-07-02T12:41:04.610504+00:00,present
data/raw/openneuro/ds004447/sub-020/ses-19/eeg/sub-020_ses-19_task-smrbmi_eeg.edf,other,43453536,c6a136503c79d14eff23e133dcf4f79f21e20dcb469f31191a6b9d24838d87ea,2026-07-02T12:41:04.610504+00:00,present
data/raw/openneuro/ds004447/sub-020/ses-19/eeg/sub-020_ses-19_task-smrbmi_eeg.json,other,463,e4da80540506afb8f165cbc6cc1b1bcbbb57f1b73407771e37c65f71c71d2da3,2026-07-02T12:41:04.610504+00:00,present
data/raw/openneuro/ds004447/sub-020/ses-19/eeg/sub-020_ses-19_task-smrbmi_electrodes.tsv,other,6168,929155872095b4d2443883f797fe4620a418ec8c139f43701b7031912b0f3f32,2026-07-02T12:41:04.610504+00:00,present
data/raw/openneuro/ds004447/sub-020/ses-19/eeg/sub-020_ses-19_task-smrbmi_events.tsv,other,789,bae36f15ca19579a056d2d3a14bca0f8f28268a7768d114bc49ab20049236ee0,2026-07-02T12:41:04.610504+00:00,present
data/raw/openneuro/ds004447/sub-021/ses-01/eeg/sub-021_ses-01_task-smrbmi_channels.tsv,other,3157,e3e80484cf5adeb0aa19e66e16c30f4235bb67571f929fd24d325ae98e93b033,2026-07-02T12:41:04.610504+00:00,present
data/raw/openneuro/ds004447/sub-021/ses-01/eeg/sub-021_ses-01_task-smrbmi_eeg.edf,other,43973536,a8573041307e431182127c7d64aa89dc480eb50d490619a8863b56191d8b8a61,2026-07-02T12:41:04.610504+00:00,present
data/raw/openneuro/ds004447/sub-021/ses-01/eeg/sub-021_ses-01_task-smrbmi_eeg.json,other,463,d7e1a11851731babfe536db8907e90ee9ac7a5148fb685ca319046686bc561b6,2026-07-02T12:41:04.610504+00:00,present
data/raw/openneuro/ds004447/sub-021/ses-01/eeg/sub-021_ses-01_task-smrbmi_electrodes.tsv,other,6168,7f81ac91e6001f6e04bbb9b18180ca72bf39fee37b603790c384f07385092954,2026-07-02T12:41:04.610504+00:00,present
data/raw/openneuro/ds004447/sub-021/ses-01/eeg/sub-021_ses-01_task-smrbmi_events.tsv,other,790,6a0d25179bacbcf84cb1e7e0b56664cb830ce49e74112a58c463f0334acc79b4,2026-07-02T12:41:04.610504+00:00,present
data/raw/openneuro/ds004447/sub-021/ses-19/eeg/sub-021_ses-19_task-smrbmi_channels.tsv,other,3157,e3e80484cf5adeb0aa19e66e16c30f4235bb67571f929fd24d325ae98e93b033,2026-07-02T12:41:04.610504+00:00,present
data/raw/openneuro/ds004447/sub-021/ses-19/eeg/sub-021_ses-19_task-smrbmi_eeg.edf,other,44493536,8a1cb0c8fc997bd9732ffaf5c2b119ae65847807519f96c43265d39fa023b702,2026-07-02T12:41:04.610504+00:00,present
data/raw/openneuro/ds004447/sub-021/ses-19/eeg/sub-021_ses-19_task-smrbmi_eeg.json,other,463,3ba8b2569c22aeee3b25da185e2bc50a0b0f971be69ba3bf07c8b1612fb4128d,2026-07-02T12:41:04.610504+00:00,present
data/raw/openneuro/ds004447/sub-021/ses-19/eeg/sub-021_ses-19_task-smrbmi_electrodes.tsv,other,6157,eff1bd44f8bf3cad80dad9d41639ab5aa52593eba54c2b077917921a2c6f2cef,2026-07-02T12:41:04.610504+00:00,present
data/raw/openneuro/ds004447/sub-021/ses-19/eeg/sub-021_ses-19_task-smrbmi_events.tsv,other,790,f727507c0537b1bda57aff9176e5cb0e9a96de0ec5063e9914d19274308e348d,2026-07-02T12:41:04.610504+00:00,present
data/raw/openneuro/ds004447/sub-022/ses-01/eeg/sub-022_ses-01_task-smrbmi_channels.tsv,other,3157,e3e80484cf5adeb0aa19e66e16c30f4235bb67571f929fd24d325ae98e93b033,2026-07-02T12:41:04.610504+00:00,present
data/raw/openneuro/ds004447/sub-022/ses-01/eeg/sub-022_ses-01_task-smrbmi_eeg.edf,other,42413536,74a90932bfd03ae556f8734a144bb7d99ce440ed91dd98144b1b55f9fab32715,2026-07-02T12:41:04.610504+00:00,present
data/raw/openneuro/ds004447/sub-022/ses-01/eeg/sub-022_ses-01_task-smrbmi_eeg.json,other,463,eb82a06ef35e1970201de3a3951ebd86c3759505881696879d3b6a7ee406098a,2026-07-02T12:41:04.610504+00:00,present
data/raw/openneuro/ds004447/sub-022/ses-01/eeg/sub-022_ses-01_task-smrbmi_electrodes.tsv,other,6164,c41a3bbd6a175d64044aafe0596d39bd9d55b4fe27141a89748b465915d3c9b5,2026-07-02T12:41:04.610504+00:00,present
data/raw/openneuro/ds004447/sub-022/ses-01/eeg/sub-022_ses-01_task-smrbmi_events.tsv,other,787,c1e5c199c3c1596d827050dbf112f02eb63c9431937af3e40911aeaf91edebbd,2026-07-02T12:41:04.610504+00:00,present
data/raw/openneuro/ds004447/sub-022/ses-19/eeg/sub-022_ses-19_task-smrbmi_channels.tsv,other,3157,e3e80484cf5adeb0aa19e66e16c30f4235bb67571f929fd24d325ae98e93b033,2026-07-02T12:41:04.610504+00:00,present
data/raw/openneuro/ds004447/sub-022/ses-19/eeg/sub-022_ses-19_task-smrbmi_eeg.edf,other,43713536,9adf3a7fd3cfdddb253784cb0732769c2a625473bfec8d928aefce1ba831aea9,2026-07-02T12:41:04.610504+00:00,present
data/raw/openneuro/ds004447/sub-022/ses-19/eeg/sub-022_ses-19_task-smrbmi_eeg.json,other,463,41f9b6ecfedd3a683fd5576fa821f61ea19766c398bfc7083ef697bc0e12ffe3,2026-07-02T12:41:04.610504+00:00,present
data/raw/openneuro/ds004447/sub-022/ses-19/eeg/sub-022_ses-19_task-smrbmi_electrodes.tsv,other,6169,7ec5f671be93ed7339e3c493ac590d12ca7892c24efad248064cc23cdc737853,2026-07-02T12:41:04.610504+00:00,present
data/raw/openneuro/ds004447/sub-022/ses-19/eeg/sub-022_ses-19_task-smrbmi_events.tsv,other,790,711d9cef5260a4d8352099f8daca4824b28617a427d86a4cacabe13b095f6109,2026-07-02T12:41:04.610504+00:00,present
data/raw/openneuro/ds004447/task-smrbmi_eeg.json,other,854,d81c01957382c24e795eb356c03deb890e4db086d0f9b8d218ae829557c55ea4,2026-07-02T12:41:04.610504+00:00,present
data/raw/openneuro/ds004447/task-smrbmi_events.json,other,563,5c14509e0771c7f9c649ec1760c4efae87198baf7eb96774f91a9bee61263909,2026-07-02T12:41:04.610504+00:00,present
analysis_manifest.csv,manifest,,self-referential,2026-07-02T12:41:04.610504+00:00,present
