participant,dataset,subset_id,criteria,cardinality,n_rows,median_observed_jaccard,obs_ci_low,obs_ci_high,median_predicted_jaccard,pred_ci_low,pred_ci_high,median_residual,median_abs_error
sub-001,ds004444,Q1,Q1_high_beta,1.0,2,0.7428960948238952,,,0.7428960948238952,,,5.551115123125783e-17,5.551115123125783e-17
sub-001,ds004444,Q12,Q1_high_beta+Q2_broadband,2.0,2,0.5768668831168831,,,0.5505335346388144,,,0.02633334847806873,0.02633334847806873
sub-001,ds004444,Q123,Q1_high_beta+Q2_broadband+Q3_high_freq_35_45,3.0,2,0.5230769230769231,,,0.4378503479766239,,,0.08522657510029918,0.08522657510029918
sub-001,ds004444,Q1234,Q1_high_beta+Q2_broadband+Q3_high_freq_35_45+Q4_transient,4.0,2,0.5235384615384615,,,0.433317287663908,,,0.09022117387455356,0.09022117387455356
sub-001,ds004444,Q12345,Q1_high_beta+Q2_broadband+Q3_high_freq_35_45+Q4_transient+Q5_channel_inconsistency,5.0,2,0.43552174800898513,,,0.32144686334682865,,,0.11407488466215646,0.11407488466215646
sub-001,ds004444,Q1235,Q1_high_beta+Q2_broadband+Q3_high_freq_35_45+Q5_channel_inconsistency,4.0,2,0.43772651581937505,,,0.3247929330944759,,,0.11293358272489917,0.11293358272489917
sub-001,ds004444,Q124,Q1_high_beta+Q2_broadband+Q4_transient,3.0,2,0.5732492997198879,,,0.5445126638006507,,,0.028736635919237308,0.028736635919237308
sub-001,ds004444,Q1245,Q1_high_beta+Q2_broadband+Q4_transient+Q5_channel_inconsistency,4.0,2,0.4619196839129398,,,0.39930003972193495,,,0.06261964419100491,0.06261964419100491
sub-001,ds004444,Q125,Q1_high_beta+Q2_broadband+Q5_channel_inconsistency,3.0,2,0.468422952002887,,,0.40358445762703277,,,0.06483849437585426,0.06483849437585426
sub-001,ds004444,Q13,Q1_high_beta+Q3_high_freq_35_45,2.0,2,0.6276980239824355,,,0.5764807817768038,,,0.05121724220563162,0.05121724220563162
sub-001,ds004444,Q134,Q1_high_beta+Q3_high_freq_35_45+Q4_transient,3.0,2,0.6270157068062827,,,0.5706938988360599,,,0.05632180797022279,0.05632180797022279
sub-001,ds004444,Q1345,Q1_high_beta+Q3_high_freq_35_45+Q4_transient+Q5_channel_inconsistency,4.0,2,0.5063564708873634,,,0.4241966591825544,,,0.08215981170480893,0.08215981170480893
sub-001,ds004444,Q135,Q1_high_beta+Q3_high_freq_35_45+Q5_channel_inconsistency,3.0,2,0.5072179282705598,,,0.42847699320683136,,,0.07874093506372845,0.07874093506372845
sub-001,ds004444,Q14,Q1_high_beta+Q4_transient,2.0,2,0.7393147421524664,,,0.7348627479700445,,,0.0044519941824218145,0.007404161596472614
sub-001,ds004444,Q145,Q1_high_beta+Q4_transient+Q5_channel_inconsistency,3.0,2,0.5673324742268041,,,0.5375572609953612,,,0.029775213231443,0.029775213231443
sub-001,ds004444,Q15,Q1_high_beta+Q5_channel_inconsistency,2.0,2,0.5700805588417553,,,0.5432271465512748,,,0.026853412290480605,0.026853412290480605
sub-001,ds004444,Q2,Q2_broadband,1.0,2,0.74,,,0.74,,,-5.551115123125783e-17,5.551115123125783e-17
sub-001,ds004444,Q23,Q2_broadband+Q3_high_freq_35_45,2.0,2,0.6291946308724832,,,0.574829268292683,,,0.054365362579800264,0.054365362579800264
sub-001,ds004444,Q234,Q2_broadband+Q3_high_freq_35_45+Q4_transient,3.0,2,0.6215277777777778,,,0.5690503238252722,,,0.05247745395250558,0.05247745395250558
sub-001,ds004444,Q2345,Q2_broadband+Q3_high_freq_35_45+Q4_transient+Q5_channel_inconsistency,4.0,2,0.506765983860956,,,0.422709945500947,,,0.08405603836000891,0.08405603836000891
sub-001,ds004444,Q235,Q2_broadband+Q3_high_freq_35_45+Q5_channel_inconsistency,3.0,2,0.5107342378292099,,,0.4269830576921694,,,0.08375118013704055,0.08375118013704055
sub-001,ds004444,Q24,Q2_broadband+Q4_transient,2.0,2,0.729485903814262,,,0.7319571150097466,,,-0.002471211195484546,0.00387861860289207
sub-001,ds004444,Q245,Q2_broadband+Q4_transient+Q5_channel_inconsistency,3.0,2,0.5745311902028319,,,0.5347077412787123,,,0.0398234489241196,0.0398234489241196
sub-001,ds004444,Q25,Q2_broadband+Q5_channel_inconsistency,2.0,2,0.5837699798877951,,,0.540373722521694,,,0.04339625736610109,0.04339625736610109
sub-001,ds004444,Q3,Q3_high_freq_35_45,1.0,2,0.7556671449067431,,,0.7556671449067432,,,-1.1102230246251565e-16,1.1102230246251565e-16
sub-001,ds004444,Q34,Q3_high_freq_35_45+Q4_transient,2.0,2,0.7520779397738111,,,0.74832906015251,,,0.00374887962130116,0.00374887962130116
sub-001,ds004444,Q345,Q3_high_freq_35_45+Q4_transient+Q5_channel_inconsistency,3.0,2,0.6024892646269457,,,0.5568371985966853,,,0.04565206603026045,0.04565206603026045
sub-001,ds004444,Q35,Q3_high_freq_35_45+Q5_channel_inconsistency,2.0,2,0.6051321270502473,,,0.5622715060200483,,,0.042860621030199,0.042860621030199
sub-001,ds004444,Q4,Q4_transient,1.0,2,0.9892543859649123,,,0.9892543859649123,,,-5.551115123125783e-17,5.551115123125783e-17
sub-001,ds004444,Q45,Q4_transient+Q5_channel_inconsistency,2.0,2,0.7220962978226526,,,0.7198587368944316,,,0.0022375609282211384,0.0022375609282211384
sub-001,ds004444,Q5,Q5_channel_inconsistency,1.0,2,0.7273441998494043,,,0.7273441998494043,,,-5.551115123125783e-17,5.551115123125783e-17
sub-001,ds004447,Q1,Q1_high_beta,1.0,2,0.8754940711462451,,,0.8754940711462451,,,0.0,0.0
sub-001,ds004447,Q12,Q1_high_beta+Q2_broadband,2.0,2,0.8903186274509804,,,0.860733384262796,,,0.029585243188184396,0.03518748408454303
sub-001,ds004447,Q123,Q1_high_beta+Q2_broadband+Q3_high_freq_35_45,3.0,2,0.7330590201877331,,,0.6854087863204272,,,0.04765023386730577,0.04765023386730577
sub-001,ds004447,Q1234,Q1_high_beta+Q2_broadband+Q3_high_freq_35_45+Q4_transient,4.0,2,0.7330590201877331,,,0.6825629365180557,,,0.05049608366967734,0.05049608366967734
sub-001,ds004447,Q12345,Q1_high_beta+Q2_broadband+Q3_high_freq_35_45+Q4_transient+Q5_channel_inconsistency,5.0,2,0.696969696969697,,,0.6216451047637557,,,0.07532459220594129,0.07532459220594129
sub-001,ds004447,Q1235,Q1_high_beta+Q2_broadband+Q3_high_freq_35_45+Q5_channel_inconsistency,4.0,2,0.696969696969697,,,0.6242200115147398,,,0.07274968545495708,0.07274968545495708
sub-001,ds004447,Q124,Q1_high_beta+Q2_broadband+Q4_transient,3.0,2,0.8903186274509804,,,0.8570970206264323,,,0.033221606824548,0.038823847720906635
sub-001,ds004447,Q1245,Q1_high_beta+Q2_broadband+Q4_transient+Q5_channel_inconsistency,4.0,2,0.8348391089108911,,,0.7736925462449897,,,0.06114656266590135,0.06114656266590135
sub-001,ds004447,Q125,Q1_high_beta+Q2_broadband+Q5_channel_inconsistency,3.0,2,0.8348391089108911,,,0.7769722543021222,,,0.05786685460876878,0.05786685460876878
sub-001,ds004447,Q13,Q1_high_beta+Q3_high_freq_35_45,2.0,2,0.7128364389233954,,,0.6950391907282107,,,0.01779724819518469,0.01779724819518469
sub-001,ds004447,Q134,Q1_high_beta+Q3_high_freq_35_45+Q4_transient,3.0,2,0.7080745341614907,,,0.6921933409258392,,,0.01588119323565146,0.01588119323565146
sub-001,ds004447,Q1345,Q1_high_beta+Q3_high_freq_35_45+Q4_transient+Q5_channel_inconsistency,4.0,2,0.6648860398860399,,,0.630519684631335,,,0.03436635525470494,0.03436635525470494
sub-001,ds004447,Q135,Q1_high_beta+Q3_high_freq_35_45+Q5_channel_inconsistency,3.0,2,0.6696937321937322,,,0.6330945913823194,,,0.0365991408114128,0.0365991408114128
sub-001,ds004447,Q14,Q1_high_beta+Q4_transient,2.0,2,0.8709486166007905,,,0.8718577075098816,,,-0.000909090909091026,0.000909090909091026
sub-001,ds004447,Q145,Q1_high_beta+Q4_transient+Q5_channel_inconsistency,3.0,2,0.8037114261884903,,,0.7868504106749652,,,0.016861015513525257,0.016861015513525257
sub-001,ds004447,Q15,Q1_high_beta+Q5_channel_inconsistency,2.0,2,0.8082985821517932,,,0.7901301187320977,,,0.01816846341969547,0.01816846341969547
sub-001,ds004447,Q2,Q2_broadband,1.0,2,0.980952380952381,,,0.980952380952381,,,-5.551115123125783e-17,5.551115123125783e-17
sub-001,ds004447,Q23,Q2_broadband+Q3_high_freq_35_45,2.0,2,0.7968304843304843,,,0.781408429790634,,,0.01542205453985035,0.016784064622790695
sub-001,ds004447,Q234,Q2_broadband+Q3_high_freq_35_45+Q4_transient,3.0,2,0.7968304843304843,,,0.7781475602254165,,,0.018682924105067777,0.020044934188008123
sub-001,ds004447,Q2345,Q2_broadband+Q3_high_freq_35_45+Q4_transient+Q5_channel_inconsistency,4.0,2,0.7542850293659356,,,0.7050671884129615,,,0.049217840952974046,0.049217840952974046
sub-001,ds004447,Q235,Q2_broadband+Q3_high_freq_35_45+Q5_channel_inconsistency,3.0,2,0.7542850293659356,,,0.7080126768195943,,,0.046272352546341156,0.046272352546341156
sub-001,ds004447,Q24,Q2_broadband+Q4_transient,2.0,2,0.980952380952381,,,0.9767857142857144,,,0.004166666666666652,0.004166666666666763
sub-001,ds004447,Q245,Q2_broadband+Q4_transient+Q5_channel_inconsistency,3.0,2,0.9083333333333333,,,0.8764234225197028,,,0.03190991081363048,0.03190991081363048
sub-001,ds004447,Q25,Q2_broadband+Q5_channel_inconsistency,2.0,2,0.9083333333333333,,,0.8801734203127833,,,0.02815991302054993,0.02815991302054993
sub-001,ds004447,Q3,Q3_high_freq_35_45,1.0,2,0.7938467207074429,,,0.7938467207074429,,,5.551115123125783e-17,5.551115123125783e-17
sub-001,ds004447,Q34,Q3_high_freq_35_45+Q4_transient,2.0,2,0.7894988946204864,,,0.7905858511422255,,,-0.0010869565217391242,0.0010869565217391242
sub-001,ds004447,Q345,Q3_high_freq_35_45+Q4_transient+Q5_channel_inconsistency,3.0,2,0.7257205513784462,,,0.71631232616892,,,0.009408225209526055,0.009408225209526055
sub-001,ds004447,Q35,Q3_high_freq_35_45+Q5_channel_inconsistency,2.0,2,0.7301065162907268,,,0.719257814575553,,,0.01084870171517377,0.01084870171517377
sub-001,ds004447,Q4,Q4_transient,1.0,2,0.9958333333333333,,,0.9958333333333333,,,0.0,0.0
sub-001,ds004447,Q45,Q4_transient+Q5_channel_inconsistency,2.0,2,0.892562288073124,,,0.8930139709523126,,,-0.0004516828791886751,0.0004516828791886751
sub-001,ds004447,Q5,Q5_channel_inconsistency,1.0,2,0.8967639687453929,,,0.896763968745393,,,-1.1102230246251565e-16,1.1102230246251565e-16
sub-002,ds004444,Q1,Q1_high_beta,1.0,2,0.9281779661016949,,,0.9281779661016949,,,0.0,0.0
sub-002,ds004444,Q12,Q1_high_beta+Q2_broadband,2.0,2,0.9168296392872664,,,0.9182777560176614,,,-0.0014481167303949105,0.0014481167303949105
sub-002,ds004444,Q123,Q1_high_beta+Q2_broadband+Q3_high_freq_35_45,3.0,2,0.8737012987012986,,,0.8834744541659472,,,-0.009773155464648464,0.009773155464648464
sub-002,ds004444,Q1234,Q1_high_beta+Q2_broadband+Q3_high_freq_35_45+Q4_transient,4.0,2,0.8732135444464211,,,0.8834744541659472,,,-0.010260909719525979,0.010260909719525979
sub-002,ds004444,Q12345,Q1_high_beta+Q2_broadband+Q3_high_freq_35_45+Q4_transient+Q5_channel_inconsistency,5.0,2,0.8467023172905526,,,0.8297266518696063,,,0.01697566542094625,0.01697566542094625
sub-002,ds004444,Q1235,Q1_high_beta+Q2_broadband+Q3_high_freq_35_45+Q5_channel_inconsistency,4.0,2,0.8472283813747228,,,0.8297266518696063,,,0.01750172950511658,0.01750172950511658
sub-002,ds004444,Q124,Q1_high_beta+Q2_broadband+Q4_transient,3.0,2,0.916554520986397,,,0.9182777560176614,,,-0.0017232350312643696,0.0017232350312643696
sub-002,ds004444,Q1245,Q1_high_beta+Q2_broadband+Q4_transient+Q5_channel_inconsistency,4.0,2,0.8783898305084745,,,0.8615188012081179,,,0.01687102930035672,0.01687102930035672
sub-002,ds004444,Q125,Q1_high_beta+Q2_broadband+Q5_channel_inconsistency,3.0,2,0.8787291970243116,,,0.8615188012081179,,,0.017210395816193824,0.017210395816193824
sub-002,ds004444,Q13,Q1_high_beta+Q3_high_freq_35_45,2.0,2,0.8858281358281358,,,0.8930797210139493,,,-0.0072515851858134805,0.0072515851858134805
sub-002,ds004444,Q134,Q1_high_beta+Q3_high_freq_35_45+Q4_transient,3.0,2,0.8849067599067599,,,0.8930797210139494,,,-0.008172961107189514,0.008172961107189514
sub-002,ds004444,Q1345,Q1_high_beta+Q3_high_freq_35_45+Q4_transient+Q5_channel_inconsistency,4.0,2,0.8545236606212216,,,0.8386316460474117,,,0.0158920145738099,0.0158920145738099
sub-002,ds004444,Q135,Q1_high_beta+Q3_high_freq_35_45+Q5_channel_inconsistency,3.0,2,0.8555369751021924,,,0.8386316460474117,,,0.016905329054780815,0.016905329054780815
sub-002,ds004444,Q14,Q1_high_beta+Q4_transient,2.0,2,0.9276709401709402,,,0.9281779661016949,,,-0.0005070259307548008,0.0005070259307548008
sub-002,ds004444,Q145,Q1_high_beta+Q4_transient+Q5_channel_inconsistency,3.0,2,0.8838518099547511,,,0.8706751933372993,,,0.013176616617451842,0.013176616617451842
sub-002,ds004444,Q15,Q1_high_beta+Q5_channel_inconsistency,2.0,2,0.8845011210762332,,,0.8706751933372993,,,0.01382592773893393,0.01382592773893393
sub-002,ds004444,Q2,Q2_broadband,1.0,2,0.9894423871243413,,,0.9894423871243412,,,1.1102230246251565e-16,1.1102230246251565e-16
sub-002,ds004444,Q23,Q2_broadband+Q3_high_freq_35_45,2.0,2,0.9488636363636364,,,0.9499540254079732,,,-0.0010903890443368924,0.0010903890443368924
sub-002,ds004444,Q234,Q2_broadband+Q3_high_freq_35_45+Q4_transient,3.0,2,0.9486634441791393,,,0.9499540254079732,,,-0.0012905812288340757,0.0012905812288340757
sub-002,ds004444,Q2345,Q2_broadband+Q3_high_freq_35_45+Q4_transient+Q5_channel_inconsistency,4.0,2,0.9034632034632035,,,0.8906240483508134,,,0.012839155112390088,0.012839155112390088
sub-002,ds004444,Q235,Q2_broadband+Q3_high_freq_35_45+Q5_channel_inconsistency,3.0,2,0.9037565909603824,,,0.8906240483508133,,,0.013132542609569087,0.013132542609569087
sub-002,ds004444,Q24,Q2_broadband+Q4_transient,2.0,2,0.9894246585139097,,,0.9894423871243413,,,-1.7728610431533287e-05,1.7728610431533287e-05
sub-002,ds004444,Q245,Q2_broadband+Q4_transient+Q5_channel_inconsistency,3.0,2,0.930797210139493,,,0.9263757524626521,,,0.004421457676840879,0.004421457676840879
sub-002,ds004444,Q25,Q2_broadband+Q5_channel_inconsistency,2.0,2,0.9309434032703652,,,0.9263757524626521,,,0.004567650807712986,0.004567650807712986
sub-002,ds004444,Q3,Q3_high_freq_35_45,1.0,2,0.9601769911504425,,,0.9601769911504425,,,-5.551115123125783e-17,5.551115123125783e-17
sub-002,ds004444,Q34,Q3_high_freq_35_45+Q4_transient,2.0,2,0.9598214285714286,,,0.9601769911504425,,,-0.00035556257901397936,0.00035556257901397936
sub-002,ds004444,Q345,Q3_high_freq_35_45+Q4_transient+Q5_channel_inconsistency,3.0,2,0.9108437639243326,,,0.9000671938801883,,,0.01077657004414434,0.01077657004414434
sub-002,ds004444,Q35,Q3_high_freq_35_45+Q5_channel_inconsistency,2.0,2,0.9114000240760805,,,0.9000671938801883,,,0.011332830195892152,0.011332830195892152
sub-002,ds004444,Q4,Q4_transient,1.0,2,1.0,,,1.0,,,0.0,0.0
sub-002,ds004444,Q45,Q4_transient+Q5_channel_inconsistency,2.0,2,0.9358296622613803,,,0.9360989810771472,,,-0.00026931881576686134,0.00026931881576686134
sub-002,ds004444,Q5,Q5_channel_inconsistency,1.0,2,0.936098981077147,,,0.936098981077147,,,0.0,0.0
sub-002,ds004447,Q1,Q1_high_beta,1.0,2,0.8579322638146167,,,0.8579322638146167,,,5.551115123125783e-17,5.551115123125783e-17
sub-002,ds004447,Q12,Q1_high_beta+Q2_broadband,2.0,2,0.7642045454545454,,,0.7058198724663247,,,0.0583846729882207,0.0583846729882207
sub-002,ds004447,Q123,Q1_high_beta+Q2_broadband+Q3_high_freq_35_45,3.0,2,0.6711439245685822,,,0.5942908163396845,,,0.07685310822889768,0.07685310822889768
sub-002,ds004447,Q1234,Q1_high_beta+Q2_broadband+Q3_high_freq_35_45+Q4_transient,4.0,2,0.6574452944315958,,,0.5740112534300646,,,0.0834340410015312,0.0834340410015312
sub-002,ds004447,Q12345,Q1_high_beta+Q2_broadband+Q3_high_freq_35_45+Q4_transient+Q5_channel_inconsistency,5.0,2,0.5768716577540107,,,0.47067770239306794,,,0.10619395536094275,0.10619395536094275
sub-002,ds004447,Q1235,Q1_high_beta+Q2_broadband+Q3_high_freq_35_45+Q5_channel_inconsistency,4.0,2,0.5915775401069518,,,0.4851672297516073,,,0.1064103103553446,0.1064103103553446
sub-002,ds004447,Q124,Q1_high_beta+Q2_broadband+Q4_transient,3.0,2,0.7471590909090908,,,0.6836003201332239,,,0.06355877077586691,0.06355877077586691
sub-002,ds004447,Q1245,Q1_high_beta+Q2_broadband+Q4_transient+Q5_channel_inconsistency,4.0,2,0.6666415662650602,,,0.566268164024459,,,0.10037340224060118,0.10037340224060118
sub-002,ds004447,Q125,Q1_high_beta+Q2_broadband+Q5_channel_inconsistency,3.0,2,0.6786897590361446,,,0.5822317337827911,,,0.0964580252533534,0.0964580252533534
sub-002,ds004447,Q13,Q1_high_beta+Q3_high_freq_35_45,2.0,2,0.748781838316722,,,0.7369941937901439,,,0.0117876445265781,0.0117876445265781
sub-002,ds004447,Q134,Q1_high_beta+Q3_high_freq_35_45+Q4_transient,3.0,2,0.726578073089701,,,0.7068730186425614,,,0.019705054447139714,0.019705054447139714
sub-002,ds004447,Q1345,Q1_high_beta+Q3_high_freq_35_45+Q4_transient+Q5_channel_inconsistency,4.0,2,0.6098178137651822,,,0.5610613757936507,,,0.04875643797153151,0.04875643797153151
sub-002,ds004447,Q135,Q1_high_beta+Q3_high_freq_35_45+Q5_channel_inconsistency,3.0,2,0.6343623481781376,,,0.5820730719454696,,,0.052289276232667936,0.052289276232667936
sub-002,ds004447,Q14,Q1_high_beta+Q4_transient,2.0,2,0.8337789661319073,,,0.8252222017333579,,,0.008556764398549355,0.010374946216731407
sub-002,ds004447,Q145,Q1_high_beta+Q4_transient+Q5_channel_inconsistency,3.0,2,0.7071699242122058,,,0.6624584280588512,,,0.04471149615335451,0.04471149615335451
sub-002,ds004447,Q15,Q1_high_beta+Q5_channel_inconsistency,2.0,2,0.7280614280015956,,,0.6853512221115832,,,0.0427102058900124,0.0427102058900124
sub-002,ds004447,Q2,Q2_broadband,1.0,2,0.8195876288659794,,,0.8195876288659794,,,-5.551115123125783e-17,5.551115123125783e-17
sub-002,ds004447,Q23,Q2_broadband+Q3_high_freq_35_45,2.0,2,0.7324074074074074,,,0.6911236697519025,,,0.041283737655504804,0.041283737655504804
sub-002,ds004447,Q234,Q2_broadband+Q3_high_freq_35_45+Q4_transient,3.0,2,0.7074074074074074,,,0.6671856055711116,,,0.040221801836295756,0.040221801836295756
sub-002,ds004447,Q2345,Q2_broadband+Q3_high_freq_35_45+Q4_transient+Q5_channel_inconsistency,4.0,2,0.6142398105868425,,,0.5452216294305574,,,0.06901818115628505,0.06901818115628505
sub-002,ds004447,Q235,Q2_broadband+Q3_high_freq_35_45+Q5_channel_inconsistency,3.0,2,0.6416370708608151,,,0.5622472054070153,,,0.07938986545379981,0.07938986545379981
sub-002,ds004447,Q24,Q2_broadband+Q4_transient,2.0,2,0.796875,,,0.7933804360706245,,,0.0034945639293755826,0.004838769403957832
sub-002,ds004447,Q245,Q2_broadband+Q4_transient+Q5_channel_inconsistency,3.0,2,0.6949571963616907,,,0.6549492858482062,,,0.04000791051348457,0.04000791051348457
sub-002,ds004447,Q25,Q2_broadband+Q5_channel_inconsistency,2.0,2,0.7174291064740503,,,0.6736848743815405,,,0.04374423209250977,0.04374423209250977
sub-002,ds004447,Q3,Q3_high_freq_35_45,1.0,2,0.8603765127745406,,,0.8603765127745404,,,1.1102230246251565e-16,1.1102230246251565e-16
sub-002,ds004447,Q34,Q3_high_freq_35_45+Q4_transient,2.0,2,0.8302554908112953,,,0.8247658387301193,,,0.005489652081175966,0.007663565124654215
sub-002,ds004447,Q345,Q3_high_freq_35_45+Q4_transient+Q5_channel_inconsistency,3.0,2,0.6572681704260652,,,0.6519422696972799,,,0.005325900728785304,0.008296703836143837
sub-002,ds004447,Q35,Q3_high_freq_35_45+Q5_channel_inconsistency,2.0,2,0.6914160401002507,,,0.6766315460287844,,,0.014784494071466314,0.014784494071466314
sub-002,ds004447,Q4,Q4_transient,1.0,2,0.9613505747126436,,,0.9613505747126436,,,0.0,0.0
sub-002,ds004447,Q45,Q4_transient+Q5_channel_inconsistency,2.0,2,0.761461020051585,,,0.7684930532735001,,,-0.0070320332219152015,0.0070320332219152015
sub-002,ds004447,Q5,Q5_channel_inconsistency,1.0,2,0.7953656710208836,,,0.7953656710208836,,,-5.551115123125783e-17,5.551115123125783e-17
sub-003,ds004444,Q1,Q1_high_beta,1.0,2,0.8430983869503375,,,0.8430983869503375,,,0.0,1.1102230246251565e-16
sub-003,ds004444,Q12,Q1_high_beta+Q2_broadband,2.0,2,0.7137317116164288,,,0.6877155564086503,,,0.026016155207778446,0.026016155207778446
sub-003,ds004444,Q123,Q1_high_beta+Q2_broadband+Q3_high_freq_35_45,3.0,2,0.6349584994444808,,,0.5914995089233668,,,0.043458990521113905,0.043458990521113905
sub-003,ds004444,Q1234,Q1_high_beta+Q2_broadband+Q3_high_freq_35_45+Q4_transient,4.0,2,0.6331117546399895,,,0.5885732602272067,,,0.04453849441278279,0.04453849441278279
sub-003,ds004444,Q12345,Q1_high_beta+Q2_broadband+Q3_high_freq_35_45+Q4_transient+Q5_channel_inconsistency,5.0,2,0.5919913419913421,,,0.49518032966731373,,,0.09681101232402828,0.09681101232402828
sub-003,ds004444,Q1235,Q1_high_beta+Q2_broadband+Q3_high_freq_35_45+Q5_channel_inconsistency,4.0,2,0.5919913419913421,,,0.49769314207204274,,,0.09429819991929925,0.09429819991929925
sub-003,ds004444,Q124,Q1_high_beta+Q2_broadband+Q4_transient,3.0,2,0.7087936564504633,,,0.684409371854032,,,0.024384284596431383,0.024384284596431383
sub-003,ds004444,Q1245,Q1_high_beta+Q2_broadband+Q4_transient+Q5_channel_inconsistency,4.0,2,0.663724183877415,,,0.5751502937524515,,,0.08857389012496358,0.08857389012496358
sub-003,ds004444,Q125,Q1_high_beta+Q2_broadband+Q5_channel_inconsistency,3.0,2,0.6683217477656405,,,0.5779233139927721,,,0.09039843377286841,0.09039843377286841
sub-003,ds004444,Q13,Q1_high_beta+Q3_high_freq_35_45,2.0,2,0.7424507168458782,,,0.6989441082030908,,,0.043506608642787326,0.043506608642787326
sub-003,ds004444,Q134,Q1_high_beta+Q3_high_freq_35_45+Q4_transient,3.0,2,0.7359991039426523,,,0.6946417485604613,,,0.041357355382190986,0.041357355382190986
sub-003,ds004444,Q1345,Q1_high_beta+Q3_high_freq_35_45+Q4_transient+Q5_channel_inconsistency,4.0,2,0.6669584500466854,,,0.5811461400235632,,,0.08581231002312209,0.08581231002312209
sub-003,ds004444,Q135,Q1_high_beta+Q3_high_freq_35_45+Q5_channel_inconsistency,3.0,2,0.6669584500466854,,,0.5847899504886868,,,0.08216849955799857,0.08216849955799857
sub-003,ds004444,Q14,Q1_high_beta+Q4_transient,2.0,2,0.8345147550958321,,,0.8373905011620284,,,-0.0028757460661963385,0.0028757460661964496
sub-003,ds004444,Q145,Q1_high_beta+Q4_transient+Q5_channel_inconsistency,3.0,2,0.7580815464587394,,,0.6984775879252365,,,0.059603958533502865,0.059603958533502865
sub-003,ds004444,Q15,Q1_high_beta+Q5_channel_inconsistency,2.0,2,0.762209396189861,,,0.7031356368735945,,,0.05907375931626663,0.05907375931626663
sub-003,ds004444,Q2,Q2_broadband,1.0,2,0.806208694278417,,,0.806208694278417,,,-5.551115123125783e-17,1.6653345369377348e-16
sub-003,ds004444,Q23,Q2_broadband+Q3_high_freq_35_45,2.0,2,0.6723077496551981,,,0.65756656465825,,,0.014741184996948098,0.014741184996948098
sub-003,ds004444,Q234,Q2_broadband+Q3_high_freq_35_45+Q4_transient,3.0,2,0.6711068645083933,,,0.6530963226142723,,,0.01801054189412099,0.01801054189412099
sub-003,ds004444,Q2345,Q2_broadband+Q3_high_freq_35_45+Q4_transient+Q5_channel_inconsistency,4.0,2,0.6147249109784844,,,0.5477119672664073,,,0.06701294371207711,0.06701294371207711
sub-003,ds004444,Q235,Q2_broadband+Q3_high_freq_35_45+Q5_channel_inconsistency,3.0,2,0.6147249109784844,,,0.5514922232320794,,,0.06323268774640503,0.06323268774640503
sub-003,ds004444,Q24,Q2_broadband+Q4_transient,2.0,2,0.8030037447215361,,,0.800167212095284,,,0.002836532626252164,0.002836532626252386
sub-003,ds004444,Q245,Q2_broadband+Q4_transient+Q5_channel_inconsistency,3.0,2,0.7172486772486772,,,0.668487701551578,,,0.048760975697099196,0.048760975697099196
sub-003,ds004444,Q25,Q2_broadband+Q5_channel_inconsistency,2.0,2,0.720701754385965,,,0.6734018554053294,,,0.047299898980635524,0.047299898980635524
sub-003,ds004444,Q3,Q3_high_freq_35_45,1.0,2,0.7761352723281658,,,0.7761352723281658,,,-5.551115123125783e-17,5.551115123125783e-17
sub-003,ds004444,Q34,Q3_high_freq_35_45+Q4_transient,2.0,2,0.7716307678236612,,,0.7698008128687064,,,0.0018299549549549154,0.0018299549549550265
sub-003,ds004444,Q345,Q3_high_freq_35_45+Q4_transient+Q5_channel_inconsistency,3.0,2,0.6626028347705422,,,0.6409935441021417,,,0.021609290668400394,0.022556313784995397
sub-003,ds004444,Q35,Q3_high_freq_35_45+Q5_channel_inconsistency,2.0,2,0.6626028347705422,,,0.6462696051768213,,,0.0163332295937208,0.017280252710315802
sub-003,ds004444,Q4,Q4_transient,1.0,2,0.9895833333333333,,,0.9895833333333334,,,-5.551115123125783e-17,5.551115123125783e-17
sub-003,ds004444,Q45,Q4_transient+Q5_channel_inconsistency,2.0,2,0.8181575304204212,,,0.8176007731724957,,,0.0005567572479254768,0.0005567572479254768
sub-003,ds004444,Q5,Q5_channel_inconsistency,1.0,2,0.8257717436183907,,,0.8257717436183907,,,0.0,0.0
sub-003,ds004447,Q1,Q1_high_beta,1.0,2,0.831161822527176,,,0.8311618225271761,,,-5.551115123125783e-17,5.551115123125783e-17
sub-003,ds004447,Q12,Q1_high_beta+Q2_broadband,2.0,2,0.7553798858146684,,,0.7320800995903811,,,0.0232997862242873,0.030351959331506362
sub-003,ds004447,Q123,Q1_high_beta+Q2_broadband+Q3_high_freq_35_45,3.0,2,0.703778677462888,,,0.6414138706748624,,,0.06236480678802553,0.06236480678802553
sub-003,ds004447,Q1234,Q1_high_beta+Q2_broadband+Q3_high_freq_35_45+Q4_transient,4.0,2,0.703778677462888,,,0.6414138706748624,,,0.06236480678802553,0.06236480678802553
sub-003,ds004447,Q12345,Q1_high_beta+Q2_broadband+Q3_high_freq_35_45+Q4_transient+Q5_channel_inconsistency,5.0,2,0.5287465652082013,,,0.4687572189039646,,,0.059989346304236635,0.07710144782775091
sub-003,ds004447,Q1235,Q1_high_beta+Q2_broadband+Q3_high_freq_35_45+Q5_channel_inconsistency,4.0,2,0.5287465652082013,,,0.4687572189039646,,,0.059989346304236635,0.07710144782775091
sub-003,ds004447,Q124,Q1_high_beta+Q2_broadband+Q4_transient,3.0,2,0.7553798858146684,,,0.7320800995903811,,,0.0232997862242873,0.030351959331506362
sub-003,ds004447,Q1245,Q1_high_beta+Q2_broadband+Q4_transient+Q5_channel_inconsistency,4.0,2,0.5647777234978016,,,0.5328612377109582,,,0.0319164857868435,0.06303307333190225
sub-003,ds004447,Q125,Q1_high_beta+Q2_broadband+Q5_channel_inconsistency,3.0,2,0.5647777234978016,,,0.5328612377109582,,,0.0319164857868435,0.06303307333190225
sub-003,ds004447,Q13,Q1_high_beta+Q3_high_freq_35_45,2.0,2,0.7652658045977012,,,0.7281191635885642,,,0.037146641009137005,0.044061704397991175
sub-003,ds004447,Q134,Q1_high_beta+Q3_high_freq_35_45+Q4_transient,3.0,2,0.7652658045977012,,,0.7281191635885642,,,0.037146641009137005,0.044061704397991175
sub-003,ds004447,Q1345,Q1_high_beta+Q3_high_freq_35_45+Q4_transient+Q5_channel_inconsistency,4.0,2,0.5740421455938698,,,0.5197085457297684,,,0.0543335998641013,0.06878411595396167
sub-003,ds004447,Q135,Q1_high_beta+Q3_high_freq_35_45+Q5_channel_inconsistency,3.0,2,0.5740421455938698,,,0.5197085457297684,,,0.0543335998641013,0.06878411595396167
sub-003,ds004447,Q14,Q1_high_beta+Q4_transient,2.0,2,0.831161822527176,,,0.8311618225271761,,,-5.551115123125783e-17,5.551115123125783e-17
sub-003,ds004447,Q145,Q1_high_beta+Q4_transient+Q5_channel_inconsistency,3.0,2,0.6248717948717949,,,0.5916933813942787,,,0.033178413477516155,0.033178413477516155
sub-003,ds004447,Q15,Q1_high_beta+Q5_channel_inconsistency,2.0,2,0.6248717948717949,,,0.5916933813942787,,,0.033178413477516155,0.033178413477516155
sub-003,ds004447,Q2,Q2_broadband,1.0,2,0.8805642633228841,,,0.880564263322884,,,5.551115123125783e-17,5.551115123125783e-17
sub-003,ds004447,Q23,Q2_broadband+Q3_high_freq_35_45,2.0,2,0.7845506623702112,,,0.7568273778851513,,,0.02772328448505984,0.02772328448505984
sub-003,ds004447,Q234,Q2_broadband+Q3_high_freq_35_45+Q4_transient,3.0,2,0.7845506623702112,,,0.7568273778851513,,,0.02772328448505984,0.02772328448505984
sub-003,ds004447,Q2345,Q2_broadband+Q3_high_freq_35_45+Q4_transient+Q5_channel_inconsistency,4.0,2,0.5916124581115711,,,0.5556673166368491,,,0.03594514147472194,0.03594514147472194
sub-003,ds004447,Q235,Q2_broadband+Q3_high_freq_35_45+Q5_channel_inconsistency,3.0,2,0.5916124581115711,,,0.5556673166368491,,,0.03594514147472194,0.03594514147472194
sub-003,ds004447,Q24,Q2_broadband+Q4_transient,2.0,2,0.8805642633228841,,,0.880564263322884,,,5.551115123125783e-17,5.551115123125783e-17
sub-003,ds004447,Q245,Q2_broadband+Q4_transient+Q5_channel_inconsistency,3.0,2,0.651428073841867,,,0.6450497983911856,,,0.006378275450681259,0.02240606119455535
sub-003,ds004447,Q25,Q2_broadband+Q5_channel_inconsistency,2.0,2,0.651428073841867,,,0.6450497983911856,,,0.006378275450681259,0.02240606119455535
sub-003,ds004447,Q3,Q3_high_freq_35_45,1.0,2,0.8593488449949782,,,0.8593488449949782,,,0.0,1.1102230246251565e-16
sub-003,ds004447,Q34,Q3_high_freq_35_45+Q4_transient,2.0,2,0.8593488449949782,,,0.8593488449949782,,,0.0,1.1102230246251565e-16
sub-003,ds004447,Q345,Q3_high_freq_35_45+Q4_transient+Q5_channel_inconsistency,3.0,2,0.6342428012797725,,,0.6182114952782305,,,0.0160313060015419,0.02159289037484624
sub-003,ds004447,Q35,Q3_high_freq_35_45+Q5_channel_inconsistency,2.0,2,0.6342428012797725,,,0.6182114952782305,,,0.0160313060015419,0.02159289037484624
sub-003,ds004447,Q4,Q4_transient,1.0,2,1.0,,,1.0,,,0.0,0.0
sub-003,ds004447,Q45,Q4_transient+Q5_channel_inconsistency,2.0,2,0.7189265536723164,,,0.7189265536723164,,,5.551115123125783e-17,5.551115123125783e-17
sub-003,ds004447,Q5,Q5_channel_inconsistency,1.0,2,0.7189265536723164,,,0.7189265536723164,,,5.551115123125783e-17,5.551115123125783e-17
sub-004,ds004444,Q1,Q1_high_beta,1.0,2,0.9270759613116302,,,0.9270759613116302,,,0.0,1.1102230246251565e-16
sub-004,ds004444,Q12,Q1_high_beta+Q2_broadband,2.0,2,0.9147783251231527,,,0.913219648030601,,,0.0015586770925516968,0.005169277269675365
sub-004,ds004444,Q123,Q1_high_beta+Q2_broadband+Q3_high_freq_35_45,3.0,2,0.8769394417342185,,,0.8593079269654531,,,0.017631514768765455,0.017631514768765455
sub-004,ds004444,Q1234,Q1_high_beta+Q2_broadband+Q3_high_freq_35_45+Q4_transient,4.0,2,0.8769394417342185,,,0.8576621785962678,,,0.019277263137950695,0.019277263137950695
sub-004,ds004444,Q12345,Q1_high_beta+Q2_broadband+Q3_high_freq_35_45+Q4_transient+Q5_channel_inconsistency,5.0,2,0.7881154278792073,,,0.7440485883170906,,,0.044066839562116655,0.044066839562116655
sub-004,ds004444,Q1235,Q1_high_beta+Q2_broadband+Q3_high_freq_35_45+Q5_channel_inconsistency,4.0,2,0.7881154278792073,,,0.745404090933868,,,0.04271133694533935,0.04271133694533935
sub-004,ds004444,Q124,Q1_high_beta+Q2_broadband+Q4_transient,3.0,2,0.9147783251231527,,,0.9112583886562265,,,0.00351993646692611,0.007130536644049779
sub-004,ds004444,Q1245,Q1_high_beta+Q2_broadband+Q4_transient+Q5_channel_inconsistency,4.0,2,0.811831550802139,,,0.7819334804805516,,,0.029898070321587478,0.029898070321587478
sub-004,ds004444,Q125,Q1_high_beta+Q2_broadband+Q5_channel_inconsistency,3.0,2,0.811831550802139,,,0.783495367137893,,,0.028336183664246006,0.028336183664246006
sub-004,ds004444,Q13,Q1_high_beta+Q3_high_freq_35_45,2.0,2,0.8825516693163752,,,0.8718691864664262,,,0.010682482849948993,0.010682482849948993
sub-004,ds004444,Q134,Q1_high_beta+Q3_high_freq_35_45+Q4_transient,3.0,2,0.8825516693163752,,,0.8702113192969227,,,0.012340350019452495,0.012340350019452495
sub-004,ds004444,Q1345,Q1_high_beta+Q3_high_freq_35_45+Q4_transient+Q5_channel_inconsistency,4.0,2,0.7848659926175574,,,0.7551554725934757,,,0.029710520024081644,0.029710520024081644
sub-004,ds004444,Q135,Q1_high_beta+Q3_high_freq_35_45+Q5_channel_inconsistency,3.0,2,0.7848659926175574,,,0.7565213502715809,,,0.028344642345976556,0.028344642345976556
sub-004,ds004444,Q14,Q1_high_beta+Q4_transient,2.0,2,0.9270759613116302,,,0.9250972227137425,,,0.001978738597887608,0.001978738597887608
sub-004,ds004444,Q145,Q1_high_beta+Q4_transient+Q5_channel_inconsistency,3.0,2,0.8111547411285631,,,0.794006446896304,,,0.017148294232259165,0.017148294232259165
sub-004,ds004444,Q15,Q1_high_beta+Q5_channel_inconsistency,2.0,2,0.8111547411285631,,,0.7955822597976467,,,0.015572481330916321,0.015572481330916321
sub-004,ds004444,Q2,Q2_broadband,1.0,2,0.9846192234753968,,,0.9846192234753968,,,5.551115123125783e-17,5.551115123125783e-17
sub-004,ds004444,Q23,Q2_broadband+Q3_high_freq_35_45,2.0,2,0.9305235318052354,,,0.925848926163718,,,0.004674605641517393,0.004674605641517393
sub-004,ds004444,Q234,Q2_broadband+Q3_high_freq_35_45+Q4_transient,3.0,2,0.9305235318052354,,,0.9241169200567666,,,0.006406611748468738,0.006406611748468738
sub-004,ds004444,Q2345,Q2_broadband+Q3_high_freq_35_45+Q4_transient+Q5_channel_inconsistency,4.0,2,0.8283370877375382,,,0.8015691640668354,,,0.026767923670702853,0.026767923670702853
sub-004,ds004444,Q235,Q2_broadband+Q3_high_freq_35_45+Q5_channel_inconsistency,3.0,2,0.8283370877375382,,,0.8029821371844184,,,0.02535495055311998,0.02535495055311998
sub-004,ds004444,Q24,Q2_broadband+Q4_transient,2.0,2,0.9846192234753968,,,0.9825552699870246,,,0.002063953488372239,0.002063953488372239
sub-004,ds004444,Q245,Q2_broadband+Q4_transient+Q5_channel_inconsistency,3.0,2,0.8527983348751156,,,0.8431460443313588,,,0.00965229054375688,0.00965229054375688
sub-004,ds004444,Q25,Q2_broadband+Q5_channel_inconsistency,2.0,2,0.8527983348751156,,,0.8447729489164681,,,0.00802538595864738,0.00802538595864738
sub-004,ds004444,Q3,Q3_high_freq_35_45,1.0,2,0.9397321428571428,,,0.9397321428571428,,,1.1102230246251565e-16,1.1102230246251565e-16
sub-004,ds004444,Q34,Q3_high_freq_35_45+Q4_transient,2.0,2,0.9417841127482383,,,0.9379866263321168,,,0.0037974864161215427,0.0037974864161215427
sub-004,ds004444,Q345,Q3_high_freq_35_45+Q4_transient+Q5_channel_inconsistency,3.0,2,0.8338037544934096,,,0.8137853733740068,,,0.020018381119402906,0.020018381119402906
sub-004,ds004444,Q35,Q3_high_freq_35_45+Q5_channel_inconsistency,2.0,2,0.8338037544934096,,,0.8152096706352683,,,0.01859408385814143,0.01859408385814143
sub-004,ds004444,Q4,Q4_transient,1.0,2,0.9979166666666667,,,0.9979166666666667,,,0.0,0.0
sub-004,ds004444,Q45,Q4_transient+Q5_channel_inconsistency,2.0,2,0.858124912017268,,,0.8564828822642607,,,0.001642029753007368,0.001642029753007368
sub-004,ds004444,Q5,Q5_channel_inconsistency,1.0,2,0.858124912017268,,,0.858124912017268,,,5.551115123125783e-17,5.551115123125783e-17
sub-004,ds004446,Q1,Q1_high_beta,1.0,2,0.9841117304119418,,,0.9841117304119418,,,5.551115123125783e-17,1.6653345369377348e-16
sub-004,ds004446,Q12,Q1_high_beta+Q2_broadband,2.0,2,0.8949661924833158,,,0.8961646181328168,,,-0.0011984256495010115,0.009464674904122283
sub-004,ds004446,Q123,Q1_high_beta+Q2_broadband+Q3_high_freq_35_45,3.0,2,0.8224721761780724,,,0.8129533133062226,,,0.009518862871849887,0.030483543494708276
sub-004,ds004446,Q1234,Q1_high_beta+Q2_broadband+Q3_high_freq_35_45+Q4_transient,4.0,2,0.8148404319864094,,,0.7979374066705325,,,0.016903025315877007,0.03209426213858574
sub-004,ds004446,Q12345,Q1_high_beta+Q2_broadband+Q3_high_freq_35_45+Q4_transient+Q5_channel_inconsistency,5.0,2,0.8059743160245673,,,0.7537048281896097,,,0.05226948783495755,0.05226948783495755
sub-004,ds004446,Q1235,Q1_high_beta+Q2_broadband+Q3_high_freq_35_45+Q5_channel_inconsistency,4.0,2,0.8160491577056266,,,0.7673599315652042,,,0.04868922614042237,0.04868922614042237
sub-004,ds004446,Q124,Q1_high_beta+Q2_broadband+Q4_transient,3.0,2,0.8865699137311287,,,0.8796093353941383,,,0.00696057833699032,0.011200040114325571
sub-004,ds004446,Q1245,Q1_high_beta+Q2_broadband+Q4_transient+Q5_channel_inconsistency,4.0,2,0.8684424412590512,,,0.8291014335164435,,,0.039341007742607736,0.039341007742607736
sub-004,ds004446,Q125,Q1_high_beta+Q2_broadband+Q5_channel_inconsistency,3.0,2,0.8796546727843516,,,0.844075188987029,,,0.03557948379732251,0.03557948379732251
sub-004,ds004446,Q13,Q1_high_beta+Q3_high_freq_35_45,2.0,2,0.8999320924239522,,,0.8927698958359829,,,0.007162196587969294,0.007162196587969294
sub-004,ds004446,Q134,Q1_high_beta+Q3_high_freq_35_45+Q4_transient,3.0,2,0.8846829177173812,,,0.8762362415484322,,,0.008446676168948952,0.009475254333536076
sub-004,ds004446,Q1345,Q1_high_beta+Q3_high_freq_35_45+Q4_transient+Q5_channel_inconsistency,4.0,2,0.8572033898305085,,,0.8257688333331294,,,0.03143455649737903,0.03143455649737903
sub-004,ds004446,Q135,Q1_high_beta+Q3_high_freq_35_45+Q5_channel_inconsistency,3.0,2,0.8634418324291742,,,0.8407182974151945,,,0.022723535013979612,0.022723535013979612
sub-004,ds004446,Q14,Q1_high_beta+Q4_transient,2.0,2,0.9684445830734041,,,0.965885831476182,,,0.00255875159722202,0.003787615214261131
sub-004,ds004446,Q145,Q1_high_beta+Q4_transient+Q5_channel_inconsistency,3.0,2,0.9284108239158488,,,0.9081432955416354,,,0.02026752837421336,0.02026752837421336
sub-004,ds004446,Q15,Q1_high_beta+Q5_channel_inconsistency,2.0,2,0.9372222222222222,,,0.924524921360703,,,0.012697300861519156,0.012697300861519267
sub-004,ds004446,Q2,Q2_broadband,1.0,2,0.9101113172541744,,,0.9101113172541744,,,0.0,0.0
sub-004,ds004446,Q23,Q2_broadband+Q3_high_freq_35_45,2.0,2,0.8325015595757954,,,0.8251745915427061,,,0.007326968033089243,0.015105145308115075
sub-004,ds004446,Q234,Q2_broadband+Q3_high_freq_35_45+Q4_transient,3.0,2,0.8278769841269842,,,0.8098561840471472,,,0.018020800079836863,0.018020800079836863
sub-004,ds004446,Q2345,Q2_broadband+Q3_high_freq_35_45+Q4_transient+Q5_channel_inconsistency,4.0,2,0.8162907268170425,,,0.7648750747060135,,,0.05141565211102911,0.05141565211102911
sub-004,ds004446,Q235,Q2_broadband+Q3_high_freq_35_45+Q5_channel_inconsistency,3.0,2,0.8252582390555829,,,0.7787966010211118,,,0.04646163803447101,0.04646163803447101
sub-004,ds004446,Q24,Q2_broadband+Q4_transient,2.0,2,0.9049372146118722,,,0.8931974040996599,,,0.011739810512212234,0.011739810512212234
sub-004,ds004446,Q245,Q2_broadband+Q4_transient+Q5_channel_inconsistency,3.0,2,0.8790431266846361,,,0.8417688798468926,,,0.03727424683774344,0.03727424683774344
sub-004,ds004446,Q25,Q2_broadband+Q5_channel_inconsistency,2.0,2,0.8890681893412777,,,0.8570550662909129,,,0.0320131230503648,0.0320131230503648
sub-004,ds004446,Q3,Q3_high_freq_35_45,1.0,2,0.9066527342389411,,,0.9066527342389412,,,-1.1102230246251565e-16,1.1102230246251565e-16
sub-004,ds004446,Q34,Q3_high_freq_35_45+Q4_transient,2.0,2,0.8932198327359617,,,0.8897601692520023,,,0.00345966348395943,0.004846844822548713
sub-004,ds004446,Q345,Q3_high_freq_35_45+Q4_transient+Q5_channel_inconsistency,3.0,2,0.8630257730141382,,,0.8383729715345951,,,0.024652801479543074,0.024652801479543074
sub-004,ds004446,Q35,Q3_high_freq_35_45+Q5_channel_inconsistency,2.0,2,0.8667621056861563,,,0.8536349643486987,,,0.013127141337457626,0.017341730015121515
sub-004,ds004446,Q4,Q4_transient,1.0,2,0.9813475997686525,,,0.9813475997686525,,,-5.551115123125783e-17,5.551115123125783e-17
sub-004,ds004446,Q45,Q4_transient+Q5_channel_inconsistency,2.0,2,0.9309322445805386,,,0.9224671227531192,,,0.008465121827419375,0.008465121827419375
sub-004,ds004446,Q5,Q5_channel_inconsistency,1.0,2,0.9392156862745098,,,0.9392156862745099,,,-1.1102230246251565e-16,1.1102230246251565e-16
sub-004,ds004447,Q1,Q1_high_beta,1.0,2,0.8981481481481481,,,0.8981481481481481,,,1.1102230246251565e-16,1.1102230246251565e-16
sub-004,ds004447,Q12,Q1_high_beta+Q2_broadband,2.0,2,0.8355957767722474,,,0.8314693760345935,,,0.004126400737653968,0.005760934149681096
sub-004,ds004447,Q123,Q1_high_beta+Q2_broadband+Q3_high_freq_35_45,3.0,2,0.7142553191489361,,,0.7310905357783071,,,-0.01683521662937093,0.01683521662937093
sub-004,ds004447,Q1234,Q1_high_beta+Q2_broadband+Q3_high_freq_35_45+Q4_transient,4.0,2,0.7092553191489361,,,0.7255470220451381,,,-0.01629170289620202,0.01629170289620202
sub-004,ds004447,Q12345,Q1_high_beta+Q2_broadband+Q3_high_freq_35_45+Q4_transient+Q5_channel_inconsistency,5.0,2,0.6014729950900164,,,0.5903461326251194,,,0.011126862464897025,0.011126862464897025
sub-004,ds004447,Q1235,Q1_high_beta+Q2_broadband+Q3_high_freq_35_45+Q5_channel_inconsistency,4.0,2,0.6014729950900164,,,0.5947914030715284,,,0.006681592018487947,0.011694665929594783
sub-004,ds004447,Q124,Q1_high_beta+Q2_broadband+Q4_transient,3.0,2,0.830788084464555,,,0.8249233119454259,,,0.005864772519129147,0.007499305931156275
sub-004,ds004447,Q1245,Q1_high_beta+Q2_broadband+Q4_transient+Q5_channel_inconsistency,4.0,2,0.7091836734693877,,,0.6710191161116612,,,0.038164557357726614,0.038164557357726614
sub-004,ds004447,Q125,Q1_high_beta+Q2_broadband+Q5_channel_inconsistency,3.0,2,0.7091836734693877,,,0.6762683184473144,,,0.03291535502207338,0.03291535502207338
sub-004,ds004447,Q13,Q1_high_beta+Q3_high_freq_35_45,2.0,2,0.7842233009708738,,,0.7885924502287529,,,-0.0043691492578791236,0.006413478029602571
sub-004,ds004447,Q134,Q1_high_beta+Q3_high_freq_35_45+Q4_transient,3.0,2,0.779368932038835,,,0.7823059913560871,,,-0.0029370593172521886,0.004981388088975636
sub-004,ds004447,Q1345,Q1_high_beta+Q3_high_freq_35_45+Q4_transient+Q5_channel_inconsistency,4.0,2,0.6354166666666667,,,0.6361941491095895,,,-0.0007774824429228056,0.011399748463976234
sub-004,ds004447,Q135,Q1_high_beta+Q3_high_freq_35_45+Q5_channel_inconsistency,3.0,2,0.6354166666666667,,,0.6412351774508781,,,-0.005818510784211417,0.016440776805264845
sub-004,ds004447,Q14,Q1_high_beta+Q4_transient,2.0,2,0.8888888888888888,,,0.8907247765006385,,,-0.0018358876117496314,0.0018358876117497425
sub-004,ds004447,Q145,Q1_high_beta+Q4_transient+Q5_channel_inconsistency,3.0,2,0.7346919157935211,,,0.724157646293907,,,0.010534269499614113,0.015875162242108942
sub-004,ds004447,Q15,Q1_high_beta+Q5_channel_inconsistency,2.0,2,0.7346919157935211,,,0.7301103499735138,,,0.004581565820007405,0.02182786592171565
sub-004,ds004447,Q2,Q2_broadband,1.0,2,0.9228910728910729,,,0.9228910728910729,,,5.551115123125783e-17,5.551115123125783e-17
sub-004,ds004447,Q23,Q2_broadband+Q3_high_freq_35_45,2.0,2,0.7951089943213042,,,0.8076004751680426,,,-0.0124914808467384,0.0124914808467384
sub-004,ds004447,Q234,Q2_broadband+Q3_high_freq_35_45+Q4_transient,3.0,2,0.7903920131892288,,,0.8011628463166207,,,-0.010770833127391966,0.010770833127391966
sub-004,ds004447,Q2345,Q2_broadband+Q3_high_freq_35_45+Q4_transient+Q5_channel_inconsistency,4.0,2,0.6610219845513963,,,0.6479046364418966,,,0.013117348109499771,0.01454781927590204
sub-004,ds004447,Q235,Q2_broadband+Q3_high_freq_35_45+Q5_channel_inconsistency,3.0,2,0.6610219845513963,,,0.6530668859925652,,,0.007955098558831142,0.009385569725233411
sub-004,ds004447,Q24,Q2_broadband+Q4_transient,2.0,2,0.9183456183456183,,,0.9152891920133298,,,0.003056426332288531,0.003056426332288531
sub-004,ds004447,Q245,Q2_broadband+Q4_transient+Q5_channel_inconsistency,3.0,2,0.7643865842894969,,,0.7397040497396113,,,0.02468253454988556,0.02468253454988556
sub-004,ds004447,Q25,Q2_broadband+Q5_channel_inconsistency,2.0,2,0.7643865842894969,,,0.7457998976132731,,,0.018586686676223818,0.018586686676223818
sub-004,ds004447,Q3,Q3_high_freq_35_45,1.0,2,0.8738738738738738,,,0.8738738738738739,,,-5.551115123125783e-17,5.551115123125783e-17
sub-004,ds004447,Q34,Q3_high_freq_35_45+Q4_transient,2.0,2,0.8693693693693694,,,0.866573470021746,,,0.0027958993476234206,0.0027958993476235316
sub-004,ds004447,Q345,Q3_high_freq_35_45+Q4_transient+Q5_channel_inconsistency,3.0,2,0.7085566354800619,,,0.7004597435421376,,,0.008096891937924289,0.008096891937924289
sub-004,ds004447,Q35,Q3_high_freq_35_45+Q5_channel_inconsistency,2.0,2,0.7085566354800619,,,0.7063138409707308,,,0.002242794509331014,0.002242794509331014
sub-004,ds004447,Q4,Q4_transient,1.0,2,0.9913793103448276,,,0.9913793103448276,,,0.0,0.0
sub-004,ds004447,Q45,Q4_transient+Q5_channel_inconsistency,2.0,2,0.8077230572433642,,,0.8008102400670467,,,0.006912817176317587,0.006912817176317698
sub-004,ds004447,Q5,Q5_channel_inconsistency,1.0,2,0.8077230572433642,,,0.8077230572433642,,,0.0,1.1102230246251565e-16
sub-005,ds004444,Q1,Q1_high_beta,1.0,2,0.7925089410667081,,,0.7925089410667081,,,-5.551115123125783e-17,5.551115123125783e-17
sub-005,ds004444,Q12,Q1_high_beta+Q2_broadband,2.0,2,0.7735270379338176,,,0.7613760027409245,,,0.012151035192893067,0.01227671746810155
sub-005,ds004444,Q123,Q1_high_beta+Q2_broadband+Q3_high_freq_35_45,3.0,2,0.5147854309412189,,,0.4037569124881796,,,0.11102851845303935,0.11102851845303935
sub-005,ds004444,Q1234,Q1_high_beta+Q2_broadband+Q3_high_freq_35_45+Q4_transient,4.0,2,0.4582194277382905,,,0.3239672719908508,,,0.1342521557474397,0.1342521557474397
sub-005,ds004444,Q12345,Q1_high_beta+Q2_broadband+Q3_high_freq_35_45+Q4_transient+Q5_channel_inconsistency,5.0,2,0.4697722567287785,,,0.29491787450577395,,,0.17485438222300453,0.17485438222300453
sub-005,ds004444,Q1235,Q1_high_beta+Q2_broadband+Q3_high_freq_35_45+Q5_channel_inconsistency,4.0,2,0.5173913043478261,,,0.36073853839632425,,,0.15665276595150185,0.15665276595150185
sub-005,ds004444,Q124,Q1_high_beta+Q2_broadband+Q4_transient,3.0,2,0.6786179921773142,,,0.6011142983452278,,,0.07750369383208644,0.07750369383208644
sub-005,ds004444,Q1245,Q1_high_beta+Q2_broadband+Q4_transient+Q5_channel_inconsistency,4.0,2,0.6772727272727272,,,0.5438179433314552,,,0.13345478394127214,0.13345478394127214
sub-005,ds004444,Q125,Q1_high_beta+Q2_broadband+Q5_channel_inconsistency,3.0,2,0.7587195413282369,,,0.6699200229301361,,,0.08879951839810082,0.08879951839810082
sub-005,ds004444,Q13,Q1_high_beta+Q3_high_freq_35_45,2.0,2,0.5331556875764458,,,0.4112584258869567,,,0.12189726168948914,0.12189726168948914
sub-005,ds004444,Q134,Q1_high_beta+Q3_high_freq_35_45+Q4_transient,3.0,2,0.47130001747335315,,,0.3264027430998631,,,0.14489727437349,0.14489727437349
sub-005,ds004444,Q1345,Q1_high_beta+Q3_high_freq_35_45+Q4_transient+Q5_channel_inconsistency,4.0,2,0.48578210894552726,,,0.29702198844923444,,,0.1887601204962928,0.1887601204962928
sub-005,ds004444,Q135,Q1_high_beta+Q3_high_freq_35_45+Q5_channel_inconsistency,3.0,2,0.5401185770750988,,,0.36677051284442325,,,0.17334806423067556,0.17334806423067556
sub-005,ds004444,Q14,Q1_high_beta+Q4_transient,2.0,2,0.6944098895972632,,,0.6093214669828435,,,0.08508842261441976,0.08508842261441976
sub-005,ds004444,Q145,Q1_high_beta+Q4_transient+Q5_channel_inconsistency,3.0,2,0.6891304347826087,,,0.5505277594510392,,,0.1386026753315695,0.1386026753315695
sub-005,ds004444,Q15,Q1_high_beta+Q5_channel_inconsistency,2.0,2,0.7756706753006475,,,0.6929366695237114,,,0.08273400577693618,0.08273400577693618
sub-005,ds004444,Q2,Q2_broadband,1.0,2,0.9252317832826307,,,0.9252317832826308,,,-5.551115123125783e-17,5.551115123125783e-17
sub-005,ds004444,Q23,Q2_broadband+Q3_high_freq_35_45,2.0,2,0.4965727816550349,,,0.489716570827218,,,0.0068562108278169,0.0068562108278169
sub-005,ds004444,Q234,Q2_broadband+Q3_high_freq_35_45+Q4_transient,3.0,2,0.41875876131005474,,,0.3693214661656614,,,0.04943729514439332,0.04943729514439332
sub-005,ds004444,Q2345,Q2_broadband+Q3_high_freq_35_45+Q4_transient+Q5_channel_inconsistency,4.0,2,0.43083003952569165,,,0.33298433769116365,,,0.09784570183452806,0.09784570183452806
sub-005,ds004444,Q235,Q2_broadband+Q3_high_freq_35_45+Q5_channel_inconsistency,3.0,2,0.5106771835321278,,,0.42940625363641727,,,0.08127092989571047,0.08127092989571047
sub-005,ds004444,Q24,Q2_broadband+Q4_transient,2.0,2,0.6942904006873389,,,0.6923704991524112,,,0.0019199015349276871,0.014411313154337774
sub-005,ds004444,Q245,Q2_broadband+Q4_transient+Q5_channel_inconsistency,3.0,2,0.6220537757437071,,,0.6175570116880696,,,0.004496764055637481,0.021359948080878932
sub-005,ds004444,Q25,Q2_broadband+Q5_channel_inconsistency,2.0,2,0.8137768465165007,,,0.7913125834565093,,,0.022464263059991496,0.022464263059991496
sub-005,ds004444,Q3,Q3_high_freq_35_45,1.0,2,0.5072472238457042,,,0.5072472238457044,,,-1.3877787807814457e-16,1.3877787807814457e-16
sub-005,ds004444,Q34,Q3_high_freq_35_45+Q4_transient,2.0,2,0.4210403272939801,,,0.37391803039158394,,,0.04712229690239615,0.04712229690239615
sub-005,ds004444,Q345,Q3_high_freq_35_45+Q4_transient+Q5_channel_inconsistency,3.0,2,0.4369933677229182,,,0.3367925743024206,,,0.10020079342049759,0.10020079342049759
sub-005,ds004444,Q35,Q3_high_freq_35_45+Q5_channel_inconsistency,2.0,2,0.523839970770917,,,0.44278885480338803,,,0.08105111596752901,0.08105111596752901
sub-005,ds004444,Q4,Q4_transient,1.0,2,0.7104166666666667,,,0.7104166666666667,,,-5.551115123125783e-17,5.551115123125783e-17
sub-005,ds004444,Q45,Q4_transient+Q5_channel_inconsistency,2.0,2,0.6308095952023989,,,0.6314935103551583,,,-0.0006839151527595067,0.01478233469298934
sub-005,ds004444,Q5,Q5_channel_inconsistency,1.0,2,0.8420602938175883,,,0.8420602938175883,,,0.0,0.0
sub-005,ds004446,Q1,Q1_high_beta,1.0,2,0.9664294850119817,,,0.9664294850119816,,,5.551115123125783e-17,5.551115123125783e-17
sub-005,ds004446,Q12,Q1_high_beta+Q2_broadband,2.0,2,0.9135521195986074,,,0.9005095631583362,,,0.013042556440271247,0.014846547790240916
sub-005,ds004446,Q123,Q1_high_beta+Q2_broadband+Q3_high_freq_35_45,3.0,2,0.8763950892857143,,,0.8168144804977568,,,0.059580608787957456,0.059580608787957456
sub-005,ds004446,Q1234,Q1_high_beta+Q2_broadband+Q3_high_freq_35_45+Q4_transient,4.0,2,0.8574922578828829,,,0.791603933211831,,,0.06588832467105188,0.06588832467105188
sub-005,ds004446,Q12345,Q1_high_beta+Q2_broadband+Q3_high_freq_35_45+Q4_transient+Q5_channel_inconsistency,5.0,2,0.8106300772736279,,,0.7290583729671691,,,0.08157170430645883,0.08157170430645883
sub-005,ds004446,Q1235,Q1_high_beta+Q2_broadband+Q3_high_freq_35_45+Q5_channel_inconsistency,4.0,2,0.8263834379905808,,,0.7519511733993669,,,0.07443226459121388,0.07443226459121388
sub-005,ds004446,Q124,Q1_high_beta+Q2_broadband+Q4_transient,3.0,2,0.8953290175958128,,,0.8621881358106207,,,0.03314088178519209,0.03494487313516176
sub-005,ds004446,Q1245,Q1_high_beta+Q2_broadband+Q4_transient+Q5_channel_inconsistency,4.0,2,0.8537414965986394,,,0.7916671206919359,,,0.062074375906703505,0.062074375906703505
sub-005,ds004446,Q125,Q1_high_beta+Q2_broadband+Q5_channel_inconsistency,3.0,2,0.8687909125914517,,,0.8258836390156973,,,0.04290727357575441,0.04290727357575441
sub-005,ds004446,Q13,Q1_high_beta+Q3_high_freq_35_45,2.0,2,0.900846843233738,,,0.8742491865977953,,,0.026597656635942712,0.026652527073123045
sub-005,ds004446,Q134,Q1_high_beta+Q3_high_freq_35_45+Q4_transient,3.0,2,0.8818757482200239,,,0.8438937972217753,,,0.03798195099824875,0.03803682143542908
sub-005,ds004446,Q1345,Q1_high_beta+Q3_high_freq_35_45+Q4_transient+Q5_channel_inconsistency,4.0,2,0.8321252483626462,,,0.7758446795954173,,,0.05628056876722909,0.05628056876722909
sub-005,ds004446,Q135,Q1_high_beta+Q3_high_freq_35_45+Q5_channel_inconsistency,3.0,2,0.8518336249635463,,,0.8032154117869228,,,0.048618213176623404,0.048618213176623404
sub-005,ds004446,Q14,Q1_high_beta+Q4_transient,2.0,2,0.930309963099631,,,0.9203632238913841,,,0.009946739208246791,0.009946739208246791
sub-005,ds004446,Q145,Q1_high_beta+Q4_transient+Q5_channel_inconsistency,3.0,2,0.8784076990376204,,,0.8431836791992315,,,0.035224019838388854,0.035224019838388854
sub-005,ds004446,Q15,Q1_high_beta+Q5_channel_inconsistency,2.0,2,0.905074365704287,,,0.8839650264110819,,,0.021109339293205076,0.021109339293205076
sub-005,ds004446,Q2,Q2_broadband,1.0,2,0.9311612071845619,,,0.9311612071845619,,,0.0,1.1102230246251565e-16
sub-005,ds004446,Q23,Q2_broadband+Q3_high_freq_35_45,2.0,2,0.8819444444444444,,,0.842146521812505,,,0.03979792263193943,0.03979792263193943
sub-005,ds004446,Q234,Q2_broadband+Q3_high_freq_35_45+Q4_transient,3.0,2,0.8637098117607862,,,0.8137619427231039,,,0.04994786903768239,0.04994786903768239
sub-005,ds004446,Q2345,Q2_broadband+Q3_high_freq_35_45+Q4_transient+Q5_channel_inconsistency,4.0,2,0.8199245283018868,,,0.7488552033362736,,,0.07106932496561308,0.07106932496561308
sub-005,ds004446,Q235,Q2_broadband+Q3_high_freq_35_45+Q5_channel_inconsistency,3.0,2,0.8351775700934579,,,0.774516178862759,,,0.06066139123069886,0.06066139123069886
sub-005,ds004446,Q24,Q2_broadband+Q4_transient,2.0,2,0.9138951725465659,,,0.8880595503737172,,,0.025835622172848738,0.025835622172848738
sub-005,ds004446,Q245,Q2_broadband+Q4_transient+Q5_channel_inconsistency,3.0,2,0.8699239738294529,,,0.8144577788879629,,,0.05546619494148991,0.05546619494148991
sub-005,ds004446,Q25,Q2_broadband+Q5_channel_inconsistency,2.0,2,0.8842901122781601,,,0.8527361324905729,,,0.03155397978758723,0.03155397978758723
sub-005,ds004446,Q3,Q3_high_freq_35_45,1.0,2,0.9019607843137255,,,0.9019607843137254,,,5.551115123125783e-17,5.551115123125783e-17
sub-005,ds004446,Q34,Q3_high_freq_35_45+Q4_transient,2.0,2,0.8855421686746988,,,0.8677984274481774,,,0.017743741226521503,0.017743741226521503
sub-005,ds004446,Q345,Q3_high_freq_35_45+Q4_transient+Q5_channel_inconsistency,3.0,2,0.8421690921690922,,,0.7970732595809102,,,0.045095832588181894,0.045095832588181894
sub-005,ds004446,Q35,Q3_high_freq_35_45+Q5_channel_inconsistency,2.0,2,0.8610920329670331,,,0.8277281664881482,,,0.033363866478884785,0.033363866478884785
sub-005,ds004446,Q4,Q4_transient,1.0,2,0.9482142857142857,,,0.9482142857142858,,,-5.551115123125783e-17,5.551115123125783e-17
sub-005,ds004446,Q45,Q4_transient+Q5_channel_inconsistency,2.0,2,0.8886275120735316,,,0.8675398431863424,,,0.021087668887189326,0.021087668887189437
sub-005,ds004446,Q5,Q5_channel_inconsistency,1.0,2,0.913117307991899,,,0.913117307991899,,,5.551115123125783e-17,1.6653345369377348e-16
sub-005,ds004447,Q1,Q1_high_beta,1.0,2,0.8673241852487136,,,0.8673241852487135,,,5.551115123125783e-17,5.551115123125783e-17
sub-005,ds004447,Q12,Q1_high_beta+Q2_broadband,2.0,2,0.8369443025038323,,,0.8360351430224064,,,0.0009091594814260029,0.0009091594814260029
sub-005,ds004447,Q123,Q1_high_beta+Q2_broadband+Q3_high_freq_35_45,3.0,2,0.714277796253187,,,0.6844720411515216,,,0.029805755101665415,0.029805755101665415
sub-005,ds004447,Q1234,Q1_high_beta+Q2_broadband+Q3_high_freq_35_45+Q4_transient,4.0,2,0.722832303820636,,,0.6844720411515215,,,0.038360262669114464,0.038360262669114464
sub-005,ds004447,Q12345,Q1_high_beta+Q2_broadband+Q3_high_freq_35_45+Q4_transient+Q5_channel_inconsistency,5.0,2,0.6597857329500915,,,0.5945574893293476,,,0.06522824362074389,0.06522824362074389
sub-005,ds004447,Q1235,Q1_high_beta+Q2_broadband+Q3_high_freq_35_45+Q5_channel_inconsistency,4.0,2,0.6597857329500915,,,0.5945574893293476,,,0.06522824362074389,0.06522824362074389
sub-005,ds004447,Q124,Q1_high_beta+Q2_broadband+Q4_transient,3.0,2,0.8431578947368421,,,0.8360351430224064,,,0.00712275171443566,0.00712275171443566
sub-005,ds004447,Q1245,Q1_high_beta+Q2_broadband+Q4_transient+Q5_channel_inconsistency,4.0,2,0.7481060606060606,,,0.7246482930354821,,,0.023457767570578603,0.023457767570578603
sub-005,ds004447,Q125,Q1_high_beta+Q2_broadband+Q5_channel_inconsistency,3.0,2,0.7481060606060606,,,0.7246482930354821,,,0.023457767570578603,0.023457767570578603
sub-005,ds004447,Q13,Q1_high_beta+Q3_high_freq_35_45,2.0,2,0.7188666915608664,,,0.7088615677458991,,,0.010005123814967098,0.010005123814967098
sub-005,ds004447,Q134,Q1_high_beta+Q3_high_freq_35_45+Q4_transient,3.0,2,0.7267307692307692,,,0.7088615677458991,,,0.017869201484870145,0.017869201484870145
sub-005,ds004447,Q1345,Q1_high_beta+Q3_high_freq_35_45+Q4_transient+Q5_channel_inconsistency,4.0,2,0.6730172001911132,,,0.6145782287482356,,,0.0584389714428776,0.0584389714428776
sub-005,ds004447,Q135,Q1_high_beta+Q3_high_freq_35_45+Q5_channel_inconsistency,3.0,2,0.6730172001911132,,,0.6145782287482356,,,0.0584389714428776,0.0584389714428776
sub-005,ds004447,Q14,Q1_high_beta+Q4_transient,2.0,2,0.8689384588256039,,,0.8673241852487136,,,0.0016142735768903682,0.0016142735768903682
sub-005,ds004447,Q145,Q1_high_beta+Q4_transient+Q5_channel_inconsistency,3.0,2,0.7700920075379669,,,0.7505265657904717,,,0.01956544174749525,0.01956544174749525
sub-005,ds004447,Q15,Q1_high_beta+Q5_channel_inconsistency,2.0,2,0.7700920075379669,,,0.7505265657904717,,,0.01956544174749525,0.01956544174749525
sub-005,ds004447,Q2,Q2_broadband,1.0,2,0.9630455285947013,,,0.9630455285947013,,,0.0,1.1102230246251565e-16
sub-005,ds004447,Q23,Q2_broadband+Q3_high_freq_35_45,2.0,2,0.7895784770784771,,,0.7738075622347325,,,0.015770914843744654,0.015770914843744654
sub-005,ds004447,Q234,Q2_broadband+Q3_high_freq_35_45+Q4_transient,3.0,2,0.7944711538461539,,,0.7738075622347325,,,0.02066359161142134,0.02066359161142134
sub-005,ds004447,Q2345,Q2_broadband+Q3_high_freq_35_45+Q4_transient+Q5_channel_inconsistency,4.0,2,0.7114583333333333,,,0.6702480960049777,,,0.0412102373283556,0.0412102373283556
sub-005,ds004447,Q235,Q2_broadband+Q3_high_freq_35_45+Q5_channel_inconsistency,3.0,2,0.7114583333333333,,,0.6702480960049777,,,0.04121023732835555,0.04121023732835555
sub-005,ds004447,Q24,Q2_broadband+Q4_transient,2.0,2,0.9671133838829131,,,0.963045528594701,,,0.004067855288211963,0.004067855288211963
sub-005,ds004447,Q245,Q2_broadband+Q4_transient+Q5_channel_inconsistency,3.0,2,0.8368218265125482,,,0.8328975633711746,,,0.003924263141373563,0.010116732370265169
sub-005,ds004447,Q25,Q2_broadband+Q5_channel_inconsistency,2.0,2,0.8368218265125482,,,0.8328975633711746,,,0.003924263141373507,0.010116732370265225
sub-005,ds004447,Q3,Q3_high_freq_35_45,1.0,2,0.8020703933747413,,,0.8020703933747412,,,5.551115123125783e-17,5.551115123125783e-17
sub-005,ds004447,Q34,Q3_high_freq_35_45+Q4_transient,2.0,2,0.8066922421142371,,,0.8020703933747411,,,0.004621848739495893,0.004621848739495893
sub-005,ds004447,Q345,Q3_high_freq_35_45+Q4_transient+Q5_channel_inconsistency,3.0,2,0.7321941871606515,,,0.6934756080650082,,,0.03871857909564336,0.03871857909564336
sub-005,ds004447,Q35,Q3_high_freq_35_45+Q5_channel_inconsistency,2.0,2,0.7321941871606515,,,0.6934756080650082,,,0.03871857909564341,0.03871857909564341
sub-005,ds004447,Q4,Q4_transient,1.0,2,1.0,,,1.0,,,0.0,0.0
sub-005,ds004447,Q45,Q4_transient+Q5_channel_inconsistency,2.0,2,0.863528179741051,,,0.863528179741051,,,0.0,1.1102230246251565e-16
sub-005,ds004447,Q5,Q5_channel_inconsistency,1.0,2,0.863528179741051,,,0.8635281797410509,,,1.1102230246251565e-16,1.1102230246251565e-16
sub-006,ds004444,Q1,Q1_high_beta,1.0,2,0.9234234234234234,,,0.9234234234234233,,,5.551115123125783e-17,5.551115123125783e-17
sub-006,ds004444,Q12,Q1_high_beta+Q2_broadband,2.0,2,0.9022932022932023,,,0.9031599524952629,,,-0.0008667502020606732,0.004730446534376431
sub-006,ds004444,Q123,Q1_high_beta+Q2_broadband+Q3_high_freq_35_45,3.0,2,0.8491224221149627,,,0.8378050033847049,,,0.011317418730257878,0.011317418730257878
sub-006,ds004444,Q1234,Q1_high_beta+Q2_broadband+Q3_high_freq_35_45+Q4_transient,4.0,2,0.8491224221149627,,,0.8378050033847049,,,0.011317418730257878,0.011317418730257878
sub-006,ds004444,Q12345,Q1_high_beta+Q2_broadband+Q3_high_freq_35_45+Q4_transient+Q5_channel_inconsistency,5.0,2,0.725736657737482,,,0.7140550774942616,,,0.011681580243220413,0.011681580243220413
sub-006,ds004444,Q1235,Q1_high_beta+Q2_broadband+Q3_high_freq_35_45+Q5_channel_inconsistency,4.0,2,0.725736657737482,,,0.7140550774942616,,,0.011681580243220413,0.011681580243220413
sub-006,ds004444,Q124,Q1_high_beta+Q2_broadband+Q4_transient,3.0,2,0.9022932022932023,,,0.9031599524952629,,,-0.0008667502020606732,0.004730446534376431
sub-006,ds004444,Q1245,Q1_high_beta+Q2_broadband+Q4_transient+Q5_channel_inconsistency,4.0,2,0.7639040737747778,,,0.7608802898041239,,,0.003023783970653837,0.003023783970653837
sub-006,ds004444,Q125,Q1_high_beta+Q2_broadband+Q5_channel_inconsistency,3.0,2,0.7639040737747778,,,0.7608802898041239,,,0.003023783970653837,0.003023783970653837
sub-006,ds004444,Q13,Q1_high_beta+Q3_high_freq_35_45,2.0,2,0.8644968485111932,,,0.8555552865897694,,,0.008941561921423813,0.009263720383117291
sub-006,ds004444,Q134,Q1_high_beta+Q3_high_freq_35_45+Q4_transient,3.0,2,0.8644968485111932,,,0.8555552865897694,,,0.008941561921423813,0.009263720383117291
sub-006,ds004444,Q1345,Q1_high_beta+Q3_high_freq_35_45+Q4_transient+Q5_channel_inconsistency,4.0,2,0.7411965550629364,,,0.7272865731553513,,,0.013909981907585078,0.013909981907585078
sub-006,ds004444,Q135,Q1_high_beta+Q3_high_freq_35_45+Q5_channel_inconsistency,3.0,2,0.7411965550629364,,,0.7272865731553513,,,0.013909981907585078,0.013909981907585078
sub-006,ds004444,Q14,Q1_high_beta+Q4_transient,2.0,2,0.9234234234234234,,,0.9234234234234233,,,5.551115123125783e-17,5.551115123125783e-17
sub-006,ds004444,Q145,Q1_high_beta+Q4_transient+Q5_channel_inconsistency,3.0,2,0.7782874617737003,,,0.7755316380674085,,,0.002755823706291738,0.002755823706291738
sub-006,ds004444,Q15,Q1_high_beta+Q5_channel_inconsistency,2.0,2,0.7782874617737003,,,0.7755316380674085,,,0.002755823706291738,0.002755823706291738
sub-006,ds004444,Q2,Q2_broadband,1.0,2,0.976828557809438,,,0.976828557809438,,,5.551115123125783e-17,5.551115123125783e-17
sub-006,ds004444,Q23,Q2_broadband+Q3_high_freq_35_45,2.0,2,0.9018034367379346,,,0.9000422733915079,,,0.0017611633464266752,0.002087197145264008
sub-006,ds004444,Q234,Q2_broadband+Q3_high_freq_35_45+Q4_transient,3.0,2,0.9018034367379346,,,0.9000422733915079,,,0.0017611633464266752,0.002087197145264008
sub-006,ds004444,Q2345,Q2_broadband+Q3_high_freq_35_45+Q4_transient+Q5_channel_inconsistency,4.0,2,0.7650919509594882,,,0.7584384674681155,,,0.00665348349137268,0.00665348349137268
sub-006,ds004444,Q235,Q2_broadband+Q3_high_freq_35_45+Q5_channel_inconsistency,3.0,2,0.7650919509594882,,,0.7584384674681155,,,0.00665348349137268,0.00665348349137268
sub-006,ds004444,Q24,Q2_broadband+Q4_transient,2.0,2,0.976828557809438,,,0.976828557809438,,,5.551115123125783e-17,5.551115123125783e-17
sub-006,ds004444,Q245,Q2_broadband+Q4_transient+Q5_channel_inconsistency,3.0,2,0.8144518542615484,,,0.8115203113636832,,,0.002931542897865236,0.002931542897865236
sub-006,ds004444,Q25,Q2_broadband+Q5_channel_inconsistency,2.0,2,0.8144518542615484,,,0.8115203113636832,,,0.002931542897865236,0.002931542897865236
sub-006,ds004444,Q3,Q3_high_freq_35_45,1.0,2,0.9202492909389461,,,0.9202492909389461,,,0.0,0.0
sub-006,ds004444,Q34,Q3_high_freq_35_45+Q4_transient,2.0,2,0.9202492909389461,,,0.9202492909389461,,,0.0,0.0
sub-006,ds004444,Q345,Q3_high_freq_35_45+Q4_transient+Q5_channel_inconsistency,3.0,2,0.7797619047619048,,,0.7730564066880156,,,0.0067054980738892045,0.0067054980738892045
sub-006,ds004444,Q35,Q3_high_freq_35_45+Q5_channel_inconsistency,2.0,2,0.7797619047619048,,,0.7730564066880156,,,0.0067054980738892045,0.0067054980738892045
sub-006,ds004444,Q4,Q4_transient,1.0,2,1.0,,,1.0,,,0.0,0.0
sub-006,ds004444,Q45,Q4_transient+Q5_channel_inconsistency,2.0,2,0.8276864474739375,,,0.8276864474739373,,,2.220446049250313e-16,2.220446049250313e-16
sub-006,ds004444,Q5,Q5_channel_inconsistency,1.0,2,0.8276864474739375,,,0.8276864474739373,,,2.220446049250313e-16,2.220446049250313e-16
sub-006,ds004447,Q1,Q1_high_beta,1.0,2,0.8630187025131502,,,0.8630187025131502,,,0.0,0.0
sub-006,ds004447,Q12,Q1_high_beta+Q2_broadband,2.0,2,0.8362068965517242,,,0.8082890887033773,,,0.027917807848346854,0.027917807848346854
sub-006,ds004447,Q123,Q1_high_beta+Q2_broadband+Q3_high_freq_35_45,3.0,2,0.771551724137931,,,0.7408023351667056,,,0.030749388971225478,0.030749388971225478
sub-006,ds004447,Q1234,Q1_high_beta+Q2_broadband+Q3_high_freq_35_45+Q4_transient,4.0,2,0.7827662496185536,,,0.7408023351667057,,,0.04196391445184794,0.04196391445184794
sub-006,ds004447,Q12345,Q1_high_beta+Q2_broadband+Q3_high_freq_35_45+Q4_transient+Q5_channel_inconsistency,5.0,2,0.6962264150943396,,,0.633972748808709,,,0.06225366628563056,0.06225366628563056
sub-006,ds004447,Q1235,Q1_high_beta+Q2_broadband+Q3_high_freq_35_45+Q5_channel_inconsistency,4.0,2,0.6853211009174311,,,0.633972748808709,,,0.05134835210872224,0.05134835210872224
sub-006,ds004447,Q124,Q1_high_beta+Q2_broadband+Q4_transient,3.0,2,0.8435688129386634,,,0.8082890887033773,,,0.03527972423528608,0.03527972423528608
sub-006,ds004447,Q1245,Q1_high_beta+Q2_broadband+Q4_transient+Q5_channel_inconsistency,4.0,2,0.7451599671862182,,,0.6903555165788927,,,0.05480445060732553,0.05480445060732553
sub-006,ds004447,Q125,Q1_high_beta+Q2_broadband+Q5_channel_inconsistency,3.0,2,0.7384523334662945,,,0.6903555165788926,,,0.04809681688740175,0.04809681688740175
sub-006,ds004447,Q13,Q1_high_beta+Q3_high_freq_35_45,2.0,2,0.798728813559322,,,0.7902088917551745,,,0.008519921804147512,0.008519921804147512
sub-006,ds004447,Q134,Q1_high_beta+Q3_high_freq_35_45+Q4_transient,3.0,2,0.8130530973451328,,,0.7902088917551744,,,0.022844205589958366,0.022844205589958366
sub-006,ds004447,Q1345,Q1_high_beta+Q3_high_freq_35_45+Q4_transient+Q5_channel_inconsistency,4.0,2,0.7226825266611977,,,0.6749545344894705,,,0.04772799217172724,0.04772799217172724
sub-006,ds004447,Q135,Q1_high_beta+Q3_high_freq_35_45+Q5_channel_inconsistency,3.0,2,0.7162345432788193,,,0.6749545344894706,,,0.04128000878934868,0.04128000878934868
sub-006,ds004447,Q14,Q1_high_beta+Q4_transient,2.0,2,0.8738556606652426,,,0.8630187025131502,,,0.010836958152092402,0.010836958152092402
sub-006,ds004447,Q145,Q1_high_beta+Q4_transient+Q5_channel_inconsistency,3.0,2,0.7716160787530764,,,0.7355550185385886,,,0.03606106021448763,0.03606106021448763
sub-006,ds004447,Q15,Q1_high_beta+Q5_channel_inconsistency,2.0,2,0.7693657758276825,,,0.7355550185385886,,,0.03381075728909383,0.03381075728909383
sub-006,ds004447,Q2,Q2_broadband,1.0,2,0.9356370543541788,,,0.9356370543541789,,,-5.551115123125783e-17,5.551115123125783e-17
sub-006,ds004447,Q23,Q2_broadband+Q3_high_freq_35_45,2.0,2,0.8628725891291642,,,0.8567382202382152,,,0.006134368890949093,0.009100470585864273
sub-006,ds004447,Q234,Q2_broadband+Q3_high_freq_35_45+Q4_transient,3.0,2,0.8747001499250375,,,0.8567382202382152,,,0.017961929686822253,0.017961929686822253
sub-006,ds004447,Q2345,Q2_broadband+Q3_high_freq_35_45+Q4_transient+Q5_channel_inconsistency,4.0,2,0.7546932141405933,,,0.731286912876422,,,0.02340630126417126,0.02340630126417126
sub-006,ds004447,Q235,Q2_broadband+Q3_high_freq_35_45+Q5_channel_inconsistency,3.0,2,0.7434782608695653,,,0.731286912876422,,,0.012191347993143253,0.014421702384514679
sub-006,ds004447,Q24,Q2_broadband+Q4_transient,2.0,2,0.9438905547226386,,,0.9356370543541788,,,0.008253500368459898,0.008253500368459898
sub-006,ds004447,Q245,Q2_broadband+Q4_transient+Q5_channel_inconsistency,3.0,2,0.8128403088175538,,,0.7968204634816318,,,0.016019845335921934,0.016019845335921934
sub-006,ds004447,Q25,Q2_broadband+Q5_channel_inconsistency,2.0,2,0.8055335968379447,,,0.796820463481632,,,0.008713133356312519,0.008713133356312519
sub-006,ds004447,Q3,Q3_high_freq_35_45,1.0,2,0.9147988505747127,,,0.9147988505747127,,,0.0,0.0
sub-006,ds004447,Q34,Q3_high_freq_35_45+Q4_transient,2.0,2,0.9178785607196402,,,0.9147988505747127,,,0.003079710144927583,0.003079710144927583
sub-006,ds004447,Q345,Q3_high_freq_35_45+Q4_transient+Q5_channel_inconsistency,3.0,2,0.7901259650548558,,,0.7791469911125388,,,0.010978973942316839,0.010978973942316839
sub-006,ds004447,Q35,Q3_high_freq_35_45+Q5_channel_inconsistency,2.0,2,0.783201581027668,,,0.7791469911125388,,,0.004054589915129192,0.007160650521189749
sub-006,ds004447,Q4,Q4_transient,1.0,2,1.0,,,1.0,,,0.0,0.0
sub-006,ds004447,Q45,Q4_transient+Q5_channel_inconsistency,2.0,2,0.8526208858187729,,,0.8496047430830039,,,0.003016142735768945,0.003016142735768945
sub-006,ds004447,Q5,Q5_channel_inconsistency,1.0,2,0.849604743083004,,,0.8496047430830038,,,1.1102230246251565e-16,1.1102230246251565e-16
sub-007,ds004444,Q1,Q1_high_beta,1.0,2,0.9427520051039009,,,0.9427520051039008,,,5.551115123125783e-17,5.551115123125783e-17
sub-007,ds004444,Q12,Q1_high_beta+Q2_broadband,2.0,2,0.8911492890995261,,,0.8912988001077842,,,-0.000149511008258163,0.007258515747594563
sub-007,ds004444,Q123,Q1_high_beta+Q2_broadband+Q3_high_freq_35_45,3.0,2,0.8380223880597015,,,0.8326409595736878,,,0.005381428486013695,0.005381428486013695
sub-007,ds004444,Q1234,Q1_high_beta+Q2_broadband+Q3_high_freq_35_45+Q4_transient,4.0,2,0.8380223880597015,,,0.8326409595736878,,,0.005381428486013695,0.005381428486013695
sub-007,ds004444,Q12345,Q1_high_beta+Q2_broadband+Q3_high_freq_35_45+Q4_transient+Q5_channel_inconsistency,5.0,2,0.7265252141912484,,,0.6963271243984058,,,0.030198089792842553,0.030198089792842553
sub-007,ds004444,Q1235,Q1_high_beta+Q2_broadband+Q3_high_freq_35_45+Q5_channel_inconsistency,4.0,2,0.7265252141912484,,,0.6963271243984058,,,0.030198089792842553,0.030198089792842553
sub-007,ds004444,Q124,Q1_high_beta+Q2_broadband+Q4_transient,3.0,2,0.8911492890995261,,,0.8912988001077842,,,-0.000149511008258163,0.007258515747594563
sub-007,ds004444,Q1245,Q1_high_beta+Q2_broadband+Q4_transient+Q5_channel_inconsistency,4.0,2,0.772413510858889,,,0.7459681507835547,,,0.026445360075334323,0.026445360075334323
sub-007,ds004444,Q125,Q1_high_beta+Q2_broadband+Q5_channel_inconsistency,3.0,2,0.772413510858889,,,0.7459681507835547,,,0.026445360075334323,0.026445360075334323
sub-007,ds004444,Q13,Q1_high_beta+Q3_high_freq_35_45,2.0,2,0.8795326253348641,,,0.8799938818892445,,,-0.0004612565543803959,0.01107824373386751
sub-007,ds004444,Q134,Q1_high_beta+Q3_high_freq_35_45+Q4_transient,3.0,2,0.8795326253348641,,,0.8799938818892445,,,-0.0004612565543803959,0.01107824373386751
sub-007,ds004444,Q1345,Q1_high_beta+Q3_high_freq_35_45+Q4_transient+Q5_channel_inconsistency,4.0,2,0.7517555409260479,,,0.7367394864417298,,,0.015016054484317976,0.015016054484317976
sub-007,ds004444,Q135,Q1_high_beta+Q3_high_freq_35_45+Q5_channel_inconsistency,3.0,2,0.7517555409260479,,,0.7367394864417298,,,0.015016054484317976,0.015016054484317976
sub-007,ds004444,Q14,Q1_high_beta+Q4_transient,2.0,2,0.9427520051039009,,,0.9427520051039008,,,5.551115123125783e-17,5.551115123125783e-17
sub-007,ds004444,Q145,Q1_high_beta+Q4_transient+Q5_channel_inconsistency,3.0,2,0.8061224489795917,,,0.789864416639225,,,0.016258032340366768,0.016258032340366768
sub-007,ds004444,Q15,Q1_high_beta+Q5_channel_inconsistency,2.0,2,0.8061224489795917,,,0.789864416639225,,,0.016258032340366768,0.016258032340366768
sub-007,ds004444,Q2,Q2_broadband,1.0,2,0.9452898550724638,,,0.9452898550724638,,,-5.551115123125783e-17,5.551115123125783e-17
sub-007,ds004444,Q23,Q2_broadband+Q3_high_freq_35_45,2.0,2,0.8866147712170116,,,0.8829694323144104,,,0.003645338902601103,0.006543889627238841
sub-007,ds004444,Q234,Q2_broadband+Q3_high_freq_35_45+Q4_transient,3.0,2,0.8866147712170116,,,0.8829694323144104,,,0.003645338902601103,0.006543889627238841
sub-007,ds004444,Q2345,Q2_broadband+Q3_high_freq_35_45+Q4_transient+Q5_channel_inconsistency,4.0,2,0.7415706359368331,,,0.7381764914401165,,,0.0033941444967166556,0.011002227752337224
sub-007,ds004444,Q235,Q2_broadband+Q3_high_freq_35_45+Q5_channel_inconsistency,3.0,2,0.7415706359368331,,,0.7381764914401165,,,0.0033941444967166556,0.011002227752337224
sub-007,ds004444,Q24,Q2_broadband+Q4_transient,2.0,2,0.9452898550724638,,,0.9452898550724638,,,-5.551115123125783e-17,5.551115123125783e-17
sub-007,ds004444,Q245,Q2_broadband+Q4_transient+Q5_channel_inconsistency,3.0,2,0.7962569940189079,,,0.7908707433389619,,,0.005386250679946136,0.014753415004386983
sub-007,ds004444,Q25,Q2_broadband+Q5_channel_inconsistency,2.0,2,0.7962569940189079,,,0.7908707433389619,,,0.005386250679946136,0.014753415004386983
sub-007,ds004444,Q3,Q3_high_freq_35_45,1.0,2,0.9333151382823872,,,0.9333151382823872,,,-5.551115123125783e-17,5.551115123125783e-17
sub-007,ds004444,Q34,Q3_high_freq_35_45+Q4_transient,2.0,2,0.9333151382823872,,,0.9333151382823872,,,-5.551115123125783e-17,5.551115123125783e-17
sub-007,ds004444,Q345,Q3_high_freq_35_45+Q4_transient+Q5_channel_inconsistency,3.0,2,0.7760529534190144,,,0.7811051828494533,,,-0.005052229430438981,0.005052229430438981
sub-007,ds004444,Q35,Q3_high_freq_35_45+Q5_channel_inconsistency,2.0,2,0.7760529534190144,,,0.7811051828494533,,,-0.005052229430438981,0.005052229430438981
sub-007,ds004444,Q4,Q4_transient,1.0,2,1.0,,,1.0,,,0.0,0.0
sub-007,ds004444,Q45,Q4_transient+Q5_channel_inconsistency,2.0,2,0.8375002559534779,,,0.8375002559534779,,,-5.551115123125783e-17,1.6653345369377348e-16
sub-007,ds004444,Q5,Q5_channel_inconsistency,1.0,2,0.8375002559534779,,,0.8375002559534779,,,-5.551115123125783e-17,1.6653345369377348e-16
sub-007,ds004447,Q1,Q1_high_beta,1.0,2,0.9589446589446589,,,0.9589446589446589,,,5.551115123125783e-17,5.551115123125783e-17
sub-007,ds004447,Q12,Q1_high_beta+Q2_broadband,2.0,2,0.8970182465509569,,,0.8931946984578563,,,0.0038235480931005372,0.0038235480931005372
sub-007,ds004447,Q123,Q1_high_beta+Q2_broadband+Q3_high_freq_35_45,3.0,2,0.8237413672305074,,,0.822536785044266,,,0.0012045821862414208,0.001633917203963553
sub-007,ds004447,Q1234,Q1_high_beta+Q2_broadband+Q3_high_freq_35_45+Q4_transient,4.0,2,0.8237413672305074,,,0.822536785044266,,,0.0012045821862414208,0.001633917203963553
sub-007,ds004447,Q12345,Q1_high_beta+Q2_broadband+Q3_high_freq_35_45+Q4_transient+Q5_channel_inconsistency,5.0,2,0.7490848776023793,,,0.6943369409085056,,,0.05474793669387379,0.05474793669387379
sub-007,ds004447,Q1235,Q1_high_beta+Q2_broadband+Q3_high_freq_35_45+Q5_channel_inconsistency,4.0,2,0.7490848776023793,,,0.6943369409085056,,,0.05474793669387379,0.05474793669387379
sub-007,ds004447,Q124,Q1_high_beta+Q2_broadband+Q4_transient,3.0,2,0.8970182465509569,,,0.8931946984578563,,,0.0038235480931005372,0.0038235480931005372
sub-007,ds004447,Q1245,Q1_high_beta+Q2_broadband+Q4_transient+Q5_channel_inconsistency,4.0,2,0.8077551020408162,,,0.7537949500111656,,,0.05396015202965071,0.05396015202965071
sub-007,ds004447,Q125,Q1_high_beta+Q2_broadband+Q5_channel_inconsistency,3.0,2,0.8077551020408162,,,0.7537949500111656,,,0.05396015202965071,0.05396015202965071
sub-007,ds004447,Q13,Q1_high_beta+Q3_high_freq_35_45,2.0,2,0.8846041626142773,,,0.8796354349406998,,,0.004968727673577533,0.004968727673577533
sub-007,ds004447,Q134,Q1_high_beta+Q3_high_freq_35_45+Q4_transient,3.0,2,0.8846041626142773,,,0.8796354349406998,,,0.004968727673577533,0.004968727673577533
sub-007,ds004447,Q1345,Q1_high_beta+Q3_high_freq_35_45+Q4_transient+Q5_channel_inconsistency,4.0,2,0.7954217935927281,,,0.7431843365941109,,,0.05223745699861715,0.05223745699861715
sub-007,ds004447,Q135,Q1_high_beta+Q3_high_freq_35_45+Q5_channel_inconsistency,3.0,2,0.7954217935927281,,,0.7431843365941109,,,0.05223745699861715,0.05223745699861715
sub-007,ds004447,Q14,Q1_high_beta+Q4_transient,2.0,2,0.9589446589446589,,,0.9589446589446589,,,5.551115123125783e-17,5.551115123125783e-17
sub-007,ds004447,Q145,Q1_high_beta+Q4_transient+Q5_channel_inconsistency,3.0,2,0.8464705882352941,,,0.8098087168434596,,,0.036661871391834466,0.036661871391834466
sub-007,ds004447,Q15,Q1_high_beta+Q5_channel_inconsistency,2.0,2,0.8464705882352941,,,0.8098087168434596,,,0.036661871391834466,0.036661871391834466
sub-007,ds004447,Q2,Q2_broadband,1.0,2,0.9298245614035088,,,0.9298245614035088,,,0.0,0.0
sub-007,ds004447,Q23,Q2_broadband+Q3_high_freq_35_45,2.0,2,0.8577981651376148,,,0.8549200742077309,,,0.0028780909298838364,0.0028780909298839474
sub-007,ds004447,Q234,Q2_broadband+Q3_high_freq_35_45+Q4_transient,3.0,2,0.8577981651376148,,,0.8549200742077309,,,0.0028780909298838364,0.0028780909298839474
sub-007,ds004447,Q2345,Q2_broadband+Q3_high_freq_35_45+Q4_transient+Q5_channel_inconsistency,4.0,2,0.7543016437566086,,,0.7207798548829256,,,0.03352178887368307,0.03352178887368307
sub-007,ds004447,Q235,Q2_broadband+Q3_high_freq_35_45+Q5_channel_inconsistency,3.0,2,0.7543016437566086,,,0.7207798548829256,,,0.03352178887368307,0.03352178887368307
sub-007,ds004447,Q24,Q2_broadband+Q4_transient,2.0,2,0.9298245614035088,,,0.9298245614035088,,,0.0,0.0
sub-007,ds004447,Q245,Q2_broadband+Q4_transient+Q5_channel_inconsistency,3.0,2,0.8030138587410252,,,0.783666241216241,,,0.01934761752478431,0.01934761752478431
sub-007,ds004447,Q25,Q2_broadband+Q5_channel_inconsistency,2.0,2,0.8030138587410252,,,0.783666241216241,,,0.01934761752478431,0.01934761752478431
sub-007,ds004447,Q3,Q3_high_freq_35_45,1.0,2,0.9158619024625785,,,0.9158619024625785,,,-5.551115123125783e-17,5.551115123125783e-17
sub-007,ds004447,Q34,Q3_high_freq_35_45+Q4_transient,2.0,2,0.9158619024625785,,,0.9158619024625785,,,-5.551115123125783e-17,5.551115123125783e-17
sub-007,ds004447,Q345,Q3_high_freq_35_45+Q4_transient+Q5_channel_inconsistency,3.0,2,0.797190067214339,,,0.7728182302544274,,,0.02437183695991163,0.02437183695991163
sub-007,ds004447,Q35,Q3_high_freq_35_45+Q5_channel_inconsistency,2.0,2,0.797190067214339,,,0.7728182302544274,,,0.02437183695991163,0.02437183695991163
sub-007,ds004447,Q4,Q4_transient,1.0,2,1.0,,,1.0,,,0.0,0.0
sub-007,ds004447,Q45,Q4_transient+Q5_channel_inconsistency,2.0,2,0.8433226065969428,,,0.8433226065969428,,,1.1102230246251565e-16,1.1102230246251565e-16
sub-007,ds004447,Q5,Q5_channel_inconsistency,1.0,2,0.8433226065969428,,,0.8433226065969428,,,1.1102230246251565e-16,1.1102230246251565e-16
sub-008,ds004444,Q1,Q1_high_beta,1.0,2,0.9744622952535454,,,0.9744622952535453,,,1.6653345369377348e-16,1.6653345369377348e-16
sub-008,ds004444,Q12,Q1_high_beta+Q2_broadband,2.0,2,0.8253058570093077,,,0.8073238092280091,,,0.017982047781298693,0.017982047781298693
sub-008,ds004444,Q123,Q1_high_beta+Q2_broadband+Q3_high_freq_35_45,3.0,2,0.8220067771084337,,,0.8017506854615297,,,0.020256091646904062,0.020256091646904062
sub-008,ds004444,Q1234,Q1_high_beta+Q2_broadband+Q3_high_freq_35_45+Q4_transient,4.0,2,0.8189947289156627,,,0.8001297956229079,,,0.018864933292754793,0.018864933292754793
sub-008,ds004444,Q12345,Q1_high_beta+Q2_broadband+Q3_high_freq_35_45+Q4_transient+Q5_channel_inconsistency,5.0,2,0.6021012766477307,,,0.5840991891858824,,,0.018002087461848337,0.05704397503208053
sub-008,ds004444,Q1235,Q1_high_beta+Q2_broadband+Q3_high_freq_35_45+Q5_channel_inconsistency,4.0,2,0.6053692505039399,,,0.5850665457975981,,,0.020302704706341712,0.054743357787587155
sub-008,ds004444,Q124,Q1_high_beta+Q2_broadband+Q4_transient,3.0,2,0.8224809982522456,,,0.8056887097142804,,,0.016792288537965216,0.016792288537965216
sub-008,ds004444,Q1245,Q1_high_beta+Q2_broadband+Q4_transient+Q5_channel_inconsistency,4.0,2,0.6067751400373433,,,0.5877360694448264,,,0.01903907059251697,0.053812600267489685
sub-008,ds004444,Q125,Q1_high_beta+Q2_broadband+Q5_channel_inconsistency,3.0,2,0.60984262469992,,,0.5887093898164029,,,0.021133234883517205,0.05171843597648945
sub-008,ds004444,Q13,Q1_high_beta+Q3_high_freq_35_45,2.0,2,0.9699285371126591,,,0.9660332662613479,,,0.00389527085131125,0.00389527085131125
sub-008,ds004444,Q134,Q1_high_beta+Q3_high_freq_35_45+Q4_transient,3.0,2,0.9671661061734327,,,0.9640105772690954,,,0.0031555289043371237,0.0031555289043371237
sub-008,ds004444,Q1345,Q1_high_beta+Q3_high_freq_35_45+Q4_transient+Q5_channel_inconsistency,4.0,2,0.7108843537414966,,,0.6990741722011855,,,0.011810181540311049,0.025853846567275462
sub-008,ds004444,Q135,Q1_high_beta+Q3_high_freq_35_45+Q5_channel_inconsistency,3.0,2,0.7138605442176871,,,0.7002019603916865,,,0.013658583826000492,0.02400544428158602
sub-008,ds004444,Q14,Q1_high_beta+Q4_transient,2.0,2,0.9718849756659166,,,0.9724219172466724,,,-0.0005369415807558453,0.0005369415807560673
sub-008,ds004444,Q145,Q1_high_beta+Q4_transient+Q5_channel_inconsistency,3.0,2,0.7211538461538461,,,0.7046808848610187,,,0.016472961292827493,0.02034582546347463
sub-008,ds004444,Q15,Q1_high_beta+Q5_channel_inconsistency,2.0,2,0.7239316239316239,,,0.705815376105239,,,0.01811624782638488,0.018702538929917245
sub-008,ds004444,Q2,Q2_broadband,1.0,2,0.8271567891972993,,,0.8271567891972994,,,-1.1102230246251565e-16,1.1102230246251565e-16
sub-008,ds004444,Q23,Q2_broadband+Q3_high_freq_35_45,2.0,2,0.8187839910751639,,,0.8212788437653782,,,-0.0024948526902142665,0.004529698035213692
sub-008,ds004444,Q234,Q2_broadband+Q3_high_freq_35_45+Q4_transient,3.0,2,0.8163087435504114,,,0.819631379094697,,,-0.0033226355442855793,0.003701915181142379
sub-008,ds004444,Q2345,Q2_broadband+Q3_high_freq_35_45+Q4_transient+Q5_channel_inconsistency,4.0,2,0.6243519686142638,,,0.5984090089849083,,,0.025942959629355444,0.06430224403005003
sub-008,ds004444,Q235,Q2_broadband+Q3_high_freq_35_45+Q5_channel_inconsistency,3.0,2,0.6270842090514221,,,0.5993906418457877,,,0.02769356720563443,0.06255163645377104
sub-008,ds004444,Q24,Q2_broadband+Q4_transient,2.0,2,0.8248312078019504,,,0.8254946096878641,,,-0.0006634018859137392,0.0006634018859137392
sub-008,ds004444,Q245,Q2_broadband+Q4_transient+Q5_channel_inconsistency,3.0,2,0.6254578754578755,,,0.6022488173515828,,,0.0232090581062927,0.06413545060731873
sub-008,ds004444,Q25,Q2_broadband+Q5_channel_inconsistency,2.0,2,0.628021978021978,,,0.6032366108242644,,,0.024785367197713626,0.06255914151589781
sub-008,ds004444,Q3,Q3_high_freq_35_45,1.0,2,0.9910813492063493,,,0.9910813492063493,,,0.0,0.0
sub-008,ds004444,Q34,Q3_high_freq_35_45+Q4_transient,2.0,2,0.988859126984127,,,0.9890164550004895,,,-0.00015732801636247906,0.00015732801636247906
sub-008,ds004444,Q345,Q3_high_freq_35_45+Q4_transient+Q5_channel_inconsistency,3.0,2,0.7156292749658003,,,0.7168716982857737,,,-0.0012424233199733736,0.007328544095201117
sub-008,ds004444,Q35,Q3_high_freq_35_45+Q5_channel_inconsistency,2.0,2,0.7180802553579572,,,0.7180194045957204,,,6.085076223666386e-05,0.00602527001299108
sub-008,ds004444,Q4,Q4_transient,1.0,2,0.9979166666666667,,,0.9979166666666667,,,0.0,0.0
sub-008,ds004444,Q45,Q4_transient+Q5_channel_inconsistency,2.0,2,0.7216624053742418,,,0.7228013229762809,,,-0.0011389176020391023,0.0011389176020391023
sub-008,ds004444,Q5,Q5_channel_inconsistency,1.0,2,0.7239559833558931,,,0.7239559833558933,,,-1.1102230246251565e-16,1.1102230246251565e-16
sub-008,ds004447,Q1,Q1_high_beta,1.0,2,0.8867171918627843,,,0.8867171918627842,,,5.551115123125783e-17,5.551115123125783e-17
sub-008,ds004447,Q12,Q1_high_beta+Q2_broadband,2.0,2,0.7803751803751804,,,0.7868249448672922,,,-0.006449764492111709,0.006449764492111709
sub-008,ds004447,Q123,Q1_high_beta+Q2_broadband+Q3_high_freq_35_45,3.0,2,0.7515873015873016,,,0.7182972072936176,,,0.03329009429368396,0.03329009429368396
sub-008,ds004447,Q1234,Q1_high_beta+Q2_broadband+Q3_high_freq_35_45+Q4_transient,4.0,2,0.7404761904761905,,,0.6887846280000076,,,0.051691562476182895,0.051691562476182895
sub-008,ds004447,Q12345,Q1_high_beta+Q2_broadband+Q3_high_freq_35_45+Q4_transient+Q5_channel_inconsistency,5.0,2,0.7158371040723982,,,0.5661036243828407,,,0.14973347968955752,0.14973347968955752
sub-008,ds004447,Q1235,Q1_high_beta+Q2_broadband+Q3_high_freq_35_45+Q5_channel_inconsistency,4.0,2,0.7217194570135747,,,0.58825014887265,,,0.13346930814092461,0.13346930814092461
sub-008,ds004447,Q124,Q1_high_beta+Q2_broadband+Q4_transient,3.0,2,0.7637085137085138,,,0.7535971921159644,,,0.010111321592549294,0.010111321592549294
sub-008,ds004447,Q1245,Q1_high_beta+Q2_broadband+Q4_transient+Q5_channel_inconsistency,4.0,2,0.7359477124183007,,,0.6188568740234053,,,0.11709083839489537,0.11709083839489537
sub-008,ds004447,Q125,Q1_high_beta+Q2_broadband+Q5_channel_inconsistency,3.0,2,0.7418300653594772,,,0.6437945103343881,,,0.09803555502508915,0.09803555502508915
sub-008,ds004447,Q13,Q1_high_beta+Q3_high_freq_35_45,2.0,2,0.8290294246815986,,,0.8134753459544045,,,0.015554078727194054,0.017054616924980004
sub-008,ds004447,Q134,Q1_high_beta+Q3_high_freq_35_45+Q4_transient,3.0,2,0.8008344312692139,,,0.7777248842498298,,,0.023109547019384113,0.023109547019384113
sub-008,ds004447,Q1345,Q1_high_beta+Q3_high_freq_35_45+Q4_transient+Q5_channel_inconsistency,4.0,2,0.6955665024630542,,,0.6375213721099258,,,0.058045130353128416,0.058045130353128416
sub-008,ds004447,Q135,Q1_high_beta+Q3_high_freq_35_45+Q5_channel_inconsistency,3.0,2,0.7089026241596184,,,0.6637160207388176,,,0.045186603420800664,0.045186603420800664
sub-008,ds004447,Q14,Q1_high_beta+Q4_transient,2.0,2,0.8555644196250498,,,0.8468079033877556,,,0.008756516237294232,0.008756516237294232
sub-008,ds004447,Q145,Q1_high_beta+Q4_transient+Q5_channel_inconsistency,3.0,2,0.744526264113893,,,0.6933021908113612,,,0.0512240733025317,0.0512240733025317
sub-008,ds004447,Q15,Q1_high_beta+Q5_channel_inconsistency,2.0,2,0.7562730986189456,,,0.7225735195333215,,,0.03369957908562421,0.03369957908562421
sub-008,ds004447,Q2,Q2_broadband,1.0,2,0.8924075531077891,,,0.8924075531077893,,,-1.6653345369377348e-16,1.6653345369377348e-16
sub-008,ds004447,Q23,Q2_broadband+Q3_high_freq_35_45,2.0,2,0.8457415128052412,,,0.8067811273612447,,,0.03896038544399644,0.03896038544399644
sub-008,ds004447,Q234,Q2_broadband+Q3_high_freq_35_45+Q4_transient,3.0,2,0.8294371649791543,,,0.7724417014740899,,,0.0569954635050644,0.0569954635050644
sub-008,ds004447,Q2345,Q2_broadband+Q3_high_freq_35_45+Q4_transient+Q5_channel_inconsistency,4.0,2,0.7850547195622435,,,0.6342613601377026,,,0.15079335942454086,0.15079335942454086
sub-008,ds004447,Q235,Q2_broadband+Q3_high_freq_35_45+Q5_channel_inconsistency,3.0,2,0.7966826265389877,,,0.6600298832963718,,,0.1366527432426159,0.1366527432426159
sub-008,ds004447,Q24,Q2_broadband+Q4_transient,2.0,2,0.8655258326776816,,,0.8534572003365921,,,0.012068632341089403,0.012068632341089403
sub-008,ds004447,Q245,Q2_broadband+Q4_transient+Q5_channel_inconsistency,3.0,2,0.8017215342796739,,,0.699135474405862,,,0.10258605987381186,0.10258605987381186
sub-008,ds004447,Q25,Q2_broadband+Q5_channel_inconsistency,2.0,2,0.81916339474479,,,0.728236632408204,,,0.09092676233658609,0.09092676233658609
sub-008,ds004447,Q3,Q3_high_freq_35_45,1.0,2,0.9076923076923077,,,0.9076923076923077,,,0.0,0.0
sub-008,ds004447,Q34,Q3_high_freq_35_45+Q4_transient,2.0,2,0.8717948717948718,,,0.8665542108753317,,,0.005240660919540063,0.009551005747126584
sub-008,ds004447,Q345,Q3_high_freq_35_45+Q4_transient+Q5_channel_inconsistency,3.0,2,0.7382329477463103,,,0.7093770105320327,,,0.028855937214277705,0.028985213546635413
sub-008,ds004447,Q35,Q3_high_freq_35_45+Q5_channel_inconsistency,2.0,2,0.7549407114624507,,,0.7395607914685491,,,0.015379919993901536,0.015379919993901536
sub-008,ds004447,Q4,Q4_transient,1.0,2,0.9535919540229885,,,0.9535919540229885,,,0.0,0.0
sub-008,ds004447,Q45,Q4_transient+Q5_channel_inconsistency,2.0,2,0.7882851093860268,,,0.7784783733754179,,,0.00980673601060894,0.00980673601060894
sub-008,ds004447,Q5,Q5_channel_inconsistency,1.0,2,0.8124125874125874,,,0.8124125874125874,,,-5.551115123125783e-17,5.551115123125783e-17
sub-009,ds004444,Q1,Q1_high_beta,1.0,2,0.8729410863403049,,,0.8729410863403049,,,0.0,0.0
sub-009,ds004444,Q12,Q1_high_beta+Q2_broadband,2.0,2,0.8047879616963064,,,0.7855528703103974,,,0.019235091385908953,0.02076853525174438
sub-009,ds004444,Q123,Q1_high_beta+Q2_broadband+Q3_high_freq_35_45,3.0,2,0.7691644496994778,,,0.7385284884527304,,,0.030635961246747334,0.030635961246747334
sub-009,ds004444,Q1234,Q1_high_beta+Q2_broadband+Q3_high_freq_35_45+Q4_transient,4.0,2,0.7705234091248321,,,0.7362115467535995,,,0.03431186237123257,0.03431186237123257
sub-009,ds004444,Q12345,Q1_high_beta+Q2_broadband+Q3_high_freq_35_45+Q4_transient+Q5_channel_inconsistency,5.0,2,0.7317708333333333,,,0.6819648144004657,,,0.04980601893286757,0.04980601893286757
sub-009,ds004444,Q1235,Q1_high_beta+Q2_broadband+Q3_high_freq_35_45+Q5_channel_inconsistency,4.0,2,0.7307237972508591,,,0.6840144420452783,,,0.04670935520558078,0.04670935520558078
sub-009,ds004444,Q124,Q1_high_beta+Q2_broadband+Q4_transient,3.0,2,0.8061309030654515,,,0.783199387806184,,,0.02293151525926751,0.024464959125102936
sub-009,ds004444,Q1245,Q1_high_beta+Q2_broadband+Q4_transient+Q5_channel_inconsistency,4.0,2,0.7629077981225021,,,0.7248091773036841,,,0.038098620818817985,0.038098620818817985
sub-009,ds004444,Q125,Q1_high_beta+Q2_broadband+Q5_channel_inconsistency,3.0,2,0.7618384721583065,,,0.7268891042379138,,,0.034949367920392715,0.034949367920392715
sub-009,ds004444,Q13,Q1_high_beta+Q3_high_freq_35_45,2.0,2,0.8257850241545894,,,0.8191711272975674,,,0.006613896857022017,0.006613896857022017
sub-009,ds004444,Q134,Q1_high_beta+Q3_high_freq_35_45+Q4_transient,3.0,2,0.827147952503499,,,0.8164715923501569,,,0.010676360153342168,0.010676360153342168
sub-009,ds004444,Q1345,Q1_high_beta+Q3_high_freq_35_45+Q4_transient+Q5_channel_inconsistency,4.0,2,0.7735210707000348,,,0.7536023172180581,,,0.019918753481976692,0.019918753481976692
sub-009,ds004444,Q135,Q1_high_beta+Q3_high_freq_35_45+Q5_channel_inconsistency,3.0,2,0.7724775839984235,,,0.7559691360909062,,,0.016508447907517265,0.016508447907517265
sub-009,ds004444,Q14,Q1_high_beta+Q4_transient,2.0,2,0.8742995710476484,,,0.8701885982393525,,,0.004110972808295976,0.004110972808295976
sub-009,ds004444,Q145,Q1_high_beta+Q4_transient+Q5_channel_inconsistency,3.0,2,0.811651728553137,,,0.8021559548568009,,,0.00949577369633603,0.00949577369633603
sub-009,ds004444,Q15,Q1_high_beta+Q5_channel_inconsistency,2.0,2,0.8105708245243128,,,0.8045661202483181,,,0.006004704275994754,0.006004704275994754
sub-009,ds004444,Q2,Q2_broadband,1.0,2,0.9016161616161615,,,0.9016161616161616,,,-5.551115123125783e-17,5.551115123125783e-17
sub-009,ds004444,Q23,Q2_broadband+Q3_high_freq_35_45,2.0,2,0.8540754120568976,,,0.8475349208959784,,,0.0065404911609193706,0.0065404911609193706
sub-009,ds004444,Q234,Q2_broadband+Q3_high_freq_35_45+Q4_transient,3.0,2,0.853616846711336,,,0.8440217014239371,,,0.009595145287398854,0.009595145287398854
sub-009,ds004444,Q2345,Q2_broadband+Q3_high_freq_35_45+Q4_transient+Q5_channel_inconsistency,4.0,2,0.8108770453251479,,,0.7745622103932135,,,0.03631483493193438,0.03631483493193438
sub-009,ds004444,Q235,Q2_broadband+Q3_high_freq_35_45+Q5_channel_inconsistency,3.0,2,0.809327123421988,,,0.777590494365616,,,0.031736629056372034,0.031736629056372034
sub-009,ds004444,Q24,Q2_broadband+Q4_transient,2.0,2,0.9012773474656883,,,0.8980079642761896,,,0.0032693831894986536,0.0032693831894986536
sub-009,ds004444,Q245,Q2_broadband+Q4_transient+Q5_channel_inconsistency,3.0,2,0.8546619081001848,,,0.8232279500576742,,,0.03143395804251059,0.03143395804251059
sub-009,ds004444,Q25,Q2_broadband+Q5_channel_inconsistency,2.0,2,0.8530569293907188,,,0.8263320504139667,,,0.02672487897675202,0.02672487897675202
sub-009,ds004444,Q3,Q3_high_freq_35_45,1.0,2,0.93806986989038,,,0.93806986989038,,,0.0,1.1102230246251565e-16
sub-009,ds004444,Q34,Q3_high_freq_35_45+Q4_transient,2.0,2,0.9357105943152455,,,0.9339805745503178,,,0.0017300197649275928,0.0017300197649275928
sub-009,ds004444,Q345,Q3_high_freq_35_45+Q4_transient+Q5_channel_inconsistency,3.0,2,0.8583519677996423,,,0.8536708066931153,,,0.004681161106526943,0.010403538219609265
sub-009,ds004444,Q35,Q3_high_freq_35_45+Q5_channel_inconsistency,2.0,2,0.8590592874867069,,,0.8571578145977286,,,0.001901472888978295,0.013183226437157913
sub-009,ds004444,Q4,Q4_transient,1.0,2,0.9957805907172996,,,0.9957805907172994,,,1.1102230246251565e-16,1.1102230246251565e-16
sub-009,ds004444,Q45,Q4_transient+Q5_channel_inconsistency,2.0,2,0.911919191919192,,,0.9088390458948834,,,0.0030801460243085055,0.0030801460243085055
sub-009,ds004444,Q5,Q5_channel_inconsistency,1.0,2,0.9124282472300094,,,0.9124282472300094,,,0.0,1.1102230246251565e-16
sub-009,ds004447,Q1,Q1_high_beta,1.0,2,0.8863338252172488,,,0.8863338252172488,,,0.0,0.0
sub-009,ds004447,Q12,Q1_high_beta+Q2_broadband,2.0,2,0.8353296586813652,,,0.7906746518094065,,,0.044655006871958725,0.0505946615401765
sub-009,ds004447,Q123,Q1_high_beta+Q2_broadband+Q3_high_freq_35_45,3.0,2,0.7879291251384275,,,0.7294492929489893,,,0.0584798321894382,0.059028562604612866
sub-009,ds004447,Q1234,Q1_high_beta+Q2_broadband+Q3_high_freq_35_45+Q4_transient,4.0,2,0.7688815060908084,,,0.7106543989082601,,,0.058227107182548254,0.058775837597722924
sub-009,ds004447,Q12345,Q1_high_beta+Q2_broadband+Q3_high_freq_35_45+Q4_transient+Q5_channel_inconsistency,5.0,2,0.5630792400370714,,,0.47821987699969515,,,0.08485936303737623,0.10292397948997284
sub-009,ds004447,Q1235,Q1_high_beta+Q2_broadband+Q3_high_freq_35_45+Q5_channel_inconsistency,4.0,2,0.5775023169601483,,,0.4923576291542259,,,0.08514468780592244,0.10320930425851904
sub-009,ds004447,Q124,Q1_high_beta+Q2_broadband+Q4_transient,3.0,2,0.8164617341530633,,,0.7706147168236284,,,0.045847017329434914,0.05178667199765269
sub-009,ds004447,Q1245,Q1_high_beta+Q2_broadband+Q4_transient+Q5_channel_inconsistency,4.0,2,0.6182170542635659,,,0.515177565164819,,,0.10303948909874683,0.10303948909874683
sub-009,ds004447,Q125,Q1_high_beta+Q2_broadband+Q5_channel_inconsistency,3.0,2,0.6325027685492801,,,0.5302668967912894,,,0.10223587175799081,0.10223587175799081
sub-009,ds004447,Q13,Q1_high_beta+Q3_high_freq_35_45,2.0,2,0.8379931389365352,,,0.8189496503890856,,,0.019043488547449583,0.019043488547449583
sub-009,ds004447,Q134,Q1_high_beta+Q3_high_freq_35_45+Q4_transient,3.0,2,0.8191252144082333,,,0.7951978612167356,,,0.023927353191497636,0.023927353191497636
sub-009,ds004447,Q1345,Q1_high_beta+Q3_high_freq_35_45+Q4_transient+Q5_channel_inconsistency,4.0,2,0.5857142857142857,,,0.5409038764644261,,,0.04481040924985974,0.08312232989783258
sub-009,ds004447,Q135,Q1_high_beta+Q3_high_freq_35_45+Q5_channel_inconsistency,3.0,2,0.6,,,0.5587702665498219,,,0.04122973345017811,0.07954165409815095
sub-009,ds004447,Q14,Q1_high_beta+Q4_transient,2.0,2,0.8676422364322021,,,0.8609833579275291,,,0.006658878504672894,0.006658878504672894
sub-009,ds004447,Q145,Q1_high_beta+Q4_transient+Q5_channel_inconsistency,3.0,2,0.6292625930413709,,,0.582101570231957,,,0.04716102280941398,0.06359986592273187
sub-009,ds004447,Q15,Q1_high_beta+Q5_channel_inconsistency,2.0,2,0.6434135364375975,,,0.6011705058038699,,,0.042243030633727474,0.058681873747045366
sub-009,ds004447,Q2,Q2_broadband,1.0,2,0.8901576684185379,,,0.8901576684185379,,,5.551115123125783e-17,5.551115123125783e-17
sub-009,ds004447,Q23,Q2_broadband+Q3_high_freq_35_45,2.0,2,0.8443181818181817,,,0.8214450822376946,,,0.02287309958048711,0.026633719491549357
sub-009,ds004447,Q234,Q2_broadband+Q3_high_freq_35_45+Q4_transient,3.0,2,0.8261363636363637,,,0.7998208493091139,,,0.02631551432724971,0.030076134238311958
sub-009,ds004447,Q2345,Q2_broadband+Q3_high_freq_35_45+Q4_transient+Q5_channel_inconsistency,4.0,2,0.6031438415159345,,,0.5363091119622079,,,0.0668347295537266,0.0668347295537266
sub-009,ds004447,Q235,Q2_broadband+Q3_high_freq_35_45+Q5_channel_inconsistency,3.0,2,0.6170327304048234,,,0.5525751278819369,,,0.06445760252288657,0.06445760252288657
sub-009,ds004447,Q24,Q2_broadband+Q4_transient,2.0,2,0.872766364070712,,,0.8670779582736103,,,0.005688405797101503,0.005688405797101503
sub-009,ds004447,Q245,Q2_broadband+Q4_transient+Q5_channel_inconsistency,3.0,2,0.6573535313001605,,,0.5773543790969313,,,0.07999915220322917,0.07999915220322917
sub-009,ds004447,Q25,Q2_broadband+Q5_channel_inconsistency,2.0,2,0.6707463884430176,,,0.5947152230112573,,,0.0760311654317603,0.0760311654317603
sub-009,ds004447,Q3,Q3_high_freq_35_45,1.0,2,0.924220680857849,,,0.924220680857849,,,0.0,0.0
sub-009,ds004447,Q34,Q3_high_freq_35_45+Q4_transient,2.0,2,0.897193653830822,,,0.8968933535305217,,,0.0003003003003002602,0.0003003003003002602
sub-009,ds004447,Q345,Q3_high_freq_35_45+Q4_transient+Q5_channel_inconsistency,3.0,2,0.6192660550458715,,,0.6082612367326486,,,0.01100481831322292,0.031753536371737334
sub-009,ds004447,Q35,Q3_high_freq_35_45+Q5_channel_inconsistency,2.0,2,0.6376146788990826,,,0.6288171909169215,,,0.008797487982161123,0.029546206040675538
sub-009,ds004447,Q4,Q4_transient,1.0,2,0.9708333333333333,,,0.9708333333333333,,,0.0,0.0
sub-009,ds004447,Q45,Q4_transient+Q5_channel_inconsistency,2.0,2,0.6584070796460177,,,0.6541666666666668,,,0.00424041297935096,0.00424041297935096
sub-009,ds004447,Q5,Q5_channel_inconsistency,1.0,2,0.6761061946902654,,,0.6761061946902656,,,-1.1102230246251565e-16,1.1102230246251565e-16
sub-010,ds004444,Q1,Q1_high_beta,1.0,2,0.9473664266767715,,,0.9473664266767716,,,-5.551115123125783e-17,5.551115123125783e-17
sub-010,ds004444,Q12,Q1_high_beta+Q2_broadband,2.0,2,0.8468150452714291,,,0.8173691946662773,,,0.029445850605151813,0.029445850605151813
sub-010,ds004444,Q123,Q1_high_beta+Q2_broadband+Q3_high_freq_35_45,3.0,2,0.575780048341024,,,0.46874676895116685,,,0.10703327938985716,0.10703327938985716
sub-010,ds004444,Q1234,Q1_high_beta+Q2_broadband+Q3_high_freq_35_45+Q4_transient,4.0,2,0.2776109442776109,,,0.1254445334604076,,,0.15216641081720333,0.15216641081720333
sub-010,ds004444,Q12345,Q1_high_beta+Q2_broadband+Q3_high_freq_35_45+Q4_transient+Q5_channel_inconsistency,5.0,2,0.23881673881673882,,,0.10322868372493287,,,0.13558805509180594,0.13558805509180594
sub-010,ds004444,Q1235,Q1_high_beta+Q2_broadband+Q3_high_freq_35_45+Q5_channel_inconsistency,4.0,2,0.5142301392301393,,,0.3738520208833572,,,0.14037811834678207,0.14037811834678207
sub-010,ds004444,Q124,Q1_high_beta+Q2_broadband+Q4_transient,3.0,2,0.33551616266944734,,,0.23679774538739856,,,0.0987184172820488,0.0987184172820488
sub-010,ds004444,Q1245,Q1_high_beta+Q2_broadband+Q4_transient+Q5_channel_inconsistency,4.0,2,0.290256356266779,,,0.19468839896102275,,,0.09556795730575623,0.09556795730575623
sub-010,ds004444,Q125,Q1_high_beta+Q2_broadband+Q5_channel_inconsistency,3.0,2,0.7282049989921386,,,0.6450881238468632,,,0.08311687514527549,0.08311687514527549
sub-010,ds004444,Q13,Q1_high_beta+Q3_high_freq_35_45,2.0,2,0.5876406592893496,,,0.5486449276416294,,,0.03899573164772013,0.03899573164772013
sub-010,ds004444,Q134,Q1_high_beta+Q3_high_freq_35_45+Q4_transient,3.0,2,0.27687375528245983,,,0.14445348108387832,,,0.1324202741985815,0.1324202741985815
sub-010,ds004444,Q1345,Q1_high_beta+Q3_high_freq_35_45+Q4_transient+Q5_channel_inconsistency,4.0,2,0.2373943000313185,,,0.1184705040912793,,,0.11892379594003921,0.11892379594003921
sub-010,ds004444,Q135,Q1_high_beta+Q3_high_freq_35_45+Q5_channel_inconsistency,3.0,2,0.5054898392478011,,,0.43594825822707783,,,0.06954158102072319,0.06954158102072319
sub-010,ds004444,Q14,Q1_high_beta+Q4_transient,2.0,2,0.31353417140297335,,,0.27034869520734855,,,0.043185476195624836,0.043185476195624836
sub-010,ds004444,Q145,Q1_high_beta+Q4_transient+Q5_channel_inconsistency,3.0,2,0.2725663050030139,,,0.22137287275407333,,,0.051193432248940546,0.051193432248940546
sub-010,ds004444,Q15,Q1_high_beta+Q5_channel_inconsistency,2.0,2,0.7704802259887006,,,0.7439195651840541,,,0.026560660804646474,0.026560660804646474
sub-010,ds004444,Q2,Q2_broadband,1.0,2,0.8603517005456447,,,0.8603517005456447,,,5.551115123125783e-17,5.551115123125783e-17
sub-010,ds004444,Q23,Q2_broadband+Q3_high_freq_35_45,2.0,2,0.5533333333333333,,,0.48691375239363566,,,0.06641958093969766,0.06641958093969766
sub-010,ds004444,Q234,Q2_broadband+Q3_high_freq_35_45+Q4_transient,3.0,2,0.24371623208832513,,,0.12852223528001877,,,0.11519399680830636,0.11519399680830636
sub-010,ds004444,Q2345,Q2_broadband+Q3_high_freq_35_45+Q4_transient+Q5_channel_inconsistency,4.0,2,0.21898395721925135,,,0.10561620340552942,,,0.11336775381372192,0.11336775381372192
sub-010,ds004444,Q235,Q2_broadband+Q3_high_freq_35_45+Q5_channel_inconsistency,3.0,2,0.503056884635832,,,0.38780410572513346,,,0.11525277891069852,0.11525277891069852
sub-010,ds004444,Q24,Q2_broadband+Q4_transient,2.0,2,0.29563418461977453,,,0.24375658318606724,,,0.051877601433707315,0.051877601433707315
sub-010,ds004444,Q245,Q2_broadband+Q4_transient+Q5_channel_inconsistency,3.0,2,0.2637889688249401,,,0.20008675662425487,,,0.06370221220068517,0.06370221220068517
sub-010,ds004444,Q25,Q2_broadband+Q5_channel_inconsistency,2.0,2,0.7265804377774376,,,0.6769011106761976,,,0.04967932710124001,0.04967932710124001
sub-010,ds004444,Q3,Q3_high_freq_35_45,1.0,2,0.5708402784586724,,,0.5708402784586725,,,-2.7755575615628914e-17,2.7755575615628914e-17
sub-010,ds004444,Q34,Q3_high_freq_35_45+Q4_transient,2.0,2,0.24582598072485407,,,0.14821300658382897,,,0.0976129741410251,0.0976129741410251
sub-010,ds004444,Q345,Q3_high_freq_35_45+Q4_transient+Q5_channel_inconsistency,3.0,2,0.2197959679378188,,,0.1213852474366685,,,0.09841072050115031,0.09841072050115031
sub-010,ds004444,Q35,Q3_high_freq_35_45+Q5_channel_inconsistency,2.0,2,0.49475846437172405,,,0.4529574873868878,,,0.041800976984836286,0.041800976984836286
sub-010,ds004444,Q4,Q4_transient,1.0,2,0.2788813527826814,,,0.27888135278268145,,,-1.3877787807814457e-17,1.3877787807814457e-17
sub-010,ds004444,Q45,Q4_transient+Q5_channel_inconsistency,2.0,2,0.24706368899917286,,,0.22797145004305552,,,0.019092238956117363,0.019092238956117363
sub-010,ds004444,Q5,Q5_channel_inconsistency,1.0,2,0.782548794489093,,,0.782548794489093,,,0.0,1.1102230246251565e-16
sub-010,ds004447,Q1,Q1_high_beta,1.0,2,0.76532582461786,,,0.7653258246178599,,,1.1102230246251565e-16,1.1102230246251565e-16
sub-010,ds004447,Q12,Q1_high_beta+Q2_broadband,2.0,2,0.7517992424242423,,,0.7455766083169196,,,0.0062226341073227665,0.0062226341073227665
sub-010,ds004447,Q123,Q1_high_beta+Q2_broadband+Q3_high_freq_35_45,3.0,2,0.5832855504587156,,,0.5440370430125582,,,0.039248507446157405,0.039248507446157405
sub-010,ds004447,Q1234,Q1_high_beta+Q2_broadband+Q3_high_freq_35_45+Q4_transient,4.0,2,0.5832855504587156,,,0.5210675924799629,,,0.06221795797875265,0.06221795797875265
sub-010,ds004447,Q12345,Q1_high_beta+Q2_broadband+Q3_high_freq_35_45+Q4_transient+Q5_channel_inconsistency,5.0,2,0.4602471125436476,,,0.3629458970360565,,,0.09730121550759105,0.09730121550759105
sub-010,ds004447,Q1235,Q1_high_beta+Q2_broadband+Q3_high_freq_35_45+Q5_channel_inconsistency,4.0,2,0.4602471125436476,,,0.3765141093103809,,,0.08373300323326668,0.08373300323326668
sub-010,ds004447,Q124,Q1_high_beta+Q2_broadband+Q4_transient,3.0,2,0.7427083333333333,,,0.7157207592003925,,,0.026987574132940784,0.026987574132940784
sub-010,ds004447,Q1245,Q1_high_beta+Q2_broadband+Q4_transient+Q5_channel_inconsistency,4.0,2,0.5625641025641026,,,0.4948738677768224,,,0.06769023478728015,0.06769023478728015
sub-010,ds004447,Q125,Q1_high_beta+Q2_broadband+Q5_channel_inconsistency,3.0,2,0.5673717948717949,,,0.512099384749244,,,0.05527241012255091,0.05527241012255091
sub-010,ds004447,Q13,Q1_high_beta+Q3_high_freq_35_45,2.0,2,0.5823658358366486,,,0.5552975610788838,,,0.027068274757764688,0.027068274757764688
sub-010,ds004447,Q134,Q1_high_beta+Q3_high_freq_35_45+Q4_transient,3.0,2,0.5779410570755865,,,0.5320368902514698,,,0.04590416682411674,0.04590416682411674
sub-010,ds004447,Q1345,Q1_high_beta+Q3_high_freq_35_45+Q4_transient+Q5_channel_inconsistency,4.0,2,0.4633283693224125,,,0.3712348441356577,,,0.09209352518675479,0.09209352518675479
sub-010,ds004447,Q135,Q1_high_beta+Q3_high_freq_35_45+Q5_channel_inconsistency,3.0,2,0.45992647058823527,,,0.3850172424119468,,,0.07490922817628848,0.07490922817628848
sub-010,ds004447,Q14,Q1_high_beta+Q4_transient,2.0,2,0.742960579243765,,,0.7349592199073431,,,0.008001359336421876,0.009255277831719755
sub-010,ds004447,Q145,Q1_high_beta+Q4_transient+Q5_channel_inconsistency,3.0,2,0.5627758420441347,,,0.5091304121098554,,,0.05364542993427934,0.05364542993427934
sub-010,ds004447,Q15,Q1_high_beta+Q5_channel_inconsistency,2.0,2,0.5574229691876751,,,0.5267168796841365,,,0.03070608950353862,0.035594094527612335
sub-010,ds004447,Q2,Q2_broadband,1.0,2,0.9698275862068966,,,0.9698275862068966,,,0.0,0.0
sub-010,ds004447,Q23,Q2_broadband+Q3_high_freq_35_45,2.0,2,0.7031874240055584,,,0.6887174833635814,,,0.014469940641977042,0.015150521404227568
sub-010,ds004447,Q234,Q2_broadband+Q3_high_freq_35_45+Q4_transient,3.0,2,0.6932864339065485,,,0.6607477783340635,,,0.03253865557248503,0.03253865557248503
sub-010,ds004447,Q2345,Q2_broadband+Q3_high_freq_35_45+Q4_transient+Q5_channel_inconsistency,4.0,2,0.5434756891044599,,,0.4575305325670438,,,0.08594515653741613,0.08594515653741613
sub-010,ds004447,Q235,Q2_broadband+Q3_high_freq_35_45+Q5_channel_inconsistency,3.0,2,0.5434756891044599,,,0.47374592146930183,,,0.06972976763515812,0.06972976763515812
sub-010,ds004447,Q24,Q2_broadband+Q4_transient,2.0,2,0.946995561625128,,,0.9326768727705114,,,0.014318688854616679,0.015879330947363435
sub-010,ds004447,Q245,Q2_broadband+Q4_transient+Q5_channel_inconsistency,3.0,2,0.6817059483726151,,,0.640801417163686,,,0.04090453120892906,0.04090453120892906
sub-010,ds004447,Q25,Q2_broadband+Q5_channel_inconsistency,2.0,2,0.6862514029180695,,,0.6618607531539336,,,0.02439064976413602,0.02439064976413602
sub-010,ds004447,Q3,Q3_high_freq_35_45,1.0,2,0.7059210526315789,,,0.7059210526315789,,,5.551115123125783e-17,5.551115123125783e-17
sub-010,ds004447,Q34,Q3_high_freq_35_45+Q4_transient,2.0,2,0.6934210526315789,,,0.677506427707199,,,0.015914624924379894,0.015914624924379894
sub-010,ds004447,Q345,Q3_high_freq_35_45+Q4_transient+Q5_channel_inconsistency,3.0,2,0.5545904343045629,,,0.4700220816614562,,,0.08456835264310672,0.08456835264310672
sub-010,ds004447,Q35,Q3_high_freq_35_45+Q5_channel_inconsistency,2.0,2,0.5512388611171484,,,0.4865556750983492,,,0.06468318601879922,0.06468318601879922
sub-010,ds004447,Q4,Q4_transient,1.0,2,0.9620689655172414,,,0.9620689655172414,,,-5.551115123125783e-17,5.551115123125783e-17
sub-010,ds004447,Q45,Q4_transient+Q5_channel_inconsistency,2.0,2,0.689594088470493,,,0.6620719377016018,,,0.02752215076889114,0.02752215076889114
sub-010,ds004447,Q5,Q5_channel_inconsistency,1.0,2,0.683656482569526,,,0.683656482569526,,,0.0,0.0
sub-011,ds004444,Q1,Q1_high_beta,1.0,2,0.8311688311688312,,,0.8311688311688311,,,5.551115123125783e-17,5.551115123125783e-17
sub-011,ds004444,Q12,Q1_high_beta+Q2_broadband,2.0,2,0.7777629233511586,,,0.7716550182800006,,,0.0061079050711580485,0.00904456360553968
sub-011,ds004444,Q123,Q1_high_beta+Q2_broadband+Q3_high_freq_35_45,3.0,2,0.7570391705069124,,,0.746436014085204,,,0.010603156421708504,0.014003540137758508
sub-011,ds004444,Q1234,Q1_high_beta+Q2_broadband+Q3_high_freq_35_45+Q4_transient,4.0,2,0.7547350230414747,,,0.7416487503814175,,,0.013086272660057074,0.01648665637610708
sub-011,ds004444,Q12345,Q1_high_beta+Q2_broadband+Q3_high_freq_35_45+Q4_transient+Q5_channel_inconsistency,5.0,2,0.5266081404628891,,,0.5297383678041744,,,-0.0031302273412853326,0.06006377636908168
sub-011,ds004444,Q1235,Q1_high_beta+Q2_broadband+Q3_high_freq_35_45+Q5_channel_inconsistency,4.0,2,0.5262347638395124,,,0.5307786915916336,,,-0.004543927752121146,0.061477476779917495
sub-011,ds004444,Q124,Q1_high_beta+Q2_broadband+Q4_transient,3.0,2,0.7754901960784313,,,0.7667434100644275,,,0.008746786014003805,0.011683444548385435
sub-011,ds004444,Q1245,Q1_high_beta+Q2_broadband+Q4_transient+Q5_channel_inconsistency,4.0,2,0.5426004097088584,,,0.5478515276054784,,,-0.005251117896619972,0.052100129566576
sub-011,ds004444,Q125,Q1_high_beta+Q2_broadband+Q5_channel_inconsistency,3.0,2,0.5422080928423717,,,0.5488987952273816,,,-0.006690702385009933,0.053539714054965964
sub-011,ds004444,Q13,Q1_high_beta+Q3_high_freq_35_45,2.0,2,0.8082062633218561,,,0.8033042906460628,,,0.004901972675793231,0.004901972675793231
sub-011,ds004444,Q134,Q1_high_beta+Q3_high_freq_35_45+Q4_transient,3.0,2,0.8038202984095754,,,0.7979245438106197,,,0.005895754598955638,0.005895754598955638
sub-011,ds004444,Q1345,Q1_high_beta+Q3_high_freq_35_45+Q4_transient+Q5_channel_inconsistency,4.0,2,0.538570649208947,,,0.5561997831680194,,,-0.017629133959072354,0.04268288685300965
sub-011,ds004444,Q135,Q1_high_beta+Q3_high_freq_35_45+Q5_channel_inconsistency,3.0,2,0.5408221408221409,,,0.5572694049330824,,,-0.016447264110941523,0.04150101700487882
sub-011,ds004444,Q14,Q1_high_beta+Q4_transient,2.0,2,0.8268398268398268,,,0.8256493506493506,,,0.0011904761904761862,0.0011904761904761862
sub-011,ds004444,Q145,Q1_high_beta+Q4_transient+Q5_channel_inconsistency,3.0,2,0.5561314425530796,,,0.5758836722853204,,,-0.019752229732240875,0.02522351137409483
sub-011,ds004444,Q15,Q1_high_beta+Q5_channel_inconsistency,2.0,2,0.5582993090452262,,,0.5769589108029434,,,-0.018659601757717234,0.024130883399571187
sub-011,ds004444,Q2,Q2_broadband,1.0,2,0.9218924460504679,,,0.921892446050468,,,-5.551115123125783e-17,1.6653345369377348e-16
sub-011,ds004444,Q23,Q2_broadband+Q3_high_freq_35_45,2.0,2,0.8974056603773585,,,0.892869962671609,,,0.0045356977057494086,0.0045356977057494086
sub-011,ds004444,Q234,Q2_broadband+Q3_high_freq_35_45+Q4_transient,3.0,2,0.8951735175202156,,,0.8856421331580493,,,0.009531384362166384,0.009531384362166384
sub-011,ds004444,Q2345,Q2_broadband+Q3_high_freq_35_45+Q4_transient+Q5_channel_inconsistency,4.0,2,0.5643327998263842,,,0.5562799646237229,,,0.008052835202661285,0.04332337082007534
sub-011,ds004444,Q235,Q2_broadband+Q3_high_freq_35_45+Q5_channel_inconsistency,3.0,2,0.5637852863388568,,,0.5573942730658699,,,0.006391013272986898,0.04498519274974973
sub-011,ds004444,Q24,Q2_broadband+Q4_transient,2.0,2,0.9196898028786618,,,0.9144768807053872,,,0.005212922173274515,0.005212922173274737
sub-011,ds004444,Q245,Q2_broadband+Q4_transient+Q5_channel_inconsistency,3.0,2,0.5813170629076373,,,0.5745046300876652,,,0.0068124328199720835,0.03342952753142163
sub-011,ds004444,Q25,Q2_broadband+Q5_channel_inconsistency,2.0,2,0.5807472918520069,,,0.5756206384461049,,,0.005126653405902015,0.0351153069454917
sub-011,ds004444,Q3,Q3_high_freq_35_45,1.0,2,0.9678612526713792,,,0.9678612526713791,,,1.1102230246251565e-16,1.1102230246251565e-16
sub-011,ds004444,Q34,Q3_high_freq_35_45+Q4_transient,2.0,2,0.9615321387473286,,,0.9597388898021808,,,0.0017932489451478184,0.0017932489451478184
sub-011,ds004444,Q345,Q3_high_freq_35_45+Q4_transient+Q5_channel_inconsistency,3.0,2,0.5843186418844314,,,0.5831830960644099,,,0.001135545820021469,0.019158054945342548
sub-011,ds004444,Q35,Q3_high_freq_35_45+Q5_channel_inconsistency,2.0,2,0.5861244019138756,,,0.5843021906191856,,,0.0018222112946899433,0.018471389470674074
sub-011,ds004444,Q4,Q4_transient,1.0,2,0.9916666666666667,,,0.9916666666666667,,,0.0,0.0
sub-011,ds004444,Q45,Q4_transient+Q5_channel_inconsistency,2.0,2,0.6023275900252469,,,0.6029410021258292,,,-0.0006134121005823279,0.0006134121005823279
sub-011,ds004444,Q5,Q5_channel_inconsistency,1.0,2,0.6040601304884501,,,0.6040601304884501,,,-5.551115123125783e-17,5.551115123125783e-17
sub-011,ds004447,Q1,Q1_high_beta,1.0,2,0.9637809934839638,,,0.9637809934839638,,,0.0,1.1102230246251565e-16
sub-011,ds004447,Q12,Q1_high_beta+Q2_broadband,2.0,2,0.7372251931075461,,,0.7425707341016787,,,-0.005345540994132647,0.016289063702361273
sub-011,ds004447,Q123,Q1_high_beta+Q2_broadband+Q3_high_freq_35_45,3.0,2,0.7284313725490196,,,0.6956456471465928,,,0.03278572540242669,0.03278572540242669
sub-011,ds004447,Q1234,Q1_high_beta+Q2_broadband+Q3_high_freq_35_45+Q4_transient,4.0,2,0.7284313725490196,,,0.6956456471465928,,,0.03278572540242669,0.03278572540242669
sub-011,ds004447,Q12345,Q1_high_beta+Q2_broadband+Q3_high_freq_35_45+Q4_transient+Q5_channel_inconsistency,5.0,2,0.5915750915750916,,,0.5287358762155718,,,0.06283921535951972,0.06283921535951972
sub-011,ds004447,Q1235,Q1_high_beta+Q2_broadband+Q3_high_freq_35_45+Q5_channel_inconsistency,4.0,2,0.5915750915750916,,,0.5287358762155718,,,0.06283921535951972,0.06283921535951972
sub-011,ds004447,Q124,Q1_high_beta+Q2_broadband+Q4_transient,3.0,2,0.7372251931075461,,,0.7425707341016787,,,-0.005345540994132647,0.016289063702361273
sub-011,ds004447,Q1245,Q1_high_beta+Q2_broadband+Q4_transient+Q5_channel_inconsistency,4.0,2,0.5835086489013558,,,0.5581463327353071,,,0.025362316166048643,0.025362316166048643
sub-011,ds004447,Q125,Q1_high_beta+Q2_broadband+Q5_channel_inconsistency,3.0,2,0.5835086489013558,,,0.5581463327353071,,,0.025362316166048643,0.025362316166048643
sub-011,ds004447,Q13,Q1_high_beta+Q3_high_freq_35_45,2.0,2,0.8937354250582998,,,0.8844720346813777,,,0.009263390376922032,0.009263390376922032
sub-011,ds004447,Q134,Q1_high_beta+Q3_high_freq_35_45+Q4_transient,3.0,2,0.8937354250582998,,,0.8844720346813777,,,0.009263390376922032,0.009263390376922032
sub-011,ds004447,Q1345,Q1_high_beta+Q3_high_freq_35_45+Q4_transient+Q5_channel_inconsistency,4.0,2,0.689463601532567,,,0.6645965732046508,,,0.024867028327916207,0.024867028327916207
sub-011,ds004447,Q135,Q1_high_beta+Q3_high_freq_35_45+Q5_channel_inconsistency,3.0,2,0.689463601532567,,,0.6645965732046508,,,0.024867028327916207,0.024867028327916207
sub-011,ds004447,Q14,Q1_high_beta+Q4_transient,2.0,2,0.9637809934839638,,,0.9637809934839638,,,0.0,1.1102230246251565e-16
sub-011,ds004447,Q145,Q1_high_beta+Q4_transient+Q5_channel_inconsistency,3.0,2,0.7020507232019022,,,0.712343783782095,,,-0.010293060580192803,0.010293060580192803
sub-011,ds004447,Q15,Q1_high_beta+Q5_channel_inconsistency,2.0,2,0.7020507232019022,,,0.712343783782095,,,-0.010293060580192803,0.010293060580192803
sub-011,ds004447,Q2,Q2_broadband,1.0,2,0.7679730299199325,,,0.7679730299199325,,,5.551115123125783e-17,5.551115123125783e-17
sub-011,ds004447,Q23,Q2_broadband+Q3_high_freq_35_45,2.0,2,0.7514263770024139,,,0.7185248853962017,,,0.03290149160621214,0.03290149160621214
sub-011,ds004447,Q234,Q2_broadband+Q3_high_freq_35_45+Q4_transient,3.0,2,0.7514263770024139,,,0.7185248853962017,,,0.03290149160621214,0.03290149160621214
sub-011,ds004447,Q2345,Q2_broadband+Q3_high_freq_35_45+Q4_transient+Q5_channel_inconsistency,4.0,2,0.6331384015594541,,,0.5450401097864452,,,0.0880982917730089,0.0880982917730089
sub-011,ds004447,Q235,Q2_broadband+Q3_high_freq_35_45+Q5_channel_inconsistency,3.0,2,0.6331384015594541,,,0.5450401097864452,,,0.0880982917730089,0.0880982917730089
sub-011,ds004447,Q24,Q2_broadband+Q4_transient,2.0,2,0.7679730299199325,,,0.7679730299199325,,,5.551115123125783e-17,5.551115123125783e-17
sub-011,ds004447,Q245,Q2_broadband+Q4_transient+Q5_channel_inconsistency,3.0,2,0.6185700099304865,,,0.5758157027048203,,,0.04275430722566631,0.04275430722566631
sub-011,ds004447,Q25,Q2_broadband+Q5_channel_inconsistency,2.0,2,0.6185700099304865,,,0.5758157027048203,,,0.04275430722566631,0.04275430722566631
sub-011,ds004447,Q3,Q3_high_freq_35_45,1.0,2,0.915686274509804,,,0.9156862745098039,,,5.551115123125783e-17,5.551115123125783e-17
sub-011,ds004447,Q34,Q3_high_freq_35_45+Q4_transient,2.0,2,0.915686274509804,,,0.9156862745098039,,,5.551115123125783e-17,5.551115123125783e-17
sub-011,ds004447,Q345,Q3_high_freq_35_45+Q4_transient+Q5_channel_inconsistency,3.0,2,0.7235128093790708,,,0.6864644349408169,,,0.037048374438253984,0.037048374438253984
sub-011,ds004447,Q35,Q3_high_freq_35_45+Q5_channel_inconsistency,2.0,2,0.7235128093790708,,,0.6864644349408169,,,0.037048374438253984,0.037048374438253984
sub-011,ds004447,Q4,Q4_transient,1.0,2,1.0,,,1.0,,,0.0,0.0
sub-011,ds004447,Q45,Q4_transient+Q5_channel_inconsistency,2.0,2,0.7368689444161143,,,0.7368689444161143,,,-5.551115123125783e-17,5.551115123125783e-17
sub-011,ds004447,Q5,Q5_channel_inconsistency,1.0,2,0.7368689444161143,,,0.7368689444161143,,,-5.551115123125783e-17,5.551115123125783e-17
sub-012,ds004444,Q1,Q1_high_beta,1.0,2,0.8958265352737715,,,0.8958265352737713,,,1.6653345369377348e-16,1.6653345369377348e-16
sub-012,ds004444,Q12,Q1_high_beta+Q2_broadband,2.0,2,0.709559916741005,,,0.6472430857210714,,,0.06231683101993374,0.06231683101993374
sub-012,ds004444,Q123,Q1_high_beta+Q2_broadband+Q3_high_freq_35_45,3.0,2,0.6051401869158879,,,0.5257078214054964,,,0.0794323655103914,0.0794323655103914
sub-012,ds004444,Q1234,Q1_high_beta+Q2_broadband+Q3_high_freq_35_45+Q4_transient,4.0,2,0.6037735849056604,,,0.5034627278134507,,,0.10031085709220963,0.10031085709220963
sub-012,ds004444,Q12345,Q1_high_beta+Q2_broadband+Q3_high_freq_35_45+Q4_transient+Q5_channel_inconsistency,5.0,2,0.48611111111111116,,,0.32331505249587456,,,0.16279605861523655,0.16279605861523655
sub-012,ds004444,Q1235,Q1_high_beta+Q2_broadband+Q3_high_freq_35_45+Q5_channel_inconsistency,4.0,2,0.4885810423825888,,,0.3361609527446169,,,0.1524200896379719,0.1524200896379719
sub-012,ds004444,Q124,Q1_high_beta+Q2_broadband+Q4_transient,3.0,2,0.7020316596087921,,,0.6175084285495986,,,0.08452323105919346,0.08452323105919346
sub-012,ds004444,Q1245,Q1_high_beta+Q2_broadband+Q4_transient+Q5_channel_inconsistency,4.0,2,0.5502982805006433,,,0.39336872587782834,,,0.15692955462281497,0.15692955462281497
sub-012,ds004444,Q125,Q1_high_beta+Q2_broadband+Q5_channel_inconsistency,3.0,2,0.5542742398164084,,,0.41035700343366677,,,0.14391723638274176,0.14391723638274176
sub-012,ds004444,Q13,Q1_high_beta+Q3_high_freq_35_45,2.0,2,0.7561373312800073,,,0.7245351238684425,,,0.031602207411564665,0.031602207411564665
sub-012,ds004444,Q134,Q1_high_beta+Q3_high_freq_35_45+Q4_transient,3.0,2,0.755236329935125,,,0.6890892384208398,,,0.06614709151428527,0.06614709151428527
sub-012,ds004444,Q1345,Q1_high_beta+Q3_high_freq_35_45+Q4_transient+Q5_channel_inconsistency,4.0,2,0.5517212843429329,,,0.43524620760829597,,,0.11647507673463686,0.11647507673463686
sub-012,ds004444,Q135,Q1_high_beta+Q3_high_freq_35_45+Q5_channel_inconsistency,3.0,2,0.5535138091331693,,,0.45499084638679377,,,0.09852296274637551,0.09852296274637551
sub-012,ds004444,Q14,Q1_high_beta+Q4_transient,2.0,2,0.8644723618090452,,,0.8485916031115203,,,0.01588075869752492,0.01588075869752492
sub-012,ds004444,Q145,Q1_high_beta+Q4_transient+Q5_channel_inconsistency,3.0,2,0.6214936886395512,,,0.5317017442386869,,,0.08979194440086435,0.08979194440086435
sub-012,ds004444,Q15,Q1_high_beta+Q5_channel_inconsistency,2.0,2,0.6270272601794341,,,0.5576539653662176,,,0.06937329481321658,0.06937329481321658
sub-012,ds004444,Q2,Q2_broadband,1.0,2,0.7160762032085561,,,0.7160762032085561,,,5.551115123125783e-17,5.551115123125783e-17
sub-012,ds004444,Q23,Q2_broadband+Q3_high_freq_35_45,2.0,2,0.6123880015582392,,,0.5765411188105559,,,0.03584688274768327,0.03584688274768327
sub-012,ds004444,Q234,Q2_broadband+Q3_high_freq_35_45+Q4_transient,3.0,2,0.615046018407363,,,0.5518025346132331,,,0.06324348379412986,0.06324348379412986
sub-012,ds004444,Q2345,Q2_broadband+Q3_high_freq_35_45+Q4_transient+Q5_channel_inconsistency,4.0,2,0.47781007751937987,,,0.35337661569235923,,,0.12443346182702064,0.12443346182702064
sub-012,ds004444,Q235,Q2_broadband+Q3_high_freq_35_45+Q5_channel_inconsistency,3.0,2,0.4799242424242424,,,0.36775159806964713,,,0.11217264435459529,0.11217264435459529
sub-012,ds004444,Q24,Q2_broadband+Q4_transient,2.0,2,0.7051513587891296,,,0.6828624523750032,,,0.022288906414126453,0.022288906414126453
sub-012,ds004444,Q245,Q2_broadband+Q4_transient+Q5_channel_inconsistency,3.0,2,0.5372340425531914,,,0.4339149166877392,,,0.10331912586545228,0.10331912586545228
sub-012,ds004444,Q25,Q2_broadband+Q5_channel_inconsistency,2.0,2,0.5455821513002364,,,0.4530137462667506,,,0.09256840503348576,0.09256840503348576
sub-012,ds004444,Q3,Q3_high_freq_35_45,1.0,2,0.8015178415143407,,,0.8015178415143407,,,0.0,1.1102230246251565e-16
sub-012,ds004444,Q34,Q3_high_freq_35_45+Q4_transient,2.0,2,0.7962774957698815,,,0.7620933221760862,,,0.03418417359379533,0.03418417359379533
sub-012,ds004444,Q345,Q3_high_freq_35_45+Q4_transient+Q5_channel_inconsistency,3.0,2,0.5428924986056888,,,0.48013944753589033,,,0.06275305106979842,0.06275305106979842
sub-012,ds004444,Q35,Q3_high_freq_35_45+Q5_channel_inconsistency,2.0,2,0.5469947973713034,,,0.5022350923935374,,,0.044759704977766074,0.044759704977766074
sub-012,ds004444,Q4,Q4_transient,1.0,2,0.9471655937052932,,,0.9471655937052932,,,0.0,0.0
sub-012,ds004444,Q45,Q4_transient+Q5_channel_inconsistency,2.0,2,0.6101253718657034,,,0.5921391764383253,,,0.017986195427378115,0.017986195427378115
sub-012,ds004444,Q5,Q5_channel_inconsistency,1.0,2,0.6213419732441472,,,0.6213419732441472,,,-5.551115123125783e-17,5.551115123125783e-17
sub-012,ds004446,Q1,Q1_high_beta,1.0,2,0.887446083310711,,,0.887446083310711,,,-5.551115123125783e-17,5.551115123125783e-17
sub-012,ds004446,Q12,Q1_high_beta+Q2_broadband,2.0,2,0.86279233162702,,,0.8624600425619062,,,0.00033228906511378886,0.0003629686171922608
sub-012,ds004446,Q123,Q1_high_beta+Q2_broadband+Q3_high_freq_35_45,3.0,2,0.8171924507507922,,,0.8003697613346645,,,0.01682268941612769,0.01682268941612769
sub-012,ds004446,Q1234,Q1_high_beta+Q2_broadband+Q3_high_freq_35_45+Q4_transient,4.0,2,0.8151432704229233,,,0.795983786425833,,,0.019159483997090276,0.019159483997090276
sub-012,ds004446,Q12345,Q1_high_beta+Q2_broadband+Q3_high_freq_35_45+Q4_transient+Q5_channel_inconsistency,5.0,2,0.577015365649628,,,0.5402276278458011,,,0.0367877378038268,0.0367877378038268
sub-012,ds004446,Q1235,Q1_high_beta+Q2_broadband+Q3_high_freq_35_45+Q5_channel_inconsistency,4.0,2,0.5795029278386827,,,0.5419137423685014,,,0.03758918547018125,0.03758918547018125
sub-012,ds004446,Q124,Q1_high_beta+Q2_broadband+Q4_transient,3.0,2,0.8607598113018167,,,0.8576689374406125,,,0.0030908738612042685,0.0030908738612042685
sub-012,ds004446,Q1245,Q1_high_beta+Q2_broadband+Q4_transient+Q5_channel_inconsistency,4.0,2,0.6046526289244736,,,0.5728574438441658,,,0.031795185080307764,0.031795185080307764
sub-012,ds004446,Q125,Q1_high_beta+Q2_broadband+Q5_channel_inconsistency,3.0,2,0.607079813390493,,,0.5745948163867609,,,0.03248499700373214,0.03248499700373214
sub-012,ds004446,Q13,Q1_high_beta+Q3_high_freq_35_45,2.0,2,0.8420868347338936,,,0.8229074396168001,,,0.019179395117093434,0.019179395117093434
sub-012,ds004446,Q134,Q1_high_beta+Q3_high_freq_35_45+Q4_transient,3.0,2,0.8381652661064425,,,0.8183849363061373,,,0.019780329800305252,0.019780329800305252
sub-012,ds004446,Q1345,Q1_high_beta+Q3_high_freq_35_45+Q4_transient+Q5_channel_inconsistency,4.0,2,0.5797872340425532,,,0.5515561844998416,,,0.028231049542711606,0.028231049542711606
sub-012,ds004446,Q135,Q1_high_beta+Q3_high_freq_35_45+Q5_channel_inconsistency,3.0,2,0.580983406291357,,,0.5532605757230491,,,0.027722830568307932,0.027722830568307932
sub-012,ds004446,Q14,Q1_high_beta+Q4_transient,2.0,2,0.8835550327270534,,,0.8825058387303886,,,0.001049193996664699,0.00104919399666481
sub-012,ds004446,Q145,Q1_high_beta+Q4_transient+Q5_channel_inconsistency,3.0,2,0.603744134641486,,,0.5851436654095993,,,0.018600469231886768,0.018600469231886768
sub-012,ds004446,Q15,Q1_high_beta+Q5_channel_inconsistency,2.0,2,0.6048634565280324,,,0.5868977561648124,,,0.017965700363219983,0.017965700363219983
sub-012,ds004446,Q2,Q2_broadband,1.0,2,0.9697541452258434,,,0.9697541452258432,,,1.1102230246251565e-16,1.1102230246251565e-16
sub-012,ds004446,Q23,Q2_broadband+Q3_high_freq_35_45,2.0,2,0.9001907428202249,,,0.9005256895092877,,,-0.00033494668906275393,0.000560618293757531
sub-012,ds004446,Q234,Q2_broadband+Q3_high_freq_35_45+Q4_transient,3.0,2,0.8982602408897229,,,0.8957695901355758,,,0.002490650754147117,0.0033862157369674017
sub-012,ds004446,Q2345,Q2_broadband+Q3_high_freq_35_45+Q4_transient+Q5_channel_inconsistency,4.0,2,0.6320251937984496,,,0.6031927767439151,,,0.028832417054534376,0.028832417054534376
sub-012,ds004446,Q235,Q2_broadband+Q3_high_freq_35_45+Q5_channel_inconsistency,3.0,2,0.6343507751937985,,,0.6049260648316248,,,0.029424710362173645,0.029424710362173645
sub-012,ds004446,Q24,Q2_broadband+Q4_transient,2.0,2,0.965980560320183,,,0.9645587274360858,,,0.001421832884097085,0.001421832884097085
sub-012,ds004446,Q245,Q2_broadband+Q4_transient+Q5_channel_inconsistency,3.0,2,0.6493581447409842,,,0.6389768048423946,,,0.010381339898589637,0.01576635625475603
sub-012,ds004446,Q25,Q2_broadband+Q5_channel_inconsistency,2.0,2,0.6515705341215152,,,0.6407570621621952,,,0.010813471959320087,0.01619848831548648
sub-012,ds004446,Q3,Q3_high_freq_35_45,1.0,2,0.9277580414188147,,,0.9277580414188147,,,5.551115123125783e-17,5.551115123125783e-17
sub-012,ds004446,Q34,Q3_high_freq_35_45+Q4_transient,2.0,2,0.9240815708305794,,,0.9228538922591508,,,0.001227678571428581,0.001227678571428581
sub-012,ds004446,Q345,Q3_high_freq_35_45+Q4_transient+Q5_channel_inconsistency,3.0,2,0.6388258624694049,,,0.6169560741424143,,,0.02186978832699063,0.02186978832699063
sub-012,ds004446,Q35,Q3_high_freq_35_45+Q5_channel_inconsistency,2.0,2,0.6398868810472396,,,0.6187062184309184,,,0.02118066261632115,0.02118066261632115
sub-012,ds004446,Q4,Q4_transient,1.0,2,0.9946428571428572,,,0.9946428571428572,,,0.0,0.0
sub-012,ds004446,Q45,Q4_transient+Q5_channel_inconsistency,2.0,2,0.6547573189522342,,,0.653963184011861,,,0.0007941349403731701,0.0007941349403732811
sub-012,ds004446,Q5,Q5_channel_inconsistency,1.0,2,0.655758534714231,,,0.655758534714231,,,-1.1102230246251565e-16,1.1102230246251565e-16
sub-012,ds004447,Q1,Q1_high_beta,1.0,2,0.8777552856500226,,,0.8777552856500226,,,-5.551115123125783e-17,5.551115123125783e-17
sub-012,ds004447,Q12,Q1_high_beta+Q2_broadband,2.0,2,0.6973262032085561,,,0.6779508253192463,,,0.019375377889309764,0.019375377889309764
sub-012,ds004447,Q123,Q1_high_beta+Q2_broadband+Q3_high_freq_35_45,3.0,2,0.6285932721712538,,,0.5732832593307641,,,0.05531001284048975,0.05531001284048975
sub-012,ds004447,Q1234,Q1_high_beta+Q2_broadband+Q3_high_freq_35_45+Q4_transient,4.0,2,0.6314814814814815,,,0.5732832593307641,,,0.058198222150717405,0.058198222150717405
sub-012,ds004447,Q12345,Q1_high_beta+Q2_broadband+Q3_high_freq_35_45+Q4_transient+Q5_channel_inconsistency,5.0,2,0.563301282051282,,,0.4634471603835556,,,0.09985412166772642,0.09985412166772642
sub-012,ds004447,Q1235,Q1_high_beta+Q2_broadband+Q3_high_freq_35_45+Q5_channel_inconsistency,4.0,2,0.563301282051282,,,0.4634471603835556,,,0.09985412166772645,0.09985412166772645
sub-012,ds004447,Q124,Q1_high_beta+Q2_broadband+Q4_transient,3.0,2,0.7006206152185646,,,0.6779508253192463,,,0.022669789899318116,0.022669789899318116
sub-012,ds004447,Q1245,Q1_high_beta+Q2_broadband+Q4_transient+Q5_channel_inconsistency,4.0,2,0.5962012550425818,,,0.5466702778716096,,,0.049530977170972185,0.049530977170972185
sub-012,ds004447,Q125,Q1_high_beta+Q2_broadband+Q5_channel_inconsistency,3.0,2,0.5962012550425818,,,0.5466702778716096,,,0.049530977170972185,0.049530977170972185
sub-012,ds004447,Q13,Q1_high_beta+Q3_high_freq_35_45,2.0,2,0.7749624311237269,,,0.7372117468960406,,,0.03775068422768618,0.03775068422768618
sub-012,ds004447,Q134,Q1_high_beta+Q3_high_freq_35_45+Q4_transient,3.0,2,0.7810215876253612,,,0.7372117468960407,,,0.04380984072932048,0.04380984072932048
sub-012,ds004447,Q1345,Q1_high_beta+Q3_high_freq_35_45+Q4_transient+Q5_channel_inconsistency,4.0,2,0.6481672394043528,,,0.5884227576897954,,,0.05974448171455743,0.05974448171455743
sub-012,ds004447,Q135,Q1_high_beta+Q3_high_freq_35_45+Q5_channel_inconsistency,3.0,2,0.6481672394043528,,,0.5884227576897954,,,0.059744481714557485,0.059744481714557485
sub-012,ds004447,Q14,Q1_high_beta+Q4_transient,2.0,2,0.8848824786324787,,,0.8777552856500226,,,0.00712719298245601,0.007127192982456121
sub-012,ds004447,Q145,Q1_high_beta+Q4_transient+Q5_channel_inconsistency,3.0,2,0.7020507232019022,,,0.6945001272803928,,,0.007550595921509307,0.015388468937930111
sub-012,ds004447,Q15,Q1_high_beta+Q5_channel_inconsistency,2.0,2,0.7020507232019022,,,0.6945001272803927,,,0.007550595921509473,0.015388468937930277
sub-012,ds004447,Q2,Q2_broadband,1.0,2,0.7800514800514801,,,0.7800514800514801,,,0.0,1.1102230246251565e-16
sub-012,ds004447,Q23,Q2_broadband+Q3_high_freq_35_45,2.0,2,0.6734115347018572,,,0.6527057768139353,,,0.020705757887922005,0.020705757887922005
sub-012,ds004447,Q234,Q2_broadband+Q3_high_freq_35_45+Q4_transient,3.0,2,0.6765808424583211,,,0.6527057768139353,,,0.02387506564438574,0.02387506564438574
sub-012,ds004447,Q2345,Q2_broadband+Q3_high_freq_35_45+Q4_transient+Q5_channel_inconsistency,4.0,2,0.6107292859870179,,,0.5301706952935737,,,0.0805585906934442,0.0805585906934442
sub-012,ds004447,Q235,Q2_broadband+Q3_high_freq_35_45+Q5_channel_inconsistency,3.0,2,0.6107292859870179,,,0.5301706952935737,,,0.0805585906934442,0.0805585906934442
sub-012,ds004447,Q24,Q2_broadband+Q4_transient,2.0,2,0.783982683982684,,,0.78005148005148,,,0.0039312039312039415,0.0039312039312039415
sub-012,ds004447,Q245,Q2_broadband+Q4_transient+Q5_channel_inconsistency,3.0,2,0.6718045112781954,,,0.6309114854813039,,,0.040893025796891525,0.040893025796891525
sub-012,ds004447,Q25,Q2_broadband+Q5_channel_inconsistency,2.0,2,0.6718045112781954,,,0.6309114854813038,,,0.04089302579689158,0.04089302579689158
sub-012,ds004447,Q3,Q3_high_freq_35_45,1.0,2,0.8315789473684211,,,0.831578947368421,,,1.1102230246251565e-16,1.1102230246251565e-16
sub-012,ds004447,Q34,Q3_high_freq_35_45+Q4_transient,2.0,2,0.8339285714285715,,,0.831578947368421,,,0.002349624060150435,0.002349624060150435
sub-012,ds004447,Q345,Q3_high_freq_35_45+Q4_transient+Q5_channel_inconsistency,3.0,2,0.6944981732215775,,,0.6667064159457281,,,0.027791757275849316,0.027791757275849316
sub-012,ds004447,Q35,Q3_high_freq_35_45+Q5_channel_inconsistency,2.0,2,0.6944981732215775,,,0.6667064159457281,,,0.027791757275849427,0.027791757275849427
sub-012,ds004447,Q4,Q4_transient,1.0,2,1.0,,,1.0,,,0.0,0.0
sub-012,ds004447,Q45,Q4_transient+Q5_channel_inconsistency,2.0,2,0.7934905660377358,,,0.7934905660377358,,,-5.551115123125783e-17,5.551115123125783e-17
sub-012,ds004447,Q5,Q5_channel_inconsistency,1.0,2,0.7934905660377358,,,0.7934905660377358,,,5.551115123125783e-17,5.551115123125783e-17
sub-013,ds004444,Q1,Q1_high_beta,1.0,2,0.8832166768107121,,,0.8832166768107121,,,-5.551115123125783e-17,5.551115123125783e-17
sub-013,ds004444,Q12,Q1_high_beta+Q2_broadband,2.0,2,0.843355930596378,,,0.8192156808498865,,,0.024140249746491593,0.024140249746491593
sub-013,ds004444,Q123,Q1_high_beta+Q2_broadband+Q3_high_freq_35_45,3.0,2,0.7825954238997717,,,0.7394000732371152,,,0.043195350662656506,0.046314648214599796
sub-013,ds004444,Q1234,Q1_high_beta+Q2_broadband+Q3_high_freq_35_45+Q4_transient,4.0,2,0.7846473914435079,,,0.736224020173493,,,0.04842337127001495,0.05154266882195824
sub-013,ds004444,Q12345,Q1_high_beta+Q2_broadband+Q3_high_freq_35_45+Q4_transient+Q5_channel_inconsistency,5.0,2,0.5238383488988816,,,0.4987147669861177,,,0.02512358191276387,0.02512358191276387
sub-013,ds004444,Q1235,Q1_high_beta+Q2_broadband+Q3_high_freq_35_45+Q5_channel_inconsistency,4.0,2,0.522828300209355,,,0.49970354283801266,,,0.023124757371342397,0.023124757371342397
sub-013,ds004444,Q124,Q1_high_beta+Q2_broadband+Q4_transient,3.0,2,0.8454238014718141,,,0.8157327627559627,,,0.02969103871585127,0.02969103871585127
sub-013,ds004444,Q1245,Q1_high_beta+Q2_broadband+Q4_transient+Q5_channel_inconsistency,4.0,2,0.5774221675129507,,,0.546219562109289,,,0.031202605403661682,0.031202605403661682
sub-013,ds004444,Q125,Q1_high_beta+Q2_broadband+Q5_channel_inconsistency,3.0,2,0.5763754210472594,,,0.5472256526991737,,,0.02914976834808569,0.02914976834808569
sub-013,ds004444,Q13,Q1_high_beta+Q3_high_freq_35_45,2.0,2,0.82082336523126,,,0.7972554272305921,,,0.02356793800066792,0.023599018884096323
sub-013,ds004444,Q134,Q1_high_beta+Q3_high_freq_35_45+Q4_transient,3.0,2,0.8205128205128205,,,0.793794727901834,,,0.026718092610986566,0.02674917349441497
sub-013,ds004444,Q1345,Q1_high_beta+Q3_high_freq_35_45+Q4_transient+Q5_channel_inconsistency,4.0,2,0.5424197860962567,,,0.5291257810501481,,,0.013294005046108642,0.024784667572576163
sub-013,ds004444,Q135,Q1_high_beta+Q3_high_freq_35_45+Q5_channel_inconsistency,3.0,2,0.5439247612206348,,,0.5301307938939771,,,0.013793967326657663,0.024284705292027142
sub-013,ds004444,Q14,Q1_high_beta+Q4_transient,2.0,2,0.8850921456779288,,,0.8794216103970498,,,0.005670535280879074,0.005670535280879074
sub-013,ds004444,Q145,Q1_high_beta+Q4_transient+Q5_channel_inconsistency,3.0,2,0.5970873786407767,,,0.5792191877149523,,,0.017868190925824368,0.017868190925824368
sub-013,ds004444,Q15,Q1_high_beta+Q5_channel_inconsistency,2.0,2,0.5974141150112025,,,0.5802378742446388,,,0.017176240766563544,0.017176240766563544
sub-013,ds004444,Q2,Q2_broadband,1.0,2,0.9277633477633478,,,0.9277633477633478,,,5.551115123125783e-17,5.551115123125783e-17
sub-013,ds004444,Q23,Q2_broadband+Q3_high_freq_35_45,2.0,2,0.8515240147783252,,,0.8371736733027584,,,0.014350341475566741,0.019295390545716107
sub-013,ds004444,Q234,Q2_broadband+Q3_high_freq_35_45+Q4_transient,3.0,2,0.853475888577172,,,0.8336573288394624,,,0.01981855973770963,0.024763608807858994
sub-013,ds004444,Q2345,Q2_broadband+Q3_high_freq_35_45+Q4_transient+Q5_channel_inconsistency,4.0,2,0.5755411255411256,,,0.5591786179521789,,,0.01636250758894664,0.01636250758894664
sub-013,ds004444,Q235,Q2_broadband+Q3_high_freq_35_45+Q5_channel_inconsistency,3.0,2,0.574536837570013,,,0.5601862818602781,,,0.014350555709734869,0.014350555709734869
sub-013,ds004444,Q24,Q2_broadband+Q4_transient,2.0,2,0.9297584541062802,,,0.9239072598736463,,,0.005851194232633916,0.005851194232633916
sub-013,ds004444,Q245,Q2_broadband+Q4_transient+Q5_channel_inconsistency,3.0,2,0.6354959411466261,,,0.6126699298010942,,,0.022826011345531805,0.022826011345531805
sub-013,ds004444,Q25,Q2_broadband+Q5_channel_inconsistency,2.0,2,0.6344612082570544,,,0.6136905678207636,,,0.020770640436290816,0.020770640436290816
sub-013,ds004444,Q3,Q3_high_freq_35_45,1.0,2,0.9024587644708534,,,0.9024587644708535,,,-1.1102230246251565e-16,1.1102230246251565e-16
sub-013,ds004444,Q34,Q3_high_freq_35_45+Q4_transient,2.0,2,0.9022638402963572,,,0.8986272759282998,,,0.003636564368057371,0.003636564368057482
sub-013,ds004444,Q345,Q3_high_freq_35_45+Q4_transient+Q5_channel_inconsistency,3.0,2,0.5888518024032042,,,0.592976754202257,,,-0.004124951799052784,0.006222395227966276
sub-013,ds004444,Q35,Q3_high_freq_35_45+Q5_channel_inconsistency,2.0,2,0.5901993355481727,,,0.5939966241798065,,,-0.0037972886316336996,0.005894732060547192
sub-013,ds004444,Q4,Q4_transient,1.0,2,0.9957983193277311,,,0.995798319327731,,,1.1102230246251565e-16,1.1102230246251565e-16
sub-013,ds004444,Q45,Q4_transient+Q5_channel_inconsistency,2.0,2,0.6502242585933573,,,0.6493963743668592,,,0.0008278842264981823,0.0008278842264982933
sub-013,ds004444,Q5,Q5_channel_inconsistency,1.0,2,0.6504253525444512,,,0.6504253525444513,,,-5.551115123125783e-17,5.551115123125783e-17
sub-013,ds004446,Q1,Q1_high_beta,1.0,2,0.9843138869447075,,,0.9843138869447075,,,1.1102230246251565e-16,1.1102230246251565e-16
sub-013,ds004446,Q12,Q1_high_beta+Q2_broadband,2.0,2,0.9579464285714285,,,0.9586781179889137,,,-0.0007316894174851929,0.0015453442651701121
sub-013,ds004446,Q123,Q1_high_beta+Q2_broadband+Q3_high_freq_35_45,3.0,2,0.8523748088685015,,,0.8387551089204937,,,0.013619699948007935,0.013619699948007935
sub-013,ds004446,Q1234,Q1_high_beta+Q2_broadband+Q3_high_freq_35_45+Q4_transient,4.0,2,0.8517339929871752,,,0.8361809140331942,,,0.015553078953980948,0.015553078953980948
sub-013,ds004446,Q12345,Q1_high_beta+Q2_broadband+Q3_high_freq_35_45+Q4_transient+Q5_channel_inconsistency,5.0,2,0.7823655584495174,,,0.7566567401502841,,,0.025708818299233327,0.025708818299233327
sub-013,ds004446,Q1235,Q1_high_beta+Q2_broadband+Q3_high_freq_35_45+Q5_channel_inconsistency,4.0,2,0.7831674116212921,,,0.7589695725313758,,,0.024197839089916406,0.024197839089916406
sub-013,ds004446,Q124,Q1_high_beta+Q2_broadband+Q4_transient,3.0,2,0.957858488872936,,,0.95534516444528,,,0.0025133244276561717,0.004790358110311477
sub-013,ds004446,Q1245,Q1_high_beta+Q2_broadband+Q4_transient+Q5_channel_inconsistency,4.0,2,0.875189393939394,,,0.8620576637815052,,,0.013131730157888821,0.013131730157888821
sub-013,ds004446,Q125,Q1_high_beta+Q2_broadband+Q5_channel_inconsistency,3.0,2,0.8754592557701366,,,0.864962327131611,,,0.010496928638525527,0.012191166641027207
sub-013,ds004446,Q13,Q1_high_beta+Q3_high_freq_35_45,2.0,2,0.8686368778280542,,,0.8586852630854894,,,0.00995161474256484,0.00995161474256484
sub-013,ds004446,Q134,Q1_high_beta+Q3_high_freq_35_45+Q4_transient,3.0,2,0.8656523925066124,,,0.8560028081599882,,,0.00964958434662433,0.00964958434662433
sub-013,ds004446,Q1345,Q1_high_beta+Q3_high_freq_35_45+Q4_transient+Q5_channel_inconsistency,4.0,2,0.7931179676717584,,,0.7746019326467541,,,0.018516035025004207,0.018516035025004207
sub-013,ds004446,Q135,Q1_high_beta+Q3_high_freq_35_45+Q5_channel_inconsistency,3.0,2,0.7963738770190383,,,0.7770132218281769,,,0.019360655190861442,0.019360655190861442
sub-013,ds004446,Q14,Q1_high_beta+Q4_transient,2.0,2,0.9819445306198424,,,0.9807961037617523,,,0.0011484268580901347,0.0011484268580901347
sub-013,ds004446,Q145,Q1_high_beta+Q4_transient+Q5_channel_inconsistency,3.0,2,0.8955530642750373,,,0.8850003923897951,,,0.010552671885242226,0.010552671885242226
sub-013,ds004446,Q15,Q1_high_beta+Q5_channel_inconsistency,2.0,2,0.8981953406978016,,,0.8880655545260242,,,0.0101297861717774,0.010805470665575356
sub-013,ds004446,Q2,Q2_broadband,1.0,2,0.973960061953756,,,0.9739600619537558,,,1.1102230246251565e-16,1.1102230246251565e-16
sub-013,ds004446,Q23,Q2_broadband+Q3_high_freq_35_45,2.0,2,0.8603808933734585,,,0.8519925625833407,,,0.008388330790117804,0.008388330790117804
sub-013,ds004446,Q234,Q2_broadband+Q3_high_freq_35_45+Q4_transient,3.0,2,0.8598986951820968,,,0.8493812559453492,,,0.010517439236747694,0.010517439236747694
sub-013,ds004446,Q2345,Q2_broadband+Q3_high_freq_35_45+Q4_transient+Q5_channel_inconsistency,4.0,2,0.7844659417972497,,,0.7683996219138329,,,0.016066319883416835,0.016066319883416835
sub-013,ds004446,Q235,Q2_broadband+Q3_high_freq_35_45+Q5_channel_inconsistency,3.0,2,0.7850648833691585,,,0.7707461972663767,,,0.014318686102781808,0.014318686102781808
sub-013,ds004446,Q24,Q2_broadband+Q4_transient,2.0,2,0.9739088788938863,,,0.9705641473500017,,,0.0033447315438845937,0.0033447315438845937
sub-013,ds004446,Q245,Q2_broadband+Q4_transient+Q5_channel_inconsistency,3.0,2,0.8833305944395476,,,0.8755911770975799,,,0.007739417341967758,0.007739417341967758
sub-013,ds004446,Q25,Q2_broadband+Q5_channel_inconsistency,2.0,2,0.8835183311510535,,,0.8785505184777728,,,0.004967812673280669,0.004967812673280669
sub-013,ds004446,Q3,Q3_high_freq_35_45,1.0,2,0.8722360364696131,,,0.8722360364696131,,,0.0,0.0
sub-013,ds004446,Q34,Q3_high_freq_35_45+Q4_transient,2.0,2,0.86996336996337,,,0.8695151616036947,,,0.00044820835967523953,0.00044820835967523953
sub-013,ds004446,Q345,Q3_high_freq_35_45+Q4_transient+Q5_channel_inconsistency,3.0,2,0.7889342756806794,,,0.7866215098057294,,,0.0023127658749499402,0.0023127658749499402
sub-013,ds004446,Q35,Q3_high_freq_35_45+Q5_channel_inconsistency,2.0,2,0.7914629862716975,,,0.7890677573070803,,,0.002395228964617191,0.002395228964617191
sub-013,ds004446,Q4,Q4_transient,1.0,2,0.9964157706093191,,,0.9964157706093191,,,0.0,0.0
sub-013,ds004446,Q45,Q4_transient+Q5_channel_inconsistency,2.0,2,0.8980494601184257,,,0.8988896409623444,,,-0.0008401808439186809,0.0008401808439186809
sub-013,ds004446,Q5,Q5_channel_inconsistency,1.0,2,0.9020124913254683,,,0.9020124913254683,,,0.0,0.0
sub-013,ds004447,Q1,Q1_high_beta,1.0,2,0.8168214654282766,,,0.8168214654282766,,,0.0,1.1102230246251565e-16
sub-013,ds004447,Q12,Q1_high_beta+Q2_broadband,2.0,2,0.801327045404694,,,0.7992284735655886,,,0.00209857183910539,0.008284457097463893
sub-013,ds004447,Q123,Q1_high_beta+Q2_broadband+Q3_high_freq_35_45,3.0,2,0.6877491844871331,,,0.6657485785446864,,,0.02200060594244657,0.02200060594244657
sub-013,ds004447,Q1234,Q1_high_beta+Q2_broadband+Q3_high_freq_35_45+Q4_transient,4.0,2,0.6877491844871331,,,0.6603970158634896,,,0.02735216862364337,0.02735216862364337
sub-013,ds004447,Q12345,Q1_high_beta+Q2_broadband+Q3_high_freq_35_45+Q4_transient+Q5_channel_inconsistency,5.0,2,0.5390131956397017,,,0.47724233087288376,,,0.06177086476681792,0.06177086476681792
sub-013,ds004447,Q1235,Q1_high_beta+Q2_broadband+Q3_high_freq_35_45+Q5_channel_inconsistency,4.0,2,0.5390131956397017,,,0.48119483066317004,,,0.057818364976531644,0.057818364976531644
sub-013,ds004447,Q124,Q1_high_beta+Q2_broadband+Q4_transient,3.0,2,0.801327045404694,,,0.7923399573236647,,,0.00898708808102927,0.00898708808102927
sub-013,ds004447,Q1245,Q1_high_beta+Q2_broadband+Q4_transient+Q5_channel_inconsistency,4.0,2,0.6135531135531136,,,0.5699402336982444,,,0.04361287985486911,0.04361287985486911
sub-013,ds004447,Q125,Q1_high_beta+Q2_broadband+Q5_channel_inconsistency,3.0,2,0.6135531135531136,,,0.5748820332137374,,,0.03867108033937611,0.03867108033937611
sub-013,ds004447,Q13,Q1_high_beta+Q3_high_freq_35_45,2.0,2,0.6974110032362459,,,0.6773003804003073,,,0.02011062283593862,0.02011062283593862
sub-013,ds004447,Q134,Q1_high_beta+Q3_high_freq_35_45+Q4_transient,3.0,2,0.6925090424519322,,,0.6716737819348342,,,0.020835260517098053,0.020835260517098053
sub-013,ds004447,Q1345,Q1_high_beta+Q3_high_freq_35_45+Q4_transient+Q5_channel_inconsistency,4.0,2,0.5301169590643275,,,0.48467023266606424,,,0.04544672639826322,0.04544672639826322
sub-013,ds004447,Q135,Q1_high_beta+Q3_high_freq_35_45+Q5_channel_inconsistency,3.0,2,0.5301169590643275,,,0.48879621842789034,,,0.04132074063643712,0.04132074063643712
sub-013,ds004447,Q14,Q1_high_beta+Q4_transient,2.0,2,0.8119195046439629,,,0.809468524251806,,,0.0024509803921567985,0.0024509803921569095
sub-013,ds004447,Q145,Q1_high_beta+Q4_transient+Q5_channel_inconsistency,3.0,2,0.6142857142857143,,,0.5809635076095795,,,0.03332220667613478,0.03332220667613478
sub-013,ds004447,Q15,Q1_high_beta+Q5_channel_inconsistency,2.0,2,0.6142857142857143,,,0.5861851115853618,,,0.02810060270035253,0.02810060270035253
sub-013,ds004447,Q2,Q2_broadband,1.0,2,0.9762777065396593,,,0.9762777065396593,,,5.551115123125783e-17,5.551115123125783e-17
sub-013,ds004447,Q23,Q2_broadband+Q3_high_freq_35_45,2.0,2,0.8319838056680162,,,0.8166384844443584,,,0.015345321223657893,0.015345321223657893
sub-013,ds004447,Q234,Q2_broadband+Q3_high_freq_35_45+Q4_transient,3.0,2,0.8319838056680162,,,0.8104174384635281,,,0.02156636720448818,0.02156636720448818
sub-013,ds004447,Q2345,Q2_broadband+Q3_high_freq_35_45+Q4_transient+Q5_channel_inconsistency,4.0,2,0.6213467383680149,,,0.5777283628426162,,,0.04361837552539871,0.04361837552539871
sub-013,ds004447,Q235,Q2_broadband+Q3_high_freq_35_45+Q5_channel_inconsistency,3.0,2,0.6213467383680149,,,0.5822480693254091,,,0.03909866904260584,0.03909866904260584
sub-013,ds004447,Q24,Q2_broadband+Q4_transient,2.0,2,0.9762777065396593,,,0.9682901623179611,,,0.007987544221698228,0.007987544221698228
sub-013,ds004447,Q245,Q2_broadband+Q4_transient+Q5_channel_inconsistency,3.0,2,0.7014243197278911,,,0.6860904611331767,,,0.015333858594714422,0.015333858594714422
sub-013,ds004447,Q25,Q2_broadband+Q5_channel_inconsistency,2.0,2,0.7014243197278911,,,0.6917026276267351,,,0.009721692101156143,0.009721692101156143
sub-013,ds004447,Q3,Q3_high_freq_35_45,1.0,2,0.8321499800558436,,,0.8321499800558435,,,1.6653345369377348e-16,1.6653345369377348e-16
sub-013,ds004447,Q34,Q3_high_freq_35_45+Q4_transient,2.0,2,0.8278021539688871,,,0.8255532784066681,,,0.0022488755622190326,0.0022488755622190326
sub-013,ds004447,Q345,Q3_high_freq_35_45+Q4_transient+Q5_channel_inconsistency,3.0,2,0.6109007959619491,,,0.5875121042396514,,,0.023388691722297794,0.023388691722297794
sub-013,ds004447,Q35,Q3_high_freq_35_45+Q5_channel_inconsistency,2.0,2,0.6109007959619491,,,0.5922627018992715,,,0.01863809406267758,0.01863809406267758
sub-013,ds004447,Q4,Q4_transient,1.0,2,0.9913793103448276,,,0.9913793103448276,,,0.0,0.0
sub-013,ds004447,Q45,Q4_transient+Q5_channel_inconsistency,2.0,2,0.7065947666195191,,,0.7006135531135531,,,0.005981213505966032,0.005981213505966032
sub-013,ds004447,Q5,Q5_channel_inconsistency,1.0,2,0.7065947666195191,,,0.706594766619519,,,5.551115123125783e-17,5.551115123125783e-17
sub-014,ds004444,Q1,Q1_high_beta,1.0,2,0.7935112126245847,,,0.7935112126245847,,,-5.551115123125783e-17,5.551115123125783e-17
sub-014,ds004444,Q12,Q1_high_beta+Q2_broadband,2.0,2,0.7790664811513544,,,0.769301760498956,,,0.009764720652398418,0.009764720652398418
sub-014,ds004444,Q123,Q1_high_beta+Q2_broadband+Q3_high_freq_35_45,3.0,2,0.5725916193515086,,,0.5621815550587363,,,0.010410064292772275,0.010410064292772275
sub-014,ds004444,Q1234,Q1_high_beta+Q2_broadband+Q3_high_freq_35_45+Q4_transient,4.0,2,0.5420779764866068,,,0.5424147062748138,,,-0.0003367297882070075,0.0033347752622054083
sub-014,ds004444,Q12345,Q1_high_beta+Q2_broadband+Q3_high_freq_35_45+Q4_transient+Q5_channel_inconsistency,5.0,2,0.4214745573851677,,,0.41424701648650697,,,0.0072275408986607614,0.03181401231120043
sub-014,ds004444,Q1235,Q1_high_beta+Q2_broadband+Q3_high_freq_35_45+Q5_channel_inconsistency,4.0,2,0.4304277707275803,,,0.4213931732712629,,,0.009034597456317461,0.031231226727752637
sub-014,ds004444,Q124,Q1_high_beta+Q2_broadband+Q4_transient,3.0,2,0.7330980945659844,,,0.72225905880739,,,0.01083903575859435,0.01083903575859435
sub-014,ds004444,Q1245,Q1_high_beta+Q2_broadband+Q4_transient+Q5_channel_inconsistency,4.0,2,0.5492731575388776,,,0.5395200843980321,,,0.009753073140845447,0.010739146673404754
sub-014,ds004444,Q125,Q1_high_beta+Q2_broadband+Q5_channel_inconsistency,3.0,2,0.5619765494137353,,,0.5559760407524625,,,0.0060005086612727465,0.0060005086612727465
sub-014,ds004444,Q13,Q1_high_beta+Q3_high_freq_35_45,2.0,2,0.5802313095610935,,,0.5790887774605877,,,0.0011425321005057443,0.009460629676141807
sub-014,ds004444,Q134,Q1_high_beta+Q3_high_freq_35_45+Q4_transient,3.0,2,0.5461950429692365,,,0.5578202553494567,,,-0.011625212380220185,0.011625212380220185
sub-014,ds004444,Q1345,Q1_high_beta+Q3_high_freq_35_45+Q4_transient+Q5_channel_inconsistency,4.0,2,0.4196243100480741,,,0.4255044360794604,,,-0.005880126031386379,0.03705559387079943
sub-014,ds004444,Q135,Q1_high_beta+Q3_high_freq_35_45+Q5_channel_inconsistency,3.0,2,0.4307297750241227,,,0.43317524048164335,,,-0.0024454654575206403,0.03344334150306097
sub-014,ds004444,Q14,Q1_high_beta+Q4_transient,2.0,2,0.7402678571428571,,,0.7429145799365118,,,-0.0026467227936545767,0.0026467227936545767
sub-014,ds004444,Q145,Q1_high_beta+Q4_transient+Q5_channel_inconsistency,3.0,2,0.5525432900432901,,,0.5545474928690137,,,-0.002004202825723722,0.013307421603500347
sub-014,ds004444,Q15,Q1_high_beta+Q5_channel_inconsistency,2.0,2,0.5670575692963753,,,0.5722405859688439,,,-0.005183016672468593,0.005183016672468593
sub-014,ds004444,Q2,Q2_broadband,1.0,2,0.9699108332100044,,,0.9699108332100044,,,1.1102230246251565e-16,1.1102230246251565e-16
sub-014,ds004444,Q23,Q2_broadband+Q3_high_freq_35_45,2.0,2,0.7184684684684686,,,0.714152033566456,,,0.004316434902012556,0.004316434902012556
sub-014,ds004444,Q234,Q2_broadband+Q3_high_freq_35_45+Q4_transient,3.0,2,0.6767906520381768,,,0.6855024463575308,,,-0.008711794319353983,0.013729472095768247
sub-014,ds004444,Q2345,Q2_broadband+Q3_high_freq_35_45+Q4_transient+Q5_channel_inconsistency,4.0,2,0.5355987055016181,,,0.5302915101265147,,,0.005307195375103463,0.011389238558874276
sub-014,ds004444,Q235,Q2_broadband+Q3_high_freq_35_45+Q5_channel_inconsistency,3.0,2,0.5514540100308287,,,0.5409452934832617,,,0.01050871654756702,0.016439854302698342
sub-014,ds004444,Q24,Q2_broadband+Q4_transient,2.0,2,0.9094433947409857,,,0.9027573615609862,,,0.006686033179999495,0.006686033179999495
sub-014,ds004444,Q245,Q2_broadband+Q4_transient+Q5_channel_inconsistency,3.0,2,0.7024389079801452,,,0.6847093707374616,,,0.017729537242683502,0.017729537242683502
sub-014,ds004444,Q25,Q2_broadband+Q5_channel_inconsistency,2.0,2,0.7184170471841704,,,0.7087492987182122,,,0.009667748465958192,0.009667748465958192
sub-014,ds004444,Q3,Q3_high_freq_35_45,1.0,2,0.7353165522501908,,,0.7353165522501908,,,0.0,1.1102230246251565e-16
sub-014,ds004444,Q34,Q3_high_freq_35_45+Q4_transient,2.0,2,0.6875078011233617,,,0.704522621626278,,,-0.017014820502916195,0.017014820502916195
sub-014,ds004444,Q345,Q3_high_freq_35_45+Q4_transient+Q5_channel_inconsistency,3.0,2,0.5367264460722405,,,0.5444333085916254,,,-0.0077068625193849605,0.014141120055785217
sub-014,ds004444,Q35,Q3_high_freq_35_45+Q5_channel_inconsistency,2.0,2,0.5545829494098548,,,0.5558536784946022,,,-0.0012707290847474295,0.01614292646686491
sub-014,ds004444,Q4,Q4_transient,1.0,2,0.9278508771929825,,,0.9278508771929825,,,0.0,0.0
sub-014,ds004444,Q45,Q4_transient+Q5_channel_inconsistency,2.0,2,0.7117346938775511,,,0.7033561864566072,,,0.008378507420943815,0.010491393232031188
sub-014,ds004444,Q5,Q5_channel_inconsistency,1.0,2,0.7291734001292824,,,0.7291734001292826,,,-5.551115123125783e-17,5.551115123125783e-17
sub-014,ds004447,Q1,Q1_high_beta,1.0,2,0.9529100529100529,,,0.9529100529100529,,,-1.1102230246251565e-16,1.1102230246251565e-16
sub-014,ds004447,Q12,Q1_high_beta+Q2_broadband,2.0,2,0.9074865778484789,,,0.910917940079667,,,-0.0034313622311882286,0.0034313622311882286
sub-014,ds004447,Q123,Q1_high_beta+Q2_broadband+Q3_high_freq_35_45,3.0,2,0.8629248658318426,,,0.8374906265805365,,,0.025434239251306057,0.025434239251306057
sub-014,ds004447,Q1234,Q1_high_beta+Q2_broadband+Q3_high_freq_35_45+Q4_transient,4.0,2,0.8629248658318426,,,0.8374906265805365,,,0.025434239251306057,0.025434239251306057
sub-014,ds004447,Q12345,Q1_high_beta+Q2_broadband+Q3_high_freq_35_45+Q4_transient+Q5_channel_inconsistency,5.0,2,0.7724479821254016,,,0.7227199608428145,,,0.04972802128258702,0.04972802128258702
sub-014,ds004447,Q1235,Q1_high_beta+Q2_broadband+Q3_high_freq_35_45+Q5_channel_inconsistency,4.0,2,0.7724479821254016,,,0.7227199608428145,,,0.04972802128258702,0.04972802128258702
sub-014,ds004447,Q124,Q1_high_beta+Q2_broadband+Q4_transient,3.0,2,0.9074865778484789,,,0.910917940079667,,,-0.0034313622311882286,0.0034313622311882286
sub-014,ds004447,Q1245,Q1_high_beta+Q2_broadband+Q4_transient+Q5_channel_inconsistency,4.0,2,0.7998511904761905,,,0.7849126439058628,,,0.014938546570327726,0.014938546570327726
sub-014,ds004447,Q125,Q1_high_beta+Q2_broadband+Q5_channel_inconsistency,3.0,2,0.7998511904761905,,,0.7849126439058628,,,0.014938546570327726,0.014938546570327726
sub-014,ds004447,Q13,Q1_high_beta+Q3_high_freq_35_45,2.0,2,0.882370283018868,,,0.8758215644932437,,,0.00654871852562422,0.007237494035828296
sub-014,ds004447,Q134,Q1_high_beta+Q3_high_freq_35_45+Q4_transient,3.0,2,0.882370283018868,,,0.8758215644932437,,,0.00654871852562422,0.007237494035828296
sub-014,ds004447,Q1345,Q1_high_beta+Q3_high_freq_35_45+Q4_transient+Q5_channel_inconsistency,4.0,2,0.7910401002506265,,,0.753111013670732,,,0.03792908657989452,0.03792908657989452
sub-014,ds004447,Q135,Q1_high_beta+Q3_high_freq_35_45+Q5_channel_inconsistency,3.0,2,0.7910401002506265,,,0.753111013670732,,,0.03792908657989452,0.03792908657989452
sub-014,ds004447,Q14,Q1_high_beta+Q4_transient,2.0,2,0.9529100529100529,,,0.9529100529100529,,,-1.1102230246251565e-16,1.1102230246251565e-16
sub-014,ds004447,Q145,Q1_high_beta+Q4_transient+Q5_channel_inconsistency,3.0,2,0.8471168007250481,,,0.818109585558098,,,0.029007215166950095,0.03043905938229946
sub-014,ds004447,Q15,Q1_high_beta+Q5_channel_inconsistency,2.0,2,0.8471168007250481,,,0.818109585558098,,,0.029007215166950095,0.03043905938229946
sub-014,ds004447,Q2,Q2_broadband,1.0,2,0.9531612048990401,,,0.9531612048990401,,,-5.551115123125783e-17,5.551115123125783e-17
sub-014,ds004447,Q23,Q2_broadband+Q3_high_freq_35_45,2.0,2,0.9029351932577738,,,0.876762973413813,,,0.026172219843960842,0.026172219843960842
sub-014,ds004447,Q234,Q2_broadband+Q3_high_freq_35_45+Q4_transient,3.0,2,0.9029351932577738,,,0.876762973413813,,,0.026172219843960842,0.026172219843960842
sub-014,ds004447,Q2345,Q2_broadband+Q3_high_freq_35_45+Q4_transient+Q5_channel_inconsistency,4.0,2,0.7693805525130826,,,0.756581677534484,,,0.012798874978598607,0.025806707584836885
sub-014,ds004447,Q235,Q2_broadband+Q3_high_freq_35_45+Q5_channel_inconsistency,3.0,2,0.7693805525130826,,,0.756581677534484,,,0.012798874978598607,0.025806707584836885
sub-014,ds004447,Q24,Q2_broadband+Q4_transient,2.0,2,0.9531612048990401,,,0.9531612048990401,,,-5.551115123125783e-17,5.551115123125783e-17
sub-014,ds004447,Q245,Q2_broadband+Q4_transient+Q5_channel_inconsistency,3.0,2,0.8079710144927537,,,0.8212849787937414,,,-0.013313964300987746,0.01625621730659077
sub-014,ds004447,Q25,Q2_broadband+Q5_channel_inconsistency,2.0,2,0.8079710144927537,,,0.8212849787937414,,,-0.013313964300987746,0.01625621730659077
sub-014,ds004447,Q3,Q3_high_freq_35_45,1.0,2,0.9195488721804511,,,0.9195488721804511,,,0.0,1.1102230246251565e-16
sub-014,ds004447,Q34,Q3_high_freq_35_45+Q4_transient,2.0,2,0.9195488721804511,,,0.9195488721804511,,,0.0,1.1102230246251565e-16
sub-014,ds004447,Q345,Q3_high_freq_35_45+Q4_transient+Q5_channel_inconsistency,3.0,2,0.7901314371902608,,,0.7904636422429429,,,-0.00033220505268211076,0.011624576252174001
sub-014,ds004447,Q35,Q3_high_freq_35_45+Q5_channel_inconsistency,2.0,2,0.7901314371902608,,,0.7904636422429429,,,-0.00033220505268211076,0.011624576252174001
sub-014,ds004447,Q4,Q4_transient,1.0,2,1.0,,,1.0,,,0.0,0.0
sub-014,ds004447,Q45,Q4_transient+Q5_channel_inconsistency,2.0,2,0.8582692307692308,,,0.8582692307692308,,,5.551115123125783e-17,5.551115123125783e-17
sub-014,ds004447,Q5,Q5_channel_inconsistency,1.0,2,0.8582692307692308,,,0.8582692307692308,,,5.551115123125783e-17,5.551115123125783e-17
sub-015,ds004444,Q1,Q1_high_beta,1.0,2,0.8761729723268185,,,0.8761729723268185,,,0.0,0.0
sub-015,ds004444,Q12,Q1_high_beta+Q2_broadband,2.0,2,0.8369820922751933,,,0.8235069973327411,,,0.013475094942452082,0.013475094942452082
sub-015,ds004444,Q123,Q1_high_beta+Q2_broadband+Q3_high_freq_35_45,3.0,2,0.6822853036291772,,,0.6442528399262406,,,0.03803246370293653,0.03803246370293653
sub-015,ds004444,Q1234,Q1_high_beta+Q2_broadband+Q3_high_freq_35_45+Q4_transient,4.0,2,0.6178054899645808,,,0.5590036493938875,,,0.05880184057069335,0.05880184057069335
sub-015,ds004444,Q12345,Q1_high_beta+Q2_broadband+Q3_high_freq_35_45+Q4_transient+Q5_channel_inconsistency,5.0,2,0.4669348508634223,,,0.37534077755942197,,,0.0915940733040003,0.0915940733040003
sub-015,ds004444,Q1235,Q1_high_beta+Q2_broadband+Q3_high_freq_35_45+Q5_channel_inconsistency,4.0,2,0.5117307692307692,,,0.42943118262131086,,,0.08229958660945838,0.08229958660945838
sub-015,ds004444,Q124,Q1_high_beta+Q2_broadband+Q4_transient,3.0,2,0.7694706381280247,,,0.7293286488237649,,,0.04014198930425983,0.04014198930425983
sub-015,ds004444,Q1245,Q1_high_beta+Q2_broadband+Q4_transient+Q5_channel_inconsistency,4.0,2,0.5639559213279397,,,0.4836093819404358,,,0.08034653938750394,0.08034653938750394
sub-015,ds004444,Q125,Q1_high_beta+Q2_broadband+Q5_channel_inconsistency,3.0,2,0.6159819807705238,,,0.5426291072976362,,,0.07335287347288746,0.07335287347288746
sub-015,ds004444,Q13,Q1_high_beta+Q3_high_freq_35_45,2.0,2,0.7003476555535746,,,0.6843894406183051,,,0.015958214935269555,0.017499041501539192
sub-015,ds004444,Q134,Q1_high_beta+Q3_high_freq_35_45+Q4_transient,3.0,2,0.6191244239631336,,,0.5850596812989478,,,0.03406474266418577,0.03406474266418577
sub-015,ds004444,Q1345,Q1_high_beta+Q3_high_freq_35_45+Q4_transient+Q5_channel_inconsistency,4.0,2,0.4580128205128205,,,0.3887420215473358,,,0.06927079896548471,0.06927079896548471
sub-015,ds004444,Q135,Q1_high_beta+Q3_high_freq_35_45+Q5_channel_inconsistency,3.0,2,0.5096671255162057,,,0.4495258483121976,,,0.06014127720400814,0.06014127720400814
sub-015,ds004444,Q14,Q1_high_beta+Q4_transient,2.0,2,0.7819292400444233,,,0.7647775333849353,,,0.01715170665948801,0.01715170665948801
sub-015,ds004444,Q145,Q1_high_beta+Q4_transient+Q5_channel_inconsistency,3.0,2,0.5552468126838837,,,0.5014186914658043,,,0.053828121218079394,0.053828121218079394
sub-015,ds004444,Q15,Q1_high_beta+Q5_channel_inconsistency,2.0,2,0.6116557734204793,,,0.5684456303504402,,,0.04321014307003923,0.04321014307003923
sub-015,ds004444,Q2,Q2_broadband,1.0,2,0.9420058612829698,,,0.9420058612829698,,,0.0,0.0
sub-015,ds004444,Q23,Q2_broadband+Q3_high_freq_35_45,2.0,2,0.7494360902255639,,,0.7198686670186707,,,0.029567423206893262,0.029567423206893262
sub-015,ds004444,Q234,Q2_broadband+Q3_high_freq_35_45+Q4_transient,3.0,2,0.6911215213875411,,,0.6332334607186455,,,0.057888060668895625,0.057888060668895625
sub-015,ds004444,Q2345,Q2_broadband+Q3_high_freq_35_45+Q4_transient+Q5_channel_inconsistency,4.0,2,0.518228958915038,,,0.4226596856606189,,,0.095569273254419,0.095569273254419
sub-015,ds004444,Q235,Q2_broadband+Q3_high_freq_35_45+Q5_channel_inconsistency,3.0,2,0.5580357142857143,,,0.4775047317240575,,,0.08053098256165678,0.08053098256165678
sub-015,ds004444,Q24,Q2_broadband+Q4_transient,2.0,2,0.8708356860530774,,,0.8459174113850372,,,0.024918274668040252,0.024918274668040252
sub-015,ds004444,Q245,Q2_broadband+Q4_transient+Q5_channel_inconsistency,3.0,2,0.6037832864256332,,,0.5554366582976035,,,0.048346628128029756,0.048346628128029756
sub-015,ds004444,Q25,Q2_broadband+Q5_channel_inconsistency,2.0,2,0.6590501345559653,,,0.6154568080631222,,,0.04359332649284309,0.04359332649284309
sub-015,ds004444,Q3,Q3_high_freq_35_45,1.0,2,0.7621693121693122,,,0.7621693121693123,,,-5.551115123125783e-17,5.551115123125783e-17
sub-015,ds004444,Q34,Q3_high_freq_35_45+Q4_transient,2.0,2,0.6802102317104921,,,0.6613124551917291,,,0.018897776518763065,0.018897776518763065
sub-015,ds004444,Q345,Q3_high_freq_35_45+Q4_transient+Q5_channel_inconsistency,3.0,2,0.4934362934362934,,,0.4369708370561829,,,0.056465456380110496,0.056465456380110496
sub-015,ds004444,Q35,Q3_high_freq_35_45+Q5_channel_inconsistency,2.0,2,0.5465258215962441,,,0.49855521626090155,,,0.04797060533534256,0.04797060533534256
sub-015,ds004444,Q4,Q4_transient,1.0,2,0.8864499788940481,,,0.8864499788940481,,,5.551115123125783e-17,5.551115123125783e-17
sub-015,ds004444,Q45,Q4_transient+Q5_channel_inconsistency,2.0,2,0.5848139456922561,,,0.575426301541333,,,0.009387644150923136,0.009387644150923136
sub-015,ds004444,Q5,Q5_channel_inconsistency,1.0,2,0.6435345341763092,,,0.6435345341763091,,,5.551115123125783e-17,5.551115123125783e-17
sub-015,ds004447,Q1,Q1_high_beta,1.0,2,0.9531732418524872,,,0.9531732418524872,,,0.0,1.1102230246251565e-16
sub-015,ds004447,Q12,Q1_high_beta+Q2_broadband,2.0,2,0.9239350912778905,,,0.9210182132521123,,,0.002916878025778169,0.00906885563574783
sub-015,ds004447,Q123,Q1_high_beta+Q2_broadband+Q3_high_freq_35_45,3.0,2,0.87625,,,0.8812620409882284,,,-0.005012040988228328,0.005012040988228328
sub-015,ds004447,Q1234,Q1_high_beta+Q2_broadband+Q3_high_freq_35_45+Q4_transient,4.0,2,0.87,,,0.8772212481157998,,,-0.007221248115799828,0.007221248115799828
sub-015,ds004447,Q12345,Q1_high_beta+Q2_broadband+Q3_high_freq_35_45+Q4_transient+Q5_channel_inconsistency,5.0,2,0.7798800799467022,,,0.7805768451573097,,,-0.000696765210607575,0.024087990518793734
sub-015,ds004447,Q1235,Q1_high_beta+Q2_broadband+Q3_high_freq_35_45+Q5_channel_inconsistency,4.0,2,0.7862091938707528,,,0.7840712272381614,,,0.002137966632591415,0.026922722361992724
sub-015,ds004447,Q124,Q1_high_beta+Q2_broadband+Q4_transient,3.0,2,0.9181879648411089,,,0.9169774203796839,,,0.0012105444614249339,0.010775189200101065
sub-015,ds004447,Q1245,Q1_high_beta+Q2_broadband+Q4_transient+Q5_channel_inconsistency,4.0,2,0.8226444497722369,,,0.8133671995773416,,,0.009277250194895281,0.009277250194895281
sub-015,ds004447,Q125,Q1_high_beta+Q2_broadband+Q5_channel_inconsistency,3.0,2,0.828458403260609,,,0.816861581658193,,,0.01159682160241593,0.01159682160241593
sub-015,ds004447,Q13,Q1_high_beta+Q3_high_freq_35_45,2.0,2,0.8993197278911564,,,0.908568806235142,,,-0.009249078343985584,0.009249078343985584
sub-015,ds004447,Q134,Q1_high_beta+Q3_high_freq_35_45+Q4_transient,3.0,2,0.8940598919980363,,,0.9044435197569143,,,-0.010383627758878022,0.010383627758878022
sub-015,ds004447,Q1345,Q1_high_beta+Q3_high_freq_35_45+Q4_transient+Q5_channel_inconsistency,4.0,2,0.8003438641736513,,,0.8035052332378939,,,-0.003161369064242525,0.025783537229494613
sub-015,ds004447,Q135,Q1_high_beta+Q3_high_freq_35_45+Q5_channel_inconsistency,3.0,2,0.806166932482722,,,0.8070675394144714,,,-0.0009006069317494259,0.028044299361987712
sub-015,ds004447,Q14,Q1_high_beta+Q4_transient,2.0,2,0.948502683053488,,,0.9490479553742595,,,-0.0005452723207714505,0.0005452723207715615
sub-015,ds004447,Q145,Q1_high_beta+Q4_transient+Q5_channel_inconsistency,3.0,2,0.848095238095238,,,0.8401003780665643,,,0.007994860028673667,0.007994860028673667
sub-015,ds004447,Q15,Q1_high_beta+Q5_channel_inconsistency,2.0,2,0.8533962264150943,,,0.8436626842431418,,,0.009733542171952436,0.009733542171952436
sub-015,ds004447,Q2,Q2_broadband,1.0,2,0.9632053105737316,,,0.9632053105737317,,,-1.1102230246251565e-16,1.1102230246251565e-16
sub-015,ds004447,Q23,Q2_broadband+Q3_high_freq_35_45,2.0,2,0.9201119724375538,,,0.920593564694116,,,-0.00048159225656219107,0.0006199989307086318
sub-015,ds004447,Q234,Q2_broadband+Q3_high_freq_35_45+Q4_transient,3.0,2,0.9142980189491817,,,0.9164795109823418,,,-0.002181492033160093,0.0023198987073065336
sub-015,ds004447,Q2345,Q2_broadband+Q3_high_freq_35_45+Q4_transient+Q5_channel_inconsistency,4.0,2,0.8126056508089834,,,0.8133426523586518,,,-0.0007370015496683813,0.025226256655129342
sub-015,ds004447,Q235,Q2_broadband+Q3_high_freq_35_45+Q5_channel_inconsistency,3.0,2,0.8187032117845932,,,0.8168959675857485,,,0.0018072441988446486,0.027770502403642372
sub-015,ds004447,Q24,Q2_broadband+Q4_transient,2.0,2,0.9579421526789949,,,0.9590912568619576,,,-0.0011491041829628235,0.0011491041829628235
sub-015,ds004447,Q245,Q2_broadband+Q4_transient+Q5_channel_inconsistency,3.0,2,0.8537087912087912,,,0.8481495037617619,,,0.005559287447029271,0.0066008333780778194
sub-015,ds004447,Q25,Q2_broadband+Q5_channel_inconsistency,2.0,2,0.8592032967032968,,,0.8517028189888587,,,0.007500477714437959,0.008542023645486507
sub-015,ds004447,Q3,Q3_high_freq_35_45,1.0,2,0.9517543859649122,,,0.9517543859649124,,,-5.551115123125783e-17,5.551115123125783e-17
sub-015,ds004447,Q34,Q3_high_freq_35_45+Q4_transient,2.0,2,0.94694669365722,,,0.9475527052926433,,,-0.000606011635423398,0.000606011635423398
sub-015,ds004447,Q345,Q3_high_freq_35_45+Q4_transient+Q5_channel_inconsistency,3.0,2,0.8310550635348479,,,0.8393032446381133,,,-0.008248181103265417,0.01964930481987992
sub-015,ds004447,Q35,Q3_high_freq_35_45+Q5_channel_inconsistency,2.0,2,0.8366209262435678,,,0.8429268695269425,,,-0.006305943283374693,0.021591542639770644
sub-015,ds004447,Q4,Q4_transient,1.0,2,0.9957983193277311,,,0.995798319327731,,,1.1102230246251565e-16,1.1102230246251565e-16
sub-015,ds004447,Q45,Q4_transient+Q5_channel_inconsistency,2.0,2,0.8771494708994709,,,0.8784642151636126,,,-0.0013147442641417428,0.0013147442641417428
sub-015,ds004447,Q5,Q5_channel_inconsistency,1.0,2,0.8820878400524418,,,0.8820878400524419,,,-1.6653345369377348e-16,1.6653345369377348e-16
sub-016,ds004444,Q1,Q1_high_beta,1.0,2,0.8950501253132832,,,0.8950501253132832,,,0.0,0.0
sub-016,ds004444,Q12,Q1_high_beta+Q2_broadband,2.0,2,0.7528914141414141,,,0.7122987032214215,,,0.040592710919992614,0.040592710919992614
sub-016,ds004444,Q123,Q1_high_beta+Q2_broadband+Q3_high_freq_35_45,3.0,2,0.5564716092239028,,,0.5060744137277842,,,0.05039719549611865,0.05039719549611865
sub-016,ds004444,Q1234,Q1_high_beta+Q2_broadband+Q3_high_freq_35_45+Q4_transient,4.0,2,0.5115830115830116,,,0.43079180981770804,,,0.08079120176530352,0.08079120176530352
sub-016,ds004444,Q12345,Q1_high_beta+Q2_broadband+Q3_high_freq_35_45+Q4_transient+Q5_channel_inconsistency,5.0,2,0.4761303053382261,,,0.39601231351345495,,,0.08011799182477117,0.08011799182477117
sub-016,ds004444,Q1235,Q1_high_beta+Q2_broadband+Q3_high_freq_35_45+Q5_channel_inconsistency,4.0,2,0.521891901202246,,,0.465314302462724,,,0.05657759873952209,0.05657759873952209
sub-016,ds004444,Q124,Q1_high_beta+Q2_broadband+Q4_transient,3.0,2,0.6558441558441559,,,0.59812735837661,,,0.05771679746754588,0.05771679746754588
sub-016,ds004444,Q1245,Q1_high_beta+Q2_broadband+Q4_transient+Q5_channel_inconsistency,4.0,2,0.6160323583602028,,,0.5469188298116332,,,0.06911352854856956,0.06911352854856956
sub-016,ds004444,Q125,Q1_high_beta+Q2_broadband+Q5_channel_inconsistency,3.0,2,0.7066866267465071,,,0.6505333318819211,,,0.05615329486458592,0.05615329486458592
sub-016,ds004444,Q13,Q1_high_beta+Q3_high_freq_35_45,2.0,2,0.6457070491476706,,,0.6473204433312081,,,-0.0016133941835373977,0.005295550266070814
sub-016,ds004444,Q134,Q1_high_beta+Q3_high_freq_35_45+Q4_transient,3.0,2,0.5752715837621498,,,0.5632062819767704,,,0.012065301785379429,0.015806355786680742
sub-016,ds004444,Q1345,Q1_high_beta+Q3_high_freq_35_45+Q4_transient+Q5_channel_inconsistency,4.0,2,0.5308464849354376,,,0.5102171779356948,,,0.020629306999742775,0.020629306999742775
sub-016,ds004444,Q135,Q1_high_beta+Q3_high_freq_35_45+Q5_channel_inconsistency,3.0,2,0.5978964401294498,,,0.5869113078945118,,,0.010985132234938022,0.012184279388576802
sub-016,ds004444,Q14,Q1_high_beta+Q4_transient,2.0,2,0.7713330070158264,,,0.7685348308008516,,,0.0027981762149748013,0.006461083044284277
sub-016,ds004444,Q145,Q1_high_beta+Q4_transient+Q5_channel_inconsistency,3.0,2,0.7152448657187993,,,0.691090428066532,,,0.02415443765226738,0.02415443765226738
sub-016,ds004444,Q15,Q1_high_beta+Q5_channel_inconsistency,2.0,2,0.8268388106416276,,,0.8047258997297111,,,0.022112910911916417,0.022112910911916417
sub-016,ds004444,Q2,Q2_broadband,1.0,2,0.8045550441120062,,,0.8045550441120062,,,5.551115123125783e-17,5.551115123125783e-17
sub-016,ds004444,Q23,Q2_broadband+Q3_high_freq_35_45,2.0,2,0.581229546517064,,,0.5678425587035598,,,0.01338698781350417,0.01338698781350417
sub-016,ds004444,Q234,Q2_broadband+Q3_high_freq_35_45+Q4_transient,3.0,2,0.5301568296004131,,,0.4793364341965492,,,0.05082039540386396,0.05082039540386396
sub-016,ds004444,Q2345,Q2_broadband+Q3_high_freq_35_45+Q4_transient+Q5_channel_inconsistency,4.0,2,0.510444093382482,,,0.44040335049346074,,,0.07004074288902123,0.07004074288902123
sub-016,ds004444,Q235,Q2_broadband+Q3_high_freq_35_45+Q5_channel_inconsistency,3.0,2,0.5587875611460518,,,0.5215270204859876,,,0.037260540660064095,0.037260540660064095
sub-016,ds004444,Q24,Q2_broadband+Q4_transient,2.0,2,0.6941063174114022,,,0.6699815456013982,,,0.024124771810003887,0.024124771810003887
sub-016,ds004444,Q245,Q2_broadband+Q4_transient+Q5_channel_inconsistency,3.0,2,0.6541813306519189,,,0.6118002820991719,,,0.042381048552746936,0.042381048552746936
sub-016,ds004444,Q25,Q2_broadband+Q5_channel_inconsistency,2.0,2,0.7546800484020215,,,0.7330558986619626,,,0.021624149740058773,0.021624149740058773
sub-016,ds004444,Q3,Q3_high_freq_35_45,1.0,2,0.7184401361550985,,,0.7184401361550985,,,0.0,1.1102230246251565e-16
sub-016,ds004444,Q34,Q3_high_freq_35_45+Q4_transient,2.0,2,0.6382389162561577,,,0.6200670132569788,,,0.018171902999178813,0.018171902999178813
sub-016,ds004444,Q345,Q3_high_freq_35_45+Q4_transient+Q5_channel_inconsistency,3.0,2,0.582844923174402,,,0.5613806509569854,,,0.02146427221741662,0.03503689378060201
sub-016,ds004444,Q35,Q3_high_freq_35_45+Q5_channel_inconsistency,2.0,2,0.6529365392195506,,,0.6507178378820921,,,0.0022187013374585507,0.023695073033318692
sub-016,ds004444,Q4,Q4_transient,1.0,2,0.8515428870292887,,,0.8515428870292887,,,-5.551115123125783e-17,5.551115123125783e-17
sub-016,ds004444,Q45,Q4_transient+Q5_channel_inconsistency,2.0,2,0.7711029158040028,,,0.7647550834292958,,,0.006347832374706985,0.006347832374706985
sub-016,ds004444,Q5,Q5_channel_inconsistency,1.0,2,0.8971719892266257,,,0.8971719892266257,,,0.0,0.0
sub-016,ds004447,Q1,Q1_high_beta,1.0,2,0.8958333333333333,,,0.8958333333333333,,,0.0,0.0
sub-016,ds004447,Q12,Q1_high_beta+Q2_broadband,2.0,2,0.8595050878815911,,,0.8562293729372936,,,0.003275714944297514,0.003275714944297514
sub-016,ds004447,Q123,Q1_high_beta+Q2_broadband+Q3_high_freq_35_45,3.0,2,0.7682134938232499,,,0.7170982899595205,,,0.051115203863729364,0.051115203863729364
sub-016,ds004447,Q1234,Q1_high_beta+Q2_broadband+Q3_high_freq_35_45+Q4_transient,4.0,2,0.7682134938232499,,,0.6879636503045239,,,0.080249843518726,0.080249843518726
sub-016,ds004447,Q12345,Q1_high_beta+Q2_broadband+Q3_high_freq_35_45+Q4_transient+Q5_channel_inconsistency,5.0,2,0.7370383214843073,,,0.6330277279900587,,,0.10401059349424854,0.10401059349424854
sub-016,ds004447,Q1235,Q1_high_beta+Q2_broadband+Q3_high_freq_35_45+Q5_channel_inconsistency,4.0,2,0.7370383214843073,,,0.659818400390124,,,0.07721992109418327,0.07721992109418327
sub-016,ds004447,Q124,Q1_high_beta+Q2_broadband+Q4_transient,3.0,2,0.8644810659186535,,,0.8268323034672157,,,0.037648762451437834,0.037648762451437834
sub-016,ds004447,Q1245,Q1_high_beta+Q2_broadband+Q4_transient+Q5_channel_inconsistency,4.0,2,0.8441176470588235,,,0.7568332227217793,,,0.08728442433704425,0.08728442433704425
sub-016,ds004447,Q125,Q1_high_beta+Q2_broadband+Q5_channel_inconsistency,3.0,2,0.8441176470588235,,,0.7838690073207844,,,0.06024863973803918,0.06024863973803918
sub-016,ds004447,Q13,Q1_high_beta+Q3_high_freq_35_45,2.0,2,0.7919127988748242,,,0.7559052269849882,,,0.036007571889836,0.03659236721147335
sub-016,ds004447,Q134,Q1_high_beta+Q3_high_freq_35_45+Q4_transient,3.0,2,0.7919127988748242,,,0.7217854447708321,,,0.07012735410399218,0.07012735410399218
sub-016,ds004447,Q1345,Q1_high_beta+Q3_high_freq_35_45+Q4_transient+Q5_channel_inconsistency,4.0,2,0.7445635290462876,,,0.6610151639408639,,,0.08354836510542377,0.08354836510542377
sub-016,ds004447,Q135,Q1_high_beta+Q3_high_freq_35_45+Q5_channel_inconsistency,3.0,2,0.7445635290462876,,,0.6919461814621082,,,0.052617347584179436,0.052617347584179436
sub-016,ds004447,Q14,Q1_high_beta+Q4_transient,2.0,2,0.8863993710691824,,,0.8613505747126438,,,0.025048796356538672,0.025048796356538672
sub-016,ds004447,Q145,Q1_high_beta+Q4_transient+Q5_channel_inconsistency,3.0,2,0.856551724137931,,,0.7853989352803297,,,0.07115278885760135,0.07115278885760135
sub-016,ds004447,Q15,Q1_high_beta+Q5_channel_inconsistency,2.0,2,0.856551724137931,,,0.8166590061794595,,,0.039892717958471546,0.039892717958471546
sub-016,ds004447,Q2,Q2_broadband,1.0,2,0.9603960396039604,,,0.9603960396039604,,,1.1102230246251565e-16,1.1102230246251565e-16
sub-016,ds004447,Q23,Q2_broadband+Q3_high_freq_35_45,2.0,2,0.7988505747126436,,,0.7858268122962904,,,0.013023762416353335,0.013023762416353335
sub-016,ds004447,Q234,Q2_broadband+Q3_high_freq_35_45+Q4_transient,3.0,2,0.7926356589147286,,,0.7566921726412936,,,0.035943486273434966,0.035943486273434966
sub-016,ds004447,Q2345,Q2_broadband+Q3_high_freq_35_45+Q4_transient+Q5_channel_inconsistency,4.0,2,0.7627690100430415,,,0.6946990277702698,,,0.06806998227277183,0.06806998227277183
sub-016,ds004447,Q235,Q2_broadband+Q3_high_freq_35_45+Q5_channel_inconsistency,3.0,2,0.7574060949681076,,,0.721489700170335,,,0.0359163947977727,0.0359163947977727
sub-016,ds004447,Q24,Q2_broadband+Q4_transient,2.0,2,0.9595959595959596,,,0.9309989701338826,,,0.02859698946207706,0.02859698946207706
sub-016,ds004447,Q245,Q2_broadband+Q4_transient+Q5_channel_inconsistency,3.0,2,0.9121550452917633,,,0.8471489482834065,,,0.06500609700835669,0.06500609700835669
sub-016,ds004447,Q25,Q2_broadband+Q5_channel_inconsistency,2.0,2,0.9074517978113601,,,0.8741847328824115,,,0.03326706492894854,0.03326706492894854
sub-016,ds004447,Q3,Q3_high_freq_35_45,1.0,2,0.8246337493217579,,,0.8246337493217578,,,1.6653345369377348e-16,1.6653345369377348e-16
sub-016,ds004447,Q34,Q3_high_freq_35_45+Q4_transient,2.0,2,0.8088442756375475,,,0.7905139671076018,,,0.01833030852994566,0.01833030852994566
sub-016,ds004447,Q345,Q3_high_freq_35_45+Q4_transient+Q5_channel_inconsistency,3.0,2,0.7596616866279787,,,0.7226864637210748,,,0.03697522290690386,0.03697522290690386
sub-016,ds004447,Q35,Q3_high_freq_35_45+Q5_channel_inconsistency,2.0,2,0.7651561921224843,,,0.7536174812423193,,,0.011538710880165004,0.011538710880165004
sub-016,ds004447,Q4,Q4_transient,1.0,2,0.9655172413793103,,,0.9655172413793104,,,-5.551115123125783e-17,5.551115123125783e-17
sub-016,ds004447,Q45,Q4_transient+Q5_channel_inconsistency,2.0,2,0.8976289373485635,,,0.8757146608419568,,,0.021914276506606656,0.021914276506606656
sub-016,ds004447,Q5,Q5_channel_inconsistency,1.0,2,0.9069747317410869,,,0.9069747317410868,,,1.1102230246251565e-16,1.1102230246251565e-16
sub-017,ds004444,Q1,Q1_high_beta,1.0,2,0.5751199177706715,,,0.5751199177706716,,,-5.551115123125783e-17,5.551115123125783e-17
sub-017,ds004444,Q12,Q1_high_beta+Q2_broadband,2.0,2,0.49432626769530374,,,0.4264019326443761,,,0.06792433505092768,0.06792433505092768
sub-017,ds004444,Q123,Q1_high_beta+Q2_broadband+Q3_high_freq_35_45,3.0,2,0.40450511524713423,,,0.24923632602991042,,,0.1552687892172238,0.1552687892172238
sub-017,ds004444,Q1234,Q1_high_beta+Q2_broadband+Q3_high_freq_35_45+Q4_transient,4.0,2,0.4060295680742101,,,0.23632796652404214,,,0.16970160155016795,0.16970160155016795
sub-017,ds004444,Q12345,Q1_high_beta+Q2_broadband+Q3_high_freq_35_45+Q4_transient+Q5_channel_inconsistency,5.0,2,0.3968253968253968,,,0.15222428563421936,,,0.24460111119117744,0.24460111119117744
sub-017,ds004444,Q1235,Q1_high_beta+Q2_broadband+Q3_high_freq_35_45+Q5_channel_inconsistency,4.0,2,0.34904857673267325,,,0.15546315493281698,,,0.19358542179985627,0.19358542179985627
sub-017,ds004444,Q124,Q1_high_beta+Q2_broadband+Q4_transient,3.0,2,0.48609756097560974,,,0.38707618875297845,,,0.09902137222263135,0.09902137222263135
sub-017,ds004444,Q1245,Q1_high_beta+Q2_broadband+Q4_transient+Q5_channel_inconsistency,4.0,2,0.4473095174142716,,,0.25089316684636015,,,0.19641635056791149,0.19641635056791149
sub-017,ds004444,Q125,Q1_high_beta+Q2_broadband+Q5_channel_inconsistency,3.0,2,0.41047716722444133,,,0.26095387622003335,,,0.14952329100440798,0.14952329100440798
sub-017,ds004444,Q13,Q1_high_beta+Q3_high_freq_35_45,2.0,2,0.4271367521367521,,,0.331067301284252,,,0.09606945085250015,0.09606945085250015
sub-017,ds004444,Q134,Q1_high_beta+Q3_high_freq_35_45+Q4_transient,3.0,2,0.40384615384615385,,,0.2973897337760296,,,0.10645642007012426,0.10645642007012426
sub-017,ds004444,Q1345,Q1_high_beta+Q3_high_freq_35_45+Q4_transient+Q5_channel_inconsistency,4.0,2,0.38442460317460314,,,0.18642282634308044,,,0.19800177683152273,0.19800177683152273
sub-017,ds004444,Q135,Q1_high_beta+Q3_high_freq_35_45+Q5_channel_inconsistency,3.0,2,0.3628216617590577,,,0.19464491393878236,,,0.16817674782027536,0.16817674782027536
sub-017,ds004444,Q14,Q1_high_beta+Q4_transient,2.0,2,0.4948453608247423,,,0.47686530314488373,,,0.017980057679858497,0.025300699417933337
sub-017,ds004444,Q145,Q1_high_beta+Q4_transient+Q5_channel_inconsistency,3.0,2,0.431749726177437,,,0.305961034240651,,,0.12578869193678602,0.12578869193678602
sub-017,ds004444,Q15,Q1_high_beta+Q5_channel_inconsistency,2.0,2,0.4281111111111111,,,0.3311923889649948,,,0.09691872214611627,0.09691872214611627
sub-017,ds004444,Q2,Q2_broadband,1.0,2,0.764500537056928,,,0.7645005370569282,,,-1.6653345369377348e-16,1.6653345369377348e-16
sub-017,ds004444,Q23,Q2_broadband+Q3_high_freq_35_45,2.0,2,0.523249425631805,,,0.45028391458222106,,,0.07296551104958393,0.07296551104958393
sub-017,ds004444,Q234,Q2_broadband+Q3_high_freq_35_45+Q4_transient,3.0,2,0.5026427837321978,,,0.41975668064179006,,,0.08288610309040784,0.08288610309040784
sub-017,ds004444,Q2345,Q2_broadband+Q3_high_freq_35_45+Q4_transient+Q5_channel_inconsistency,4.0,2,0.46397243107769426,,,0.2783278854293507,,,0.1856445456483435,0.1856445456483435
sub-017,ds004444,Q235,Q2_broadband+Q3_high_freq_35_45+Q5_channel_inconsistency,3.0,2,0.4296626984126984,,,0.28664061677097896,,,0.14302208164171942,0.14302208164171942
sub-017,ds004444,Q24,Q2_broadband+Q4_transient,2.0,2,0.6966093981112755,,,0.6754212094663579,,,0.021188188644917644,0.02405813269133214
sub-017,ds004444,Q245,Q2_broadband+Q4_transient+Q5_channel_inconsistency,3.0,2,0.5614457831325301,,,0.4511542707230166,,,0.11029151240951353,0.11029151240951353
sub-017,ds004444,Q25,Q2_broadband+Q5_channel_inconsistency,2.0,2,0.543555634648752,,,0.475969542616396,,,0.06758609203235602,0.06758609203235602
sub-017,ds004444,Q3,Q3_high_freq_35_45,1.0,2,0.580258233532934,,,0.5802582335329342,,,-5.551115123125783e-17,5.551115123125783e-17
sub-017,ds004444,Q34,Q3_high_freq_35_45+Q4_transient,2.0,2,0.5247694334650856,,,0.5054774557804799,,,0.019291977684605804,0.02173126752239654
sub-017,ds004444,Q345,Q3_high_freq_35_45+Q4_transient+Q5_channel_inconsistency,3.0,2,0.45860566448801743,,,0.3298647579930746,,,0.12874090649494285,0.12874090649494285
sub-017,ds004444,Q35,Q3_high_freq_35_45+Q5_channel_inconsistency,2.0,2,0.4622311827956989,,,0.34937364947172256,,,0.11285753332397637,0.11285753332397637
sub-017,ds004444,Q4,Q4_transient,1.0,2,0.7930518891272067,,,0.7930518891272067,,,0.0,1.1102230246251565e-16
sub-017,ds004444,Q45,Q4_transient+Q5_channel_inconsistency,2.0,2,0.5584304584304585,,,0.5300686950638228,,,0.028361763366635623,0.030877384999904306
sub-017,ds004444,Q5,Q5_channel_inconsistency,1.0,2,0.5874125874125874,,,0.5874125874125873,,,1.1102230246251565e-16,1.1102230246251565e-16
sub-017,ds004447,Q1,Q1_high_beta,1.0,2,0.8893388680773514,,,0.8893388680773515,,,-5.551115123125783e-17,5.551115123125783e-17
sub-017,ds004447,Q12,Q1_high_beta+Q2_broadband,2.0,2,0.8197101449275362,,,0.8097664905246347,,,0.009943654402901625,0.02500606085215734
sub-017,ds004447,Q123,Q1_high_beta+Q2_broadband+Q3_high_freq_35_45,3.0,2,0.7119047619047618,,,0.6804272668316591,,,0.03147749507310271,0.03147749507310271
sub-017,ds004447,Q1234,Q1_high_beta+Q2_broadband+Q3_high_freq_35_45+Q4_transient,4.0,2,0.7025641025641025,,,0.628986397054893,,,0.0735777055092095,0.0735777055092095
sub-017,ds004447,Q12345,Q1_high_beta+Q2_broadband+Q3_high_freq_35_45+Q4_transient+Q5_channel_inconsistency,5.0,2,0.6025974025974026,,,0.49034592844213387,,,0.11225147415526873,0.11225147415526873
sub-017,ds004447,Q1235,Q1_high_beta+Q2_broadband+Q3_high_freq_35_45+Q5_channel_inconsistency,4.0,2,0.6061102831594635,,,0.5246568440687757,,,0.08145343909068781,0.08145343909068781
sub-017,ds004447,Q124,Q1_high_beta+Q2_broadband+Q4_transient,3.0,2,0.804945054945055,,,0.7493350945713217,,,0.055609960373733114,0.055609960373733114
sub-017,ds004447,Q1245,Q1_high_beta+Q2_broadband+Q4_transient+Q5_channel_inconsistency,4.0,2,0.6751024590163934,,,0.5599593603030748,,,0.11514309871331863,0.11514309871331863
sub-017,ds004447,Q125,Q1_high_beta+Q2_broadband+Q5_channel_inconsistency,3.0,2,0.668140777593514,,,0.5973901840057133,,,0.07075059358780061,0.07075059358780061
sub-017,ds004447,Q13,Q1_high_beta+Q3_high_freq_35_45,2.0,2,0.7447881066302119,,,0.749435667034267,,,-0.004647560404055173,0.004647560404055173
sub-017,ds004447,Q134,Q1_high_beta+Q3_high_freq_35_45+Q4_transient,3.0,2,0.7035818713450293,,,0.6930449161612752,,,0.010536955183754082,0.010536955183754082
sub-017,ds004447,Q1345,Q1_high_beta+Q3_high_freq_35_45+Q4_transient+Q5_channel_inconsistency,4.0,2,0.5719233433387209,,,0.5345902261904093,,,0.037333117148311584,0.05301700075767676
sub-017,ds004447,Q135,Q1_high_beta+Q3_high_freq_35_45+Q5_channel_inconsistency,3.0,2,0.6041399914639352,,,0.5712745304754033,,,0.032865460988531825,0.04455256872824054
sub-017,ds004447,Q14,Q1_high_beta+Q4_transient,2.0,2,0.8269230769230769,,,0.8233080382330304,,,0.0036150386900464238,0.0043391208094769596
sub-017,ds004447,Q145,Q1_high_beta+Q4_transient+Q5_channel_inconsistency,3.0,2,0.6505145797598628,,,0.6079362443597164,,,0.04257833540014638,0.04257833540014638
sub-017,ds004447,Q15,Q1_high_beta+Q5_channel_inconsistency,2.0,2,0.6734199796126401,,,0.6477140555272705,,,0.025705924085369702,0.0398135253738105
sub-017,ds004447,Q2,Q2_broadband,1.0,2,0.9033854998403066,,,0.9033854998403065,,,1.1102230246251565e-16,1.1102230246251565e-16
sub-017,ds004447,Q23,Q2_broadband+Q3_high_freq_35_45,2.0,2,0.7830953640049356,,,0.754909505384066,,,0.028185858620869697,0.028185858620869697
sub-017,ds004447,Q234,Q2_broadband+Q3_high_freq_35_45+Q4_transient,3.0,2,0.7616503960213667,,,0.6947052722777018,,,0.06694512374366479,0.06694512374366479
sub-017,ds004447,Q2345,Q2_broadband+Q3_high_freq_35_45+Q4_transient+Q5_channel_inconsistency,4.0,2,0.6394984326018809,,,0.5361110504382768,,,0.10338738216360407,0.10338738216360407
sub-017,ds004447,Q235,Q2_broadband+Q3_high_freq_35_45+Q5_channel_inconsistency,3.0,2,0.661576354679803,,,0.5760280691314767,,,0.08554828554832622,0.08554828554832622
sub-017,ds004447,Q24,Q2_broadband+Q4_transient,2.0,2,0.8797624383684446,,,0.8320702217843434,,,0.04769221658410128,0.04769221658410128
sub-017,ds004447,Q245,Q2_broadband+Q4_transient+Q5_channel_inconsistency,3.0,2,0.7269351378115201,,,0.6138233308580523,,,0.11311180695346779,0.11311180695346779
sub-017,ds004447,Q25,Q2_broadband+Q5_channel_inconsistency,2.0,2,0.7367216117216118,,,0.6577142256379886,,,0.07900738608362301,0.07900738608362301
sub-017,ds004447,Q3,Q3_high_freq_35_45,1.0,2,0.8377235971575594,,,0.8377235971575594,,,0.0,0.0
sub-017,ds004447,Q34,Q3_high_freq_35_45+Q4_transient,2.0,2,0.7866233766233766,,,0.7705717691326901,,,0.01605160749068657,0.01605160749068657
sub-017,ds004447,Q345,Q3_high_freq_35_45+Q4_transient+Q5_channel_inconsistency,3.0,2,0.5964864864864865,,,0.588367052048177,,,0.008119434438309536,0.010312533189409168
sub-017,ds004447,Q35,Q3_high_freq_35_45+Q5_channel_inconsistency,2.0,2,0.6424050632911392,,,0.631805654721656,,,0.010599408569483215,0.011284425383532304
sub-017,ds004447,Q4,Q4_transient,1.0,2,0.9206471494607087,,,0.9206471494607087,,,0.0,0.0
sub-017,ds004447,Q45,Q4_transient+Q5_channel_inconsistency,2.0,2,0.6838218840904006,,,0.6711073318216174,,,0.012714552268783208,0.012714552268783208
sub-017,ds004447,Q5,Q5_channel_inconsistency,1.0,2,0.7186473727422003,,,0.7186473727422003,,,5.551115123125783e-17,5.551115123125783e-17
sub-018,ds004444,Q1,Q1_high_beta,1.0,2,0.90964824120603,,,0.90964824120603,,,5.551115123125783e-17,5.551115123125783e-17
sub-018,ds004444,Q12,Q1_high_beta+Q2_broadband,2.0,2,0.7732706543010295,,,0.7625129999743405,,,0.010757654326689015,0.030731083647546897
sub-018,ds004444,Q123,Q1_high_beta+Q2_broadband+Q3_high_freq_35_45,3.0,2,0.6598360655737705,,,0.6230058127331641,,,0.036830252840606426,0.036830252840606426
sub-018,ds004444,Q1234,Q1_high_beta+Q2_broadband+Q3_high_freq_35_45+Q4_transient,4.0,2,0.6598360655737705,,,0.623005812733164,,,0.03683025284060648,0.03683025284060648
sub-018,ds004444,Q12345,Q1_high_beta+Q2_broadband+Q3_high_freq_35_45+Q4_transient+Q5_channel_inconsistency,5.0,2,0.5708160709124193,,,0.49864615692884784,,,0.07216991398357145,0.07216991398357145
sub-018,ds004444,Q1235,Q1_high_beta+Q2_broadband+Q3_high_freq_35_45+Q5_channel_inconsistency,4.0,2,0.5708160709124193,,,0.49864615692884784,,,0.07216991398357145,0.07216991398357145
sub-018,ds004444,Q124,Q1_high_beta+Q2_broadband+Q4_transient,3.0,2,0.7732706543010295,,,0.7625129999743405,,,0.010757654326689015,0.030731083647546897
sub-018,ds004444,Q1245,Q1_high_beta+Q2_broadband+Q4_transient+Q5_channel_inconsistency,4.0,2,0.6545739348370927,,,0.6047489493810059,,,0.04982498545608682,0.04982498545608682
sub-018,ds004444,Q125,Q1_high_beta+Q2_broadband+Q5_channel_inconsistency,3.0,2,0.6545739348370927,,,0.6047489493810059,,,0.04982498545608688,0.04982498545608688
sub-018,ds004444,Q13,Q1_high_beta+Q3_high_freq_35_45,2.0,2,0.7309173669467788,,,0.7238569277108433,,,0.007060439235935412,0.01082191370524116
sub-018,ds004444,Q134,Q1_high_beta+Q3_high_freq_35_45+Q4_transient,3.0,2,0.7331806974286721,,,0.7238569277108433,,,0.009323769717828723,0.009323769717828723
sub-018,ds004444,Q1345,Q1_high_beta+Q3_high_freq_35_45+Q4_transient+Q5_channel_inconsistency,4.0,2,0.6339031339031339,,,0.5656720268456157,,,0.06823110705751823,0.06823110705751823
sub-018,ds004444,Q135,Q1_high_beta+Q3_high_freq_35_45+Q5_channel_inconsistency,3.0,2,0.6339031339031339,,,0.5656720268456159,,,0.06823110705751806,0.06823110705751806
sub-018,ds004444,Q14,Q1_high_beta+Q4_transient,2.0,2,0.9092929292929293,,,0.90964824120603,,,-0.00035531191310078647,0.0003553119131008975
sub-018,ds004444,Q145,Q1_high_beta+Q4_transient+Q5_channel_inconsistency,3.0,2,0.7515504205250192,,,0.7021626956108824,,,0.04938772491413679,0.04938772491413679
sub-018,ds004444,Q15,Q1_high_beta+Q5_channel_inconsistency,2.0,2,0.7515504205250192,,,0.7021626956108823,,,0.049387724914136844,0.049387724914136844
sub-018,ds004444,Q2,Q2_broadband,1.0,2,0.8341170323928945,,,0.8341170323928946,,,-5.551115123125783e-17,5.551115123125783e-17
sub-018,ds004444,Q23,Q2_broadband+Q3_high_freq_35_45,2.0,2,0.7038259144237405,,,0.6802273326745287,,,0.023598581749211756,0.023598581749211756
sub-018,ds004444,Q234,Q2_broadband+Q3_high_freq_35_45+Q4_transient,3.0,2,0.7038259144237405,,,0.6802273326745288,,,0.0235985817492117,0.0235985817492117
sub-018,ds004444,Q2345,Q2_broadband+Q3_high_freq_35_45+Q4_transient+Q5_channel_inconsistency,4.0,2,0.6061191626409017,,,0.5360200340931544,,,0.07009912854774741,0.07009912854774741
sub-018,ds004444,Q235,Q2_broadband+Q3_high_freq_35_45+Q5_channel_inconsistency,3.0,2,0.6061191626409017,,,0.5360200340931544,,,0.07009912854774741,0.07009912854774741
sub-018,ds004444,Q24,Q2_broadband+Q4_transient,2.0,2,0.8341170323928945,,,0.8341170323928945,,,0.0,0.0
sub-018,ds004444,Q245,Q2_broadband+Q4_transient+Q5_channel_inconsistency,3.0,2,0.6674196174196174,,,0.651217647090613,,,0.016201970329004445,0.016201970329004445
sub-018,ds004444,Q25,Q2_broadband+Q5_channel_inconsistency,2.0,2,0.6674196174196174,,,0.651217647090613,,,0.016201970329004334,0.016201970329004334
sub-018,ds004444,Q3,Q3_high_freq_35_45,1.0,2,0.7921568627450981,,,0.7921568627450981,,,0.0,1.1102230246251565e-16
sub-018,ds004444,Q34,Q3_high_freq_35_45+Q4_transient,2.0,2,0.793976897689769,,,0.7921568627450981,,,0.0018200349446708675,0.0018200349446708675
sub-018,ds004444,Q345,Q3_high_freq_35_45+Q4_transient+Q5_channel_inconsistency,3.0,2,0.6550785725978066,,,0.6076155703027692,,,0.047463002295037304,0.047463002295037304
sub-018,ds004444,Q35,Q3_high_freq_35_45+Q5_channel_inconsistency,2.0,2,0.6561317876754118,,,0.6076155703027692,,,0.04851621737264261,0.04851621737264261
sub-018,ds004444,Q4,Q4_transient,1.0,2,1.0,,,1.0,,,0.0,0.0
sub-018,ds004444,Q45,Q4_transient+Q5_channel_inconsistency,2.0,2,0.7560150375939849,,,0.7567314884068812,,,-0.0007164508128962854,0.0007164508128962854
sub-018,ds004444,Q5,Q5_channel_inconsistency,1.0,2,0.7567314884068811,,,0.7567314884068812,,,-1.6653345369377348e-16,1.6653345369377348e-16
sub-018,ds004446,Q1,Q1_high_beta,1.0,2,0.9154135338345865,,,0.9154135338345863,,,5.551115123125783e-17,5.551115123125783e-17
sub-018,ds004446,Q12,Q1_high_beta+Q2_broadband,2.0,2,0.8197957421796074,,,0.8081980134348197,,,0.011597728744787705,0.012301445128065969
sub-018,ds004446,Q123,Q1_high_beta+Q2_broadband+Q3_high_freq_35_45,3.0,2,0.7924148673791701,,,0.7857722842217416,,,0.00664258315742855,0.0077762765242918586
sub-018,ds004446,Q1234,Q1_high_beta+Q2_broadband+Q3_high_freq_35_45+Q4_transient,4.0,2,0.7894409259663682,,,0.7789069755948409,,,0.010533950371527323,0.012025869144838552
sub-018,ds004446,Q12345,Q1_high_beta+Q2_broadband+Q3_high_freq_35_45+Q4_transient+Q5_channel_inconsistency,5.0,2,0.7007496251874064,,,0.6411357390764117,,,0.05961388611099455,0.05961388611099455
sub-018,ds004446,Q1235,Q1_high_beta+Q2_broadband+Q3_high_freq_35_45+Q5_channel_inconsistency,4.0,2,0.7014718614718615,,,0.6467522081524033,,,0.05471965331945816,0.05471965331945816
sub-018,ds004446,Q124,Q1_high_beta+Q2_broadband+Q4_transient,3.0,2,0.8133476617505373,,,0.8008504310614012,,,0.012497230689136163,0.013529261879412224
sub-018,ds004446,Q1245,Q1_high_beta+Q2_broadband+Q4_transient+Q5_channel_inconsistency,4.0,2,0.7006315789473684,,,0.6590732350783761,,,0.04155834386899232,0.04155834386899232
sub-018,ds004446,Q125,Q1_high_beta+Q2_broadband+Q5_channel_inconsistency,3.0,2,0.705304436703448,,,0.6650701535196881,,,0.040234283183759934,0.040234283183759934
sub-018,ds004446,Q13,Q1_high_beta+Q3_high_freq_35_45,2.0,2,0.8857142857142857,,,0.8881470084477603,,,-0.0024327227334746127,0.0024327227334746127
sub-018,ds004446,Q134,Q1_high_beta+Q3_high_freq_35_45+Q4_transient,3.0,2,0.8770491803278688,,,0.87979976095426,,,-0.0027505806263911636,0.0027505806263911636
sub-018,ds004446,Q1345,Q1_high_beta+Q3_high_freq_35_45+Q4_transient+Q5_channel_inconsistency,4.0,2,0.7633710375645859,,,0.7234650877919672,,,0.0399059497726188,0.0399059497726188
sub-018,ds004446,Q135,Q1_high_beta+Q3_high_freq_35_45+Q5_channel_inconsistency,3.0,2,0.7639337082795501,,,0.7302448938771121,,,0.03368881440243793,0.03368881440243793
sub-018,ds004446,Q14,Q1_high_beta+Q4_transient,2.0,2,0.9037735849056604,,,0.906479909451047,,,-0.0027063245453865514,0.0027063245453865514
sub-018,ds004446,Q145,Q1_high_beta+Q4_transient+Q5_channel_inconsistency,3.0,2,0.7696799010853139,,,0.7451143194542139,,,0.024565581631099953,0.024565581631099953
sub-018,ds004446,Q15,Q1_high_beta+Q5_channel_inconsistency,2.0,2,0.7741596638655461,,,0.7523497863219117,,,0.021809877543634504,0.021809877543634504
sub-018,ds004446,Q2,Q2_broadband,1.0,2,0.8777673171288372,,,0.8777673171288372,,,0.0,0.0
sub-018,ds004446,Q23,Q2_broadband+Q3_high_freq_35_45,2.0,2,0.8495551524574587,,,0.8507752629628699,,,-0.0012201105054111538,0.00647523555310614
sub-018,ds004446,Q234,Q2_broadband+Q3_high_freq_35_45+Q4_transient,3.0,2,0.8469793045780782,,,0.8425120408146547,,,0.004467263763423435,0.004467263763423435
sub-018,ds004446,Q2345,Q2_broadband+Q3_high_freq_35_45+Q4_transient+Q5_channel_inconsistency,4.0,2,0.742928318868531,,,0.6930148497417881,,,0.04991346912674294,0.04991346912674294
sub-018,ds004446,Q235,Q2_broadband+Q3_high_freq_35_45+Q5_channel_inconsistency,3.0,2,0.7436535589845694,,,0.6997291466310664,,,0.043924412353503084,0.043924412353503084
sub-018,ds004446,Q24,Q2_broadband+Q4_transient,2.0,2,0.8718577075098815,,,0.8689236206974829,,,0.0029340868123985397,0.0031986288434589505
sub-018,ds004446,Q245,Q2_broadband+Q4_transient+Q5_channel_inconsistency,3.0,2,0.73655220325526,,,0.7144551021370864,,,0.0220971011181737,0.0220971011181737
sub-018,ds004446,Q25,Q2_broadband+Q5_channel_inconsistency,2.0,2,0.7410992616899097,,,0.7216208579133541,,,0.019478403776555686,0.019478403776555686
sub-018,ds004446,Q3,Q3_high_freq_35_45,1.0,2,0.9671814671814671,,,0.9671814671814671,,,0.0,0.0
sub-018,ds004446,Q34,Q3_high_freq_35_45+Q4_transient,2.0,2,0.9593023255813953,,,0.9571345539087475,,,0.0021677716726479224,0.0021677716726479224
sub-018,ds004446,Q345,Q3_high_freq_35_45+Q4_transient+Q5_channel_inconsistency,3.0,2,0.8176325799955247,,,0.7860502705914826,,,0.031582309404042164,0.031582309404042164
sub-018,ds004446,Q35,Q3_high_freq_35_45+Q5_channel_inconsistency,2.0,2,0.8181465254284288,,,0.7941436775233411,,,0.024002847905087665,0.024002847905087665
sub-018,ds004446,Q4,Q4_transient,1.0,2,0.989247311827957,,,0.989247311827957,,,5.551115123125783e-17,5.551115123125783e-17
sub-018,ds004446,Q45,Q4_transient+Q5_channel_inconsistency,2.0,2,0.8162191192266379,,,0.811889125963025,,,0.004329993263613052,0.004329993263613052
sub-018,ds004446,Q5,Q5_channel_inconsistency,1.0,2,0.8205216040924455,,,0.8205216040924453,,,5.551115123125783e-17,5.551115123125783e-17
sub-018,ds004447,Q1,Q1_high_beta,1.0,2,0.9345085860431129,,,0.9345085860431128,,,1.6653345369377348e-16,1.6653345369377348e-16
sub-018,ds004447,Q12,Q1_high_beta+Q2_broadband,2.0,2,0.8629785247432307,,,0.8417319595917734,,,0.021246565151457175,0.021246565151457175
sub-018,ds004447,Q123,Q1_high_beta+Q2_broadband+Q3_high_freq_35_45,3.0,2,0.7890540831717303,,,0.7383684138965696,,,0.050685669275160716,0.050685669275160716
sub-018,ds004447,Q1234,Q1_high_beta+Q2_broadband+Q3_high_freq_35_45+Q4_transient,4.0,2,0.7799847211611917,,,0.7266844037664083,,,0.053300317394783414,0.053300317394783414
sub-018,ds004447,Q12345,Q1_high_beta+Q2_broadband+Q3_high_freq_35_45+Q4_transient+Q5_channel_inconsistency,5.0,2,0.658889871738169,,,0.6012678516540781,,,0.0576220200840909,0.0576220200840909
sub-018,ds004447,Q1235,Q1_high_beta+Q2_broadband+Q3_high_freq_35_45+Q5_channel_inconsistency,4.0,2,0.6688311688311688,,,0.6104159858253944,,,0.05841518300577442,0.05841518300577442
sub-018,ds004447,Q124,Q1_high_beta+Q2_broadband+Q4_transient,3.0,2,0.8542630535360212,,,0.8282262223071046,,,0.026036831228916424,0.026036831228916424
sub-018,ds004447,Q1245,Q1_high_beta+Q2_broadband+Q4_transient+Q5_channel_inconsistency,4.0,2,0.6957322254744593,,,0.678284486577559,,,0.017447738896900433,0.017447738896900433
sub-018,ds004447,Q125,Q1_high_beta+Q2_broadband+Q5_channel_inconsistency,3.0,2,0.7055088702147525,,,0.6887692736887384,,,0.016739596526014144,0.016739596526014144
sub-018,ds004447,Q13,Q1_high_beta+Q3_high_freq_35_45,2.0,2,0.8401765769598979,,,0.8187670710792097,,,0.021409505880688295,0.022249842015141963
sub-018,ds004447,Q134,Q1_high_beta+Q3_high_freq_35_45+Q4_transient,3.0,2,0.8312863606981254,,,0.8055163149787614,,,0.025770045719363976,0.025770045719363976
sub-018,ds004447,Q1345,Q1_high_beta+Q3_high_freq_35_45+Q4_transient+Q5_channel_inconsistency,4.0,2,0.7070282658517952,,,0.6624613022623704,,,0.04456696358942491,0.04456696358942491
sub-018,ds004447,Q135,Q1_high_beta+Q3_high_freq_35_45+Q5_channel_inconsistency,3.0,2,0.7167636285283343,,,0.6728008446184153,,,0.043962783909919145,0.043962783909919145
sub-018,ds004447,Q14,Q1_high_beta+Q4_transient,2.0,2,0.9217840982546865,,,0.9191759881522701,,,0.00260811010241635,0.005549286573004353
sub-018,ds004447,Q145,Q1_high_beta+Q4_transient+Q5_channel_inconsistency,3.0,2,0.7599906629318394,,,0.748214986174561,,,0.01177567675727842,0.01177567675727842
sub-018,ds004447,Q15,Q1_high_beta+Q5_channel_inconsistency,2.0,2,0.7695539754363283,,,0.7600794733408456,,,0.00947450209548284,0.00947450209548284
sub-018,ds004447,Q2,Q2_broadband,1.0,2,0.898193215339233,,,0.898193215339233,,,0.0,0.0
sub-018,ds004447,Q23,Q2_broadband+Q3_high_freq_35_45,2.0,2,0.7927083333333333,,,0.7859583634338692,,,0.006749969899464248,0.006749969899464248
sub-018,ds004447,Q234,Q2_broadband+Q3_high_freq_35_45+Q4_transient,3.0,2,0.7835526315789474,,,0.7731441270587183,,,0.010408504520229012,0.010408504520229012
sub-018,ds004447,Q2345,Q2_broadband+Q3_high_freq_35_45+Q4_transient+Q5_channel_inconsistency,4.0,2,0.6611111111111111,,,0.6396628798978616,,,0.021448231213249513,0.021448231213249513
sub-018,ds004447,Q235,Q2_broadband+Q3_high_freq_35_45+Q5_channel_inconsistency,3.0,2,0.670970695970696,,,0.6497157736349409,,,0.021254922335755044,0.021254922335755044
sub-018,ds004447,Q24,Q2_broadband+Q4_transient,2.0,2,0.8895833333333334,,,0.8833497807017544,,,0.006233552631578931,0.006233552631578931
sub-018,ds004447,Q245,Q2_broadband+Q4_transient+Q5_channel_inconsistency,3.0,2,0.7208333333333333,,,0.7234903073147179,,,-0.0026569739813844806,0.0029619458441773605
sub-018,ds004447,Q25,Q2_broadband+Q5_channel_inconsistency,2.0,2,0.7303571428571429,,,0.7350351321556626,,,-0.004677989298519758,0.004677989298519758
sub-018,ds004447,Q3,Q3_high_freq_35_45,1.0,2,0.8739795918367347,,,0.8739795918367346,,,5.551115123125783e-17,5.551115123125783e-17
sub-018,ds004447,Q34,Q3_high_freq_35_45+Q4_transient,2.0,2,0.8645833333333334,,,0.8594161743644826,,,0.005167158968850782,0.005167158968850782
sub-018,ds004447,Q345,Q3_high_freq_35_45+Q4_transient+Q5_channel_inconsistency,3.0,2,0.730448717948718,,,0.7067785661406254,,,0.023670151808092565,0.023670151808092565
sub-018,ds004447,Q35,Q3_high_freq_35_45+Q5_channel_inconsistency,2.0,2,0.740036231884058,,,0.7181623770977953,,,0.021873854786262692,0.021873854786262692
sub-018,ds004447,Q4,Q4_transient,1.0,2,0.9831140350877192,,,0.9831140350877193,,,-5.551115123125783e-17,5.551115123125783e-17
sub-018,ds004447,Q45,Q4_transient+Q5_channel_inconsistency,2.0,2,0.8041666666666667,,,0.8003565187237835,,,0.0038101479428831464,0.0038101479428831464
sub-018,ds004447,Q5,Q5_channel_inconsistency,1.0,2,0.8134433962264151,,,0.8134433962264149,,,1.6653345369377348e-16,1.6653345369377348e-16
sub-019,ds004444,Q1,Q1_high_beta,1.0,2,0.7672101449275363,,,0.7672101449275361,,,1.6653345369377348e-16,1.6653345369377348e-16
sub-019,ds004444,Q12,Q1_high_beta+Q2_broadband,2.0,2,0.704879550527207,,,0.6224481272621265,,,0.08243142326508046,0.08243142326508046
sub-019,ds004444,Q123,Q1_high_beta+Q2_broadband+Q3_high_freq_35_45,3.0,2,0.5481781376518218,,,0.4849305229745357,,,0.06324761467728612,0.06324761467728612
sub-019,ds004444,Q1234,Q1_high_beta+Q2_broadband+Q3_high_freq_35_45+Q4_transient,4.0,2,0.5426836321573163,,,0.47403795432938944,,,0.06864567782792694,0.06864567782792694
sub-019,ds004444,Q12345,Q1_high_beta+Q2_broadband+Q3_high_freq_35_45+Q4_transient+Q5_channel_inconsistency,5.0,2,0.42760548142805627,,,0.32796570372259426,,,0.09963977770546201,0.09963977770546201
sub-019,ds004444,Q1235,Q1_high_beta+Q2_broadband+Q3_high_freq_35_45+Q5_channel_inconsistency,4.0,2,0.43325519894218056,,,0.33366144806699716,,,0.0995937508751834,0.0995937508751834
sub-019,ds004444,Q124,Q1_high_beta+Q2_broadband+Q4_transient,3.0,2,0.69941506965289,,,0.6090238858040993,,,0.0903911838487908,0.0903911838487908
sub-019,ds004444,Q1245,Q1_high_beta+Q2_broadband+Q4_transient+Q5_channel_inconsistency,4.0,2,0.5425246076084065,,,0.4300658444112382,,,0.11245876319716833,0.11245876319716833
sub-019,ds004444,Q125,Q1_high_beta+Q2_broadband+Q5_channel_inconsistency,3.0,2,0.5481111997871775,,,0.437206077779447,,,0.11090512200773046,0.11090512200773046
sub-019,ds004444,Q13,Q1_high_beta+Q3_high_freq_35_45,2.0,2,0.6090975401177121,,,0.5982956673120283,,,0.010801872805683788,0.011422636096225736
sub-019,ds004444,Q134,Q1_high_beta+Q3_high_freq_35_45+Q4_transient,3.0,2,0.6016524976105437,,,0.5847177426181769,,,0.016934754992366963,0.02220244881535849
sub-019,ds004444,Q1345,Q1_high_beta+Q3_high_freq_35_45+Q4_transient+Q5_channel_inconsistency,4.0,2,0.4777428646242472,,,0.40180040877736317,,,0.075942455846884,0.075942455846884
sub-019,ds004444,Q135,Q1_high_beta+Q3_high_freq_35_45+Q5_channel_inconsistency,3.0,2,0.48271798900235663,,,0.4088607240993418,,,0.07385726490301478,0.07385726490301478
sub-019,ds004444,Q14,Q1_high_beta+Q4_transient,2.0,2,0.7600644122383253,,,0.750486865942029,,,0.009577546296296369,0.012355324074074137
sub-019,ds004444,Q145,Q1_high_beta+Q4_transient+Q5_channel_inconsistency,3.0,2,0.5850218421786412,,,0.5262670473308532,,,0.05875479484778803,0.05875479484778803
sub-019,ds004444,Q15,Q1_high_beta+Q5_channel_inconsistency,2.0,2,0.5899479505530254,,,0.535106539355237,,,0.05484141119778846,0.05484141119778846
sub-019,ds004444,Q2,Q2_broadband,1.0,2,0.8103230581678857,,,0.8103230581678857,,,-5.551115123125783e-17,5.551115123125783e-17
sub-019,ds004444,Q23,Q2_broadband+Q3_high_freq_35_45,2.0,2,0.6292568133655315,,,0.6342936507115859,,,-0.005036837346054424,0.016524702205930053
sub-019,ds004444,Q234,Q2_broadband+Q3_high_freq_35_45+Q4_transient,3.0,2,0.6217534867675325,,,0.619335191295542,,,0.0024182954719903504,0.02908780358185359
sub-019,ds004444,Q2345,Q2_broadband+Q3_high_freq_35_45+Q4_transient+Q5_channel_inconsistency,4.0,2,0.45973356365159135,,,0.41607536519852284,,,0.04365819845306848,0.04365819845306848
sub-019,ds004444,Q235,Q2_broadband+Q3_high_freq_35_45+Q5_channel_inconsistency,3.0,2,0.4649418969849246,,,0.4237213786232993,,,0.04122051836162535,0.04122051836162535
sub-019,ds004444,Q24,Q2_broadband+Q4_transient,2.0,2,0.7988070358760013,,,0.7919414148670616,,,0.006865621008939837,0.010106361749680715
sub-019,ds004444,Q245,Q2_broadband+Q4_transient+Q5_channel_inconsistency,3.0,2,0.5756090795617401,,,0.5432845781825627,,,0.03232450137917742,0.03232450137917742
sub-019,ds004444,Q25,Q2_broadband+Q5_channel_inconsistency,2.0,2,0.5807637187369978,,,0.5528270900383137,,,0.02793662869868413,0.02793662869868413
sub-019,ds004444,Q3,Q3_high_freq_35_45,1.0,2,0.7835349092908191,,,0.7835349092908193,,,-5.551115123125783e-17,5.551115123125783e-17
sub-019,ds004444,Q34,Q3_high_freq_35_45+Q4_transient,2.0,2,0.767650985627896,,,0.7648753894080997,,,0.0027755962197962836,0.005051506583942045
sub-019,ds004444,Q345,Q3_high_freq_35_45+Q4_transient+Q5_channel_inconsistency,3.0,2,0.5522595844934676,,,0.5102154545115023,,,0.0420441299819653,0.0420441299819653
sub-019,ds004444,Q35,Q3_high_freq_35_45+Q5_channel_inconsistency,2.0,2,0.5566074105804241,,,0.5197027919893579,,,0.036904618591066224,0.036904618591066224
sub-019,ds004444,Q4,Q4_transient,1.0,2,0.9770833333333333,,,0.9770833333333334,,,-5.551115123125783e-17,5.551115123125783e-17
sub-019,ds004444,Q45,Q4_transient+Q5_channel_inconsistency,2.0,2,0.672883855476357,,,0.665350250163916,,,0.007533605312441016,0.008490623762448857
sub-019,ds004444,Q5,Q5_channel_inconsistency,1.0,2,0.6771757009699193,,,0.6771757009699193,,,-5.551115123125783e-17,5.551115123125783e-17
sub-019,ds004447,Q1,Q1_high_beta,1.0,2,0.6309412861136998,,,0.6309412861136998,,,0.0,0.0
sub-019,ds004447,Q12,Q1_high_beta+Q2_broadband,2.0,2,0.552738336713996,,,0.5068433595725751,,,0.045894977141420906,0.045894977141420906
sub-019,ds004447,Q123,Q1_high_beta+Q2_broadband+Q3_high_freq_35_45,3.0,2,0.3729767769176636,,,0.26967630383866287,,,0.10330047307900075,0.10330047307900075
sub-019,ds004447,Q1234,Q1_high_beta+Q2_broadband+Q3_high_freq_35_45+Q4_transient,4.0,2,0.36435608726249125,,,0.2478734750301695,,,0.11648261223232173,0.11648261223232173
sub-019,ds004447,Q12345,Q1_high_beta+Q2_broadband+Q3_high_freq_35_45+Q4_transient+Q5_channel_inconsistency,5.0,2,0.3340840840840841,,,0.13916957826978876,,,0.19491450581429534,0.19491450581429534
sub-019,ds004447,Q1235,Q1_high_beta+Q2_broadband+Q3_high_freq_35_45+Q5_channel_inconsistency,4.0,2,0.3430930930930931,,,0.15331195371313583,,,0.1897811393799573,0.1897811393799573
sub-019,ds004447,Q124,Q1_high_beta+Q2_broadband+Q4_transient,3.0,2,0.5225659229208925,,,0.46669846843312696,,,0.05586745448776556,0.05586745448776556
sub-019,ds004447,Q1245,Q1_high_beta+Q2_broadband+Q4_transient+Q5_channel_inconsistency,4.0,2,0.3848413631022327,,,0.2612979995488226,,,0.12354336355341008,0.12354336355341008
sub-019,ds004447,Q125,Q1_high_beta+Q2_broadband+Q5_channel_inconsistency,3.0,2,0.40285938112025066,,,0.28733792893657273,,,0.11552145218367793,0.11552145218367793
sub-019,ds004447,Q13,Q1_high_beta+Q3_high_freq_35_45,2.0,2,0.3932986337020169,,,0.33544871320164704,,,0.057849920500369856,0.057849920500369856
sub-019,ds004447,Q134,Q1_high_beta+Q3_high_freq_35_45+Q4_transient,3.0,2,0.3846779440468445,,,0.3093752272038611,,,0.07530271684298337,0.07530271684298337
sub-019,ds004447,Q1345,Q1_high_beta+Q3_high_freq_35_45+Q4_transient+Q5_channel_inconsistency,4.0,2,0.36078265765765766,,,0.17277969497876192,,,0.18800296267889574,0.18800296267889574
sub-019,ds004447,Q135,Q1_high_beta+Q3_high_freq_35_45+Q5_channel_inconsistency,3.0,2,0.36979166666666663,,,0.18969222643678518,,,0.18009944022988145,0.18009944022988145
sub-019,ds004447,Q14,Q1_high_beta+Q4_transient,2.0,2,0.5964585274930103,,,0.5829329626892052,,,0.01352556480380504,0.01352556480380504
sub-019,ds004447,Q145,Q1_high_beta+Q4_transient+Q5_channel_inconsistency,3.0,2,0.41579334436477294,,,0.32465109969568945,,,0.0911422446690835,0.0911422446690835
sub-019,ds004447,Q15,Q1_high_beta+Q5_channel_inconsistency,2.0,2,0.43381136238279094,,,0.35579163380887513,,,0.07801972857391581,0.07801972857391581
sub-019,ds004447,Q2,Q2_broadband,1.0,2,0.8054908356632494,,,0.8054908356632495,,,-5.551115123125783e-17,5.551115123125783e-17
sub-019,ds004447,Q23,Q2_broadband+Q3_high_freq_35_45,2.0,2,0.46676603287141477,,,0.429188583131547,,,0.03757744973986776,0.03757744973986776
sub-019,ds004447,Q234,Q2_broadband+Q3_high_freq_35_45+Q4_transient,3.0,2,0.45814534321624234,,,0.39199552222294065,,,0.06614982099330169,0.06614982099330169
sub-019,ds004447,Q2345,Q2_broadband+Q3_high_freq_35_45+Q4_transient+Q5_channel_inconsistency,4.0,2,0.4034346846846847,,,0.2222798055765564,,,0.18115487910812827,0.18115487910812827
sub-019,ds004447,Q235,Q2_broadband+Q3_high_freq_35_45+Q5_channel_inconsistency,3.0,2,0.4124436936936937,,,0.24640503427403082,,,0.1660386594196629,0.1660386594196629
sub-019,ds004447,Q24,Q2_broadband+Q4_transient,2.0,2,0.7451460080770426,,,0.7370083743077204,,,0.008137633769322195,0.008137633769322306
sub-019,ds004447,Q245,Q2_broadband+Q4_transient+Q5_channel_inconsistency,3.0,2,0.48124655267512406,,,0.4167499956738957,,,0.06449655700122842,0.06449655700122842
sub-019,ds004447,Q25,Q2_broadband+Q5_channel_inconsistency,2.0,2,0.4992645706931421,,,0.461171051688293,,,0.03809351900484917,0.03809351900484917
sub-019,ds004447,Q3,Q3_high_freq_35_45,1.0,2,0.5324212893553224,,,0.5324212893553223,,,5.551115123125783e-17,5.551115123125783e-17
sub-019,ds004447,Q34,Q3_high_freq_35_45+Q4_transient,2.0,2,0.5194902548725637,,,0.4879429897120405,,,0.03154726516052325,0.03154726516052325
sub-019,ds004447,Q345,Q3_high_freq_35_45+Q4_transient+Q5_channel_inconsistency,3.0,2,0.45601483836777956,,,0.27521729134715744,,,0.18079754702062206,0.18079754702062206
sub-019,ds004447,Q35,Q3_high_freq_35_45+Q5_channel_inconsistency,2.0,2,0.46952835188129305,,,0.3040680803049619,,,0.16546027157633117,0.16546027157633117
sub-019,ds004447,Q4,Q4_transient,1.0,2,0.9181034482758621,,,0.9181034482758621,,,0.0,0.0
sub-019,ds004447,Q45,Q4_transient+Q5_channel_inconsistency,2.0,2,0.5469941094941095,,,0.5163945444117858,,,0.030599565082323754,0.030599565082323754
sub-019,ds004447,Q5,Q5_channel_inconsistency,1.0,2,0.569516632016632,,,0.569516632016632,,,-5.551115123125783e-17,5.551115123125783e-17
sub-020,ds004444,Q1,Q1_high_beta,1.0,2,0.8986044657097289,,,0.898604465709729,,,-1.1102230246251565e-16,1.1102230246251565e-16
sub-020,ds004444,Q12,Q1_high_beta+Q2_broadband,2.0,2,0.8221232154833764,,,0.7986306084679968,,,0.023492607015379696,0.023492607015379696
sub-020,ds004444,Q123,Q1_high_beta+Q2_broadband+Q3_high_freq_35_45,3.0,2,0.8232607454530625,,,0.7884275273565438,,,0.03483321809651885,0.03483321809651885
sub-020,ds004444,Q1234,Q1_high_beta+Q2_broadband+Q3_high_freq_35_45+Q4_transient,4.0,2,0.7747252747252747,,,0.7274528884144488,,,0.047272386310825976,0.047272386310825976
sub-020,ds004444,Q12345,Q1_high_beta+Q2_broadband+Q3_high_freq_35_45+Q4_transient+Q5_channel_inconsistency,5.0,2,0.7119337390128465,,,0.6120816755718206,,,0.09985206344102593,0.09985206344102593
sub-020,ds004444,Q1235,Q1_high_beta+Q2_broadband+Q3_high_freq_35_45+Q5_channel_inconsistency,4.0,2,0.7481701444622793,,,0.6591527554586468,,,0.08901738900363243,0.08901738900363243
sub-020,ds004444,Q124,Q1_high_beta+Q2_broadband+Q4_transient,3.0,2,0.7721020870002515,,,0.7368723412123962,,,0.03522974578785526,0.03522974578785526
sub-020,ds004444,Q1245,Q1_high_beta+Q2_broadband+Q4_transient+Q5_channel_inconsistency,4.0,2,0.7062451209992193,,,0.6197583589177917,,,0.08648676208142769,0.08648676208142769
sub-020,ds004444,Q125,Q1_high_beta+Q2_broadband+Q5_channel_inconsistency,3.0,2,0.7405405405405405,,,0.6674354113889087,,,0.07310512915163175,0.07310512915163175
sub-020,ds004444,Q13,Q1_high_beta+Q3_high_freq_35_45,2.0,2,0.8986788617886179,,,0.8868024201946463,,,0.011876441593971554,0.011876441593971554
sub-020,ds004444,Q134,Q1_high_beta+Q3_high_freq_35_45+Q4_transient,3.0,2,0.8354032239413492,,,0.8128014292824027,,,0.022601794658946517,0.022601794658946517
sub-020,ds004444,Q1345,Q1_high_beta+Q3_high_freq_35_45+Q4_transient+Q5_channel_inconsistency,4.0,2,0.7157130534790109,,,0.6828989886349865,,,0.03281406484402438,0.03281406484402438
sub-020,ds004444,Q135,Q1_high_beta+Q3_high_freq_35_45+Q5_channel_inconsistency,3.0,2,0.7618695175438597,,,0.7386950895298583,,,0.02317442801400138,0.02317442801400138
sub-020,ds004444,Q14,Q1_high_beta+Q4_transient,2.0,2,0.8292050691244239,,,0.8236219836331673,,,0.00558308549125669,0.00558308549125669
sub-020,ds004444,Q145,Q1_high_beta+Q4_transient+Q5_channel_inconsistency,3.0,2,0.7092786503781268,,,0.6915669859901299,,,0.017711664387996928,0.022193591848229277
sub-020,ds004444,Q15,Q1_high_beta+Q5_channel_inconsistency,2.0,2,0.7574314357858947,,,0.7480677984677215,,,0.00936363731817308,0.015094150209777502
sub-020,ds004444,Q2,Q2_broadband,1.0,2,0.8923241852487136,,,0.8923241852487134,,,1.1102230246251565e-16,1.1102230246251565e-16
sub-020,ds004444,Q23,Q2_broadband+Q3_high_freq_35_45,2.0,2,0.8797827819848545,,,0.8804761772124137,,,-0.0006933952275592348,0.0019306162911508218
sub-020,ds004444,Q234,Q2_broadband+Q3_high_freq_35_45+Q4_transient,3.0,2,0.8285891089108911,,,0.8105987600432023,,,0.017990348867688855,0.017990348867688855
sub-020,ds004444,Q2345,Q2_broadband+Q3_high_freq_35_45+Q4_transient+Q5_channel_inconsistency,4.0,2,0.7572944297082228,,,0.6843268069989281,,,0.07296762270929463,0.07296762270929463
sub-020,ds004444,Q235,Q2_broadband+Q3_high_freq_35_45+Q5_channel_inconsistency,3.0,2,0.7970786044556536,,,0.7386022981370571,,,0.05847630631859646,0.05847630631859646
sub-020,ds004444,Q24,Q2_broadband+Q4_transient,2.0,2,0.833771770682148,,,0.8215112988640498,,,0.01226047181809825,0.01226047181809825
sub-020,ds004444,Q245,Q2_broadband+Q4_transient+Q5_channel_inconsistency,3.0,2,0.7553418803418803,,,0.6932631762446338,,,0.06207870409724653,0.06207870409724653
sub-020,ds004444,Q25,Q2_broadband+Q5_channel_inconsistency,2.0,2,0.7972615549024846,,,0.748262419182355,,,0.048999135720129594,0.048999135720129594
sub-020,ds004444,Q3,Q3_high_freq_35_45,1.0,2,0.9863586313771868,,,0.9863586313771869,,,-5.551115123125783e-17,5.551115123125783e-17
sub-020,ds004444,Q34,Q3_high_freq_35_45+Q4_transient,2.0,2,0.9109646194926568,,,0.9020518166051017,,,0.008912802887555193,0.008912802887555193
sub-020,ds004444,Q345,Q3_high_freq_35_45+Q4_transient+Q5_channel_inconsistency,3.0,2,0.7804528061224489,,,0.7604380086186104,,,0.0200147975038385,0.0200147975038385
sub-020,ds004444,Q35,Q3_high_freq_35_45+Q5_channel_inconsistency,2.0,2,0.8336251966905234,,,0.824419902306499,,,0.009205294384024398,0.009205294384024398
sub-020,ds004444,Q4,Q4_transient,1.0,2,0.9145236703682058,,,0.9145236703682057,,,5.551115123125783e-17,1.6653345369377348e-16
sub-020,ds004444,Q45,Q4_transient+Q5_channel_inconsistency,2.0,2,0.7769047619047619,,,0.7704848487055198,,,0.006419913199242122,0.010348037938673504
sub-020,ds004444,Q5,Q5_channel_inconsistency,1.0,2,0.835308591810014,,,0.8353085918100139,,,1.1102230246251565e-16,1.1102230246251565e-16
sub-020,ds004447,Q1,Q1_high_beta,1.0,2,0.8715979137031769,,,0.871597913703177,,,-1.1102230246251565e-16,1.1102230246251565e-16
sub-020,ds004447,Q12,Q1_high_beta+Q2_broadband,2.0,2,0.8170587603394563,,,0.8326340233662889,,,-0.015575263026832487,0.015575263026832487
sub-020,ds004447,Q123,Q1_high_beta+Q2_broadband+Q3_high_freq_35_45,3.0,2,0.744836737048575,,,0.7200322382648403,,,0.024804498783734752,0.03151221893649164
sub-020,ds004447,Q1234,Q1_high_beta+Q2_broadband+Q3_high_freq_35_45+Q4_transient,4.0,2,0.7386638975424022,,,0.7053329901445395,,,0.03333090739786265,0.04003862755061954
sub-020,ds004447,Q12345,Q1_high_beta+Q2_broadband+Q3_high_freq_35_45+Q4_transient+Q5_channel_inconsistency,5.0,2,0.6171428571428572,,,0.5697898634316496,,,0.04735299371120755,0.04735299371120755
sub-020,ds004447,Q1235,Q1_high_beta+Q2_broadband+Q3_high_freq_35_45+Q5_channel_inconsistency,4.0,2,0.6242857142857143,,,0.579921894610049,,,0.04436381967566533,0.04436381967566533
sub-020,ds004447,Q124,Q1_high_beta+Q2_broadband+Q4_transient,3.0,2,0.8113116339026748,,,0.8167818930404743,,,-0.005470259137799527,0.017081182999176936
sub-020,ds004447,Q1245,Q1_high_beta+Q2_broadband+Q4_transient+Q5_channel_inconsistency,4.0,2,0.6591558441558442,,,0.6629730699715596,,,-0.0038172258157154193,0.008908978649619481
sub-020,ds004447,Q125,Q1_high_beta+Q2_broadband+Q5_channel_inconsistency,3.0,2,0.6656493506493506,,,0.6737695389468641,,,-0.008120188297513486,0.008120188297513486
sub-020,ds004447,Q13,Q1_high_beta+Q3_high_freq_35_45,2.0,2,0.7833178005591799,,,0.751743341588543,,,0.031574458970636876,0.031574458970636876
sub-020,ds004447,Q134,Q1_high_beta+Q3_high_freq_35_45+Q4_transient,3.0,2,0.7775706741223982,,,0.7367768344115093,,,0.040793839710888846,0.040793839710888846
sub-020,ds004447,Q1345,Q1_high_beta+Q3_high_freq_35_45+Q4_transient+Q5_channel_inconsistency,4.0,2,0.6395768833849329,,,0.5964627687021706,,,0.04311411468276227,0.04311411468276227
sub-020,ds004447,Q135,Q1_high_beta+Q3_high_freq_35_45+Q5_channel_inconsistency,3.0,2,0.6461558307533539,,,0.606750317950674,,,0.039405512802679954,0.039405512802679954
sub-020,ds004447,Q14,Q1_high_beta+Q4_transient,2.0,2,0.8558084400189663,,,0.855457562825984,,,0.0003508771929823795,0.00035087719298249054
sub-020,ds004447,Q145,Q1_high_beta+Q4_transient+Q5_channel_inconsistency,3.0,2,0.6882352941176471,,,0.695958796912509,,,-0.007723502794861892,0.016308558438741128
sub-020,ds004447,Q15,Q1_high_beta+Q5_channel_inconsistency,2.0,2,0.7058823529411765,,,0.7069187859718705,,,-0.0010364330306940062,0.009621488674573242
sub-020,ds004447,Q2,Q2_broadband,1.0,2,0.9519409937888199,,,0.9519409937888197,,,1.6653345369377348e-16,1.6653345369377348e-16
sub-020,ds004447,Q23,Q2_broadband+Q3_high_freq_35_45,2.0,2,0.8219481605351171,,,0.8155325173547681,,,0.00641564318034904,0.00641564318034904
sub-020,ds004447,Q234,Q2_broadband+Q3_high_freq_35_45+Q4_transient,3.0,2,0.8171404682274248,,,0.8003539459261966,,,0.016786522301228235,0.016786522301228235
sub-020,ds004447,Q2345,Q2_broadband+Q3_high_freq_35_45+Q4_transient+Q5_channel_inconsistency,4.0,2,0.6852858074331667,,,0.6523811143749823,,,0.03290469305818444,0.03290469305818444
sub-020,ds004447,Q235,Q2_broadband+Q3_high_freq_35_45+Q5_channel_inconsistency,3.0,2,0.6910997609215388,,,0.6627914208325909,,,0.028308340088947836,0.028308340088947836
sub-020,ds004447,Q24,Q2_broadband+Q4_transient,2.0,2,0.9430124223602485,,,0.9355719461697721,,,0.007440476190476331,0.007440476190476331
sub-020,ds004447,Q245,Q2_broadband+Q4_transient+Q5_channel_inconsistency,3.0,2,0.7784554845056566,,,0.7666038247745957,,,0.01185165973106106,0.01185165973106106
sub-020,ds004447,Q25,Q2_broadband+Q5_channel_inconsistency,2.0,2,0.7889818002951303,,,0.777692836165699,,,0.011288964129431367,0.011288964129431367
sub-020,ds004447,Q3,Q3_high_freq_35_45,1.0,2,0.854392666157372,,,0.8543926661573721,,,-5.551115123125783e-17,5.551115123125783e-17
sub-020,ds004447,Q34,Q3_high_freq_35_45+Q4_transient,2.0,2,0.8498472116119176,,,0.8389381207028266,,,0.010909090909090868,0.01090909090909098
sub-020,ds004447,Q345,Q3_high_freq_35_45+Q4_transient+Q5_channel_inconsistency,3.0,2,0.7056242520941365,,,0.6853999661392605,,,0.020224285954875965,0.020224285954875965
sub-020,ds004447,Q35,Q3_high_freq_35_45+Q5_channel_inconsistency,2.0,2,0.711059034702832,,,0.6959691782202311,,,0.015089856482600972,0.015089856482600972
sub-020,ds004447,Q4,Q4_transient,1.0,2,0.9833333333333334,,,0.9833333333333334,,,0.0,0.0
sub-020,ds004447,Q45,Q4_transient+Q5_channel_inconsistency,2.0,2,0.7995145631067961,,,0.8076760791950666,,,-0.008161516088270426,0.008161516088270537
sub-020,ds004447,Q5,Q5_channel_inconsistency,1.0,2,0.8189320388349515,,,0.8189320388349514,,,1.1102230246251565e-16,1.1102230246251565e-16
sub-021,ds004444,Q1,Q1_high_beta,1.0,2,0.8151515151515152,,,0.8151515151515151,,,1.1102230246251565e-16,1.1102230246251565e-16
sub-021,ds004444,Q12,Q1_high_beta+Q2_broadband,2.0,2,0.6968186350040787,,,0.6612663020418059,,,0.03555233296227278,0.03555233296227278
sub-021,ds004444,Q123,Q1_high_beta+Q2_broadband+Q3_high_freq_35_45,3.0,2,0.6882884777123633,,,0.641317678423018,,,0.04697079928934533,0.04697079928934533
sub-021,ds004444,Q1234,Q1_high_beta+Q2_broadband+Q3_high_freq_35_45+Q4_transient,4.0,2,0.6841548550877935,,,0.6316311976400237,,,0.05252365744776982,0.05252365744776982
sub-021,ds004444,Q12345,Q1_high_beta+Q2_broadband+Q3_high_freq_35_45+Q4_transient+Q5_channel_inconsistency,5.0,2,0.6585985853227232,,,0.5815349159472736,,,0.07706366937544973,0.07706366937544973
sub-021,ds004444,Q1235,Q1_high_beta+Q2_broadband+Q3_high_freq_35_45+Q5_channel_inconsistency,4.0,2,0.662987773629109,,,0.5901572005999395,,,0.07283057302916951,0.07283057302916951
sub-021,ds004444,Q124,Q1_high_beta+Q2_broadband+Q4_transient,3.0,2,0.6920244461420932,,,0.6507778187459676,,,0.04124662739612567,0.04124662739612567
sub-021,ds004444,Q1245,Q1_high_beta+Q2_broadband+Q4_transient+Q5_channel_inconsistency,4.0,2,0.6616743471582182,,,0.5975862406646801,,,0.06408810649353802,0.06408810649353802
sub-021,ds004444,Q125,Q1_high_beta+Q2_broadband+Q5_channel_inconsistency,3.0,2,0.6668564199873498,,,0.6068504887980443,,,0.06000593118930553,0.06000593118930553
sub-021,ds004444,Q13,Q1_high_beta+Q3_high_freq_35_45,2.0,2,0.8047019247793206,,,0.7843353711369982,,,0.020366553642322427,0.020366553642322427
sub-021,ds004444,Q134,Q1_high_beta+Q3_high_freq_35_45+Q4_transient,3.0,2,0.8007821486082356,,,0.772342611208204,,,0.028439537400031523,0.028439537400031523
sub-021,ds004444,Q1345,Q1_high_beta+Q3_high_freq_35_45+Q4_transient+Q5_channel_inconsistency,4.0,2,0.7651960784313725,,,0.7094804831458426,,,0.05571559528553005,0.05571559528553005
sub-021,ds004444,Q135,Q1_high_beta+Q3_high_freq_35_45+Q5_channel_inconsistency,3.0,2,0.766752854988149,,,0.7201159407843047,,,0.046636914203844415,0.046636914203844415
sub-021,ds004444,Q14,Q1_high_beta+Q4_transient,2.0,2,0.8128861429832304,,,0.8018850362600363,,,0.011001106723194098,0.011001106723194098
sub-021,ds004444,Q145,Q1_high_beta+Q4_transient+Q5_channel_inconsistency,3.0,2,0.7696818010904305,,,0.7340676148020879,,,0.035614186288342564,0.035614186288342564
sub-021,ds004444,Q15,Q1_high_beta+Q5_channel_inconsistency,2.0,2,0.7700732448866777,,,0.7457145893839803,,,0.024358655502697446,0.024358655502697446
sub-021,ds004444,Q2,Q2_broadband,1.0,2,0.8096630250807817,,,0.8096630250807816,,,5.551115123125783e-17,5.551115123125783e-17
sub-021,ds004444,Q23,Q2_broadband+Q3_high_freq_35_45,2.0,2,0.7845126024901306,,,0.778582523109549,,,0.005930079380581543,0.006655039634953508
sub-021,ds004444,Q234,Q2_broadband+Q3_high_freq_35_45+Q4_transient,3.0,2,0.7852509652509653,,,0.7664414201406491,,,0.01880954511031624,0.01880954511031624
sub-021,ds004444,Q2345,Q2_broadband+Q3_high_freq_35_45+Q4_transient+Q5_channel_inconsistency,4.0,2,0.7562475009996001,,,0.7034716521928068,,,0.05277584880679331,0.05277584880679331
sub-021,ds004444,Q235,Q2_broadband+Q3_high_freq_35_45+Q5_channel_inconsistency,3.0,2,0.7557180720526161,,,0.7142314142769045,,,0.04148665777571159,0.04148665777571159
sub-021,ds004444,Q24,Q2_broadband+Q4_transient,2.0,2,0.800722947761194,,,0.7962026373551223,,,0.004520310406071759,0.004520310406071759
sub-021,ds004444,Q245,Q2_broadband+Q4_transient+Q5_channel_inconsistency,3.0,2,0.7641584383157417,,,0.7281623211912638,,,0.03599611712447787,0.03599611712447787
sub-021,ds004444,Q25,Q2_broadband+Q5_channel_inconsistency,2.0,2,0.773989898989899,,,0.7399682346078009,,,0.03402166438209814,0.03402166438209814
sub-021,ds004444,Q3,Q3_high_freq_35_45,1.0,2,0.9518248629795716,,,0.9518248629795714,,,1.1102230246251565e-16,1.1102230246251565e-16
sub-021,ds004444,Q34,Q3_high_freq_35_45+Q4_transient,2.0,2,0.9510020615051114,,,0.9368729465262481,,,0.014129114978863211,0.014129114978863211
sub-021,ds004444,Q345,Q3_high_freq_35_45+Q4_transient+Q5_channel_inconsistency,3.0,2,0.8842211196405168,,,0.8577057490247536,,,0.026515370615763145,0.026515370615763145
sub-021,ds004444,Q35,Q3_high_freq_35_45+Q5_channel_inconsistency,2.0,2,0.885802752293578,,,0.87089661540075,,,0.014906136892827937,0.014906136892827937
sub-021,ds004444,Q4,Q4_transient,1.0,2,0.9829594017094017,,,0.9829594017094017,,,5.551115123125783e-17,5.551115123125783e-17
sub-021,ds004444,Q45,Q4_transient+Q5_channel_inconsistency,2.0,2,0.9001896396845992,,,0.89562814242911,,,0.004561497255489211,0.00495278142742267
sub-021,ds004444,Q5,Q5_channel_inconsistency,1.0,2,0.9104591686754071,,,0.9104591686754071,,,0.0,2.220446049250313e-16
sub-021,ds004447,Q1,Q1_high_beta,1.0,2,0.9829403095062639,,,0.9829403095062639,,,-5.551115123125783e-17,5.551115123125783e-17
sub-021,ds004447,Q12,Q1_high_beta+Q2_broadband,2.0,2,0.9325235109717869,,,0.9351142225497421,,,-0.0025907115779552625,0.0025907115779552625
sub-021,ds004447,Q123,Q1_high_beta+Q2_broadband+Q3_high_freq_35_45,3.0,2,0.8773955773955775,,,0.8828678457381478,,,-0.005472268342570363,0.005472268342570363
sub-021,ds004447,Q1234,Q1_high_beta+Q2_broadband+Q3_high_freq_35_45+Q4_transient,4.0,2,0.8773955773955775,,,0.8828678457381478,,,-0.005472268342570363,0.005472268342570363
sub-021,ds004447,Q12345,Q1_high_beta+Q2_broadband+Q3_high_freq_35_45+Q4_transient+Q5_channel_inconsistency,5.0,2,0.829954954954955,,,0.826605720371874,,,0.003349234583081062,0.012062018842597444
sub-021,ds004447,Q1235,Q1_high_beta+Q2_broadband+Q3_high_freq_35_45+Q5_channel_inconsistency,4.0,2,0.829954954954955,,,0.826605720371874,,,0.003349234583081062,0.012062018842597444
sub-021,ds004447,Q124,Q1_high_beta+Q2_broadband+Q4_transient,3.0,2,0.9325235109717869,,,0.9351142225497421,,,-0.0025907115779552625,0.0025907115779552625
sub-021,ds004447,Q1245,Q1_high_beta+Q2_broadband+Q4_transient+Q5_channel_inconsistency,4.0,2,0.8874521072796935,,,0.874395707977601,,,0.013056399302092458,0.013056399302092458
sub-021,ds004447,Q125,Q1_high_beta+Q2_broadband+Q5_channel_inconsistency,3.0,2,0.8874521072796935,,,0.874395707977601,,,0.013056399302092458,0.013056399302092458
sub-021,ds004447,Q13,Q1_high_beta+Q3_high_freq_35_45,2.0,2,0.9302039245863793,,,0.9251142225497422,,,0.0050897020366372225,0.006214645789449691
sub-021,ds004447,Q134,Q1_high_beta+Q3_high_freq_35_45+Q4_transient,3.0,2,0.9302039245863793,,,0.9251142225497422,,,0.0050897020366372225,0.006214645789449691
sub-021,ds004447,Q1345,Q1_high_beta+Q3_high_freq_35_45+Q4_transient+Q5_channel_inconsistency,4.0,2,0.8628318584070795,,,0.865288552728248,,,-0.0024566943211684067,0.0024566943211684067
sub-021,ds004447,Q135,Q1_high_beta+Q3_high_freq_35_45+Q5_channel_inconsistency,3.0,2,0.8628318584070795,,,0.865288552728248,,,-0.0024566943211684067,0.0024566943211684067
sub-021,ds004447,Q14,Q1_high_beta+Q4_transient,2.0,2,0.9829403095062639,,,0.9829403095062639,,,-5.551115123125783e-17,5.551115123125783e-17
sub-021,ds004447,Q145,Q1_high_beta+Q4_transient+Q5_channel_inconsistency,3.0,2,0.9181790910454477,,,0.9176932274167755,,,0.0004858636286722562,0.00332056463285918
sub-021,ds004447,Q15,Q1_high_beta+Q5_channel_inconsistency,2.0,2,0.9181790910454477,,,0.9176932274167755,,,0.0004858636286722562,0.00332056463285918
sub-021,ds004447,Q2,Q2_broadband,1.0,2,0.9517543859649122,,,0.9517543859649124,,,-5.551115123125783e-17,5.551115123125783e-17
sub-021,ds004447,Q23,Q2_broadband+Q3_high_freq_35_45,2.0,2,0.8903508771929824,,,0.8990497076023392,,,-0.008698830409356706,0.008698830409356706
sub-021,ds004447,Q234,Q2_broadband+Q3_high_freq_35_45+Q4_transient,3.0,2,0.8903508771929824,,,0.8990497076023392,,,-0.008698830409356706,0.008698830409356706
sub-021,ds004447,Q2345,Q2_broadband+Q3_high_freq_35_45+Q4_transient+Q5_channel_inconsistency,4.0,2,0.8384756437853783,,,0.8408797920186264,,,-0.0024041482332480824,0.014941021389590192
sub-021,ds004447,Q235,Q2_broadband+Q3_high_freq_35_45+Q5_channel_inconsistency,3.0,2,0.8384756437853783,,,0.8408797920186264,,,-0.0024041482332480824,0.014941021389590192
sub-021,ds004447,Q24,Q2_broadband+Q4_transient,2.0,2,0.9517543859649122,,,0.9517543859649124,,,-5.551115123125783e-17,5.551115123125783e-17
sub-021,ds004447,Q245,Q2_broadband+Q4_transient+Q5_channel_inconsistency,3.0,2,0.9030386318521911,,,0.8890521398432791,,,0.013986492008912,0.013986492008912
sub-021,ds004447,Q25,Q2_broadband+Q5_channel_inconsistency,2.0,2,0.9030386318521911,,,0.8890521398432791,,,0.013986492008912,0.013986492008912
sub-021,ds004447,Q3,Q3_high_freq_35_45,1.0,2,0.9416666666666667,,,0.9416666666666667,,,0.0,0.0
sub-021,ds004447,Q34,Q3_high_freq_35_45+Q4_transient,2.0,2,0.9416666666666667,,,0.9416666666666667,,,0.0,0.0
sub-021,ds004447,Q345,Q3_high_freq_35_45+Q4_transient+Q5_channel_inconsistency,3.0,2,0.8710516536603493,,,0.879872456291201,,,-0.008820802630851665,0.008820802630851665
sub-021,ds004447,Q35,Q3_high_freq_35_45+Q5_channel_inconsistency,2.0,2,0.8710516536603493,,,0.879872456291201,,,-0.008820802630851665,0.008820802630851665
sub-021,ds004447,Q4,Q4_transient,1.0,2,1.0,,,1.0,,,0.0,0.0
sub-021,ds004447,Q45,Q4_transient+Q5_channel_inconsistency,2.0,2,0.9326923076923077,,,0.9326923076923078,,,-1.6653345369377348e-16,1.6653345369377348e-16
sub-021,ds004447,Q5,Q5_channel_inconsistency,1.0,2,0.9326923076923077,,,0.9326923076923078,,,-1.6653345369377348e-16,1.6653345369377348e-16
sub-022,ds004444,Q1,Q1_high_beta,1.0,2,0.9581747144860749,,,0.958174714486075,,,-5.551115123125783e-17,5.551115123125783e-17
sub-022,ds004444,Q12,Q1_high_beta+Q2_broadband,2.0,2,0.9364355840512923,,,0.9346087663676972,,,0.00182681768359505,0.001826817683595161
sub-022,ds004444,Q123,Q1_high_beta+Q2_broadband+Q3_high_freq_35_45,3.0,2,0.7873279440681669,,,0.7770813804505972,,,0.010246563617569815,0.010246563617569815
sub-022,ds004444,Q1234,Q1_high_beta+Q2_broadband+Q3_high_freq_35_45+Q4_transient,4.0,2,0.7818840579710145,,,0.7736353205456153,,,0.008248737425399166,0.008248737425399166
sub-022,ds004444,Q12345,Q1_high_beta+Q2_broadband+Q3_high_freq_35_45+Q4_transient+Q5_channel_inconsistency,5.0,2,0.7290240022134606,,,0.6751307499355761,,,0.05389325227788455,0.05389325227788455
sub-022,ds004444,Q1235,Q1_high_beta+Q2_broadband+Q3_high_freq_35_45+Q5_channel_inconsistency,4.0,2,0.734933957072097,,,0.6783407520773732,,,0.056593204994723645,0.056593204994723645
sub-022,ds004444,Q124,Q1_high_beta+Q2_broadband+Q4_transient,3.0,2,0.9317632850241546,,,0.930576874887244,,,0.001186410136910565,0.002467225230279646
sub-022,ds004444,Q1245,Q1_high_beta+Q2_broadband+Q4_transient+Q5_channel_inconsistency,4.0,2,0.8249382716049383,,,0.80387953472892,,,0.02105873687601828,0.02105873687601828
sub-022,ds004444,Q125,Q1_high_beta+Q2_broadband+Q5_channel_inconsistency,3.0,2,0.830062649714391,,,0.8076052119007736,,,0.02245743781361742,0.02245743781361742
sub-022,ds004444,Q13,Q1_high_beta+Q3_high_freq_35_45,2.0,2,0.8003714223290365,,,0.7961305218462859,,,0.004240900482750609,0.004240900482750609
sub-022,ds004444,Q134,Q1_high_beta+Q3_high_freq_35_45+Q4_transient,3.0,2,0.7949275362318841,,,0.792684461941304,,,0.0022430742905799606,0.0022430742905799606
sub-022,ds004444,Q1345,Q1_high_beta+Q3_high_freq_35_45+Q4_transient+Q5_channel_inconsistency,4.0,2,0.7301783689040107,,,0.6891586702993104,,,0.04101969860470034,0.04101969860470034
sub-022,ds004444,Q135,Q1_high_beta+Q3_high_freq_35_45+Q5_channel_inconsistency,3.0,2,0.736088323762647,,,0.6923686724411076,,,0.04371965132153943,0.04371965132153943
sub-022,ds004444,Q14,Q1_high_beta+Q4_transient,2.0,2,0.9535024154589372,,,0.9541428230056217,,,-0.0006404075466845405,0.0006404075466845405
sub-022,ds004444,Q145,Q1_high_beta+Q4_transient+Q5_channel_inconsistency,3.0,2,0.8350306748466257,,,0.8208032279219208,,,0.014227446924704845,0.014227446924704845
sub-022,ds004444,Q15,Q1_high_beta+Q5_channel_inconsistency,2.0,2,0.8401550529560785,,,0.8245289050937745,,,0.015626147862303985,0.015626147862303985
sub-022,ds004444,Q2,Q2_broadband,1.0,2,0.9747899159663865,,,0.9747899159663865,,,0.0,0.0
sub-022,ds004444,Q23,Q2_broadband+Q3_high_freq_35_45,2.0,2,0.8157563025210084,,,0.8087885154061625,,,0.006967787114845914,0.006967787114846025
sub-022,ds004444,Q234,Q2_broadband+Q3_high_freq_35_45+Q4_transient,3.0,2,0.8108476267219216,,,0.805232030050514,,,0.005615596671407652,0.008319977558284286
sub-022,ds004444,Q2345,Q2_broadband+Q3_high_freq_35_45+Q4_transient+Q5_channel_inconsistency,4.0,2,0.7445536496807312,,,0.6996924181214911,,,0.0448612315592401,0.0448612315592401
sub-022,ds004444,Q235,Q2_broadband+Q3_high_freq_35_45+Q5_channel_inconsistency,3.0,2,0.750070069446607,,,0.7030033248347853,,,0.047066744611821754,0.047066744611821754
sub-022,ds004444,Q24,Q2_broadband+Q4_transient,2.0,2,0.9706058155479764,,,0.9706058155479764,,,0.0,0.0
sub-022,ds004444,Q245,Q2_broadband+Q4_transient+Q5_channel_inconsistency,3.0,2,0.8411648924373475,,,0.8345070601363231,,,0.006657832301024291,0.008425629200544738
sub-022,ds004444,Q25,Q2_broadband+Q5_channel_inconsistency,2.0,2,0.8459118629101244,,,0.8383701321593399,,,0.00754173075078457,0.00754173075078457
sub-022,ds004444,Q3,Q3_high_freq_35_45,1.0,2,0.8291666666666666,,,0.8291666666666667,,,-5.551115123125783e-17,5.551115123125783e-17
sub-022,ds004444,Q34,Q3_high_freq_35_45+Q4_transient,2.0,2,0.8242579908675799,,,0.8256101813110182,,,-0.001352190443438317,0.001352190443438317
sub-022,ds004444,Q345,Q3_high_freq_35_45+Q4_transient+Q5_channel_inconsistency,3.0,2,0.7435683364254793,,,0.7145880516717986,,,0.02898028475368064,0.02898028475368064
sub-022,ds004444,Q35,Q3_high_freq_35_45+Q5_channel_inconsistency,2.0,2,0.7490847561913552,,,0.7178989583850929,,,0.031185797806262294,0.031185797806262294
sub-022,ds004444,Q4,Q4_transient,1.0,2,0.99581589958159,,,0.99581589958159,,,0.0,0.0
sub-022,ds004444,Q45,Q4_transient+Q5_channel_inconsistency,2.0,2,0.8515642121411352,,,0.8524481105908954,,,-0.0008838984497601676,0.0008838984497602786
sub-022,ds004444,Q5,Q5_channel_inconsistency,1.0,2,0.8563111826139121,,,0.856311182613912,,,1.1102230246251565e-16,1.1102230246251565e-16
sub-022,ds004447,Q1,Q1_high_beta,1.0,2,0.9627659574468085,,,0.9627659574468085,,,0.0,0.0
sub-022,ds004447,Q12,Q1_high_beta+Q2_broadband,2.0,2,0.8950617283950617,,,0.8778276890075482,,,0.017234039387513556,0.017234039387513556
sub-022,ds004447,Q123,Q1_high_beta+Q2_broadband+Q3_high_freq_35_45,3.0,2,0.6611384111384111,,,0.6758816681500351,,,-0.01474325701162399,0.018587193064782348
sub-022,ds004447,Q1234,Q1_high_beta+Q2_broadband+Q3_high_freq_35_45+Q4_transient,4.0,2,0.6358176358176357,,,0.6620853397448647,,,-0.02626770392722888,0.02626770392722888
sub-022,ds004447,Q12345,Q1_high_beta+Q2_broadband+Q3_high_freq_35_45+Q4_transient+Q5_channel_inconsistency,5.0,2,0.5597426470588236,,,0.5432147297682912,,,0.01652791729053238,0.0324476567405676
sub-022,ds004447,Q1235,Q1_high_beta+Q2_broadband+Q3_high_freq_35_45+Q5_channel_inconsistency,4.0,2,0.5870098039215685,,,0.5522566892760936,,,0.034753114645475036,0.04436264425424352
sub-022,ds004447,Q124,Q1_high_beta+Q2_broadband+Q4_transient,3.0,2,0.8714927048260381,,,0.8607826094193226,,,0.010710095406715525,0.010710095406715525
sub-022,ds004447,Q1245,Q1_high_beta+Q2_broadband+Q4_transient+Q5_channel_inconsistency,4.0,2,0.7598216773474505,,,0.6900698349745341,,,0.06975184237291643,0.06975184237291643
sub-022,ds004447,Q125,Q1_high_beta+Q2_broadband+Q5_channel_inconsistency,3.0,2,0.7852465867929785,,,0.7004857143568628,,,0.0847608724361158,0.0847608724361158
sub-022,ds004447,Q13,Q1_high_beta+Q3_high_freq_35_45,2.0,2,0.7136363636363636,,,0.7227836879432625,,,-0.009147324306898907,0.009147324306898907
sub-022,ds004447,Q134,Q1_high_beta+Q3_high_freq_35_45+Q4_transient,3.0,2,0.6920454545454546,,,0.7074408983451537,,,-0.015395443799699093,0.015395443799699093
sub-022,ds004447,Q1345,Q1_high_beta+Q3_high_freq_35_45+Q4_transient+Q5_channel_inconsistency,4.0,2,0.5953947368421053,,,0.5793214526568589,,,0.01607328418524634,0.01607328418524634
sub-022,ds004447,Q135,Q1_high_beta+Q3_high_freq_35_45+Q5_channel_inconsistency,3.0,2,0.6199392712550607,,,0.5894257605055485,,,0.030513510749512196,0.030513510749512196
sub-022,ds004447,Q14,Q1_high_beta+Q4_transient,2.0,2,0.9422630560928433,,,0.9431737588652482,,,-0.0009107027724049588,0.0009107027724049588
sub-022,ds004447,Q145,Q1_high_beta+Q4_transient+Q5_channel_inconsistency,3.0,2,0.7906910661513981,,,0.752630053223465,,,0.03806101292793307,0.03806101292793307
sub-022,ds004447,Q15,Q1_high_beta+Q5_channel_inconsistency,2.0,2,0.8134803364401,,,0.7646445358401881,,,0.04883580059991188,0.04883580059991188
sub-022,ds004447,Q2,Q2_broadband,1.0,2,0.9109552077711819,,,0.910955207771182,,,-5.551115123125783e-17,1.6653345369377348e-16
sub-022,ds004447,Q23,Q2_broadband+Q3_high_freq_35_45,2.0,2,0.6759429153924567,,,0.7031666024486714,,,-0.02722368705621464,0.02722368705621464
sub-022,ds004447,Q234,Q2_broadband+Q3_high_freq_35_45+Q4_transient,3.0,2,0.6491335372069318,,,0.6885422511854271,,,-0.039408713978495435,0.039408713978495435
sub-022,ds004447,Q2345,Q2_broadband+Q3_high_freq_35_45+Q4_transient+Q5_channel_inconsistency,4.0,2,0.5355074142724745,,,0.5593437561139398,,,-0.02383634184146538,0.02383634184146538
sub-022,ds004447,Q235,Q2_broadband+Q3_high_freq_35_45+Q5_channel_inconsistency,3.0,2,0.5644114921223355,,,0.5686586837196087,,,-0.004247191597273214,0.008567466216623354
sub-022,ds004447,Q24,Q2_broadband+Q4_transient,2.0,2,0.8867602086706242,,,0.8929273836234384,,,-0.006167174952814103,0.006167174952814103
sub-022,ds004447,Q245,Q2_broadband+Q4_transient+Q5_channel_inconsistency,3.0,2,0.7316436251920123,,,0.7078837441499706,,,0.02375988104204174,0.02856992168090533
sub-022,ds004447,Q25,Q2_broadband+Q5_channel_inconsistency,2.0,2,0.7579109062980031,,,0.7185484585764393,,,0.03936244772156372,0.040014003831635225
sub-022,ds004447,Q3,Q3_high_freq_35_45,1.0,2,0.7527777777777778,,,0.7527777777777778,,,5.551115123125783e-17,5.551115123125783e-17
sub-022,ds004447,Q34,Q3_high_freq_35_45+Q4_transient,2.0,2,0.7300925925925925,,,0.7364351851851851,,,-0.006342592592592566,0.006342592592592566
sub-022,ds004447,Q345,Q3_high_freq_35_45+Q4_transient+Q5_channel_inconsistency,3.0,2,0.575691960082847,,,0.597093111530584,,,-0.02140115144773702,0.04746511795895492
sub-022,ds004447,Q35,Q3_high_freq_35_45+Q5_channel_inconsistency,2.0,2,0.6013933345885898,,,0.6075443570959183,,,-0.006151022507328574,0.03623172111557005
sub-022,ds004447,Q4,Q4_transient,1.0,2,0.9791666666666667,,,0.9791666666666667,,,0.0,0.0
sub-022,ds004447,Q45,Q4_transient+Q5_channel_inconsistency,2.0,2,0.7617309269893355,,,0.7725957664165087,,,-0.010864839427173256,0.010864839427173256
sub-022,ds004447,Q5,Q5_channel_inconsistency,1.0,2,0.7849466776045939,,,0.7849466776045941,,,-1.6653345369377348e-16,1.6653345369377348e-16
sub-023,ds004444,Q1,Q1_high_beta,1.0,2,0.7915719457775532,,,0.7915719457775532,,,0.0,1.1102230246251565e-16
sub-023,ds004444,Q12,Q1_high_beta+Q2_broadband,2.0,2,0.6750786198343447,,,0.6641059300315855,,,0.010972689802759283,0.017000630937729355
sub-023,ds004444,Q123,Q1_high_beta+Q2_broadband+Q3_high_freq_35_45,3.0,2,0.6334110334110334,,,0.5878337094439894,,,0.04557732396704406,0.04557732396704406
sub-023,ds004444,Q1234,Q1_high_beta+Q2_broadband+Q3_high_freq_35_45+Q4_transient,4.0,2,0.6393387314439947,,,0.5773842895617403,,,0.061954441882254296,0.061954441882254296
sub-023,ds004444,Q12345,Q1_high_beta+Q2_broadband+Q3_high_freq_35_45+Q4_transient+Q5_channel_inconsistency,5.0,2,0.5884764185703758,,,0.5008491777549133,,,0.0876272408154625,0.0876272408154625
sub-023,ds004444,Q1235,Q1_high_beta+Q2_broadband+Q3_high_freq_35_45+Q5_channel_inconsistency,4.0,2,0.5823622881355932,,,0.510030077528904,,,0.0723322106066892,0.0723322106066892
sub-023,ds004444,Q124,Q1_high_beta+Q2_broadband+Q4_transient,3.0,2,0.6850199795558034,,,0.6524396721187625,,,0.03258030743704082,0.033186767703942965
sub-023,ds004444,Q1245,Q1_high_beta+Q2_broadband+Q4_transient+Q5_channel_inconsistency,4.0,2,0.6194734488835117,,,0.5621918607943395,,,0.05728158808917233,0.05909475513488743
sub-023,ds004444,Q125,Q1_high_beta+Q2_broadband+Q5_channel_inconsistency,3.0,2,0.6110091050857689,,,0.5723768722380309,,,0.038632232847738035,0.04445533761240733
sub-023,ds004444,Q13,Q1_high_beta+Q3_high_freq_35_45,2.0,2,0.732729736388273,,,0.7025691352778523,,,0.03016060111042068,0.03016060111042068
sub-023,ds004444,Q134,Q1_high_beta+Q3_high_freq_35_45+Q4_transient,3.0,2,0.7233488733488733,,,0.6893347086891709,,,0.03401416465970242,0.03401416465970242
sub-023,ds004444,Q1345,Q1_high_beta+Q3_high_freq_35_45+Q4_transient+Q5_channel_inconsistency,4.0,2,0.6552910052910053,,,0.6009236332295288,,,0.054367372061476515,0.054367372061476515
sub-023,ds004444,Q135,Q1_high_beta+Q3_high_freq_35_45+Q5_channel_inconsistency,3.0,2,0.6580960357342267,,,0.6126013519809537,,,0.045494683753273035,0.045494683753273035
sub-023,ds004444,Q14,Q1_high_beta+Q4_transient,2.0,2,0.7792167334223409,,,0.7768230873427671,,,0.0023936460795738745,0.0032917121758778145
sub-023,ds004444,Q145,Q1_high_beta+Q4_transient+Q5_channel_inconsistency,3.0,2,0.6912760153566377,,,0.6729495276575592,,,0.01832648769907841,0.01832648769907841
sub-023,ds004444,Q15,Q1_high_beta+Q5_channel_inconsistency,2.0,2,0.6931469771006995,,,0.6858891258991413,,,0.007257851201558085,0.008608803472803461
sub-023,ds004444,Q2,Q2_broadband,1.0,2,0.8528802054668868,,,0.8528802054668867,,,5.551115123125783e-17,5.551115123125783e-17
sub-023,ds004444,Q23,Q2_broadband+Q3_high_freq_35_45,2.0,2,0.7721109956162155,,,0.752509087248344,,,0.019601908367871568,0.019601908367871568
sub-023,ds004444,Q234,Q2_broadband+Q3_high_freq_35_45+Q4_transient,3.0,2,0.7782559349285917,,,0.7400767839310014,,,0.03817915099759028,0.03817915099759028
sub-023,ds004444,Q2345,Q2_broadband+Q3_high_freq_35_45+Q4_transient+Q5_channel_inconsistency,4.0,2,0.7133139099754089,,,0.6259724024005219,,,0.08734150757488707,0.08734150757488707
sub-023,ds004444,Q235,Q2_broadband+Q3_high_freq_35_45+Q5_channel_inconsistency,3.0,2,0.7070632349565085,,,0.6366237250497457,,,0.07043950990676273,0.07043950990676273
sub-023,ds004444,Q24,Q2_broadband+Q4_transient,2.0,2,0.8605282931622449,,,0.8389663039908883,,,0.021561989171356655,0.021561989171356655
sub-023,ds004444,Q245,Q2_broadband+Q4_transient+Q5_channel_inconsistency,3.0,2,0.7648290455507295,,,0.7024550106831353,,,0.06237403486759424,0.06237403486759424
sub-023,ds004444,Q25,Q2_broadband+Q5_channel_inconsistency,2.0,2,0.7541754756871036,,,0.714255572028455,,,0.039919903658648614,0.039919903658648614
sub-023,ds004444,Q3,Q3_high_freq_35_45,1.0,2,0.8847333319036692,,,0.8847333319036692,,,0.0,0.0
sub-023,ds004444,Q34,Q3_high_freq_35_45+Q4_transient,2.0,2,0.8723642533936652,,,0.869169105125689,,,0.003195148267976178,0.003195148267976178
sub-023,ds004444,Q345,Q3_high_freq_35_45+Q4_transient+Q5_channel_inconsistency,3.0,2,0.786256604935105,,,0.7396578995335394,,,0.04659870540156541,0.04659870540156541
sub-023,ds004444,Q35,Q3_high_freq_35_45+Q5_channel_inconsistency,2.0,2,0.7927829547660648,,,0.7530888642437733,,,0.0396940905222915,0.0396940905222915
sub-023,ds004444,Q4,Q4_transient,1.0,2,0.9826174743024964,,,0.9826174743024962,,,5.551115123125783e-17,5.551115123125783e-17
sub-023,ds004444,Q45,Q4_transient+Q5_channel_inconsistency,2.0,2,0.8401114384526707,,,0.8281847752870124,,,0.011926663165658269,0.011926663165658269
sub-023,ds004444,Q5,Q5_channel_inconsistency,1.0,2,0.8430493273542601,,,0.84304932735426,,,1.1102230246251565e-16,1.1102230246251565e-16
sub-024,ds004444,Q1,Q1_high_beta,1.0,2,0.9854414563129055,,,0.9854414563129056,,,-5.551115123125783e-17,5.551115123125783e-17
sub-024,ds004444,Q12,Q1_high_beta+Q2_broadband,2.0,2,0.9194392253215782,,,0.912344758569538,,,0.007094466752040229,0.007094466752040229
sub-024,ds004444,Q123,Q1_high_beta+Q2_broadband+Q3_high_freq_35_45,3.0,2,0.8619156372192809,,,0.8636488600789878,,,-0.00173322285970684,0.005758757793764946
sub-024,ds004444,Q1234,Q1_high_beta+Q2_broadband+Q3_high_freq_35_45+Q4_transient,4.0,2,0.8467000835421887,,,0.8445543584166346,,,0.002145725125554221,0.0060775821900171945
sub-024,ds004444,Q12345,Q1_high_beta+Q2_broadband+Q3_high_freq_35_45+Q4_transient+Q5_channel_inconsistency,5.0,2,0.7495595637583892,,,0.6855210601818833,,,0.06403850357650598,0.06403850357650598
sub-024,ds004444,Q1235,Q1_high_beta+Q2_broadband+Q3_high_freq_35_45+Q5_channel_inconsistency,4.0,2,0.7589345637583893,,,0.7003071743046912,,,0.058627389453698,0.058627389453698
sub-024,ds004444,Q124,Q1_high_beta+Q2_broadband+Q4_transient,3.0,2,0.9030022087886538,,,0.8923552704034343,,,0.010646938385219518,0.010646938385219518
sub-024,ds004444,Q1245,Q1_high_beta+Q2_broadband+Q4_transient+Q5_channel_inconsistency,4.0,2,0.7730300272975432,,,0.7201866715118851,,,0.05284335578565813,0.05284335578565813
sub-024,ds004444,Q125,Q1_high_beta+Q2_broadband+Q5_channel_inconsistency,3.0,2,0.7816014558689719,,,0.7356047067313547,,,0.04599674913761714,0.04599674913761714
sub-024,ds004444,Q13,Q1_high_beta+Q3_high_freq_35_45,2.0,2,0.9293022614451185,,,0.931448744193732,,,-0.0021464827486135096,0.005259705533150916
sub-024,ds004444,Q134,Q1_high_beta+Q3_high_freq_35_45+Q4_transient,3.0,2,0.9128216503992901,,,0.9102598362027989,,,0.0025618141964912633,0.006040257431686458
sub-024,ds004444,Q1345,Q1_high_beta+Q3_high_freq_35_45+Q4_transient+Q5_channel_inconsistency,4.0,2,0.7714514835605453,,,0.7297539895408367,,,0.04169749401970857,0.04169749401970857
sub-024,ds004444,Q135,Q1_high_beta+Q3_high_freq_35_45+Q5_channel_inconsistency,3.0,2,0.7801724137931034,,,0.745860585680073,,,0.03431182811303046,0.03431182811303046
sub-024,ds004444,Q14,Q1_high_beta+Q4_transient,2.0,2,0.9680875576036866,,,0.9631537397852907,,,0.004933817818395914,0.0053615920313886956
sub-024,ds004444,Q145,Q1_high_beta+Q4_transient+Q5_channel_inconsistency,3.0,2,0.7899180423157406,,,0.7671274497325202,,,0.02279059258322025,0.02279059258322025
sub-024,ds004444,Q15,Q1_high_beta+Q5_channel_inconsistency,2.0,2,0.7979394326900722,,,0.7839859693292999,,,0.0139534633607723,0.0139534633607723
sub-024,ds004444,Q2,Q2_broadband,1.0,2,0.9259292431706225,,,0.9259292431706226,,,-1.6653345369377348e-16,1.6653345369377348e-16
sub-024,ds004444,Q23,Q2_broadband+Q3_high_freq_35_45,2.0,2,0.8741216216216217,,,0.8761181125624797,,,-0.001996490940858131,0.006358387021076883
sub-024,ds004444,Q234,Q2_broadband+Q3_high_freq_35_45+Q4_transient,3.0,2,0.8585864103124317,,,0.8563444075736418,,,0.0022420027387898833,0.002420795969702738
sub-024,ds004444,Q2345,Q2_broadband+Q3_high_freq_35_45+Q4_transient+Q5_channel_inconsistency,4.0,2,0.7394122303582031,,,0.6934902458899703,,,0.0459219844682327,0.0459219844682327
sub-024,ds004444,Q235,Q2_broadband+Q3_high_freq_35_45+Q5_channel_inconsistency,3.0,2,0.7504589562024653,,,0.7087172052548509,,,0.0417417509476144,0.0417417509476144
sub-024,ds004444,Q24,Q2_broadband+Q4_transient,2.0,2,0.9070742179513391,,,0.9051947794410979,,,0.0018794385102413047,0.0018794385102413047
sub-024,ds004444,Q245,Q2_broadband+Q4_transient+Q5_channel_inconsistency,3.0,2,0.7623839009287926,,,0.7287908873906256,,,0.033593013538167016,0.033593013538167016
sub-024,ds004444,Q25,Q2_broadband+Q5_channel_inconsistency,2.0,2,0.77234382124943,,,0.7446904948214421,,,0.02765332642798779,0.02765332642798779
sub-024,ds004444,Q3,Q3_high_freq_35_45,1.0,2,0.944767441860465,,,0.944767441860465,,,0.0,0.0
sub-024,ds004444,Q34,Q3_high_freq_35_45+Q4_transient,2.0,2,0.9239640677676781,,,0.9228273175622912,,,0.0011367502053868384,0.002544984732074318
sub-024,ds004444,Q345,Q3_high_freq_35_45+Q4_transient+Q5_channel_inconsistency,3.0,2,0.7672524928306453,,,0.7380601678542512,,,0.029192324976394124,0.029192324976394124
sub-024,ds004444,Q35,Q3_high_freq_35_45+Q5_channel_inconsistency,2.0,2,0.7784375,,,0.7546413896996162,,,0.0237961103003837,0.0237961103003837
sub-024,ds004444,Q4,Q4_transient,1.0,2,0.9768818919973052,,,0.9768818919973052,,,5.551115123125783e-17,5.551115123125783e-17
sub-024,ds004444,Q45,Q4_transient+Q5_channel_inconsistency,2.0,2,0.7851067244423047,,,0.7761117361713084,,,0.008994988270996207,0.008994988270996207
sub-024,ds004444,Q5,Q5_channel_inconsistency,1.0,2,0.7934920204349203,,,0.7934920204349201,,,1.6653345369377348e-16,1.6653345369377348e-16
sub-025,ds004444,Q1,Q1_high_beta,1.0,2,0.9321854640832559,,,0.9321854640832559,,,-5.551115123125783e-17,5.551115123125783e-17
sub-025,ds004444,Q12,Q1_high_beta+Q2_broadband,2.0,2,0.8921957671957672,,,0.8931447237969341,,,-0.0009489566011668948,0.003115907323709477
sub-025,ds004444,Q123,Q1_high_beta+Q2_broadband+Q3_high_freq_35_45,3.0,2,0.8862866531850354,,,0.889475864084252,,,-0.0031892108992166435,0.005183896333215032
sub-025,ds004444,Q1234,Q1_high_beta+Q2_broadband+Q3_high_freq_35_45+Q4_transient,4.0,2,0.8862866531850354,,,0.8894758640842519,,,-0.0031892108992165324,0.005183896333214921
sub-025,ds004444,Q12345,Q1_high_beta+Q2_broadband+Q3_high_freq_35_45+Q4_transient+Q5_channel_inconsistency,5.0,2,0.5936157693439247,,,0.6011766933903415,,,-0.007560924046416839,0.010072146587740693
sub-025,ds004444,Q1235,Q1_high_beta+Q2_broadband+Q3_high_freq_35_45+Q5_channel_inconsistency,4.0,2,0.5936157693439247,,,0.6011766933903416,,,-0.00756092404641695,0.010072146587740582
sub-025,ds004444,Q124,Q1_high_beta+Q2_broadband+Q4_transient,3.0,2,0.8921957671957672,,,0.893144723796934,,,-0.0009489566011668393,0.0031159073237094215
sub-025,ds004444,Q1245,Q1_high_beta+Q2_broadband+Q4_transient+Q5_channel_inconsistency,4.0,2,0.6028709454796412,,,0.6041789796811216,,,-0.0013080342014804014,0.013745420091980098
sub-025,ds004444,Q125,Q1_high_beta+Q2_broadband+Q5_channel_inconsistency,3.0,2,0.6028709454796412,,,0.6041789796811216,,,-0.0013080342014804014,0.013745420091980098
sub-025,ds004444,Q13,Q1_high_beta+Q3_high_freq_35_45,2.0,2,0.9303631042209722,,,0.9282441642928994,,,0.002118939928072827,0.002219937786918147
sub-025,ds004444,Q134,Q1_high_beta+Q3_high_freq_35_45+Q4_transient,3.0,2,0.9300652693509837,,,0.9282441642928992,,,0.0018211050580844157,0.0019221029169297354
sub-025,ds004444,Q1345,Q1_high_beta+Q3_high_freq_35_45+Q4_transient+Q5_channel_inconsistency,4.0,2,0.6205980066445183,,,0.6280701512323696,,,-0.007472144587851393,0.010702958171080579
sub-025,ds004444,Q135,Q1_high_beta+Q3_high_freq_35_45+Q5_channel_inconsistency,3.0,2,0.6212473572938689,,,0.6280701512323699,,,-0.006822793938500937,0.011352308820431034
sub-025,ds004444,Q14,Q1_high_beta+Q4_transient,2.0,2,0.9340273329062567,,,0.9321854640832558,,,0.001841868823000914,0.001841868823000914
sub-025,ds004444,Q145,Q1_high_beta+Q4_transient+Q5_channel_inconsistency,3.0,2,0.6285842293906809,,,0.6312629771256664,,,-0.0026787477349854427,0.01304157466218947
sub-025,ds004444,Q15,Q1_high_beta+Q5_channel_inconsistency,2.0,2,0.6291592394533572,,,0.6312629771256664,,,-0.0021037376723093137,0.013616584724865599
sub-025,ds004444,Q2,Q2_broadband,1.0,2,0.9568540970313086,,,0.9568540970313087,,,-5.551115123125783e-17,5.551115123125783e-17
sub-025,ds004444,Q23,Q2_broadband+Q3_high_freq_35_45,2.0,2,0.9499158957106812,,,0.9527168722489228,,,-0.002800976538241462,0.002800976538241462
sub-025,ds004444,Q234,Q2_broadband+Q3_high_freq_35_45+Q4_transient,3.0,2,0.9499158957106812,,,0.9527168722489227,,,-0.0028009765382414065,0.0028009765382414065
sub-025,ds004444,Q2345,Q2_broadband+Q3_high_freq_35_45+Q4_transient+Q5_channel_inconsistency,4.0,2,0.6405041147193613,,,0.6463791817400324,,,-0.0058750670206710875,0.0058750670206710875
sub-025,ds004444,Q235,Q2_broadband+Q3_high_freq_35_45+Q5_channel_inconsistency,3.0,2,0.6405041147193613,,,0.6463791817400325,,,-0.005875067020671199,0.005875067020671199
sub-025,ds004444,Q24,Q2_broadband+Q4_transient,2.0,2,0.9568540970313086,,,0.9568540970313087,,,-5.551115123125783e-17,5.551115123125783e-17
sub-025,ds004444,Q245,Q2_broadband+Q4_transient+Q5_channel_inconsistency,3.0,2,0.6495535714285714,,,0.6497065807289968,,,-0.000153009300425333,0.0025106327936627593
sub-025,ds004444,Q25,Q2_broadband+Q5_channel_inconsistency,2.0,2,0.6495535714285714,,,0.6497065807289966,,,-0.00015300930042516647,0.002510632793662926
sub-025,ds004444,Q3,Q3_high_freq_35_45,1.0,2,0.9955555555555555,,,0.9955555555555555,,,0.0,0.0
sub-025,ds004444,Q34,Q3_high_freq_35_45+Q4_transient,2.0,2,0.9955156950672646,,,0.9955555555555556,,,-3.986048829107691e-05,3.986048829107691e-05
sub-025,ds004444,Q345,Q3_high_freq_35_45+Q4_transient+Q5_channel_inconsistency,3.0,2,0.6717100633356791,,,0.6759390511319348,,,-0.004228987796255662,0.004228987796255662
sub-025,ds004444,Q35,Q3_high_freq_35_45+Q5_channel_inconsistency,2.0,2,0.6720855942587082,,,0.6759390511319345,,,-0.0038534568732263297,0.0038534568732263297
sub-025,ds004444,Q4,Q4_transient,1.0,2,1.0,,,1.0,,,0.0,0.0
sub-025,ds004444,Q45,Q4_transient+Q5_channel_inconsistency,2.0,2,0.6791482656382823,,,0.6794734235721362,,,-0.00032515793385379244,0.00032515793385379244
sub-025,ds004444,Q5,Q5_channel_inconsistency,1.0,2,0.679473423572136,,,0.679473423572136,,,0.0,1.1102230246251565e-16
sub-026,ds004444,Q1,Q1_high_beta,1.0,2,0.9213525126097515,,,0.9213525126097515,,,0.0,1.1102230246251565e-16
sub-026,ds004444,Q12,Q1_high_beta+Q2_broadband,2.0,2,0.9090194846008799,,,0.9061835643490976,,,0.002835920251782309,0.002835920251782309
sub-026,ds004444,Q123,Q1_high_beta+Q2_broadband+Q3_high_freq_35_45,3.0,2,0.8759034020800283,,,0.8702065679408861,,,0.005696834139142071,0.005696834139142071
sub-026,ds004444,Q1234,Q1_high_beta+Q2_broadband+Q3_high_freq_35_45+Q4_transient,4.0,2,0.8657966637906241,,,0.8450233210494162,,,0.020773342741207845,0.020773342741207845
sub-026,ds004444,Q12345,Q1_high_beta+Q2_broadband+Q3_high_freq_35_45+Q4_transient+Q5_channel_inconsistency,5.0,2,0.7252289109682446,,,0.6895433442812977,,,0.035685566686946946,0.035685566686946946
sub-026,ds004444,Q1235,Q1_high_beta+Q2_broadband+Q3_high_freq_35_45+Q5_channel_inconsistency,4.0,2,0.7366391815544358,,,0.7079783620249936,,,0.02866081952944216,0.02866081952944216
sub-026,ds004444,Q124,Q1_high_beta+Q2_broadband+Q4_transient,3.0,2,0.8997761074684152,,,0.8798022181819591,,,0.019973889286456104,0.019973889286456104
sub-026,ds004444,Q1245,Q1_high_beta+Q2_broadband+Q4_transient+Q5_channel_inconsistency,4.0,2,0.7408997955010225,,,0.7165812900075135,,,0.024318505493509,0.024318505493509
sub-026,ds004444,Q125,Q1_high_beta+Q2_broadband+Q5_channel_inconsistency,3.0,2,0.7515060240963856,,,0.7357872099600904,,,0.015718814136295223,0.015718814136295223
sub-026,ds004444,Q13,Q1_high_beta+Q3_high_freq_35_45,2.0,2,0.8830235602094241,,,0.8849574848813706,,,-0.0019339246719465297,0.009387927655536532
sub-026,ds004444,Q134,Q1_high_beta+Q3_high_freq_35_45+Q4_transient,3.0,2,0.8624731182795699,,,0.8593832846034447,,,0.003089833676125142,0.003089833676125142
sub-026,ds004444,Q1345,Q1_high_beta+Q3_high_freq_35_45+Q4_transient+Q5_channel_inconsistency,4.0,2,0.7137427160055609,,,0.6995264169235318,,,0.014216299082029205,0.014216299082029205
sub-026,ds004444,Q135,Q1_high_beta+Q3_high_freq_35_45+Q5_channel_inconsistency,3.0,2,0.7292525183150184,,,0.718167421715157,,,0.0110850965998614,0.0110850965998614
sub-026,ds004444,Q14,Q1_high_beta+Q4_transient,2.0,2,0.899565322385897,,,0.8945668675096414,,,0.004998454876255665,0.006433380977561465
sub-026,ds004444,Q145,Q1_high_beta+Q4_transient+Q5_channel_inconsistency,3.0,2,0.7339996860118269,,,0.7268148587122623,,,0.0071848272995646,0.0071848272995646
sub-026,ds004444,Q15,Q1_high_beta+Q5_channel_inconsistency,2.0,2,0.7518099547511312,,,0.7462318697269479,,,0.005578085024183277,0.005578085024183277
sub-026,ds004444,Q2,Q2_broadband,1.0,2,0.9834298357105871,,,0.9834298357105871,,,-5.551115123125783e-17,5.551115123125783e-17
sub-026,ds004444,Q23,Q2_broadband+Q3_high_freq_35_45,2.0,2,0.9439449541284404,,,0.9426860507860462,,,0.0012589033423941465,0.002360798834009026
sub-026,ds004444,Q234,Q2_broadband+Q3_high_freq_35_45+Q4_transient,3.0,2,0.9311659910390442,,,0.9147739929318865,,,0.016391998107157524,0.016391998107157524
sub-026,ds004444,Q2345,Q2_broadband+Q3_high_freq_35_45+Q4_transient+Q5_channel_inconsistency,4.0,2,0.7696282761377262,,,0.7435283385885353,,,0.026099937549190988,0.026099937549190988
sub-026,ds004444,Q235,Q2_broadband+Q3_high_freq_35_45+Q5_channel_inconsistency,3.0,2,0.781513783336605,,,0.7637112664928302,,,0.017802516843774874,0.017802516843774874
sub-026,ds004444,Q24,Q2_broadband+Q4_transient,2.0,2,0.9663630495589184,,,0.9541515907065534,,,0.01221145885236502,0.01221145885236502
sub-026,ds004444,Q245,Q2_broadband+Q4_transient+Q5_channel_inconsistency,3.0,2,0.7872179312433742,,,0.773535951623914,,,0.013681979619460216,0.013681979619460216
sub-026,ds004444,Q25,Q2_broadband+Q5_channel_inconsistency,2.0,2,0.8009166107757657,,,0.7945587640174593,,,0.006357846758306418,0.006357846758306418
sub-026,ds004444,Q3,Q3_high_freq_35_45,1.0,2,0.9587788625445529,,,0.9587788625445529,,,0.0,0.0
sub-026,ds004444,Q34,Q3_high_freq_35_45+Q4_transient,2.0,2,0.9335005651510044,,,0.930419224952842,,,0.003081340198162308,0.00339514772954308
sub-026,ds004444,Q345,Q3_high_freq_35_45+Q4_transient+Q5_channel_inconsistency,3.0,2,0.7666256157635468,,,0.754321928774502,,,0.012303686989044826,0.012303686989044826
sub-026,ds004444,Q35,Q3_high_freq_35_45+Q5_channel_inconsistency,2.0,2,0.7835383775613034,,,0.7747362377069518,,,0.008802139854351632,0.008802139854351632
sub-026,ds004444,Q4,Q4_transient,1.0,2,0.9702586206896552,,,0.9702586206896553,,,-5.551115123125783e-17,5.551115123125783e-17
sub-026,ds004444,Q45,Q4_transient+Q5_channel_inconsistency,2.0,2,0.7871980676328503,,,0.7846041571457196,,,0.002593910487130535,0.002593910487130535
sub-026,ds004444,Q5,Q5_channel_inconsistency,1.0,2,0.805863664232763,,,0.805863664232763,,,0.0,1.1102230246251565e-16
sub-027,ds004444,Q1,Q1_high_beta,1.0,2,0.8099646349074268,,,0.8099646349074265,,,1.1102230246251565e-16,1.1102230246251565e-16
sub-027,ds004444,Q12,Q1_high_beta+Q2_broadband,2.0,2,0.7109962069705862,,,0.676463977856478,,,0.03453222911410814,0.03453222911410814
sub-027,ds004444,Q123,Q1_high_beta+Q2_broadband+Q3_high_freq_35_45,3.0,2,0.6225787284610814,,,0.5709234260339594,,,0.05165530242712202,0.05165530242712202
sub-027,ds004444,Q1234,Q1_high_beta+Q2_broadband+Q3_high_freq_35_45+Q4_transient,4.0,2,0.6266907485450532,,,0.5709234260339594,,,0.055767322511093786,0.055767322511093786
sub-027,ds004444,Q12345,Q1_high_beta+Q2_broadband+Q3_high_freq_35_45+Q4_transient+Q5_channel_inconsistency,5.0,2,0.5221221221221222,,,0.4305532183730715,,,0.0915689037490506,0.0915689037490506
sub-027,ds004444,Q1235,Q1_high_beta+Q2_broadband+Q3_high_freq_35_45+Q5_channel_inconsistency,4.0,2,0.5221221221221222,,,0.43055321837307153,,,0.09156890374905058,0.09156890374905058
sub-027,ds004444,Q124,Q1_high_beta+Q2_broadband+Q4_transient,3.0,2,0.7124139180862632,,,0.6764639778564779,,,0.035949940229785204,0.035949940229785204
sub-027,ds004444,Q1245,Q1_high_beta+Q2_broadband+Q4_transient+Q5_channel_inconsistency,4.0,2,0.5641245546905924,,,0.5052150682381474,,,0.058909486452444954,0.058909486452444954
sub-027,ds004444,Q125,Q1_high_beta+Q2_broadband+Q5_channel_inconsistency,3.0,2,0.5623034591194969,,,0.5052150682381475,,,0.05708839088134937,0.05708839088134937
sub-027,ds004444,Q13,Q1_high_beta+Q3_high_freq_35_45,2.0,2,0.7102356406480118,,,0.6828886006369632,,,0.027347040011048596,0.027347040011048596
sub-027,ds004444,Q134,Q1_high_beta+Q3_high_freq_35_45+Q4_transient,3.0,2,0.71378930091809,,,0.6828886006369632,,,0.03090070028112679,0.03090070028112679
sub-027,ds004444,Q1345,Q1_high_beta+Q3_high_freq_35_45+Q4_transient+Q5_channel_inconsistency,4.0,2,0.583203933747412,,,0.5106517165894613,,,0.07255221715795074,0.07255221715795074
sub-027,ds004444,Q135,Q1_high_beta+Q3_high_freq_35_45+Q5_channel_inconsistency,3.0,2,0.583203933747412,,,0.5106517165894613,,,0.07255221715795068,0.07255221715795068
sub-027,ds004444,Q14,Q1_high_beta+Q4_transient,2.0,2,0.8115942028985508,,,0.8099646349074268,,,0.0016295679911240146,0.0016295679911240146
sub-027,ds004444,Q145,Q1_high_beta+Q4_transient+Q5_channel_inconsistency,3.0,2,0.6325501150180742,,,0.598547030229287,,,0.034003084788787274,0.034003084788787274
sub-027,ds004444,Q15,Q1_high_beta+Q5_channel_inconsistency,2.0,2,0.6307785291907608,,,0.5985470302292868,,,0.03223149896147409,0.03223149896147409
sub-027,ds004444,Q2,Q2_broadband,1.0,2,0.8357526642324933,,,0.8357526642324933,,,-5.551115123125783e-17,5.551115123125783e-17
sub-027,ds004444,Q23,Q2_broadband+Q3_high_freq_35_45,2.0,2,0.6974384731290808,,,0.706569545952486,,,-0.00913107282340514,0.00913107282340514
sub-027,ds004444,Q234,Q2_broadband+Q3_high_freq_35_45+Q4_transient,3.0,2,0.7014540894146357,,,0.7065695459524861,,,-0.0051154565378502825,0.011309808506199115
sub-027,ds004444,Q2345,Q2_broadband+Q3_high_freq_35_45+Q4_transient+Q5_channel_inconsistency,4.0,2,0.58046881647239,,,0.5290623798344877,,,0.05140643663790234,0.05140643663790234
sub-027,ds004444,Q235,Q2_broadband+Q3_high_freq_35_45+Q5_channel_inconsistency,3.0,2,0.58046881647239,,,0.5290623798344877,,,0.051406436637902314,0.051406436637902314
sub-027,ds004444,Q24,Q2_broadband+Q4_transient,2.0,2,0.8346799627549335,,,0.8357526642324932,,,-0.0010727014775597232,0.0010727014775597232
sub-027,ds004444,Q245,Q2_broadband+Q4_transient+Q5_channel_inconsistency,3.0,2,0.6570883355565436,,,0.6187963795025906,,,0.038291956053953025,0.038291956053953025
sub-027,ds004444,Q25,Q2_broadband+Q5_channel_inconsistency,2.0,2,0.6532340674617692,,,0.6187963795025906,,,0.03443768795917862,0.03443768795917862
sub-027,ds004444,Q3,Q3_high_freq_35_45,1.0,2,0.844555762659211,,,0.8445557626592108,,,5.551115123125783e-17,5.551115123125783e-17
sub-027,ds004444,Q34,Q3_high_freq_35_45+Q4_transient,2.0,2,0.8480415197806502,,,0.8445557626592108,,,0.0034857571214393923,0.0034857571214393923
sub-027,ds004444,Q345,Q3_high_freq_35_45+Q4_transient+Q5_channel_inconsistency,3.0,2,0.6517750418360029,,,0.6261863308502688,,,0.02558871098573412,0.02558871098573412
sub-027,ds004444,Q35,Q3_high_freq_35_45+Q5_channel_inconsistency,2.0,2,0.6517750418360029,,,0.6261863308502689,,,0.02558871098573401,0.02558871098573401
sub-027,ds004444,Q4,Q4_transient,1.0,2,1.0,,,1.0,,,0.0,0.0
sub-027,ds004444,Q45,Q4_transient+Q5_channel_inconsistency,2.0,2,0.7350943694227277,,,0.7313823552395091,,,0.003712014183218426,0.003712014183218426
sub-027,ds004444,Q5,Q5_channel_inconsistency,1.0,2,0.7313823552395092,,,0.7313823552395091,,,5.551115123125783e-17,5.551115123125783e-17
sub-028,ds004444,Q1,Q1_high_beta,1.0,2,0.9710654173173694,,,0.9710654173173695,,,-1.1102230246251565e-16,1.1102230246251565e-16
sub-028,ds004444,Q12,Q1_high_beta+Q2_broadband,2.0,2,0.9427363184079602,,,0.9217167629951187,,,0.02101955541284145,0.02101955541284145
sub-028,ds004444,Q123,Q1_high_beta+Q2_broadband+Q3_high_freq_35_45,3.0,2,0.6883144178226146,,,0.6506975330070809,,,0.037616884815533685,0.037616884815533685
sub-028,ds004444,Q1234,Q1_high_beta+Q2_broadband+Q3_high_freq_35_45+Q4_transient,4.0,2,0.6480033627574611,,,0.5195117487886386,,,0.12849161396882258,0.12849161396882258
sub-028,ds004444,Q12345,Q1_high_beta+Q2_broadband+Q3_high_freq_35_45+Q4_transient+Q5_channel_inconsistency,5.0,2,0.5847102019407291,,,0.44020923576079246,,,0.14450096617993669,0.14450096617993669
sub-028,ds004444,Q1235,Q1_high_beta+Q2_broadband+Q3_high_freq_35_45+Q5_channel_inconsistency,4.0,2,0.6073548387096774,,,0.5245567423739832,,,0.08279809633569421,0.08279809633569421
sub-028,ds004444,Q124,Q1_high_beta+Q2_broadband+Q4_transient,3.0,2,0.7162179054476362,,,0.6626429011310446,,,0.053575004316591596,0.053575004316591596
sub-028,ds004444,Q1245,Q1_high_beta+Q2_broadband+Q4_transient+Q5_channel_inconsistency,4.0,2,0.628970632304465,,,0.5365121940867617,,,0.09245843821770336,0.09245843821770336
sub-028,ds004444,Q125,Q1_high_beta+Q2_broadband+Q5_channel_inconsistency,3.0,2,0.7054507337526206,,,0.6717737717155633,,,0.03367696203705722,0.03367696203705722
sub-028,ds004444,Q13,Q1_high_beta+Q3_high_freq_35_45,2.0,2,0.6928633702827252,,,0.678272254889139,,,0.014591115393586152,0.014591115393586152
sub-028,ds004444,Q134,Q1_high_beta+Q3_high_freq_35_45+Q4_transient,3.0,2,0.6493087557603687,,,0.5366763873182271,,,0.11263236844214158,0.11263236844214158
sub-028,ds004444,Q1345,Q1_high_beta+Q3_high_freq_35_45+Q4_transient+Q5_channel_inconsistency,4.0,2,0.5817560975609756,,,0.45244708509279974,,,0.12930901246817583,0.12930901246817583
sub-028,ds004444,Q135,Q1_high_beta+Q3_high_freq_35_45+Q5_channel_inconsistency,3.0,2,0.6036105242942194,,,0.5420318937765765,,,0.06157863051764281,0.06157863051764281
sub-028,ds004444,Q14,Q1_high_beta+Q4_transient,2.0,2,0.7204248366013072,,,0.6906034906588003,,,0.02982134594250685,0.02982134594250685
sub-028,ds004444,Q145,Q1_high_beta+Q4_transient+Q5_channel_inconsistency,3.0,2,0.6233044615133192,,,0.5544218648450443,,,0.0688825966682749,0.0688825966682749
sub-028,ds004444,Q15,Q1_high_beta+Q5_channel_inconsistency,2.0,2,0.7102841835546239,,,0.6966271239357817,,,0.013657059618842116,0.013657059618842116
sub-028,ds004444,Q2,Q2_broadband,1.0,2,0.9485070850202428,,,0.9485070850202431,,,-1.1102230246251565e-16,1.1102230246251565e-16
sub-028,ds004444,Q23,Q2_broadband+Q3_high_freq_35_45,2.0,2,0.6888432835820896,,,0.6651538161502879,,,0.023689467431801697,0.023689467431801697
sub-028,ds004444,Q234,Q2_broadband+Q3_high_freq_35_45+Q4_transient,3.0,2,0.6390422885572139,,,0.5280732655705548,,,0.11096902298665916,0.11096902298665916
sub-028,ds004444,Q2345,Q2_broadband+Q3_high_freq_35_45+Q4_transient+Q5_channel_inconsistency,4.0,2,0.5885310290652004,,,0.4466060331885793,,,0.14192499587662105,0.14192499587662105
sub-028,ds004444,Q235,Q2_broadband+Q3_high_freq_35_45+Q5_channel_inconsistency,3.0,2,0.6082020745293892,,,0.5338561555605904,,,0.07434591896879875,0.07434591896879875
sub-028,ds004444,Q24,Q2_broadband+Q4_transient,2.0,2,0.7040325327882814,,,0.6770192721155555,,,0.027013260672725914,0.027013260672725914
sub-028,ds004444,Q245,Q2_broadband+Q4_transient+Q5_channel_inconsistency,3.0,2,0.6279145077720207,,,0.5458445113429438,,,0.08206999642907697,0.08206999642907697
sub-028,ds004444,Q25,Q2_broadband+Q5_channel_inconsistency,2.0,2,0.7071122437159736,,,0.6850045835578118,,,0.022107660158161846,0.022107660158161846
sub-028,ds004444,Q3,Q3_high_freq_35_45,1.0,2,0.6938115763546797,,,0.6938115763546798,,,-2.7755575615628914e-17,8.326672684688674e-17
sub-028,ds004444,Q34,Q3_high_freq_35_45+Q4_transient,2.0,2,0.6410098522167488,,,0.5458146620717251,,,0.09519519014502363,0.09519519014502363
sub-028,ds004444,Q345,Q3_high_freq_35_45+Q4_transient+Q5_channel_inconsistency,3.0,2,0.5879538418238108,,,0.4591991954426508,,,0.12875464638116008,0.12875464638116008
sub-028,ds004444,Q35,Q3_high_freq_35_45+Q5_channel_inconsistency,2.0,2,0.6069154245981205,,,0.5518320962470102,,,0.05508332835111035,0.05508332835111035
sub-028,ds004444,Q4,Q4_transient,1.0,2,0.7060574229691877,,,0.7060574229691876,,,5.551115123125783e-17,5.551115123125783e-17
sub-028,ds004444,Q45,Q4_transient+Q5_channel_inconsistency,2.0,2,0.6209319526627219,,,0.5642621243189946,,,0.05666982834372733,0.05666982834372733
sub-028,ds004444,Q5,Q5_channel_inconsistency,1.0,2,0.7104204484128931,,,0.7104204484128931,,,5.551115123125783e-17,5.551115123125783e-17
sub-029,ds004444,Q1,Q1_high_beta,1.0,2,0.9133643617021276,,,0.9133643617021278,,,-1.1102230246251565e-16,1.1102230246251565e-16
sub-029,ds004444,Q12,Q1_high_beta+Q2_broadband,2.0,2,0.9145662847790508,,,0.90802417182871,,,0.006542112950340739,0.00654211295034085
sub-029,ds004444,Q123,Q1_high_beta+Q2_broadband+Q3_high_freq_35_45,3.0,2,0.9102830804372655,,,0.9043759128868785,,,0.00590716755038706,0.006675345416651435
sub-029,ds004444,Q1234,Q1_high_beta+Q2_broadband+Q3_high_freq_35_45+Q4_transient,4.0,2,0.9102830804372655,,,0.9009301333638959,,,0.009352947073369533,0.010121124939633908
sub-029,ds004444,Q12345,Q1_high_beta+Q2_broadband+Q3_high_freq_35_45+Q4_transient+Q5_channel_inconsistency,5.0,2,0.8730599132176236,,,0.8376411446952301,,,0.03541876852239334,0.03541876852239334
sub-029,ds004444,Q1235,Q1_high_beta+Q2_broadband+Q3_high_freq_35_45+Q5_channel_inconsistency,4.0,2,0.8730599132176236,,,0.8408334745967111,,,0.0322264386209124,0.0322264386209124
sub-029,ds004444,Q124,Q1_high_beta+Q2_broadband+Q4_transient,3.0,2,0.9145662847790508,,,0.9045530484109885,,,0.010013236368062284,0.010013236368062395
sub-029,ds004444,Q1245,Q1_high_beta+Q2_broadband+Q4_transient+Q5_channel_inconsistency,4.0,2,0.8697547630294442,,,0.8407780815138994,,,0.028976681515544667,0.028976681515544667
sub-029,ds004444,Q125,Q1_high_beta+Q2_broadband+Q5_channel_inconsistency,3.0,2,0.8697547630294442,,,0.843992325721423,,,0.025762437308021136,0.025762437308021136
sub-029,ds004444,Q13,Q1_high_beta+Q3_high_freq_35_45,2.0,2,0.9106457703160844,,,0.9096767003230337,,,0.0009690699930506308,0.0017372478593150054
sub-029,ds004444,Q134,Q1_high_beta+Q3_high_freq_35_45+Q4_transient,3.0,2,0.9106457703160844,,,0.9061870713995764,,,0.004458698916507964,0.005226876782772338
sub-029,ds004444,Q1345,Q1_high_beta+Q3_high_freq_35_45+Q4_transient+Q5_channel_inconsistency,4.0,2,0.8734946013289037,,,0.8425113465414442,,,0.030983254787459447,0.030983254787459447
sub-029,ds004444,Q135,Q1_high_beta+Q3_high_freq_35_45+Q5_channel_inconsistency,3.0,2,0.8734946013289037,,,0.8457440325284118,,,0.027750568800491926,0.027750568800491926
sub-029,ds004444,Q14,Q1_high_beta+Q4_transient,2.0,2,0.9133643617021276,,,0.9098487367021276,,,0.003515625000000022,0.0035156250000001332
sub-029,ds004444,Q145,Q1_high_beta+Q4_transient+Q5_channel_inconsistency,3.0,2,0.8687674743709226,,,0.8456817891045664,,,0.023085685266356293,0.023085685266356293
sub-029,ds004444,Q15,Q1_high_beta+Q5_channel_inconsistency,2.0,2,0.8687674743709226,,,0.8489369504192483,,,0.019830523951674284,0.019830523951674284
sub-029,ds004444,Q2,Q2_broadband,1.0,2,0.9936708860759493,,,0.9936708860759493,,,0.0,0.0
sub-029,ds004444,Q23,Q2_broadband+Q3_high_freq_35_45,2.0,2,0.9889952700640829,,,0.9893683609344113,,,-0.00037309087032821875,0.00037309087032821875
sub-029,ds004444,Q234,Q2_broadband+Q3_high_freq_35_45+Q4_transient,3.0,2,0.986782880683552,,,0.985290000425954,,,0.0014928802575979727,0.0014928802575979727
sub-029,ds004444,Q2345,Q2_broadband+Q3_high_freq_35_45+Q4_transient+Q5_channel_inconsistency,4.0,2,0.9339091614906833,,,0.91522538997868,,,0.018683771512003233,0.018683771512003233
sub-029,ds004444,Q235,Q2_broadband+Q3_high_freq_35_45+Q5_channel_inconsistency,3.0,2,0.9361413043478262,,,0.9189992541149299,,,0.017142050232896222,0.017142050232896222
sub-029,ds004444,Q24,Q2_broadband+Q4_transient,2.0,2,0.9915611814345991,,,0.9895569620253164,,,0.002004219409282748,0.002004219409282748
sub-029,ds004444,Q245,Q2_broadband+Q4_transient+Q5_channel_inconsistency,3.0,2,0.9217325227963526,,,0.9189142185422838,,,0.0028183042540687042,0.0028183042540687042
sub-029,ds004444,Q25,Q2_broadband+Q5_channel_inconsistency,2.0,2,0.9238601823708207,,,0.9227187763568805,,,0.0011414060139401383,0.0011414060139401383
sub-029,ds004444,Q3,Q3_high_freq_35_45,1.0,2,0.9956421844144008,,,0.9956421844144008,,,0.0,0.0
sub-029,ds004444,Q34,Q3_high_freq_35_45+Q4_transient,2.0,2,0.9934395412425946,,,0.9915119959844594,,,0.0019275452581351549,0.0019275452581351549
sub-029,ds004444,Q345,Q3_high_freq_35_45+Q4_transient+Q5_channel_inconsistency,3.0,2,0.9407246376811594,,,0.9209827453692956,,,0.01974189231186385,0.01974189231186385
sub-029,ds004444,Q35,Q3_high_freq_35_45+Q5_channel_inconsistency,2.0,2,0.9429468599033817,,,0.9248041930890645,,,0.0181426668143172,0.0181426668143172
sub-029,ds004444,Q4,Q4_transient,1.0,2,0.9958333333333333,,,0.9958333333333333,,,0.0,0.0
sub-029,ds004444,Q45,Q4_transient+Q5_channel_inconsistency,2.0,2,0.9264705882352942,,,0.9247185025486085,,,0.0017520856866856116,0.0017520856866856116
sub-029,ds004444,Q5,Q5_channel_inconsistency,1.0,2,0.9285714285714286,,,0.9285714285714284,,,2.220446049250313e-16,2.220446049250313e-16
sub-030,ds004444,Q1,Q1_high_beta,1.0,2,0.9591859185918592,,,0.9591859185918592,,,-5.551115123125783e-17,5.551115123125783e-17
sub-030,ds004444,Q12,Q1_high_beta+Q2_broadband,2.0,2,0.9507692307692308,,,0.9457316974122556,,,0.005037533356975266,0.0053908573923076575
sub-030,ds004444,Q123,Q1_high_beta+Q2_broadband+Q3_high_freq_35_45,3.0,2,0.9212962962962963,,,0.8975843240215766,,,0.023711972274719717,0.023711972274719717
sub-030,ds004444,Q1234,Q1_high_beta+Q2_broadband+Q3_high_freq_35_45+Q4_transient,4.0,2,0.9212962962962963,,,0.8975843240215766,,,0.023711972274719717,0.023711972274719717
sub-030,ds004444,Q12345,Q1_high_beta+Q2_broadband+Q3_high_freq_35_45+Q4_transient+Q5_channel_inconsistency,5.0,2,0.70090383669454,,,0.6682532801614267,,,0.03265055653311327,0.041263412463311167
sub-030,ds004444,Q1235,Q1_high_beta+Q2_broadband+Q3_high_freq_35_45+Q5_channel_inconsistency,4.0,2,0.70090383669454,,,0.6682532801614267,,,0.03265055653311327,0.041263412463311167
sub-030,ds004444,Q124,Q1_high_beta+Q2_broadband+Q4_transient,3.0,2,0.9507692307692308,,,0.9457316974122556,,,0.005037533356975266,0.0053908573923076575
sub-030,ds004444,Q1245,Q1_high_beta+Q2_broadband+Q4_transient+Q5_channel_inconsistency,4.0,2,0.7320658866995073,,,0.7074747684414511,,,0.02459111825805632,0.033112885762162814
sub-030,ds004444,Q125,Q1_high_beta+Q2_broadband+Q5_channel_inconsistency,3.0,2,0.7320658866995073,,,0.7074747684414511,,,0.02459111825805632,0.033112885762162814
sub-030,ds004444,Q13,Q1_high_beta+Q3_high_freq_35_45,2.0,2,0.9261111111111111,,,0.9090069326625757,,,0.0171041784485354,0.0171041784485354
sub-030,ds004444,Q134,Q1_high_beta+Q3_high_freq_35_45+Q4_transient,3.0,2,0.9261111111111111,,,0.9090069326625757,,,0.0171041784485354,0.0171041784485354
sub-030,ds004444,Q1345,Q1_high_beta+Q3_high_freq_35_45+Q4_transient+Q5_channel_inconsistency,4.0,2,0.6914271439487452,,,0.6768929704278595,,,0.014534173520885596,0.020161103150505233
sub-030,ds004444,Q135,Q1_high_beta+Q3_high_freq_35_45+Q5_channel_inconsistency,3.0,2,0.6914271439487452,,,0.6768929704278595,,,0.014534173520885596,0.020161103150505233
sub-030,ds004444,Q14,Q1_high_beta+Q4_transient,2.0,2,0.9591859185918592,,,0.9591859185918592,,,-5.551115123125783e-17,5.551115123125783e-17
sub-030,ds004444,Q145,Q1_high_beta+Q4_transient+Q5_channel_inconsistency,3.0,2,0.7283445146014207,,,0.717736095867473,,,0.010608418733947744,0.016360943582723164
sub-030,ds004444,Q15,Q1_high_beta+Q5_channel_inconsistency,2.0,2,0.7283445146014207,,,0.717736095867473,,,0.010608418733947744,0.016360943582723164
sub-030,ds004444,Q2,Q2_broadband,1.0,2,0.9850324133101083,,,0.9850324133101083,,,0.0,0.0
sub-030,ds004444,Q23,Q2_broadband+Q3_high_freq_35_45,2.0,2,0.9332235397452788,,,0.9342305719568831,,,-0.001007032211604142,0.001007032211604142
sub-030,ds004444,Q234,Q2_broadband+Q3_high_freq_35_45+Q4_transient,3.0,2,0.9332235397452788,,,0.9342305719568831,,,-0.001007032211604142,0.001007032211604142
sub-030,ds004444,Q2345,Q2_broadband+Q3_high_freq_35_45+Q4_transient+Q5_channel_inconsistency,4.0,2,0.7056571513529586,,,0.6953209755367156,,,0.010336175816243076,0.015354907106776727
sub-030,ds004444,Q235,Q2_broadband+Q3_high_freq_35_45+Q5_channel_inconsistency,3.0,2,0.7056571513529586,,,0.6953209755367156,,,0.010336175816243076,0.015354907106776727
sub-030,ds004444,Q24,Q2_broadband+Q4_transient,2.0,2,0.9850324133101083,,,0.9850324133101083,,,0.0,0.0
sub-030,ds004444,Q245,Q2_broadband+Q4_transient+Q5_channel_inconsistency,3.0,2,0.7457651216638908,,,0.7366480717158002,,,0.00911704994809065,0.01324870484957702
sub-030,ds004444,Q25,Q2_broadband+Q5_channel_inconsistency,2.0,2,0.7457651216638908,,,0.7366480717158002,,,0.00911704994809065,0.01324870484957702
sub-030,ds004444,Q3,Q3_high_freq_35_45,1.0,2,0.9469096334185848,,,0.9469096334185848,,,0.0,1.1102230246251565e-16
sub-030,ds004444,Q34,Q3_high_freq_35_45+Q4_transient,2.0,2,0.9469096334185848,,,0.9469096334185848,,,0.0,1.1102230246251565e-16
sub-030,ds004444,Q345,Q3_high_freq_35_45+Q4_transient+Q5_channel_inconsistency,3.0,2,0.7053494391716997,,,0.7049456142721965,,,0.00040382489950324674,0.0027373248430087593
sub-030,ds004444,Q35,Q3_high_freq_35_45+Q5_channel_inconsistency,2.0,2,0.7053494391716997,,,0.7049456142721965,,,0.00040382489950324674,0.0027373248430087593
sub-030,ds004444,Q4,Q4_transient,1.0,2,1.0,,,1.0,,,0.0,0.0
sub-030,ds004444,Q45,Q4_transient+Q5_channel_inconsistency,2.0,2,0.7480927230046948,,,0.7480927230046948,,,5.551115123125783e-17,5.551115123125783e-17
sub-030,ds004444,Q5,Q5_channel_inconsistency,1.0,2,0.7480927230046948,,,0.7480927230046948,,,5.551115123125783e-17,5.551115123125783e-17
