fold_id,dataset,subject,train_session,test_session,class,retained_windows,available_windows,retention_proportion,monitor
ds004444_sub-001_ses-01_to_ses-16,ds004444,sub-001,ses-01,ses-16,rest,220,220,1.0,M0_NO_GATE
ds004444_sub-001_ses-01_to_ses-16,ds004444,sub-001,ses-01,ses-16,task,220,220,1.0,M0_NO_GATE
ds004444_sub-001_ses-01_to_ses-16,ds004444,sub-001,ses-01,ses-16,rest,165,220,0.75,M1_HIGH_BETA
ds004444_sub-001_ses-01_to_ses-16,ds004444,sub-001,ses-01,ses-16,task,170,220,0.7727272727272727,M1_HIGH_BETA
ds004444_sub-001_ses-01_to_ses-16,ds004444,sub-001,ses-01,ses-16,rest,127,220,0.5772727272727273,M2_BROADBAND_HIGH_FREQUENCY
ds004444_sub-001_ses-01_to_ses-16,ds004444,sub-001,ses-01,ses-16,task,121,220,0.55,M2_BROADBAND_HIGH_FREQUENCY
ds004444_sub-001_ses-01_to_ses-16,ds004444,sub-001,ses-01,ses-16,rest,76,220,0.3454545454545454,M4_NFSQI_FULL_QUALITY
ds004444_sub-001_ses-01_to_ses-16,ds004444,sub-001,ses-01,ses-16,task,92,220,0.4181818181818181,M4_NFSQI_FULL_QUALITY
ds004444_sub-001_ses-01_to_ses-16,ds004444,sub-001,ses-01,ses-16,rest,220,220,1.0,M3_AMPLITUDE_150
ds004444_sub-001_ses-01_to_ses-16,ds004444,sub-001,ses-01,ses-16,task,220,220,1.0,M3_AMPLITUDE_150
ds004444_sub-001_ses-16_to_ses-01,ds004444,sub-001,ses-16,ses-01,rest,200,200,1.0,M0_NO_GATE
ds004444_sub-001_ses-16_to_ses-01,ds004444,sub-001,ses-16,ses-01,task,200,200,1.0,M0_NO_GATE
ds004444_sub-001_ses-16_to_ses-01,ds004444,sub-001,ses-16,ses-01,rest,150,200,0.75,M1_HIGH_BETA
ds004444_sub-001_ses-16_to_ses-01,ds004444,sub-001,ses-16,ses-01,task,130,200,0.65,M1_HIGH_BETA
ds004444_sub-001_ses-16_to_ses-01,ds004444,sub-001,ses-16,ses-01,rest,113,200,0.565,M2_BROADBAND_HIGH_FREQUENCY
ds004444_sub-001_ses-16_to_ses-01,ds004444,sub-001,ses-16,ses-01,task,87,200,0.435,M2_BROADBAND_HIGH_FREQUENCY
ds004444_sub-001_ses-16_to_ses-01,ds004444,sub-001,ses-16,ses-01,rest,68,200,0.34,M4_NFSQI_FULL_QUALITY
ds004444_sub-001_ses-16_to_ses-01,ds004444,sub-001,ses-16,ses-01,task,40,200,0.2,M4_NFSQI_FULL_QUALITY
ds004444_sub-001_ses-16_to_ses-01,ds004444,sub-001,ses-16,ses-01,rest,200,200,1.0,M3_AMPLITUDE_150
ds004444_sub-001_ses-16_to_ses-01,ds004444,sub-001,ses-16,ses-01,task,199,200,0.995,M3_AMPLITUDE_150
ds004444_sub-002_ses-01_to_ses-16,ds004444,sub-002,ses-01,ses-16,rest,200,200,1.0,M0_NO_GATE
ds004444_sub-002_ses-01_to_ses-16,ds004444,sub-002,ses-01,ses-16,task,201,201,1.0,M0_NO_GATE
ds004444_sub-002_ses-01_to_ses-16,ds004444,sub-002,ses-01,ses-16,rest,150,200,0.75,M1_HIGH_BETA
ds004444_sub-002_ses-01_to_ses-16,ds004444,sub-002,ses-01,ses-16,task,187,201,0.9303482587064676,M1_HIGH_BETA
ds004444_sub-002_ses-01_to_ses-16,ds004444,sub-002,ses-01,ses-16,rest,119,200,0.595,M2_BROADBAND_HIGH_FREQUENCY
ds004444_sub-002_ses-01_to_ses-16,ds004444,sub-002,ses-01,ses-16,task,123,201,0.6119402985074627,M2_BROADBAND_HIGH_FREQUENCY
ds004444_sub-002_ses-01_to_ses-16,ds004444,sub-002,ses-01,ses-16,rest,76,200,0.38,M4_NFSQI_FULL_QUALITY
ds004444_sub-002_ses-01_to_ses-16,ds004444,sub-002,ses-01,ses-16,task,106,201,0.527363184079602,M4_NFSQI_FULL_QUALITY
ds004444_sub-002_ses-01_to_ses-16,ds004444,sub-002,ses-01,ses-16,rest,198,200,0.99,M3_AMPLITUDE_150
ds004444_sub-002_ses-01_to_ses-16,ds004444,sub-002,ses-01,ses-16,task,201,201,1.0,M3_AMPLITUDE_150
ds004444_sub-002_ses-16_to_ses-01,ds004444,sub-002,ses-16,ses-01,rest,200,200,1.0,M0_NO_GATE
ds004444_sub-002_ses-16_to_ses-01,ds004444,sub-002,ses-16,ses-01,task,200,200,1.0,M0_NO_GATE
ds004444_sub-002_ses-16_to_ses-01,ds004444,sub-002,ses-16,ses-01,rest,150,200,0.75,M1_HIGH_BETA
ds004444_sub-002_ses-16_to_ses-01,ds004444,sub-002,ses-16,ses-01,task,191,200,0.955,M1_HIGH_BETA
ds004444_sub-002_ses-16_to_ses-01,ds004444,sub-002,ses-16,ses-01,rest,116,200,0.58,M2_BROADBAND_HIGH_FREQUENCY
ds004444_sub-002_ses-16_to_ses-01,ds004444,sub-002,ses-16,ses-01,task,121,200,0.605,M2_BROADBAND_HIGH_FREQUENCY
ds004444_sub-002_ses-16_to_ses-01,ds004444,sub-002,ses-16,ses-01,rest,78,200,0.39,M4_NFSQI_FULL_QUALITY
ds004444_sub-002_ses-16_to_ses-01,ds004444,sub-002,ses-16,ses-01,task,100,200,0.5,M4_NFSQI_FULL_QUALITY
ds004444_sub-002_ses-16_to_ses-01,ds004444,sub-002,ses-16,ses-01,rest,199,200,0.995,M3_AMPLITUDE_150
ds004444_sub-002_ses-16_to_ses-01,ds004444,sub-002,ses-16,ses-01,task,199,200,0.995,M3_AMPLITUDE_150
ds004444_sub-003_ses-01_to_ses-16,ds004444,sub-003,ses-01,ses-16,rest,200,200,1.0,M0_NO_GATE
ds004444_sub-003_ses-01_to_ses-16,ds004444,sub-003,ses-01,ses-16,task,200,200,1.0,M0_NO_GATE
ds004444_sub-003_ses-01_to_ses-16,ds004444,sub-003,ses-01,ses-16,rest,150,200,0.75,M1_HIGH_BETA
ds004444_sub-003_ses-01_to_ses-16,ds004444,sub-003,ses-01,ses-16,task,142,200,0.71,M1_HIGH_BETA
ds004444_sub-003_ses-01_to_ses-16,ds004444,sub-003,ses-01,ses-16,rest,112,200,0.56,M2_BROADBAND_HIGH_FREQUENCY
ds004444_sub-003_ses-01_to_ses-16,ds004444,sub-003,ses-01,ses-16,task,103,200,0.515,M2_BROADBAND_HIGH_FREQUENCY
ds004444_sub-003_ses-01_to_ses-16,ds004444,sub-003,ses-01,ses-16,rest,70,200,0.35,M4_NFSQI_FULL_QUALITY
ds004444_sub-003_ses-01_to_ses-16,ds004444,sub-003,ses-01,ses-16,task,68,200,0.34,M4_NFSQI_FULL_QUALITY
ds004444_sub-003_ses-01_to_ses-16,ds004444,sub-003,ses-01,ses-16,rest,200,200,1.0,M3_AMPLITUDE_150
ds004444_sub-003_ses-01_to_ses-16,ds004444,sub-003,ses-01,ses-16,task,200,200,1.0,M3_AMPLITUDE_150
ds004444_sub-003_ses-16_to_ses-01,ds004444,sub-003,ses-16,ses-01,rest,216,216,1.0,M0_NO_GATE
ds004444_sub-003_ses-16_to_ses-01,ds004444,sub-003,ses-16,ses-01,task,209,209,1.0,M0_NO_GATE
ds004444_sub-003_ses-16_to_ses-01,ds004444,sub-003,ses-16,ses-01,rest,162,216,0.75,M1_HIGH_BETA
ds004444_sub-003_ses-16_to_ses-01,ds004444,sub-003,ses-16,ses-01,task,173,209,0.8277511961722488,M1_HIGH_BETA
ds004444_sub-003_ses-16_to_ses-01,ds004444,sub-003,ses-16,ses-01,rest,122,216,0.5648148148148148,M2_BROADBAND_HIGH_FREQUENCY
ds004444_sub-003_ses-16_to_ses-01,ds004444,sub-003,ses-16,ses-01,task,102,209,0.4880382775119617,M2_BROADBAND_HIGH_FREQUENCY
ds004444_sub-003_ses-16_to_ses-01,ds004444,sub-003,ses-16,ses-01,rest,84,216,0.3888888888888889,M4_NFSQI_FULL_QUALITY
ds004444_sub-003_ses-16_to_ses-01,ds004444,sub-003,ses-16,ses-01,task,62,209,0.2966507177033493,M4_NFSQI_FULL_QUALITY
ds004444_sub-003_ses-16_to_ses-01,ds004444,sub-003,ses-16,ses-01,rest,216,216,1.0,M3_AMPLITUDE_150
ds004444_sub-003_ses-16_to_ses-01,ds004444,sub-003,ses-16,ses-01,task,209,209,1.0,M3_AMPLITUDE_150
ds004444_sub-004_ses-01_to_ses-16,ds004444,sub-004,ses-01,ses-16,rest,200,200,1.0,M0_NO_GATE
ds004444_sub-004_ses-01_to_ses-16,ds004444,sub-004,ses-01,ses-16,task,200,200,1.0,M0_NO_GATE
ds004444_sub-004_ses-01_to_ses-16,ds004444,sub-004,ses-01,ses-16,rest,150,200,0.75,M1_HIGH_BETA
ds004444_sub-004_ses-01_to_ses-16,ds004444,sub-004,ses-01,ses-16,task,155,200,0.775,M1_HIGH_BETA
ds004444_sub-004_ses-01_to_ses-16,ds004444,sub-004,ses-01,ses-16,rest,120,200,0.6,M2_BROADBAND_HIGH_FREQUENCY
ds004444_sub-004_ses-01_to_ses-16,ds004444,sub-004,ses-01,ses-16,task,142,200,0.71,M2_BROADBAND_HIGH_FREQUENCY
ds004444_sub-004_ses-01_to_ses-16,ds004444,sub-004,ses-01,ses-16,rest,85,200,0.425,M4_NFSQI_FULL_QUALITY
ds004444_sub-004_ses-01_to_ses-16,ds004444,sub-004,ses-01,ses-16,task,102,200,0.51,M4_NFSQI_FULL_QUALITY
ds004444_sub-004_ses-01_to_ses-16,ds004444,sub-004,ses-01,ses-16,rest,190,200,0.95,M3_AMPLITUDE_150
ds004444_sub-004_ses-01_to_ses-16,ds004444,sub-004,ses-01,ses-16,task,200,200,1.0,M3_AMPLITUDE_150
ds004444_sub-004_ses-16_to_ses-01,ds004444,sub-004,ses-16,ses-01,rest,200,200,1.0,M0_NO_GATE
ds004444_sub-004_ses-16_to_ses-01,ds004444,sub-004,ses-16,ses-01,task,200,200,1.0,M0_NO_GATE
ds004444_sub-004_ses-16_to_ses-01,ds004444,sub-004,ses-16,ses-01,rest,150,200,0.75,M1_HIGH_BETA
ds004444_sub-004_ses-16_to_ses-01,ds004444,sub-004,ses-16,ses-01,task,113,200,0.565,M1_HIGH_BETA
ds004444_sub-004_ses-16_to_ses-01,ds004444,sub-004,ses-16,ses-01,rest,115,200,0.575,M2_BROADBAND_HIGH_FREQUENCY
ds004444_sub-004_ses-16_to_ses-01,ds004444,sub-004,ses-16,ses-01,task,143,200,0.715,M2_BROADBAND_HIGH_FREQUENCY
ds004444_sub-004_ses-16_to_ses-01,ds004444,sub-004,ses-16,ses-01,rest,81,200,0.405,M4_NFSQI_FULL_QUALITY
ds004444_sub-004_ses-16_to_ses-01,ds004444,sub-004,ses-16,ses-01,task,72,200,0.36,M4_NFSQI_FULL_QUALITY
ds004444_sub-004_ses-16_to_ses-01,ds004444,sub-004,ses-16,ses-01,rest,200,200,1.0,M3_AMPLITUDE_150
ds004444_sub-004_ses-16_to_ses-01,ds004444,sub-004,ses-16,ses-01,task,200,200,1.0,M3_AMPLITUDE_150
ds004444_sub-005_ses-01_to_ses-16,ds004444,sub-005,ses-01,ses-16,rest,200,200,1.0,M0_NO_GATE
ds004444_sub-005_ses-01_to_ses-16,ds004444,sub-005,ses-01,ses-16,task,200,200,1.0,M0_NO_GATE
ds004444_sub-005_ses-01_to_ses-16,ds004444,sub-005,ses-01,ses-16,rest,150,200,0.75,M1_HIGH_BETA
ds004444_sub-005_ses-01_to_ses-16,ds004444,sub-005,ses-01,ses-16,task,164,200,0.82,M1_HIGH_BETA
ds004444_sub-005_ses-01_to_ses-16,ds004444,sub-005,ses-01,ses-16,rest,127,200,0.635,M2_BROADBAND_HIGH_FREQUENCY
ds004444_sub-005_ses-01_to_ses-16,ds004444,sub-005,ses-01,ses-16,task,163,200,0.815,M2_BROADBAND_HIGH_FREQUENCY
ds004444_sub-005_ses-01_to_ses-16,ds004444,sub-005,ses-01,ses-16,rest,91,200,0.455,M4_NFSQI_FULL_QUALITY
ds004444_sub-005_ses-01_to_ses-16,ds004444,sub-005,ses-01,ses-16,task,121,200,0.605,M4_NFSQI_FULL_QUALITY
ds004444_sub-005_ses-01_to_ses-16,ds004444,sub-005,ses-01,ses-16,rest,0,200,0.0,M3_AMPLITUDE_150
ds004444_sub-005_ses-01_to_ses-16,ds004444,sub-005,ses-01,ses-16,task,0,200,0.0,M3_AMPLITUDE_150
ds004444_sub-005_ses-16_to_ses-01,ds004444,sub-005,ses-16,ses-01,rest,216,216,1.0,M0_NO_GATE
ds004444_sub-005_ses-16_to_ses-01,ds004444,sub-005,ses-16,ses-01,task,220,220,1.0,M0_NO_GATE
ds004444_sub-005_ses-16_to_ses-01,ds004444,sub-005,ses-16,ses-01,rest,162,216,0.75,M1_HIGH_BETA
ds004444_sub-005_ses-16_to_ses-01,ds004444,sub-005,ses-16,ses-01,task,121,220,0.55,M1_HIGH_BETA
ds004444_sub-005_ses-16_to_ses-01,ds004444,sub-005,ses-16,ses-01,rest,133,216,0.6157407407407407,M2_BROADBAND_HIGH_FREQUENCY
ds004444_sub-005_ses-16_to_ses-01,ds004444,sub-005,ses-16,ses-01,task,134,220,0.6090909090909091,M2_BROADBAND_HIGH_FREQUENCY
ds004444_sub-005_ses-16_to_ses-01,ds004444,sub-005,ses-16,ses-01,rest,96,216,0.4444444444444444,M4_NFSQI_FULL_QUALITY
ds004444_sub-005_ses-16_to_ses-01,ds004444,sub-005,ses-16,ses-01,task,80,220,0.3636363636363636,M4_NFSQI_FULL_QUALITY
ds004444_sub-005_ses-16_to_ses-01,ds004444,sub-005,ses-16,ses-01,rest,0,216,0.0,M3_AMPLITUDE_150
ds004444_sub-005_ses-16_to_ses-01,ds004444,sub-005,ses-16,ses-01,task,0,220,0.0,M3_AMPLITUDE_150
ds004444_sub-006_ses-01_to_ses-16,ds004444,sub-006,ses-01,ses-16,rest,201,201,1.0,M0_NO_GATE
ds004444_sub-006_ses-01_to_ses-16,ds004444,sub-006,ses-01,ses-16,task,200,200,1.0,M0_NO_GATE
ds004444_sub-006_ses-01_to_ses-16,ds004444,sub-006,ses-01,ses-16,rest,150,201,0.746268656716418,M1_HIGH_BETA
ds004444_sub-006_ses-01_to_ses-16,ds004444,sub-006,ses-01,ses-16,task,139,200,0.695,M1_HIGH_BETA
ds004444_sub-006_ses-01_to_ses-16,ds004444,sub-006,ses-01,ses-16,rest,111,201,0.5522388059701493,M2_BROADBAND_HIGH_FREQUENCY
ds004444_sub-006_ses-01_to_ses-16,ds004444,sub-006,ses-01,ses-16,task,81,200,0.405,M2_BROADBAND_HIGH_FREQUENCY
ds004444_sub-006_ses-01_to_ses-16,ds004444,sub-006,ses-01,ses-16,rest,74,201,0.3681592039800995,M4_NFSQI_FULL_QUALITY
ds004444_sub-006_ses-01_to_ses-16,ds004444,sub-006,ses-01,ses-16,task,47,200,0.235,M4_NFSQI_FULL_QUALITY
ds004444_sub-006_ses-01_to_ses-16,ds004444,sub-006,ses-01,ses-16,rest,200,201,0.9950248756218906,M3_AMPLITUDE_150
ds004444_sub-006_ses-01_to_ses-16,ds004444,sub-006,ses-01,ses-16,task,200,200,1.0,M3_AMPLITUDE_150
ds004444_sub-006_ses-16_to_ses-01,ds004444,sub-006,ses-16,ses-01,rest,211,211,1.0,M0_NO_GATE
ds004444_sub-006_ses-16_to_ses-01,ds004444,sub-006,ses-16,ses-01,task,202,202,1.0,M0_NO_GATE
ds004444_sub-006_ses-16_to_ses-01,ds004444,sub-006,ses-16,ses-01,rest,158,211,0.7488151658767772,M1_HIGH_BETA
ds004444_sub-006_ses-16_to_ses-01,ds004444,sub-006,ses-16,ses-01,task,156,202,0.7722772277227723,M1_HIGH_BETA
ds004444_sub-006_ses-16_to_ses-01,ds004444,sub-006,ses-16,ses-01,rest,126,211,0.5971563981042654,M2_BROADBAND_HIGH_FREQUENCY
ds004444_sub-006_ses-16_to_ses-01,ds004444,sub-006,ses-16,ses-01,task,112,202,0.5544554455445545,M2_BROADBAND_HIGH_FREQUENCY
ds004444_sub-006_ses-16_to_ses-01,ds004444,sub-006,ses-16,ses-01,rest,90,211,0.4265402843601896,M4_NFSQI_FULL_QUALITY
ds004444_sub-006_ses-16_to_ses-01,ds004444,sub-006,ses-16,ses-01,task,70,202,0.3465346534653465,M4_NFSQI_FULL_QUALITY
ds004444_sub-006_ses-16_to_ses-01,ds004444,sub-006,ses-16,ses-01,rest,209,211,0.990521327014218,M3_AMPLITUDE_150
ds004444_sub-006_ses-16_to_ses-01,ds004444,sub-006,ses-16,ses-01,task,202,202,1.0,M3_AMPLITUDE_150
ds004444_sub-007_ses-01_to_ses-16,ds004444,sub-007,ses-01,ses-16,rest,204,204,1.0,M0_NO_GATE
ds004444_sub-007_ses-01_to_ses-16,ds004444,sub-007,ses-01,ses-16,task,200,200,1.0,M0_NO_GATE
ds004444_sub-007_ses-01_to_ses-16,ds004444,sub-007,ses-01,ses-16,rest,153,204,0.75,M1_HIGH_BETA
ds004444_sub-007_ses-01_to_ses-16,ds004444,sub-007,ses-01,ses-16,task,155,200,0.775,M1_HIGH_BETA
ds004444_sub-007_ses-01_to_ses-16,ds004444,sub-007,ses-01,ses-16,rest,118,204,0.5784313725490197,M2_BROADBAND_HIGH_FREQUENCY
ds004444_sub-007_ses-01_to_ses-16,ds004444,sub-007,ses-01,ses-16,task,119,200,0.595,M2_BROADBAND_HIGH_FREQUENCY
ds004444_sub-007_ses-01_to_ses-16,ds004444,sub-007,ses-01,ses-16,rest,73,204,0.3578431372549019,M4_NFSQI_FULL_QUALITY
ds004444_sub-007_ses-01_to_ses-16,ds004444,sub-007,ses-01,ses-16,task,80,200,0.4,M4_NFSQI_FULL_QUALITY
ds004444_sub-007_ses-01_to_ses-16,ds004444,sub-007,ses-01,ses-16,rest,204,204,1.0,M3_AMPLITUDE_150
ds004444_sub-007_ses-01_to_ses-16,ds004444,sub-007,ses-01,ses-16,task,200,200,1.0,M3_AMPLITUDE_150
ds004444_sub-007_ses-16_to_ses-01,ds004444,sub-007,ses-16,ses-01,rest,200,200,1.0,M0_NO_GATE
ds004444_sub-007_ses-16_to_ses-01,ds004444,sub-007,ses-16,ses-01,task,200,200,1.0,M0_NO_GATE
ds004444_sub-007_ses-16_to_ses-01,ds004444,sub-007,ses-16,ses-01,rest,150,200,0.75,M1_HIGH_BETA
ds004444_sub-007_ses-16_to_ses-01,ds004444,sub-007,ses-16,ses-01,task,170,200,0.85,M1_HIGH_BETA
ds004444_sub-007_ses-16_to_ses-01,ds004444,sub-007,ses-16,ses-01,rest,111,200,0.555,M2_BROADBAND_HIGH_FREQUENCY
ds004444_sub-007_ses-16_to_ses-01,ds004444,sub-007,ses-16,ses-01,task,121,200,0.605,M2_BROADBAND_HIGH_FREQUENCY
ds004444_sub-007_ses-16_to_ses-01,ds004444,sub-007,ses-16,ses-01,rest,68,200,0.34,M4_NFSQI_FULL_QUALITY
ds004444_sub-007_ses-16_to_ses-01,ds004444,sub-007,ses-16,ses-01,task,91,200,0.455,M4_NFSQI_FULL_QUALITY
ds004444_sub-007_ses-16_to_ses-01,ds004444,sub-007,ses-16,ses-01,rest,200,200,1.0,M3_AMPLITUDE_150
ds004444_sub-007_ses-16_to_ses-01,ds004444,sub-007,ses-16,ses-01,task,200,200,1.0,M3_AMPLITUDE_150
ds004444_sub-008_ses-01_to_ses-16,ds004444,sub-008,ses-01,ses-16,rest,200,200,1.0,M0_NO_GATE
ds004444_sub-008_ses-01_to_ses-16,ds004444,sub-008,ses-01,ses-16,task,200,200,1.0,M0_NO_GATE
ds004444_sub-008_ses-01_to_ses-16,ds004444,sub-008,ses-01,ses-16,rest,150,200,0.75,M1_HIGH_BETA
ds004444_sub-008_ses-01_to_ses-16,ds004444,sub-008,ses-01,ses-16,task,161,200,0.805,M1_HIGH_BETA
ds004444_sub-008_ses-01_to_ses-16,ds004444,sub-008,ses-01,ses-16,rest,115,200,0.575,M2_BROADBAND_HIGH_FREQUENCY
ds004444_sub-008_ses-01_to_ses-16,ds004444,sub-008,ses-01,ses-16,task,139,200,0.695,M2_BROADBAND_HIGH_FREQUENCY
ds004444_sub-008_ses-01_to_ses-16,ds004444,sub-008,ses-01,ses-16,rest,82,200,0.41,M4_NFSQI_FULL_QUALITY
ds004444_sub-008_ses-01_to_ses-16,ds004444,sub-008,ses-01,ses-16,task,101,200,0.505,M4_NFSQI_FULL_QUALITY
ds004444_sub-008_ses-01_to_ses-16,ds004444,sub-008,ses-01,ses-16,rest,200,200,1.0,M3_AMPLITUDE_150
ds004444_sub-008_ses-01_to_ses-16,ds004444,sub-008,ses-01,ses-16,task,200,200,1.0,M3_AMPLITUDE_150
ds004444_sub-008_ses-16_to_ses-01,ds004444,sub-008,ses-16,ses-01,rest,200,200,1.0,M0_NO_GATE
ds004444_sub-008_ses-16_to_ses-01,ds004444,sub-008,ses-16,ses-01,task,200,200,1.0,M0_NO_GATE
ds004444_sub-008_ses-16_to_ses-01,ds004444,sub-008,ses-16,ses-01,rest,150,200,0.75,M1_HIGH_BETA
ds004444_sub-008_ses-16_to_ses-01,ds004444,sub-008,ses-16,ses-01,task,158,200,0.79,M1_HIGH_BETA
ds004444_sub-008_ses-16_to_ses-01,ds004444,sub-008,ses-16,ses-01,rest,114,200,0.57,M2_BROADBAND_HIGH_FREQUENCY
ds004444_sub-008_ses-16_to_ses-01,ds004444,sub-008,ses-16,ses-01,task,103,200,0.515,M2_BROADBAND_HIGH_FREQUENCY
ds004444_sub-008_ses-16_to_ses-01,ds004444,sub-008,ses-16,ses-01,rest,82,200,0.41,M4_NFSQI_FULL_QUALITY
ds004444_sub-008_ses-16_to_ses-01,ds004444,sub-008,ses-16,ses-01,task,82,200,0.41,M4_NFSQI_FULL_QUALITY
ds004444_sub-008_ses-16_to_ses-01,ds004444,sub-008,ses-16,ses-01,rest,196,200,0.98,M3_AMPLITUDE_150
ds004444_sub-008_ses-16_to_ses-01,ds004444,sub-008,ses-16,ses-01,task,200,200,1.0,M3_AMPLITUDE_150
ds004444_sub-009_ses-01_to_ses-16,ds004444,sub-009,ses-01,ses-16,rest,200,200,1.0,M0_NO_GATE
ds004444_sub-009_ses-01_to_ses-16,ds004444,sub-009,ses-01,ses-16,task,200,200,1.0,M0_NO_GATE
ds004444_sub-009_ses-01_to_ses-16,ds004444,sub-009,ses-01,ses-16,rest,150,200,0.75,M1_HIGH_BETA
ds004444_sub-009_ses-01_to_ses-16,ds004444,sub-009,ses-01,ses-16,task,165,200,0.825,M1_HIGH_BETA
ds004444_sub-009_ses-01_to_ses-16,ds004444,sub-009,ses-01,ses-16,rest,118,200,0.59,M2_BROADBAND_HIGH_FREQUENCY
ds004444_sub-009_ses-01_to_ses-16,ds004444,sub-009,ses-01,ses-16,task,108,200,0.54,M2_BROADBAND_HIGH_FREQUENCY
ds004444_sub-009_ses-01_to_ses-16,ds004444,sub-009,ses-01,ses-16,rest,70,200,0.35,M4_NFSQI_FULL_QUALITY
ds004444_sub-009_ses-01_to_ses-16,ds004444,sub-009,ses-01,ses-16,task,87,200,0.435,M4_NFSQI_FULL_QUALITY
ds004444_sub-009_ses-01_to_ses-16,ds004444,sub-009,ses-01,ses-16,rest,197,200,0.985,M3_AMPLITUDE_150
ds004444_sub-009_ses-01_to_ses-16,ds004444,sub-009,ses-01,ses-16,task,196,200,0.98,M3_AMPLITUDE_150
ds004444_sub-009_ses-16_to_ses-01,ds004444,sub-009,ses-16,ses-01,rest,201,201,1.0,M0_NO_GATE
ds004444_sub-009_ses-16_to_ses-01,ds004444,sub-009,ses-16,ses-01,task,215,215,1.0,M0_NO_GATE
ds004444_sub-009_ses-16_to_ses-01,ds004444,sub-009,ses-16,ses-01,rest,150,201,0.746268656716418,M1_HIGH_BETA
ds004444_sub-009_ses-16_to_ses-01,ds004444,sub-009,ses-16,ses-01,task,203,215,0.944186046511628,M1_HIGH_BETA
ds004444_sub-009_ses-16_to_ses-01,ds004444,sub-009,ses-16,ses-01,rest,114,201,0.5671641791044776,M2_BROADBAND_HIGH_FREQUENCY
ds004444_sub-009_ses-16_to_ses-01,ds004444,sub-009,ses-16,ses-01,task,167,215,0.7767441860465116,M2_BROADBAND_HIGH_FREQUENCY
ds004444_sub-009_ses-16_to_ses-01,ds004444,sub-009,ses-16,ses-01,rest,80,201,0.3980099502487562,M4_NFSQI_FULL_QUALITY
ds004444_sub-009_ses-16_to_ses-01,ds004444,sub-009,ses-16,ses-01,task,139,215,0.6465116279069767,M4_NFSQI_FULL_QUALITY
ds004444_sub-009_ses-16_to_ses-01,ds004444,sub-009,ses-16,ses-01,rest,199,201,0.9900497512437813,M3_AMPLITUDE_150
ds004444_sub-009_ses-16_to_ses-01,ds004444,sub-009,ses-16,ses-01,task,215,215,1.0,M3_AMPLITUDE_150
ds004444_sub-010_ses-01_to_ses-16,ds004444,sub-010,ses-01,ses-16,rest,200,200,1.0,M0_NO_GATE
ds004444_sub-010_ses-01_to_ses-16,ds004444,sub-010,ses-01,ses-16,task,214,214,1.0,M0_NO_GATE
ds004444_sub-010_ses-01_to_ses-16,ds004444,sub-010,ses-01,ses-16,rest,150,200,0.75,M1_HIGH_BETA
ds004444_sub-010_ses-01_to_ses-16,ds004444,sub-010,ses-01,ses-16,task,157,214,0.7336448598130841,M1_HIGH_BETA
ds004444_sub-010_ses-01_to_ses-16,ds004444,sub-010,ses-01,ses-16,rest,123,200,0.615,M2_BROADBAND_HIGH_FREQUENCY
ds004444_sub-010_ses-01_to_ses-16,ds004444,sub-010,ses-01,ses-16,task,126,214,0.5887850467289719,M2_BROADBAND_HIGH_FREQUENCY
ds004444_sub-010_ses-01_to_ses-16,ds004444,sub-010,ses-01,ses-16,rest,88,200,0.44,M4_NFSQI_FULL_QUALITY
ds004444_sub-010_ses-01_to_ses-16,ds004444,sub-010,ses-01,ses-16,task,88,214,0.411214953271028,M4_NFSQI_FULL_QUALITY
ds004444_sub-010_ses-01_to_ses-16,ds004444,sub-010,ses-01,ses-16,rest,0,200,0.0,M3_AMPLITUDE_150
ds004444_sub-010_ses-01_to_ses-16,ds004444,sub-010,ses-01,ses-16,task,0,214,0.0,M3_AMPLITUDE_150
ds004444_sub-010_ses-16_to_ses-01,ds004444,sub-010,ses-16,ses-01,rest,200,200,1.0,M0_NO_GATE
ds004444_sub-010_ses-16_to_ses-01,ds004444,sub-010,ses-16,ses-01,task,200,200,1.0,M0_NO_GATE
ds004444_sub-010_ses-16_to_ses-01,ds004444,sub-010,ses-16,ses-01,rest,150,200,0.75,M1_HIGH_BETA
ds004444_sub-010_ses-16_to_ses-01,ds004444,sub-010,ses-16,ses-01,task,133,200,0.665,M1_HIGH_BETA
ds004444_sub-010_ses-16_to_ses-01,ds004444,sub-010,ses-16,ses-01,rest,135,200,0.675,M2_BROADBAND_HIGH_FREQUENCY
ds004444_sub-010_ses-16_to_ses-01,ds004444,sub-010,ses-16,ses-01,task,130,200,0.65,M2_BROADBAND_HIGH_FREQUENCY
ds004444_sub-010_ses-16_to_ses-01,ds004444,sub-010,ses-16,ses-01,rest,99,200,0.495,M4_NFSQI_FULL_QUALITY
ds004444_sub-010_ses-16_to_ses-01,ds004444,sub-010,ses-16,ses-01,task,66,200,0.33,M4_NFSQI_FULL_QUALITY
ds004444_sub-010_ses-16_to_ses-01,ds004444,sub-010,ses-16,ses-01,rest,0,200,0.0,M3_AMPLITUDE_150
ds004444_sub-010_ses-16_to_ses-01,ds004444,sub-010,ses-16,ses-01,task,0,200,0.0,M3_AMPLITUDE_150
ds004444_sub-011_ses-01_to_ses-16,ds004444,sub-011,ses-01,ses-16,rest,200,200,1.0,M0_NO_GATE
ds004444_sub-011_ses-01_to_ses-16,ds004444,sub-011,ses-01,ses-16,task,203,203,1.0,M0_NO_GATE
ds004444_sub-011_ses-01_to_ses-16,ds004444,sub-011,ses-01,ses-16,rest,150,200,0.75,M1_HIGH_BETA
ds004444_sub-011_ses-01_to_ses-16,ds004444,sub-011,ses-01,ses-16,task,175,203,0.8620689655172413,M1_HIGH_BETA
ds004444_sub-011_ses-01_to_ses-16,ds004444,sub-011,ses-01,ses-16,rest,114,200,0.57,M2_BROADBAND_HIGH_FREQUENCY
ds004444_sub-011_ses-01_to_ses-16,ds004444,sub-011,ses-01,ses-16,task,154,203,0.7586206896551724,M2_BROADBAND_HIGH_FREQUENCY
ds004444_sub-011_ses-01_to_ses-16,ds004444,sub-011,ses-01,ses-16,rest,77,200,0.385,M4_NFSQI_FULL_QUALITY
ds004444_sub-011_ses-01_to_ses-16,ds004444,sub-011,ses-01,ses-16,task,126,203,0.6206896551724138,M4_NFSQI_FULL_QUALITY
ds004444_sub-011_ses-01_to_ses-16,ds004444,sub-011,ses-01,ses-16,rest,195,200,0.975,M3_AMPLITUDE_150
ds004444_sub-011_ses-01_to_ses-16,ds004444,sub-011,ses-01,ses-16,task,203,203,1.0,M3_AMPLITUDE_150
ds004444_sub-011_ses-16_to_ses-01,ds004444,sub-011,ses-16,ses-01,rest,200,200,1.0,M0_NO_GATE
ds004444_sub-011_ses-16_to_ses-01,ds004444,sub-011,ses-16,ses-01,task,202,202,1.0,M0_NO_GATE
ds004444_sub-011_ses-16_to_ses-01,ds004444,sub-011,ses-16,ses-01,rest,150,200,0.75,M1_HIGH_BETA
ds004444_sub-011_ses-16_to_ses-01,ds004444,sub-011,ses-16,ses-01,task,186,202,0.9207920792079208,M1_HIGH_BETA
ds004444_sub-011_ses-16_to_ses-01,ds004444,sub-011,ses-16,ses-01,rest,122,200,0.61,M2_BROADBAND_HIGH_FREQUENCY
ds004444_sub-011_ses-16_to_ses-01,ds004444,sub-011,ses-16,ses-01,task,165,202,0.8168316831683168,M2_BROADBAND_HIGH_FREQUENCY
ds004444_sub-011_ses-16_to_ses-01,ds004444,sub-011,ses-16,ses-01,rest,85,200,0.425,M4_NFSQI_FULL_QUALITY
ds004444_sub-011_ses-16_to_ses-01,ds004444,sub-011,ses-16,ses-01,task,141,202,0.698019801980198,M4_NFSQI_FULL_QUALITY
ds004444_sub-011_ses-16_to_ses-01,ds004444,sub-011,ses-16,ses-01,rest,195,200,0.975,M3_AMPLITUDE_150
ds004444_sub-011_ses-16_to_ses-01,ds004444,sub-011,ses-16,ses-01,task,202,202,1.0,M3_AMPLITUDE_150
ds004444_sub-012_ses-01_to_ses-16,ds004444,sub-012,ses-01,ses-16,rest,200,200,1.0,M0_NO_GATE
ds004444_sub-012_ses-01_to_ses-16,ds004444,sub-012,ses-01,ses-16,task,200,200,1.0,M0_NO_GATE
ds004444_sub-012_ses-01_to_ses-16,ds004444,sub-012,ses-01,ses-16,rest,150,200,0.75,M1_HIGH_BETA
ds004444_sub-012_ses-01_to_ses-16,ds004444,sub-012,ses-01,ses-16,task,155,200,0.775,M1_HIGH_BETA
ds004444_sub-012_ses-01_to_ses-16,ds004444,sub-012,ses-01,ses-16,rest,110,200,0.55,M2_BROADBAND_HIGH_FREQUENCY
ds004444_sub-012_ses-01_to_ses-16,ds004444,sub-012,ses-01,ses-16,task,112,200,0.56,M2_BROADBAND_HIGH_FREQUENCY
ds004444_sub-012_ses-01_to_ses-16,ds004444,sub-012,ses-01,ses-16,rest,90,200,0.45,M4_NFSQI_FULL_QUALITY
ds004444_sub-012_ses-01_to_ses-16,ds004444,sub-012,ses-01,ses-16,task,84,200,0.42,M4_NFSQI_FULL_QUALITY
ds004444_sub-012_ses-01_to_ses-16,ds004444,sub-012,ses-01,ses-16,rest,200,200,1.0,M3_AMPLITUDE_150
ds004444_sub-012_ses-01_to_ses-16,ds004444,sub-012,ses-01,ses-16,task,200,200,1.0,M3_AMPLITUDE_150
ds004444_sub-012_ses-16_to_ses-01,ds004444,sub-012,ses-16,ses-01,rest,200,200,1.0,M0_NO_GATE
ds004444_sub-012_ses-16_to_ses-01,ds004444,sub-012,ses-16,ses-01,task,200,200,1.0,M0_NO_GATE
ds004444_sub-012_ses-16_to_ses-01,ds004444,sub-012,ses-16,ses-01,rest,150,200,0.75,M1_HIGH_BETA
ds004444_sub-012_ses-16_to_ses-01,ds004444,sub-012,ses-16,ses-01,task,154,200,0.77,M1_HIGH_BETA
ds004444_sub-012_ses-16_to_ses-01,ds004444,sub-012,ses-16,ses-01,rest,117,200,0.585,M2_BROADBAND_HIGH_FREQUENCY
ds004444_sub-012_ses-16_to_ses-01,ds004444,sub-012,ses-16,ses-01,task,101,200,0.505,M2_BROADBAND_HIGH_FREQUENCY
ds004444_sub-012_ses-16_to_ses-01,ds004444,sub-012,ses-16,ses-01,rest,90,200,0.45,M4_NFSQI_FULL_QUALITY
ds004444_sub-012_ses-16_to_ses-01,ds004444,sub-012,ses-16,ses-01,task,73,200,0.365,M4_NFSQI_FULL_QUALITY
ds004444_sub-012_ses-16_to_ses-01,ds004444,sub-012,ses-16,ses-01,rest,199,200,0.995,M3_AMPLITUDE_150
ds004444_sub-012_ses-16_to_ses-01,ds004444,sub-012,ses-16,ses-01,task,200,200,1.0,M3_AMPLITUDE_150
ds004444_sub-013_ses-01_to_ses-16,ds004444,sub-013,ses-01,ses-16,rest,200,200,1.0,M0_NO_GATE
ds004444_sub-013_ses-01_to_ses-16,ds004444,sub-013,ses-01,ses-16,task,200,200,1.0,M0_NO_GATE
ds004444_sub-013_ses-01_to_ses-16,ds004444,sub-013,ses-01,ses-16,rest,150,200,0.75,M1_HIGH_BETA
ds004444_sub-013_ses-01_to_ses-16,ds004444,sub-013,ses-01,ses-16,task,164,200,0.82,M1_HIGH_BETA
ds004444_sub-013_ses-01_to_ses-16,ds004444,sub-013,ses-01,ses-16,rest,128,200,0.64,M2_BROADBAND_HIGH_FREQUENCY
ds004444_sub-013_ses-01_to_ses-16,ds004444,sub-013,ses-01,ses-16,task,165,200,0.825,M2_BROADBAND_HIGH_FREQUENCY
ds004444_sub-013_ses-01_to_ses-16,ds004444,sub-013,ses-01,ses-16,rest,94,200,0.47,M4_NFSQI_FULL_QUALITY
ds004444_sub-013_ses-01_to_ses-16,ds004444,sub-013,ses-01,ses-16,task,140,200,0.7,M4_NFSQI_FULL_QUALITY
ds004444_sub-013_ses-01_to_ses-16,ds004444,sub-013,ses-01,ses-16,rest,198,200,0.99,M3_AMPLITUDE_150
ds004444_sub-013_ses-01_to_ses-16,ds004444,sub-013,ses-01,ses-16,task,197,200,0.985,M3_AMPLITUDE_150
ds004444_sub-013_ses-16_to_ses-01,ds004444,sub-013,ses-16,ses-01,rest,200,200,1.0,M0_NO_GATE
ds004444_sub-013_ses-16_to_ses-01,ds004444,sub-013,ses-16,ses-01,task,200,200,1.0,M0_NO_GATE
ds004444_sub-013_ses-16_to_ses-01,ds004444,sub-013,ses-16,ses-01,rest,150,200,0.75,M1_HIGH_BETA
ds004444_sub-013_ses-16_to_ses-01,ds004444,sub-013,ses-16,ses-01,task,162,200,0.81,M1_HIGH_BETA
ds004444_sub-013_ses-16_to_ses-01,ds004444,sub-013,ses-16,ses-01,rest,128,200,0.64,M2_BROADBAND_HIGH_FREQUENCY
ds004444_sub-013_ses-16_to_ses-01,ds004444,sub-013,ses-16,ses-01,task,169,200,0.845,M2_BROADBAND_HIGH_FREQUENCY
ds004444_sub-013_ses-16_to_ses-01,ds004444,sub-013,ses-16,ses-01,rest,86,200,0.43,M4_NFSQI_FULL_QUALITY
ds004444_sub-013_ses-16_to_ses-01,ds004444,sub-013,ses-16,ses-01,task,133,200,0.665,M4_NFSQI_FULL_QUALITY
ds004444_sub-013_ses-16_to_ses-01,ds004444,sub-013,ses-16,ses-01,rest,198,200,0.99,M3_AMPLITUDE_150
ds004444_sub-013_ses-16_to_ses-01,ds004444,sub-013,ses-16,ses-01,task,200,200,1.0,M3_AMPLITUDE_150
ds004444_sub-014_ses-01_to_ses-16,ds004444,sub-014,ses-01,ses-16,rest,200,200,1.0,M0_NO_GATE
ds004444_sub-014_ses-01_to_ses-16,ds004444,sub-014,ses-01,ses-16,task,200,200,1.0,M0_NO_GATE
ds004444_sub-014_ses-01_to_ses-16,ds004444,sub-014,ses-01,ses-16,rest,150,200,0.75,M1_HIGH_BETA
ds004444_sub-014_ses-01_to_ses-16,ds004444,sub-014,ses-01,ses-16,task,150,200,0.75,M1_HIGH_BETA
ds004444_sub-014_ses-01_to_ses-16,ds004444,sub-014,ses-01,ses-16,rest,117,200,0.585,M2_BROADBAND_HIGH_FREQUENCY
ds004444_sub-014_ses-01_to_ses-16,ds004444,sub-014,ses-01,ses-16,task,116,200,0.58,M2_BROADBAND_HIGH_FREQUENCY
ds004444_sub-014_ses-01_to_ses-16,ds004444,sub-014,ses-01,ses-16,rest,73,200,0.365,M4_NFSQI_FULL_QUALITY
ds004444_sub-014_ses-01_to_ses-16,ds004444,sub-014,ses-01,ses-16,task,70,200,0.35,M4_NFSQI_FULL_QUALITY
ds004444_sub-014_ses-01_to_ses-16,ds004444,sub-014,ses-01,ses-16,rest,190,200,0.95,M3_AMPLITUDE_150
ds004444_sub-014_ses-01_to_ses-16,ds004444,sub-014,ses-01,ses-16,task,183,200,0.915,M3_AMPLITUDE_150
ds004444_sub-014_ses-16_to_ses-01,ds004444,sub-014,ses-16,ses-01,rest,199,199,1.0,M0_NO_GATE
ds004444_sub-014_ses-16_to_ses-01,ds004444,sub-014,ses-16,ses-01,task,219,219,1.0,M0_NO_GATE
ds004444_sub-014_ses-16_to_ses-01,ds004444,sub-014,ses-16,ses-01,rest,149,199,0.7487437185929648,M1_HIGH_BETA
ds004444_sub-014_ses-16_to_ses-01,ds004444,sub-014,ses-16,ses-01,task,158,219,0.7214611872146118,M1_HIGH_BETA
ds004444_sub-014_ses-16_to_ses-01,ds004444,sub-014,ses-16,ses-01,rest,113,199,0.5678391959798995,M2_BROADBAND_HIGH_FREQUENCY
ds004444_sub-014_ses-16_to_ses-01,ds004444,sub-014,ses-16,ses-01,task,130,219,0.593607305936073,M2_BROADBAND_HIGH_FREQUENCY
ds004444_sub-014_ses-16_to_ses-01,ds004444,sub-014,ses-16,ses-01,rest,75,199,0.3768844221105528,M4_NFSQI_FULL_QUALITY
ds004444_sub-014_ses-16_to_ses-01,ds004444,sub-014,ses-16,ses-01,task,79,219,0.3607305936073059,M4_NFSQI_FULL_QUALITY
ds004444_sub-014_ses-16_to_ses-01,ds004444,sub-014,ses-16,ses-01,rest,199,199,1.0,M3_AMPLITUDE_150
ds004444_sub-014_ses-16_to_ses-01,ds004444,sub-014,ses-16,ses-01,task,218,219,0.9954337899543378,M3_AMPLITUDE_150
ds004444_sub-015_ses-01_to_ses-16,ds004444,sub-015,ses-01,ses-16,rest,200,200,1.0,M0_NO_GATE
ds004444_sub-015_ses-01_to_ses-16,ds004444,sub-015,ses-01,ses-16,task,200,200,1.0,M0_NO_GATE
ds004444_sub-015_ses-01_to_ses-16,ds004444,sub-015,ses-01,ses-16,rest,150,200,0.75,M1_HIGH_BETA
ds004444_sub-015_ses-01_to_ses-16,ds004444,sub-015,ses-01,ses-16,task,118,200,0.59,M1_HIGH_BETA
ds004444_sub-015_ses-01_to_ses-16,ds004444,sub-015,ses-01,ses-16,rest,123,200,0.615,M2_BROADBAND_HIGH_FREQUENCY
ds004444_sub-015_ses-01_to_ses-16,ds004444,sub-015,ses-01,ses-16,task,141,200,0.705,M2_BROADBAND_HIGH_FREQUENCY
ds004444_sub-015_ses-01_to_ses-16,ds004444,sub-015,ses-01,ses-16,rest,96,200,0.48,M4_NFSQI_FULL_QUALITY
ds004444_sub-015_ses-01_to_ses-16,ds004444,sub-015,ses-01,ses-16,task,80,200,0.4,M4_NFSQI_FULL_QUALITY
ds004444_sub-015_ses-01_to_ses-16,ds004444,sub-015,ses-01,ses-16,rest,111,200,0.555,M3_AMPLITUDE_150
ds004444_sub-015_ses-01_to_ses-16,ds004444,sub-015,ses-01,ses-16,task,174,200,0.87,M3_AMPLITUDE_150
ds004444_sub-015_ses-16_to_ses-01,ds004444,sub-015,ses-16,ses-01,rest,200,200,1.0,M0_NO_GATE
ds004444_sub-015_ses-16_to_ses-01,ds004444,sub-015,ses-16,ses-01,task,200,200,1.0,M0_NO_GATE
ds004444_sub-015_ses-16_to_ses-01,ds004444,sub-015,ses-16,ses-01,rest,150,200,0.75,M1_HIGH_BETA
ds004444_sub-015_ses-16_to_ses-01,ds004444,sub-015,ses-16,ses-01,task,147,200,0.735,M1_HIGH_BETA
ds004444_sub-015_ses-16_to_ses-01,ds004444,sub-015,ses-16,ses-01,rest,125,200,0.625,M2_BROADBAND_HIGH_FREQUENCY
ds004444_sub-015_ses-16_to_ses-01,ds004444,sub-015,ses-16,ses-01,task,92,200,0.46,M2_BROADBAND_HIGH_FREQUENCY
ds004444_sub-015_ses-16_to_ses-01,ds004444,sub-015,ses-16,ses-01,rest,82,200,0.41,M4_NFSQI_FULL_QUALITY
ds004444_sub-015_ses-16_to_ses-01,ds004444,sub-015,ses-16,ses-01,task,51,200,0.255,M4_NFSQI_FULL_QUALITY
ds004444_sub-015_ses-16_to_ses-01,ds004444,sub-015,ses-16,ses-01,rest,187,200,0.935,M3_AMPLITUDE_150
ds004444_sub-015_ses-16_to_ses-01,ds004444,sub-015,ses-16,ses-01,task,194,200,0.97,M3_AMPLITUDE_150
ds004444_sub-016_ses-01_to_ses-16,ds004444,sub-016,ses-01,ses-16,rest,200,200,1.0,M0_NO_GATE
ds004444_sub-016_ses-01_to_ses-16,ds004444,sub-016,ses-01,ses-16,task,200,200,1.0,M0_NO_GATE
ds004444_sub-016_ses-01_to_ses-16,ds004444,sub-016,ses-01,ses-16,rest,150,200,0.75,M1_HIGH_BETA
ds004444_sub-016_ses-01_to_ses-16,ds004444,sub-016,ses-01,ses-16,task,161,200,0.805,M1_HIGH_BETA
ds004444_sub-016_ses-01_to_ses-16,ds004444,sub-016,ses-01,ses-16,rest,112,200,0.56,M2_BROADBAND_HIGH_FREQUENCY
ds004444_sub-016_ses-01_to_ses-16,ds004444,sub-016,ses-01,ses-16,task,127,200,0.635,M2_BROADBAND_HIGH_FREQUENCY
ds004444_sub-016_ses-01_to_ses-16,ds004444,sub-016,ses-01,ses-16,rest,74,200,0.37,M4_NFSQI_FULL_QUALITY
ds004444_sub-016_ses-01_to_ses-16,ds004444,sub-016,ses-01,ses-16,task,97,200,0.485,M4_NFSQI_FULL_QUALITY
ds004444_sub-016_ses-01_to_ses-16,ds004444,sub-016,ses-01,ses-16,rest,0,200,0.0,M3_AMPLITUDE_150
ds004444_sub-016_ses-01_to_ses-16,ds004444,sub-016,ses-01,ses-16,task,0,200,0.0,M3_AMPLITUDE_150
ds004444_sub-016_ses-16_to_ses-01,ds004444,sub-016,ses-16,ses-01,rest,220,220,1.0,M0_NO_GATE
ds004444_sub-016_ses-16_to_ses-01,ds004444,sub-016,ses-16,ses-01,task,220,220,1.0,M0_NO_GATE
ds004444_sub-016_ses-16_to_ses-01,ds004444,sub-016,ses-16,ses-01,rest,165,220,0.75,M1_HIGH_BETA
ds004444_sub-016_ses-16_to_ses-01,ds004444,sub-016,ses-16,ses-01,task,154,220,0.7,M1_HIGH_BETA
ds004444_sub-016_ses-16_to_ses-01,ds004444,sub-016,ses-16,ses-01,rest,124,220,0.5636363636363636,M2_BROADBAND_HIGH_FREQUENCY
ds004444_sub-016_ses-16_to_ses-01,ds004444,sub-016,ses-16,ses-01,task,108,220,0.4909090909090909,M2_BROADBAND_HIGH_FREQUENCY
ds004444_sub-016_ses-16_to_ses-01,ds004444,sub-016,ses-16,ses-01,rest,76,220,0.3454545454545454,M4_NFSQI_FULL_QUALITY
ds004444_sub-016_ses-16_to_ses-01,ds004444,sub-016,ses-16,ses-01,task,72,220,0.3272727272727272,M4_NFSQI_FULL_QUALITY
ds004444_sub-016_ses-16_to_ses-01,ds004444,sub-016,ses-16,ses-01,rest,208,220,0.9454545454545454,M3_AMPLITUDE_150
ds004444_sub-016_ses-16_to_ses-01,ds004444,sub-016,ses-16,ses-01,task,213,220,0.968181818181818,M3_AMPLITUDE_150
ds004444_sub-017_ses-01_to_ses-16,ds004444,sub-017,ses-01,ses-16,rest,208,208,1.0,M0_NO_GATE
ds004444_sub-017_ses-01_to_ses-16,ds004444,sub-017,ses-01,ses-16,task,220,220,1.0,M0_NO_GATE
ds004444_sub-017_ses-01_to_ses-16,ds004444,sub-017,ses-01,ses-16,rest,156,208,0.75,M1_HIGH_BETA
ds004444_sub-017_ses-01_to_ses-16,ds004444,sub-017,ses-01,ses-16,task,154,220,0.7,M1_HIGH_BETA
ds004444_sub-017_ses-01_to_ses-16,ds004444,sub-017,ses-01,ses-16,rest,120,208,0.5769230769230769,M2_BROADBAND_HIGH_FREQUENCY
ds004444_sub-017_ses-01_to_ses-16,ds004444,sub-017,ses-01,ses-16,task,95,220,0.4318181818181818,M2_BROADBAND_HIGH_FREQUENCY
ds004444_sub-017_ses-01_to_ses-16,ds004444,sub-017,ses-01,ses-16,rest,92,208,0.4423076923076923,M4_NFSQI_FULL_QUALITY
ds004444_sub-017_ses-01_to_ses-16,ds004444,sub-017,ses-01,ses-16,task,76,220,0.3454545454545454,M4_NFSQI_FULL_QUALITY
ds004444_sub-017_ses-01_to_ses-16,ds004444,sub-017,ses-01,ses-16,rest,204,208,0.9807692307692308,M3_AMPLITUDE_150
ds004444_sub-017_ses-01_to_ses-16,ds004444,sub-017,ses-01,ses-16,task,215,220,0.9772727272727272,M3_AMPLITUDE_150
ds004444_sub-017_ses-16_to_ses-01,ds004444,sub-017,ses-16,ses-01,rest,200,200,1.0,M0_NO_GATE
ds004444_sub-017_ses-16_to_ses-01,ds004444,sub-017,ses-16,ses-01,task,200,200,1.0,M0_NO_GATE
ds004444_sub-017_ses-16_to_ses-01,ds004444,sub-017,ses-16,ses-01,rest,150,200,0.75,M1_HIGH_BETA
ds004444_sub-017_ses-16_to_ses-01,ds004444,sub-017,ses-16,ses-01,task,83,200,0.415,M1_HIGH_BETA
ds004444_sub-017_ses-16_to_ses-01,ds004444,sub-017,ses-16,ses-01,rest,127,200,0.635,M2_BROADBAND_HIGH_FREQUENCY
ds004444_sub-017_ses-16_to_ses-01,ds004444,sub-017,ses-16,ses-01,task,57,200,0.285,M2_BROADBAND_HIGH_FREQUENCY
ds004444_sub-017_ses-16_to_ses-01,ds004444,sub-017,ses-16,ses-01,rest,87,200,0.435,M4_NFSQI_FULL_QUALITY
ds004444_sub-017_ses-16_to_ses-01,ds004444,sub-017,ses-16,ses-01,task,21,200,0.105,M4_NFSQI_FULL_QUALITY
ds004444_sub-017_ses-16_to_ses-01,ds004444,sub-017,ses-16,ses-01,rest,190,200,0.95,M3_AMPLITUDE_150
ds004444_sub-017_ses-16_to_ses-01,ds004444,sub-017,ses-16,ses-01,task,134,200,0.67,M3_AMPLITUDE_150
ds004444_sub-018_ses-01_to_ses-16,ds004444,sub-018,ses-01,ses-16,rest,200,200,1.0,M0_NO_GATE
ds004444_sub-018_ses-01_to_ses-16,ds004444,sub-018,ses-01,ses-16,task,200,200,1.0,M0_NO_GATE
ds004444_sub-018_ses-01_to_ses-16,ds004444,sub-018,ses-01,ses-16,rest,150,200,0.75,M1_HIGH_BETA
ds004444_sub-018_ses-01_to_ses-16,ds004444,sub-018,ses-01,ses-16,task,160,200,0.8,M1_HIGH_BETA
ds004444_sub-018_ses-01_to_ses-16,ds004444,sub-018,ses-01,ses-16,rest,119,200,0.595,M2_BROADBAND_HIGH_FREQUENCY
ds004444_sub-018_ses-01_to_ses-16,ds004444,sub-018,ses-01,ses-16,task,85,200,0.425,M2_BROADBAND_HIGH_FREQUENCY
ds004444_sub-018_ses-01_to_ses-16,ds004444,sub-018,ses-01,ses-16,rest,79,200,0.395,M4_NFSQI_FULL_QUALITY
ds004444_sub-018_ses-01_to_ses-16,ds004444,sub-018,ses-01,ses-16,task,51,200,0.255,M4_NFSQI_FULL_QUALITY
ds004444_sub-018_ses-01_to_ses-16,ds004444,sub-018,ses-01,ses-16,rest,200,200,1.0,M3_AMPLITUDE_150
ds004444_sub-018_ses-01_to_ses-16,ds004444,sub-018,ses-01,ses-16,task,200,200,1.0,M3_AMPLITUDE_150
ds004444_sub-018_ses-16_to_ses-01,ds004444,sub-018,ses-16,ses-01,rest,219,219,1.0,M0_NO_GATE
ds004444_sub-018_ses-16_to_ses-01,ds004444,sub-018,ses-16,ses-01,task,207,207,1.0,M0_NO_GATE
ds004444_sub-018_ses-16_to_ses-01,ds004444,sub-018,ses-16,ses-01,rest,164,219,0.7488584474885844,M1_HIGH_BETA
ds004444_sub-018_ses-16_to_ses-01,ds004444,sub-018,ses-16,ses-01,task,169,207,0.8164251207729468,M1_HIGH_BETA
ds004444_sub-018_ses-16_to_ses-01,ds004444,sub-018,ses-16,ses-01,rest,124,219,0.5662100456621004,M2_BROADBAND_HIGH_FREQUENCY
ds004444_sub-018_ses-16_to_ses-01,ds004444,sub-018,ses-16,ses-01,task,86,207,0.4154589371980676,M2_BROADBAND_HIGH_FREQUENCY
ds004444_sub-018_ses-16_to_ses-01,ds004444,sub-018,ses-16,ses-01,rest,83,219,0.3789954337899543,M4_NFSQI_FULL_QUALITY
ds004444_sub-018_ses-16_to_ses-01,ds004444,sub-018,ses-16,ses-01,task,67,207,0.323671497584541,M4_NFSQI_FULL_QUALITY
ds004444_sub-018_ses-16_to_ses-01,ds004444,sub-018,ses-16,ses-01,rest,219,219,1.0,M3_AMPLITUDE_150
ds004444_sub-018_ses-16_to_ses-01,ds004444,sub-018,ses-16,ses-01,task,207,207,1.0,M3_AMPLITUDE_150
ds004444_sub-019_ses-01_to_ses-16,ds004444,sub-019,ses-01,ses-16,rest,200,200,1.0,M0_NO_GATE
ds004444_sub-019_ses-01_to_ses-16,ds004444,sub-019,ses-01,ses-16,task,200,200,1.0,M0_NO_GATE
ds004444_sub-019_ses-01_to_ses-16,ds004444,sub-019,ses-01,ses-16,rest,150,200,0.75,M1_HIGH_BETA
ds004444_sub-019_ses-01_to_ses-16,ds004444,sub-019,ses-01,ses-16,task,142,200,0.71,M1_HIGH_BETA
ds004444_sub-019_ses-01_to_ses-16,ds004444,sub-019,ses-01,ses-16,rest,123,200,0.615,M2_BROADBAND_HIGH_FREQUENCY
ds004444_sub-019_ses-01_to_ses-16,ds004444,sub-019,ses-01,ses-16,task,87,200,0.435,M2_BROADBAND_HIGH_FREQUENCY
ds004444_sub-019_ses-01_to_ses-16,ds004444,sub-019,ses-01,ses-16,rest,94,200,0.47,M4_NFSQI_FULL_QUALITY
ds004444_sub-019_ses-01_to_ses-16,ds004444,sub-019,ses-01,ses-16,task,64,200,0.32,M4_NFSQI_FULL_QUALITY
ds004444_sub-019_ses-01_to_ses-16,ds004444,sub-019,ses-01,ses-16,rest,194,200,0.97,M3_AMPLITUDE_150
ds004444_sub-019_ses-01_to_ses-16,ds004444,sub-019,ses-01,ses-16,task,200,200,1.0,M3_AMPLITUDE_150
ds004444_sub-019_ses-16_to_ses-01,ds004444,sub-019,ses-16,ses-01,rest,216,216,1.0,M0_NO_GATE
ds004444_sub-019_ses-16_to_ses-01,ds004444,sub-019,ses-16,ses-01,task,220,220,1.0,M0_NO_GATE
ds004444_sub-019_ses-16_to_ses-01,ds004444,sub-019,ses-16,ses-01,rest,162,216,0.75,M1_HIGH_BETA
ds004444_sub-019_ses-16_to_ses-01,ds004444,sub-019,ses-16,ses-01,task,165,220,0.75,M1_HIGH_BETA
ds004444_sub-019_ses-16_to_ses-01,ds004444,sub-019,ses-16,ses-01,rest,123,216,0.5694444444444444,M2_BROADBAND_HIGH_FREQUENCY
ds004444_sub-019_ses-16_to_ses-01,ds004444,sub-019,ses-16,ses-01,task,72,220,0.3272727272727272,M2_BROADBAND_HIGH_FREQUENCY
ds004444_sub-019_ses-16_to_ses-01,ds004444,sub-019,ses-16,ses-01,rest,89,216,0.412037037037037,M4_NFSQI_FULL_QUALITY
ds004444_sub-019_ses-16_to_ses-01,ds004444,sub-019,ses-16,ses-01,task,50,220,0.2272727272727272,M4_NFSQI_FULL_QUALITY
ds004444_sub-019_ses-16_to_ses-01,ds004444,sub-019,ses-16,ses-01,rest,216,216,1.0,M3_AMPLITUDE_150
ds004444_sub-019_ses-16_to_ses-01,ds004444,sub-019,ses-16,ses-01,task,219,220,0.9954545454545456,M3_AMPLITUDE_150
ds004444_sub-020_ses-01_to_ses-08,ds004444,sub-020,ses-01,ses-08,rest,220,220,1.0,M0_NO_GATE
ds004444_sub-020_ses-01_to_ses-08,ds004444,sub-020,ses-01,ses-08,task,209,209,1.0,M0_NO_GATE
ds004444_sub-020_ses-01_to_ses-08,ds004444,sub-020,ses-01,ses-08,rest,165,220,0.75,M1_HIGH_BETA
ds004444_sub-020_ses-01_to_ses-08,ds004444,sub-020,ses-01,ses-08,task,183,209,0.8755980861244019,M1_HIGH_BETA
ds004444_sub-020_ses-01_to_ses-08,ds004444,sub-020,ses-01,ses-08,rest,129,220,0.5863636363636363,M2_BROADBAND_HIGH_FREQUENCY
ds004444_sub-020_ses-01_to_ses-08,ds004444,sub-020,ses-01,ses-08,task,117,209,0.5598086124401914,M2_BROADBAND_HIGH_FREQUENCY
ds004444_sub-020_ses-01_to_ses-08,ds004444,sub-020,ses-01,ses-08,rest,96,220,0.4363636363636363,M4_NFSQI_FULL_QUALITY
ds004444_sub-020_ses-01_to_ses-08,ds004444,sub-020,ses-01,ses-08,task,85,209,0.4066985645933014,M4_NFSQI_FULL_QUALITY
ds004444_sub-020_ses-01_to_ses-08,ds004444,sub-020,ses-01,ses-08,rest,203,220,0.9227272727272728,M3_AMPLITUDE_150
ds004444_sub-020_ses-01_to_ses-08,ds004444,sub-020,ses-01,ses-08,task,189,209,0.9043062200956936,M3_AMPLITUDE_150
ds004444_sub-020_ses-08_to_ses-01,ds004444,sub-020,ses-08,ses-01,rest,220,220,1.0,M0_NO_GATE
ds004444_sub-020_ses-08_to_ses-01,ds004444,sub-020,ses-08,ses-01,task,216,216,1.0,M0_NO_GATE
ds004444_sub-020_ses-08_to_ses-01,ds004444,sub-020,ses-08,ses-01,rest,165,220,0.75,M1_HIGH_BETA
ds004444_sub-020_ses-08_to_ses-01,ds004444,sub-020,ses-08,ses-01,task,172,216,0.7962962962962963,M1_HIGH_BETA
ds004444_sub-020_ses-08_to_ses-01,ds004444,sub-020,ses-08,ses-01,rest,119,220,0.5409090909090909,M2_BROADBAND_HIGH_FREQUENCY
ds004444_sub-020_ses-08_to_ses-01,ds004444,sub-020,ses-08,ses-01,task,152,216,0.7037037037037037,M2_BROADBAND_HIGH_FREQUENCY
ds004444_sub-020_ses-08_to_ses-01,ds004444,sub-020,ses-08,ses-01,rest,81,220,0.3681818181818181,M4_NFSQI_FULL_QUALITY
ds004444_sub-020_ses-08_to_ses-01,ds004444,sub-020,ses-08,ses-01,task,112,216,0.5185185185185185,M4_NFSQI_FULL_QUALITY
ds004444_sub-020_ses-08_to_ses-01,ds004444,sub-020,ses-08,ses-01,rest,208,220,0.9454545454545454,M3_AMPLITUDE_150
ds004444_sub-020_ses-08_to_ses-01,ds004444,sub-020,ses-08,ses-01,task,205,216,0.949074074074074,M3_AMPLITUDE_150
ds004444_sub-021_ses-01_to_ses-16,ds004444,sub-021,ses-01,ses-16,rest,220,220,1.0,M0_NO_GATE
ds004444_sub-021_ses-01_to_ses-16,ds004444,sub-021,ses-01,ses-16,task,209,209,1.0,M0_NO_GATE
ds004444_sub-021_ses-01_to_ses-16,ds004444,sub-021,ses-01,ses-16,rest,165,220,0.75,M1_HIGH_BETA
ds004444_sub-021_ses-01_to_ses-16,ds004444,sub-021,ses-01,ses-16,task,181,209,0.8660287081339713,M1_HIGH_BETA
ds004444_sub-021_ses-01_to_ses-16,ds004444,sub-021,ses-01,ses-16,rest,132,220,0.6,M2_BROADBAND_HIGH_FREQUENCY
ds004444_sub-021_ses-01_to_ses-16,ds004444,sub-021,ses-01,ses-16,task,153,209,0.7320574162679426,M2_BROADBAND_HIGH_FREQUENCY
ds004444_sub-021_ses-01_to_ses-16,ds004444,sub-021,ses-01,ses-16,rest,90,220,0.4090909090909091,M4_NFSQI_FULL_QUALITY
ds004444_sub-021_ses-01_to_ses-16,ds004444,sub-021,ses-01,ses-16,task,126,209,0.6028708133971292,M4_NFSQI_FULL_QUALITY
ds004444_sub-021_ses-01_to_ses-16,ds004444,sub-021,ses-01,ses-16,rest,212,220,0.9636363636363636,M3_AMPLITUDE_150
ds004444_sub-021_ses-01_to_ses-16,ds004444,sub-021,ses-01,ses-16,task,201,209,0.9617224880382776,M3_AMPLITUDE_150
ds004444_sub-021_ses-16_to_ses-01,ds004444,sub-021,ses-16,ses-01,rest,200,200,1.0,M0_NO_GATE
ds004444_sub-021_ses-16_to_ses-01,ds004444,sub-021,ses-16,ses-01,task,200,200,1.0,M0_NO_GATE
ds004444_sub-021_ses-16_to_ses-01,ds004444,sub-021,ses-16,ses-01,rest,150,200,0.75,M1_HIGH_BETA
ds004444_sub-021_ses-16_to_ses-01,ds004444,sub-021,ses-16,ses-01,task,170,200,0.85,M1_HIGH_BETA
ds004444_sub-021_ses-16_to_ses-01,ds004444,sub-021,ses-16,ses-01,rest,118,200,0.59,M2_BROADBAND_HIGH_FREQUENCY
ds004444_sub-021_ses-16_to_ses-01,ds004444,sub-021,ses-16,ses-01,task,145,200,0.725,M2_BROADBAND_HIGH_FREQUENCY
ds004444_sub-021_ses-16_to_ses-01,ds004444,sub-021,ses-16,ses-01,rest,87,200,0.435,M4_NFSQI_FULL_QUALITY
ds004444_sub-021_ses-16_to_ses-01,ds004444,sub-021,ses-16,ses-01,task,127,200,0.635,M4_NFSQI_FULL_QUALITY
ds004444_sub-021_ses-16_to_ses-01,ds004444,sub-021,ses-16,ses-01,rest,199,200,0.995,M3_AMPLITUDE_150
ds004444_sub-021_ses-16_to_ses-01,ds004444,sub-021,ses-16,ses-01,task,200,200,1.0,M3_AMPLITUDE_150
ds004444_sub-022_ses-01_to_ses-16,ds004444,sub-022,ses-01,ses-16,rest,200,200,1.0,M0_NO_GATE
ds004444_sub-022_ses-01_to_ses-16,ds004444,sub-022,ses-01,ses-16,task,205,205,1.0,M0_NO_GATE
ds004444_sub-022_ses-01_to_ses-16,ds004444,sub-022,ses-01,ses-16,rest,150,200,0.75,M1_HIGH_BETA
ds004444_sub-022_ses-01_to_ses-16,ds004444,sub-022,ses-01,ses-16,task,182,205,0.8878048780487805,M1_HIGH_BETA
ds004444_sub-022_ses-01_to_ses-16,ds004444,sub-022,ses-01,ses-16,rest,120,200,0.6,M2_BROADBAND_HIGH_FREQUENCY
ds004444_sub-022_ses-01_to_ses-16,ds004444,sub-022,ses-01,ses-16,task,159,205,0.775609756097561,M2_BROADBAND_HIGH_FREQUENCY
ds004444_sub-022_ses-01_to_ses-16,ds004444,sub-022,ses-01,ses-16,rest,85,200,0.425,M4_NFSQI_FULL_QUALITY
ds004444_sub-022_ses-01_to_ses-16,ds004444,sub-022,ses-01,ses-16,task,104,205,0.5073170731707317,M4_NFSQI_FULL_QUALITY
ds004444_sub-022_ses-01_to_ses-16,ds004444,sub-022,ses-01,ses-16,rest,196,200,0.98,M3_AMPLITUDE_150
ds004444_sub-022_ses-01_to_ses-16,ds004444,sub-022,ses-01,ses-16,task,205,205,1.0,M3_AMPLITUDE_150
ds004444_sub-022_ses-16_to_ses-01,ds004444,sub-022,ses-16,ses-01,rest,200,200,1.0,M0_NO_GATE
ds004444_sub-022_ses-16_to_ses-01,ds004444,sub-022,ses-16,ses-01,task,200,200,1.0,M0_NO_GATE
ds004444_sub-022_ses-16_to_ses-01,ds004444,sub-022,ses-16,ses-01,rest,150,200,0.75,M1_HIGH_BETA
ds004444_sub-022_ses-16_to_ses-01,ds004444,sub-022,ses-16,ses-01,task,164,200,0.82,M1_HIGH_BETA
ds004444_sub-022_ses-16_to_ses-01,ds004444,sub-022,ses-16,ses-01,rest,115,200,0.575,M2_BROADBAND_HIGH_FREQUENCY
ds004444_sub-022_ses-16_to_ses-01,ds004444,sub-022,ses-16,ses-01,task,133,200,0.665,M2_BROADBAND_HIGH_FREQUENCY
ds004444_sub-022_ses-16_to_ses-01,ds004444,sub-022,ses-16,ses-01,rest,80,200,0.4,M4_NFSQI_FULL_QUALITY
ds004444_sub-022_ses-16_to_ses-01,ds004444,sub-022,ses-16,ses-01,task,93,200,0.465,M4_NFSQI_FULL_QUALITY
ds004444_sub-022_ses-16_to_ses-01,ds004444,sub-022,ses-16,ses-01,rest,200,200,1.0,M3_AMPLITUDE_150
ds004444_sub-022_ses-16_to_ses-01,ds004444,sub-022,ses-16,ses-01,task,200,200,1.0,M3_AMPLITUDE_150
ds004444_sub-023_ses-01_to_ses-16,ds004444,sub-023,ses-01,ses-16,rest,200,200,1.0,M0_NO_GATE
ds004444_sub-023_ses-01_to_ses-16,ds004444,sub-023,ses-01,ses-16,task,200,200,1.0,M0_NO_GATE
ds004444_sub-023_ses-01_to_ses-16,ds004444,sub-023,ses-01,ses-16,rest,150,200,0.75,M1_HIGH_BETA
ds004444_sub-023_ses-01_to_ses-16,ds004444,sub-023,ses-01,ses-16,task,161,200,0.805,M1_HIGH_BETA
ds004444_sub-023_ses-01_to_ses-16,ds004444,sub-023,ses-01,ses-16,rest,120,200,0.6,M2_BROADBAND_HIGH_FREQUENCY
ds004444_sub-023_ses-01_to_ses-16,ds004444,sub-023,ses-01,ses-16,task,108,200,0.54,M2_BROADBAND_HIGH_FREQUENCY
ds004444_sub-023_ses-01_to_ses-16,ds004444,sub-023,ses-01,ses-16,rest,80,200,0.4,M4_NFSQI_FULL_QUALITY
ds004444_sub-023_ses-01_to_ses-16,ds004444,sub-023,ses-01,ses-16,task,85,200,0.425,M4_NFSQI_FULL_QUALITY
ds004444_sub-023_ses-01_to_ses-16,ds004444,sub-023,ses-01,ses-16,rest,197,200,0.985,M3_AMPLITUDE_150
ds004444_sub-023_ses-01_to_ses-16,ds004444,sub-023,ses-01,ses-16,task,189,200,0.945,M3_AMPLITUDE_150
ds004444_sub-023_ses-16_to_ses-01,ds004444,sub-023,ses-16,ses-01,rest,200,200,1.0,M0_NO_GATE
ds004444_sub-023_ses-16_to_ses-01,ds004444,sub-023,ses-16,ses-01,task,200,200,1.0,M0_NO_GATE
ds004444_sub-023_ses-16_to_ses-01,ds004444,sub-023,ses-16,ses-01,rest,150,200,0.75,M1_HIGH_BETA
ds004444_sub-023_ses-16_to_ses-01,ds004444,sub-023,ses-16,ses-01,task,168,200,0.84,M1_HIGH_BETA
ds004444_sub-023_ses-16_to_ses-01,ds004444,sub-023,ses-16,ses-01,rest,121,200,0.605,M2_BROADBAND_HIGH_FREQUENCY
ds004444_sub-023_ses-16_to_ses-01,ds004444,sub-023,ses-16,ses-01,task,124,200,0.62,M2_BROADBAND_HIGH_FREQUENCY
ds004444_sub-023_ses-16_to_ses-01,ds004444,sub-023,ses-16,ses-01,rest,83,200,0.415,M4_NFSQI_FULL_QUALITY
ds004444_sub-023_ses-16_to_ses-01,ds004444,sub-023,ses-16,ses-01,task,94,200,0.47,M4_NFSQI_FULL_QUALITY
ds004444_sub-023_ses-16_to_ses-01,ds004444,sub-023,ses-16,ses-01,rest,200,200,1.0,M3_AMPLITUDE_150
ds004444_sub-023_ses-16_to_ses-01,ds004444,sub-023,ses-16,ses-01,task,200,200,1.0,M3_AMPLITUDE_150
ds004444_sub-024_ses-01_to_ses-16,ds004444,sub-024,ses-01,ses-16,rest,200,200,1.0,M0_NO_GATE
ds004444_sub-024_ses-01_to_ses-16,ds004444,sub-024,ses-01,ses-16,task,200,200,1.0,M0_NO_GATE
ds004444_sub-024_ses-01_to_ses-16,ds004444,sub-024,ses-01,ses-16,rest,150,200,0.75,M1_HIGH_BETA
ds004444_sub-024_ses-01_to_ses-16,ds004444,sub-024,ses-01,ses-16,task,151,200,0.755,M1_HIGH_BETA
ds004444_sub-024_ses-01_to_ses-16,ds004444,sub-024,ses-01,ses-16,rest,114,200,0.57,M2_BROADBAND_HIGH_FREQUENCY
ds004444_sub-024_ses-01_to_ses-16,ds004444,sub-024,ses-01,ses-16,task,117,200,0.585,M2_BROADBAND_HIGH_FREQUENCY
ds004444_sub-024_ses-01_to_ses-16,ds004444,sub-024,ses-01,ses-16,rest,78,200,0.39,M4_NFSQI_FULL_QUALITY
ds004444_sub-024_ses-01_to_ses-16,ds004444,sub-024,ses-01,ses-16,task,79,200,0.395,M4_NFSQI_FULL_QUALITY
ds004444_sub-024_ses-01_to_ses-16,ds004444,sub-024,ses-01,ses-16,rest,200,200,1.0,M3_AMPLITUDE_150
ds004444_sub-024_ses-01_to_ses-16,ds004444,sub-024,ses-01,ses-16,task,198,200,0.99,M3_AMPLITUDE_150
ds004444_sub-024_ses-16_to_ses-01,ds004444,sub-024,ses-16,ses-01,rest,202,202,1.0,M0_NO_GATE
ds004444_sub-024_ses-16_to_ses-01,ds004444,sub-024,ses-16,ses-01,task,210,210,1.0,M0_NO_GATE
ds004444_sub-024_ses-16_to_ses-01,ds004444,sub-024,ses-16,ses-01,rest,151,202,0.7475247524752475,M1_HIGH_BETA
ds004444_sub-024_ses-16_to_ses-01,ds004444,sub-024,ses-16,ses-01,task,175,210,0.8333333333333334,M1_HIGH_BETA
ds004444_sub-024_ses-16_to_ses-01,ds004444,sub-024,ses-16,ses-01,rest,111,202,0.5495049504950495,M2_BROADBAND_HIGH_FREQUENCY
ds004444_sub-024_ses-16_to_ses-01,ds004444,sub-024,ses-16,ses-01,task,133,210,0.6333333333333333,M2_BROADBAND_HIGH_FREQUENCY
ds004444_sub-024_ses-16_to_ses-01,ds004444,sub-024,ses-16,ses-01,rest,72,202,0.3564356435643564,M4_NFSQI_FULL_QUALITY
ds004444_sub-024_ses-16_to_ses-01,ds004444,sub-024,ses-16,ses-01,task,92,210,0.4380952380952381,M4_NFSQI_FULL_QUALITY
ds004444_sub-024_ses-16_to_ses-01,ds004444,sub-024,ses-16,ses-01,rest,202,202,1.0,M3_AMPLITUDE_150
ds004444_sub-024_ses-16_to_ses-01,ds004444,sub-024,ses-16,ses-01,task,208,210,0.9904761904761904,M3_AMPLITUDE_150
ds004444_sub-025_ses-01_to_ses-16,ds004444,sub-025,ses-01,ses-16,rest,210,210,1.0,M0_NO_GATE
ds004444_sub-025_ses-01_to_ses-16,ds004444,sub-025,ses-01,ses-16,task,218,218,1.0,M0_NO_GATE
ds004444_sub-025_ses-01_to_ses-16,ds004444,sub-025,ses-01,ses-16,rest,157,210,0.7476190476190476,M1_HIGH_BETA
ds004444_sub-025_ses-01_to_ses-16,ds004444,sub-025,ses-01,ses-16,task,163,218,0.7477064220183486,M1_HIGH_BETA
ds004444_sub-025_ses-01_to_ses-16,ds004444,sub-025,ses-01,ses-16,rest,126,210,0.6,M2_BROADBAND_HIGH_FREQUENCY
ds004444_sub-025_ses-01_to_ses-16,ds004444,sub-025,ses-01,ses-16,task,133,218,0.6100917431192661,M2_BROADBAND_HIGH_FREQUENCY
ds004444_sub-025_ses-01_to_ses-16,ds004444,sub-025,ses-01,ses-16,rest,81,210,0.3857142857142857,M4_NFSQI_FULL_QUALITY
ds004444_sub-025_ses-01_to_ses-16,ds004444,sub-025,ses-01,ses-16,task,95,218,0.4357798165137614,M4_NFSQI_FULL_QUALITY
ds004444_sub-025_ses-01_to_ses-16,ds004444,sub-025,ses-01,ses-16,rest,210,210,1.0,M3_AMPLITUDE_150
ds004444_sub-025_ses-01_to_ses-16,ds004444,sub-025,ses-01,ses-16,task,218,218,1.0,M3_AMPLITUDE_150
ds004444_sub-025_ses-16_to_ses-01,ds004444,sub-025,ses-16,ses-01,rest,213,213,1.0,M0_NO_GATE
ds004444_sub-025_ses-16_to_ses-01,ds004444,sub-025,ses-16,ses-01,task,201,201,1.0,M0_NO_GATE
ds004444_sub-025_ses-16_to_ses-01,ds004444,sub-025,ses-16,ses-01,rest,159,213,0.7464788732394366,M1_HIGH_BETA
ds004444_sub-025_ses-16_to_ses-01,ds004444,sub-025,ses-16,ses-01,task,173,201,0.8606965174129353,M1_HIGH_BETA
ds004444_sub-025_ses-16_to_ses-01,ds004444,sub-025,ses-16,ses-01,rest,120,213,0.5633802816901409,M2_BROADBAND_HIGH_FREQUENCY
ds004444_sub-025_ses-16_to_ses-01,ds004444,sub-025,ses-16,ses-01,task,115,201,0.572139303482587,M2_BROADBAND_HIGH_FREQUENCY
ds004444_sub-025_ses-16_to_ses-01,ds004444,sub-025,ses-16,ses-01,rest,75,213,0.352112676056338,M4_NFSQI_FULL_QUALITY
ds004444_sub-025_ses-16_to_ses-01,ds004444,sub-025,ses-16,ses-01,task,97,201,0.4825870646766169,M4_NFSQI_FULL_QUALITY
ds004444_sub-025_ses-16_to_ses-01,ds004444,sub-025,ses-16,ses-01,rest,212,213,0.9953051643192488,M3_AMPLITUDE_150
ds004444_sub-025_ses-16_to_ses-01,ds004444,sub-025,ses-16,ses-01,task,201,201,1.0,M3_AMPLITUDE_150
ds004444_sub-026_ses-01_to_ses-16,ds004444,sub-026,ses-01,ses-16,rest,200,200,1.0,M0_NO_GATE
ds004444_sub-026_ses-01_to_ses-16,ds004444,sub-026,ses-01,ses-16,task,200,200,1.0,M0_NO_GATE
ds004444_sub-026_ses-01_to_ses-16,ds004444,sub-026,ses-01,ses-16,rest,150,200,0.75,M1_HIGH_BETA
ds004444_sub-026_ses-01_to_ses-16,ds004444,sub-026,ses-01,ses-16,task,163,200,0.815,M1_HIGH_BETA
ds004444_sub-026_ses-01_to_ses-16,ds004444,sub-026,ses-01,ses-16,rest,118,200,0.59,M2_BROADBAND_HIGH_FREQUENCY
ds004444_sub-026_ses-01_to_ses-16,ds004444,sub-026,ses-01,ses-16,task,119,200,0.595,M2_BROADBAND_HIGH_FREQUENCY
ds004444_sub-026_ses-01_to_ses-16,ds004444,sub-026,ses-01,ses-16,rest,75,200,0.375,M4_NFSQI_FULL_QUALITY
ds004444_sub-026_ses-01_to_ses-16,ds004444,sub-026,ses-01,ses-16,task,83,200,0.415,M4_NFSQI_FULL_QUALITY
ds004444_sub-026_ses-01_to_ses-16,ds004444,sub-026,ses-01,ses-16,rest,197,200,0.985,M3_AMPLITUDE_150
ds004444_sub-026_ses-01_to_ses-16,ds004444,sub-026,ses-01,ses-16,task,200,200,1.0,M3_AMPLITUDE_150
ds004444_sub-026_ses-16_to_ses-01,ds004444,sub-026,ses-16,ses-01,rest,200,200,1.0,M0_NO_GATE
ds004444_sub-026_ses-16_to_ses-01,ds004444,sub-026,ses-16,ses-01,task,200,200,1.0,M0_NO_GATE
ds004444_sub-026_ses-16_to_ses-01,ds004444,sub-026,ses-16,ses-01,rest,150,200,0.75,M1_HIGH_BETA
ds004444_sub-026_ses-16_to_ses-01,ds004444,sub-026,ses-16,ses-01,task,159,200,0.795,M1_HIGH_BETA
ds004444_sub-026_ses-16_to_ses-01,ds004444,sub-026,ses-16,ses-01,rest,113,200,0.565,M2_BROADBAND_HIGH_FREQUENCY
ds004444_sub-026_ses-16_to_ses-01,ds004444,sub-026,ses-16,ses-01,task,145,200,0.725,M2_BROADBAND_HIGH_FREQUENCY
ds004444_sub-026_ses-16_to_ses-01,ds004444,sub-026,ses-16,ses-01,rest,74,200,0.37,M4_NFSQI_FULL_QUALITY
ds004444_sub-026_ses-16_to_ses-01,ds004444,sub-026,ses-16,ses-01,task,106,200,0.53,M4_NFSQI_FULL_QUALITY
ds004444_sub-026_ses-16_to_ses-01,ds004444,sub-026,ses-16,ses-01,rest,170,200,0.85,M3_AMPLITUDE_150
ds004444_sub-026_ses-16_to_ses-01,ds004444,sub-026,ses-16,ses-01,task,183,200,0.915,M3_AMPLITUDE_150
ds004444_sub-027_ses-01_to_ses-16,ds004444,sub-027,ses-01,ses-16,rest,200,200,1.0,M0_NO_GATE
ds004444_sub-027_ses-01_to_ses-16,ds004444,sub-027,ses-01,ses-16,task,200,200,1.0,M0_NO_GATE
ds004444_sub-027_ses-01_to_ses-16,ds004444,sub-027,ses-01,ses-16,rest,150,200,0.75,M1_HIGH_BETA
ds004444_sub-027_ses-01_to_ses-16,ds004444,sub-027,ses-01,ses-16,task,132,200,0.66,M1_HIGH_BETA
ds004444_sub-027_ses-01_to_ses-16,ds004444,sub-027,ses-01,ses-16,rest,117,200,0.585,M2_BROADBAND_HIGH_FREQUENCY
ds004444_sub-027_ses-01_to_ses-16,ds004444,sub-027,ses-01,ses-16,task,73,200,0.365,M2_BROADBAND_HIGH_FREQUENCY
ds004444_sub-027_ses-01_to_ses-16,ds004444,sub-027,ses-01,ses-16,rest,73,200,0.365,M4_NFSQI_FULL_QUALITY
ds004444_sub-027_ses-01_to_ses-16,ds004444,sub-027,ses-01,ses-16,task,42,200,0.21,M4_NFSQI_FULL_QUALITY
ds004444_sub-027_ses-01_to_ses-16,ds004444,sub-027,ses-01,ses-16,rest,199,200,0.995,M3_AMPLITUDE_150
ds004444_sub-027_ses-01_to_ses-16,ds004444,sub-027,ses-01,ses-16,task,198,200,0.99,M3_AMPLITUDE_150
ds004444_sub-027_ses-16_to_ses-01,ds004444,sub-027,ses-16,ses-01,rest,200,200,1.0,M0_NO_GATE
ds004444_sub-027_ses-16_to_ses-01,ds004444,sub-027,ses-16,ses-01,task,209,209,1.0,M0_NO_GATE
ds004444_sub-027_ses-16_to_ses-01,ds004444,sub-027,ses-16,ses-01,rest,150,200,0.75,M1_HIGH_BETA
ds004444_sub-027_ses-16_to_ses-01,ds004444,sub-027,ses-16,ses-01,task,128,209,0.6124401913875598,M1_HIGH_BETA
ds004444_sub-027_ses-16_to_ses-01,ds004444,sub-027,ses-16,ses-01,rest,111,200,0.555,M2_BROADBAND_HIGH_FREQUENCY
ds004444_sub-027_ses-16_to_ses-01,ds004444,sub-027,ses-16,ses-01,task,84,209,0.4019138755980861,M2_BROADBAND_HIGH_FREQUENCY
ds004444_sub-027_ses-16_to_ses-01,ds004444,sub-027,ses-16,ses-01,rest,62,200,0.31,M4_NFSQI_FULL_QUALITY
ds004444_sub-027_ses-16_to_ses-01,ds004444,sub-027,ses-16,ses-01,task,45,209,0.215311004784689,M4_NFSQI_FULL_QUALITY
ds004444_sub-027_ses-16_to_ses-01,ds004444,sub-027,ses-16,ses-01,rest,0,200,0.0,M3_AMPLITUDE_150
ds004444_sub-027_ses-16_to_ses-01,ds004444,sub-027,ses-16,ses-01,task,0,209,0.0,M3_AMPLITUDE_150
ds004444_sub-028_ses-01_to_ses-16,ds004444,sub-028,ses-01,ses-16,rest,200,200,1.0,M0_NO_GATE
ds004444_sub-028_ses-01_to_ses-16,ds004444,sub-028,ses-01,ses-16,task,200,200,1.0,M0_NO_GATE
ds004444_sub-028_ses-01_to_ses-16,ds004444,sub-028,ses-01,ses-16,rest,150,200,0.75,M1_HIGH_BETA
ds004444_sub-028_ses-01_to_ses-16,ds004444,sub-028,ses-01,ses-16,task,177,200,0.885,M1_HIGH_BETA
ds004444_sub-028_ses-01_to_ses-16,ds004444,sub-028,ses-01,ses-16,rest,120,200,0.6,M2_BROADBAND_HIGH_FREQUENCY
ds004444_sub-028_ses-01_to_ses-16,ds004444,sub-028,ses-01,ses-16,task,135,200,0.675,M2_BROADBAND_HIGH_FREQUENCY
ds004444_sub-028_ses-01_to_ses-16,ds004444,sub-028,ses-01,ses-16,rest,86,200,0.43,M4_NFSQI_FULL_QUALITY
ds004444_sub-028_ses-01_to_ses-16,ds004444,sub-028,ses-01,ses-16,task,117,200,0.585,M4_NFSQI_FULL_QUALITY
ds004444_sub-028_ses-01_to_ses-16,ds004444,sub-028,ses-01,ses-16,rest,0,200,0.0,M3_AMPLITUDE_150
ds004444_sub-028_ses-01_to_ses-16,ds004444,sub-028,ses-01,ses-16,task,0,200,0.0,M3_AMPLITUDE_150
ds004444_sub-028_ses-16_to_ses-01,ds004444,sub-028,ses-16,ses-01,rest,220,220,1.0,M0_NO_GATE
ds004444_sub-028_ses-16_to_ses-01,ds004444,sub-028,ses-16,ses-01,task,210,210,1.0,M0_NO_GATE
ds004444_sub-028_ses-16_to_ses-01,ds004444,sub-028,ses-16,ses-01,rest,165,220,0.75,M1_HIGH_BETA
ds004444_sub-028_ses-16_to_ses-01,ds004444,sub-028,ses-16,ses-01,task,174,210,0.8285714285714286,M1_HIGH_BETA
ds004444_sub-028_ses-16_to_ses-01,ds004444,sub-028,ses-16,ses-01,rest,142,220,0.6454545454545455,M2_BROADBAND_HIGH_FREQUENCY
ds004444_sub-028_ses-16_to_ses-01,ds004444,sub-028,ses-16,ses-01,task,149,210,0.7095238095238096,M2_BROADBAND_HIGH_FREQUENCY
ds004444_sub-028_ses-16_to_ses-01,ds004444,sub-028,ses-16,ses-01,rest,99,220,0.45,M4_NFSQI_FULL_QUALITY
ds004444_sub-028_ses-16_to_ses-01,ds004444,sub-028,ses-16,ses-01,task,110,210,0.5238095238095238,M4_NFSQI_FULL_QUALITY
ds004444_sub-028_ses-16_to_ses-01,ds004444,sub-028,ses-16,ses-01,rest,0,220,0.0,M3_AMPLITUDE_150
ds004444_sub-028_ses-16_to_ses-01,ds004444,sub-028,ses-16,ses-01,task,0,210,0.0,M3_AMPLITUDE_150
ds004444_sub-029_ses-01_to_ses-16,ds004444,sub-029,ses-01,ses-16,rest,200,200,1.0,M0_NO_GATE
ds004444_sub-029_ses-01_to_ses-16,ds004444,sub-029,ses-01,ses-16,task,200,200,1.0,M0_NO_GATE
ds004444_sub-029_ses-01_to_ses-16,ds004444,sub-029,ses-01,ses-16,rest,150,200,0.75,M1_HIGH_BETA
ds004444_sub-029_ses-01_to_ses-16,ds004444,sub-029,ses-01,ses-16,task,174,200,0.87,M1_HIGH_BETA
ds004444_sub-029_ses-01_to_ses-16,ds004444,sub-029,ses-01,ses-16,rest,125,200,0.625,M2_BROADBAND_HIGH_FREQUENCY
ds004444_sub-029_ses-01_to_ses-16,ds004444,sub-029,ses-01,ses-16,task,166,200,0.83,M2_BROADBAND_HIGH_FREQUENCY
ds004444_sub-029_ses-01_to_ses-16,ds004444,sub-029,ses-01,ses-16,rest,100,200,0.5,M4_NFSQI_FULL_QUALITY
ds004444_sub-029_ses-01_to_ses-16,ds004444,sub-029,ses-01,ses-16,task,144,200,0.72,M4_NFSQI_FULL_QUALITY
ds004444_sub-029_ses-01_to_ses-16,ds004444,sub-029,ses-01,ses-16,rest,186,200,0.93,M3_AMPLITUDE_150
ds004444_sub-029_ses-01_to_ses-16,ds004444,sub-029,ses-01,ses-16,task,200,200,1.0,M3_AMPLITUDE_150
ds004444_sub-029_ses-16_to_ses-01,ds004444,sub-029,ses-16,ses-01,rest,200,200,1.0,M0_NO_GATE
ds004444_sub-029_ses-16_to_ses-01,ds004444,sub-029,ses-16,ses-01,task,200,200,1.0,M0_NO_GATE
ds004444_sub-029_ses-16_to_ses-01,ds004444,sub-029,ses-16,ses-01,rest,150,200,0.75,M1_HIGH_BETA
ds004444_sub-029_ses-16_to_ses-01,ds004444,sub-029,ses-16,ses-01,task,153,200,0.765,M1_HIGH_BETA
ds004444_sub-029_ses-16_to_ses-01,ds004444,sub-029,ses-16,ses-01,rest,120,200,0.6,M2_BROADBAND_HIGH_FREQUENCY
ds004444_sub-029_ses-16_to_ses-01,ds004444,sub-029,ses-16,ses-01,task,99,200,0.495,M2_BROADBAND_HIGH_FREQUENCY
ds004444_sub-029_ses-16_to_ses-01,ds004444,sub-029,ses-16,ses-01,rest,83,200,0.415,M4_NFSQI_FULL_QUALITY
ds004444_sub-029_ses-16_to_ses-01,ds004444,sub-029,ses-16,ses-01,task,60,200,0.3,M4_NFSQI_FULL_QUALITY
ds004444_sub-029_ses-16_to_ses-01,ds004444,sub-029,ses-16,ses-01,rest,200,200,1.0,M3_AMPLITUDE_150
ds004444_sub-029_ses-16_to_ses-01,ds004444,sub-029,ses-16,ses-01,task,200,200,1.0,M3_AMPLITUDE_150
ds004444_sub-030_ses-01_to_ses-16,ds004444,sub-030,ses-01,ses-16,rest,200,200,1.0,M0_NO_GATE
ds004444_sub-030_ses-01_to_ses-16,ds004444,sub-030,ses-01,ses-16,task,200,200,1.0,M0_NO_GATE
ds004444_sub-030_ses-01_to_ses-16,ds004444,sub-030,ses-01,ses-16,rest,150,200,0.75,M1_HIGH_BETA
ds004444_sub-030_ses-01_to_ses-16,ds004444,sub-030,ses-01,ses-16,task,151,200,0.755,M1_HIGH_BETA
ds004444_sub-030_ses-01_to_ses-16,ds004444,sub-030,ses-01,ses-16,rest,116,200,0.58,M2_BROADBAND_HIGH_FREQUENCY
ds004444_sub-030_ses-01_to_ses-16,ds004444,sub-030,ses-01,ses-16,task,112,200,0.56,M2_BROADBAND_HIGH_FREQUENCY
ds004444_sub-030_ses-01_to_ses-16,ds004444,sub-030,ses-01,ses-16,rest,76,200,0.38,M4_NFSQI_FULL_QUALITY
ds004444_sub-030_ses-01_to_ses-16,ds004444,sub-030,ses-01,ses-16,task,81,200,0.405,M4_NFSQI_FULL_QUALITY
ds004444_sub-030_ses-01_to_ses-16,ds004444,sub-030,ses-01,ses-16,rest,138,200,0.69,M3_AMPLITUDE_150
ds004444_sub-030_ses-01_to_ses-16,ds004444,sub-030,ses-01,ses-16,task,156,200,0.78,M3_AMPLITUDE_150
ds004444_sub-030_ses-16_to_ses-01,ds004444,sub-030,ses-16,ses-01,rest,200,200,1.0,M0_NO_GATE
ds004444_sub-030_ses-16_to_ses-01,ds004444,sub-030,ses-16,ses-01,task,200,200,1.0,M0_NO_GATE
ds004444_sub-030_ses-16_to_ses-01,ds004444,sub-030,ses-16,ses-01,rest,150,200,0.75,M1_HIGH_BETA
ds004444_sub-030_ses-16_to_ses-01,ds004444,sub-030,ses-16,ses-01,task,136,200,0.68,M1_HIGH_BETA
ds004444_sub-030_ses-16_to_ses-01,ds004444,sub-030,ses-16,ses-01,rest,116,200,0.58,M2_BROADBAND_HIGH_FREQUENCY
ds004444_sub-030_ses-16_to_ses-01,ds004444,sub-030,ses-16,ses-01,task,81,200,0.405,M2_BROADBAND_HIGH_FREQUENCY
ds004444_sub-030_ses-16_to_ses-01,ds004444,sub-030,ses-16,ses-01,rest,81,200,0.405,M4_NFSQI_FULL_QUALITY
ds004444_sub-030_ses-16_to_ses-01,ds004444,sub-030,ses-16,ses-01,task,50,200,0.25,M4_NFSQI_FULL_QUALITY
ds004444_sub-030_ses-16_to_ses-01,ds004444,sub-030,ses-16,ses-01,rest,0,200,0.0,M3_AMPLITUDE_150
ds004444_sub-030_ses-16_to_ses-01,ds004444,sub-030,ses-16,ses-01,task,0,200,0.0,M3_AMPLITUDE_150
ds004446_sub-004_ses-01_to_ses-08,ds004446,sub-004,ses-01,ses-08,rest,282,282,1.0,M0_NO_GATE
ds004446_sub-004_ses-01_to_ses-08,ds004446,sub-004,ses-01,ses-08,task,242,242,1.0,M0_NO_GATE
ds004446_sub-004_ses-01_to_ses-08,ds004446,sub-004,ses-01,ses-08,rest,211,282,0.74822695035461,M1_HIGH_BETA
ds004446_sub-004_ses-01_to_ses-08,ds004446,sub-004,ses-01,ses-08,task,168,242,0.6942148760330579,M1_HIGH_BETA
ds004446_sub-004_ses-01_to_ses-08,ds004446,sub-004,ses-01,ses-08,rest,155,282,0.549645390070922,M2_BROADBAND_HIGH_FREQUENCY
ds004446_sub-004_ses-01_to_ses-08,ds004446,sub-004,ses-01,ses-08,task,137,242,0.5661157024793388,M2_BROADBAND_HIGH_FREQUENCY
ds004446_sub-004_ses-01_to_ses-08,ds004446,sub-004,ses-01,ses-08,rest,98,282,0.3475177304964539,M4_NFSQI_FULL_QUALITY
ds004446_sub-004_ses-01_to_ses-08,ds004446,sub-004,ses-01,ses-08,task,78,242,0.3223140495867768,M4_NFSQI_FULL_QUALITY
ds004446_sub-004_ses-01_to_ses-08,ds004446,sub-004,ses-01,ses-08,rest,282,282,1.0,M3_AMPLITUDE_150
ds004446_sub-004_ses-01_to_ses-08,ds004446,sub-004,ses-01,ses-08,task,241,242,0.9958677685950412,M3_AMPLITUDE_150
ds004446_sub-004_ses-08_to_ses-01,ds004446,sub-004,ses-08,ses-01,rest,280,280,1.0,M0_NO_GATE
ds004446_sub-004_ses-08_to_ses-01,ds004446,sub-004,ses-08,ses-01,task,240,240,1.0,M0_NO_GATE
ds004446_sub-004_ses-08_to_ses-01,ds004446,sub-004,ses-08,ses-01,rest,210,280,0.75,M1_HIGH_BETA
ds004446_sub-004_ses-08_to_ses-01,ds004446,sub-004,ses-08,ses-01,task,212,240,0.8833333333333333,M1_HIGH_BETA
ds004446_sub-004_ses-08_to_ses-01,ds004446,sub-004,ses-08,ses-01,rest,160,280,0.5714285714285714,M2_BROADBAND_HIGH_FREQUENCY
ds004446_sub-004_ses-08_to_ses-01,ds004446,sub-004,ses-08,ses-01,task,149,240,0.6208333333333333,M2_BROADBAND_HIGH_FREQUENCY
ds004446_sub-004_ses-08_to_ses-01,ds004446,sub-004,ses-08,ses-01,rest,102,280,0.3642857142857142,M4_NFSQI_FULL_QUALITY
ds004446_sub-004_ses-08_to_ses-01,ds004446,sub-004,ses-08,ses-01,task,121,240,0.5041666666666667,M4_NFSQI_FULL_QUALITY
ds004446_sub-004_ses-08_to_ses-01,ds004446,sub-004,ses-08,ses-01,rest,280,280,1.0,M3_AMPLITUDE_150
ds004446_sub-004_ses-08_to_ses-01,ds004446,sub-004,ses-08,ses-01,task,237,240,0.9875,M3_AMPLITUDE_150
ds004446_sub-005_ses-01_to_ses-08,ds004446,sub-005,ses-01,ses-08,rest,280,280,1.0,M0_NO_GATE
ds004446_sub-005_ses-01_to_ses-08,ds004446,sub-005,ses-01,ses-08,task,240,240,1.0,M0_NO_GATE
ds004446_sub-005_ses-01_to_ses-08,ds004446,sub-005,ses-01,ses-08,rest,210,280,0.75,M1_HIGH_BETA
ds004446_sub-005_ses-01_to_ses-08,ds004446,sub-005,ses-01,ses-08,task,207,240,0.8625,M1_HIGH_BETA
ds004446_sub-005_ses-01_to_ses-08,ds004446,sub-005,ses-01,ses-08,rest,182,280,0.65,M2_BROADBAND_HIGH_FREQUENCY
ds004446_sub-005_ses-01_to_ses-08,ds004446,sub-005,ses-01,ses-08,task,171,240,0.7125,M2_BROADBAND_HIGH_FREQUENCY
ds004446_sub-005_ses-01_to_ses-08,ds004446,sub-005,ses-01,ses-08,rest,138,280,0.4928571428571429,M4_NFSQI_FULL_QUALITY
ds004446_sub-005_ses-01_to_ses-08,ds004446,sub-005,ses-01,ses-08,task,146,240,0.6083333333333333,M4_NFSQI_FULL_QUALITY
ds004446_sub-005_ses-01_to_ses-08,ds004446,sub-005,ses-01,ses-08,rest,271,280,0.9678571428571427,M3_AMPLITUDE_150
ds004446_sub-005_ses-01_to_ses-08,ds004446,sub-005,ses-01,ses-08,task,231,240,0.9625,M3_AMPLITUDE_150
ds004446_sub-005_ses-08_to_ses-01,ds004446,sub-005,ses-08,ses-01,rest,280,280,1.0,M0_NO_GATE
ds004446_sub-005_ses-08_to_ses-01,ds004446,sub-005,ses-08,ses-01,task,240,240,1.0,M0_NO_GATE
ds004446_sub-005_ses-08_to_ses-01,ds004446,sub-005,ses-08,ses-01,rest,210,280,0.75,M1_HIGH_BETA
ds004446_sub-005_ses-08_to_ses-01,ds004446,sub-005,ses-08,ses-01,task,215,240,0.8958333333333334,M1_HIGH_BETA
ds004446_sub-005_ses-08_to_ses-01,ds004446,sub-005,ses-08,ses-01,rest,175,280,0.625,M2_BROADBAND_HIGH_FREQUENCY
ds004446_sub-005_ses-08_to_ses-01,ds004446,sub-005,ses-08,ses-01,task,124,240,0.5166666666666667,M2_BROADBAND_HIGH_FREQUENCY
ds004446_sub-005_ses-08_to_ses-01,ds004446,sub-005,ses-08,ses-01,rest,130,280,0.4642857142857143,M4_NFSQI_FULL_QUALITY
ds004446_sub-005_ses-08_to_ses-01,ds004446,sub-005,ses-08,ses-01,task,103,240,0.4291666666666666,M4_NFSQI_FULL_QUALITY
ds004446_sub-005_ses-08_to_ses-01,ds004446,sub-005,ses-08,ses-01,rest,280,280,1.0,M3_AMPLITUDE_150
ds004446_sub-005_ses-08_to_ses-01,ds004446,sub-005,ses-08,ses-01,task,240,240,1.0,M3_AMPLITUDE_150
ds004446_sub-012_ses-01_to_ses-08,ds004446,sub-012,ses-01,ses-08,rest,280,280,1.0,M0_NO_GATE
ds004446_sub-012_ses-01_to_ses-08,ds004446,sub-012,ses-01,ses-08,task,243,243,1.0,M0_NO_GATE
ds004446_sub-012_ses-01_to_ses-08,ds004446,sub-012,ses-01,ses-08,rest,210,280,0.75,M1_HIGH_BETA
ds004446_sub-012_ses-01_to_ses-08,ds004446,sub-012,ses-01,ses-08,task,209,243,0.8600823045267489,M1_HIGH_BETA
ds004446_sub-012_ses-01_to_ses-08,ds004446,sub-012,ses-01,ses-08,rest,171,280,0.6107142857142858,M2_BROADBAND_HIGH_FREQUENCY
ds004446_sub-012_ses-01_to_ses-08,ds004446,sub-012,ses-01,ses-08,task,166,243,0.6831275720164609,M2_BROADBAND_HIGH_FREQUENCY
ds004446_sub-012_ses-01_to_ses-08,ds004446,sub-012,ses-01,ses-08,rest,121,280,0.4321428571428571,M4_NFSQI_FULL_QUALITY
ds004446_sub-012_ses-01_to_ses-08,ds004446,sub-012,ses-01,ses-08,task,121,243,0.4979423868312757,M4_NFSQI_FULL_QUALITY
ds004446_sub-012_ses-01_to_ses-08,ds004446,sub-012,ses-01,ses-08,rest,275,280,0.9821428571428572,M3_AMPLITUDE_150
ds004446_sub-012_ses-01_to_ses-08,ds004446,sub-012,ses-01,ses-08,task,243,243,1.0,M3_AMPLITUDE_150
ds004446_sub-012_ses-08_to_ses-01,ds004446,sub-012,ses-08,ses-01,rest,299,299,1.0,M0_NO_GATE
ds004446_sub-012_ses-08_to_ses-01,ds004446,sub-012,ses-08,ses-01,task,260,260,1.0,M0_NO_GATE
ds004446_sub-012_ses-08_to_ses-01,ds004446,sub-012,ses-08,ses-01,rest,224,299,0.7491638795986622,M1_HIGH_BETA
ds004446_sub-012_ses-08_to_ses-01,ds004446,sub-012,ses-08,ses-01,task,208,260,0.8,M1_HIGH_BETA
ds004446_sub-012_ses-08_to_ses-01,ds004446,sub-012,ses-08,ses-01,rest,173,299,0.5785953177257525,M2_BROADBAND_HIGH_FREQUENCY
ds004446_sub-012_ses-08_to_ses-01,ds004446,sub-012,ses-08,ses-01,task,178,260,0.6846153846153846,M2_BROADBAND_HIGH_FREQUENCY
ds004446_sub-012_ses-08_to_ses-01,ds004446,sub-012,ses-08,ses-01,rest,122,299,0.4080267558528428,M4_NFSQI_FULL_QUALITY
ds004446_sub-012_ses-08_to_ses-01,ds004446,sub-012,ses-08,ses-01,task,135,260,0.5192307692307693,M4_NFSQI_FULL_QUALITY
ds004446_sub-012_ses-08_to_ses-01,ds004446,sub-012,ses-08,ses-01,rest,299,299,1.0,M3_AMPLITUDE_150
ds004446_sub-012_ses-08_to_ses-01,ds004446,sub-012,ses-08,ses-01,task,260,260,1.0,M3_AMPLITUDE_150
ds004446_sub-013_ses-01_to_ses-08,ds004446,sub-013,ses-01,ses-08,rest,280,280,1.0,M0_NO_GATE
ds004446_sub-013_ses-01_to_ses-08,ds004446,sub-013,ses-01,ses-08,task,240,240,1.0,M0_NO_GATE
ds004446_sub-013_ses-01_to_ses-08,ds004446,sub-013,ses-01,ses-08,rest,210,280,0.75,M1_HIGH_BETA
ds004446_sub-013_ses-01_to_ses-08,ds004446,sub-013,ses-01,ses-08,task,164,240,0.6833333333333333,M1_HIGH_BETA
ds004446_sub-013_ses-01_to_ses-08,ds004446,sub-013,ses-01,ses-08,rest,167,280,0.5964285714285714,M2_BROADBAND_HIGH_FREQUENCY
ds004446_sub-013_ses-01_to_ses-08,ds004446,sub-013,ses-01,ses-08,task,175,240,0.7291666666666666,M2_BROADBAND_HIGH_FREQUENCY
ds004446_sub-013_ses-01_to_ses-08,ds004446,sub-013,ses-01,ses-08,rest,108,280,0.3857142857142857,M4_NFSQI_FULL_QUALITY
ds004446_sub-013_ses-01_to_ses-08,ds004446,sub-013,ses-01,ses-08,task,109,240,0.4541666666666666,M4_NFSQI_FULL_QUALITY
ds004446_sub-013_ses-01_to_ses-08,ds004446,sub-013,ses-01,ses-08,rest,248,280,0.8857142857142857,M3_AMPLITUDE_150
ds004446_sub-013_ses-01_to_ses-08,ds004446,sub-013,ses-01,ses-08,task,239,240,0.9958333333333332,M3_AMPLITUDE_150
ds004446_sub-013_ses-08_to_ses-01,ds004446,sub-013,ses-08,ses-01,rest,280,280,1.0,M0_NO_GATE
ds004446_sub-013_ses-08_to_ses-01,ds004446,sub-013,ses-08,ses-01,task,240,240,1.0,M0_NO_GATE
ds004446_sub-013_ses-08_to_ses-01,ds004446,sub-013,ses-08,ses-01,rest,210,280,0.75,M1_HIGH_BETA
ds004446_sub-013_ses-08_to_ses-01,ds004446,sub-013,ses-08,ses-01,task,182,240,0.7583333333333333,M1_HIGH_BETA
ds004446_sub-013_ses-08_to_ses-01,ds004446,sub-013,ses-08,ses-01,rest,169,280,0.6035714285714285,M2_BROADBAND_HIGH_FREQUENCY
ds004446_sub-013_ses-08_to_ses-01,ds004446,sub-013,ses-08,ses-01,task,170,240,0.7083333333333334,M2_BROADBAND_HIGH_FREQUENCY
ds004446_sub-013_ses-08_to_ses-01,ds004446,sub-013,ses-08,ses-01,rest,112,280,0.4,M4_NFSQI_FULL_QUALITY
ds004446_sub-013_ses-08_to_ses-01,ds004446,sub-013,ses-08,ses-01,task,123,240,0.5125,M4_NFSQI_FULL_QUALITY
ds004446_sub-013_ses-08_to_ses-01,ds004446,sub-013,ses-08,ses-01,rest,262,280,0.9357142857142856,M3_AMPLITUDE_150
ds004446_sub-013_ses-08_to_ses-01,ds004446,sub-013,ses-08,ses-01,task,240,240,1.0,M3_AMPLITUDE_150
ds004446_sub-018_ses-01_to_ses-08,ds004446,sub-018,ses-01,ses-08,rest,281,281,1.0,M0_NO_GATE
ds004446_sub-018_ses-01_to_ses-08,ds004446,sub-018,ses-01,ses-08,task,256,256,1.0,M0_NO_GATE
ds004446_sub-018_ses-01_to_ses-08,ds004446,sub-018,ses-01,ses-08,rest,210,281,0.7473309608540926,M1_HIGH_BETA
ds004446_sub-018_ses-01_to_ses-08,ds004446,sub-018,ses-01,ses-08,task,204,256,0.796875,M1_HIGH_BETA
ds004446_sub-018_ses-01_to_ses-08,ds004446,sub-018,ses-01,ses-08,rest,158,281,0.5622775800711743,M2_BROADBAND_HIGH_FREQUENCY
ds004446_sub-018_ses-01_to_ses-08,ds004446,sub-018,ses-01,ses-08,task,153,256,0.59765625,M2_BROADBAND_HIGH_FREQUENCY
ds004446_sub-018_ses-01_to_ses-08,ds004446,sub-018,ses-01,ses-08,rest,100,281,0.3558718861209964,M4_NFSQI_FULL_QUALITY
ds004446_sub-018_ses-01_to_ses-08,ds004446,sub-018,ses-01,ses-08,task,113,256,0.44140625,M4_NFSQI_FULL_QUALITY
ds004446_sub-018_ses-01_to_ses-08,ds004446,sub-018,ses-01,ses-08,rest,279,281,0.99288256227758,M3_AMPLITUDE_150
ds004446_sub-018_ses-01_to_ses-08,ds004446,sub-018,ses-01,ses-08,task,254,256,0.9921875,M3_AMPLITUDE_150
ds004446_sub-018_ses-08_to_ses-01,ds004446,sub-018,ses-08,ses-01,rest,282,282,1.0,M0_NO_GATE
ds004446_sub-018_ses-08_to_ses-01,ds004446,sub-018,ses-08,ses-01,task,251,251,1.0,M0_NO_GATE
ds004446_sub-018_ses-08_to_ses-01,ds004446,sub-018,ses-08,ses-01,rest,211,282,0.74822695035461,M1_HIGH_BETA
ds004446_sub-018_ses-08_to_ses-01,ds004446,sub-018,ses-08,ses-01,task,198,251,0.7888446215139442,M1_HIGH_BETA
ds004446_sub-018_ses-08_to_ses-01,ds004446,sub-018,ses-08,ses-01,rest,159,282,0.5638297872340425,M2_BROADBAND_HIGH_FREQUENCY
ds004446_sub-018_ses-08_to_ses-01,ds004446,sub-018,ses-08,ses-01,task,158,251,0.6294820717131474,M2_BROADBAND_HIGH_FREQUENCY
ds004446_sub-018_ses-08_to_ses-01,ds004446,sub-018,ses-08,ses-01,rest,107,282,0.3794326241134751,M4_NFSQI_FULL_QUALITY
ds004446_sub-018_ses-08_to_ses-01,ds004446,sub-018,ses-08,ses-01,task,125,251,0.49800796812749,M4_NFSQI_FULL_QUALITY
ds004446_sub-018_ses-08_to_ses-01,ds004446,sub-018,ses-08,ses-01,rest,276,282,0.9787234042553192,M3_AMPLITUDE_150
ds004446_sub-018_ses-08_to_ses-01,ds004446,sub-018,ses-08,ses-01,task,251,251,1.0,M3_AMPLITUDE_150
ds004447_sub-001_ses-01_to_ses-19,ds004447,sub-001,ses-01,ses-19,rest,86,86,1.0,M0_NO_GATE
ds004447_sub-001_ses-01_to_ses-19,ds004447,sub-001,ses-01,ses-19,task,108,108,1.0,M0_NO_GATE
ds004447_sub-001_ses-01_to_ses-19,ds004447,sub-001,ses-01,ses-19,rest,64,86,0.7441860465116279,M1_HIGH_BETA
ds004447_sub-001_ses-01_to_ses-19,ds004447,sub-001,ses-01,ses-19,task,100,108,0.925925925925926,M1_HIGH_BETA
ds004447_sub-001_ses-01_to_ses-19,ds004447,sub-001,ses-01,ses-19,rest,46,86,0.5348837209302325,M2_BROADBAND_HIGH_FREQUENCY
ds004447_sub-001_ses-01_to_ses-19,ds004447,sub-001,ses-01,ses-19,task,71,108,0.6574074074074074,M2_BROADBAND_HIGH_FREQUENCY
ds004447_sub-001_ses-01_to_ses-19,ds004447,sub-001,ses-01,ses-19,rest,27,86,0.313953488372093,M4_NFSQI_FULL_QUALITY
ds004447_sub-001_ses-01_to_ses-19,ds004447,sub-001,ses-01,ses-19,task,56,108,0.5185185185185185,M4_NFSQI_FULL_QUALITY
ds004447_sub-001_ses-01_to_ses-19,ds004447,sub-001,ses-01,ses-19,rest,82,86,0.9534883720930232,M3_AMPLITUDE_150
ds004447_sub-001_ses-01_to_ses-19,ds004447,sub-001,ses-01,ses-19,task,108,108,1.0,M3_AMPLITUDE_150
ds004447_sub-001_ses-19_to_ses-01,ds004447,sub-001,ses-19,ses-01,rest,76,76,1.0,M0_NO_GATE
ds004447_sub-001_ses-19_to_ses-01,ds004447,sub-001,ses-19,ses-01,task,100,100,1.0,M0_NO_GATE
ds004447_sub-001_ses-19_to_ses-01,ds004447,sub-001,ses-19,ses-01,rest,57,76,0.75,M1_HIGH_BETA
ds004447_sub-001_ses-19_to_ses-01,ds004447,sub-001,ses-19,ses-01,task,81,100,0.81,M1_HIGH_BETA
ds004447_sub-001_ses-19_to_ses-01,ds004447,sub-001,ses-19,ses-01,rest,44,76,0.5789473684210527,M2_BROADBAND_HIGH_FREQUENCY
ds004447_sub-001_ses-19_to_ses-01,ds004447,sub-001,ses-19,ses-01,task,51,100,0.51,M2_BROADBAND_HIGH_FREQUENCY
ds004447_sub-001_ses-19_to_ses-01,ds004447,sub-001,ses-19,ses-01,rest,30,76,0.3947368421052631,M4_NFSQI_FULL_QUALITY
ds004447_sub-001_ses-19_to_ses-01,ds004447,sub-001,ses-19,ses-01,task,40,100,0.4,M4_NFSQI_FULL_QUALITY
ds004447_sub-001_ses-19_to_ses-01,ds004447,sub-001,ses-19,ses-01,rest,76,76,1.0,M3_AMPLITUDE_150
ds004447_sub-001_ses-19_to_ses-01,ds004447,sub-001,ses-19,ses-01,task,100,100,1.0,M3_AMPLITUDE_150
ds004447_sub-002_ses-01_to_ses-19,ds004447,sub-002,ses-01,ses-19,rest,70,70,1.0,M0_NO_GATE
ds004447_sub-002_ses-01_to_ses-19,ds004447,sub-002,ses-01,ses-19,task,98,98,1.0,M0_NO_GATE
ds004447_sub-002_ses-01_to_ses-19,ds004447,sub-002,ses-01,ses-19,rest,52,70,0.7428571428571429,M1_HIGH_BETA
ds004447_sub-002_ses-01_to_ses-19,ds004447,sub-002,ses-01,ses-19,task,64,98,0.6530612244897959,M1_HIGH_BETA
ds004447_sub-002_ses-01_to_ses-19,ds004447,sub-002,ses-01,ses-19,rest,39,70,0.5571428571428572,M2_BROADBAND_HIGH_FREQUENCY
ds004447_sub-002_ses-01_to_ses-19,ds004447,sub-002,ses-01,ses-19,task,33,98,0.336734693877551,M2_BROADBAND_HIGH_FREQUENCY
ds004447_sub-002_ses-01_to_ses-19,ds004447,sub-002,ses-01,ses-19,rest,22,70,0.3142857142857143,M4_NFSQI_FULL_QUALITY
ds004447_sub-002_ses-01_to_ses-19,ds004447,sub-002,ses-01,ses-19,task,23,98,0.2346938775510204,M4_NFSQI_FULL_QUALITY
ds004447_sub-002_ses-01_to_ses-19,ds004447,sub-002,ses-01,ses-19,rest,70,70,1.0,M3_AMPLITUDE_150
ds004447_sub-002_ses-01_to_ses-19,ds004447,sub-002,ses-01,ses-19,task,98,98,1.0,M3_AMPLITUDE_150
ds004447_sub-002_ses-19_to_ses-01,ds004447,sub-002,ses-19,ses-01,rest,76,76,1.0,M0_NO_GATE
ds004447_sub-002_ses-19_to_ses-01,ds004447,sub-002,ses-19,ses-01,task,100,100,1.0,M0_NO_GATE
ds004447_sub-002_ses-19_to_ses-01,ds004447,sub-002,ses-19,ses-01,rest,57,76,0.75,M1_HIGH_BETA
ds004447_sub-002_ses-19_to_ses-01,ds004447,sub-002,ses-19,ses-01,task,81,100,0.81,M1_HIGH_BETA
ds004447_sub-002_ses-19_to_ses-01,ds004447,sub-002,ses-19,ses-01,rest,44,76,0.5789473684210527,M2_BROADBAND_HIGH_FREQUENCY
ds004447_sub-002_ses-19_to_ses-01,ds004447,sub-002,ses-19,ses-01,task,51,100,0.51,M2_BROADBAND_HIGH_FREQUENCY
ds004447_sub-002_ses-19_to_ses-01,ds004447,sub-002,ses-19,ses-01,rest,30,76,0.3947368421052631,M4_NFSQI_FULL_QUALITY
ds004447_sub-002_ses-19_to_ses-01,ds004447,sub-002,ses-19,ses-01,task,40,100,0.4,M4_NFSQI_FULL_QUALITY
ds004447_sub-002_ses-19_to_ses-01,ds004447,sub-002,ses-19,ses-01,rest,76,76,1.0,M3_AMPLITUDE_150
ds004447_sub-002_ses-19_to_ses-01,ds004447,sub-002,ses-19,ses-01,task,100,100,1.0,M3_AMPLITUDE_150
ds004447_sub-003_ses-01_to_ses-19,ds004447,sub-003,ses-01,ses-19,rest,74,74,1.0,M0_NO_GATE
ds004447_sub-003_ses-01_to_ses-19,ds004447,sub-003,ses-01,ses-19,task,100,100,1.0,M0_NO_GATE
ds004447_sub-003_ses-01_to_ses-19,ds004447,sub-003,ses-01,ses-19,rest,55,74,0.7432432432432432,M1_HIGH_BETA
ds004447_sub-003_ses-01_to_ses-19,ds004447,sub-003,ses-01,ses-19,task,66,100,0.66,M1_HIGH_BETA
ds004447_sub-003_ses-01_to_ses-19,ds004447,sub-003,ses-01,ses-19,rest,43,74,0.581081081081081,M2_BROADBAND_HIGH_FREQUENCY
ds004447_sub-003_ses-01_to_ses-19,ds004447,sub-003,ses-01,ses-19,task,43,100,0.43,M2_BROADBAND_HIGH_FREQUENCY
ds004447_sub-003_ses-01_to_ses-19,ds004447,sub-003,ses-01,ses-19,rest,29,74,0.3918918918918919,M4_NFSQI_FULL_QUALITY
ds004447_sub-003_ses-01_to_ses-19,ds004447,sub-003,ses-01,ses-19,task,28,100,0.28,M4_NFSQI_FULL_QUALITY
ds004447_sub-003_ses-01_to_ses-19,ds004447,sub-003,ses-01,ses-19,rest,74,74,1.0,M3_AMPLITUDE_150
ds004447_sub-003_ses-01_to_ses-19,ds004447,sub-003,ses-01,ses-19,task,100,100,1.0,M3_AMPLITUDE_150
ds004447_sub-003_ses-19_to_ses-01,ds004447,sub-003,ses-19,ses-01,rest,85,85,1.0,M0_NO_GATE
ds004447_sub-003_ses-19_to_ses-01,ds004447,sub-003,ses-19,ses-01,task,110,110,1.0,M0_NO_GATE
ds004447_sub-003_ses-19_to_ses-01,ds004447,sub-003,ses-19,ses-01,rest,63,85,0.7411764705882353,M1_HIGH_BETA
ds004447_sub-003_ses-19_to_ses-01,ds004447,sub-003,ses-19,ses-01,task,95,110,0.8636363636363636,M1_HIGH_BETA
ds004447_sub-003_ses-19_to_ses-01,ds004447,sub-003,ses-19,ses-01,rest,47,85,0.5529411764705883,M2_BROADBAND_HIGH_FREQUENCY
ds004447_sub-003_ses-19_to_ses-01,ds004447,sub-003,ses-19,ses-01,task,53,110,0.4818181818181818,M2_BROADBAND_HIGH_FREQUENCY
ds004447_sub-003_ses-19_to_ses-01,ds004447,sub-003,ses-19,ses-01,rest,23,85,0.2705882352941176,M4_NFSQI_FULL_QUALITY
ds004447_sub-003_ses-19_to_ses-01,ds004447,sub-003,ses-19,ses-01,task,39,110,0.3545454545454545,M4_NFSQI_FULL_QUALITY
ds004447_sub-003_ses-19_to_ses-01,ds004447,sub-003,ses-19,ses-01,rest,85,85,1.0,M3_AMPLITUDE_150
ds004447_sub-003_ses-19_to_ses-01,ds004447,sub-003,ses-19,ses-01,task,110,110,1.0,M3_AMPLITUDE_150
ds004447_sub-004_ses-01_to_ses-19,ds004447,sub-004,ses-01,ses-19,rest,74,74,1.0,M0_NO_GATE
ds004447_sub-004_ses-01_to_ses-19,ds004447,sub-004,ses-01,ses-19,task,97,97,1.0,M0_NO_GATE
ds004447_sub-004_ses-01_to_ses-19,ds004447,sub-004,ses-01,ses-19,rest,55,74,0.7432432432432432,M1_HIGH_BETA
ds004447_sub-004_ses-01_to_ses-19,ds004447,sub-004,ses-01,ses-19,task,75,97,0.7731958762886598,M1_HIGH_BETA
ds004447_sub-004_ses-01_to_ses-19,ds004447,sub-004,ses-01,ses-19,rest,39,74,0.527027027027027,M2_BROADBAND_HIGH_FREQUENCY
ds004447_sub-004_ses-01_to_ses-19,ds004447,sub-004,ses-01,ses-19,task,51,97,0.5257731958762887,M2_BROADBAND_HIGH_FREQUENCY
ds004447_sub-004_ses-01_to_ses-19,ds004447,sub-004,ses-01,ses-19,rest,25,74,0.3378378378378378,M4_NFSQI_FULL_QUALITY
ds004447_sub-004_ses-01_to_ses-19,ds004447,sub-004,ses-01,ses-19,task,26,97,0.268041237113402,M4_NFSQI_FULL_QUALITY
ds004447_sub-004_ses-01_to_ses-19,ds004447,sub-004,ses-01,ses-19,rest,74,74,1.0,M3_AMPLITUDE_150
ds004447_sub-004_ses-01_to_ses-19,ds004447,sub-004,ses-01,ses-19,task,97,97,1.0,M3_AMPLITUDE_150
ds004447_sub-004_ses-19_to_ses-01,ds004447,sub-004,ses-19,ses-01,rest,76,76,1.0,M0_NO_GATE
ds004447_sub-004_ses-19_to_ses-01,ds004447,sub-004,ses-19,ses-01,task,100,100,1.0,M0_NO_GATE
ds004447_sub-004_ses-19_to_ses-01,ds004447,sub-004,ses-19,ses-01,rest,57,76,0.75,M1_HIGH_BETA
ds004447_sub-004_ses-19_to_ses-01,ds004447,sub-004,ses-19,ses-01,task,81,100,0.81,M1_HIGH_BETA
ds004447_sub-004_ses-19_to_ses-01,ds004447,sub-004,ses-19,ses-01,rest,45,76,0.5921052631578947,M2_BROADBAND_HIGH_FREQUENCY
ds004447_sub-004_ses-19_to_ses-01,ds004447,sub-004,ses-19,ses-01,task,48,100,0.48,M2_BROADBAND_HIGH_FREQUENCY
ds004447_sub-004_ses-19_to_ses-01,ds004447,sub-004,ses-19,ses-01,rest,31,76,0.4078947368421052,M4_NFSQI_FULL_QUALITY
ds004447_sub-004_ses-19_to_ses-01,ds004447,sub-004,ses-19,ses-01,task,35,100,0.35,M4_NFSQI_FULL_QUALITY
ds004447_sub-004_ses-19_to_ses-01,ds004447,sub-004,ses-19,ses-01,rest,76,76,1.0,M3_AMPLITUDE_150
ds004447_sub-004_ses-19_to_ses-01,ds004447,sub-004,ses-19,ses-01,task,100,100,1.0,M3_AMPLITUDE_150
ds004447_sub-005_ses-01_to_ses-19,ds004447,sub-005,ses-01,ses-19,rest,70,70,1.0,M0_NO_GATE
ds004447_sub-005_ses-01_to_ses-19,ds004447,sub-005,ses-01,ses-19,task,96,96,1.0,M0_NO_GATE
ds004447_sub-005_ses-01_to_ses-19,ds004447,sub-005,ses-01,ses-19,rest,52,70,0.7428571428571429,M1_HIGH_BETA
ds004447_sub-005_ses-01_to_ses-19,ds004447,sub-005,ses-01,ses-19,task,76,96,0.7916666666666666,M1_HIGH_BETA
ds004447_sub-005_ses-01_to_ses-19,ds004447,sub-005,ses-01,ses-19,rest,41,70,0.5857142857142857,M2_BROADBAND_HIGH_FREQUENCY
ds004447_sub-005_ses-01_to_ses-19,ds004447,sub-005,ses-01,ses-19,task,56,96,0.5833333333333334,M2_BROADBAND_HIGH_FREQUENCY
ds004447_sub-005_ses-01_to_ses-19,ds004447,sub-005,ses-01,ses-19,rest,29,70,0.4142857142857143,M4_NFSQI_FULL_QUALITY
ds004447_sub-005_ses-01_to_ses-19,ds004447,sub-005,ses-01,ses-19,task,45,96,0.46875,M4_NFSQI_FULL_QUALITY
ds004447_sub-005_ses-01_to_ses-19,ds004447,sub-005,ses-01,ses-19,rest,65,70,0.9285714285714286,M3_AMPLITUDE_150
ds004447_sub-005_ses-01_to_ses-19,ds004447,sub-005,ses-01,ses-19,task,96,96,1.0,M3_AMPLITUDE_150
ds004447_sub-005_ses-19_to_ses-01,ds004447,sub-005,ses-19,ses-01,rest,78,78,1.0,M0_NO_GATE
ds004447_sub-005_ses-19_to_ses-01,ds004447,sub-005,ses-19,ses-01,task,100,100,1.0,M0_NO_GATE
ds004447_sub-005_ses-19_to_ses-01,ds004447,sub-005,ses-19,ses-01,rest,58,78,0.7435897435897436,M1_HIGH_BETA
ds004447_sub-005_ses-19_to_ses-01,ds004447,sub-005,ses-19,ses-01,task,85,100,0.85,M1_HIGH_BETA
ds004447_sub-005_ses-19_to_ses-01,ds004447,sub-005,ses-19,ses-01,rest,47,78,0.6025641025641025,M2_BROADBAND_HIGH_FREQUENCY
ds004447_sub-005_ses-19_to_ses-01,ds004447,sub-005,ses-19,ses-01,task,73,100,0.73,M2_BROADBAND_HIGH_FREQUENCY
ds004447_sub-005_ses-19_to_ses-01,ds004447,sub-005,ses-19,ses-01,rest,34,78,0.4358974358974359,M4_NFSQI_FULL_QUALITY
ds004447_sub-005_ses-19_to_ses-01,ds004447,sub-005,ses-19,ses-01,task,58,100,0.58,M4_NFSQI_FULL_QUALITY
ds004447_sub-005_ses-19_to_ses-01,ds004447,sub-005,ses-19,ses-01,rest,74,78,0.9487179487179488,M3_AMPLITUDE_150
ds004447_sub-005_ses-19_to_ses-01,ds004447,sub-005,ses-19,ses-01,task,99,100,0.99,M3_AMPLITUDE_150
ds004447_sub-006_ses-01_to_ses-19,ds004447,sub-006,ses-01,ses-19,rest,72,72,1.0,M0_NO_GATE
ds004447_sub-006_ses-01_to_ses-19,ds004447,sub-006,ses-01,ses-19,task,103,103,1.0,M0_NO_GATE
ds004447_sub-006_ses-01_to_ses-19,ds004447,sub-006,ses-01,ses-19,rest,54,72,0.75,M1_HIGH_BETA
ds004447_sub-006_ses-01_to_ses-19,ds004447,sub-006,ses-01,ses-19,task,92,103,0.8932038834951457,M1_HIGH_BETA
ds004447_sub-006_ses-01_to_ses-19,ds004447,sub-006,ses-01,ses-19,rest,43,72,0.5972222222222222,M2_BROADBAND_HIGH_FREQUENCY
ds004447_sub-006_ses-01_to_ses-19,ds004447,sub-006,ses-01,ses-19,task,67,103,0.6504854368932039,M2_BROADBAND_HIGH_FREQUENCY
ds004447_sub-006_ses-01_to_ses-19,ds004447,sub-006,ses-01,ses-19,rest,29,72,0.4027777777777778,M4_NFSQI_FULL_QUALITY
ds004447_sub-006_ses-01_to_ses-19,ds004447,sub-006,ses-01,ses-19,task,54,103,0.5242718446601942,M4_NFSQI_FULL_QUALITY
ds004447_sub-006_ses-01_to_ses-19,ds004447,sub-006,ses-01,ses-19,rest,71,72,0.9861111111111112,M3_AMPLITUDE_150
ds004447_sub-006_ses-01_to_ses-19,ds004447,sub-006,ses-01,ses-19,task,103,103,1.0,M3_AMPLITUDE_150
ds004447_sub-006_ses-19_to_ses-01,ds004447,sub-006,ses-19,ses-01,rest,80,80,1.0,M0_NO_GATE
ds004447_sub-006_ses-19_to_ses-01,ds004447,sub-006,ses-19,ses-01,task,100,100,1.0,M0_NO_GATE
ds004447_sub-006_ses-19_to_ses-01,ds004447,sub-006,ses-19,ses-01,rest,60,80,0.75,M1_HIGH_BETA
ds004447_sub-006_ses-19_to_ses-01,ds004447,sub-006,ses-19,ses-01,task,85,100,0.85,M1_HIGH_BETA
ds004447_sub-006_ses-19_to_ses-01,ds004447,sub-006,ses-19,ses-01,rest,53,80,0.6625,M2_BROADBAND_HIGH_FREQUENCY
ds004447_sub-006_ses-19_to_ses-01,ds004447,sub-006,ses-19,ses-01,task,82,100,0.82,M2_BROADBAND_HIGH_FREQUENCY
ds004447_sub-006_ses-19_to_ses-01,ds004447,sub-006,ses-19,ses-01,rest,38,80,0.475,M4_NFSQI_FULL_QUALITY
ds004447_sub-006_ses-19_to_ses-01,ds004447,sub-006,ses-19,ses-01,task,65,100,0.65,M4_NFSQI_FULL_QUALITY
ds004447_sub-006_ses-19_to_ses-01,ds004447,sub-006,ses-19,ses-01,rest,67,80,0.8375,M3_AMPLITUDE_150
ds004447_sub-006_ses-19_to_ses-01,ds004447,sub-006,ses-19,ses-01,task,97,100,0.97,M3_AMPLITUDE_150
ds004447_sub-007_ses-01_to_ses-19,ds004447,sub-007,ses-01,ses-19,rest,82,82,1.0,M0_NO_GATE
ds004447_sub-007_ses-01_to_ses-19,ds004447,sub-007,ses-01,ses-19,task,110,110,1.0,M0_NO_GATE
ds004447_sub-007_ses-01_to_ses-19,ds004447,sub-007,ses-01,ses-19,rest,61,82,0.7439024390243902,M1_HIGH_BETA
ds004447_sub-007_ses-01_to_ses-19,ds004447,sub-007,ses-01,ses-19,task,97,110,0.8818181818181818,M1_HIGH_BETA
ds004447_sub-007_ses-01_to_ses-19,ds004447,sub-007,ses-01,ses-19,rest,47,82,0.573170731707317,M2_BROADBAND_HIGH_FREQUENCY
ds004447_sub-007_ses-01_to_ses-19,ds004447,sub-007,ses-01,ses-19,task,96,110,0.8727272727272727,M2_BROADBAND_HIGH_FREQUENCY
ds004447_sub-007_ses-01_to_ses-19,ds004447,sub-007,ses-01,ses-19,rest,29,82,0.3536585365853658,M4_NFSQI_FULL_QUALITY
ds004447_sub-007_ses-01_to_ses-19,ds004447,sub-007,ses-01,ses-19,task,82,110,0.7454545454545455,M4_NFSQI_FULL_QUALITY
ds004447_sub-007_ses-01_to_ses-19,ds004447,sub-007,ses-01,ses-19,rest,81,82,0.9878048780487804,M3_AMPLITUDE_150
ds004447_sub-007_ses-01_to_ses-19,ds004447,sub-007,ses-01,ses-19,task,110,110,1.0,M3_AMPLITUDE_150
ds004447_sub-007_ses-19_to_ses-01,ds004447,sub-007,ses-19,ses-01,rest,70,70,1.0,M0_NO_GATE
ds004447_sub-007_ses-19_to_ses-01,ds004447,sub-007,ses-19,ses-01,task,100,100,1.0,M0_NO_GATE
ds004447_sub-007_ses-19_to_ses-01,ds004447,sub-007,ses-19,ses-01,rest,52,70,0.7428571428571429,M1_HIGH_BETA
ds004447_sub-007_ses-19_to_ses-01,ds004447,sub-007,ses-19,ses-01,task,82,100,0.82,M1_HIGH_BETA
ds004447_sub-007_ses-19_to_ses-01,ds004447,sub-007,ses-19,ses-01,rest,36,70,0.5142857142857142,M2_BROADBAND_HIGH_FREQUENCY
ds004447_sub-007_ses-19_to_ses-01,ds004447,sub-007,ses-19,ses-01,task,63,100,0.63,M2_BROADBAND_HIGH_FREQUENCY
ds004447_sub-007_ses-19_to_ses-01,ds004447,sub-007,ses-19,ses-01,rest,21,70,0.3,M4_NFSQI_FULL_QUALITY
ds004447_sub-007_ses-19_to_ses-01,ds004447,sub-007,ses-19,ses-01,task,50,100,0.5,M4_NFSQI_FULL_QUALITY
ds004447_sub-007_ses-19_to_ses-01,ds004447,sub-007,ses-19,ses-01,rest,70,70,1.0,M3_AMPLITUDE_150
ds004447_sub-007_ses-19_to_ses-01,ds004447,sub-007,ses-19,ses-01,task,100,100,1.0,M3_AMPLITUDE_150
ds004447_sub-008_ses-01_to_ses-19,ds004447,sub-008,ses-01,ses-19,rest,74,74,1.0,M0_NO_GATE
ds004447_sub-008_ses-01_to_ses-19,ds004447,sub-008,ses-01,ses-19,task,97,97,1.0,M0_NO_GATE
ds004447_sub-008_ses-01_to_ses-19,ds004447,sub-008,ses-01,ses-19,rest,55,74,0.7432432432432432,M1_HIGH_BETA
ds004447_sub-008_ses-01_to_ses-19,ds004447,sub-008,ses-01,ses-19,task,74,97,0.7628865979381443,M1_HIGH_BETA
ds004447_sub-008_ses-01_to_ses-19,ds004447,sub-008,ses-01,ses-19,rest,41,74,0.5540540540540541,M2_BROADBAND_HIGH_FREQUENCY
ds004447_sub-008_ses-01_to_ses-19,ds004447,sub-008,ses-01,ses-19,task,48,97,0.4948453608247423,M2_BROADBAND_HIGH_FREQUENCY
ds004447_sub-008_ses-01_to_ses-19,ds004447,sub-008,ses-01,ses-19,rest,27,74,0.3648648648648648,M4_NFSQI_FULL_QUALITY
ds004447_sub-008_ses-01_to_ses-19,ds004447,sub-008,ses-01,ses-19,task,36,97,0.3711340206185567,M4_NFSQI_FULL_QUALITY
ds004447_sub-008_ses-01_to_ses-19,ds004447,sub-008,ses-01,ses-19,rest,74,74,1.0,M3_AMPLITUDE_150
ds004447_sub-008_ses-01_to_ses-19,ds004447,sub-008,ses-01,ses-19,task,97,97,1.0,M3_AMPLITUDE_150
ds004447_sub-008_ses-19_to_ses-01,ds004447,sub-008,ses-19,ses-01,rest,80,80,1.0,M0_NO_GATE
ds004447_sub-008_ses-19_to_ses-01,ds004447,sub-008,ses-19,ses-01,task,100,100,1.0,M0_NO_GATE
ds004447_sub-008_ses-19_to_ses-01,ds004447,sub-008,ses-19,ses-01,rest,60,80,0.75,M1_HIGH_BETA
ds004447_sub-008_ses-19_to_ses-01,ds004447,sub-008,ses-19,ses-01,task,86,100,0.86,M1_HIGH_BETA
ds004447_sub-008_ses-19_to_ses-01,ds004447,sub-008,ses-19,ses-01,rest,43,80,0.5375,M2_BROADBAND_HIGH_FREQUENCY
ds004447_sub-008_ses-19_to_ses-01,ds004447,sub-008,ses-19,ses-01,task,72,100,0.72,M2_BROADBAND_HIGH_FREQUENCY
ds004447_sub-008_ses-19_to_ses-01,ds004447,sub-008,ses-19,ses-01,rest,31,80,0.3875,M4_NFSQI_FULL_QUALITY
ds004447_sub-008_ses-19_to_ses-01,ds004447,sub-008,ses-19,ses-01,task,56,100,0.56,M4_NFSQI_FULL_QUALITY
ds004447_sub-008_ses-19_to_ses-01,ds004447,sub-008,ses-19,ses-01,rest,80,80,1.0,M3_AMPLITUDE_150
ds004447_sub-008_ses-19_to_ses-01,ds004447,sub-008,ses-19,ses-01,task,100,100,1.0,M3_AMPLITUDE_150
ds004447_sub-009_ses-01_to_ses-19,ds004447,sub-009,ses-01,ses-19,rest,76,76,1.0,M0_NO_GATE
ds004447_sub-009_ses-01_to_ses-19,ds004447,sub-009,ses-01,ses-19,task,106,106,1.0,M0_NO_GATE
ds004447_sub-009_ses-01_to_ses-19,ds004447,sub-009,ses-01,ses-19,rest,57,76,0.75,M1_HIGH_BETA
ds004447_sub-009_ses-01_to_ses-19,ds004447,sub-009,ses-01,ses-19,task,94,106,0.8867924528301887,M1_HIGH_BETA
ds004447_sub-009_ses-01_to_ses-19,ds004447,sub-009,ses-01,ses-19,rest,43,76,0.5657894736842105,M2_BROADBAND_HIGH_FREQUENCY
ds004447_sub-009_ses-01_to_ses-19,ds004447,sub-009,ses-01,ses-19,task,56,106,0.5283018867924528,M2_BROADBAND_HIGH_FREQUENCY
ds004447_sub-009_ses-01_to_ses-19,ds004447,sub-009,ses-01,ses-19,rest,24,76,0.3157894736842105,M4_NFSQI_FULL_QUALITY
ds004447_sub-009_ses-01_to_ses-19,ds004447,sub-009,ses-01,ses-19,task,50,106,0.4716981132075472,M4_NFSQI_FULL_QUALITY
ds004447_sub-009_ses-01_to_ses-19,ds004447,sub-009,ses-01,ses-19,rest,74,76,0.9736842105263158,M3_AMPLITUDE_150
ds004447_sub-009_ses-01_to_ses-19,ds004447,sub-009,ses-01,ses-19,task,106,106,1.0,M3_AMPLITUDE_150
ds004447_sub-009_ses-19_to_ses-01,ds004447,sub-009,ses-19,ses-01,rest,83,83,1.0,M0_NO_GATE
ds004447_sub-009_ses-19_to_ses-01,ds004447,sub-009,ses-19,ses-01,task,110,110,1.0,M0_NO_GATE
ds004447_sub-009_ses-19_to_ses-01,ds004447,sub-009,ses-19,ses-01,rest,62,83,0.7469879518072289,M1_HIGH_BETA
ds004447_sub-009_ses-19_to_ses-01,ds004447,sub-009,ses-19,ses-01,task,84,110,0.7636363636363637,M1_HIGH_BETA
ds004447_sub-009_ses-19_to_ses-01,ds004447,sub-009,ses-19,ses-01,rest,49,83,0.5903614457831325,M2_BROADBAND_HIGH_FREQUENCY
ds004447_sub-009_ses-19_to_ses-01,ds004447,sub-009,ses-19,ses-01,task,66,110,0.6,M2_BROADBAND_HIGH_FREQUENCY
ds004447_sub-009_ses-19_to_ses-01,ds004447,sub-009,ses-19,ses-01,rest,37,83,0.4457831325301205,M4_NFSQI_FULL_QUALITY
ds004447_sub-009_ses-19_to_ses-01,ds004447,sub-009,ses-19,ses-01,task,53,110,0.4818181818181818,M4_NFSQI_FULL_QUALITY
ds004447_sub-009_ses-19_to_ses-01,ds004447,sub-009,ses-19,ses-01,rest,75,83,0.9036144578313252,M3_AMPLITUDE_150
ds004447_sub-009_ses-19_to_ses-01,ds004447,sub-009,ses-19,ses-01,task,103,110,0.9363636363636364,M3_AMPLITUDE_150
ds004447_sub-010_ses-01_to_ses-19,ds004447,sub-010,ses-01,ses-19,rest,71,71,1.0,M0_NO_GATE
ds004447_sub-010_ses-01_to_ses-19,ds004447,sub-010,ses-01,ses-19,task,96,96,1.0,M0_NO_GATE
ds004447_sub-010_ses-01_to_ses-19,ds004447,sub-010,ses-01,ses-19,rest,53,71,0.7464788732394366,M1_HIGH_BETA
ds004447_sub-010_ses-01_to_ses-19,ds004447,sub-010,ses-01,ses-19,task,79,96,0.8229166666666666,M1_HIGH_BETA
ds004447_sub-010_ses-01_to_ses-19,ds004447,sub-010,ses-01,ses-19,rest,42,71,0.5915492957746479,M2_BROADBAND_HIGH_FREQUENCY
ds004447_sub-010_ses-01_to_ses-19,ds004447,sub-010,ses-01,ses-19,task,59,96,0.6145833333333334,M2_BROADBAND_HIGH_FREQUENCY
ds004447_sub-010_ses-01_to_ses-19,ds004447,sub-010,ses-01,ses-19,rest,30,71,0.4225352112676056,M4_NFSQI_FULL_QUALITY
ds004447_sub-010_ses-01_to_ses-19,ds004447,sub-010,ses-01,ses-19,task,52,96,0.5416666666666666,M4_NFSQI_FULL_QUALITY
ds004447_sub-010_ses-01_to_ses-19,ds004447,sub-010,ses-01,ses-19,rest,71,71,1.0,M3_AMPLITUDE_150
ds004447_sub-010_ses-01_to_ses-19,ds004447,sub-010,ses-01,ses-19,task,96,96,1.0,M3_AMPLITUDE_150
ds004447_sub-010_ses-19_to_ses-01,ds004447,sub-010,ses-19,ses-01,rest,76,76,1.0,M0_NO_GATE
ds004447_sub-010_ses-19_to_ses-01,ds004447,sub-010,ses-19,ses-01,task,100,100,1.0,M0_NO_GATE
ds004447_sub-010_ses-19_to_ses-01,ds004447,sub-010,ses-19,ses-01,rest,57,76,0.75,M1_HIGH_BETA
ds004447_sub-010_ses-19_to_ses-01,ds004447,sub-010,ses-19,ses-01,task,75,100,0.75,M1_HIGH_BETA
ds004447_sub-010_ses-19_to_ses-01,ds004447,sub-010,ses-19,ses-01,rest,44,76,0.5789473684210527,M2_BROADBAND_HIGH_FREQUENCY
ds004447_sub-010_ses-19_to_ses-01,ds004447,sub-010,ses-19,ses-01,task,59,100,0.59,M2_BROADBAND_HIGH_FREQUENCY
ds004447_sub-010_ses-19_to_ses-01,ds004447,sub-010,ses-19,ses-01,rest,27,76,0.3552631578947368,M4_NFSQI_FULL_QUALITY
ds004447_sub-010_ses-19_to_ses-01,ds004447,sub-010,ses-19,ses-01,task,34,100,0.34,M4_NFSQI_FULL_QUALITY
ds004447_sub-010_ses-19_to_ses-01,ds004447,sub-010,ses-19,ses-01,rest,76,76,1.0,M3_AMPLITUDE_150
ds004447_sub-010_ses-19_to_ses-01,ds004447,sub-010,ses-19,ses-01,task,100,100,1.0,M3_AMPLITUDE_150
ds004447_sub-011_ses-01_to_ses-19,ds004447,sub-011,ses-01,ses-19,rest,70,70,1.0,M0_NO_GATE
ds004447_sub-011_ses-01_to_ses-19,ds004447,sub-011,ses-01,ses-19,task,96,96,1.0,M0_NO_GATE
ds004447_sub-011_ses-01_to_ses-19,ds004447,sub-011,ses-01,ses-19,rest,52,70,0.7428571428571429,M1_HIGH_BETA
ds004447_sub-011_ses-01_to_ses-19,ds004447,sub-011,ses-01,ses-19,task,83,96,0.8645833333333334,M1_HIGH_BETA
ds004447_sub-011_ses-01_to_ses-19,ds004447,sub-011,ses-01,ses-19,rest,40,70,0.5714285714285714,M2_BROADBAND_HIGH_FREQUENCY
ds004447_sub-011_ses-01_to_ses-19,ds004447,sub-011,ses-01,ses-19,task,59,96,0.6145833333333334,M2_BROADBAND_HIGH_FREQUENCY
ds004447_sub-011_ses-01_to_ses-19,ds004447,sub-011,ses-01,ses-19,rest,20,70,0.2857142857142857,M4_NFSQI_FULL_QUALITY
ds004447_sub-011_ses-01_to_ses-19,ds004447,sub-011,ses-01,ses-19,task,41,96,0.4270833333333333,M4_NFSQI_FULL_QUALITY
ds004447_sub-011_ses-01_to_ses-19,ds004447,sub-011,ses-01,ses-19,rest,70,70,1.0,M3_AMPLITUDE_150
ds004447_sub-011_ses-01_to_ses-19,ds004447,sub-011,ses-01,ses-19,task,96,96,1.0,M3_AMPLITUDE_150
ds004447_sub-011_ses-19_to_ses-01,ds004447,sub-011,ses-19,ses-01,rest,78,78,1.0,M0_NO_GATE
ds004447_sub-011_ses-19_to_ses-01,ds004447,sub-011,ses-19,ses-01,task,100,100,1.0,M0_NO_GATE
ds004447_sub-011_ses-19_to_ses-01,ds004447,sub-011,ses-19,ses-01,rest,58,78,0.7435897435897436,M1_HIGH_BETA
ds004447_sub-011_ses-19_to_ses-01,ds004447,sub-011,ses-19,ses-01,task,96,100,0.96,M1_HIGH_BETA
ds004447_sub-011_ses-19_to_ses-01,ds004447,sub-011,ses-19,ses-01,rest,45,78,0.5769230769230769,M2_BROADBAND_HIGH_FREQUENCY
ds004447_sub-011_ses-19_to_ses-01,ds004447,sub-011,ses-19,ses-01,task,48,100,0.48,M2_BROADBAND_HIGH_FREQUENCY
ds004447_sub-011_ses-19_to_ses-01,ds004447,sub-011,ses-19,ses-01,rest,26,78,0.3333333333333333,M4_NFSQI_FULL_QUALITY
ds004447_sub-011_ses-19_to_ses-01,ds004447,sub-011,ses-19,ses-01,task,39,100,0.39,M4_NFSQI_FULL_QUALITY
ds004447_sub-011_ses-19_to_ses-01,ds004447,sub-011,ses-19,ses-01,rest,77,78,0.9871794871794872,M3_AMPLITUDE_150
ds004447_sub-011_ses-19_to_ses-01,ds004447,sub-011,ses-19,ses-01,task,100,100,1.0,M3_AMPLITUDE_150
ds004447_sub-012_ses-01_to_ses-19,ds004447,sub-012,ses-01,ses-19,rest,73,73,1.0,M0_NO_GATE
ds004447_sub-012_ses-01_to_ses-19,ds004447,sub-012,ses-01,ses-19,task,98,98,1.0,M0_NO_GATE
ds004447_sub-012_ses-01_to_ses-19,ds004447,sub-012,ses-01,ses-19,rest,54,73,0.7397260273972602,M1_HIGH_BETA
ds004447_sub-012_ses-01_to_ses-19,ds004447,sub-012,ses-01,ses-19,task,93,98,0.9489795918367347,M1_HIGH_BETA
ds004447_sub-012_ses-01_to_ses-19,ds004447,sub-012,ses-01,ses-19,rest,43,73,0.589041095890411,M2_BROADBAND_HIGH_FREQUENCY
ds004447_sub-012_ses-01_to_ses-19,ds004447,sub-012,ses-01,ses-19,task,70,98,0.7142857142857143,M2_BROADBAND_HIGH_FREQUENCY
ds004447_sub-012_ses-01_to_ses-19,ds004447,sub-012,ses-01,ses-19,rest,28,73,0.3835616438356164,M4_NFSQI_FULL_QUALITY
ds004447_sub-012_ses-01_to_ses-19,ds004447,sub-012,ses-01,ses-19,task,52,98,0.5306122448979592,M4_NFSQI_FULL_QUALITY
ds004447_sub-012_ses-01_to_ses-19,ds004447,sub-012,ses-01,ses-19,rest,72,73,0.9863013698630136,M3_AMPLITUDE_150
ds004447_sub-012_ses-01_to_ses-19,ds004447,sub-012,ses-01,ses-19,task,96,98,0.979591836734694,M3_AMPLITUDE_150
ds004447_sub-012_ses-19_to_ses-01,ds004447,sub-012,ses-19,ses-01,rest,78,78,1.0,M0_NO_GATE
ds004447_sub-012_ses-19_to_ses-01,ds004447,sub-012,ses-19,ses-01,task,100,100,1.0,M0_NO_GATE
ds004447_sub-012_ses-19_to_ses-01,ds004447,sub-012,ses-19,ses-01,rest,58,78,0.7435897435897436,M1_HIGH_BETA
ds004447_sub-012_ses-19_to_ses-01,ds004447,sub-012,ses-19,ses-01,task,96,100,0.96,M1_HIGH_BETA
ds004447_sub-012_ses-19_to_ses-01,ds004447,sub-012,ses-19,ses-01,rest,45,78,0.5769230769230769,M2_BROADBAND_HIGH_FREQUENCY
ds004447_sub-012_ses-19_to_ses-01,ds004447,sub-012,ses-19,ses-01,task,48,100,0.48,M2_BROADBAND_HIGH_FREQUENCY
ds004447_sub-012_ses-19_to_ses-01,ds004447,sub-012,ses-19,ses-01,rest,26,78,0.3333333333333333,M4_NFSQI_FULL_QUALITY
ds004447_sub-012_ses-19_to_ses-01,ds004447,sub-012,ses-19,ses-01,task,39,100,0.39,M4_NFSQI_FULL_QUALITY
ds004447_sub-012_ses-19_to_ses-01,ds004447,sub-012,ses-19,ses-01,rest,77,78,0.9871794871794872,M3_AMPLITUDE_150
ds004447_sub-012_ses-19_to_ses-01,ds004447,sub-012,ses-19,ses-01,task,100,100,1.0,M3_AMPLITUDE_150
ds004447_sub-013_ses-01_to_ses-20,ds004447,sub-013,ses-01,ses-20,rest,67,67,1.0,M0_NO_GATE
ds004447_sub-013_ses-01_to_ses-20,ds004447,sub-013,ses-01,ses-20,task,96,96,1.0,M0_NO_GATE
ds004447_sub-013_ses-01_to_ses-20,ds004447,sub-013,ses-01,ses-20,rest,50,67,0.746268656716418,M1_HIGH_BETA
ds004447_sub-013_ses-01_to_ses-20,ds004447,sub-013,ses-01,ses-20,task,76,96,0.7916666666666666,M1_HIGH_BETA
ds004447_sub-013_ses-01_to_ses-20,ds004447,sub-013,ses-01,ses-20,rest,37,67,0.5522388059701493,M2_BROADBAND_HIGH_FREQUENCY
ds004447_sub-013_ses-01_to_ses-20,ds004447,sub-013,ses-01,ses-20,task,73,96,0.7604166666666666,M2_BROADBAND_HIGH_FREQUENCY
ds004447_sub-013_ses-01_to_ses-20,ds004447,sub-013,ses-01,ses-20,rest,26,67,0.3880597014925373,M4_NFSQI_FULL_QUALITY
ds004447_sub-013_ses-01_to_ses-20,ds004447,sub-013,ses-01,ses-20,task,51,96,0.53125,M4_NFSQI_FULL_QUALITY
ds004447_sub-013_ses-01_to_ses-20,ds004447,sub-013,ses-01,ses-20,rest,67,67,1.0,M3_AMPLITUDE_150
ds004447_sub-013_ses-01_to_ses-20,ds004447,sub-013,ses-01,ses-20,task,96,96,1.0,M3_AMPLITUDE_150
ds004447_sub-013_ses-20_to_ses-01,ds004447,sub-013,ses-20,ses-01,rest,79,79,1.0,M0_NO_GATE
ds004447_sub-013_ses-20_to_ses-01,ds004447,sub-013,ses-20,ses-01,task,100,100,1.0,M0_NO_GATE
ds004447_sub-013_ses-20_to_ses-01,ds004447,sub-013,ses-20,ses-01,rest,59,79,0.7468354430379747,M1_HIGH_BETA
ds004447_sub-013_ses-20_to_ses-01,ds004447,sub-013,ses-20,ses-01,task,76,100,0.76,M1_HIGH_BETA
ds004447_sub-013_ses-20_to_ses-01,ds004447,sub-013,ses-20,ses-01,rest,46,79,0.5822784810126582,M2_BROADBAND_HIGH_FREQUENCY
ds004447_sub-013_ses-20_to_ses-01,ds004447,sub-013,ses-20,ses-01,task,69,100,0.69,M2_BROADBAND_HIGH_FREQUENCY
ds004447_sub-013_ses-20_to_ses-01,ds004447,sub-013,ses-20,ses-01,rest,31,79,0.3924050632911392,M4_NFSQI_FULL_QUALITY
ds004447_sub-013_ses-20_to_ses-01,ds004447,sub-013,ses-20,ses-01,task,44,100,0.44,M4_NFSQI_FULL_QUALITY
ds004447_sub-013_ses-20_to_ses-01,ds004447,sub-013,ses-20,ses-01,rest,79,79,1.0,M3_AMPLITUDE_150
ds004447_sub-013_ses-20_to_ses-01,ds004447,sub-013,ses-20,ses-01,task,100,100,1.0,M3_AMPLITUDE_150
ds004447_sub-014_ses-01_to_ses-19,ds004447,sub-014,ses-01,ses-19,rest,76,76,1.0,M0_NO_GATE
ds004447_sub-014_ses-01_to_ses-19,ds004447,sub-014,ses-01,ses-19,task,96,96,1.0,M0_NO_GATE
ds004447_sub-014_ses-01_to_ses-19,ds004447,sub-014,ses-01,ses-19,rest,57,76,0.75,M1_HIGH_BETA
ds004447_sub-014_ses-01_to_ses-19,ds004447,sub-014,ses-01,ses-19,task,89,96,0.9270833333333334,M1_HIGH_BETA
ds004447_sub-014_ses-01_to_ses-19,ds004447,sub-014,ses-01,ses-19,rest,46,76,0.6052631578947368,M2_BROADBAND_HIGH_FREQUENCY
ds004447_sub-014_ses-01_to_ses-19,ds004447,sub-014,ses-01,ses-19,task,82,96,0.8541666666666666,M2_BROADBAND_HIGH_FREQUENCY
ds004447_sub-014_ses-01_to_ses-19,ds004447,sub-014,ses-01,ses-19,rest,37,76,0.4868421052631579,M4_NFSQI_FULL_QUALITY
ds004447_sub-014_ses-01_to_ses-19,ds004447,sub-014,ses-01,ses-19,task,61,96,0.6354166666666666,M4_NFSQI_FULL_QUALITY
ds004447_sub-014_ses-01_to_ses-19,ds004447,sub-014,ses-01,ses-19,rest,76,76,1.0,M3_AMPLITUDE_150
ds004447_sub-014_ses-01_to_ses-19,ds004447,sub-014,ses-01,ses-19,task,96,96,1.0,M3_AMPLITUDE_150
ds004447_sub-014_ses-19_to_ses-01,ds004447,sub-014,ses-19,ses-01,rest,82,82,1.0,M0_NO_GATE
ds004447_sub-014_ses-19_to_ses-01,ds004447,sub-014,ses-19,ses-01,task,110,110,1.0,M0_NO_GATE
ds004447_sub-014_ses-19_to_ses-01,ds004447,sub-014,ses-19,ses-01,rest,61,82,0.7439024390243902,M1_HIGH_BETA
ds004447_sub-014_ses-19_to_ses-01,ds004447,sub-014,ses-19,ses-01,task,83,110,0.7545454545454545,M1_HIGH_BETA
ds004447_sub-014_ses-19_to_ses-01,ds004447,sub-014,ses-19,ses-01,rest,50,82,0.6097560975609756,M2_BROADBAND_HIGH_FREQUENCY
ds004447_sub-014_ses-19_to_ses-01,ds004447,sub-014,ses-19,ses-01,task,69,110,0.6272727272727273,M2_BROADBAND_HIGH_FREQUENCY
ds004447_sub-014_ses-19_to_ses-01,ds004447,sub-014,ses-19,ses-01,rest,34,82,0.4146341463414634,M4_NFSQI_FULL_QUALITY
ds004447_sub-014_ses-19_to_ses-01,ds004447,sub-014,ses-19,ses-01,task,45,110,0.4090909090909091,M4_NFSQI_FULL_QUALITY
ds004447_sub-014_ses-19_to_ses-01,ds004447,sub-014,ses-19,ses-01,rest,82,82,1.0,M3_AMPLITUDE_150
ds004447_sub-014_ses-19_to_ses-01,ds004447,sub-014,ses-19,ses-01,task,110,110,1.0,M3_AMPLITUDE_150
ds004447_sub-015_ses-01_to_ses-19,ds004447,sub-015,ses-01,ses-19,rest,67,67,1.0,M0_NO_GATE
ds004447_sub-015_ses-01_to_ses-19,ds004447,sub-015,ses-01,ses-19,task,105,105,1.0,M0_NO_GATE
ds004447_sub-015_ses-01_to_ses-19,ds004447,sub-015,ses-01,ses-19,rest,50,67,0.746268656716418,M1_HIGH_BETA
ds004447_sub-015_ses-01_to_ses-19,ds004447,sub-015,ses-01,ses-19,task,79,105,0.7523809523809524,M1_HIGH_BETA
ds004447_sub-015_ses-01_to_ses-19,ds004447,sub-015,ses-01,ses-19,rest,42,67,0.6268656716417911,M2_BROADBAND_HIGH_FREQUENCY
ds004447_sub-015_ses-01_to_ses-19,ds004447,sub-015,ses-01,ses-19,task,76,105,0.7238095238095238,M2_BROADBAND_HIGH_FREQUENCY
ds004447_sub-015_ses-01_to_ses-19,ds004447,sub-015,ses-01,ses-19,rest,31,67,0.4626865671641791,M4_NFSQI_FULL_QUALITY
ds004447_sub-015_ses-01_to_ses-19,ds004447,sub-015,ses-01,ses-19,task,44,105,0.419047619047619,M4_NFSQI_FULL_QUALITY
ds004447_sub-015_ses-01_to_ses-19,ds004447,sub-015,ses-01,ses-19,rest,67,67,1.0,M3_AMPLITUDE_150
ds004447_sub-015_ses-01_to_ses-19,ds004447,sub-015,ses-01,ses-19,task,105,105,1.0,M3_AMPLITUDE_150
ds004447_sub-015_ses-19_to_ses-01,ds004447,sub-015,ses-19,ses-01,rest,76,76,1.0,M0_NO_GATE
ds004447_sub-015_ses-19_to_ses-01,ds004447,sub-015,ses-19,ses-01,task,100,100,1.0,M0_NO_GATE
ds004447_sub-015_ses-19_to_ses-01,ds004447,sub-015,ses-19,ses-01,rest,57,76,0.75,M1_HIGH_BETA
ds004447_sub-015_ses-19_to_ses-01,ds004447,sub-015,ses-19,ses-01,task,82,100,0.82,M1_HIGH_BETA
ds004447_sub-015_ses-19_to_ses-01,ds004447,sub-015,ses-19,ses-01,rest,43,76,0.5657894736842105,M2_BROADBAND_HIGH_FREQUENCY
ds004447_sub-015_ses-19_to_ses-01,ds004447,sub-015,ses-19,ses-01,task,46,100,0.46,M2_BROADBAND_HIGH_FREQUENCY
ds004447_sub-015_ses-19_to_ses-01,ds004447,sub-015,ses-19,ses-01,rest,29,76,0.3815789473684211,M4_NFSQI_FULL_QUALITY
ds004447_sub-015_ses-19_to_ses-01,ds004447,sub-015,ses-19,ses-01,task,26,100,0.26,M4_NFSQI_FULL_QUALITY
ds004447_sub-015_ses-19_to_ses-01,ds004447,sub-015,ses-19,ses-01,rest,76,76,1.0,M3_AMPLITUDE_150
ds004447_sub-015_ses-19_to_ses-01,ds004447,sub-015,ses-19,ses-01,task,99,100,0.99,M3_AMPLITUDE_150
ds004447_sub-016_ses-01_to_ses-18,ds004447,sub-016,ses-01,ses-18,rest,72,72,1.0,M0_NO_GATE
ds004447_sub-016_ses-01_to_ses-18,ds004447,sub-016,ses-01,ses-18,task,97,97,1.0,M0_NO_GATE
ds004447_sub-016_ses-01_to_ses-18,ds004447,sub-016,ses-01,ses-18,rest,54,72,0.75,M1_HIGH_BETA
ds004447_sub-016_ses-01_to_ses-18,ds004447,sub-016,ses-01,ses-18,task,85,97,0.8762886597938144,M1_HIGH_BETA
ds004447_sub-016_ses-01_to_ses-18,ds004447,sub-016,ses-01,ses-18,rest,41,72,0.5694444444444444,M2_BROADBAND_HIGH_FREQUENCY
ds004447_sub-016_ses-01_to_ses-18,ds004447,sub-016,ses-01,ses-18,task,57,97,0.5876288659793815,M2_BROADBAND_HIGH_FREQUENCY
ds004447_sub-016_ses-01_to_ses-18,ds004447,sub-016,ses-01,ses-18,rest,21,72,0.2916666666666667,M4_NFSQI_FULL_QUALITY
ds004447_sub-016_ses-01_to_ses-18,ds004447,sub-016,ses-01,ses-18,task,43,97,0.4432989690721649,M4_NFSQI_FULL_QUALITY
ds004447_sub-016_ses-01_to_ses-18,ds004447,sub-016,ses-01,ses-18,rest,72,72,1.0,M3_AMPLITUDE_150
ds004447_sub-016_ses-01_to_ses-18,ds004447,sub-016,ses-01,ses-18,task,97,97,1.0,M3_AMPLITUDE_150
ds004447_sub-016_ses-18_to_ses-01,ds004447,sub-016,ses-18,ses-01,rest,80,80,1.0,M0_NO_GATE
ds004447_sub-016_ses-18_to_ses-01,ds004447,sub-016,ses-18,ses-01,task,100,100,1.0,M0_NO_GATE
ds004447_sub-016_ses-18_to_ses-01,ds004447,sub-016,ses-18,ses-01,rest,60,80,0.75,M1_HIGH_BETA
ds004447_sub-016_ses-18_to_ses-01,ds004447,sub-016,ses-18,ses-01,task,70,100,0.7,M1_HIGH_BETA
ds004447_sub-016_ses-18_to_ses-01,ds004447,sub-016,ses-18,ses-01,rest,44,80,0.55,M2_BROADBAND_HIGH_FREQUENCY
ds004447_sub-016_ses-18_to_ses-01,ds004447,sub-016,ses-18,ses-01,task,32,100,0.32,M2_BROADBAND_HIGH_FREQUENCY
ds004447_sub-016_ses-18_to_ses-01,ds004447,sub-016,ses-18,ses-01,rest,32,80,0.4,M4_NFSQI_FULL_QUALITY
ds004447_sub-016_ses-18_to_ses-01,ds004447,sub-016,ses-18,ses-01,task,21,100,0.21,M4_NFSQI_FULL_QUALITY
ds004447_sub-016_ses-18_to_ses-01,ds004447,sub-016,ses-18,ses-01,rest,78,80,0.975,M3_AMPLITUDE_150
ds004447_sub-016_ses-18_to_ses-01,ds004447,sub-016,ses-18,ses-01,task,100,100,1.0,M3_AMPLITUDE_150
ds004447_sub-017_ses-01_to_ses-19,ds004447,sub-017,ses-01,ses-19,rest,74,74,1.0,M0_NO_GATE
ds004447_sub-017_ses-01_to_ses-19,ds004447,sub-017,ses-01,ses-19,task,97,97,1.0,M0_NO_GATE
ds004447_sub-017_ses-01_to_ses-19,ds004447,sub-017,ses-01,ses-19,rest,55,74,0.7432432432432432,M1_HIGH_BETA
ds004447_sub-017_ses-01_to_ses-19,ds004447,sub-017,ses-01,ses-19,task,59,97,0.6082474226804123,M1_HIGH_BETA
ds004447_sub-017_ses-01_to_ses-19,ds004447,sub-017,ses-01,ses-19,rest,45,74,0.6081081081081081,M2_BROADBAND_HIGH_FREQUENCY
ds004447_sub-017_ses-01_to_ses-19,ds004447,sub-017,ses-01,ses-19,task,75,97,0.7731958762886598,M2_BROADBAND_HIGH_FREQUENCY
ds004447_sub-017_ses-01_to_ses-19,ds004447,sub-017,ses-01,ses-19,rest,28,74,0.3783783783783784,M4_NFSQI_FULL_QUALITY
ds004447_sub-017_ses-01_to_ses-19,ds004447,sub-017,ses-01,ses-19,task,42,97,0.4329896907216495,M4_NFSQI_FULL_QUALITY
ds004447_sub-017_ses-01_to_ses-19,ds004447,sub-017,ses-01,ses-19,rest,74,74,1.0,M3_AMPLITUDE_150
ds004447_sub-017_ses-01_to_ses-19,ds004447,sub-017,ses-01,ses-19,task,97,97,1.0,M3_AMPLITUDE_150
ds004447_sub-017_ses-19_to_ses-01,ds004447,sub-017,ses-19,ses-01,rest,85,85,1.0,M0_NO_GATE
ds004447_sub-017_ses-19_to_ses-01,ds004447,sub-017,ses-19,ses-01,task,110,110,1.0,M0_NO_GATE
ds004447_sub-017_ses-19_to_ses-01,ds004447,sub-017,ses-19,ses-01,rest,63,85,0.7411764705882353,M1_HIGH_BETA
ds004447_sub-017_ses-19_to_ses-01,ds004447,sub-017,ses-19,ses-01,task,107,110,0.9727272727272728,M1_HIGH_BETA
ds004447_sub-017_ses-19_to_ses-01,ds004447,sub-017,ses-19,ses-01,rest,49,85,0.5764705882352941,M2_BROADBAND_HIGH_FREQUENCY
ds004447_sub-017_ses-19_to_ses-01,ds004447,sub-017,ses-19,ses-01,task,30,110,0.2727272727272727,M2_BROADBAND_HIGH_FREQUENCY
ds004447_sub-017_ses-19_to_ses-01,ds004447,sub-017,ses-19,ses-01,rest,26,85,0.3058823529411765,M4_NFSQI_FULL_QUALITY
ds004447_sub-017_ses-19_to_ses-01,ds004447,sub-017,ses-19,ses-01,task,23,110,0.209090909090909,M4_NFSQI_FULL_QUALITY
ds004447_sub-017_ses-19_to_ses-01,ds004447,sub-017,ses-19,ses-01,rest,85,85,1.0,M3_AMPLITUDE_150
ds004447_sub-017_ses-19_to_ses-01,ds004447,sub-017,ses-19,ses-01,task,110,110,1.0,M3_AMPLITUDE_150
ds004447_sub-018_ses-01_to_ses-19,ds004447,sub-018,ses-01,ses-19,rest,70,70,1.0,M0_NO_GATE
ds004447_sub-018_ses-01_to_ses-19,ds004447,sub-018,ses-01,ses-19,task,96,96,1.0,M0_NO_GATE
ds004447_sub-018_ses-01_to_ses-19,ds004447,sub-018,ses-01,ses-19,rest,52,70,0.7428571428571429,M1_HIGH_BETA
ds004447_sub-018_ses-01_to_ses-19,ds004447,sub-018,ses-01,ses-19,task,74,96,0.7708333333333334,M1_HIGH_BETA
ds004447_sub-018_ses-01_to_ses-19,ds004447,sub-018,ses-01,ses-19,rest,40,70,0.5714285714285714,M2_BROADBAND_HIGH_FREQUENCY
ds004447_sub-018_ses-01_to_ses-19,ds004447,sub-018,ses-01,ses-19,task,56,96,0.5833333333333334,M2_BROADBAND_HIGH_FREQUENCY
ds004447_sub-018_ses-01_to_ses-19,ds004447,sub-018,ses-01,ses-19,rest,34,70,0.4857142857142857,M4_NFSQI_FULL_QUALITY
ds004447_sub-018_ses-01_to_ses-19,ds004447,sub-018,ses-01,ses-19,task,43,96,0.4479166666666667,M4_NFSQI_FULL_QUALITY
ds004447_sub-018_ses-01_to_ses-19,ds004447,sub-018,ses-01,ses-19,rest,70,70,1.0,M3_AMPLITUDE_150
ds004447_sub-018_ses-01_to_ses-19,ds004447,sub-018,ses-01,ses-19,task,96,96,1.0,M3_AMPLITUDE_150
ds004447_sub-018_ses-19_to_ses-01,ds004447,sub-018,ses-19,ses-01,rest,81,81,1.0,M0_NO_GATE
ds004447_sub-018_ses-19_to_ses-01,ds004447,sub-018,ses-19,ses-01,task,100,100,1.0,M0_NO_GATE
ds004447_sub-018_ses-19_to_ses-01,ds004447,sub-018,ses-19,ses-01,rest,60,81,0.7407407407407407,M1_HIGH_BETA
ds004447_sub-018_ses-19_to_ses-01,ds004447,sub-018,ses-19,ses-01,task,84,100,0.84,M1_HIGH_BETA
ds004447_sub-018_ses-19_to_ses-01,ds004447,sub-018,ses-19,ses-01,rest,47,81,0.5802469135802469,M2_BROADBAND_HIGH_FREQUENCY
ds004447_sub-018_ses-19_to_ses-01,ds004447,sub-018,ses-19,ses-01,task,68,100,0.68,M2_BROADBAND_HIGH_FREQUENCY
ds004447_sub-018_ses-19_to_ses-01,ds004447,sub-018,ses-19,ses-01,rest,34,81,0.419753086419753,M4_NFSQI_FULL_QUALITY
ds004447_sub-018_ses-19_to_ses-01,ds004447,sub-018,ses-19,ses-01,task,51,100,0.51,M4_NFSQI_FULL_QUALITY
ds004447_sub-018_ses-19_to_ses-01,ds004447,sub-018,ses-19,ses-01,rest,81,81,1.0,M3_AMPLITUDE_150
ds004447_sub-018_ses-19_to_ses-01,ds004447,sub-018,ses-19,ses-01,task,100,100,1.0,M3_AMPLITUDE_150
ds004447_sub-019_ses-01_to_ses-19,ds004447,sub-019,ses-01,ses-19,rest,71,71,1.0,M0_NO_GATE
ds004447_sub-019_ses-01_to_ses-19,ds004447,sub-019,ses-01,ses-19,task,97,97,1.0,M0_NO_GATE
ds004447_sub-019_ses-01_to_ses-19,ds004447,sub-019,ses-01,ses-19,rest,53,71,0.7464788732394366,M1_HIGH_BETA
ds004447_sub-019_ses-01_to_ses-19,ds004447,sub-019,ses-01,ses-19,task,74,97,0.7628865979381443,M1_HIGH_BETA
ds004447_sub-019_ses-01_to_ses-19,ds004447,sub-019,ses-01,ses-19,rest,41,71,0.5774647887323944,M2_BROADBAND_HIGH_FREQUENCY
ds004447_sub-019_ses-01_to_ses-19,ds004447,sub-019,ses-01,ses-19,task,73,97,0.7525773195876289,M2_BROADBAND_HIGH_FREQUENCY
ds004447_sub-019_ses-01_to_ses-19,ds004447,sub-019,ses-01,ses-19,rest,28,71,0.3943661971830985,M4_NFSQI_FULL_QUALITY
ds004447_sub-019_ses-01_to_ses-19,ds004447,sub-019,ses-01,ses-19,task,54,97,0.5567010309278351,M4_NFSQI_FULL_QUALITY
ds004447_sub-019_ses-01_to_ses-19,ds004447,sub-019,ses-01,ses-19,rest,71,71,1.0,M3_AMPLITUDE_150
ds004447_sub-019_ses-01_to_ses-19,ds004447,sub-019,ses-01,ses-19,task,97,97,1.0,M3_AMPLITUDE_150
ds004447_sub-019_ses-19_to_ses-01,ds004447,sub-019,ses-19,ses-01,rest,76,76,1.0,M0_NO_GATE
ds004447_sub-019_ses-19_to_ses-01,ds004447,sub-019,ses-19,ses-01,task,100,100,1.0,M0_NO_GATE
ds004447_sub-019_ses-19_to_ses-01,ds004447,sub-019,ses-19,ses-01,rest,57,76,0.75,M1_HIGH_BETA
ds004447_sub-019_ses-19_to_ses-01,ds004447,sub-019,ses-19,ses-01,task,74,100,0.74,M1_HIGH_BETA
ds004447_sub-019_ses-19_to_ses-01,ds004447,sub-019,ses-19,ses-01,rest,47,76,0.618421052631579,M2_BROADBAND_HIGH_FREQUENCY
ds004447_sub-019_ses-19_to_ses-01,ds004447,sub-019,ses-19,ses-01,task,50,100,0.5,M2_BROADBAND_HIGH_FREQUENCY
ds004447_sub-019_ses-19_to_ses-01,ds004447,sub-019,ses-19,ses-01,rest,38,76,0.5,M4_NFSQI_FULL_QUALITY
ds004447_sub-019_ses-19_to_ses-01,ds004447,sub-019,ses-19,ses-01,task,39,100,0.39,M4_NFSQI_FULL_QUALITY
ds004447_sub-019_ses-19_to_ses-01,ds004447,sub-019,ses-19,ses-01,rest,71,76,0.9342105263157896,M3_AMPLITUDE_150
ds004447_sub-019_ses-19_to_ses-01,ds004447,sub-019,ses-19,ses-01,task,100,100,1.0,M3_AMPLITUDE_150
ds004447_sub-020_ses-01_to_ses-19,ds004447,sub-020,ses-01,ses-19,rest,71,71,1.0,M0_NO_GATE
ds004447_sub-020_ses-01_to_ses-19,ds004447,sub-020,ses-01,ses-19,task,100,100,1.0,M0_NO_GATE
ds004447_sub-020_ses-01_to_ses-19,ds004447,sub-020,ses-01,ses-19,rest,53,71,0.7464788732394366,M1_HIGH_BETA
ds004447_sub-020_ses-01_to_ses-19,ds004447,sub-020,ses-01,ses-19,task,71,100,0.71,M1_HIGH_BETA
ds004447_sub-020_ses-01_to_ses-19,ds004447,sub-020,ses-01,ses-19,rest,40,71,0.5633802816901409,M2_BROADBAND_HIGH_FREQUENCY
ds004447_sub-020_ses-01_to_ses-19,ds004447,sub-020,ses-01,ses-19,task,60,100,0.6,M2_BROADBAND_HIGH_FREQUENCY
ds004447_sub-020_ses-01_to_ses-19,ds004447,sub-020,ses-01,ses-19,rest,24,71,0.3380281690140845,M4_NFSQI_FULL_QUALITY
ds004447_sub-020_ses-01_to_ses-19,ds004447,sub-020,ses-01,ses-19,task,40,100,0.4,M4_NFSQI_FULL_QUALITY
ds004447_sub-020_ses-01_to_ses-19,ds004447,sub-020,ses-01,ses-19,rest,71,71,1.0,M3_AMPLITUDE_150
ds004447_sub-020_ses-01_to_ses-19,ds004447,sub-020,ses-01,ses-19,task,100,100,1.0,M3_AMPLITUDE_150
ds004447_sub-020_ses-19_to_ses-01,ds004447,sub-020,ses-19,ses-01,rest,78,78,1.0,M0_NO_GATE
ds004447_sub-020_ses-19_to_ses-01,ds004447,sub-020,ses-19,ses-01,task,100,100,1.0,M0_NO_GATE
ds004447_sub-020_ses-19_to_ses-01,ds004447,sub-020,ses-19,ses-01,rest,58,78,0.7435897435897436,M1_HIGH_BETA
ds004447_sub-020_ses-19_to_ses-01,ds004447,sub-020,ses-19,ses-01,task,72,100,0.72,M1_HIGH_BETA
ds004447_sub-020_ses-19_to_ses-01,ds004447,sub-020,ses-19,ses-01,rest,44,78,0.5641025641025641,M2_BROADBAND_HIGH_FREQUENCY
ds004447_sub-020_ses-19_to_ses-01,ds004447,sub-020,ses-19,ses-01,task,52,100,0.52,M2_BROADBAND_HIGH_FREQUENCY
ds004447_sub-020_ses-19_to_ses-01,ds004447,sub-020,ses-19,ses-01,rest,29,78,0.3717948717948718,M4_NFSQI_FULL_QUALITY
ds004447_sub-020_ses-19_to_ses-01,ds004447,sub-020,ses-19,ses-01,task,31,100,0.31,M4_NFSQI_FULL_QUALITY
ds004447_sub-020_ses-19_to_ses-01,ds004447,sub-020,ses-19,ses-01,rest,78,78,1.0,M3_AMPLITUDE_150
ds004447_sub-020_ses-19_to_ses-01,ds004447,sub-020,ses-19,ses-01,task,100,100,1.0,M3_AMPLITUDE_150
ds004447_sub-021_ses-01_to_ses-19,ds004447,sub-021,ses-01,ses-19,rest,72,72,1.0,M0_NO_GATE
ds004447_sub-021_ses-01_to_ses-19,ds004447,sub-021,ses-01,ses-19,task,101,101,1.0,M0_NO_GATE
ds004447_sub-021_ses-01_to_ses-19,ds004447,sub-021,ses-01,ses-19,rest,54,72,0.75,M1_HIGH_BETA
ds004447_sub-021_ses-01_to_ses-19,ds004447,sub-021,ses-01,ses-19,task,76,101,0.7524752475247525,M1_HIGH_BETA
ds004447_sub-021_ses-01_to_ses-19,ds004447,sub-021,ses-01,ses-19,rest,44,72,0.6111111111111112,M2_BROADBAND_HIGH_FREQUENCY
ds004447_sub-021_ses-01_to_ses-19,ds004447,sub-021,ses-01,ses-19,task,65,101,0.6435643564356436,M2_BROADBAND_HIGH_FREQUENCY
ds004447_sub-021_ses-01_to_ses-19,ds004447,sub-021,ses-01,ses-19,rest,31,72,0.4305555555555556,M4_NFSQI_FULL_QUALITY
ds004447_sub-021_ses-01_to_ses-19,ds004447,sub-021,ses-01,ses-19,task,46,101,0.4554455445544554,M4_NFSQI_FULL_QUALITY
ds004447_sub-021_ses-01_to_ses-19,ds004447,sub-021,ses-01,ses-19,rest,71,72,0.9861111111111112,M3_AMPLITUDE_150
ds004447_sub-021_ses-01_to_ses-19,ds004447,sub-021,ses-01,ses-19,task,101,101,1.0,M3_AMPLITUDE_150
ds004447_sub-021_ses-19_to_ses-01,ds004447,sub-021,ses-19,ses-01,rest,82,82,1.0,M0_NO_GATE
ds004447_sub-021_ses-19_to_ses-01,ds004447,sub-021,ses-19,ses-01,task,109,109,1.0,M0_NO_GATE
ds004447_sub-021_ses-19_to_ses-01,ds004447,sub-021,ses-19,ses-01,rest,61,82,0.7439024390243902,M1_HIGH_BETA
ds004447_sub-021_ses-19_to_ses-01,ds004447,sub-021,ses-19,ses-01,task,98,109,0.8990825688073395,M1_HIGH_BETA
ds004447_sub-021_ses-19_to_ses-01,ds004447,sub-021,ses-19,ses-01,rest,48,82,0.5853658536585366,M2_BROADBAND_HIGH_FREQUENCY
ds004447_sub-021_ses-19_to_ses-01,ds004447,sub-021,ses-19,ses-01,task,70,109,0.6422018348623854,M2_BROADBAND_HIGH_FREQUENCY
ds004447_sub-021_ses-19_to_ses-01,ds004447,sub-021,ses-19,ses-01,rest,30,82,0.3658536585365853,M4_NFSQI_FULL_QUALITY
ds004447_sub-021_ses-19_to_ses-01,ds004447,sub-021,ses-19,ses-01,task,61,109,0.5596330275229358,M4_NFSQI_FULL_QUALITY
ds004447_sub-021_ses-19_to_ses-01,ds004447,sub-021,ses-19,ses-01,rest,75,82,0.9146341463414634,M3_AMPLITUDE_150
ds004447_sub-021_ses-19_to_ses-01,ds004447,sub-021,ses-19,ses-01,task,109,109,1.0,M3_AMPLITUDE_150
ds004447_sub-022_ses-01_to_ses-19,ds004447,sub-022,ses-01,ses-19,rest,74,74,1.0,M0_NO_GATE
ds004447_sub-022_ses-01_to_ses-19,ds004447,sub-022,ses-01,ses-19,task,100,100,1.0,M0_NO_GATE
ds004447_sub-022_ses-01_to_ses-19,ds004447,sub-022,ses-01,ses-19,rest,55,74,0.7432432432432432,M1_HIGH_BETA
ds004447_sub-022_ses-01_to_ses-19,ds004447,sub-022,ses-01,ses-19,task,74,100,0.74,M1_HIGH_BETA
ds004447_sub-022_ses-01_to_ses-19,ds004447,sub-022,ses-01,ses-19,rest,40,74,0.5405405405405406,M2_BROADBAND_HIGH_FREQUENCY
ds004447_sub-022_ses-01_to_ses-19,ds004447,sub-022,ses-01,ses-19,task,61,100,0.61,M2_BROADBAND_HIGH_FREQUENCY
ds004447_sub-022_ses-01_to_ses-19,ds004447,sub-022,ses-01,ses-19,rest,21,74,0.2837837837837837,M4_NFSQI_FULL_QUALITY
ds004447_sub-022_ses-01_to_ses-19,ds004447,sub-022,ses-01,ses-19,task,42,100,0.42,M4_NFSQI_FULL_QUALITY
ds004447_sub-022_ses-01_to_ses-19,ds004447,sub-022,ses-01,ses-19,rest,74,74,1.0,M3_AMPLITUDE_150
ds004447_sub-022_ses-01_to_ses-19,ds004447,sub-022,ses-01,ses-19,task,100,100,1.0,M3_AMPLITUDE_150
ds004447_sub-022_ses-19_to_ses-01,ds004447,sub-022,ses-19,ses-01,rest,74,74,1.0,M0_NO_GATE
ds004447_sub-022_ses-19_to_ses-01,ds004447,sub-022,ses-19,ses-01,task,100,100,1.0,M0_NO_GATE
ds004447_sub-022_ses-19_to_ses-01,ds004447,sub-022,ses-19,ses-01,rest,55,74,0.7432432432432432,M1_HIGH_BETA
ds004447_sub-022_ses-19_to_ses-01,ds004447,sub-022,ses-19,ses-01,task,87,100,0.87,M1_HIGH_BETA
ds004447_sub-022_ses-19_to_ses-01,ds004447,sub-022,ses-19,ses-01,rest,39,74,0.527027027027027,M2_BROADBAND_HIGH_FREQUENCY
ds004447_sub-022_ses-19_to_ses-01,ds004447,sub-022,ses-19,ses-01,task,66,100,0.66,M2_BROADBAND_HIGH_FREQUENCY
ds004447_sub-022_ses-19_to_ses-01,ds004447,sub-022,ses-19,ses-01,rest,27,74,0.3648648648648648,M4_NFSQI_FULL_QUALITY
ds004447_sub-022_ses-19_to_ses-01,ds004447,sub-022,ses-19,ses-01,task,51,100,0.51,M4_NFSQI_FULL_QUALITY
ds004447_sub-022_ses-19_to_ses-01,ds004447,sub-022,ses-19,ses-01,rest,74,74,1.0,M3_AMPLITUDE_150
ds004447_sub-022_ses-19_to_ses-01,ds004447,sub-022,ses-19,ses-01,task,100,100,1.0,M3_AMPLITUDE_150
ds004444_sub-001_ses-01_to_ses-16,ds004444,sub-001,ses-01,ses-16,rest,220,220,1.0,M5_RIEMANNIAN_POTATO
ds004444_sub-001_ses-01_to_ses-16,ds004444,sub-001,ses-01,ses-16,task,220,220,1.0,M5_RIEMANNIAN_POTATO
ds004444_sub-001_ses-16_to_ses-01,ds004444,sub-001,ses-16,ses-01,rest,200,200,1.0,M5_RIEMANNIAN_POTATO
ds004444_sub-001_ses-16_to_ses-01,ds004444,sub-001,ses-16,ses-01,task,195,200,0.975,M5_RIEMANNIAN_POTATO
ds004444_sub-002_ses-01_to_ses-16,ds004444,sub-002,ses-01,ses-16,rest,200,200,1.0,M5_RIEMANNIAN_POTATO
ds004444_sub-002_ses-01_to_ses-16,ds004444,sub-002,ses-01,ses-16,task,201,201,1.0,M5_RIEMANNIAN_POTATO
ds004444_sub-002_ses-16_to_ses-01,ds004444,sub-002,ses-16,ses-01,rest,200,200,1.0,M5_RIEMANNIAN_POTATO
ds004444_sub-002_ses-16_to_ses-01,ds004444,sub-002,ses-16,ses-01,task,200,200,1.0,M5_RIEMANNIAN_POTATO
ds004444_sub-003_ses-01_to_ses-16,ds004444,sub-003,ses-01,ses-16,rest,200,200,1.0,M5_RIEMANNIAN_POTATO
ds004444_sub-003_ses-01_to_ses-16,ds004444,sub-003,ses-01,ses-16,task,200,200,1.0,M5_RIEMANNIAN_POTATO
ds004444_sub-003_ses-16_to_ses-01,ds004444,sub-003,ses-16,ses-01,rest,216,216,1.0,M5_RIEMANNIAN_POTATO
ds004444_sub-003_ses-16_to_ses-01,ds004444,sub-003,ses-16,ses-01,task,209,209,1.0,M5_RIEMANNIAN_POTATO
ds004444_sub-004_ses-01_to_ses-16,ds004444,sub-004,ses-01,ses-16,rest,200,200,1.0,M5_RIEMANNIAN_POTATO
ds004444_sub-004_ses-01_to_ses-16,ds004444,sub-004,ses-01,ses-16,task,200,200,1.0,M5_RIEMANNIAN_POTATO
ds004444_sub-004_ses-16_to_ses-01,ds004444,sub-004,ses-16,ses-01,rest,200,200,1.0,M5_RIEMANNIAN_POTATO
ds004444_sub-004_ses-16_to_ses-01,ds004444,sub-004,ses-16,ses-01,task,200,200,1.0,M5_RIEMANNIAN_POTATO
ds004444_sub-005_ses-01_to_ses-16,ds004444,sub-005,ses-01,ses-16,rest,200,200,1.0,M5_RIEMANNIAN_POTATO
ds004444_sub-005_ses-01_to_ses-16,ds004444,sub-005,ses-01,ses-16,task,200,200,1.0,M5_RIEMANNIAN_POTATO
ds004444_sub-005_ses-16_to_ses-01,ds004444,sub-005,ses-16,ses-01,rest,216,216,1.0,M5_RIEMANNIAN_POTATO
ds004444_sub-005_ses-16_to_ses-01,ds004444,sub-005,ses-16,ses-01,task,220,220,1.0,M5_RIEMANNIAN_POTATO
ds004444_sub-006_ses-01_to_ses-16,ds004444,sub-006,ses-01,ses-16,rest,201,201,1.0,M5_RIEMANNIAN_POTATO
ds004444_sub-006_ses-01_to_ses-16,ds004444,sub-006,ses-01,ses-16,task,200,200,1.0,M5_RIEMANNIAN_POTATO
ds004444_sub-006_ses-16_to_ses-01,ds004444,sub-006,ses-16,ses-01,rest,211,211,1.0,M5_RIEMANNIAN_POTATO
ds004444_sub-006_ses-16_to_ses-01,ds004444,sub-006,ses-16,ses-01,task,202,202,1.0,M5_RIEMANNIAN_POTATO
ds004444_sub-007_ses-01_to_ses-16,ds004444,sub-007,ses-01,ses-16,rest,204,204,1.0,M5_RIEMANNIAN_POTATO
ds004444_sub-007_ses-01_to_ses-16,ds004444,sub-007,ses-01,ses-16,task,200,200,1.0,M5_RIEMANNIAN_POTATO
ds004444_sub-007_ses-16_to_ses-01,ds004444,sub-007,ses-16,ses-01,rest,200,200,1.0,M5_RIEMANNIAN_POTATO
ds004444_sub-007_ses-16_to_ses-01,ds004444,sub-007,ses-16,ses-01,task,200,200,1.0,M5_RIEMANNIAN_POTATO
ds004444_sub-008_ses-01_to_ses-16,ds004444,sub-008,ses-01,ses-16,rest,189,200,0.945,M5_RIEMANNIAN_POTATO
ds004444_sub-008_ses-01_to_ses-16,ds004444,sub-008,ses-01,ses-16,task,197,200,0.985,M5_RIEMANNIAN_POTATO
ds004444_sub-008_ses-16_to_ses-01,ds004444,sub-008,ses-16,ses-01,rest,200,200,1.0,M5_RIEMANNIAN_POTATO
ds004444_sub-008_ses-16_to_ses-01,ds004444,sub-008,ses-16,ses-01,task,200,200,1.0,M5_RIEMANNIAN_POTATO
ds004444_sub-009_ses-01_to_ses-16,ds004444,sub-009,ses-01,ses-16,rest,200,200,1.0,M5_RIEMANNIAN_POTATO
ds004444_sub-009_ses-01_to_ses-16,ds004444,sub-009,ses-01,ses-16,task,200,200,1.0,M5_RIEMANNIAN_POTATO
ds004444_sub-009_ses-16_to_ses-01,ds004444,sub-009,ses-16,ses-01,rest,201,201,1.0,M5_RIEMANNIAN_POTATO
ds004444_sub-009_ses-16_to_ses-01,ds004444,sub-009,ses-16,ses-01,task,215,215,1.0,M5_RIEMANNIAN_POTATO
ds004444_sub-010_ses-01_to_ses-16,ds004444,sub-010,ses-01,ses-16,rest,200,200,1.0,M5_RIEMANNIAN_POTATO
ds004444_sub-010_ses-01_to_ses-16,ds004444,sub-010,ses-01,ses-16,task,214,214,1.0,M5_RIEMANNIAN_POTATO
ds004444_sub-010_ses-16_to_ses-01,ds004444,sub-010,ses-16,ses-01,rest,200,200,1.0,M5_RIEMANNIAN_POTATO
ds004444_sub-010_ses-16_to_ses-01,ds004444,sub-010,ses-16,ses-01,task,200,200,1.0,M5_RIEMANNIAN_POTATO
ds004444_sub-011_ses-01_to_ses-16,ds004444,sub-011,ses-01,ses-16,rest,200,200,1.0,M5_RIEMANNIAN_POTATO
ds004444_sub-011_ses-01_to_ses-16,ds004444,sub-011,ses-01,ses-16,task,203,203,1.0,M5_RIEMANNIAN_POTATO
ds004444_sub-011_ses-16_to_ses-01,ds004444,sub-011,ses-16,ses-01,rest,200,200,1.0,M5_RIEMANNIAN_POTATO
ds004444_sub-011_ses-16_to_ses-01,ds004444,sub-011,ses-16,ses-01,task,202,202,1.0,M5_RIEMANNIAN_POTATO
ds004444_sub-012_ses-01_to_ses-16,ds004444,sub-012,ses-01,ses-16,rest,200,200,1.0,M5_RIEMANNIAN_POTATO
ds004444_sub-012_ses-01_to_ses-16,ds004444,sub-012,ses-01,ses-16,task,200,200,1.0,M5_RIEMANNIAN_POTATO
ds004444_sub-012_ses-16_to_ses-01,ds004444,sub-012,ses-16,ses-01,rest,200,200,1.0,M5_RIEMANNIAN_POTATO
ds004444_sub-012_ses-16_to_ses-01,ds004444,sub-012,ses-16,ses-01,task,200,200,1.0,M5_RIEMANNIAN_POTATO
ds004444_sub-013_ses-01_to_ses-16,ds004444,sub-013,ses-01,ses-16,rest,200,200,1.0,M5_RIEMANNIAN_POTATO
ds004444_sub-013_ses-01_to_ses-16,ds004444,sub-013,ses-01,ses-16,task,200,200,1.0,M5_RIEMANNIAN_POTATO
ds004444_sub-013_ses-16_to_ses-01,ds004444,sub-013,ses-16,ses-01,rest,199,200,0.995,M5_RIEMANNIAN_POTATO
ds004444_sub-013_ses-16_to_ses-01,ds004444,sub-013,ses-16,ses-01,task,200,200,1.0,M5_RIEMANNIAN_POTATO
ds004444_sub-014_ses-01_to_ses-16,ds004444,sub-014,ses-01,ses-16,rest,200,200,1.0,M5_RIEMANNIAN_POTATO
ds004444_sub-014_ses-01_to_ses-16,ds004444,sub-014,ses-01,ses-16,task,200,200,1.0,M5_RIEMANNIAN_POTATO
ds004444_sub-014_ses-16_to_ses-01,ds004444,sub-014,ses-16,ses-01,rest,199,199,1.0,M5_RIEMANNIAN_POTATO
ds004444_sub-014_ses-16_to_ses-01,ds004444,sub-014,ses-16,ses-01,task,219,219,1.0,M5_RIEMANNIAN_POTATO
ds004444_sub-015_ses-01_to_ses-16,ds004444,sub-015,ses-01,ses-16,rest,198,200,0.99,M5_RIEMANNIAN_POTATO
ds004444_sub-015_ses-01_to_ses-16,ds004444,sub-015,ses-01,ses-16,task,200,200,1.0,M5_RIEMANNIAN_POTATO
ds004444_sub-015_ses-16_to_ses-01,ds004444,sub-015,ses-16,ses-01,rest,200,200,1.0,M5_RIEMANNIAN_POTATO
ds004444_sub-015_ses-16_to_ses-01,ds004444,sub-015,ses-16,ses-01,task,200,200,1.0,M5_RIEMANNIAN_POTATO
ds004444_sub-016_ses-01_to_ses-16,ds004444,sub-016,ses-01,ses-16,rest,200,200,1.0,M5_RIEMANNIAN_POTATO
ds004444_sub-016_ses-01_to_ses-16,ds004444,sub-016,ses-01,ses-16,task,200,200,1.0,M5_RIEMANNIAN_POTATO
ds004444_sub-016_ses-16_to_ses-01,ds004444,sub-016,ses-16,ses-01,rest,220,220,1.0,M5_RIEMANNIAN_POTATO
ds004444_sub-016_ses-16_to_ses-01,ds004444,sub-016,ses-16,ses-01,task,220,220,1.0,M5_RIEMANNIAN_POTATO
ds004444_sub-017_ses-01_to_ses-16,ds004444,sub-017,ses-01,ses-16,rest,207,208,0.9951923076923077,M5_RIEMANNIAN_POTATO
ds004444_sub-017_ses-01_to_ses-16,ds004444,sub-017,ses-01,ses-16,task,216,220,0.9818181818181818,M5_RIEMANNIAN_POTATO
ds004444_sub-017_ses-16_to_ses-01,ds004444,sub-017,ses-16,ses-01,rest,200,200,1.0,M5_RIEMANNIAN_POTATO
ds004444_sub-017_ses-16_to_ses-01,ds004444,sub-017,ses-16,ses-01,task,197,200,0.985,M5_RIEMANNIAN_POTATO
ds004444_sub-018_ses-01_to_ses-16,ds004444,sub-018,ses-01,ses-16,rest,200,200,1.0,M5_RIEMANNIAN_POTATO
ds004444_sub-018_ses-01_to_ses-16,ds004444,sub-018,ses-01,ses-16,task,200,200,1.0,M5_RIEMANNIAN_POTATO
ds004444_sub-018_ses-16_to_ses-01,ds004444,sub-018,ses-16,ses-01,rest,219,219,1.0,M5_RIEMANNIAN_POTATO
ds004444_sub-018_ses-16_to_ses-01,ds004444,sub-018,ses-16,ses-01,task,207,207,1.0,M5_RIEMANNIAN_POTATO
ds004444_sub-019_ses-01_to_ses-16,ds004444,sub-019,ses-01,ses-16,rest,195,200,0.975,M5_RIEMANNIAN_POTATO
ds004444_sub-019_ses-01_to_ses-16,ds004444,sub-019,ses-01,ses-16,task,200,200,1.0,M5_RIEMANNIAN_POTATO
ds004444_sub-019_ses-16_to_ses-01,ds004444,sub-019,ses-16,ses-01,rest,216,216,1.0,M5_RIEMANNIAN_POTATO
ds004444_sub-019_ses-16_to_ses-01,ds004444,sub-019,ses-16,ses-01,task,220,220,1.0,M5_RIEMANNIAN_POTATO
ds004444_sub-020_ses-01_to_ses-08,ds004444,sub-020,ses-01,ses-08,rest,220,220,1.0,M5_RIEMANNIAN_POTATO
ds004444_sub-020_ses-01_to_ses-08,ds004444,sub-020,ses-01,ses-08,task,209,209,1.0,M5_RIEMANNIAN_POTATO
ds004444_sub-020_ses-08_to_ses-01,ds004444,sub-020,ses-08,ses-01,rest,220,220,1.0,M5_RIEMANNIAN_POTATO
ds004444_sub-020_ses-08_to_ses-01,ds004444,sub-020,ses-08,ses-01,task,216,216,1.0,M5_RIEMANNIAN_POTATO
ds004444_sub-021_ses-01_to_ses-16,ds004444,sub-021,ses-01,ses-16,rest,220,220,1.0,M5_RIEMANNIAN_POTATO
ds004444_sub-021_ses-01_to_ses-16,ds004444,sub-021,ses-01,ses-16,task,209,209,1.0,M5_RIEMANNIAN_POTATO
ds004444_sub-021_ses-16_to_ses-01,ds004444,sub-021,ses-16,ses-01,rest,200,200,1.0,M5_RIEMANNIAN_POTATO
ds004444_sub-021_ses-16_to_ses-01,ds004444,sub-021,ses-16,ses-01,task,200,200,1.0,M5_RIEMANNIAN_POTATO
ds004444_sub-022_ses-01_to_ses-16,ds004444,sub-022,ses-01,ses-16,rest,200,200,1.0,M5_RIEMANNIAN_POTATO
ds004444_sub-022_ses-01_to_ses-16,ds004444,sub-022,ses-01,ses-16,task,205,205,1.0,M5_RIEMANNIAN_POTATO
ds004444_sub-022_ses-16_to_ses-01,ds004444,sub-022,ses-16,ses-01,rest,200,200,1.0,M5_RIEMANNIAN_POTATO
ds004444_sub-022_ses-16_to_ses-01,ds004444,sub-022,ses-16,ses-01,task,200,200,1.0,M5_RIEMANNIAN_POTATO
ds004444_sub-023_ses-01_to_ses-16,ds004444,sub-023,ses-01,ses-16,rest,200,200,1.0,M5_RIEMANNIAN_POTATO
ds004444_sub-023_ses-01_to_ses-16,ds004444,sub-023,ses-01,ses-16,task,200,200,1.0,M5_RIEMANNIAN_POTATO
ds004444_sub-023_ses-16_to_ses-01,ds004444,sub-023,ses-16,ses-01,rest,200,200,1.0,M5_RIEMANNIAN_POTATO
ds004444_sub-023_ses-16_to_ses-01,ds004444,sub-023,ses-16,ses-01,task,200,200,1.0,M5_RIEMANNIAN_POTATO
ds004444_sub-024_ses-01_to_ses-16,ds004444,sub-024,ses-01,ses-16,rest,200,200,1.0,M5_RIEMANNIAN_POTATO
ds004444_sub-024_ses-01_to_ses-16,ds004444,sub-024,ses-01,ses-16,task,200,200,1.0,M5_RIEMANNIAN_POTATO
ds004444_sub-024_ses-16_to_ses-01,ds004444,sub-024,ses-16,ses-01,rest,202,202,1.0,M5_RIEMANNIAN_POTATO
ds004444_sub-024_ses-16_to_ses-01,ds004444,sub-024,ses-16,ses-01,task,210,210,1.0,M5_RIEMANNIAN_POTATO
ds004444_sub-025_ses-01_to_ses-16,ds004444,sub-025,ses-01,ses-16,rest,210,210,1.0,M5_RIEMANNIAN_POTATO
ds004444_sub-025_ses-01_to_ses-16,ds004444,sub-025,ses-01,ses-16,task,218,218,1.0,M5_RIEMANNIAN_POTATO
ds004444_sub-025_ses-16_to_ses-01,ds004444,sub-025,ses-16,ses-01,rest,213,213,1.0,M5_RIEMANNIAN_POTATO
ds004444_sub-025_ses-16_to_ses-01,ds004444,sub-025,ses-16,ses-01,task,201,201,1.0,M5_RIEMANNIAN_POTATO
ds004444_sub-026_ses-01_to_ses-16,ds004444,sub-026,ses-01,ses-16,rest,200,200,1.0,M5_RIEMANNIAN_POTATO
ds004444_sub-026_ses-01_to_ses-16,ds004444,sub-026,ses-01,ses-16,task,200,200,1.0,M5_RIEMANNIAN_POTATO
ds004444_sub-026_ses-16_to_ses-01,ds004444,sub-026,ses-16,ses-01,rest,200,200,1.0,M5_RIEMANNIAN_POTATO
ds004444_sub-026_ses-16_to_ses-01,ds004444,sub-026,ses-16,ses-01,task,200,200,1.0,M5_RIEMANNIAN_POTATO
ds004444_sub-027_ses-01_to_ses-16,ds004444,sub-027,ses-01,ses-16,rest,200,200,1.0,M5_RIEMANNIAN_POTATO
ds004444_sub-027_ses-01_to_ses-16,ds004444,sub-027,ses-01,ses-16,task,200,200,1.0,M5_RIEMANNIAN_POTATO
ds004444_sub-027_ses-16_to_ses-01,ds004444,sub-027,ses-16,ses-01,rest,200,200,1.0,M5_RIEMANNIAN_POTATO
ds004444_sub-027_ses-16_to_ses-01,ds004444,sub-027,ses-16,ses-01,task,209,209,1.0,M5_RIEMANNIAN_POTATO
ds004444_sub-028_ses-01_to_ses-16,ds004444,sub-028,ses-01,ses-16,rest,200,200,1.0,M5_RIEMANNIAN_POTATO
ds004444_sub-028_ses-01_to_ses-16,ds004444,sub-028,ses-01,ses-16,task,200,200,1.0,M5_RIEMANNIAN_POTATO
ds004444_sub-028_ses-16_to_ses-01,ds004444,sub-028,ses-16,ses-01,rest,220,220,1.0,M5_RIEMANNIAN_POTATO
ds004444_sub-028_ses-16_to_ses-01,ds004444,sub-028,ses-16,ses-01,task,210,210,1.0,M5_RIEMANNIAN_POTATO
ds004444_sub-029_ses-01_to_ses-16,ds004444,sub-029,ses-01,ses-16,rest,200,200,1.0,M5_RIEMANNIAN_POTATO
ds004444_sub-029_ses-01_to_ses-16,ds004444,sub-029,ses-01,ses-16,task,200,200,1.0,M5_RIEMANNIAN_POTATO
ds004444_sub-029_ses-16_to_ses-01,ds004444,sub-029,ses-16,ses-01,rest,200,200,1.0,M5_RIEMANNIAN_POTATO
ds004444_sub-029_ses-16_to_ses-01,ds004444,sub-029,ses-16,ses-01,task,200,200,1.0,M5_RIEMANNIAN_POTATO
ds004444_sub-030_ses-01_to_ses-16,ds004444,sub-030,ses-01,ses-16,rest,200,200,1.0,M5_RIEMANNIAN_POTATO
ds004444_sub-030_ses-01_to_ses-16,ds004444,sub-030,ses-01,ses-16,task,200,200,1.0,M5_RIEMANNIAN_POTATO
ds004444_sub-030_ses-16_to_ses-01,ds004444,sub-030,ses-16,ses-01,rest,200,200,1.0,M5_RIEMANNIAN_POTATO
ds004444_sub-030_ses-16_to_ses-01,ds004444,sub-030,ses-16,ses-01,task,200,200,1.0,M5_RIEMANNIAN_POTATO
ds004446_sub-004_ses-01_to_ses-08,ds004446,sub-004,ses-01,ses-08,rest,282,282,1.0,M5_RIEMANNIAN_POTATO
ds004446_sub-004_ses-01_to_ses-08,ds004446,sub-004,ses-01,ses-08,task,242,242,1.0,M5_RIEMANNIAN_POTATO
ds004446_sub-004_ses-08_to_ses-01,ds004446,sub-004,ses-08,ses-01,rest,280,280,1.0,M5_RIEMANNIAN_POTATO
ds004446_sub-004_ses-08_to_ses-01,ds004446,sub-004,ses-08,ses-01,task,240,240,1.0,M5_RIEMANNIAN_POTATO
ds004446_sub-005_ses-01_to_ses-08,ds004446,sub-005,ses-01,ses-08,rest,280,280,1.0,M5_RIEMANNIAN_POTATO
ds004446_sub-005_ses-01_to_ses-08,ds004446,sub-005,ses-01,ses-08,task,240,240,1.0,M5_RIEMANNIAN_POTATO
ds004446_sub-005_ses-08_to_ses-01,ds004446,sub-005,ses-08,ses-01,rest,280,280,1.0,M5_RIEMANNIAN_POTATO
ds004446_sub-005_ses-08_to_ses-01,ds004446,sub-005,ses-08,ses-01,task,240,240,1.0,M5_RIEMANNIAN_POTATO
ds004446_sub-012_ses-01_to_ses-08,ds004446,sub-012,ses-01,ses-08,rest,279,280,0.9964285714285714,M5_RIEMANNIAN_POTATO
ds004446_sub-012_ses-01_to_ses-08,ds004446,sub-012,ses-01,ses-08,task,243,243,1.0,M5_RIEMANNIAN_POTATO
ds004446_sub-012_ses-08_to_ses-01,ds004446,sub-012,ses-08,ses-01,rest,299,299,1.0,M5_RIEMANNIAN_POTATO
ds004446_sub-012_ses-08_to_ses-01,ds004446,sub-012,ses-08,ses-01,task,260,260,1.0,M5_RIEMANNIAN_POTATO
ds004446_sub-013_ses-01_to_ses-08,ds004446,sub-013,ses-01,ses-08,rest,278,280,0.9928571428571429,M5_RIEMANNIAN_POTATO
ds004446_sub-013_ses-01_to_ses-08,ds004446,sub-013,ses-01,ses-08,task,240,240,1.0,M5_RIEMANNIAN_POTATO
ds004446_sub-013_ses-08_to_ses-01,ds004446,sub-013,ses-08,ses-01,rest,280,280,1.0,M5_RIEMANNIAN_POTATO
ds004446_sub-013_ses-08_to_ses-01,ds004446,sub-013,ses-08,ses-01,task,240,240,1.0,M5_RIEMANNIAN_POTATO
ds004446_sub-018_ses-01_to_ses-08,ds004446,sub-018,ses-01,ses-08,rest,281,281,1.0,M5_RIEMANNIAN_POTATO
ds004446_sub-018_ses-01_to_ses-08,ds004446,sub-018,ses-01,ses-08,task,256,256,1.0,M5_RIEMANNIAN_POTATO
ds004446_sub-018_ses-08_to_ses-01,ds004446,sub-018,ses-08,ses-01,rest,282,282,1.0,M5_RIEMANNIAN_POTATO
ds004446_sub-018_ses-08_to_ses-01,ds004446,sub-018,ses-08,ses-01,task,251,251,1.0,M5_RIEMANNIAN_POTATO
ds004447_sub-001_ses-01_to_ses-19,ds004447,sub-001,ses-01,ses-19,rest,85,86,0.9883720930232558,M5_RIEMANNIAN_POTATO
ds004447_sub-001_ses-01_to_ses-19,ds004447,sub-001,ses-01,ses-19,task,108,108,1.0,M5_RIEMANNIAN_POTATO
ds004447_sub-001_ses-19_to_ses-01,ds004447,sub-001,ses-19,ses-01,rest,76,76,1.0,M5_RIEMANNIAN_POTATO
ds004447_sub-001_ses-19_to_ses-01,ds004447,sub-001,ses-19,ses-01,task,100,100,1.0,M5_RIEMANNIAN_POTATO
ds004447_sub-002_ses-01_to_ses-19,ds004447,sub-002,ses-01,ses-19,rest,70,70,1.0,M5_RIEMANNIAN_POTATO
ds004447_sub-002_ses-01_to_ses-19,ds004447,sub-002,ses-01,ses-19,task,98,98,1.0,M5_RIEMANNIAN_POTATO
ds004447_sub-002_ses-19_to_ses-01,ds004447,sub-002,ses-19,ses-01,rest,76,76,1.0,M5_RIEMANNIAN_POTATO
ds004447_sub-002_ses-19_to_ses-01,ds004447,sub-002,ses-19,ses-01,task,100,100,1.0,M5_RIEMANNIAN_POTATO
ds004447_sub-003_ses-01_to_ses-19,ds004447,sub-003,ses-01,ses-19,rest,74,74,1.0,M5_RIEMANNIAN_POTATO
ds004447_sub-003_ses-01_to_ses-19,ds004447,sub-003,ses-01,ses-19,task,100,100,1.0,M5_RIEMANNIAN_POTATO
ds004447_sub-003_ses-19_to_ses-01,ds004447,sub-003,ses-19,ses-01,rest,85,85,1.0,M5_RIEMANNIAN_POTATO
ds004447_sub-003_ses-19_to_ses-01,ds004447,sub-003,ses-19,ses-01,task,110,110,1.0,M5_RIEMANNIAN_POTATO
ds004447_sub-004_ses-01_to_ses-19,ds004447,sub-004,ses-01,ses-19,rest,74,74,1.0,M5_RIEMANNIAN_POTATO
ds004447_sub-004_ses-01_to_ses-19,ds004447,sub-004,ses-01,ses-19,task,97,97,1.0,M5_RIEMANNIAN_POTATO
ds004447_sub-004_ses-19_to_ses-01,ds004447,sub-004,ses-19,ses-01,rest,76,76,1.0,M5_RIEMANNIAN_POTATO
ds004447_sub-004_ses-19_to_ses-01,ds004447,sub-004,ses-19,ses-01,task,100,100,1.0,M5_RIEMANNIAN_POTATO
ds004447_sub-005_ses-01_to_ses-19,ds004447,sub-005,ses-01,ses-19,rest,69,70,0.9857142857142858,M5_RIEMANNIAN_POTATO
ds004447_sub-005_ses-01_to_ses-19,ds004447,sub-005,ses-01,ses-19,task,96,96,1.0,M5_RIEMANNIAN_POTATO
ds004447_sub-005_ses-19_to_ses-01,ds004447,sub-005,ses-19,ses-01,rest,78,78,1.0,M5_RIEMANNIAN_POTATO
ds004447_sub-005_ses-19_to_ses-01,ds004447,sub-005,ses-19,ses-01,task,100,100,1.0,M5_RIEMANNIAN_POTATO
ds004447_sub-006_ses-01_to_ses-19,ds004447,sub-006,ses-01,ses-19,rest,72,72,1.0,M5_RIEMANNIAN_POTATO
ds004447_sub-006_ses-01_to_ses-19,ds004447,sub-006,ses-01,ses-19,task,103,103,1.0,M5_RIEMANNIAN_POTATO
ds004447_sub-006_ses-19_to_ses-01,ds004447,sub-006,ses-19,ses-01,rest,80,80,1.0,M5_RIEMANNIAN_POTATO
ds004447_sub-006_ses-19_to_ses-01,ds004447,sub-006,ses-19,ses-01,task,100,100,1.0,M5_RIEMANNIAN_POTATO
ds004447_sub-007_ses-01_to_ses-19,ds004447,sub-007,ses-01,ses-19,rest,82,82,1.0,M5_RIEMANNIAN_POTATO
ds004447_sub-007_ses-01_to_ses-19,ds004447,sub-007,ses-01,ses-19,task,110,110,1.0,M5_RIEMANNIAN_POTATO
ds004447_sub-007_ses-19_to_ses-01,ds004447,sub-007,ses-19,ses-01,rest,70,70,1.0,M5_RIEMANNIAN_POTATO
ds004447_sub-007_ses-19_to_ses-01,ds004447,sub-007,ses-19,ses-01,task,100,100,1.0,M5_RIEMANNIAN_POTATO
ds004447_sub-008_ses-01_to_ses-19,ds004447,sub-008,ses-01,ses-19,rest,74,74,1.0,M5_RIEMANNIAN_POTATO
ds004447_sub-008_ses-01_to_ses-19,ds004447,sub-008,ses-01,ses-19,task,97,97,1.0,M5_RIEMANNIAN_POTATO
ds004447_sub-008_ses-19_to_ses-01,ds004447,sub-008,ses-19,ses-01,rest,80,80,1.0,M5_RIEMANNIAN_POTATO
ds004447_sub-008_ses-19_to_ses-01,ds004447,sub-008,ses-19,ses-01,task,100,100,1.0,M5_RIEMANNIAN_POTATO
ds004447_sub-009_ses-01_to_ses-19,ds004447,sub-009,ses-01,ses-19,rest,76,76,1.0,M5_RIEMANNIAN_POTATO
ds004447_sub-009_ses-01_to_ses-19,ds004447,sub-009,ses-01,ses-19,task,106,106,1.0,M5_RIEMANNIAN_POTATO
ds004447_sub-009_ses-19_to_ses-01,ds004447,sub-009,ses-19,ses-01,rest,83,83,1.0,M5_RIEMANNIAN_POTATO
ds004447_sub-009_ses-19_to_ses-01,ds004447,sub-009,ses-19,ses-01,task,110,110,1.0,M5_RIEMANNIAN_POTATO
ds004447_sub-010_ses-01_to_ses-19,ds004447,sub-010,ses-01,ses-19,rest,71,71,1.0,M5_RIEMANNIAN_POTATO
ds004447_sub-010_ses-01_to_ses-19,ds004447,sub-010,ses-01,ses-19,task,96,96,1.0,M5_RIEMANNIAN_POTATO
ds004447_sub-010_ses-19_to_ses-01,ds004447,sub-010,ses-19,ses-01,rest,76,76,1.0,M5_RIEMANNIAN_POTATO
ds004447_sub-010_ses-19_to_ses-01,ds004447,sub-010,ses-19,ses-01,task,100,100,1.0,M5_RIEMANNIAN_POTATO
ds004447_sub-011_ses-01_to_ses-19,ds004447,sub-011,ses-01,ses-19,rest,70,70,1.0,M5_RIEMANNIAN_POTATO
ds004447_sub-011_ses-01_to_ses-19,ds004447,sub-011,ses-01,ses-19,task,96,96,1.0,M5_RIEMANNIAN_POTATO
ds004447_sub-011_ses-19_to_ses-01,ds004447,sub-011,ses-19,ses-01,rest,75,78,0.9615384615384616,M5_RIEMANNIAN_POTATO
ds004447_sub-011_ses-19_to_ses-01,ds004447,sub-011,ses-19,ses-01,task,100,100,1.0,M5_RIEMANNIAN_POTATO
ds004447_sub-012_ses-01_to_ses-19,ds004447,sub-012,ses-01,ses-19,rest,73,73,1.0,M5_RIEMANNIAN_POTATO
ds004447_sub-012_ses-01_to_ses-19,ds004447,sub-012,ses-01,ses-19,task,97,98,0.9897959183673469,M5_RIEMANNIAN_POTATO
ds004447_sub-012_ses-19_to_ses-01,ds004447,sub-012,ses-19,ses-01,rest,75,78,0.9615384615384616,M5_RIEMANNIAN_POTATO
ds004447_sub-012_ses-19_to_ses-01,ds004447,sub-012,ses-19,ses-01,task,100,100,1.0,M5_RIEMANNIAN_POTATO
ds004447_sub-013_ses-01_to_ses-20,ds004447,sub-013,ses-01,ses-20,rest,67,67,1.0,M5_RIEMANNIAN_POTATO
ds004447_sub-013_ses-01_to_ses-20,ds004447,sub-013,ses-01,ses-20,task,96,96,1.0,M5_RIEMANNIAN_POTATO
ds004447_sub-013_ses-20_to_ses-01,ds004447,sub-013,ses-20,ses-01,rest,79,79,1.0,M5_RIEMANNIAN_POTATO
ds004447_sub-013_ses-20_to_ses-01,ds004447,sub-013,ses-20,ses-01,task,100,100,1.0,M5_RIEMANNIAN_POTATO
ds004447_sub-014_ses-01_to_ses-19,ds004447,sub-014,ses-01,ses-19,rest,76,76,1.0,M5_RIEMANNIAN_POTATO
ds004447_sub-014_ses-01_to_ses-19,ds004447,sub-014,ses-01,ses-19,task,96,96,1.0,M5_RIEMANNIAN_POTATO
ds004447_sub-014_ses-19_to_ses-01,ds004447,sub-014,ses-19,ses-01,rest,82,82,1.0,M5_RIEMANNIAN_POTATO
ds004447_sub-014_ses-19_to_ses-01,ds004447,sub-014,ses-19,ses-01,task,110,110,1.0,M5_RIEMANNIAN_POTATO
ds004447_sub-015_ses-01_to_ses-19,ds004447,sub-015,ses-01,ses-19,rest,67,67,1.0,M5_RIEMANNIAN_POTATO
ds004447_sub-015_ses-01_to_ses-19,ds004447,sub-015,ses-01,ses-19,task,105,105,1.0,M5_RIEMANNIAN_POTATO
ds004447_sub-015_ses-19_to_ses-01,ds004447,sub-015,ses-19,ses-01,rest,76,76,1.0,M5_RIEMANNIAN_POTATO
ds004447_sub-015_ses-19_to_ses-01,ds004447,sub-015,ses-19,ses-01,task,99,100,0.99,M5_RIEMANNIAN_POTATO
ds004447_sub-016_ses-01_to_ses-18,ds004447,sub-016,ses-01,ses-18,rest,72,72,1.0,M5_RIEMANNIAN_POTATO
ds004447_sub-016_ses-01_to_ses-18,ds004447,sub-016,ses-01,ses-18,task,97,97,1.0,M5_RIEMANNIAN_POTATO
ds004447_sub-016_ses-18_to_ses-01,ds004447,sub-016,ses-18,ses-01,rest,80,80,1.0,M5_RIEMANNIAN_POTATO
ds004447_sub-016_ses-18_to_ses-01,ds004447,sub-016,ses-18,ses-01,task,100,100,1.0,M5_RIEMANNIAN_POTATO
ds004447_sub-017_ses-01_to_ses-19,ds004447,sub-017,ses-01,ses-19,rest,74,74,1.0,M5_RIEMANNIAN_POTATO
ds004447_sub-017_ses-01_to_ses-19,ds004447,sub-017,ses-01,ses-19,task,97,97,1.0,M5_RIEMANNIAN_POTATO
ds004447_sub-017_ses-19_to_ses-01,ds004447,sub-017,ses-19,ses-01,rest,85,85,1.0,M5_RIEMANNIAN_POTATO
ds004447_sub-017_ses-19_to_ses-01,ds004447,sub-017,ses-19,ses-01,task,110,110,1.0,M5_RIEMANNIAN_POTATO
ds004447_sub-018_ses-01_to_ses-19,ds004447,sub-018,ses-01,ses-19,rest,70,70,1.0,M5_RIEMANNIAN_POTATO
ds004447_sub-018_ses-01_to_ses-19,ds004447,sub-018,ses-01,ses-19,task,96,96,1.0,M5_RIEMANNIAN_POTATO
ds004447_sub-018_ses-19_to_ses-01,ds004447,sub-018,ses-19,ses-01,rest,81,81,1.0,M5_RIEMANNIAN_POTATO
ds004447_sub-018_ses-19_to_ses-01,ds004447,sub-018,ses-19,ses-01,task,100,100,1.0,M5_RIEMANNIAN_POTATO
ds004447_sub-019_ses-01_to_ses-19,ds004447,sub-019,ses-01,ses-19,rest,71,71,1.0,M5_RIEMANNIAN_POTATO
ds004447_sub-019_ses-01_to_ses-19,ds004447,sub-019,ses-01,ses-19,task,97,97,1.0,M5_RIEMANNIAN_POTATO
ds004447_sub-019_ses-19_to_ses-01,ds004447,sub-019,ses-19,ses-01,rest,75,76,0.9868421052631579,M5_RIEMANNIAN_POTATO
ds004447_sub-019_ses-19_to_ses-01,ds004447,sub-019,ses-19,ses-01,task,100,100,1.0,M5_RIEMANNIAN_POTATO
ds004447_sub-020_ses-01_to_ses-19,ds004447,sub-020,ses-01,ses-19,rest,71,71,1.0,M5_RIEMANNIAN_POTATO
ds004447_sub-020_ses-01_to_ses-19,ds004447,sub-020,ses-01,ses-19,task,100,100,1.0,M5_RIEMANNIAN_POTATO
ds004447_sub-020_ses-19_to_ses-01,ds004447,sub-020,ses-19,ses-01,rest,78,78,1.0,M5_RIEMANNIAN_POTATO
ds004447_sub-020_ses-19_to_ses-01,ds004447,sub-020,ses-19,ses-01,task,100,100,1.0,M5_RIEMANNIAN_POTATO
ds004447_sub-021_ses-01_to_ses-19,ds004447,sub-021,ses-01,ses-19,rest,72,72,1.0,M5_RIEMANNIAN_POTATO
ds004447_sub-021_ses-01_to_ses-19,ds004447,sub-021,ses-01,ses-19,task,101,101,1.0,M5_RIEMANNIAN_POTATO
ds004447_sub-021_ses-19_to_ses-01,ds004447,sub-021,ses-19,ses-01,rest,82,82,1.0,M5_RIEMANNIAN_POTATO
ds004447_sub-021_ses-19_to_ses-01,ds004447,sub-021,ses-19,ses-01,task,109,109,1.0,M5_RIEMANNIAN_POTATO
ds004447_sub-022_ses-01_to_ses-19,ds004447,sub-022,ses-01,ses-19,rest,74,74,1.0,M5_RIEMANNIAN_POTATO
ds004447_sub-022_ses-01_to_ses-19,ds004447,sub-022,ses-01,ses-19,task,100,100,1.0,M5_RIEMANNIAN_POTATO
ds004447_sub-022_ses-19_to_ses-01,ds004447,sub-022,ses-19,ses-01,rest,74,74,1.0,M5_RIEMANNIAN_POTATO
ds004447_sub-022_ses-19_to_ses-01,ds004447,sub-022,ses-19,ses-01,task,100,100,1.0,M5_RIEMANNIAN_POTATO
