dataset,subject,session,baseline_s,feature,threshold,full_threshold,absolute_deviation,relative_deviation
ds004447,sub-001,ses-01,15,smr_snr_min,0.0019319321882302802,0.0019724900759973863,4.0557887767106015e-05,0.02056177024162528
ds004447,sub-001,ses-01,15,high_beta_max,2.3579495342255375e-12,1.961028452137264e-12,3.9692108208827354e-13,0.13404838504735636
ds004447,sub-001,ses-01,15,broadband_max,2.6480072432821233e-11,2.8231521353800242e-11,1.7514489209790096e-12,0.05991644772027278
ds004447,sub-001,ses-01,15,noise_floor_max,1.747629731414288e-12,7.307050730606033e-13,1.0169246583536848e-12,0.5875782501494267
ds004447,sub-001,ses-01,15,transient_max,8.95003839780264e-05,0.00011260414650186983,2.3103762523843437e-05,0.20517683439199955
ds004447,sub-001,ses-01,15,channel_inconsistency_max,0.8835936443947338,0.0029117074522630394,0.8806819369424708,302.4623699594285
ds004447,sub-001,ses-01,30,smr_snr_min,0.0018208703347306785,0.0019724900759973863,0.0001516197412667077,0.07686717567548433
ds004447,sub-001,ses-01,30,high_beta_max,2.3572963254980237e-12,1.961028452137264e-12,3.9626787336075973e-13,0.1338277830713631
ds004447,sub-001,ses-01,30,broadband_max,2.616232116581371e-11,2.8231521353800242e-11,2.0692001879865323e-12,0.07078660610722973
ds004447,sub-001,ses-01,30,noise_floor_max,1.6848108424561504e-12,7.307050730606033e-13,9.54105769395547e-13,0.5512815466059119
ds004447,sub-001,ses-01,30,transient_max,0.00019823019034103837,0.00011260414650186983,8.562604383916854e-05,0.760416429934312
ds004447,sub-001,ses-01,30,channel_inconsistency_max,0.7590969089007586,0.0029117074522630394,0.7561852014484957,259.70507462934427
ds004447,sub-001,ses-01,60,smr_snr_min,0.001917184756420986,0.0019724900759973863,5.530531957640035e-05,0.028038325881257976
ds004447,sub-001,ses-01,60,high_beta_max,2.085527292357462e-12,1.961028452137264e-12,1.2449884022019825e-13,0.04204581017461526
ds004447,sub-001,ses-01,60,broadband_max,2.580996140702193e-11,2.8231521353800242e-11,2.421559946778313e-12,0.08284070874961484
ds004447,sub-001,ses-01,60,noise_floor_max,1.1507606439970392e-12,7.307050730606033e-13,4.2005557093643596e-13,0.24270777122852236
ds004447,sub-001,ses-01,60,transient_max,8.95003839780265e-05,0.00011260414650186983,2.310376252384333e-05,0.2051768343919986
ds004447,sub-001,ses-01,60,channel_inconsistency_max,0.70214974673322,0.0029117074522630394,0.699238039280957,240.14707882048643
ds004447,sub-001,ses-01,90,smr_snr_min,0.0019356285734039925,0.0019724900759973863,3.686150259339378e-05,0.01868780128390102
ds004447,sub-001,ses-01,90,high_beta_max,1.8886498454140638e-12,1.961028452137264e-12,7.237860672320016e-14,0.02444373902282413
ds004447,sub-001,ses-01,90,broadband_max,2.7820585396757823e-11,2.8231521353800242e-11,4.109359570424194e-13,0.014057973653464865
ds004447,sub-001,ses-01,90,noise_floor_max,7.240514560078984e-13,7.307050730606033e-13,6.653617052704896e-15,0.003844454584592247
ds004447,sub-001,ses-01,90,transient_max,7.421102296482717e-05,0.00011260414650186983,3.8393123537042666e-05,0.34095656677659353
ds004447,sub-001,ses-01,90,channel_inconsistency_max,0.6197251753527633,0.0029117074522630394,0.6168134679005003,211.8390936593788
ds004447,sub-001,ses-01,120,smr_snr_min,0.0019724900759973863,0.0019724900759973863,0.0,0.0
ds004447,sub-001,ses-01,120,high_beta_max,1.961028452137264e-12,1.961028452137264e-12,0.0,0.0
ds004447,sub-001,ses-01,120,broadband_max,2.8231521353800242e-11,2.8231521353800242e-11,0.0,0.0
ds004447,sub-001,ses-01,120,noise_floor_max,7.307050730606033e-13,7.307050730606033e-13,0.0,0.0
ds004447,sub-001,ses-01,120,transient_max,0.00011260414650186983,0.00011260414650186983,0.0,0.0
ds004447,sub-001,ses-01,120,channel_inconsistency_max,0.0029117074522630394,0.0029117074522630394,0.0,0.0
ds004447,sub-001,ses-19,15,smr_snr_min,0.0004624512033460694,0.0003780154671301238,8.443573621594558e-05,0.2233658231860511
ds004447,sub-001,ses-19,15,high_beta_max,9.171418721940276e-13,4.145687067091214e-13,5.025731654849062e-13,0.3552836727557064
ds004447,sub-001,ses-19,15,broadband_max,8.528126101404563e-12,6.2830059666899295e-12,2.2451201347146338e-12,0.3082683365883639
ds004447,sub-001,ses-19,15,noise_floor_max,7.687022275790966e-13,1.9937796425801173e-13,5.693242633210849e-13,0.47468294423209123
ds004447,sub-001,ses-19,15,transient_max,7.384980544746952e-05,3.924762645914452e-05,3.4602178988325e-05,0.8816374702991848
ds004447,sub-001,ses-19,15,channel_inconsistency_max,0.6425178099892358,6.93280442076937e-06,0.642510877184815,92676.89458872945
ds004447,sub-001,ses-19,30,smr_snr_min,0.0003244416342875073,0.0003780154671301238,5.3573832842616497e-05,0.14172391703340256
ds004447,sub-001,ses-19,30,high_beta_max,6.53151637129664e-13,4.145687067091214e-13,2.3858293042054263e-13,0.16866125292392925
ds004447,sub-001,ses-19,30,broadband_max,6.753097560284059e-12,6.2830059666899295e-12,4.700915935941297e-13,0.06454636941726725
ds004447,sub-001,ses-19,30,noise_floor_max,5.381161434525936e-13,1.9937796425801173e-13,3.3873817919458183e-13,0.2824282163664231
ds004447,sub-001,ses-19,30,transient_max,5.297229571984564e-05,3.924762645914452e-05,1.3724669260701118e-05,0.3496942401165024
ds004447,sub-001,ses-19,30,channel_inconsistency_max,0.5614003302536232,6.93280442076937e-06,0.5613933974492025,80976.36719579269
ds004447,sub-001,ses-19,60,smr_snr_min,0.0004002602877079015,0.0003780154671301238,2.2244820577777696e-05,0.05884632363805914
ds004447,sub-001,ses-19,60,high_beta_max,4.906696397758299e-13,4.145687067091214e-13,7.610093306670848e-14,0.05379797581112273
ds004447,sub-001,ses-19,60,broadband_max,6.294706260095093e-12,6.2830059666899295e-12,1.170029340516384e-14,0.0016065198159492288
ds004447,sub-001,ses-19,60,noise_floor_max,2.317103461285358e-13,1.9937796425801173e-13,3.233238187052408e-14,0.02695762539753373
ds004447,sub-001,ses-19,60,transient_max,5.028404669260828e-05,3.924762645914452e-05,1.1036420233463757e-05,0.28119967875643703
ds004447,sub-001,ses-19,60,channel_inconsistency_max,0.44814685763462536,6.93280442076937e-06,0.4481399248302046,64640.48788787038
ds004447,sub-001,ses-19,90,smr_snr_min,0.0003803082933540756,0.0003780154671301238,2.2928262239518154e-06,0.006065429637822542
ds004447,sub-001,ses-19,90,high_beta_max,4.3203652567440257e-13,4.145687067091214e-13,1.7467818965281154e-14,0.012348512223148644
ds004447,sub-001,ses-19,90,broadband_max,6.280126838025712e-12,6.2830059666899295e-12,2.8791286642174383e-15,0.0003953214754162807
ds004447,sub-001,ses-19,90,noise_floor_max,2.0290421154654644e-13,1.9937796425801173e-13,3.5262472885347103e-15,0.002940063427558637
ds004447,sub-001,ses-19,90,transient_max,3.773198443579663e-05,3.924762645914452e-05,1.5156420233478917e-06,0.038617417700614505
ds004447,sub-001,ses-19,90,channel_inconsistency_max,0.4226692044453682,6.93280442076937e-06,0.42266227164094744,60965.546555616784
ds004447,sub-001,ses-19,120,smr_snr_min,0.0003780154671301238,0.0003780154671301238,0.0,0.0
ds004447,sub-001,ses-19,120,high_beta_max,4.145687067091214e-13,4.145687067091214e-13,0.0,0.0
ds004447,sub-001,ses-19,120,broadband_max,6.2830059666899295e-12,6.2830059666899295e-12,0.0,0.0
ds004447,sub-001,ses-19,120,noise_floor_max,1.9937796425801173e-13,1.9937796425801173e-13,0.0,0.0
ds004447,sub-001,ses-19,120,transient_max,3.924762645914452e-05,3.924762645914452e-05,0.0,0.0
ds004447,sub-001,ses-19,120,channel_inconsistency_max,6.93280442076937e-06,6.93280442076937e-06,0.0,0.0
ds004447,sub-002,ses-01,15,smr_snr_min,0.00021519034236263076,0.0002750159783078594,5.982563594522864e-05,0.21753512685260518
ds004447,sub-002,ses-01,15,high_beta_max,2.6824986019465315e-13,3.336918022713535e-13,6.544194207670034e-14,0.049068264471033685
ds004447,sub-002,ses-01,15,broadband_max,3.294743778814181e-12,4.702007301111336e-12,1.4072635222971549e-12,0.24680142412705708
ds004447,sub-002,ses-01,15,noise_floor_max,2.5582084545392653e-13,2.1883822492071705e-13,3.698262053320948e-14,0.03034251779854962
ds004447,sub-002,ses-01,15,transient_max,3.0907846173799893e-05,3.8312753795680906e-05,7.404907621881012e-06,0.19327525941088908
ds004447,sub-002,ses-01,15,channel_inconsistency_max,0.6295580282639552,0.00017355339919553672,0.6293844748647597,3626.460064485361
ds004447,sub-002,ses-01,30,smr_snr_min,0.00021200537299205746,0.0002750159783078594,6.301060531580194e-05,0.2291161607204881
ds004447,sub-002,ses-01,30,high_beta_max,2.758714769325874e-13,3.336918022713535e-13,5.782032533876609e-14,0.043353588318001776
ds004447,sub-002,ses-01,30,broadband_max,3.4898911311749518e-12,4.702007301111336e-12,1.212116169936384e-12,0.21257709889290033
ds004447,sub-002,ses-01,30,noise_floor_max,2.2170900183336805e-13,2.1883822492071705e-13,2.8707769126510068e-15,0.0023553387594467223
ds004447,sub-002,ses-01,30,transient_max,3.0119465003432746e-05,3.8312753795680906e-05,8.19328879224816e-06,0.21385277137972364
ds004447,sub-002,ses-01,30,channel_inconsistency_max,0.7166761356280792,0.00017355339919553672,0.7165025822288836,4128.427224252735
ds004447,sub-002,ses-01,60,smr_snr_min,0.00023788274105113105,0.0002750159783078594,3.7133237256728354e-05,0.13502210798871628
ds004447,sub-002,ses-01,60,high_beta_max,2.9709625146078523e-13,3.336918022713535e-13,3.659555081056826e-14,0.027439286009139398
ds004447,sub-002,ses-01,60,broadband_max,4.193553846839511e-12,4.702007301111336e-12,5.084534542718247e-13,0.08917095812429526
ds004447,sub-002,ses-01,60,noise_floor_max,2.0007379046249778e-13,2.1883822492071705e-13,1.876443445821927e-14,0.015395344578596442
ds004447,sub-002,ses-01,60,transient_max,3.231506858930264e-05,3.8312753795680906e-05,5.997685206378267e-06,0.15654539169431902
ds004447,sub-002,ses-01,60,channel_inconsistency_max,0.641184685243247,0.00017355339919553672,0.6410111318440515,3693.451877761231
ds004447,sub-002,ses-01,90,smr_snr_min,0.00024357460363536157,0.0002750159783078594,3.144137467249783e-05,0.1143256284657613
ds004447,sub-002,ses-01,90,high_beta_max,3.158656916768487e-13,3.336918022713535e-13,1.7826110594504806e-14,0.013365989476838591
ds004447,sub-002,ses-01,90,broadband_max,4.577474861637896e-12,4.702007301111336e-12,1.2453243947343955e-13,0.021840105229112537
ds004447,sub-002,ses-01,90,noise_floor_max,2.0842174609975643e-13,2.1883822492071705e-13,1.0416478820960613e-14,0.008546235757939233
ds004447,sub-002,ses-01,90,transient_max,3.513978484779045e-05,3.8312753795680906e-05,3.1729689478904587e-06,0.08281756205764028
ds004447,sub-002,ses-01,90,channel_inconsistency_max,0.6257603419850503,0.00017355339919553672,0.6255867885858547,3604.578117634269
ds004447,sub-002,ses-01,120,smr_snr_min,0.0002750159783078594,0.0002750159783078594,0.0,0.0
ds004447,sub-002,ses-01,120,high_beta_max,3.336918022713535e-13,3.336918022713535e-13,0.0,0.0
ds004447,sub-002,ses-01,120,broadband_max,4.702007301111336e-12,4.702007301111336e-12,0.0,0.0
ds004447,sub-002,ses-01,120,noise_floor_max,2.1883822492071705e-13,2.1883822492071705e-13,0.0,0.0
ds004447,sub-002,ses-01,120,transient_max,3.8312753795680906e-05,3.8312753795680906e-05,0.0,0.0
ds004447,sub-002,ses-01,120,channel_inconsistency_max,0.00017355339919553672,0.00017355339919553672,0.0,0.0
ds004447,sub-002,ses-19,15,smr_snr_min,0.0004624512033460694,0.0003780154671301238,8.443573621594558e-05,0.2233658231860511
ds004447,sub-002,ses-19,15,high_beta_max,9.171418721940276e-13,4.145687067091214e-13,5.025731654849062e-13,0.3552836727557064
ds004447,sub-002,ses-19,15,broadband_max,8.528126101404563e-12,6.2830059666899295e-12,2.2451201347146338e-12,0.3082683365883639
ds004447,sub-002,ses-19,15,noise_floor_max,7.687022275790966e-13,1.9937796425801173e-13,5.693242633210849e-13,0.47468294423209123
ds004447,sub-002,ses-19,15,transient_max,7.384980544746952e-05,3.924762645914452e-05,3.4602178988325e-05,0.8816374702991848
ds004447,sub-002,ses-19,15,channel_inconsistency_max,0.6425178099892358,6.93280442076937e-06,0.642510877184815,92676.89458872945
ds004447,sub-002,ses-19,30,smr_snr_min,0.0003244416342875073,0.0003780154671301238,5.3573832842616497e-05,0.14172391703340256
ds004447,sub-002,ses-19,30,high_beta_max,6.53151637129664e-13,4.145687067091214e-13,2.3858293042054263e-13,0.16866125292392925
ds004447,sub-002,ses-19,30,broadband_max,6.753097560284059e-12,6.2830059666899295e-12,4.700915935941297e-13,0.06454636941726725
ds004447,sub-002,ses-19,30,noise_floor_max,5.381161434525936e-13,1.9937796425801173e-13,3.3873817919458183e-13,0.2824282163664231
ds004447,sub-002,ses-19,30,transient_max,5.297229571984564e-05,3.924762645914452e-05,1.3724669260701118e-05,0.3496942401165024
ds004447,sub-002,ses-19,30,channel_inconsistency_max,0.5614003302536232,6.93280442076937e-06,0.5613933974492025,80976.36719579269
ds004447,sub-002,ses-19,60,smr_snr_min,0.0004002602877079015,0.0003780154671301238,2.2244820577777696e-05,0.05884632363805914
ds004447,sub-002,ses-19,60,high_beta_max,4.906696397758299e-13,4.145687067091214e-13,7.610093306670848e-14,0.05379797581112273
ds004447,sub-002,ses-19,60,broadband_max,6.294706260095093e-12,6.2830059666899295e-12,1.170029340516384e-14,0.0016065198159492288
ds004447,sub-002,ses-19,60,noise_floor_max,2.317103461285358e-13,1.9937796425801173e-13,3.233238187052408e-14,0.02695762539753373
ds004447,sub-002,ses-19,60,transient_max,5.028404669260828e-05,3.924762645914452e-05,1.1036420233463757e-05,0.28119967875643703
ds004447,sub-002,ses-19,60,channel_inconsistency_max,0.44814685763462536,6.93280442076937e-06,0.4481399248302046,64640.48788787038
ds004447,sub-002,ses-19,90,smr_snr_min,0.0003803082933540756,0.0003780154671301238,2.2928262239518154e-06,0.006065429637822542
ds004447,sub-002,ses-19,90,high_beta_max,4.3203652567440257e-13,4.145687067091214e-13,1.7467818965281154e-14,0.012348512223148644
ds004447,sub-002,ses-19,90,broadband_max,6.280126838025712e-12,6.2830059666899295e-12,2.8791286642174383e-15,0.0003953214754162807
ds004447,sub-002,ses-19,90,noise_floor_max,2.0290421154654644e-13,1.9937796425801173e-13,3.5262472885347103e-15,0.002940063427558637
ds004447,sub-002,ses-19,90,transient_max,3.773198443579663e-05,3.924762645914452e-05,1.5156420233478917e-06,0.038617417700614505
ds004447,sub-002,ses-19,90,channel_inconsistency_max,0.4226692044453682,6.93280442076937e-06,0.42266227164094744,60965.546555616784
ds004447,sub-002,ses-19,120,smr_snr_min,0.0003780154671301238,0.0003780154671301238,0.0,0.0
ds004447,sub-002,ses-19,120,high_beta_max,4.145687067091214e-13,4.145687067091214e-13,0.0,0.0
ds004447,sub-002,ses-19,120,broadband_max,6.2830059666899295e-12,6.2830059666899295e-12,0.0,0.0
ds004447,sub-002,ses-19,120,noise_floor_max,1.9937796425801173e-13,1.9937796425801173e-13,0.0,0.0
ds004447,sub-002,ses-19,120,transient_max,3.924762645914452e-05,3.924762645914452e-05,0.0,0.0
ds004447,sub-002,ses-19,120,channel_inconsistency_max,6.93280442076937e-06,6.93280442076937e-06,0.0,0.0
ds004447,sub-003,ses-01,15,smr_snr_min,0.000576102391503676,0.0005531312688730229,2.297112263065313e-05,0.041529242481493395
ds004447,sub-003,ses-01,15,high_beta_max,1.2949160698354068e-12,1.051385311769281e-12,2.4353075806612583e-13,0.11871526849145914
ds004447,sub-003,ses-01,15,broadband_max,9.681975754840857e-12,9.639778028800364e-12,4.219772604049331e-14,0.003966034434766409
ds004447,sub-003,ses-01,15,noise_floor_max,1.0410059044370985e-12,9.455579772443527e-13,9.544792719274572e-14,0.04905941036408288
ds004447,sub-003,ses-01,15,transient_max,0.0001273661989776455,0.00010953328213931486,1.7832916838330626e-05,0.16280820155503806
ds004447,sub-003,ses-01,15,channel_inconsistency_max,0.8161871850669821,0.39394348633517157,0.4222436987318105,1.0718382544126874
ds004447,sub-003,ses-01,30,smr_snr_min,0.000547605318251849,0.0005531312688730229,5.52595062117394e-06,0.009990305958371293
ds004447,sub-003,ses-01,30,high_beta_max,1.1821318987818536e-12,1.051385311769281e-12,1.307465870125726e-13,0.06373575274349903
ds004447,sub-003,ses-01,30,broadband_max,1.2329991316881697e-11,9.639778028800364e-12,2.6902132880813335e-12,0.2528448695827403
ds004447,sub-003,ses-01,30,noise_floor_max,1.1152911893836474e-12,9.455579772443527e-13,1.697332121392947e-13,0.0872414053575012
ds004447,sub-003,ses-01,30,transient_max,0.00012773459220263977,0.00010953328213931486,1.8201310063324907e-05,0.1661715009507635
ds004447,sub-003,ses-01,30,channel_inconsistency_max,0.8267976048621684,0.39394348633517157,0.4328541185269968,1.0987721171701792
ds004447,sub-003,ses-01,60,smr_snr_min,0.0006274387633522847,0.0005531312688730229,7.430749447926181e-05,0.13433971016738916
ds004447,sub-003,ses-01,60,high_beta_max,1.619730154310718e-12,1.051385311769281e-12,5.68344842541437e-13,0.27705416397431953
ds004447,sub-003,ses-01,60,broadband_max,1.2329991316881697e-11,9.639778028800364e-12,2.6902132880813335e-12,0.2528448695827403
ds004447,sub-003,ses-01,60,noise_floor_max,1.4513189242854855e-12,9.455579772443527e-13,5.057609470411327e-13,0.2599567594266617
ds004447,sub-003,ses-01,60,transient_max,0.0001225598191042954,0.00010953328213931486,1.3026536964980544e-05,0.11892765917015519
ds004447,sub-003,ses-01,60,channel_inconsistency_max,0.5701197222692276,0.39394348633517157,0.176176235934056,0.4472119530965314
ds004447,sub-003,ses-01,90,smr_snr_min,0.0005637885595219684,0.0005531312688730229,1.065729064894552e-05,0.01926719972167188
ds004447,sub-003,ses-01,90,high_beta_max,1.2057932947410172e-12,1.051385311769281e-12,1.5440798297173625e-13,0.07527010264032859
ds004447,sub-003,ses-01,90,broadband_max,1.0381536997056944e-11,9.639778028800364e-12,7.417589682565802e-13,0.06971564315051915
ds004447,sub-003,ses-01,90,noise_floor_max,1.0763737345530504e-12,9.455579772443527e-13,1.308157573086977e-13,0.06723816963500742
ds004447,sub-003,ses-01,90,transient_max,0.00011245356496528566,0.00010953328213931486,2.9202828259707926e-06,0.02666114574742089
ds004447,sub-003,ses-01,90,channel_inconsistency_max,0.4651829882189845,0.39394348633517157,0.07123950188381295,0.180836856947092
ds004447,sub-003,ses-01,120,smr_snr_min,0.0005587778903644712,0.0005531312688730229,5.64662149144825e-06,0.010208465510808114
ds004447,sub-003,ses-01,120,high_beta_max,1.1084954468925217e-12,1.051385311769281e-12,5.711013512324073e-14,0.027839789431847062
ds004447,sub-003,ses-01,120,broadband_max,1.0068145618915795e-11,9.639778028800364e-12,4.2836759011543074e-13,0.04026095177511229
ds004447,sub-003,ses-01,120,noise_floor_max,1.0089570019726158e-12,9.455579772443527e-13,6.339902472826305e-14,0.03258655124637308
ds004447,sub-003,ses-01,120,transient_max,0.00010985524101625082,0.00010953328213931486,3.219588769359544e-07,0.0029393702782236197
ds004447,sub-003,ses-01,120,channel_inconsistency_max,0.4412084217563399,0.39394348633517157,0.04726493542116833,0.11997897429590906
ds004447,sub-003,ses-19,15,smr_snr_min,0.0004472748342855772,0.00041221417448635315,3.506065979922405e-05,0.08505447382506325
ds004447,sub-003,ses-19,15,high_beta_max,8.862046443788222e-13,7.821834803177996e-13,1.0402116406102266e-13,0.058367258595884625
ds004447,sub-003,ses-19,15,broadband_max,8.27761735620061e-12,7.353182818148056e-12,9.244345380525531e-13,0.11066853894830773
ds004447,sub-003,ses-19,15,noise_floor_max,7.822224797838798e-13,4.2576014977211647e-13,3.5646233001176334e-13,0.25001563556727113
ds004447,sub-003,ses-19,15,transient_max,0.00012192116365300955,9.133214282444467e-05,3.058902082856488e-05,0.33492064839036284
ds004447,sub-003,ses-19,15,channel_inconsistency_max,1.0098714475850654,0.6735609307223638,0.33631051686270164,0.4993022925209223
ds004447,sub-003,ses-19,30,smr_snr_min,0.00040172900285419895,0.00041221417448635315,1.04851716321542e-05,0.02543622285619657
ds004447,sub-003,ses-19,30,high_beta_max,7.811495149780928e-13,7.821834803177996e-13,1.0339653397067131e-15,0.0005801677274678453
ds004447,sub-003,ses-19,30,broadband_max,5.719305474065633e-12,7.353182818148056e-12,1.6338773440824234e-12,0.19559937566943644
ds004447,sub-003,ses-19,30,noise_floor_max,4.859184359691161e-13,4.2576014977211647e-13,6.015828619699963e-14,0.04219383337836656
ds004447,sub-003,ses-19,30,transient_max,0.0001130974076447697,9.133214282444467e-05,2.176526482032503e-05,0.238308922893143
ds004447,sub-003,ses-19,30,channel_inconsistency_max,0.8429880631043181,0.6735609307223638,0.16942713238195428,0.2515394296994034
ds004447,sub-003,ses-19,60,smr_snr_min,0.0004036782751492531,0.00041221417448635315,8.53589933710007e-06,0.02070743764944265
ds004447,sub-003,ses-19,60,high_beta_max,7.49959617013519e-13,7.821834803177996e-13,3.222386330428052e-14,0.01808111435222952
ds004447,sub-003,ses-19,60,broadband_max,6.7815318440416795e-12,7.353182818148056e-12,5.716509741063768e-13,0.06843510869466578
ds004447,sub-003,ses-19,60,noise_floor_max,4.685697070686373e-13,4.2576014977211647e-13,4.280955729652084e-14,0.030025777690141798
ds004447,sub-003,ses-19,60,transient_max,9.446947829404107e-05,9.133214282444467e-05,3.1373354695964046e-06,0.03435083573234498
ds004447,sub-003,ses-19,60,channel_inconsistency_max,0.7382105692458931,0.6735609307223638,0.06464963852352934,0.09598187123783966
ds004447,sub-003,ses-19,90,smr_snr_min,0.0004080660326437408,0.00041221417448635315,4.148141842612351e-06,0.01006307422038105
ds004447,sub-003,ses-19,90,high_beta_max,7.651165293110502e-13,7.821834803177996e-13,1.706695100674939e-14,0.009576427564969913
ds004447,sub-003,ses-19,90,broadband_max,6.985429377596311e-12,7.353182818148056e-12,3.6775344055174503e-13,0.044025546735642726
ds004447,sub-003,ses-19,90,noise_floor_max,4.211571699098605e-13,4.2576014977211647e-13,4.602979862255944e-15,0.003228439133322426
ds004447,sub-003,ses-19,90,transient_max,8.839089082169805e-05,9.133214282444467e-05,2.9412520027466166e-06,0.03220390849907328
ds004447,sub-003,ses-19,90,channel_inconsistency_max,0.7016161793020664,0.6735609307223638,0.028055248579702652,0.04165213167808443
ds004447,sub-003,ses-19,120,smr_snr_min,0.00041221417448635315,0.00041221417448635315,0.0,0.0
ds004447,sub-003,ses-19,120,high_beta_max,7.821834803177996e-13,7.821834803177996e-13,0.0,0.0
ds004447,sub-003,ses-19,120,broadband_max,7.353182818148056e-12,7.353182818148056e-12,0.0,0.0
ds004447,sub-003,ses-19,120,noise_floor_max,4.2576014977211647e-13,4.2576014977211647e-13,0.0,0.0
ds004447,sub-003,ses-19,120,transient_max,9.133214282444467e-05,9.133214282444467e-05,0.0,0.0
ds004447,sub-003,ses-19,120,channel_inconsistency_max,0.6735609307223638,0.6735609307223638,0.0,0.0
ds004447,sub-004,ses-01,15,smr_snr_min,0.00050673693020098,0.0006235802883476762,0.00011684335814669627,0.18737500229349044
ds004447,sub-004,ses-01,15,high_beta_max,7.474745506609207e-13,5.996063254955511e-13,1.4786822516536962e-13,0.09244038536766894
ds004447,sub-004,ses-01,15,broadband_max,1.2735089739357966e-11,9.919199441845865e-12,2.8158902975121014e-12,0.2578843176653326
ds004447,sub-004,ses-01,15,noise_floor_max,5.1715636058288e-13,3.24237810485278e-13,1.9291855009760198e-13,0.14568270787171178
ds004447,sub-004,ses-01,15,transient_max,0.00012717286045624474,8.814984481574732e-05,3.9023015640497424e-05,0.4426895507232555
ds004447,sub-004,ses-01,15,channel_inconsistency_max,0.7943924372245841,0.6535918918000689,0.14080054542451514,0.21542578356735495
ds004447,sub-004,ses-01,30,smr_snr_min,0.00085724571467882,0.0006235802883476762,0.00023366542633114376,0.3747158630937162
ds004447,sub-004,ses-01,30,high_beta_max,9.270592314797523e-13,5.996063254955511e-13,3.2745290598420123e-13,0.20470843404720704
ds004447,sub-004,ses-01,30,broadband_max,1.335725334636597e-11,9.919199441845865e-12,3.438053904520105e-12,0.31486318414007375
ds004447,sub-004,ses-01,30,noise_floor_max,5.08245906963972e-13,3.24237810485278e-13,1.84008096478694e-13,0.13895396659249798
ds004447,sub-004,ses-01,30,transient_max,0.0001360927852292668,8.814984481574732e-05,4.794294041351947e-05,0.5438800257657946
ds004447,sub-004,ses-01,30,channel_inconsistency_max,0.6940721152669477,0.6535918918000689,0.04048022346687874,0.061935014761779726
ds004447,sub-004,ses-01,60,smr_snr_min,0.0006795510005270754,0.0006235802883476762,5.5970712179399134e-05,0.08975702589629601
ds004447,sub-004,ses-01,60,high_beta_max,6.622077958503786e-13,5.996063254955511e-13,6.260147035482752e-14,0.03913554813896717
ds004447,sub-004,ses-01,60,broadband_max,1.1742834046977696e-11,9.919199441845865e-12,1.823634605131831e-12,0.16701174979395286
ds004447,sub-004,ses-01,60,noise_floor_max,4.005775214914899e-13,3.24237810485278e-13,7.633971100621187e-14,0.05764803753657853
ds004447,sub-004,ses-01,60,transient_max,0.00011317038989852753,8.814984481574732e-05,2.502054508278021e-05,0.2838410532796471
ds004447,sub-004,ses-01,60,channel_inconsistency_max,0.6849006896118421,0.6535918918000689,0.031308797811773204,0.04790267168935831
ds004447,sub-004,ses-01,90,smr_snr_min,0.0006178049480754003,0.0006235802883476762,5.7753402722759235e-06,0.00926158246329029
ds004447,sub-004,ses-01,90,high_beta_max,6.182231407451717e-13,5.996063254955511e-13,1.8616815249620606e-14,0.011638373112742724
ds004447,sub-004,ses-01,90,broadband_max,1.0776605822744135e-11,9.919199441845865e-12,8.574063808982699e-13,0.07852282444923704
ds004447,sub-004,ses-01,90,noise_floor_max,3.3649823549573463e-13,3.24237810485278e-13,1.2260425010456618e-14,0.009258476773113497
ds004447,sub-004,ses-01,90,transient_max,9.383183071641104e-05,8.814984481574732e-05,5.681985900663722e-06,0.064458262497025
ds004447,sub-004,ses-01,90,channel_inconsistency_max,0.6873697594987084,0.6535918918000689,0.03377786769863944,0.05168036525906027
ds004447,sub-004,ses-01,120,smr_snr_min,0.0006178049480754003,0.0006235802883476762,5.7753402722759235e-06,0.00926158246329029
ds004447,sub-004,ses-01,120,high_beta_max,5.907058978384154e-13,5.996063254955511e-13,8.900427657135697e-15,0.005564136322340676
ds004447,sub-004,ses-01,120,broadband_max,9.615393875838105e-12,9.919199441845865e-12,3.038055660077603e-13,0.02782306226988402
ds004447,sub-004,ses-01,120,noise_floor_max,3.2115331686519067e-13,3.24237810485278e-13,3.084493620087349e-15,0.0023292595904333907
ds004447,sub-004,ses-01,120,transient_max,8.050441370260164e-05,8.814984481574732e-05,7.645431113145683e-06,0.08673221197829802
ds004447,sub-004,ses-01,120,channel_inconsistency_max,0.7202837164110758,0.6535918918000689,0.06669182461100687,0.10203894119192285
ds004447,sub-004,ses-19,15,smr_snr_min,0.0008247459417263741,0.0006616017532958846,0.00016314418843048947,0.2465897155972887
ds004447,sub-004,ses-19,15,high_beta_max,7.212694973184162e-13,5.147882520401632e-13,2.06481245278253e-13,0.13631030277674636
ds004447,sub-004,ses-19,15,broadband_max,1.8358306893546305e-11,1.1144150923795994e-11,7.2141559697503105e-12,0.5940436688426237
ds004447,sub-004,ses-19,15,noise_floor_max,3.4700951274830723e-13,2.4070633097955394e-13,1.063031817687533e-13,0.08567956744834657
ds004447,sub-004,ses-19,15,transient_max,0.00011110301060501994,8.002524147402123e-05,3.1077769130998705e-05,0.3883495778358628
ds004447,sub-004,ses-19,15,channel_inconsistency_max,0.8199329812963785,1.4459802562951011e-05,0.8199185214938155,56703.29599736855
ds004447,sub-004,ses-19,30,smr_snr_min,0.0006829082337543687,0.0006616017532958846,2.1306480458484103e-05,0.032204389302382834
ds004447,sub-004,ses-19,30,high_beta_max,5.4899661530835e-13,5.147882520401632e-13,3.420836326818682e-14,0.022582934097959865
ds004447,sub-004,ses-19,30,broadband_max,1.3890042202820694e-11,1.1144150923795994e-11,2.7458912790247e-12,0.22610813191099527
ds004447,sub-004,ses-19,30,noise_floor_max,2.675318918165693e-13,2.4070633097955394e-13,2.6825560837015337e-14,0.021621200897585655
ds004447,sub-004,ses-19,30,transient_max,0.00010287654230563795,8.002524147402123e-05,2.2851300831616713e-05,0.2855511601734288
ds004447,sub-004,ses-19,30,channel_inconsistency_max,0.7373066455488172,1.4459802562951011e-05,0.7372921857462542,50989.087267779236
ds004447,sub-004,ses-19,60,smr_snr_min,0.0006616017532958846,0.0006616017532958846,0.0,0.0
ds004447,sub-004,ses-19,60,high_beta_max,4.63752117866079e-13,5.147882520401632e-13,5.1036134174084213e-14,0.03369192631732335
ds004447,sub-004,ses-19,60,broadband_max,1.1689374726228222e-11,1.1144150923795994e-11,5.452238024322274e-13,0.04489600021059376
ds004447,sub-004,ses-19,60,noise_floor_max,2.4738389868728783e-13,2.4070633097955394e-13,6.677567707733887e-15,0.005382069504281372
ds004447,sub-004,ses-19,60,transient_max,8.253888456549914e-05,8.002524147402123e-05,2.513643091477905e-06,0.031410627619078
ds004447,sub-004,ses-19,60,channel_inconsistency_max,0.7392111451934871,1.4459802562951011e-05,0.7391966853909241,51120.79719290917
ds004447,sub-004,ses-19,90,smr_snr_min,0.0006616017532958846,0.0006616017532958846,0.0,0.0
ds004447,sub-004,ses-19,90,high_beta_max,4.586617286017515e-13,5.147882520401632e-13,5.612652343841174e-14,0.037052388914964735
ds004447,sub-004,ses-19,90,broadband_max,1.0578433720515877e-11,1.1144150923795994e-11,5.657172032801174e-13,0.046583512246345396
ds004447,sub-004,ses-19,90,noise_floor_max,2.2200621052033542e-13,2.4070633097955394e-13,1.8700120459218515e-14,0.015072156877328517
ds004447,sub-004,ses-19,90,transient_max,8.002524147402123e-05,8.002524147402123e-05,0.0,0.0
ds004447,sub-004,ses-19,90,channel_inconsistency_max,0.6518150620962535,1.4459802562951011e-05,0.6518006022936905,45076.725935872164
ds004447,sub-004,ses-19,120,smr_snr_min,0.0006616017532958846,0.0006616017532958846,0.0,0.0
ds004447,sub-004,ses-19,120,high_beta_max,5.147882520401632e-13,5.147882520401632e-13,0.0,0.0
ds004447,sub-004,ses-19,120,broadband_max,1.1144150923795994e-11,1.1144150923795994e-11,0.0,0.0
ds004447,sub-004,ses-19,120,noise_floor_max,2.4070633097955394e-13,2.4070633097955394e-13,0.0,0.0
ds004447,sub-004,ses-19,120,transient_max,8.002524147402123e-05,8.002524147402123e-05,0.0,0.0
ds004447,sub-004,ses-19,120,channel_inconsistency_max,1.4459802562951011e-05,1.4459802562951011e-05,0.0,0.0
ds004447,sub-005,ses-01,15,smr_snr_min,0.0006874844548277418,0.0007057570517019837,1.827259687424193e-05,0.02589077474222252
ds004447,sub-005,ses-01,15,high_beta_max,1.4491853075711348e-12,9.068216873191137e-13,5.42363620252021e-13,0.28443331846857395
ds004447,sub-005,ses-01,15,broadband_max,1.884197433680414e-11,1.4152159276461728e-11,4.689815060342412e-12,0.3095146358201139
ds004447,sub-005,ses-01,15,noise_floor_max,9.38574099631446e-13,4.882983643742391e-13,4.5027573525720694e-13,0.30254399657727715
ds004447,sub-005,ses-01,15,transient_max,9.148322636758983e-05,8.24217921263447e-05,9.061434241245121e-06,0.10993978531084385
ds004447,sub-005,ses-01,15,channel_inconsistency_max,0.7064663844431003,0.4398659507788698,0.2666004336642305,0.6060947277041006
ds004447,sub-005,ses-01,30,smr_snr_min,0.0006350490726163165,0.0007057570517019837,7.070797908566718e-05,0.10018742117413124
ds004447,sub-005,ses-01,30,high_beta_max,1.1026023477958233e-12,9.068216873191137e-13,1.9578066047670954e-13,0.10267381673845254
ds004447,sub-005,ses-01,30,broadband_max,1.4236912580288597e-11,1.4152159276461728e-11,8.475330382686902e-14,0.005593480261161844
ds004447,sub-005,ses-01,30,noise_floor_max,7.742567572515236e-13,4.882983643742391e-13,2.859583928772845e-13,0.19213781303691535
ds004447,sub-005,ses-01,30,transient_max,7.472168650034324e-05,8.24217921263447e-05,7.70010562600146e-06,0.09342317527838707
ds004447,sub-005,ses-01,30,channel_inconsistency_max,0.6841383185486721,0.4398659507788698,0.24427236776980232,0.5553336586674062
ds004447,sub-005,ses-01,60,smr_snr_min,0.0006963845048076889,0.0007057570517019837,9.372546894294829e-06,0.013280132105534232
ds004447,sub-005,ses-01,60,high_beta_max,9.840452118413575e-13,9.068216873191137e-13,7.722352452224379e-14,0.04049855580928272
ds004447,sub-005,ses-01,60,broadband_max,1.3678194860728434e-11,1.4152159276461728e-11,4.739644157332938e-13,0.031280321641653966
ds004447,sub-005,ses-01,60,noise_floor_max,6.513508659821742e-13,4.882983643742391e-13,1.6305250160793513e-13,0.10955632654779622
ds004447,sub-005,ses-01,60,transient_max,8.24217921263447e-05,8.24217921263447e-05,0.0,0.0
ds004447,sub-005,ses-01,60,channel_inconsistency_max,0.6102259132628275,0.4398659507788698,0.17035996248395768,0.3872997266142431
ds004447,sub-005,ses-01,90,smr_snr_min,0.0006963845048076889,0.0007057570517019837,9.372546894294829e-06,0.013280132105534232
ds004447,sub-005,ses-01,90,high_beta_max,9.319906487721852e-13,9.068216873191137e-13,2.5168961453071456e-14,0.013199431084957728
ds004447,sub-005,ses-01,90,broadband_max,1.4689756323301944e-11,1.4152159276461728e-11,5.375970468402165e-13,0.035479896761338295
ds004447,sub-005,ses-01,90,noise_floor_max,5.374442080020848e-13,4.882983643742391e-13,4.914584362784573e-14,0.033021499454855135
ds004447,sub-005,ses-01,90,transient_max,8.272951969329365e-05,8.24217921263447e-05,3.0772756694894443e-07,0.0037335703977857846
ds004447,sub-005,ses-01,90,channel_inconsistency_max,0.4563340478729711,0.4398659507788698,0.016468097094101297,0.03743889943039199
ds004447,sub-005,ses-01,120,smr_snr_min,0.0007057570517019837,0.0007057570517019837,0.0,0.0
ds004447,sub-005,ses-01,120,high_beta_max,9.068216873191137e-13,9.068216873191137e-13,0.0,0.0
ds004447,sub-005,ses-01,120,broadband_max,1.4152159276461728e-11,1.4152159276461728e-11,0.0,0.0
ds004447,sub-005,ses-01,120,noise_floor_max,4.882983643742391e-13,4.882983643742391e-13,0.0,0.0
ds004447,sub-005,ses-01,120,transient_max,8.24217921263447e-05,8.24217921263447e-05,0.0,0.0
ds004447,sub-005,ses-01,120,channel_inconsistency_max,0.4398659507788698,0.4398659507788698,0.0,0.0
ds004447,sub-005,ses-19,15,smr_snr_min,0.0006300685800222966,0.0005295777596749672,0.00010049082034732941,0.18975649623060079
ds004447,sub-005,ses-19,15,high_beta_max,9.446712918812366e-13,7.390280637804077e-13,2.0564322810082896e-13,0.11825181685325359
ds004447,sub-005,ses-19,15,broadband_max,1.9235996050913327e-11,1.0782575316535146e-11,8.453420734378181e-12,0.7174510246936444
ds004447,sub-005,ses-19,15,noise_floor_max,7.70566941644126e-13,4.043539389368662e-13,3.662130027072598e-13,0.26076973372146695
ds004447,sub-005,ses-19,15,transient_max,9.715005722133259e-05,8.49176928358897e-05,1.2232364385442895e-05,0.14404965364559863
ds004447,sub-005,ses-19,15,channel_inconsistency_max,0.8555548207569756,0.05263282245733063,0.8029219982996451,15.255157538536299
ds004447,sub-005,ses-19,30,smr_snr_min,0.000615375381572429,0.0005295777596749672,8.579762189746178e-05,0.16201137636163085
ds004447,sub-005,ses-19,30,high_beta_max,8.519292552971681e-13,7.390280637804077e-13,1.1290119151676041e-13,0.06492200664739635
ds004447,sub-005,ses-19,30,broadband_max,1.5078900636386292e-11,1.0782575316535146e-11,4.296325319851146e-12,0.3646338091997488
ds004447,sub-005,ses-19,30,noise_floor_max,5.573525384399778e-13,4.043539389368662e-13,1.529985995031116e-13,0.10894589694314218
ds004447,sub-005,ses-19,30,transient_max,8.950482948043077e-05,8.49176928358897e-05,4.587136644541075e-06,0.05401862011709936
ds004447,sub-005,ses-19,30,channel_inconsistency_max,0.6447654162381259,0.05263282245733063,0.5921325937807953,11.25025347537815
ds004447,sub-005,ses-19,60,smr_snr_min,0.0005372845479512163,0.0005295777596749672,7.706788276249082e-06,0.014552703773713014
ds004447,sub-005,ses-19,60,high_beta_max,7.776199516412804e-13,7.390280637804077e-13,3.859188786087271e-14,0.02219164179385309
ds004447,sub-005,ses-19,60,broadband_max,1.1275339170066805e-11,1.0782575316535146e-11,4.927638535316596e-13,0.04182140493853975
ds004447,sub-005,ses-19,60,noise_floor_max,4.661875604258132e-13,4.043539389368662e-13,6.183362148894699e-14,0.0440299412951102
ds004447,sub-005,ses-19,60,transient_max,8.682050507362527e-05,8.49176928358897e-05,1.9028122377355762e-06,0.022407723900426627
ds004447,sub-005,ses-19,60,channel_inconsistency_max,0.598089727620288,0.05263282245733063,0.5454569051629574,10.363436344208889
ds004447,sub-005,ses-19,90,smr_snr_min,0.0005359137563702158,0.0005295777596749672,6.3359966952485774e-06,0.011964242394116222
ds004447,sub-005,ses-19,90,high_beta_max,7.33246336347849e-13,7.390280637804077e-13,5.781727432558637e-15,0.003324688975973141
ds004447,sub-005,ses-19,90,broadband_max,1.0429917704544129e-11,1.0782575316535146e-11,3.52657611991017e-13,0.02993043562353579
ds004447,sub-005,ses-19,90,noise_floor_max,4.082087310112756e-13,4.043539389368662e-13,3.854792074409424e-15,0.002744886433207576
ds004447,sub-005,ses-19,90,transient_max,8.464586251621318e-05,8.49176928358897e-05,2.718303196765109e-07,0.003201103414346661
ds004447,sub-005,ses-19,90,channel_inconsistency_max,0.6088620265001512,0.05263282245733063,0.5562292040428206,10.56810518727524
ds004447,sub-005,ses-19,120,smr_snr_min,0.0005295777596749672,0.0005295777596749672,0.0,0.0
ds004447,sub-005,ses-19,120,high_beta_max,7.390280637804077e-13,7.390280637804077e-13,0.0,0.0
ds004447,sub-005,ses-19,120,broadband_max,1.0782575316535146e-11,1.0782575316535146e-11,0.0,0.0
ds004447,sub-005,ses-19,120,noise_floor_max,4.043539389368662e-13,4.043539389368662e-13,0.0,0.0
ds004447,sub-005,ses-19,120,transient_max,8.49176928358897e-05,8.49176928358897e-05,0.0,0.0
ds004447,sub-005,ses-19,120,channel_inconsistency_max,0.05263282245733063,0.05263282245733063,0.0,0.0
ds004447,sub-006,ses-01,15,smr_snr_min,0.0007291174255994693,0.0006608744329492532,6.824299265021619e-05,0.10326166234394898
ds004447,sub-006,ses-01,15,high_beta_max,1.327952304526305e-12,9.023044399272351e-13,4.2564786459906985e-13,0.22375380915125825
ds004447,sub-006,ses-01,15,broadband_max,1.767846064550686e-11,1.0527344621071332e-11,7.151116024435528e-12,0.6203610857060431
ds004447,sub-006,ses-01,15,noise_floor_max,1.349196174897166e-12,5.672984172328152e-13,7.818977576643509e-13,0.4988825032088343
ds004447,sub-006,ses-01,15,transient_max,0.00014670553251545037,0.0001258954062714586,2.081012624399178e-05,0.16529694525806257
ds004447,sub-006,ses-01,15,channel_inconsistency_max,0.3349345186982587,0.11641790871402818,0.2185166099842305,1.8770016778013343
ds004447,sub-006,ses-01,30,smr_snr_min,0.0007026784240267997,0.0006608744329492532,4.180399107754651e-05,0.06325557311656654
ds004447,sub-006,ses-01,30,high_beta_max,1.1724462527833456e-12,9.023044399272351e-13,2.701418128561105e-13,0.1420076656428577
ds004447,sub-006,ses-01,30,broadband_max,1.5123475725782174e-11,1.0527344621071332e-11,4.596131104710842e-12,0.3987155113164028
ds004447,sub-006,ses-01,30,noise_floor_max,1.016635402907021e-12,5.672984172328152e-13,4.4933698567420586e-13,0.28669523348817294
ds004447,sub-006,ses-01,30,transient_max,0.00014373195284962296,0.0001258954062714586,1.783654657816437e-05,0.1416775001148755
ds004447,sub-006,ses-01,30,channel_inconsistency_max,0.2123630151247545,0.11641790871402818,0.09594510641072632,0.8241438750251397
ds004447,sub-006,ses-01,60,smr_snr_min,0.0008258035865914995,0.0006608744329492532,0.00016492915364224635,0.2495620123427423
ds004447,sub-006,ses-01,60,high_beta_max,1.3777224827665566e-12,9.023044399272351e-13,4.754180428393215e-13,0.24991690754688384
ds004447,sub-006,ses-01,60,broadband_max,1.8241804015783573e-11,1.0527344621071332e-11,7.71445939471224e-12,0.6692312625589979
ds004447,sub-006,ses-01,60,noise_floor_max,1.211848381981793e-12,5.672984172328152e-13,6.445499647489778e-13,0.4112490369810874
ds004447,sub-006,ses-01,60,transient_max,0.000151962315251393,0.0001258954062714586,2.6066908979934417e-05,0.20705210416237302
ds004447,sub-006,ses-01,60,channel_inconsistency_max,0.1499884751323792,0.11641790871402818,0.03357056641835102,0.2883625619880032
ds004447,sub-006,ses-01,90,smr_snr_min,0.000778935880020728,0.0006608744329492532,0.00011806144707147482,0.17864429459914688
ds004447,sub-006,ses-01,90,high_beta_max,1.3102863108171438e-12,9.023044399272351e-13,4.079818708899087e-13,0.2144671811340115
ds004447,sub-006,ses-01,90,broadband_max,1.6248323892936256e-11,1.0527344621071332e-11,5.720979271864924e-12,0.49629636832469626
ds004447,sub-006,ses-01,90,noise_floor_max,1.0040518462375621e-12,5.672984172328152e-13,4.3675342900474696e-13,0.27866641362138833
ds004447,sub-006,ses-01,90,transient_max,0.00014174192492561285,0.0001258954062714586,1.5846518654154262e-05,0.12587050630040564
ds004447,sub-006,ses-01,90,channel_inconsistency_max,0.145843002737058,0.11641790871402818,0.029425094023029813,0.2527540165238458
ds004447,sub-006,ses-01,120,smr_snr_min,0.0007132565358533433,0.0006608744329492532,5.23821029040901e-05,0.07926180861781133
ds004447,sub-006,ses-01,120,high_beta_max,1.1185883657262631e-12,9.023044399272351e-13,2.16283925799028e-13,0.1136957477780481
ds004447,sub-006,ses-01,120,broadband_max,1.3752862260676091e-11,1.0527344621071332e-11,3.2255176396047587e-12,0.27981445386031883
ds004447,sub-006,ses-01,120,noise_floor_max,8.013549187716952e-13,5.672984172328152e-13,2.340565015388801e-13,0.14933754731413862
ds004447,sub-006,ses-01,120,transient_max,0.0001328788261844816,0.0001258954062714586,6.983419913023011e-06,0.05547001327828584
ds004447,sub-006,ses-01,120,channel_inconsistency_max,0.13289154289393876,0.11641790871402818,0.016473634179910573,0.14150429570277978
ds004447,sub-006,ses-19,15,smr_snr_min,0.0010939300424786741,0.0006601639276862193,0.0004337661147924549,0.6570581880407875
ds004447,sub-006,ses-19,15,high_beta_max,8.497551635644396e-13,6.35870163790165e-13,2.1388499977427466e-13,0.1307469287652525
ds004447,sub-006,ses-19,15,broadband_max,2.293904561870329e-11,1.2975627207126632e-11,9.963418411576657e-12,0.7129138652536454
ds004447,sub-006,ses-19,15,noise_floor_max,5.834616034043968e-13,3.5542579737037257e-13,2.280358060340243e-13,0.16823924000593082
ds004447,sub-006,ses-19,15,transient_max,0.00017962326848249102,0.00019099050125887004,1.1367232776379011e-05,0.05951726730877839
ds004447,sub-006,ses-19,15,channel_inconsistency_max,0.7994908139011075,0.5834033305205097,0.2160874833805978,0.3703912406318201
ds004447,sub-006,ses-19,30,smr_snr_min,0.000685737245444334,0.0006601639276862193,2.5573317758114723e-05,0.038737829570615494
ds004447,sub-006,ses-19,30,high_beta_max,8.017031971563674e-13,6.35870163790165e-13,1.658330333662024e-13,0.10137297998148098
ds004447,sub-006,ses-19,30,broadband_max,1.79161350108609e-11,1.2975627207126632e-11,4.940507803734268e-12,0.353508842967344
ds004447,sub-006,ses-19,30,noise_floor_max,5.040134317791284e-13,3.5542579737037257e-13,1.485876344087558e-13,0.10962432225875213
ds004447,sub-006,ses-19,30,transient_max,0.00018009690318150683,0.00019099050125887004,1.0893598077363207e-05,0.05703738117091256
ds004447,sub-006,ses-19,30,channel_inconsistency_max,0.7056844783186859,0.5834033305205097,0.12228114779817612,0.2095996738463386
ds004447,sub-006,ses-19,60,smr_snr_min,0.000659006945294658,0.0006601639276862193,1.156982391561207e-06,0.0017525683262696549
ds004447,sub-006,ses-19,60,high_beta_max,6.725005401765871e-13,6.35870163790165e-13,3.663037638642219e-14,0.022391982687399153
ds004447,sub-006,ses-19,60,broadband_max,1.490195174126918e-11,1.2975627207126632e-11,1.9263245341425466e-12,0.13783456767938476
ds004447,sub-006,ses-19,60,noise_floor_max,4.1258470754970697e-13,3.5542579737037257e-13,5.71589101793344e-14,0.04217044584087669
ds004447,sub-006,ses-19,60,transient_max,0.0001826545305561921,0.00019099050125887004,8.335970702677927e-06,0.043645996026437414
ds004447,sub-006,ses-19,60,channel_inconsistency_max,0.7410557658076584,0.5834033305205097,0.15765243528714867,0.2702288914707115
ds004447,sub-006,ses-19,90,smr_snr_min,0.0006603900119612899,0.0006601639276862193,2.2608427507062653e-07,0.00034246687110056574
ds004447,sub-006,ses-19,90,high_beta_max,6.441703936484041e-13,6.35870163790165e-13,8.300229858239142e-15,0.005073892807610264
ds004447,sub-006,ses-19,90,broadband_max,1.486461692665751e-11,1.2975627207126632e-11,1.888989719530879e-12,0.13516314448968852
ds004447,sub-006,ses-19,90,noise_floor_max,3.5795260854268086e-13,3.5542579737037257e-13,2.52681117230829e-15,0.001864219477901699
ds004447,sub-006,ses-19,90,transient_max,0.0001847069475852605,0.00019099050125887004,6.283553673609531e-06,0.032899822762352614
ds004447,sub-006,ses-19,90,channel_inconsistency_max,0.6434649823106282,0.5834033305205097,0.060061651790118464,0.1029504780790826
ds004447,sub-006,ses-19,120,smr_snr_min,0.0006601639276862193,0.0006601639276862193,0.0,0.0
ds004447,sub-006,ses-19,120,high_beta_max,6.35870163790165e-13,6.35870163790165e-13,0.0,0.0
ds004447,sub-006,ses-19,120,broadband_max,1.2975627207126632e-11,1.2975627207126632e-11,0.0,0.0
ds004447,sub-006,ses-19,120,noise_floor_max,3.5542579737037257e-13,3.5542579737037257e-13,0.0,0.0
ds004447,sub-006,ses-19,120,transient_max,0.00019099050125887004,0.00019099050125887004,0.0,0.0
ds004447,sub-006,ses-19,120,channel_inconsistency_max,0.5834033305205097,0.5834033305205097,0.0,0.0
ds004447,sub-007,ses-01,15,smr_snr_min,0.0005975113821878885,0.0006329911369733523,3.5479754785463775e-05,0.056050950253520616
ds004447,sub-007,ses-01,15,high_beta_max,1.4599172040867485e-12,1.2172003045794192e-12,2.4271689950732936e-13,0.10946999195608101
ds004447,sub-007,ses-01,15,broadband_max,2.3732567429995463e-11,1.321630853739584e-11,1.0516258892599624e-11,0.7397320383794938
ds004447,sub-007,ses-01,15,noise_floor_max,4.916894107703625e-13,3.946577364045386e-13,9.703167436582389e-14,0.06957382577317779
ds004447,sub-007,ses-01,15,transient_max,0.00010509205310139671,8.682768230716393e-05,1.8264370794232775e-05,0.21035193038169922
ds004447,sub-007,ses-01,15,channel_inconsistency_max,0.5508653295883732,0.5019353206523329,0.04893000893604027,0.09748269731715954
ds004447,sub-007,ses-01,30,smr_snr_min,0.0005507155761805485,0.0006329911369733523,8.227556079280383e-05,0.1299790089577328
ds004447,sub-007,ses-01,30,high_beta_max,1.4059405494914563e-12,1.2172003045794192e-12,1.887402449120371e-13,0.0851254821326751
ds004447,sub-007,ses-01,30,broadband_max,1.4092567901594126e-11,1.321630853739584e-11,8.762593641982872e-13,0.06163761583348426
ds004447,sub-007,ses-01,30,noise_floor_max,4.743337592703428e-13,3.946577364045386e-13,7.967602286580419e-14,0.05712944530118975
ds004447,sub-007,ses-01,30,transient_max,9.377741817349455e-05,8.682768230716393e-05,6.949735866330616e-06,0.0800405539065812
ds004447,sub-007,ses-01,30,channel_inconsistency_max,0.5477190866680226,0.5019353206523329,0.045783766015689675,0.09121447352239778
ds004447,sub-007,ses-01,60,smr_snr_min,0.0005564866358459756,0.0006329911369733523,7.650450112737671e-05,0.12086188342592151
ds004447,sub-007,ses-01,60,high_beta_max,1.2854394339979454e-12,1.2172003045794192e-12,6.823912941852622e-14,0.03077716040250613
ds004447,sub-007,ses-01,60,broadband_max,1.2959089578144109e-11,1.321630853739584e-11,2.572189592517306e-13,0.018093231345895387
ds004447,sub-007,ses-01,60,noise_floor_max,4.091686695839666e-13,3.946577364045386e-13,1.4510933179428e-14,0.010404655422367308
ds004447,sub-007,ses-01,60,transient_max,7.48374685282668e-05,8.682768230716393e-05,1.199021377889713e-05,0.13809206145095718
ds004447,sub-007,ses-01,60,channel_inconsistency_max,0.49625269209176404,0.5019353206523329,0.005682628560568892,0.011321435903678238
ds004447,sub-007,ses-01,90,smr_snr_min,0.0006097740402038858,0.0006329911369733523,2.3217096769466536e-05,0.03667839149186308
ds004447,sub-007,ses-01,90,high_beta_max,1.2044449681703757e-12,1.2172003045794192e-12,1.2755336409043458e-14,0.0057529021544415766
ds004447,sub-007,ses-01,90,broadband_max,1.321630853739584e-11,1.321630853739584e-11,0.0,0.0
ds004447,sub-007,ses-01,90,noise_floor_max,3.7610060038030015e-13,3.946577364045386e-13,1.8557136024238436e-14,0.013305871067749699
ds004447,sub-007,ses-01,90,transient_max,7.756919203479004e-05,8.682768230716393e-05,9.258490272373899e-06,0.10663062654361992
ds004447,sub-007,ses-01,90,channel_inconsistency_max,0.5100886865654377,0.5019353206523329,0.008153365913104782,0.016243857679694936
ds004447,sub-007,ses-01,120,smr_snr_min,0.0006329911369733523,0.0006329911369733523,0.0,0.0
ds004447,sub-007,ses-01,120,high_beta_max,1.2172003045794192e-12,1.2172003045794192e-12,0.0,0.0
ds004447,sub-007,ses-01,120,broadband_max,1.321630853739584e-11,1.321630853739584e-11,0.0,0.0
ds004447,sub-007,ses-01,120,noise_floor_max,3.946577364045386e-13,3.946577364045386e-13,0.0,0.0
ds004447,sub-007,ses-01,120,transient_max,8.682768230716393e-05,8.682768230716393e-05,0.0,0.0
ds004447,sub-007,ses-01,120,channel_inconsistency_max,0.5019353206523329,0.5019353206523329,0.0,0.0
ds004447,sub-007,ses-19,15,smr_snr_min,0.0009260973789905651,0.0006179649280953443,0.0003081324508952208,0.4986244953193449
ds004447,sub-007,ses-19,15,high_beta_max,1.5708455319597074e-12,1.1676488973326214e-12,4.0319663462708603e-13,0.18600643080308607
ds004447,sub-007,ses-19,15,broadband_max,2.470425659092979e-11,8.895073189745796e-12,1.5809183401183995e-11,1.5976823109875482
ds004447,sub-007,ses-19,15,noise_floor_max,7.880715133958699e-13,3.1081277635193437e-13,4.772587370439355e-13,0.3640937482865962
ds004447,sub-007,ses-19,15,transient_max,0.00015559441672388812,8.925769130998688e-05,6.633672541390124e-05,0.743204576514454
ds004447,sub-007,ses-19,15,channel_inconsistency_max,0.6673066605753878,3.623067204263821e-05,0.6672704299033452,18417.279444907505
ds004447,sub-007,ses-19,30,smr_snr_min,0.0007784425787279277,0.0006179649280953443,0.00016047765063258342,0.2596873108438549
ds004447,sub-007,ses-19,30,high_beta_max,1.3038248581328674e-12,1.1676488973326214e-12,1.3617596080024605e-13,0.06282196391113709
ds004447,sub-007,ses-19,30,broadband_max,1.2791208087326703e-11,8.895073189745796e-12,3.896134897580906e-12,0.3937449297109239
ds004447,sub-007,ses-19,30,noise_floor_max,4.9367546292522e-13,3.1081277635193437e-13,1.8286268657328562e-13,0.1395032836666444
ds004447,sub-007,ses-19,30,transient_max,9.994276951247444e-05,8.925769130998688e-05,1.068507820248756e-05,0.11971044652800224
ds004447,sub-007,ses-19,30,channel_inconsistency_max,0.4430218760510153,3.623067204263821e-05,0.44298564537897267,12226.812481723517
ds004447,sub-007,ses-19,60,smr_snr_min,0.0006153959495704629,0.0006179649280953443,2.5689785248814503e-06,0.0041571590941936595
ds004447,sub-007,ses-19,60,high_beta_max,1.2190828199500776e-12,1.1676488973326214e-12,5.143392261745625e-14,0.023727976740489546
ds004447,sub-007,ses-19,60,broadband_max,9.014662365825374e-12,8.895073189745796e-12,1.1958917607957715e-13,0.012085729310573133
ds004447,sub-007,ses-19,60,noise_floor_max,3.42003638372301e-13,3.1081277635193437e-13,3.119086202036665e-14,0.023795054933148096
ds004447,sub-007,ses-19,60,transient_max,8.492140840772125e-05,8.925769130998688e-05,4.3362829022656265e-06,0.0485816156573482
ds004447,sub-007,ses-19,60,channel_inconsistency_max,0.5986609724931891,3.623067204263821e-05,0.5986247418211464,16522.59512586621
ds004447,sub-007,ses-19,90,smr_snr_min,0.0006102474680451998,0.0006179649280953443,7.71746005014454e-06,0.01248850814469737
ds004447,sub-007,ses-19,90,high_beta_max,1.1618426511301876e-12,1.1676488973326214e-12,5.806246202433809e-15,0.002678591634271873
ds004447,sub-007,ses-19,90,broadband_max,7.946740684924638e-12,8.895073189745796e-12,9.483325048211585e-13,0.09583885703886554
ds004447,sub-007,ses-19,90,noise_floor_max,2.975322047372347e-13,3.1081277635193437e-13,1.3280571614699678e-14,0.010131554905697712
ds004447,sub-007,ses-19,90,transient_max,6.352919813839914e-05,8.925769130998688e-05,2.5728493171587737e-05,0.28824958953939955
ds004447,sub-007,ses-19,90,channel_inconsistency_max,0.6117149379918528,3.623067204263821e-05,0.6116787073198102,16882.8966163547
ds004447,sub-007,ses-19,120,smr_snr_min,0.0006179649280953443,0.0006179649280953443,0.0,0.0
ds004447,sub-007,ses-19,120,high_beta_max,1.1676488973326214e-12,1.1676488973326214e-12,0.0,0.0
ds004447,sub-007,ses-19,120,broadband_max,8.895073189745796e-12,8.895073189745796e-12,0.0,0.0
ds004447,sub-007,ses-19,120,noise_floor_max,3.1081277635193437e-13,3.1081277635193437e-13,0.0,0.0
ds004447,sub-007,ses-19,120,transient_max,8.925769130998688e-05,8.925769130998688e-05,0.0,0.0
ds004447,sub-007,ses-19,120,channel_inconsistency_max,3.623067204263821e-05,3.623067204263821e-05,0.0,0.0
ds004447,sub-008,ses-01,15,smr_snr_min,0.0004047448992387567,0.0004397635146720371,3.50186154332804e-05,0.0796305609385665
ds004447,sub-008,ses-01,15,high_beta_max,7.728374454980708e-13,7.32287248891196e-13,4.055019660687481e-14,0.02340847144884904
ds004447,sub-008,ses-01,15,broadband_max,7.701084084557127e-12,7.539405735540229e-12,1.616783490168979e-13,0.01893320847187379
ds004447,sub-008,ses-01,15,noise_floor_max,4.2027162153774176e-13,2.3220985902918044e-13,1.8806176250856132e-13,0.15262153693262062
ds004447,sub-008,ses-01,15,transient_max,6.180392065308601e-05,2.6958969024185412e-05,3.48449516289006e-05,1.292517911390551
ds004447,sub-008,ses-01,15,channel_inconsistency_max,0.7289357042948228,0.0006777284958025525,0.7282579757990203,1074.5571113430528
ds004447,sub-008,ses-01,30,smr_snr_min,0.0004112617107107258,0.0004397635146720371,2.850180396131132e-05,0.06481166114418446
ds004447,sub-008,ses-01,30,high_beta_max,7.904809763919974e-13,7.32287248891196e-13,5.819372750080136e-14,0.03359357839645247
ds004447,sub-008,ses-01,30,broadband_max,6.1430360941329305e-12,7.539405735540229e-12,1.3963696414072981e-12,0.1635207044438391
ds004447,sub-008,ses-01,30,noise_floor_max,3.3986875852601687e-13,2.3220985902918044e-13,1.0765889949683643e-13,0.08737058765432823
ds004447,sub-008,ses-01,30,transient_max,4.043582703898669e-05,2.6958969024185412e-05,1.3476858014801275e-05,0.4999025557249007
ds004447,sub-008,ses-01,30,channel_inconsistency_max,0.7474122114191853,0.0006777284958025525,0.7467344829233828,1101.8195139298302
ds004447,sub-008,ses-01,60,smr_snr_min,0.00041775207465209003,0.0004397635146720371,2.2011440019947077e-05,0.050052901697198934
ds004447,sub-008,ses-01,60,high_beta_max,7.166511184015876e-13,7.32287248891196e-13,1.5636130489608376e-14,0.00902629197300665
ds004447,sub-008,ses-01,60,broadband_max,6.467530530074217e-12,7.539405735540229e-12,1.0718752054660112e-12,0.12552105364954896
ds004447,sub-008,ses-01,60,noise_floor_max,2.466293921843584e-13,2.3220985902918044e-13,1.4419533155177982e-14,0.01170217317246486
ds004447,sub-008,ses-01,60,transient_max,2.483176638437464e-05,2.6958969024185412e-05,2.127202639810773e-06,0.07890518954924533
ds004447,sub-008,ses-01,60,channel_inconsistency_max,0.7048836641538856,0.0006777284958025525,0.7042059356580831,1039.0679143350887
ds004447,sub-008,ses-01,90,smr_snr_min,0.0004428023275611079,0.0004397635146720371,3.038812889070801e-06,0.006910106866020826
ds004447,sub-008,ses-01,90,high_beta_max,7.051316395660722e-13,7.32287248891196e-13,2.7155609325123844e-14,0.015676158409932087
ds004447,sub-008,ses-01,90,broadband_max,7.227494306625176e-12,7.539405735540229e-12,3.1191142891505235e-13,0.03652612823125448
ds004447,sub-008,ses-01,90,noise_floor_max,2.2487872457516422e-13,2.3220985902918044e-13,7.331134454016225e-15,0.005949582695103735
ds004447,sub-008,ses-01,90,transient_max,2.4337706416418563e-05,2.6958969024185412e-05,2.6212626077668488e-06,0.09723155615423229
ds004447,sub-008,ses-01,90,channel_inconsistency_max,0.7278867848585092,0.0006777284958025525,0.7272090563627067,1073.0094127568752
ds004447,sub-008,ses-01,120,smr_snr_min,0.0004397635146720371,0.0004397635146720371,0.0,0.0
ds004447,sub-008,ses-01,120,high_beta_max,7.32287248891196e-13,7.32287248891196e-13,0.0,0.0
ds004447,sub-008,ses-01,120,broadband_max,7.539405735540229e-12,7.539405735540229e-12,0.0,0.0
ds004447,sub-008,ses-01,120,noise_floor_max,2.3220985902918044e-13,2.3220985902918044e-13,0.0,0.0
ds004447,sub-008,ses-01,120,transient_max,2.6958969024185412e-05,2.6958969024185412e-05,0.0,0.0
ds004447,sub-008,ses-01,120,channel_inconsistency_max,0.0006777284958025525,0.0006777284958025525,0.0,0.0
ds004447,sub-008,ses-19,15,smr_snr_min,0.000997708782692427,0.0006897373905836468,0.0003079713921087803,0.44650528718136284
ds004447,sub-008,ses-19,15,high_beta_max,2.3271862477599454e-12,1.0093177305375546e-12,1.3178685172223907e-12,0.6558786085413282
ds004447,sub-008,ses-19,15,broadband_max,1.7281161028931277e-11,1.2087993367305795e-11,5.193167661625482e-12,0.39678868378694115
ds004447,sub-008,ses-19,15,noise_floor_max,1.6885922494273148e-12,3.2150797675605093e-13,1.367084272671264e-12,1.0344880974741377
ds004447,sub-008,ses-19,15,transient_max,8.849910093842959e-05,5.087361493858218e-05,3.7625485999847415e-05,0.7395874129582466
ds004447,sub-008,ses-19,15,channel_inconsistency_max,0.8086805704542099,0.0004105236497775256,0.8082700468044324,1968.8757158657756
ds004447,sub-008,ses-19,30,smr_snr_min,0.0007901662852991441,0.0006897373905836468,0.00010042889471549739,0.14560453868523968
ds004447,sub-008,ses-19,30,high_beta_max,1.5162269972485244e-12,1.0093177305375546e-12,5.069092667109698e-13,0.252279298095556
ds004447,sub-008,ses-19,30,broadband_max,1.2272816759485791e-11,1.2087993367305795e-11,1.848233921799964e-13,0.014121598857292429
ds004447,sub-008,ses-19,30,noise_floor_max,1.1943611782061804e-12,3.2150797675605093e-13,8.728532014501295e-13,0.6604978681950532
ds004447,sub-008,ses-19,30,transient_max,7.25995391317614e-05,5.087361493858218e-05,2.172592419317922e-05,0.42705681112598953
ds004447,sub-008,ses-19,30,channel_inconsistency_max,0.6674243134303276,0.0004105236497775256,0.66701378978055,1624.7877278622948
ds004447,sub-008,ses-19,60,smr_snr_min,0.0007312231977504434,0.0006897373905836468,4.1485807166796685e-05,0.06014724976928493
ds004447,sub-008,ses-19,60,high_beta_max,1.1522450309100674e-12,1.0093177305375546e-12,1.4292730037251273e-13,0.07113225459583003
ds004447,sub-008,ses-19,60,broadband_max,1.1213746393794318e-11,1.2087993367305795e-11,8.742469735114765e-13,0.06679763268335481
ds004447,sub-008,ses-19,60,noise_floor_max,5.302122055674817e-13,3.2150797675605093e-13,2.0870422881143074e-13,0.15792884529062312
ds004447,sub-008,ses-19,60,transient_max,6.198515716792575e-05,5.087361493858218e-05,1.1111542229343574e-05,0.21841463446903647
ds004447,sub-008,ses-19,60,channel_inconsistency_max,0.5272246383124167,0.0004105236497775256,0.5268141146626392,1283.2734817223347
ds004447,sub-008,ses-19,90,smr_snr_min,0.0007184497286332835,0.0006897373905836468,2.871233804963675e-05,0.041627927382206754
ds004447,sub-008,ses-19,90,high_beta_max,1.0093177305375546e-12,1.0093177305375546e-12,0.0,0.0
ds004447,sub-008,ses-19,90,broadband_max,1.1607782805304503e-11,1.2087993367305795e-11,4.80210562001292e-13,0.036690923392494426
ds004447,sub-008,ses-19,90,noise_floor_max,3.2519782310640235e-13,3.2150797675605093e-13,3.689846350351427e-15,0.0027921483753802338
ds004447,sub-008,ses-19,90,transient_max,5.081401020828539e-05,5.087361493858218e-05,5.960473029679043e-08,0.0011716236244883596
ds004447,sub-008,ses-19,90,channel_inconsistency_max,0.510225699319576,0.0004105236497775256,0.5098151756697984,1241.8655410089434
ds004447,sub-008,ses-19,120,smr_snr_min,0.0006897373905836468,0.0006897373905836468,0.0,0.0
ds004447,sub-008,ses-19,120,high_beta_max,1.0093177305375546e-12,1.0093177305375546e-12,0.0,0.0
ds004447,sub-008,ses-19,120,broadband_max,1.2087993367305795e-11,1.2087993367305795e-11,0.0,0.0
ds004447,sub-008,ses-19,120,noise_floor_max,3.2150797675605093e-13,3.2150797675605093e-13,0.0,0.0
ds004447,sub-008,ses-19,120,transient_max,5.087361493858218e-05,5.087361493858218e-05,0.0,0.0
ds004447,sub-008,ses-19,120,channel_inconsistency_max,0.0004105236497775256,0.0004105236497775256,0.0,0.0
ds004447,sub-009,ses-01,15,smr_snr_min,0.00024349672381044452,0.0004980018623549207,0.0002545051385444762,0.5110525828757654
ds004447,sub-009,ses-01,15,high_beta_max,3.94230894875992e-13,4.854047822743773e-13,9.11738873983853e-14,0.061379826217325364
ds004447,sub-009,ses-01,15,broadband_max,2.950838019465029e-12,5.330538126582549e-12,2.37970010711752e-12,0.37590802859632527
ds004447,sub-009,ses-01,15,noise_floor_max,1.90801449269864e-13,2.588226233834089e-13,6.802117411354488e-14,0.05403555103793775
ds004447,sub-009,ses-01,15,transient_max,3.551546962691903e-05,8.990437628748207e-05,5.438890666056304e-05,0.6049639439317482
ds004447,sub-009,ses-01,15,channel_inconsistency_max,0.8182254283005925,0.0004299599693224971,0.81779546833127,1902.026990368131
ds004447,sub-009,ses-01,30,smr_snr_min,0.0002629717861096212,0.0004980018623549207,0.00023503007624529952,0.47194617839772224
ds004447,sub-009,ses-01,30,high_beta_max,4.1003274629155034e-13,4.854047822743773e-13,7.537203598282699e-14,0.05074174856729699
ds004447,sub-009,ses-01,30,broadband_max,2.949086511824262e-12,5.330538126582549e-12,2.381451614758287e-12,0.37618470454483777
ds004447,sub-009,ses-01,30,noise_floor_max,2.282688830585842e-13,2.588226233834089e-13,3.055374032482466e-14,0.024271680344212156
ds004447,sub-009,ses-01,30,transient_max,3.411323231861047e-05,8.990437628748207e-05,5.57911439688716e-05,0.6205609298696487
ds004447,sub-009,ses-01,30,channel_inconsistency_max,0.6994320179371503,0.0004299599693224971,0.6990020579678278,1625.737524922453
ds004447,sub-009,ses-01,60,smr_snr_min,0.0003719327922340905,0.0004980018623549207,0.00012606907012083023,0.25314979600986376
ds004447,sub-009,ses-01,60,high_beta_max,4.4224118052329337e-13,4.854047822743773e-13,4.316360175108395e-14,0.029058477706658523
ds004447,sub-009,ses-01,60,broadband_max,3.74236809340919e-12,5.330538126582549e-12,1.5881700331733592e-12,0.2508744124775867
ds004447,sub-009,ses-01,60,noise_floor_max,2.398010626861671e-13,2.588226233834089e-13,1.9021560697241792e-14,0.015110596476345864
ds004447,sub-009,ses-01,60,transient_max,5.350215097276102e-05,8.990437628748207e-05,3.640222531472105e-05,0.40489936544824445
ds004447,sub-009,ses-01,60,channel_inconsistency_max,0.5641671570850735,0.0004299599693224971,0.563737197115751,1311.1387943694212
ds004447,sub-009,ses-01,90,smr_snr_min,0.0004275708017734428,0.0004980018623549207,7.043106058147796e-05,0.14142730331770362
ds004447,sub-009,ses-01,90,high_beta_max,5.290910506495617e-13,4.854047822743773e-13,4.3686268375184346e-14,0.029410345850842165
ds004447,sub-009,ses-01,90,broadband_max,5.043177851161463e-12,5.330538126582549e-12,2.873602754210861e-13,0.04539270906756444
ds004447,sub-009,ses-01,90,noise_floor_max,3.160393007889549e-13,2.588226233834089e-13,5.721667740554601e-14,0.04545253345682771
ds004447,sub-009,ses-01,90,transient_max,8.546479176012606e-05,8.990437628748207e-05,4.439584527356018e-06,0.04938118322270131
ds004447,sub-009,ses-01,90,channel_inconsistency_max,0.30907424894013236,0.0004299599693224971,0.30864428897080987,717.8442419635186
ds004447,sub-009,ses-01,120,smr_snr_min,0.0005650404591749914,0.0004980018623549207,6.703859682007064e-05,0.1346151525788427
ds004447,sub-009,ses-01,120,high_beta_max,6.534251234952202e-13,4.854047822743773e-13,1.680203412208429e-13,0.11311417818621707
ds004447,sub-009,ses-01,120,broadband_max,9.002707283664385e-12,5.330538126582549e-12,3.672169157081836e-12,0.5800721966529258
ds004447,sub-009,ses-01,120,noise_floor_max,3.607885026226728e-13,2.588226233834089e-13,1.019658792392639e-13,0.08100099040578444
ds004447,sub-009,ses-01,120,transient_max,9.716004760814624e-05,8.990437628748207e-05,7.255671320664163e-06,0.08070431651468002
ds004447,sub-009,ses-01,120,channel_inconsistency_max,0.32576092223572833,0.0004299599693224971,0.32533096226640584,756.6540718253076
ds004447,sub-009,ses-19,15,smr_snr_min,0.0014778337085655192,0.0006258154363908378,0.0008520182721746814,1.3614529480559523
ds004447,sub-009,ses-19,15,high_beta_max,1.2278926923653268e-12,3.691157009266776e-13,8.587769914386491e-13,0.627249392332139
ds004447,sub-009,ses-19,15,broadband_max,3.578699234340177e-11,9.05465452173289e-12,2.673233782166888e-11,2.65870276933808
ds004447,sub-009,ses-19,15,noise_floor_max,4.0433531339425504e-13,1.5809617554840233e-13,2.462391378458527e-13,0.2126240834266197
ds004447,sub-009,ses-19,15,transient_max,0.00020332108674753931,0.00013388122581826527,6.943986092927405e-05,0.5186676472836179
ds004447,sub-009,ses-19,15,channel_inconsistency_max,0.6068935052009361,0.06358817724413295,0.5433053279568032,8.544124890738049
ds004447,sub-009,ses-19,30,smr_snr_min,0.0010563334527262697,0.0006258154363908378,0.0004305180163354319,0.6879312823128112
ds004447,sub-009,ses-19,30,high_beta_max,9.671547077902978e-13,3.691157009266776e-13,5.980390068636202e-13,0.4368067698433676
ds004447,sub-009,ses-19,30,broadband_max,3.374272009038618e-11,9.05465452173289e-12,2.468806556865329e-11,2.455386757972702
ds004447,sub-009,ses-19,30,noise_floor_max,2.5952769799640204e-13,1.5809617554840233e-13,1.014315224479997e-13,0.08758471411061179
ds004447,sub-009,ses-19,30,transient_max,0.00017732566720073226,0.00013388122581826527,4.344444138246699e-05,0.32449987511273626
ds004447,sub-009,ses-19,30,channel_inconsistency_max,0.6029253299216217,0.06358817724413295,0.5393371526774888,8.481720597184909
ds004447,sub-009,ses-19,60,smr_snr_min,0.0008328933450416489,0.0006258154363908378,0.00020707790865081112,0.3308929378830354
ds004447,sub-009,ses-19,60,high_beta_max,4.948400354902813e-13,3.691157009266776e-13,1.2572433456360366e-13,0.09182886039398125
ds004447,sub-009,ses-19,60,broadband_max,1.4211643586054225e-11,9.05465452173289e-12,5.156989064321335e-12,0.5128956995165402
ds004447,sub-009,ses-19,60,noise_floor_max,1.6125187974628192e-13,1.5809617554840233e-13,3.1557041978795857e-15,0.0027249068466919345
ds004447,sub-009,ses-19,60,transient_max,0.00014684684248111721,0.00013388122581826527,1.2965616662851949e-05,0.09684417278646468
ds004447,sub-009,ses-19,60,channel_inconsistency_max,0.486129995523297,0.06358817724413295,0.42254181827916404,6.644974531197235
ds004447,sub-009,ses-19,90,smr_snr_min,0.0006435806445171826,0.0006258154363908378,1.7765208126344816e-05,0.028387296101885687
ds004447,sub-009,ses-19,90,high_beta_max,3.8768072680416163e-13,3.691157009266776e-13,1.8565025877484035e-14,0.013559866317301314
ds004447,sub-009,ses-19,90,broadband_max,9.929843973022445e-12,9.05465452173289e-12,8.751894512895549e-13,0.087043214602536
ds004447,sub-009,ses-19,90,noise_floor_max,1.5577244006584706e-13,1.5809617554840233e-13,2.3237354825552776e-15,0.0020065133894902132
ds004447,sub-009,ses-19,90,transient_max,0.00013793790173189912,0.00013388122581826527,4.05667591363385e-06,0.030300558263784912
ds004447,sub-009,ses-19,90,channel_inconsistency_max,0.459050063058023,0.06358817724413295,0.39546188581389,6.219110264623268
ds004447,sub-009,ses-19,120,smr_snr_min,0.0006258154363908378,0.0006258154363908378,0.0,0.0
ds004447,sub-009,ses-19,120,high_beta_max,3.691157009266776e-13,3.691157009266776e-13,0.0,0.0
ds004447,sub-009,ses-19,120,broadband_max,9.05465452173289e-12,9.05465452173289e-12,0.0,0.0
ds004447,sub-009,ses-19,120,noise_floor_max,1.5809617554840233e-13,1.5809617554840233e-13,0.0,0.0
ds004447,sub-009,ses-19,120,transient_max,0.00013388122581826527,0.00013388122581826527,0.0,0.0
ds004447,sub-009,ses-19,120,channel_inconsistency_max,0.06358817724413295,0.06358817724413295,0.0,0.0
ds004447,sub-010,ses-01,15,smr_snr_min,0.0027018471609265146,0.0015667927215967177,0.0011350544393297969,0.724444543914283
ds004447,sub-010,ses-01,15,high_beta_max,6.2303600668907286e-12,3.6874161657155296e-12,2.542943901175199e-12,0.542504401417283
ds004447,sub-010,ses-01,15,broadband_max,6.418868552494496e-11,2.4134989530526835e-11,4.005369599441812e-11,1.5935433729054187
ds004447,sub-010,ses-01,15,noise_floor_max,7.471072049923532e-12,1.284923323901926e-12,6.186148726021606e-12,2.7073769440357505
ds004447,sub-010,ses-01,15,transient_max,0.0002220518944380857,0.0001508144480354013,7.123744640268441e-05,0.47235160064777715
ds004447,sub-010,ses-01,15,channel_inconsistency_max,0.8258092847940293,0.7283059229029778,0.09750336189105147,0.13387693114217145
ds004447,sub-010,ses-01,30,smr_snr_min,0.0026120175608944714,0.0015667927215967177,0.0010452248392977537,0.6671111144590042
ds004447,sub-010,ses-01,30,high_beta_max,5.195212710711808e-12,3.6874161657155296e-12,1.5077965449962788e-12,0.3216690158694529
ds004447,sub-010,ses-01,30,broadband_max,5.950412060695434e-11,2.4134989530526835e-11,3.53691310764275e-11,1.4071671298478619
ds004447,sub-010,ses-01,30,noise_floor_max,3.26988617963933e-12,1.284923323901926e-12,1.9849628557374036e-12,0.8687218669323726
ds004447,sub-010,ses-01,30,transient_max,0.00021792343732356833,0.0001508144480354013,6.710898928816703e-05,0.44497718698302086
ds004447,sub-010,ses-01,30,channel_inconsistency_max,0.8297567274851843,0.7283059229029778,0.10145080458220646,0.13929696490410398
ds004447,sub-010,ses-01,60,smr_snr_min,0.0021505747270006512,0.0015667927215967177,0.0005837820054039335,0.3725968323598062
ds004447,sub-010,ses-01,60,high_beta_max,4.525050792065282e-12,3.6874161657155296e-12,8.376346263497521e-13,0.17869858291575186
ds004447,sub-010,ses-01,60,broadband_max,4.269230071254313e-11,2.4134989530526835e-11,1.8557311182016296e-11,0.7383059045828586
ds004447,sub-010,ses-01,60,noise_floor_max,2.435674410143799e-12,1.284923323901926e-12,1.150751086241873e-12,0.5036278785393788
ds004447,sub-010,ses-01,60,transient_max,0.00019515470730144274,0.0001508144480354013,4.434025926604144e-05,0.29400537912407365
ds004447,sub-010,ses-01,60,channel_inconsistency_max,0.7909887639790312,0.7283059229029778,0.06268284107605337,0.08606663642953469
ds004447,sub-010,ses-01,90,smr_snr_min,0.0017790923979854691,0.0015667927215967177,0.00021229967638875143,0.13549952927844686
ds004447,sub-010,ses-01,90,high_beta_max,4.215371630986613e-12,3.6874161657155296e-12,5.279554652710832e-13,0.1126325136506183
ds004447,sub-010,ses-01,90,broadband_max,3.422536288965983e-11,2.4134989530526835e-11,1.0090373359132996e-11,0.4014472871324685
ds004447,sub-010,ses-01,90,noise_floor_max,1.9235645862045553e-12,1.284923323901926e-12,6.386412623026293e-13,0.2795022728430257
ds004447,sub-010,ses-01,90,transient_max,0.00017445844386968694,0.0001508144480354013,2.3643995834285642e-05,0.15677540173047735
ds004447,sub-010,ses-01,90,channel_inconsistency_max,0.7369004776638542,0.7283059229029778,0.00859455476087645,0.011800748134255643
ds004447,sub-010,ses-01,120,smr_snr_min,0.0016720741347305127,0.0015667927215967177,0.00010528141313379501,0.06719549536795606
ds004447,sub-010,ses-01,120,high_beta_max,3.808267606735574e-12,3.6874161657155296e-12,1.2085144102004474e-13,0.025782101854742587
ds004447,sub-010,ses-01,120,broadband_max,2.8046692364965156e-11,2.4134989530526835e-11,3.911702834438321e-12,0.1556277884933072
ds004447,sub-010,ses-01,120,noise_floor_max,1.5436536131555268e-12,1.284923323901926e-12,2.587302892536007e-13,0.11323368558896377
ds004447,sub-010,ses-01,120,transient_max,0.00016344387261768418,0.0001508144480354013,1.2629424582282883e-05,0.08374147611889844
ds004447,sub-010,ses-01,120,channel_inconsistency_max,0.7228188782192407,0.7283059229029778,0.0054870446837370634,0.00753398333197476
ds004447,sub-010,ses-19,15,smr_snr_min,0.0016407547543348072,0.001368107628858005,0.0002726471254768021,0.1992877749721343
ds004447,sub-010,ses-19,15,high_beta_max,2.4236110417902815e-12,2.780133240878522e-12,3.565221990882404e-13,0.09431471759587577
ds004447,sub-010,ses-19,15,broadband_max,3.079193926182519e-11,2.2763851918991283e-11,8.028087342833908e-12,0.3378276960402251
ds004447,sub-010,ses-19,15,noise_floor_max,1.3353194053474562e-12,6.318131075347667e-13,7.035062978126895e-13,0.4311194061159978
ds004447,sub-010,ses-19,15,transient_max,0.00038318237775234615,0.00010600678007171732,0.00027717559768062884,2.6146968606952585
ds004447,sub-010,ses-19,15,channel_inconsistency_max,0.7473431994591289,0.09308103011332655,0.6542621693458023,7.028952822526849
ds004447,sub-010,ses-19,30,smr_snr_min,0.0015503984431033179,0.001368107628858005,0.00018229081424531277,0.13324303604989954
ds004447,sub-010,ses-19,30,high_beta_max,4.585651439580179e-12,2.780133240878522e-12,1.8055181987016568e-12,0.47763348105741515
ds004447,sub-010,ses-19,30,broadband_max,3.6254264404867076e-11,2.2763851918991283e-11,1.3490412485875793e-11,0.5676862712267072
ds004447,sub-010,ses-19,30,noise_floor_max,4.2629047954309595e-12,6.318131075347667e-13,3.631091687896193e-12,2.225188455179038
ds004447,sub-010,ses-19,30,transient_max,0.00038318237775234615,0.00010600678007171732,0.00027717559768062884,2.6146968606952585
ds004447,sub-010,ses-19,30,channel_inconsistency_max,0.8770125949389916,0.09308103011332655,0.7839315648256651,8.422033618050884
ds004447,sub-010,ses-19,60,smr_snr_min,0.0013847973520496493,0.001368107628858005,1.6689723191644227e-05,0.012199130263878756
ds004447,sub-010,ses-19,60,high_beta_max,3.4071014580379005e-12,2.780133240878522e-12,6.269682171593786e-13,0.16585876137362504
ds004447,sub-010,ses-19,60,broadband_max,2.2879884230977973e-11,2.2763851918991283e-11,1.1603231198668958e-13,0.004882723237892271
ds004447,sub-010,ses-19,60,noise_floor_max,1.4779586782242672e-12,6.318131075347667e-13,8.461455706895005e-13,0.5185309315034246
ds004447,sub-010,ses-19,60,transient_max,0.00018400430746929095,0.00010600678007171732,7.799752739757363e-05,0.7357786606576192
ds004447,sub-010,ses-19,60,channel_inconsistency_max,0.8052577777039911,0.09308103011332655,0.7121767475906645,7.651148109512057
ds004447,sub-010,ses-19,90,smr_snr_min,0.0013620538027985852,0.001368107628858005,6.0538260594198735e-06,0.004424963305005612
ds004447,sub-010,ses-19,90,high_beta_max,2.9657587336991788e-12,2.780133240878522e-12,1.8562549282065684e-13,0.049105542316153
ds004447,sub-010,ses-19,90,broadband_max,2.1599428571668965e-11,2.2763851918991283e-11,1.1644233473223177e-12,0.0489997729026307
ds004447,sub-010,ses-19,90,noise_floor_max,9.358046771600097e-13,6.318131075347667e-13,3.03991569625243e-13,0.1862906776649766
ds004447,sub-010,ses-19,90,transient_max,0.00013404307650873596,0.00010600678007171732,2.8036296437018636e-05,0.2644764434272473
ds004447,sub-010,ses-19,90,channel_inconsistency_max,0.7852158781526425,0.09308103011332655,0.6921348480393159,7.435831416876273
ds004447,sub-010,ses-19,120,smr_snr_min,0.001368107628858005,0.001368107628858005,0.0,0.0
ds004447,sub-010,ses-19,120,high_beta_max,2.7592473519849815e-12,2.780133240878522e-12,2.0885888893540408e-14,0.005525172675841031
ds004447,sub-010,ses-19,120,broadband_max,2.2305979267632165e-11,2.2763851918991283e-11,4.578726513591182e-13,0.01926761086207584
ds004447,sub-010,ses-19,120,noise_floor_max,6.488092055416417e-13,6.318131075347667e-13,1.699609800687499e-14,0.010415468492315
ds004447,sub-010,ses-19,120,transient_max,9.847742081330561e-05,0.00010600678007171732,7.529359258411704e-06,0.07102714734180852
ds004447,sub-010,ses-19,120,channel_inconsistency_max,0.7578293300237336,0.09308103011332655,0.6647482999104071,7.141608758454129
ds004447,sub-011,ses-01,15,smr_snr_min,0.0005038556759897802,0.0004830655189046015,2.079015708517871e-05,0.043037965303929095
ds004447,sub-011,ses-01,15,high_beta_max,1.1693910019303624e-12,7.680613977666595e-13,4.013296041637029e-13,0.226988499760611
ds004447,sub-011,ses-01,15,broadband_max,8.257707246350226e-12,8.085724126645108e-12,1.7198311970511797e-13,0.018928939213634536
ds004447,sub-011,ses-01,15,noise_floor_max,8.79836150261094e-13,5.339043334088715e-13,3.4593181685222256e-13,0.22552372355806646
ds004447,sub-011,ses-01,15,transient_max,8.382922769512481e-05,7.44484893110551e-05,9.380738384069716e-06,0.1260030706448958
ds004447,sub-011,ses-01,15,channel_inconsistency_max,0.33441050761146107,0.00024320475914322014,0.3341673028523178,1374.016292508136
ds004447,sub-011,ses-01,30,smr_snr_min,0.0005011265332012336,0.0004830655189046015,1.8061014296632063e-05,0.03738833253964981
ds004447,sub-011,ses-01,30,high_beta_max,9.69332826406091e-13,7.680613977666595e-13,2.0127142863943155e-13,0.11383735253406309
ds004447,sub-011,ses-01,30,broadband_max,8.515700548734001e-12,8.085724126645108e-12,4.2997642208889344e-13,0.04732439771398405
ds004447,sub-011,ses-01,30,noise_floor_max,6.066184905441567e-13,5.339043334088715e-13,7.271415713528518e-14,0.04740462332073142
ds004447,sub-011,ses-01,30,transient_max,6.895391577019904e-05,7.44484893110551e-05,5.4945735408560556e-06,0.0738036932367472
ds004447,sub-011,ses-01,30,channel_inconsistency_max,0.353162547229896,0.00024320475914322014,0.35291934247075274,1451.1202094191046
ds004447,sub-011,ses-01,60,smr_snr_min,0.0004750576907244215,0.0004830655189046015,8.007828180180013e-06,0.01657710569316031
ds004447,sub-011,ses-01,60,high_beta_max,7.715893512846294e-13,7.680613977666595e-13,3.527953517969978e-15,0.001995379528350282
ds004447,sub-011,ses-01,60,broadband_max,8.085724126645108e-12,8.085724126645108e-12,0.0,0.0
ds004447,sub-011,ses-01,60,noise_floor_max,5.288289180670808e-13,5.339043334088715e-13,5.075415341790699e-15,0.003308821307331046
ds004447,sub-011,ses-01,60,transient_max,7.012272071412235e-05,7.44484893110551e-05,4.325768596932745e-06,0.05810418154698831
ds004447,sub-011,ses-01,60,channel_inconsistency_max,0.3385526088042888,0.00024320475914322014,0.33830940404514553,1391.0476252435171
ds004447,sub-011,ses-01,90,smr_snr_min,0.0004830655189046015,0.0004830655189046015,0.0,0.0
ds004447,sub-011,ses-01,90,high_beta_max,7.546999107197455e-13,7.680613977666595e-13,1.3361487046913946e-14,0.007557139737223839
ds004447,sub-011,ses-01,90,broadband_max,7.789819055190521e-12,8.085724126645108e-12,2.9590507145458644e-13,0.03256813296661793
ds004447,sub-011,ses-01,90,noise_floor_max,5.231267388703579e-13,5.339043334088715e-13,1.0777594538513559e-14,0.007026249488820451
ds004447,sub-011,ses-01,90,transient_max,6.847508583199808e-05,7.44484893110551e-05,5.9734034790570145e-06,0.08023538763646366
ds004447,sub-011,ses-01,90,channel_inconsistency_max,0.3751937716640808,0.00024320475914322014,0.37495056690493755,1541.7073526198008
ds004447,sub-011,ses-01,120,smr_snr_min,0.0004830655189046015,0.0004830655189046015,0.0,0.0
ds004447,sub-011,ses-01,120,high_beta_max,7.680613977666595e-13,7.680613977666595e-13,0.0,0.0
ds004447,sub-011,ses-01,120,broadband_max,8.085724126645108e-12,8.085724126645108e-12,0.0,0.0
ds004447,sub-011,ses-01,120,noise_floor_max,5.339043334088715e-13,5.339043334088715e-13,0.0,0.0
ds004447,sub-011,ses-01,120,transient_max,7.44484893110551e-05,7.44484893110551e-05,0.0,0.0
ds004447,sub-011,ses-01,120,channel_inconsistency_max,0.00024320475914322014,0.00024320475914322014,0.0,0.0
ds004447,sub-011,ses-19,15,smr_snr_min,0.0004901248517328359,0.0004954683888523755,5.343537119539593e-06,0.010784819433449017
ds004447,sub-011,ses-19,15,high_beta_max,9.274664092871215e-13,8.516147986017774e-13,7.58516106853441e-14,0.04096511366328593
ds004447,sub-011,ses-19,15,broadband_max,4.999828642748164e-12,6.837801662112509e-12,1.8379730193643448e-12,0.23450108826420074
ds004447,sub-011,ses-19,15,noise_floor_max,5.061127186235581e-13,3.1995215276225277e-13,1.8616056586130533e-13,0.14103584396732008
ds004447,sub-011,ses-19,15,transient_max,6.479432097352563e-05,4.3003633173113625e-05,2.179068780041201e-05,0.5067173558563057
ds004447,sub-011,ses-19,15,channel_inconsistency_max,0.9234290048266979,0.4516654352065821,0.4717635696201158,1.0444978358888517
ds004447,sub-011,ses-19,30,smr_snr_min,0.000476903127081187,0.0004954683888523755,1.8565261771188557e-05,0.03747012352638695
ds004447,sub-011,ses-19,30,high_beta_max,7.920070004208684e-13,8.516147986017774e-13,5.9607798180909e-14,0.032192331918021524
ds004447,sub-011,ses-19,30,broadband_max,5.913878238059006e-12,6.837801662112509e-12,9.239234240535034e-13,0.11788042921776103
ds004447,sub-011,ses-19,30,noise_floor_max,3.7973399448599195e-13,3.1995215276225277e-13,5.978184172373918e-14,0.04529091573405462
ds004447,sub-011,ses-19,30,transient_max,5.8990463492790124e-05,4.3003633173113625e-05,1.59868303196765e-05,0.37175533247540393
ds004447,sub-011,ses-19,30,channel_inconsistency_max,0.8316221456556934,0.4516654352065821,0.3799567104491113,0.8412348628681006
ds004447,sub-011,ses-19,60,smr_snr_min,0.00047895598185359516,0.0004954683888523755,1.6512406998780375e-05,0.033326862695923415
ds004447,sub-011,ses-19,60,high_beta_max,7.47317943454182e-13,8.516147986017774e-13,1.0429685514759541e-13,0.05632751219441203
ds004447,sub-011,ses-19,60,broadband_max,5.647954924647234e-12,6.837801662112509e-12,1.189846737465275e-12,0.15180873269821651
ds004447,sub-011,ses-19,60,noise_floor_max,3.397924532201609e-13,3.1995215276225277e-13,1.984030045790815e-14,0.015031075494962843
ds004447,sub-011,ses-19,60,transient_max,5.473525398641946e-05,4.3003633173113625e-05,1.1731620813305833e-05,0.27280533468588986
ds004447,sub-011,ses-19,60,channel_inconsistency_max,0.8187497843731176,0.4516654352065821,0.36708434916653554,0.8127350922875608
ds004447,sub-011,ses-19,90,smr_snr_min,0.0004838420073618613,0.0004954683888523755,1.1626381490514241e-05,0.023465435391303798
ds004447,sub-011,ses-19,90,high_beta_max,8.272401074983321e-13,8.516147986017774e-13,2.4374691103445232e-14,0.013164018305455032
ds004447,sub-011,ses-19,90,broadband_max,6.1559735806581845e-12,6.837801662112509e-12,6.818280814543246e-13,0.08699226018313821
ds004447,sub-011,ses-19,90,noise_floor_max,3.135935183332902e-13,3.1995215276225277e-13,6.358634428962584e-15,0.004817321912507149
ds004447,sub-011,ses-19,90,transient_max,3.968214847028307e-05,4.3003633173113625e-05,3.3214847028305565e-06,0.07723730253726294
ds004447,sub-011,ses-19,90,channel_inconsistency_max,0.7319193927808096,0.4516654352065821,0.28025395757422755,0.6204901587065765
ds004447,sub-011,ses-19,120,smr_snr_min,0.0004954683888523755,0.0004954683888523755,0.0,0.0
ds004447,sub-011,ses-19,120,high_beta_max,8.516147986017774e-13,8.516147986017774e-13,0.0,0.0
ds004447,sub-011,ses-19,120,broadband_max,6.837801662112509e-12,6.837801662112509e-12,0.0,0.0
ds004447,sub-011,ses-19,120,noise_floor_max,3.1995215276225277e-13,3.1995215276225277e-13,0.0,0.0
ds004447,sub-011,ses-19,120,transient_max,4.3003633173113625e-05,4.3003633173113625e-05,0.0,0.0
ds004447,sub-011,ses-19,120,channel_inconsistency_max,0.4516654352065821,0.4516654352065821,0.0,0.0
ds004447,sub-012,ses-01,15,smr_snr_min,0.0008044507216020717,0.0006162290582540717,0.00018822166334799993,0.30544107020178024
ds004447,sub-012,ses-01,15,high_beta_max,2.3313688684852052e-12,1.3295601578201614e-12,1.0018087106650438e-12,0.43004200054763386
ds004447,sub-012,ses-01,15,broadband_max,2.946121892728358e-11,9.057604165180657e-12,2.0403614762102922e-11,2.028675460577388
ds004447,sub-012,ses-01,15,noise_floor_max,2.905706105871069e-12,1.0031517074695631e-12,1.9025543984015057e-12,0.9497804840776964
ds004447,sub-012,ses-01,15,transient_max,0.00012248774929427046,8.028624467841586e-05,4.2201504615854606e-05,0.5256380374901507
ds004447,sub-012,ses-01,15,channel_inconsistency_max,0.6990895556847354,0.7117083805991975,0.01261882491446209,0.017730330650062586
ds004447,sub-012,ses-01,30,smr_snr_min,0.0006162290582540717,0.0006162290582540717,0.0,0.0
ds004447,sub-012,ses-01,30,high_beta_max,2.09714118277475e-12,1.3295601578201614e-12,7.675810249545887e-13,0.32949611641402604
ds004447,sub-012,ses-01,30,broadband_max,1.864707131465792e-11,9.057604165180657e-12,9.589467149477263e-12,0.9534544203554878
ds004447,sub-012,ses-01,30,noise_floor_max,1.9906835064535954e-12,1.0031517074695631e-12,9.875317989840323e-13,0.49298902090222113
ds004447,sub-012,ses-01,30,transient_max,0.00010476874860761403,8.028624467841586e-05,2.4482503929198175e-05,0.30494020142954636
ds004447,sub-012,ses-01,30,channel_inconsistency_max,0.680492558112678,0.7117083805991975,0.03121582248651955,0.04386041156378494
ds004447,sub-012,ses-01,60,smr_snr_min,0.0005834849157223443,0.0006162290582540717,3.274414253172744e-05,0.05313631682894559
ds004447,sub-012,ses-01,60,high_beta_max,1.6800320856739886e-12,1.3295601578201614e-12,3.5047192785382716e-13,0.15044553654359122
ds004447,sub-012,ses-01,60,broadband_max,1.1002139507146121e-11,9.057604165180657e-12,1.944535341965465e-12,0.19333981632498826
ds004447,sub-012,ses-01,60,noise_floor_max,1.5477356913809884e-12,1.0031517074695631e-12,5.445839839114253e-13,0.27186357472612943
ds004447,sub-012,ses-01,60,transient_max,9.217020103761375e-05,8.028624467841586e-05,1.1883956359197897e-05,0.14801982903520894
ds004447,sub-012,ses-01,60,channel_inconsistency_max,0.6903769503924356,0.7117083805991975,0.02133143020676187,0.029972149813344423
ds004447,sub-012,ses-01,90,smr_snr_min,0.0005901339907373007,0.0006162290582540717,2.6095067516770996e-05,0.04234637611598251
ds004447,sub-012,ses-01,90,high_beta_max,1.4219308972148157e-12,1.3295601578201614e-12,9.237073939465433e-14,0.03965157932692684
ds004447,sub-012,ses-01,90,broadband_max,9.2037238427497e-12,9.057604165180657e-12,1.4611967756904285e-13,0.014528278819612724
ds004447,sub-012,ses-01,90,noise_floor_max,1.1659016913037382e-12,1.0031517074695631e-12,1.6274998383417512e-13,0.08124695859394765
ds004447,sub-012,ses-01,90,transient_max,8.472757030594318e-05,8.028624467841586e-05,4.441325627527323e-06,0.055318636336750875
ds004447,sub-012,ses-01,90,channel_inconsistency_max,0.6825576691216303,0.7117083805991975,0.029150711477567204,0.040958786312146334
ds004447,sub-012,ses-01,120,smr_snr_min,0.0006162290582540717,0.0006162290582540717,0.0,0.0
ds004447,sub-012,ses-01,120,high_beta_max,1.3295601578201614e-12,1.3295601578201614e-12,0.0,0.0
ds004447,sub-012,ses-01,120,broadband_max,9.057604165180657e-12,9.057604165180657e-12,0.0,0.0
ds004447,sub-012,ses-01,120,noise_floor_max,1.0031517074695631e-12,1.0031517074695631e-12,0.0,0.0
ds004447,sub-012,ses-01,120,transient_max,8.028624467841586e-05,8.028624467841586e-05,0.0,0.0
ds004447,sub-012,ses-01,120,channel_inconsistency_max,0.7117083805991975,0.7117083805991975,0.0,0.0
ds004447,sub-012,ses-19,15,smr_snr_min,0.0004901248517328359,0.0004954683888523755,5.343537119539593e-06,0.010784819433449017
ds004447,sub-012,ses-19,15,high_beta_max,9.274664092871215e-13,8.516147986017774e-13,7.58516106853441e-14,0.04096511366328593
ds004447,sub-012,ses-19,15,broadband_max,4.999828642748164e-12,6.837801662112509e-12,1.8379730193643448e-12,0.23450108826420074
ds004447,sub-012,ses-19,15,noise_floor_max,5.061127186235581e-13,3.1995215276225277e-13,1.8616056586130533e-13,0.14103584396732008
ds004447,sub-012,ses-19,15,transient_max,6.479432097352563e-05,4.3003633173113625e-05,2.179068780041201e-05,0.5067173558563057
ds004447,sub-012,ses-19,15,channel_inconsistency_max,0.9234290048266979,0.4516654352065821,0.4717635696201158,1.0444978358888517
ds004447,sub-012,ses-19,30,smr_snr_min,0.000476903127081187,0.0004954683888523755,1.8565261771188557e-05,0.03747012352638695
ds004447,sub-012,ses-19,30,high_beta_max,7.920070004208684e-13,8.516147986017774e-13,5.9607798180909e-14,0.032192331918021524
ds004447,sub-012,ses-19,30,broadband_max,5.913878238059006e-12,6.837801662112509e-12,9.239234240535034e-13,0.11788042921776103
ds004447,sub-012,ses-19,30,noise_floor_max,3.7973399448599195e-13,3.1995215276225277e-13,5.978184172373918e-14,0.04529091573405462
ds004447,sub-012,ses-19,30,transient_max,5.8990463492790124e-05,4.3003633173113625e-05,1.59868303196765e-05,0.37175533247540393
ds004447,sub-012,ses-19,30,channel_inconsistency_max,0.8316221456556934,0.4516654352065821,0.3799567104491113,0.8412348628681006
ds004447,sub-012,ses-19,60,smr_snr_min,0.00047895598185359516,0.0004954683888523755,1.6512406998780375e-05,0.033326862695923415
ds004447,sub-012,ses-19,60,high_beta_max,7.47317943454182e-13,8.516147986017774e-13,1.0429685514759541e-13,0.05632751219441203
ds004447,sub-012,ses-19,60,broadband_max,5.647954924647234e-12,6.837801662112509e-12,1.189846737465275e-12,0.15180873269821651
ds004447,sub-012,ses-19,60,noise_floor_max,3.397924532201609e-13,3.1995215276225277e-13,1.984030045790815e-14,0.015031075494962843
ds004447,sub-012,ses-19,60,transient_max,5.473525398641946e-05,4.3003633173113625e-05,1.1731620813305833e-05,0.27280533468588986
ds004447,sub-012,ses-19,60,channel_inconsistency_max,0.8187497843731176,0.4516654352065821,0.36708434916653554,0.8127350922875608
ds004447,sub-012,ses-19,90,smr_snr_min,0.0004838420073618613,0.0004954683888523755,1.1626381490514241e-05,0.023465435391303798
ds004447,sub-012,ses-19,90,high_beta_max,8.272401074983321e-13,8.516147986017774e-13,2.4374691103445232e-14,0.013164018305455032
ds004447,sub-012,ses-19,90,broadband_max,6.1559735806581845e-12,6.837801662112509e-12,6.818280814543246e-13,0.08699226018313821
ds004447,sub-012,ses-19,90,noise_floor_max,3.135935183332902e-13,3.1995215276225277e-13,6.358634428962584e-15,0.004817321912507149
ds004447,sub-012,ses-19,90,transient_max,3.968214847028307e-05,4.3003633173113625e-05,3.3214847028305565e-06,0.07723730253726294
ds004447,sub-012,ses-19,90,channel_inconsistency_max,0.7319193927808096,0.4516654352065821,0.28025395757422755,0.6204901587065765
ds004447,sub-012,ses-19,120,smr_snr_min,0.0004954683888523755,0.0004954683888523755,0.0,0.0
ds004447,sub-012,ses-19,120,high_beta_max,8.516147986017774e-13,8.516147986017774e-13,0.0,0.0
ds004447,sub-012,ses-19,120,broadband_max,6.837801662112509e-12,6.837801662112509e-12,0.0,0.0
ds004447,sub-012,ses-19,120,noise_floor_max,3.1995215276225277e-13,3.1995215276225277e-13,0.0,0.0
ds004447,sub-012,ses-19,120,transient_max,4.3003633173113625e-05,4.3003633173113625e-05,0.0,0.0
ds004447,sub-012,ses-19,120,channel_inconsistency_max,0.4516654352065821,0.4516654352065821,0.0,0.0
ds004447,sub-013,ses-01,15,smr_snr_min,0.0004700749057681879,0.0004490119381210608,2.1062967647127108e-05,0.046909593736767424
ds004447,sub-013,ses-01,15,high_beta_max,1.0889276813366015e-12,6.294482524502763e-13,4.594794288863252e-13,0.2819846706978174
ds004447,sub-013,ses-01,15,broadband_max,1.6663927567097498e-11,7.36852797717059e-12,9.295399589926908e-12,1.1107568278775946
ds004447,sub-013,ses-01,15,noise_floor_max,8.488721574830927e-13,2.857083538016976e-13,5.631638036813951e-13,0.43801831264157376
ds004447,sub-013,ses-01,15,transient_max,8.979139085984835e-05,5.3111828793776786e-05,3.667956206607156e-05,0.6906100243296339
ds004447,sub-013,ses-01,15,channel_inconsistency_max,0.823063258655669,0.4741103700052713,0.3489528886503977,0.7360161488258145
ds004447,sub-013,ses-01,30,smr_snr_min,0.0004654974900805063,0.0004490119381210608,1.648555195944549e-05,0.0367151750835755
ds004447,sub-013,ses-01,30,high_beta_max,8.724052278975371e-13,6.294482524502763e-13,2.4295697544726084e-13,0.1491038301350873
ds004447,sub-013,ses-01,30,broadband_max,1.440386984387382e-11,7.36852797717059e-12,7.035341866703229e-12,0.8406904877292275
ds004447,sub-013,ses-01,30,noise_floor_max,6.798428919079044e-13,2.857083538016976e-13,3.941345381062068e-13,0.30655049952875746
ds004447,sub-013,ses-01,30,transient_max,7.911877912566001e-05,5.3111828793776786e-05,2.6006950331883223e-05,0.4896639869660545
ds004447,sub-013,ses-01,30,channel_inconsistency_max,0.7261361550470735,0.4741103700052713,0.25202578504180223,0.531576191928619
ds004447,sub-013,ses-01,60,smr_snr_min,0.00044258387314166344,0.0004490119381210608,6.428064979397351e-06,0.014316022402389265
ds004447,sub-013,ses-01,60,high_beta_max,6.906003047815654e-13,6.294482524502763e-13,6.115205233128907e-14,0.03752930001878361
ds004447,sub-013,ses-01,60,broadband_max,8.759769414346624e-12,7.36852797717059e-12,1.3912414371760336e-12,0.16624685260912686
ds004447,sub-013,ses-01,60,noise_floor_max,3.7814684410655206e-13,2.857083538016976e-13,9.243849030485444e-14,0.07189693528203658
ds004447,sub-013,ses-01,60,transient_max,6.617578240635022e-05,5.3111828793776786e-05,1.3063953612573435e-05,0.24597069359685594
ds004447,sub-013,ses-01,60,channel_inconsistency_max,0.613483793627055,0.4741103700052713,0.13937342362178368,0.2939683087293368
ds004447,sub-013,ses-01,90,smr_snr_min,0.000439799220158278,0.0004490119381210608,9.212717962782792e-06,0.020517757235624188
ds004447,sub-013,ses-01,90,high_beta_max,6.501366838078178e-13,6.294482524502763e-13,2.0688431357541546e-14,0.012696586913043357
ds004447,sub-013,ses-01,90,broadband_max,7.145081464999505e-12,7.36852797717059e-12,2.2344651217108487e-13,0.02670081438224843
ds004447,sub-013,ses-01,90,noise_floor_max,3.1249305993089987e-13,2.857083538016976e-13,2.678470612920225e-14,0.020832645327381466
ds004447,sub-013,ses-01,90,transient_max,5.4083301747156006e-05,5.3111828793776786e-05,9.714729533792204e-07,0.018291084249050852
ds004447,sub-013,ses-01,90,channel_inconsistency_max,0.5595097834260941,0.4741103700052713,0.08539941342082286,0.18012559695687155
ds004447,sub-013,ses-01,120,smr_snr_min,0.0004490119381210608,0.0004490119381210608,0.0,0.0
ds004447,sub-013,ses-01,120,high_beta_max,6.294482524502763e-13,6.294482524502763e-13,0.0,0.0
ds004447,sub-013,ses-01,120,broadband_max,7.36852797717059e-12,7.36852797717059e-12,0.0,0.0
ds004447,sub-013,ses-01,120,noise_floor_max,2.857083538016976e-13,2.857083538016976e-13,0.0,0.0
ds004447,sub-013,ses-01,120,transient_max,5.3111828793776786e-05,5.3111828793776786e-05,0.0,0.0
ds004447,sub-013,ses-01,120,channel_inconsistency_max,0.4741103700052713,0.4741103700052713,0.0,0.0
ds004447,sub-013,ses-20,15,smr_snr_min,0.0005520372430756255,0.00045745179627076124,9.458544680486427e-05,0.20676593111925204
ds004447,sub-013,ses-20,15,high_beta_max,1.153523108491168e-12,7.369064142528029e-13,4.1661669423836514e-13,0.239861336695903
ds004447,sub-013,ses-20,15,broadband_max,1.2600928479758406e-11,6.3714793264124834e-12,6.229449153345922e-12,0.845074492853206
ds004447,sub-013,ses-20,15,noise_floor_max,6.840030859348312e-13,2.8129719782596954e-13,4.0270588810886163e-13,0.31429545681684895
ds004447,sub-013,ses-20,15,transient_max,7.978223208972393e-05,4.850065918974702e-05,3.128157289997692e-05,0.6449721050722893
ds004447,sub-013,ses-20,15,channel_inconsistency_max,0.6734069115350072,5.426471968024154e-05,0.6733526468153269,12408.6632783591
ds004447,sub-013,ses-20,30,smr_snr_min,0.00041531662757337813,0.00045745179627076124,4.2135168697383105e-05,0.09210843404434962
ds004447,sub-013,ses-20,30,high_beta_max,1.0071465816135195e-12,7.369064142528029e-13,2.702401673607166e-13,0.15558706280497606
ds004447,sub-013,ses-20,30,broadband_max,6.753818596049857e-12,6.3714793264124834e-12,3.823392696373737e-13,0.05186737325131301
ds004447,sub-013,ses-20,30,noise_floor_max,4.053301549398622e-13,2.8129719782596954e-13,1.2403295711389268e-13,0.09680264447962937
ds004447,sub-013,ses-20,30,transient_max,6.840257724879943e-05,4.850065918974702e-05,1.9901918059052416e-05,0.4103432403021115
ds004447,sub-013,ses-20,30,channel_inconsistency_max,0.6212018639262478,5.426471968024154e-05,0.6211475992065675,11446.619302930181
ds004447,sub-013,ses-20,60,smr_snr_min,0.0004505597656643935,0.00045745179627076124,6.892030606367742e-06,0.015066135158910343
ds004447,sub-013,ses-20,60,high_beta_max,8.302852355094122e-13,7.369064142528029e-13,9.337882125660937e-14,0.053761573156939406
ds004447,sub-013,ses-20,60,broadband_max,6.393991688568316e-12,6.3714793264124834e-12,2.2512362155832505e-14,0.0030539815902581816
ds004447,sub-013,ses-20,60,noise_floor_max,3.4992506630361534e-13,2.8129719782596954e-13,6.86278684776458e-14,0.053561241368583
ds004447,sub-013,ses-20,60,transient_max,6.077386953536365e-05,4.850065918974702e-05,1.2273210345616633e-05,0.25305243882455797
ds004447,sub-013,ses-20,60,channel_inconsistency_max,0.5601555049471785,5.426471968024154e-05,0.5601012402274982,10321.646056706562
ds004447,sub-013,ses-20,90,smr_snr_min,0.0004584056701414813,0.00045745179627076124,9.538738707200786e-07,0.002085189907245003
ds004447,sub-013,ses-20,90,high_beta_max,7.571367627360002e-13,7.369064142528029e-13,2.023034848319734e-14,0.01164734514029658
ds004447,sub-013,ses-20,90,broadband_max,6.338775848493079e-12,6.3714793264124834e-12,3.270347791940436e-14,0.004436487775557574
ds004447,sub-013,ses-20,90,noise_floor_max,2.9022685516565595e-13,2.8129719782596954e-13,8.929657339686407e-15,0.0069692319274854645
ds004447,sub-013,ses-20,90,transient_max,4.443904325932816e-05,4.850065918974702e-05,4.061615930418858e-06,0.08374351842900231
ds004447,sub-013,ses-20,90,channel_inconsistency_max,0.5406199762057706,5.426471968024154e-05,0.5405657114860903,9961.641831189172
ds004447,sub-013,ses-20,120,smr_snr_min,0.00045745179627076124,0.00045745179627076124,0.0,0.0
ds004447,sub-013,ses-20,120,high_beta_max,7.369064142528029e-13,7.369064142528029e-13,0.0,0.0
ds004447,sub-013,ses-20,120,broadband_max,6.3714793264124834e-12,6.3714793264124834e-12,0.0,0.0
ds004447,sub-013,ses-20,120,noise_floor_max,2.8129719782596954e-13,2.8129719782596954e-13,0.0,0.0
ds004447,sub-013,ses-20,120,transient_max,4.850065918974702e-05,4.850065918974702e-05,0.0,0.0
ds004447,sub-013,ses-20,120,channel_inconsistency_max,5.426471968024154e-05,5.426471968024154e-05,0.0,0.0
ds004447,sub-014,ses-01,15,smr_snr_min,0.0006750823183101733,0.0008224283520556421,0.0001473460337454688,0.17915972035499605
ds004447,sub-014,ses-01,15,high_beta_max,2.2128343652438563e-12,1.2473002050633669e-12,9.655341601804894e-13,0.4296418244456416
ds004447,sub-014,ses-01,15,broadband_max,1.1186625717845667e-11,1.074785968161535e-11,4.38766036230316e-13,0.03734859354142243
ds004447,sub-014,ses-01,15,noise_floor_max,8.474995199564062e-13,6.923461724533736e-13,1.5515334750303255e-13,0.09167943889287652
ds004447,sub-014,ses-01,15,transient_max,6.539118242160721e-05,5.651435202563559e-05,8.876830395971618e-06,0.15707214045155893
ds004447,sub-014,ses-01,15,channel_inconsistency_max,0.9645096982142528,0.6191503666646391,0.34535933154961374,0.5577955697733097
ds004447,sub-014,ses-01,30,smr_snr_min,0.0007986432657940988,0.0008224283520556421,2.378508626154328e-05,0.02892055724145746
ds004447,sub-014,ses-01,30,high_beta_max,1.5293749394381528e-12,1.2473002050633669e-12,2.8207473437478597e-13,0.12551715776078629
ds004447,sub-014,ses-01,30,broadband_max,1.1379911161999774e-11,1.074785968161535e-11,6.320514803844235e-13,0.05380141553559272
ds004447,sub-014,ses-01,30,noise_floor_max,8.21468521558852e-13,6.923461724533736e-13,1.2912234910547839e-13,0.07629783504535086
ds004447,sub-014,ses-01,30,transient_max,5.380198718242205e-05,5.651435202563559e-05,2.7123648432135397e-06,0.04799426513797615
ds004447,sub-014,ses-01,30,channel_inconsistency_max,0.7550459746755909,0.6191503666646391,0.1358956080109518,0.21948724466207054
ds004447,sub-014,ses-01,60,smr_snr_min,0.000831311517328471,0.0008224283520556421,8.883165272828954e-06,0.010801141813538567
ds004447,sub-014,ses-01,60,high_beta_max,1.3674087026150463e-12,1.2473002050633669e-12,1.201084975516794e-13,0.05344568441771344
ds004447,sub-014,ses-01,60,broadband_max,1.0179249222633085e-11,1.074785968161535e-11,5.686104589822656e-13,0.04840119599590593
ds004447,sub-014,ses-01,60,noise_floor_max,7.411770891026149e-13,6.923461724533736e-13,4.8830916649241276e-14,0.028853976476013586
ds004447,sub-014,ses-01,60,transient_max,5.26184097962925e-05,5.651435202563559e-05,3.895942229343094e-06,0.0689372171981841
ds004447,sub-014,ses-01,60,channel_inconsistency_max,0.660730639511663,0.6191503666646391,0.041580272847023925,0.06715698655069778
ds004447,sub-014,ses-01,90,smr_snr_min,0.0007778733201992759,0.0008224283520556421,4.455503185636612e-05,0.05417497061090708
ds004447,sub-014,ses-01,90,high_beta_max,1.2255973874545283e-12,1.2473002050633669e-12,2.170281760883852e-14,0.009657284576373083
ds004447,sub-014,ses-01,90,broadband_max,1.0324977384897956e-11,1.074785968161535e-11,4.2288229671739516e-13,0.035996539640252845
ds004447,sub-014,ses-01,90,noise_floor_max,6.94600336814133e-13,6.923461724533736e-13,2.254164360759343e-15,0.0013319759263505221
ds004447,sub-014,ses-01,90,transient_max,5.3629382146944796e-05,5.651435202563559e-05,2.8849698786907957e-06,0.051048445646757
ds004447,sub-014,ses-01,90,channel_inconsistency_max,0.6702018273413033,0.6191503666646391,0.05105146067666422,0.08245405869917483
ds004447,sub-014,ses-01,120,smr_snr_min,0.0008224283520556421,0.0008224283520556421,0.0,0.0
ds004447,sub-014,ses-01,120,high_beta_max,1.2473002050633669e-12,1.2473002050633669e-12,0.0,0.0
ds004447,sub-014,ses-01,120,broadband_max,1.074785968161535e-11,1.074785968161535e-11,0.0,0.0
ds004447,sub-014,ses-01,120,noise_floor_max,6.923461724533736e-13,6.923461724533736e-13,0.0,0.0
ds004447,sub-014,ses-01,120,transient_max,5.651435202563559e-05,5.651435202563559e-05,0.0,0.0
ds004447,sub-014,ses-01,120,channel_inconsistency_max,0.6191503666646391,0.6191503666646391,0.0,0.0
ds004447,sub-014,ses-19,15,smr_snr_min,0.0007649580965535313,0.0005809085956597197,0.0001840495008938116,0.31683039630006155
ds004447,sub-014,ses-19,15,high_beta_max,2.461553737096129e-12,9.947498663050176e-13,1.4668038707911114e-12,0.7353322316587748
ds004447,sub-014,ses-19,15,broadband_max,1.0800590658621764e-11,8.474640202771355e-12,2.3259504558504094e-12,0.24549221987026626
ds004447,sub-014,ses-19,15,noise_floor_max,7.328503101497023e-13,4.590667646974835e-13,2.7378354545221885e-13,0.18764291811484302
ds004447,sub-014,ses-19,15,transient_max,8.140539238574779e-05,5.539878889143178e-05,2.600660349431601e-05,0.46944353017967827
ds004447,sub-014,ses-19,15,channel_inconsistency_max,0.5934518283122836,0.59344904113758,2.7871747035890237e-06,4.6965695626394535e-06
ds004447,sub-014,ses-19,30,smr_snr_min,0.0006441566792480764,0.0005809085956597197,6.324808358835674e-05,0.10887785781108991
ds004447,sub-014,ses-19,30,high_beta_max,1.4681037135877412e-12,9.947498663050176e-13,4.733538472827236e-13,0.23729985161475026
ds004447,sub-014,ses-19,30,broadband_max,8.597838678419923e-12,8.474640202771355e-12,1.2319847564856862e-13,0.013002971407033775
ds004447,sub-014,ses-19,30,noise_floor_max,5.903612295798085e-13,4.590667646974835e-13,1.3129446488232499e-13,0.08998523443822462
ds004447,sub-014,ses-19,30,transient_max,6.268512176699446e-05,5.539878889143178e-05,7.286332875562683e-06,0.1315251269899962
ds004447,sub-014,ses-19,30,channel_inconsistency_max,0.5792863963353766,0.59344904113758,0.014162644802203417,0.023864972087630703
ds004447,sub-014,ses-19,60,smr_snr_min,0.0006037314583115202,0.0005809085956597197,2.2822862651800504e-05,0.039288216395891126
ds004447,sub-014,ses-19,60,high_beta_max,1.0116169111752665e-12,9.947498663050176e-13,1.6867044870248944e-14,0.008455719263434608
ds004447,sub-014,ses-19,60,broadband_max,8.474640202771355e-12,8.474640202771355e-12,0.0,0.0
ds004447,sub-014,ses-19,60,noise_floor_max,5.359315368299096e-13,4.590667646974835e-13,7.68647721324261e-14,0.052680777872671856
ds004447,sub-014,ses-19,60,transient_max,5.737170363927645e-05,5.539878889143178e-05,1.972914747844672e-06,0.035612957461906784
ds004447,sub-014,ses-19,60,channel_inconsistency_max,0.6011856141934212,0.59344904113758,0.007736573055841189,0.01303662575812398
ds004447,sub-014,ses-19,90,smr_snr_min,0.0005881382068684193,0.0005809085956597197,7.229611208699627e-06,0.012445350697632274
ds004447,sub-014,ses-19,90,high_beta_max,9.947498663050176e-13,9.947498663050176e-13,0.0,0.0
ds004447,sub-014,ses-19,90,broadband_max,8.497348961409555e-12,8.474640202771355e-12,2.2708758638200382e-14,0.0023967937728715037
ds004447,sub-014,ses-19,90,noise_floor_max,4.997244934435438e-13,4.590667646974835e-13,4.065772874606032e-14,0.027865571151221524
ds004447,sub-014,ses-19,90,transient_max,5.5488466834515626e-05,5.539878889143178e-05,8.967794308384472e-08,0.0016187707937229635
ds004447,sub-014,ses-19,90,channel_inconsistency_max,0.6346444230091073,0.59344904113758,0.04119538187152727,0.06941688167949618
ds004447,sub-014,ses-19,120,smr_snr_min,0.0005809085956597197,0.0005809085956597197,0.0,0.0
ds004447,sub-014,ses-19,120,high_beta_max,9.947498663050176e-13,9.947498663050176e-13,0.0,0.0
ds004447,sub-014,ses-19,120,broadband_max,8.474640202771355e-12,8.474640202771355e-12,0.0,0.0
ds004447,sub-014,ses-19,120,noise_floor_max,4.590667646974835e-13,4.590667646974835e-13,0.0,0.0
ds004447,sub-014,ses-19,120,transient_max,5.539878889143178e-05,5.539878889143178e-05,0.0,0.0
ds004447,sub-014,ses-19,120,channel_inconsistency_max,0.59344904113758,0.59344904113758,0.0,0.0
ds004447,sub-015,ses-01,15,smr_snr_min,0.0004166352265728599,0.00022755975528506112,0.0001890754712877988,0.8308827288905445
ds004447,sub-015,ses-01,15,high_beta_max,6.889019700478028e-13,4.776334656165272e-13,2.1126850443127562e-13,0.14297761207183138
ds004447,sub-015,ses-01,15,broadband_max,9.7921074491091e-12,4.3980168476548336e-12,5.394090601454266e-12,0.9992726502507541
ds004447,sub-015,ses-01,15,noise_floor_max,6.705959219018793e-13,2.0659395796908505e-13,4.640019639327942e-13,0.38455518599959937
ds004447,sub-015,ses-01,15,transient_max,6.370528648813596e-05,4.711873029678787e-05,1.658655619134809e-05,0.3520161883577458
ds004447,sub-015,ses-01,15,channel_inconsistency_max,0.504614338934898,0.5757308323122302,0.07111649337733217,0.12352385765339864
ds004447,sub-015,ses-01,30,smr_snr_min,0.0002696972337836818,0.00022755975528506112,4.21374784986207e-05,0.18517104775694887
ds004447,sub-015,ses-01,30,high_beta_max,6.76324902258025e-13,4.776334656165272e-13,1.9869143664149785e-13,0.1344659831175358
ds004447,sub-015,ses-01,30,broadband_max,5.446320334397154e-12,4.3980168476548336e-12,1.0483034867423202e-12,0.19420159594310182
ds004447,sub-015,ses-01,30,noise_floor_max,5.192098135276092e-13,2.0659395796908505e-13,3.1261585555852413e-13,0.2590895250998214
ds004447,sub-015,ses-01,30,transient_max,5.5816817135881456e-05,4.711873029678787e-05,8.698086839093584e-06,0.18459934297268613
ds004447,sub-015,ses-01,30,channel_inconsistency_max,0.5814569725019849,0.5757308323122302,0.005726140189754703,0.009945863359006902
ds004447,sub-015,ses-01,60,smr_snr_min,0.0002140358960412231,0.00022755975528506112,1.3523859243838013e-05,0.059429924977142494
ds004447,sub-015,ses-01,60,high_beta_max,4.998842760859142e-13,4.776334656165272e-13,2.2250810469387005e-14,0.015058409942077947
ds004447,sub-015,ses-01,60,broadband_max,4.332195023411655e-12,4.3980168476548336e-12,6.582182424317867e-14,0.012193704855103396
ds004447,sub-015,ses-01,60,noise_floor_max,2.9406963831737755e-13,2.0659395796908505e-13,8.747568034829251e-14,0.0724980261757069
ds004447,sub-015,ses-01,60,transient_max,4.853115571831831e-05,4.711873029678787e-05,1.4124254215304408e-06,0.029975879711912512
ds004447,sub-015,ses-01,60,channel_inconsistency_max,0.5540774604938962,0.5757308323122302,0.021653371818334044,0.03761023485807233
ds004447,sub-015,ses-01,90,smr_snr_min,0.00022675098352400061,0.00022755975528506112,8.087717610605046e-07,0.0035541071684369657
ds004447,sub-015,ses-01,90,high_beta_max,4.624638921985673e-13,4.776334656165272e-13,1.516957341795991e-14,0.010266127406386646
ds004447,sub-015,ses-01,90,broadband_max,4.200104143236472e-12,4.3980168476548336e-12,1.9791270441836127e-13,0.036663965675532185
ds004447,sub-015,ses-01,90,noise_floor_max,2.0742239858660638e-13,2.0659395796908505e-13,8.284406175213371e-16,0.0006865943692572039
ds004447,sub-015,ses-01,90,transient_max,4.468671207751571e-05,4.711873029678787e-05,2.43201821927216e-06,0.05161467960488047
ds004447,sub-015,ses-01,90,channel_inconsistency_max,0.5901059491656643,0.5757308323122302,0.014375116853434067,0.024968467982991727
ds004447,sub-015,ses-01,120,smr_snr_min,0.00022755975528506112,0.00022755975528506112,0.0,0.0
ds004447,sub-015,ses-01,120,high_beta_max,4.776334656165272e-13,4.776334656165272e-13,0.0,0.0
ds004447,sub-015,ses-01,120,broadband_max,4.3980168476548336e-12,4.3980168476548336e-12,0.0,0.0
ds004447,sub-015,ses-01,120,noise_floor_max,2.0659395796908505e-13,2.0659395796908505e-13,0.0,0.0
ds004447,sub-015,ses-01,120,transient_max,4.711873029678787e-05,4.711873029678787e-05,0.0,0.0
ds004447,sub-015,ses-01,120,channel_inconsistency_max,0.5757308323122302,0.5757308323122302,0.0,0.0
ds004447,sub-015,ses-19,15,smr_snr_min,0.00023280952515778848,0.0002585835618070836,2.5774036649295118e-05,0.09967391728036422
ds004447,sub-015,ses-19,15,high_beta_max,5.933093093233213e-13,4.4258275737985273e-13,1.507265519434686e-13,0.10448381638584922
ds004447,sub-015,ses-19,15,broadband_max,4.622704015586458e-12,3.80706556066575e-12,8.156384549207079e-13,0.1696749180195801
ds004447,sub-015,ses-19,15,noise_floor_max,2.1350682902233107e-13,1.7381254298912609e-13,3.969428603320499e-14,0.0338165461515031
ds004447,sub-015,ses-19,15,transient_max,4.749277866788736e-05,5.976801533531704e-05,1.227523666742968e-05,0.20538136314516126
ds004447,sub-015,ses-19,15,channel_inconsistency_max,0.5964556220456477,0.3414506292874914,0.2550049927581563,0.7468282992757432
ds004447,sub-015,ses-19,30,smr_snr_min,0.00024016534701341938,0.0002585835618070836,1.8418214793664218e-05,0.07122732239328428
ds004447,sub-015,ses-19,30,high_beta_max,5.108894122931941e-13,4.4258275737985273e-13,6.830665491334134e-14,0.047350250489203105
ds004447,sub-015,ses-19,30,broadband_max,4.534551192628753e-12,3.80706556066575e-12,7.274856319630025e-13,0.1513367402175081
ds004447,sub-015,ses-19,30,noise_floor_max,2.0930792382260453e-13,1.7381254298912609e-13,3.549538083347845e-14,0.03023939473596788
ds004447,sub-015,ses-19,30,transient_max,6.55742150148776e-05,5.976801533531704e-05,5.806199679560557e-06,0.09714559785598341
ds004447,sub-015,ses-19,30,channel_inconsistency_max,0.42850289205723724,0.3414506292874914,0.08705226276974581,0.2549483155182456
ds004447,sub-015,ses-19,60,smr_snr_min,0.00024635885710119337,0.0002585835618070836,1.2224704705890237e-05,0.04727564495277097
ds004447,sub-015,ses-19,60,high_beta_max,4.238092602124589e-13,4.4258275737985273e-13,1.8773497167393835e-14,0.01301380948257827
ds004447,sub-015,ses-19,60,broadband_max,3.868084788707658e-12,3.80706556066575e-12,6.101922804190786e-14,0.012693654220404905
ds004447,sub-015,ses-19,60,noise_floor_max,1.6526254087351367e-13,1.7381254298912609e-13,8.550002115612411e-15,0.0072839587263565445
ds004447,sub-015,ses-19,60,transient_max,4.02835967040512e-05,5.976801533531704e-05,1.948441863126584e-05,0.32600075803005124
ds004447,sub-015,ses-19,60,channel_inconsistency_max,0.4668044563198944,0.3414506292874914,0.125353827032403,0.36712138236093755
ds004447,sub-015,ses-19,90,smr_snr_min,0.00024430787009621787,0.0002585835618070836,1.4275691710865731e-05,0.05520726667965403
ds004447,sub-015,ses-19,90,high_beta_max,4.3902012275954224e-13,4.4258275737985273e-13,3.562634620310491e-15,0.0024696223506658747
ds004447,sub-015,ses-19,90,broadband_max,3.67703268771193e-12,3.80706556066575e-12,1.3003287295382017e-13,0.027050363951310743
ds004447,sub-015,ses-19,90,noise_floor_max,1.6599935533408375e-13,1.7381254298912609e-13,7.813187655042335e-15,0.006656248224393624
ds004447,sub-015,ses-19,90,transient_max,5.7118268299382024e-05,5.976801533531704e-05,2.6497470359350183e-06,0.044333862798275225
ds004447,sub-015,ses-19,90,channel_inconsistency_max,0.3450210121110894,0.3414506292874914,0.0035703828235979507,0.01045651264734187
ds004447,sub-015,ses-19,120,smr_snr_min,0.0002585835618070836,0.0002585835618070836,0.0,0.0
ds004447,sub-015,ses-19,120,high_beta_max,4.4258275737985273e-13,4.4258275737985273e-13,0.0,0.0
ds004447,sub-015,ses-19,120,broadband_max,3.80706556066575e-12,3.80706556066575e-12,0.0,0.0
ds004447,sub-015,ses-19,120,noise_floor_max,1.7381254298912609e-13,1.7381254298912609e-13,0.0,0.0
ds004447,sub-015,ses-19,120,transient_max,5.976801533531704e-05,5.976801533531704e-05,0.0,0.0
ds004447,sub-015,ses-19,120,channel_inconsistency_max,0.3414506292874914,0.3414506292874914,0.0,0.0
ds004447,sub-016,ses-01,15,smr_snr_min,0.0004034653743300251,0.0004022054619824741,1.2599123475510055e-06,0.0031325092856978563
ds004447,sub-016,ses-01,15,high_beta_max,7.45832759343252e-13,4.664239286826983e-13,2.794088306605537e-13,0.19053755547452716
ds004447,sub-016,ses-01,15,broadband_max,9.125748490223555e-12,6.01513841486234e-12,3.1106100753612157e-12,0.44341392733905965
ds004447,sub-016,ses-01,15,noise_floor_max,4.2438109509907183e-13,1.8726131083132528e-13,2.3711978426774655e-13,0.19971996232380745
ds004447,sub-016,ses-01,15,transient_max,0.00010247497901884482,5.967365041580837e-05,4.280132860303644e-05,0.7172567387370865
ds004447,sub-016,ses-01,15,channel_inconsistency_max,0.7491550566540263,0.0739364071815016,0.6752186494725246,9.13242440636644
ds004447,sub-016,ses-01,30,smr_snr_min,0.0003401152705179801,0.0004022054619824741,6.2090191464494e-05,0.15437431158710926
ds004447,sub-016,ses-01,30,high_beta_max,5.052924382429669e-13,4.664239286826983e-13,3.886850956026853e-14,0.026505643286375214
ds004447,sub-016,ses-01,30,broadband_max,5.91872948883355e-12,6.01513841486234e-12,9.64089260287895e-14,0.013742982722127995
ds004447,sub-016,ses-01,30,noise_floor_max,2.2163182837683154e-13,1.8726131083132528e-13,3.437051754550626e-14,0.02894941259514292
ds004447,sub-016,ses-01,30,transient_max,6.718081406881812e-05,5.967365041580837e-05,7.507163653009751e-06,0.125803658313106
ds004447,sub-016,ses-01,30,channel_inconsistency_max,0.7086571576677826,0.0739364071815016,0.634720750486281,8.5846847943201
ds004447,sub-016,ses-01,60,smr_snr_min,0.0003550072365485681,0.0004022054619824741,4.719822543390595e-05,0.1173485439106594
ds004447,sub-016,ses-01,60,high_beta_max,4.67625821420916e-13,4.664239286826983e-13,1.2018927382176735e-15,0.0008196079692298423
ds004447,sub-016,ses-01,60,broadband_max,5.765161976557621e-12,6.01513841486234e-12,2.499764383047188e-13,0.03563385688514945
ds004447,sub-016,ses-01,60,noise_floor_max,2.0687909183608776e-13,1.8726131083132528e-13,1.9617781004762484e-14,0.01652355789394504
ds004447,sub-016,ses-01,60,transient_max,6.439575318532079e-05,5.967365041580837e-05,4.722102769512416e-06,0.07913212376780192
ds004447,sub-016,ses-01,60,channel_inconsistency_max,0.6185331683404337,0.0739364071815016,0.5445967611589321,7.365745536088489
ds004447,sub-016,ses-01,90,smr_snr_min,0.0003763145869942835,0.0004022054619824741,2.5890874988190556e-05,0.06437226087433512
ds004447,sub-016,ses-01,90,high_beta_max,4.652831338965385e-13,4.664239286826983e-13,1.1407947861598244e-15,0.0007779433790231523
ds004447,sub-016,ses-01,90,broadband_max,5.807355838945063e-12,6.01513841486234e-12,2.0778257591727668e-13,0.02961916980526949
ds004447,sub-016,ses-01,90,noise_floor_max,1.8581065279221724e-13,1.8726131083132528e-13,1.4506580391080422e-15,0.0012218523638172674
ds004447,sub-016,ses-01,90,transient_max,5.9820893415731986e-05,5.967365041580837e-05,1.4724299992361305e-07,0.0024674709261147433
ds004447,sub-016,ses-01,90,channel_inconsistency_max,0.6283662188353082,0.0739364071815016,0.5544298116538066,7.498738886314487
ds004447,sub-016,ses-01,120,smr_snr_min,0.0004022054619824741,0.0004022054619824741,0.0,0.0
ds004447,sub-016,ses-01,120,high_beta_max,4.664239286826983e-13,4.664239286826983e-13,0.0,0.0
ds004447,sub-016,ses-01,120,broadband_max,6.01513841486234e-12,6.01513841486234e-12,0.0,0.0
ds004447,sub-016,ses-01,120,noise_floor_max,1.8726131083132528e-13,1.8726131083132528e-13,0.0,0.0
ds004447,sub-016,ses-01,120,transient_max,5.967365041580837e-05,5.967365041580837e-05,0.0,0.0
ds004447,sub-016,ses-01,120,channel_inconsistency_max,0.0739364071815016,0.0739364071815016,0.0,0.0
ds004447,sub-016,ses-18,15,smr_snr_min,0.0008088082261709609,0.0006381319859514906,0.00017067624021947032,0.26746228634429003
ds004447,sub-016,ses-18,15,high_beta_max,1.0200980051460402e-12,5.650122208445184e-13,4.550857843015217e-13,0.2907873678174515
ds004447,sub-016,ses-18,15,broadband_max,1.0670448497128602e-11,8.435634350503521e-12,2.2348141466250807e-12,0.2368483202727989
ds004447,sub-016,ses-18,15,noise_floor_max,6.350420013478226e-13,2.1184535760492954e-13,4.2319664374289307e-13,0.3492167058173921
ds004447,sub-016,ses-18,15,transient_max,0.00011748602891584654,8.83851567101549e-05,2.910087220569164e-05,0.32925066786805235
ds004447,sub-016,ses-18,15,channel_inconsistency_max,0.5136376798655031,0.5260237017221358,0.012386021856632623,0.02354650905664287
ds004447,sub-016,ses-18,30,smr_snr_min,0.0006709173837008889,0.0006381319859514906,3.2785397749398324e-05,0.051377142064327516
ds004447,sub-016,ses-18,30,high_beta_max,8.081267078051186e-13,5.650122208445184e-13,2.431144869606001e-13,0.15534350704904376
ds004447,sub-016,ses-18,30,broadband_max,7.880823704505372e-12,8.435634350503521e-12,5.548106459981492e-13,0.058799506783403746
ds004447,sub-016,ses-18,30,noise_floor_max,3.00615819391164e-13,2.1184535760492954e-13,8.877046178623444e-14,0.07325230173070833
ds004447,sub-016,ses-18,30,transient_max,8.460148741283284e-05,8.83851567101549e-05,3.7836692973220603e-06,0.042808876460117926
ds004447,sub-016,ses-18,30,channel_inconsistency_max,0.5025360031229795,0.5260237017221358,0.023487698599156226,0.04465140738376577
ds004447,sub-016,ses-18,60,smr_snr_min,0.0005766501009354766,0.0006381319859514906,6.148188501601398e-05,0.09634665911315256
ds004447,sub-016,ses-18,60,high_beta_max,6.001805236306203e-13,5.650122208445184e-13,3.516830278610189e-14,0.02247158349161275
ds004447,sub-016,ses-18,60,broadband_max,7.724638497995036e-12,8.435634350503521e-12,7.109958525084847e-13,0.07535220485420181
ds004447,sub-016,ses-18,60,noise_floor_max,2.3992878922063486e-13,2.1184535760492954e-13,2.8083431615705318e-14,0.02317410504522535
ds004447,sub-016,ses-18,60,transient_max,7.928997903410394e-05,8.83851567101549e-05,9.095177676050962e-06,0.10290390277830531
ds004447,sub-016,ses-18,60,channel_inconsistency_max,0.5115621783219365,0.5260237017221358,0.014461523400199239,0.02749215168979369
ds004447,sub-016,ses-18,90,smr_snr_min,0.0006309514695156058,0.0006381319859514906,7.180516435884802e-06,0.01125240010328874
ds004447,sub-016,ses-18,90,high_beta_max,5.664957723919864e-13,5.650122208445184e-13,1.4835515474679615e-15,0.0009479488579759468
ds004447,sub-016,ses-18,90,broadband_max,7.735083492678e-12,8.435634350503521e-12,7.005508578255207e-13,0.07424523161902058
ds004447,sub-016,ses-18,90,noise_floor_max,2.2640694517577127e-13,2.1184535760492954e-13,1.4561587570841727e-14,0.012016044357030008
ds004447,sub-016,ses-18,90,transient_max,7.928997903410392e-05,8.83851567101549e-05,9.09517767605099e-06,0.10290390277830562
ds004447,sub-016,ses-18,90,channel_inconsistency_max,0.5007365747133504,0.5260237017221358,0.025287127008785326,0.04807221979912762
ds004447,sub-016,ses-18,120,smr_snr_min,0.0006381319859514906,0.0006381319859514906,0.0,0.0
ds004447,sub-016,ses-18,120,high_beta_max,5.650122208445184e-13,5.650122208445184e-13,0.0,0.0
ds004447,sub-016,ses-18,120,broadband_max,8.435634350503521e-12,8.435634350503521e-12,0.0,0.0
ds004447,sub-016,ses-18,120,noise_floor_max,2.1184535760492954e-13,2.1184535760492954e-13,0.0,0.0
ds004447,sub-016,ses-18,120,transient_max,8.83851567101549e-05,8.83851567101549e-05,0.0,0.0
ds004447,sub-016,ses-18,120,channel_inconsistency_max,0.5260237017221358,0.5260237017221358,0.0,0.0
ds004447,sub-017,ses-01,15,smr_snr_min,0.0005859746724012839,0.0005750239994624362,1.095067293884768e-05,0.019043853700090974
ds004447,sub-017,ses-01,15,high_beta_max,1.894212706829004e-12,1.9704427943638145e-12,7.623008753481067e-14,0.025662870087736205
ds004447,sub-017,ses-01,15,broadband_max,1.2250274378699753e-11,7.446316693377026e-12,4.803957685322728e-12,0.5687636232121908
ds004447,sub-017,ses-01,15,noise_floor_max,5.612827707794873e-13,3.8729154021185407e-13,1.7399123056763325e-13,0.12541792804493204
ds004447,sub-017,ses-01,15,transient_max,6.128640878919616e-05,5.3495305561913034e-05,7.791103227283126e-06,0.1456408744618756
ds004447,sub-017,ses-01,15,channel_inconsistency_max,0.5920803207695043,0.7136589082889946,0.12157858751949024,0.1703595178413816
ds004447,sub-017,ses-01,30,smr_snr_min,0.0005005689887212611,0.0005750239994624362,7.445501074117517e-05,0.12948157064974367
ds004447,sub-017,ses-01,30,high_beta_max,1.6013936952496003e-12,1.9704427943638145e-12,3.690490991142142e-13,0.12424043304737473
ds004447,sub-017,ses-01,30,broadband_max,9.306104210750923e-12,7.446316693377026e-12,1.859787517373897e-12,0.22018917652379816
ds004447,sub-017,ses-01,30,noise_floor_max,4.524382211550699e-13,3.8729154021185407e-13,6.514668094321584e-14,0.04695961811550242
ds004447,sub-017,ses-01,30,transient_max,5.953586655985388e-05,5.3495305561913034e-05,6.040560997940847e-06,0.11291758821775844
ds004447,sub-017,ses-01,30,channel_inconsistency_max,0.6839401694542093,0.7136589082889946,0.029718738834785263,0.04164277708799942
ds004447,sub-017,ses-01,60,smr_snr_min,0.0004894563374132455,0.0005750239994624362,8.556766204919069e-05,0.14880711410371894
ds004447,sub-017,ses-01,60,high_beta_max,1.6934955276372118e-12,1.9704427943638145e-12,2.769472667266027e-13,0.0932343377398443
ds004447,sub-017,ses-01,60,broadband_max,8.430693516146055e-12,7.446316693377026e-12,9.843768227690293e-13,0.11654509989436042
ds004447,sub-017,ses-01,60,noise_floor_max,4.087897802760452e-13,3.8729154021185407e-13,2.1498240064191137e-14,0.015496555295729787
ds004447,sub-017,ses-01,60,transient_max,5.5913234149690554e-05,5.3495305561913034e-05,2.41792858777752e-06,0.04519889207437515
ds004447,sub-017,ses-01,60,channel_inconsistency_max,0.726259349503773,0.7136589082889946,0.012600441214778435,0.017656111439806003
ds004447,sub-017,ses-01,90,smr_snr_min,0.000584792779288196,0.0005750239994624362,9.768779825759799e-06,0.016988473207907345
ds004447,sub-017,ses-01,90,high_beta_max,1.9036686829991194e-12,1.9704427943638145e-12,6.677411136469509e-14,0.02247951433079062
ds004447,sub-017,ses-01,90,broadband_max,7.446316693377026e-12,7.446316693377026e-12,0.0,0.0
ds004447,sub-017,ses-01,90,noise_floor_max,4.0293385917820613e-13,3.8729154021185407e-13,1.5642318966352055e-14,0.011275437435424215
ds004447,sub-017,ses-01,90,transient_max,5.376396429388831e-05,5.3495305561913034e-05,2.6865873197527625e-07,0.005022099119374946
ds004447,sub-017,ses-01,90,channel_inconsistency_max,0.7461473364249054,0.7136589082889946,0.032488428135910796,0.04552374777154629
ds004447,sub-017,ses-01,120,smr_snr_min,0.0005750239994624362,0.0005750239994624362,0.0,0.0
ds004447,sub-017,ses-01,120,high_beta_max,1.9704427943638145e-12,1.9704427943638145e-12,0.0,0.0
ds004447,sub-017,ses-01,120,broadband_max,7.446316693377026e-12,7.446316693377026e-12,0.0,0.0
ds004447,sub-017,ses-01,120,noise_floor_max,3.8729154021185407e-13,3.8729154021185407e-13,0.0,0.0
ds004447,sub-017,ses-01,120,transient_max,5.3495305561913034e-05,5.3495305561913034e-05,0.0,0.0
ds004447,sub-017,ses-01,120,channel_inconsistency_max,0.7136589082889946,0.7136589082889946,0.0,0.0
ds004447,sub-017,ses-19,15,smr_snr_min,0.00043680109768031214,0.0004546827309933086,1.7881633312996474e-05,0.039327715909958136
ds004447,sub-017,ses-19,15,high_beta_max,1.2795571086723118e-12,2.5232216060014574e-12,1.2436644973291456e-12,0.35299071032338325
ds004447,sub-017,ses-19,15,broadband_max,4.964101879789044e-12,5.381861963462331e-12,4.177600836732873e-13,0.06546053268858879
ds004447,sub-017,ses-19,15,noise_floor_max,3.216109980683101e-13,3.7538106556766743e-13,5.377006749935731e-14,0.03909466899427217
ds004447,sub-017,ses-19,15,transient_max,3.7994753185320064e-05,4.1903297138932656e-05,3.908543953612592e-06,0.09327532979990268
ds004447,sub-017,ses-19,15,channel_inconsistency_max,0.7302326076973968,0.010242790735975314,0.7199898169614215,70.29234858448683
ds004447,sub-017,ses-19,30,smr_snr_min,0.000491901036064234,0.0004546827309933086,3.721830507092533e-05,0.08185554992986419
ds004447,sub-017,ses-19,30,high_beta_max,1.6978960923407636e-12,2.5232216060014574e-12,8.253255136606939e-13,0.23425308026461744
ds004447,sub-017,ses-19,30,broadband_max,4.9478392773988654e-12,5.381861963462331e-12,4.340226860634657e-13,0.06800878623642258
ds004447,sub-017,ses-19,30,noise_floor_max,3.3994037531790845e-13,3.7538106556766743e-13,3.544069024975898e-14,0.025767906173065847
ds004447,sub-017,ses-19,30,transient_max,3.6215765682460365e-05,4.1903297138932656e-05,5.68753145647229e-06,0.135729923635485
ds004447,sub-017,ses-19,30,channel_inconsistency_max,0.7869178777206562,0.010242790735975314,0.7766750869846809,75.82651124375428
ds004447,sub-017,ses-19,60,smr_snr_min,0.0004427426141461485,0.0004546827309933086,1.1940116847160092e-05,0.026260326172527285
ds004447,sub-017,ses-19,60,high_beta_max,2.042923767257038e-12,2.5232216060014574e-12,4.802978387444196e-13,0.13632348244183107
ds004447,sub-017,ses-19,60,broadband_max,5.278030074380554e-12,5.381861963462331e-12,1.0383188908177678e-13,0.01626984251245779
ds004447,sub-017,ses-19,60,noise_floor_max,3.6312478190270867e-13,3.7538106556766743e-13,1.225628366495876e-14,0.008911191212233365
ds004447,sub-017,ses-19,60,transient_max,3.7994753185320064e-05,4.1903297138932656e-05,3.908543953612592e-06,0.09327532979990268
ds004447,sub-017,ses-19,60,channel_inconsistency_max,0.7835072204841209,0.010242790735975314,0.7732644297481456,75.49352999634647
ds004447,sub-017,ses-19,90,smr_snr_min,0.0004546827309933086,0.0004546827309933086,0.0,0.0
ds004447,sub-017,ses-19,90,high_beta_max,2.426395166010812e-12,2.5232216060014574e-12,9.682643999064533e-14,0.027482358709912294
ds004447,sub-017,ses-19,90,broadband_max,5.381861963462331e-12,5.381861963462331e-12,0.0,0.0
ds004447,sub-017,ses-19,90,noise_floor_max,3.614671938130644e-13,3.7538106556766743e-13,1.3913871754603016e-14,0.0101163758197153
ds004447,sub-017,ses-19,90,transient_max,3.573886529335409e-05,4.1903297138932656e-05,6.1644318455785676e-06,0.14711089864907673
ds004447,sub-017,ses-19,90,channel_inconsistency_max,0.7970592342261921,0.010242790735975314,0.7868164434902167,76.81660825598033
ds004447,sub-017,ses-19,120,smr_snr_min,0.0004546827309933086,0.0004546827309933086,0.0,0.0
ds004447,sub-017,ses-19,120,high_beta_max,2.5232216060014574e-12,2.5232216060014574e-12,0.0,0.0
ds004447,sub-017,ses-19,120,broadband_max,5.381861963462331e-12,5.381861963462331e-12,0.0,0.0
ds004447,sub-017,ses-19,120,noise_floor_max,3.7538106556766743e-13,3.7538106556766743e-13,0.0,0.0
ds004447,sub-017,ses-19,120,transient_max,4.1903297138932656e-05,4.1903297138932656e-05,0.0,0.0
ds004447,sub-017,ses-19,120,channel_inconsistency_max,0.010242790735975314,0.010242790735975314,0.0,0.0
ds004447,sub-018,ses-01,15,smr_snr_min,0.0006458186565605128,0.0005169997940492257,0.00012881886251128716,0.2491661771336327
ds004447,sub-018,ses-01,15,high_beta_max,3.9311624198514675e-13,3.3472170115315155e-13,5.83945408319952e-14,0.043750349441044084
ds004447,sub-018,ses-01,15,broadband_max,5.016134005559242e-11,2.292397663951493e-11,2.723736341607749e-11,1.1384964893791896
ds004447,sub-018,ses-01,15,noise_floor_max,2.099742020130449e-13,1.5387063194148646e-13,5.610357007155845e-14,0.048622062576598714
ds004447,sub-018,ses-01,15,transient_max,0.00013962329365987603,0.00010409020759899256,3.553308606088346e-05,0.3413681895650209
ds004447,sub-018,ses-01,15,channel_inconsistency_max,0.5971718375483754,6.916721199205268e-05,0.5971026703363834,8632.741504345284
ds004447,sub-018,ses-01,30,smr_snr_min,0.0006717455948369647,0.0005169997940492257,0.00015474580078773904,0.29931501379609843
ds004447,sub-018,ses-01,30,high_beta_max,3.5695191978607003e-13,3.3472170115315155e-13,2.2230218632918473e-14,0.016655321190711416
ds004447,sub-018,ses-01,30,broadband_max,5.112093923018003e-11,2.292397663951493e-11,2.8196962590665103e-11,1.178606843483225
ds004447,sub-018,ses-01,30,noise_floor_max,2.1733320055295446e-13,1.5387063194148646e-13,6.3462568611468e-14,0.054999726013207205
ds004447,sub-018,ses-01,30,transient_max,0.00010649997299153086,0.00010409020759899256,2.4097653925382996e-06,0.023150740352744597
ds004447,sub-018,ses-01,30,channel_inconsistency_max,0.46949535084666616,6.916721199205268e-05,0.4694261836346741,6786.830975661998
ds004447,sub-018,ses-01,60,smr_snr_min,0.0005969794290850163,0.0005169997940492257,7.997963503579065e-05,0.1546995488231779
ds004447,sub-018,ses-01,60,high_beta_max,3.2706616627674143e-13,3.3472170115315155e-13,7.655534876410126e-15,0.0057356787334738165
ds004447,sub-018,ses-01,60,broadband_max,3.1639874152612514e-11,2.292397663951493e-11,8.715897513097585e-12,0.36431641964996936
ds004447,sub-018,ses-01,60,noise_floor_max,1.5530950192392907e-13,1.5387063194148646e-13,1.4388699824426128e-15,0.001246994197279803
ds004447,sub-018,ses-01,60,transient_max,0.00010851541313801746,0.00010409020759899256,4.4252055390249e-06,0.042513177738676654
ds004447,sub-018,ses-01,60,channel_inconsistency_max,0.5129151591795049,6.916721199205268e-05,0.5128459919675129,7414.582282308223
ds004447,sub-018,ses-01,90,smr_snr_min,0.0005169997940492257,0.0005169997940492257,0.0,0.0
ds004447,sub-018,ses-01,90,high_beta_max,3.3544412262205293e-13,3.3472170115315155e-13,7.224214689013788e-16,0.0005412525085021339
ds004447,sub-018,ses-01,90,broadband_max,2.1833253314802476e-11,2.292397663951493e-11,1.090723324712454e-12,0.04559122177501713
ds004447,sub-018,ses-01,90,noise_floor_max,1.5198977656563314e-13,1.5387063194148646e-13,1.880855375853313e-15,0.0016300400788332849
ds004447,sub-018,ses-01,90,transient_max,0.0001032577431906611,0.00010409020759899256,8.324644083314606e-07,0.00799752848549405
ds004447,sub-018,ses-01,90,channel_inconsistency_max,0.4576910891786882,6.916721199205268e-05,0.45762192196669615,6616.168299556569
ds004447,sub-018,ses-01,120,smr_snr_min,0.0005169997940492257,0.0005169997940492257,0.0,0.0
ds004447,sub-018,ses-01,120,high_beta_max,3.3472170115315155e-13,3.3472170115315155e-13,0.0,0.0
ds004447,sub-018,ses-01,120,broadband_max,2.292397663951493e-11,2.292397663951493e-11,0.0,0.0
ds004447,sub-018,ses-01,120,noise_floor_max,1.5387063194148646e-13,1.5387063194148646e-13,0.0,0.0
ds004447,sub-018,ses-01,120,transient_max,0.00010409020759899256,0.00010409020759899256,0.0,0.0
ds004447,sub-018,ses-01,120,channel_inconsistency_max,6.916721199205268e-05,6.916721199205268e-05,0.0,0.0
ds004447,sub-018,ses-19,15,smr_snr_min,0.0006881678613819343,0.0006054432020879111,8.272465929402319e-05,0.13663487982375033
ds004447,sub-018,ses-19,15,high_beta_max,2.607084497559857e-12,6.963357513594711e-13,1.910748746200386e-12,1.126397733861991
ds004447,sub-018,ses-19,15,broadband_max,3.2006376538668264e-11,1.4229755831259601e-11,1.7776620707408662e-11,1.16722952779857
ds004447,sub-018,ses-19,15,noise_floor_max,3.2865288294917784e-12,3.482137795215946e-13,2.938315049970184e-12,2.179413305664942
ds004447,sub-018,ses-19,15,transient_max,0.0005751124461738005,0.00014794935225452023,0.0004271630939192803,2.8872251518695258
ds004447,sub-018,ses-19,15,channel_inconsistency_max,0.5105655887284308,0.11147063559415774,0.3990949531342731,3.580269826250185
ds004447,sub-018,ses-19,30,smr_snr_min,0.0006766357099801082,0.0006054432020879111,7.119250789219714e-05,0.11758742608571311
ds004447,sub-018,ses-19,30,high_beta_max,1.7372308054503532e-12,6.963357513594711e-13,1.040895054090882e-12,0.613613816284124
ds004447,sub-018,ses-19,30,broadband_max,2.8898605077786925e-11,1.4229755831259601e-11,1.4668849246527324e-11,0.9631703494824916
ds004447,sub-018,ses-19,30,noise_floor_max,1.6161630539626321e-12,3.482137795215946e-13,1.2679492744410376e-12,0.9404660401045313
ds004447,sub-018,ses-19,30,transient_max,0.0003313121628442819,0.00014794935225452023,0.00018336281058976166,1.2393620286688172
ds004447,sub-018,ses-19,30,channel_inconsistency_max,0.510407404588597,0.11147063559415774,0.3989367689944393,3.578850760690998
ds004447,sub-018,ses-19,60,smr_snr_min,0.0006766357099801082,0.0006054432020879111,7.119250789219714e-05,0.11758742608571311
ds004447,sub-018,ses-19,60,high_beta_max,1.293008993310763e-12,6.963357513594711e-13,5.966732419512919e-13,0.35174241978518006
ds004447,sub-018,ses-19,60,broadband_max,2.364578853777702e-11,1.4229755831259601e-11,9.41603270651742e-12,0.6182655067385051
ds004447,sub-018,ses-19,60,noise_floor_max,1.075665787333267e-12,3.482137795215946e-13,7.274520078116724e-13,0.5395672547344861
ds004447,sub-018,ses-19,60,transient_max,0.00028346751476310435,0.00014794935225452023,0.00013551816250858412,0.9159767145142534
ds004447,sub-018,ses-19,60,channel_inconsistency_max,0.3516790521170556,0.11147063559415774,0.24020841652289784,2.1549030849280673
ds004447,sub-018,ses-19,90,smr_snr_min,0.0006176729768577579,0.0006054432020879111,1.2229774769846797e-05,0.02019970611193899
ds004447,sub-018,ses-19,90,high_beta_max,9.853561121366602e-13,6.963357513594711e-13,2.890203607771891e-13,0.17037921917613508
ds004447,sub-018,ses-19,90,broadband_max,1.847269223185272e-11,1.4229755831259601e-11,4.242936400593119e-12,0.27859516906268095
ds004447,sub-018,ses-19,90,noise_floor_max,6.312092827763519e-13,3.482137795215946e-13,2.829955032547573e-13,0.2099040282433373
ds004447,sub-018,ses-19,90,transient_max,0.000200162143770504,0.00014794935225452023,5.221279151598377e-05,0.3529099003640865
ds004447,sub-018,ses-19,90,channel_inconsistency_max,0.3073209390386221,0.11147063559415774,0.19585030344446439,1.756967674928841
ds004447,sub-018,ses-19,120,smr_snr_min,0.0006054432020879111,0.0006054432020879111,0.0,0.0
ds004447,sub-018,ses-19,120,high_beta_max,7.543945980865382e-13,6.963357513594711e-13,5.805884672706705e-14,0.034226034958313965
ds004447,sub-018,ses-19,120,broadband_max,1.5483219943408993e-11,1.4229755831259601e-11,1.2534641121493915e-12,0.08230362495875429
ds004447,sub-018,ses-19,120,noise_floor_max,3.950802003097048e-13,3.482137795215946e-13,4.686642078811021e-14,0.03476186158306472
ds004447,sub-018,ses-19,120,transient_max,0.00015076355230029729,0.00014794935225452023,2.814200045777053e-06,0.01902137443572145
ds004447,sub-018,ses-19,120,channel_inconsistency_max,0.27256279851292814,0.11147063559415774,0.1610921629187704,1.4451533541427857
ds004447,sub-019,ses-01,15,smr_snr_min,0.0008857585473917922,0.0004291689793575881,0.0004565895680342041,1.0638922870282213
ds004447,sub-019,ses-01,15,high_beta_max,4.0734935419598964e-12,1.8647292221190445e-12,2.208764319840852e-12,0.7710202775140561
ds004447,sub-019,ses-01,15,broadband_max,2.7873469743408018e-11,1.2988882335883027e-11,1.488458740752499e-11,1.0640297809457144
ds004447,sub-019,ses-01,15,noise_floor_max,5.9113782610998425e-12,2.1353904190479016e-12,3.775987842051941e-12,1.2043118519187683
ds004447,sub-019,ses-01,15,transient_max,0.00011140986285191107,0.00010582828107118319,5.581581780727881e-06,0.05274187269688028
ds004447,sub-019,ses-01,15,channel_inconsistency_max,0.9787149659031976,0.08877468808008694,0.8899402778231107,10.024707459520869
ds004447,sub-019,ses-01,30,smr_snr_min,0.0008855258899477599,0.0004291689793575881,0.0004563569105901718,1.0633501755181152
ds004447,sub-019,ses-01,30,high_beta_max,4.281973108135561e-12,1.8647292221190445e-12,2.4172438860165163e-12,0.8437948924989418
ds004447,sub-019,ses-01,30,broadband_max,2.6817729581601172e-11,1.2988882335883027e-11,1.3828847245718146e-11,0.9885598372820412
ds004447,sub-019,ses-01,30,noise_floor_max,7.721802545748171e-12,2.1353904190479016e-12,5.586412126700269e-12,1.7817277531889153
ds004447,sub-019,ses-01,30,transient_max,0.00017268625253681223,0.00010582828107118319,6.685797146562904e-05,0.6317590171279396
ds004447,sub-019,ses-01,30,channel_inconsistency_max,1.0099841156752754,0.08877468808008694,0.9212094275951884,10.376937925749221
ds004447,sub-019,ses-01,60,smr_snr_min,0.0006524584741495493,0.0004291689793575881,0.00022328949479196125,0.520283396544443
ds004447,sub-019,ses-01,60,high_beta_max,3.0845545969426537e-12,1.8647292221190445e-12,1.2198253748236092e-12,0.425808263274985
ds004447,sub-019,ses-01,60,broadband_max,2.0783594602934694e-11,1.2988882335883027e-11,7.794712267051667e-12,0.5572076510399526
ds004447,sub-019,ses-01,60,noise_floor_max,5.9031450490063355e-12,2.1353904190479016e-12,3.767754629958434e-12,1.2016859549830983
ds004447,sub-019,ses-01,60,transient_max,0.00012776132600900267,0.00010582828107118319,2.193304493781948e-05,0.2072512612750028
ds004447,sub-019,ses-01,60,channel_inconsistency_max,0.6298979271249532,0.08877468808008694,0.5411232390448663,6.095467646708073
ds004447,sub-019,ses-01,90,smr_snr_min,0.0004957358357198993,0.0004291689793575881,6.65668563623112e-05,0.15510640192785366
ds004447,sub-019,ses-01,90,high_beta_max,2.6492412545922382e-12,1.8647292221190445e-12,7.845120324731938e-13,0.27385207174760096
ds004447,sub-019,ses-01,90,broadband_max,1.6407050384144206e-11,1.2988882335883027e-11,3.4181680482611794e-12,0.24434890266345305
ds004447,sub-019,ses-01,90,noise_floor_max,3.2500131632078635e-12,2.1353904190479016e-12,1.1146227441599618e-12,0.3554972731269716
ds004447,sub-019,ses-01,90,transient_max,0.00011077944548714441,0.00010582828107118319,4.95116441596122e-06,0.0467848888696022
ds004447,sub-019,ses-01,90,channel_inconsistency_max,0.5847674175218831,0.08877468808008694,0.4959927294417962,5.58709627893883
ds004447,sub-019,ses-01,120,smr_snr_min,0.00044611261478431143,0.0004291689793575881,1.694363542672334e-05,0.0394801027152655
ds004447,sub-019,ses-01,120,high_beta_max,2.1567040826673873e-12,1.8647292221190445e-12,2.9197486054834287e-13,0.10192057884352805
ds004447,sub-019,ses-01,120,broadband_max,1.4404602574485662e-11,1.2988882335883027e-11,1.415720238602635e-12,0.10120324158929812
ds004447,sub-019,ses-01,120,noise_floor_max,2.4730691184633175e-12,2.1353904190479016e-12,3.3767869941541584e-13,0.1076990914317956
ds004447,sub-019,ses-01,120,transient_max,0.00010582828107118319,0.00010582828107118319,0.0,0.0
ds004447,sub-019,ses-01,120,channel_inconsistency_max,0.564443439586857,0.08877468808008694,0.4756687515067701,5.358157395859206
ds004447,sub-019,ses-19,15,smr_snr_min,0.0006035393501834306,0.00040550673222259585,0.00019803261796083474,0.48835839638728806
ds004447,sub-019,ses-19,15,high_beta_max,4.184542851062898e-12,1.836725110603041e-12,2.347817740459857e-12,0.8276507764831502
ds004447,sub-019,ses-19,15,broadband_max,2.2205180774352073e-11,1.094656167070413e-11,1.1258619103647943e-11,0.9424150156322226
ds004447,sub-019,ses-19,15,noise_floor_max,4.801114978463882e-12,1.5059556246984988e-12,3.2951593537653834e-12,1.3149312467022782
ds004447,sub-019,ses-19,15,transient_max,0.00011291875944151988,0.0001393545887846193,2.6435829343099418e-05,0.18970189201487764
ds004447,sub-019,ses-19,15,channel_inconsistency_max,0.8258438328283699,0.6013937212685638,0.2244501115598061,0.37321658610931924
ds004447,sub-019,ses-19,30,smr_snr_min,0.0006515608599060323,0.00040550673222259585,0.0002460541276834364,0.6067818547130494
ds004447,sub-019,ses-19,30,high_beta_max,3.194094102115969e-12,1.836725110603041e-12,1.357368991512928e-12,0.4784985991202982
ds004447,sub-019,ses-19,30,broadband_max,1.7875841109842632e-11,1.094656167070413e-11,6.929279439138503e-12,0.5800229078573108
ds004447,sub-019,ses-19,30,noise_floor_max,2.7744046250086666e-12,1.5059556246984988e-12,1.2684490003101678e-12,0.5061737677269444
ds004447,sub-019,ses-19,30,transient_max,0.0001515863642938887,0.0001393545887846193,1.2231775509269403e-05,0.0877744717857828
ds004447,sub-019,ses-19,30,channel_inconsistency_max,0.7522509175190285,0.6013937212685638,0.15085719625046468,0.25084597812561077
ds004447,sub-019,ses-19,60,smr_snr_min,0.0005086584246845492,0.00040550673222259585,0.00010315169246195334,0.25437726185752385
ds004447,sub-019,ses-19,60,high_beta_max,2.173366686252629e-12,1.836725110603041e-12,3.3664157564958817e-13,0.11867261102998583
ds004447,sub-019,ses-19,60,broadband_max,1.3407353008170458e-11,1.094656167070413e-11,2.4607913374663284e-12,0.2059832280865202
ds004447,sub-019,ses-19,60,noise_floor_max,1.850688010494407e-12,1.5059556246984988e-12,3.4473238579590823e-13,0.1375652395430523
ds004447,sub-019,ses-19,60,transient_max,0.00011596124092469687,0.0001393545887846193,2.3393347859922424e-05,0.16786923126161987
ds004447,sub-019,ses-19,60,channel_inconsistency_max,0.7055689491499002,0.6013937212685638,0.10417522788133637,0.17322300549034453
ds004447,sub-019,ses-19,90,smr_snr_min,0.0004487575775594275,0.00040550673222259585,4.325084533683167e-05,0.10665875999915857
ds004447,sub-019,ses-19,90,high_beta_max,1.85009325292357e-12,1.836725110603041e-12,1.3368142320528818e-14,0.004712526522419006
ds004447,sub-019,ses-19,90,broadband_max,1.1181744615049602e-11,1.094656167070413e-11,2.351829443454728e-13,0.01968624536733431
ds004447,sub-019,ses-19,90,noise_floor_max,1.6006496600914925e-12,1.5059556246984988e-12,9.469403539299365e-14,0.03778759466436548
ds004447,sub-019,ses-19,90,transient_max,0.00012217848569466704,0.0001393545887846193,1.717610308995225e-05,0.12325466363539893
ds004447,sub-019,ses-19,90,channel_inconsistency_max,0.6637091682648746,0.6013937212685638,0.06231544699631075,0.10361838641208392
ds004447,sub-019,ses-19,120,smr_snr_min,0.00040550673222259585,0.00040550673222259585,0.0,0.0
ds004447,sub-019,ses-19,120,high_beta_max,1.836725110603041e-12,1.836725110603041e-12,0.0,0.0
ds004447,sub-019,ses-19,120,broadband_max,1.094656167070413e-11,1.094656167070413e-11,0.0,0.0
ds004447,sub-019,ses-19,120,noise_floor_max,1.5059556246984988e-12,1.5059556246984988e-12,0.0,0.0
ds004447,sub-019,ses-19,120,transient_max,0.0001393545887846193,0.0001393545887846193,0.0,0.0
ds004447,sub-019,ses-19,120,channel_inconsistency_max,0.6013937212685638,0.6013937212685638,0.0,0.0
ds004447,sub-020,ses-01,15,smr_snr_min,0.0010026579761899601,0.0006789186137067047,0.0003237393624832554,0.4768456122286645
ds004447,sub-020,ses-01,15,high_beta_max,8.206158750650962e-13,6.140989581191578e-13,2.0651691694593842e-13,0.12794563549349167
ds004447,sub-020,ses-01,15,broadband_max,2.0695592473440415e-11,1.2672285646550424e-11,8.023306826889992e-12,0.5868299591088713
ds004447,sub-020,ses-01,15,noise_floor_max,4.823761445432256e-13,3.5158956946420556e-13,1.3078657507902007e-13,0.09676500768710891
ds004447,sub-020,ses-01,15,transient_max,9.1831497673e-05,6.914233295185864e-05,2.2689164721141362e-05,0.3281515596065795
ds004447,sub-020,ses-01,15,channel_inconsistency_max,0.7090112611569053,0.6395919502568747,0.06941931090003062,0.10853687397416699
ds004447,sub-020,ses-01,30,smr_snr_min,0.000698956391874636,0.0006789186137067047,2.0037778167931227e-05,0.029514256545444137
ds004447,sub-020,ses-01,30,high_beta_max,8.552431271171274e-13,6.140989581191578e-13,2.411441689979696e-13,0.14939862750358557
ds004447,sub-020,ses-01,30,broadband_max,1.8038233742735338e-11,1.2672285646550424e-11,5.365948096184914e-12,0.3924689868909202
ds004447,sub-020,ses-01,30,noise_floor_max,5.230890457067042e-13,3.5158956946420556e-13,1.7149947624249866e-13,0.12688724455789058
ds004447,sub-020,ses-01,30,transient_max,9.207980590524232e-05,6.914233295185864e-05,2.293747295338368e-05,0.33174282154481843
ds004447,sub-020,ses-01,30,channel_inconsistency_max,0.7549615766009972,0.6395919502568747,0.11536962634412251,0.1803800474624596
ds004447,sub-020,ses-01,60,smr_snr_min,0.0006671016417853977,0.0006789186137067047,1.1816971921306996e-05,0.017405579498526447
ds004447,sub-020,ses-01,60,high_beta_max,7.335810420333898e-13,6.140989581191578e-13,1.1948208391423203e-13,0.07402401402542229
ds004447,sub-020,ses-01,60,broadband_max,1.7387702197697778e-11,1.2672285646550424e-11,4.715416551147354e-12,0.344888680140842
ds004447,sub-020,ses-01,60,noise_floor_max,4.527069849469184e-13,3.5158956946420556e-13,1.0111741548271287e-13,0.0748136991933118
ds004447,sub-020,ses-01,60,transient_max,8.012997222858104e-05,6.914233295185864e-05,1.09876392767224e-05,0.15891334076707198
ds004447,sub-020,ses-01,60,channel_inconsistency_max,0.566213053146373,0.6395919502568747,0.0733788971105016,0.11472767454455336
ds004447,sub-020,ses-01,90,smr_snr_min,0.0006727320894733992,0.0006789186137067047,6.186524233305567e-06,0.00911232082799522
ds004447,sub-020,ses-01,90,high_beta_max,6.65588471838588e-13,6.140989581191578e-13,5.148951371943026e-14,0.031899849423996186
ds004447,sub-020,ses-01,90,broadband_max,1.4149096935331074e-11,1.2672285646550424e-11,1.4768112887806509e-12,0.10801495280002849
ds004447,sub-020,ses-01,90,noise_floor_max,4.0142534641813834e-13,3.5158956946420556e-13,4.9835776953932784e-14,0.03687197510238895
ds004447,sub-020,ses-01,90,transient_max,7.38291508354323e-05,6.914233295185864e-05,4.686817883573654e-06,0.06778506908425914
ds004447,sub-020,ses-01,90,channel_inconsistency_max,0.6108592033181051,0.6395919502568747,0.028732746938769593,0.04492355935246675
ds004447,sub-020,ses-01,120,smr_snr_min,0.000693090731502757,0.0006789186137067047,1.4172117796052222e-05,0.02087454591619148
ds004447,sub-020,ses-01,120,high_beta_max,6.174813816936365e-13,6.140989581191578e-13,3.3824235744787337e-15,0.0020955490724187884
ds004447,sub-020,ses-01,120,broadband_max,1.2644221904862509e-11,1.2672285646550424e-11,2.806374168791479e-14,0.002052600597544961
ds004447,sub-020,ses-01,120,noise_floor_max,3.5632645969379733e-13,3.5158956946420556e-13,4.736890229591774e-15,0.003504680959819454
ds004447,sub-020,ses-01,120,transient_max,6.889402471961631e-05,6.914233295185864e-05,2.483082322423302e-07,0.003591261938239147
ds004447,sub-020,ses-01,120,channel_inconsistency_max,0.6340417791209967,0.6395919502568747,0.005550171135877968,0.008677675092127435
ds004447,sub-020,ses-19,15,smr_snr_min,0.000723206503063119,0.000625606795212522,9.759970785059701e-05,0.15600806839291728
ds004447,sub-020,ses-19,15,high_beta_max,1.3338503790086304e-12,6.210997608793656e-13,7.127506181292648e-13,0.43967104019720116
ds004447,sub-020,ses-19,15,broadband_max,2.2851508266141435e-11,1.4168796897212285e-11,8.68271136892915e-12,0.5724060667279983
ds004447,sub-020,ses-19,15,noise_floor_max,1.3646674326961335e-12,3.189040434417137e-13,1.0457633892544197e-12,0.7929033157904903
ds004447,sub-020,ses-19,15,transient_max,0.0003653802809185944,7.478694895857308e-05,0.0002905933319600213,3.885615500043662
ds004447,sub-020,ses-19,15,channel_inconsistency_max,0.2250646333277984,0.00029321262597514937,0.22477142070182327,766.5816544826813
ds004447,sub-020,ses-19,30,smr_snr_min,0.0006005293413501882,0.000625606795212522,2.507745386233387e-05,0.040085008689411554
ds004447,sub-020,ses-19,30,high_beta_max,7.919864459356365e-13,6.210997608793656e-13,1.7088668505627088e-13,0.10541404618033709
ds004447,sub-020,ses-19,30,broadband_max,1.8990895206658723e-11,1.4168796897212285e-11,4.8220983094464386e-12,0.3178958978831499
ds004447,sub-020,ses-19,30,noise_floor_max,4.784590752168546e-13,3.189040434417137e-13,1.5955503177514093e-13,0.12097546638706028
ds004447,sub-020,ses-19,30,transient_max,9.586352788586385e-05,7.478694895857308e-05,2.1076578927290763e-05,0.2818216137837653
ds004447,sub-020,ses-19,30,channel_inconsistency_max,0.2369909900826884,0.00029321262597514937,0.23669777745671325,807.2564265002615
ds004447,sub-020,ses-19,60,smr_snr_min,0.0006472527889936752,0.000625606795212522,2.1645993781153113e-05,0.03459999781364244
ds004447,sub-020,ses-19,60,high_beta_max,6.265260835537389e-13,6.210997608793656e-13,5.426322674373334e-15,0.0033473095273481657
ds004447,sub-020,ses-19,60,broadband_max,1.4457261818282614e-11,1.4168796897212285e-11,2.8846492107032964e-13,0.019016994098150497
ds004447,sub-020,ses-19,60,noise_floor_max,3.5659930827190363e-13,3.189040434417137e-13,3.769526483018992e-14,0.028580748552277668
ds004447,sub-020,ses-19,60,transient_max,8.927709697108548e-05,7.478694895857308e-05,1.4490148012512394e-05,0.19375235947633856
ds004447,sub-020,ses-19,60,channel_inconsistency_max,0.3123764306911667,0.00029321262597514937,0.31208321806519157,1064.3580438015772
ds004447,sub-020,ses-19,90,smr_snr_min,0.0006505703678763771,0.000625606795212522,2.4963572663855055e-05,0.03990297550312224
ds004447,sub-020,ses-19,90,high_beta_max,6.111678628325973e-13,6.210997608793656e-13,9.931898046768307e-15,0.006126642102137347
ds004447,sub-020,ses-19,90,broadband_max,1.3890913583733256e-11,1.4168796897212285e-11,2.7788331347902835e-13,0.018319403665434903
ds004447,sub-020,ses-19,90,noise_floor_max,3.189040434417137e-13,3.189040434417137e-13,0.0,0.0
ds004447,sub-020,ses-19,90,transient_max,7.215935783932355e-05,7.478694895857308e-05,2.6275911192495373e-06,0.03513435326223419
ds004447,sub-020,ses-19,90,channel_inconsistency_max,0.3301533965685223,0.00029321262597514937,0.3298601839425471,1124.9862850227926
ds004447,sub-020,ses-19,120,smr_snr_min,0.000625606795212522,0.000625606795212522,0.0,0.0
ds004447,sub-020,ses-19,120,high_beta_max,6.210997608793656e-13,6.210997608793656e-13,0.0,0.0
ds004447,sub-020,ses-19,120,broadband_max,1.4168796897212285e-11,1.4168796897212285e-11,0.0,0.0
ds004447,sub-020,ses-19,120,noise_floor_max,3.189040434417137e-13,3.189040434417137e-13,0.0,0.0
ds004447,sub-020,ses-19,120,transient_max,7.478694895857308e-05,7.478694895857308e-05,0.0,0.0
ds004447,sub-020,ses-19,120,channel_inconsistency_max,0.00029321262597514937,0.00029321262597514937,0.0,0.0
ds004447,sub-021,ses-01,15,smr_snr_min,0.0013101277442220869,0.001074227272627105,0.00023590047159498186,0.21960015109136918
ds004447,sub-021,ses-01,15,high_beta_max,2.920389065120178e-12,1.0287723573023365e-12,1.891616707817841e-12,0.9323947563703641
ds004447,sub-021,ses-01,15,broadband_max,2.9341610044590397e-11,1.221061959929481e-11,1.7130990445295586e-11,1.296759044232115
ds004447,sub-021,ses-01,15,noise_floor_max,3.914802096905019e-12,6.301792629564794e-13,3.2846228339485394e-12,2.014884441599125
ds004447,sub-021,ses-01,15,transient_max,0.00026159858548867006,0.00010054907301441978,0.0001610495124742503,1.6017006029429384
ds004447,sub-021,ses-01,15,channel_inconsistency_max,0.22716574779921384,0.10883507133236035,0.11833067646685348,1.0872476584722237
ds004447,sub-021,ses-01,30,smr_snr_min,0.0010180826183003888,0.001074227272627105,5.614465432671623e-05,0.05226515440922015
ds004447,sub-021,ses-01,30,high_beta_max,1.7706442018706462e-12,1.0287723573023365e-12,7.418718445683096e-13,0.36567525276950164
ds004447,sub-021,ses-01,30,broadband_max,1.8239382215410066e-11,1.221061959929481e-11,6.028762616115256e-12,0.45635729428141847
ds004447,sub-021,ses-01,30,noise_floor_max,3.0971218853362392e-12,6.301792629564794e-13,2.46694262237976e-12,1.5132953034292274
ds004447,sub-021,ses-01,30,transient_max,0.0001867601208514534,0.00010054907301441978,8.621104783703362e-05,0.8574027029296168
ds004447,sub-021,ses-01,30,channel_inconsistency_max,0.17354511510999238,0.10883507133236035,0.06471004377763202,0.5945697741073375
ds004447,sub-021,ses-01,60,smr_snr_min,0.0009928467916300995,0.001074227272627105,8.13804809970055e-05,0.0757572284701226
ds004447,sub-021,ses-01,60,high_beta_max,1.106361384838696e-12,1.0287723573023365e-12,7.758902753635943e-14,0.03824432408943591
ds004447,sub-021,ses-01,60,broadband_max,1.4518435827365184e-11,1.221061959929481e-11,2.3078162280703733e-12,0.17469401875696774
ds004447,sub-021,ses-01,60,noise_floor_max,1.5020481132255438e-12,6.301792629564794e-13,8.718688502690644e-13,0.5348300460452737
ds004447,sub-021,ses-01,60,transient_max,0.00010974030212863348,0.00010054907301441978,9.1912291142137e-06,0.0914103804963493
ds004447,sub-021,ses-01,60,channel_inconsistency_max,0.18955504692459368,0.10883507133236035,0.08071997559223333,0.7416724646138112
ds004447,sub-021,ses-01,90,smr_snr_min,0.0009941612674675116,0.001074227272627105,8.00660051595934e-05,0.0745335806726004
ds004447,sub-021,ses-01,90,high_beta_max,1.014161164369162e-12,1.0287723573023365e-12,1.461119293317445e-14,0.007201987389360425
ds004447,sub-021,ses-01,90,broadband_max,1.2624630643143931e-11,1.221061959929481e-11,4.140110438491209e-13,0.03133926011095051
ds004447,sub-021,ses-01,90,noise_floor_max,7.073820090471251e-13,6.301792629564794e-13,7.720274609064566e-14,0.047358439556292355
ds004447,sub-021,ses-01,90,transient_max,8.374080567635606e-05,0.00010054907301441978,1.680826733806372e-05,0.16716481482120105
ds004447,sub-021,ses-01,90,channel_inconsistency_max,0.2010144488030176,0.10883507133236035,0.09217937747065726,0.8469639091641064
ds004447,sub-021,ses-01,120,smr_snr_min,0.001074227272627105,0.001074227272627105,0.0,0.0
ds004447,sub-021,ses-01,120,high_beta_max,1.0287723573023365e-12,1.0287723573023365e-12,0.0,0.0
ds004447,sub-021,ses-01,120,broadband_max,1.221061959929481e-11,1.221061959929481e-11,0.0,0.0
ds004447,sub-021,ses-01,120,noise_floor_max,6.301792629564794e-13,6.301792629564794e-13,0.0,0.0
ds004447,sub-021,ses-01,120,transient_max,0.00010054907301441978,0.00010054907301441978,0.0,0.0
ds004447,sub-021,ses-01,120,channel_inconsistency_max,0.10883507133236035,0.10883507133236035,0.0,0.0
ds004447,sub-021,ses-19,15,smr_snr_min,0.001497806545147921,0.0010162209491657072,0.00048158559598221375,0.4738985118380854
ds004447,sub-021,ses-19,15,high_beta_max,2.45374849532289e-12,8.892729354367528e-13,1.564475559886137e-12,0.8280834021075252
ds004447,sub-021,ses-19,15,broadband_max,2.0933024122339285e-11,1.133831235437614e-11,9.594711767963145e-12,0.777635667860208
ds004447,sub-021,ses-19,15,noise_floor_max,1.356496019487518e-12,4.2418067421854e-13,9.32315345268978e-13,0.6546327738793024
ds004447,sub-021,ses-19,15,transient_max,0.00017078118623636246,0.00013992017929350723,3.086100694285523e-05,0.2205615149874652
ds004447,sub-021,ses-19,15,channel_inconsistency_max,0.19606499112260395,0.05275041779428173,0.1433145733283222,2.7168424311729527
ds004447,sub-021,ses-19,30,smr_snr_min,0.0009936727618072916,0.0010162209491657072,2.2548187358415513e-05,0.02218827249599485
ds004447,sub-021,ses-19,30,high_beta_max,1.0689771939033529e-12,8.892729354367528e-13,1.7970425846660005e-13,0.09511820928353949
ds004447,sub-021,ses-19,30,broadband_max,1.1675582175204868e-11,1.133831235437614e-11,3.3726982082872743e-13,0.02733516636163818
ds004447,sub-021,ses-19,30,noise_floor_max,5.912719668869947e-13,4.2418067421854e-13,1.6709129266845467e-13,0.11732450502471471
ds004447,sub-021,ses-19,30,transient_max,0.0001570689144731824,0.00013992017929350723,1.7148735179675173e-05,0.1225608425010794
ds004447,sub-021,ses-19,30,channel_inconsistency_max,0.08404845551136128,0.05275041779428173,0.03129803771707955,0.5933230299434521
ds004447,sub-021,ses-19,60,smr_snr_min,0.001007572232789165,0.0010162209491657072,8.64871637654206e-06,0.008510665298852364
ds004447,sub-021,ses-19,60,high_beta_max,8.935645251402425e-13,8.892729354367528e-13,4.291589703489682e-15,0.0022715562283210145
ds004447,sub-021,ses-19,60,broadband_max,1.1055102329577103e-11,1.133831235437614e-11,2.832100247990375e-13,0.022953708470396184
ds004447,sub-021,ses-19,60,noise_floor_max,4.552046587766837e-13,4.2418067421854e-13,3.1023984558143746e-14,0.02178374213311585
ds004447,sub-021,ses-19,60,transient_max,0.00011927962099641433,0.00013992017929350723,2.0640558297092902e-05,0.14751666452827386
ds004447,sub-021,ses-19,60,channel_inconsistency_max,0.10808363425989448,0.05275041779428173,0.05533321646561275,1.0489626201702242
ds004447,sub-021,ses-19,90,smr_snr_min,0.0010162209491657072,0.0010162209491657072,0.0,0.0
ds004447,sub-021,ses-19,90,high_beta_max,8.948727435925907e-13,8.892729354367528e-13,5.599808155837849e-15,0.0029640016806482825
ds004447,sub-021,ses-19,90,broadband_max,1.133831235437614e-11,1.133831235437614e-11,0.0,0.0
ds004447,sub-021,ses-19,90,noise_floor_max,4.349645952350525e-13,4.2418067421854e-13,1.0783921016512512e-14,0.00757201751977834
ds004447,sub-021,ses-19,90,transient_max,0.00011927962099641408,0.00013992017929350723,2.064055829709316e-05,0.1475166645282757
ds004447,sub-021,ses-19,90,channel_inconsistency_max,0.10490698591968374,0.05275041779428173,0.05215656812540201,0.9887422755174303
ds004447,sub-021,ses-19,120,smr_snr_min,0.0010162209491657072,0.0010162209491657072,0.0,0.0
ds004447,sub-021,ses-19,120,high_beta_max,8.892729354367528e-13,8.892729354367528e-13,0.0,0.0
ds004447,sub-021,ses-19,120,broadband_max,1.133831235437614e-11,1.133831235437614e-11,0.0,0.0
ds004447,sub-021,ses-19,120,noise_floor_max,4.2418067421854e-13,4.2418067421854e-13,0.0,0.0
ds004447,sub-021,ses-19,120,transient_max,0.00013992017929350723,0.00013992017929350723,0.0,0.0
ds004447,sub-021,ses-19,120,channel_inconsistency_max,0.05275041779428173,0.05275041779428173,0.0,0.0
ds004447,sub-022,ses-01,15,smr_snr_min,0.0003937021620310776,0.0004610962720931509,6.73941100620733e-05,0.1461606046172885
ds004447,sub-022,ses-01,15,high_beta_max,8.878025677895563e-13,7.486467017515574e-13,1.3915586603799882e-13,0.07957917737105576
ds004447,sub-022,ses-01,15,broadband_max,8.963741942604552e-12,8.207592245839464e-12,7.561496967650885e-13,0.08212241339279135
ds004447,sub-022,ses-01,15,noise_floor_max,6.340752215177026e-13,3.9605767016664065e-13,2.38017551351062e-13,0.17049263539567888
ds004447,sub-022,ses-01,15,transient_max,8.198266091401547e-05,5.999034749675756e-05,2.1992313417257908e-05,0.3665975272413458
ds004447,sub-022,ses-01,15,channel_inconsistency_max,0.8885419631823177,0.7255850696844153,0.16295689349790243,0.22458688898953508
ds004447,sub-022,ses-01,30,smr_snr_min,0.0003692263861869331,0.0004610962720931509,9.186988590621781e-05,0.19924230853121255
ds004447,sub-022,ses-01,30,high_beta_max,8.324953396679753e-13,7.486467017515574e-13,8.38486379164179e-14,0.04795058820768638
ds004447,sub-022,ses-01,30,broadband_max,9.019270174078574e-12,8.207592245839464e-12,8.116779282391101e-13,0.08815311392681126
ds004447,sub-022,ses-01,30,noise_floor_max,5.499323494810711e-13,3.9605767016664065e-13,1.5387467931443044e-13,0.11022086164682808
ds004447,sub-022,ses-01,30,transient_max,7.357762055390257e-05,5.999034749675756e-05,1.3587273057145007e-05,0.226490983926846
ds004447,sub-022,ses-01,30,channel_inconsistency_max,0.86877411253865,0.7255850696844153,0.14318904285423473,0.19734287382224636
ds004447,sub-022,ses-01,60,smr_snr_min,0.0003982621018973797,0.0004610962720931509,6.283417019577116e-05,0.13627126017363705
ds004447,sub-022,ses-01,60,high_beta_max,7.910463441678803e-13,7.486467017515574e-13,4.239964241632282e-14,0.024247117713288
ds004447,sub-022,ses-01,60,broadband_max,7.723910099583578e-12,8.207592245839464e-12,4.836821462558855e-13,0.05253079560234022
ds004447,sub-022,ses-01,60,noise_floor_max,4.526000270792202e-13,3.9605767016664065e-13,5.654235691257952e-14,0.04050144784192929
ds004447,sub-022,ses-01,60,transient_max,6.50359982879378e-05,5.999034749675756e-05,5.045650791180247e-06,0.08410770928348517
ds004447,sub-022,ses-01,60,channel_inconsistency_max,0.7855452545701462,0.7255850696844153,0.05996018488573096,0.08263701582466038
ds004447,sub-022,ses-01,90,smr_snr_min,0.0004298125654617506,0.0004610962720931509,3.128370663140026e-05,0.06784636627301542
ds004447,sub-022,ses-01,90,high_beta_max,7.578053831114234e-13,7.486467017515574e-13,9.158681359865963e-15,0.005237582497763577
ds004447,sub-022,ses-01,90,broadband_max,7.662678922841258e-12,8.207592245839464e-12,5.449133229982058e-13,0.059180870356680924
ds004447,sub-022,ses-01,90,noise_floor_max,4.157884271853266e-13,3.9605767016664065e-13,1.9730757018685948e-14,0.014133196242767524
ds004447,sub-022,ses-01,90,transient_max,5.855623748531324e-05,5.999034749675756e-05,1.4341100114443174e-06,0.023905678953037423
ds004447,sub-022,ses-01,90,channel_inconsistency_max,0.7429806183426511,0.7255850696844153,0.017395548658235782,0.023974512962040135
ds004447,sub-022,ses-01,120,smr_snr_min,0.0004610962720931509,0.0004610962720931509,0.0,0.0
ds004447,sub-022,ses-01,120,high_beta_max,7.486467017515574e-13,7.486467017515574e-13,0.0,0.0
ds004447,sub-022,ses-01,120,broadband_max,8.207592245839464e-12,8.207592245839464e-12,0.0,0.0
ds004447,sub-022,ses-01,120,noise_floor_max,3.9605767016664065e-13,3.9605767016664065e-13,0.0,0.0
ds004447,sub-022,ses-01,120,transient_max,5.999034749675756e-05,5.999034749675756e-05,0.0,0.0
ds004447,sub-022,ses-01,120,channel_inconsistency_max,0.7255850696844153,0.7255850696844153,0.0,0.0
ds004447,sub-022,ses-19,15,smr_snr_min,0.0005137431461230525,0.0004932784303588084,2.0464715764244084e-05,0.041487148967513134
ds004447,sub-022,ses-19,15,high_beta_max,1.4584287032062386e-12,7.07314160505539e-13,7.511145427006996e-13,0.4399392683993748
ds004447,sub-022,ses-19,15,broadband_max,8.714754850405995e-12,7.826942185114595e-12,8.878126652914001e-13,0.10057986635378355
ds004447,sub-022,ses-19,15,noise_floor_max,1.0923046879949965e-12,2.662549239388606e-13,8.260497640561359e-13,0.652356605640351
ds004447,sub-022,ses-19,15,transient_max,8.398975240711113e-05,4.331727571526624e-05,4.0672476691844885e-05,0.9389435296035298
ds004447,sub-022,ses-19,15,channel_inconsistency_max,0.7071421994309162,0.00025031044593306744,0.7068918889849831,2824.060672042205
ds004447,sub-022,ses-19,30,smr_snr_min,0.00042559168932831975,0.0004932784303588084,6.768674103048861e-05,0.13721812414144174
ds004447,sub-022,ses-19,30,high_beta_max,9.31122077891303e-13,7.07314160505539e-13,2.2380791738576394e-13,0.13108771810309006
ds004447,sub-022,ses-19,30,broadband_max,5.894456385208572e-12,7.826942185114595e-12,1.9324857999060233e-12,0.21893037921613337
ds004447,sub-022,ses-19,30,noise_floor_max,6.799206514877872e-13,2.662549239388606e-13,4.136657275489266e-13,0.3266843980058631
ds004447,sub-022,ses-19,30,transient_max,6.480660276188332e-05,4.331727571526624e-05,2.148932704661708e-05,0.4960913676053792
ds004447,sub-022,ses-19,30,channel_inconsistency_max,0.562172422472927,0.00025031044593306744,0.5619221120269939,2244.900757886669
ds004447,sub-022,ses-19,60,smr_snr_min,0.0004218753030423377,0.0004932784303588084,7.140312731647067e-05,0.1447521780341788
ds004447,sub-022,ses-19,60,high_beta_max,7.219657443471999e-13,7.07314160505539e-13,1.465158384166091e-14,0.00858165660461842
ds004447,sub-022,ses-19,60,broadband_max,6.2984206026812014e-12,7.826942185114595e-12,1.5285215824333937e-12,0.17316546889941478
ds004447,sub-022,ses-19,60,noise_floor_max,3.717664185923042e-13,2.662549239388606e-13,1.0551149465344362e-13,0.08332563424530312
ds004447,sub-022,ses-19,60,transient_max,4.374259653620164e-05,4.331727571526624e-05,4.253208209354002e-07,0.009818734075346546
ds004447,sub-022,ses-19,60,channel_inconsistency_max,0.5915865398158504,0.00025031044593306744,0.5913362293699174,2362.411304103658
ds004447,sub-022,ses-19,90,smr_snr_min,0.0004573445189457349,0.0004932784303588084,3.593391141307347e-05,0.072847116615434
ds004447,sub-022,ses-19,90,high_beta_max,6.970140828980176e-13,7.07314160505539e-13,1.0300077607521394e-14,0.006032912890777829
ds004447,sub-022,ses-19,90,broadband_max,7.471277368537883e-12,7.826942185114595e-12,3.5566481657671166e-13,0.040293094609420994
ds004447,sub-022,ses-19,90,noise_floor_max,2.906594603272723e-13,2.662549239388606e-13,2.4404536388411702e-14,0.019273004137664498
ds004447,sub-022,ses-19,90,transient_max,3.583162926680357e-05,4.331727571526624e-05,7.485646448462672e-06,0.17280971972609063
ds004447,sub-022,ses-19,90,channel_inconsistency_max,0.6088384721428661,0.00025031044593306744,0.6085881616969331,2431.333446740513
ds004447,sub-022,ses-19,120,smr_snr_min,0.0004932784303588084,0.0004932784303588084,0.0,0.0
ds004447,sub-022,ses-19,120,high_beta_max,7.07314160505539e-13,7.07314160505539e-13,0.0,0.0
ds004447,sub-022,ses-19,120,broadband_max,7.826942185114595e-12,7.826942185114595e-12,0.0,0.0
ds004447,sub-022,ses-19,120,noise_floor_max,2.662549239388606e-13,2.662549239388606e-13,0.0,0.0
ds004447,sub-022,ses-19,120,transient_max,4.331727571526624e-05,4.331727571526624e-05,0.0,0.0
ds004447,sub-022,ses-19,120,channel_inconsistency_max,0.00025031044593306744,0.00025031044593306744,0.0,0.0
ds004444,sub-001,ses-01,15,smr_snr_min,0.00012185960812718184,0.00010892947954494828,1.2930128582233565e-05,0.11870182908747208
ds004444,sub-001,ses-01,15,high_beta_max,1.9215124438540676e-13,2.0208353328496402e-13,9.932288899557256e-15,0.008262561315031943
ds004444,sub-001,ses-01,15,broadband_max,3.2453490954270778e-12,1.5399836801477951e-12,1.7053654152792826e-12,0.6714080206924998
ds004444,sub-001,ses-01,15,noise_floor_max,1.2156623296259966e-13,1.4620631986383624e-13,2.4640086901236583e-14,0.02149707820854077
ds004444,sub-001,ses-01,15,transient_max,4.6652643625543514e-05,4.878712748912822e-05,2.1344838635847078e-06,0.04375096320867416
ds004444,sub-001,ses-01,15,channel_inconsistency_max,0.8655177727403653,0.6305936387071722,0.23492413403319312,0.37254440833633584
ds004444,sub-001,ses-01,30,smr_snr_min,0.00010761833348326132,0.00010892947954494828,1.3111460616869574e-06,0.01203665027252132
ds004444,sub-001,ses-01,30,high_beta_max,1.947824558035767e-13,2.0208353328496402e-13,7.301077481387316e-15,0.0060736856293468035
ds004444,sub-001,ses-01,30,broadband_max,2.1553264141045105e-12,1.5399836801477951e-12,6.153427339567153e-13,0.24226247545059432
ds004444,sub-001,ses-01,30,noise_floor_max,1.331767096310417e-13,1.4620631986383624e-13,1.3029610232794548e-14,0.011367595874312054
ds004444,sub-001,ses-01,30,transient_max,4.625248798352054e-05,4.878712748912822e-05,2.5346395056076825e-06,0.05195303728876981
ds004444,sub-001,ses-01,30,channel_inconsistency_max,0.8397856836037773,0.6305936387071722,0.20919204489660503,0.3317382733596136
ds004444,sub-001,ses-01,60,smr_snr_min,9.011055581578679e-05,0.00010892947954494828,1.881892372916149e-05,0.172762448099586
ds004444,sub-001,ses-01,60,high_beta_max,1.6538053629710554e-13,2.0208353328496402e-13,3.670299698785848e-14,0.030532817372149898
ds004444,sub-001,ses-01,60,broadband_max,1.2297541500489263e-12,1.5399836801477951e-12,3.1022953009886884e-13,0.12213839503126941
ds004444,sub-001,ses-01,60,noise_floor_max,1.2222404824978667e-13,1.4620631986383624e-13,2.3982271614049572e-14,0.020923171682475587
ds004444,sub-001,ses-01,60,transient_max,4.655629205767897e-05,4.878712748912822e-05,2.2308354314492504e-06,0.04572590149359523
ds004444,sub-001,ses-01,60,channel_inconsistency_max,0.7286032858014583,0.6305936387071722,0.09800964709428606,0.1554244145168791
ds004444,sub-001,ses-01,90,smr_snr_min,9.118246172332226e-05,0.00010892947954494828,1.7747017821626016e-05,0.16292208255140764
ds004444,sub-001,ses-01,90,high_beta_max,1.6349990029209417e-13,2.0208353328496402e-13,3.858363299286985e-14,0.03209729767067966
ds004444,sub-001,ses-01,90,broadband_max,1.3687096849535194e-12,1.5399836801477951e-12,1.7127399519427575e-13,0.06743114002382479
ds004444,sub-001,ses-01,90,noise_floor_max,1.3009223886289233e-13,1.4620631986383624e-13,1.6114081000943917e-14,0.014058621664953124
ds004444,sub-001,ses-01,90,transient_max,4.9682680704966586e-05,4.878712748912822e-05,8.955532158383642e-07,0.018356342001926394
ds004444,sub-001,ses-01,90,channel_inconsistency_max,0.6833306058491837,0.6305936387071722,0.05273696714201148,0.08363066784188927
ds004444,sub-001,ses-01,120,smr_snr_min,9.287335073195704e-05,0.00010892947954494828,1.6056128812991235e-05,0.14739929661526194
ds004444,sub-001,ses-01,120,high_beta_max,1.6404035099124124e-13,2.0208353328496402e-13,3.804318229372278e-14,0.0316477027097786
ds004444,sub-001,ses-01,120,broadband_max,1.2441067003967722e-12,1.5399836801477951e-12,2.9587697975102294e-13,0.11648774835191329
ds004444,sub-001,ses-01,120,noise_floor_max,1.2880630243200283e-13,1.4620631986383624e-13,1.7400017431833412e-14,0.015180528261177667
ds004444,sub-001,ses-01,120,transient_max,4.751980773632438e-05,4.878712748912822e-05,1.2673197528038446e-06,0.025976518644384973
ds004444,sub-001,ses-01,120,channel_inconsistency_max,0.675769581051704,0.6305936387071722,0.045175942344531816,0.07164033946977137
ds004444,sub-001,ses-16,15,smr_snr_min,0.0005565408399801307,0.0005247345951369912,3.180624484313947e-05,0.060613965759627346
ds004444,sub-001,ses-16,15,high_beta_max,5.861224179825202e-13,4.858894723647522e-13,1.0023294561776802e-13,0.0674565285520531
ds004444,sub-001,ses-16,15,broadband_max,5.583443572630283e-12,6.535601823538898e-12,9.521582509086143e-13,0.12635463937788824
ds004444,sub-001,ses-16,15,noise_floor_max,4.953042434004412e-13,3.127433214300656e-13,1.825609219703756e-13,0.13906825423533586
ds004444,sub-001,ses-16,15,transient_max,6.966356450751525e-05,4.621259830624839e-05,2.3450966201266863e-05,0.5074582809302411
ds004444,sub-001,ses-16,15,channel_inconsistency_max,0.5861701242701123,0.5928139640224954,0.0066438397523831405,0.011207292937721387
ds004444,sub-001,ses-16,30,smr_snr_min,0.0004590881569082457,0.0005247345951369912,6.564643822874554e-05,0.12510407873241766
ds004444,sub-001,ses-16,30,high_beta_max,4.205555814876381e-13,4.858894723647522e-13,6.53338908771141e-14,0.04396954961470789
ds004444,sub-001,ses-16,30,broadband_max,5.1105284594694614e-12,6.535601823538898e-12,1.4250733640694363e-12,0.1891120838707197
ds004444,sub-001,ses-16,30,noise_floor_max,3.894289868979157e-13,3.127433214300656e-13,7.66856654678501e-14,0.05841634401484586
ds004444,sub-001,ses-16,30,transient_max,4.308466559853483e-05,4.621259830624839e-05,3.1279327077135595e-06,0.06768571243926183
ds004444,sub-001,ses-16,30,channel_inconsistency_max,0.7400997831661353,0.5928139640224954,0.14728581914363992,0.2484520070073829
ds004444,sub-001,ses-16,60,smr_snr_min,0.0004605282134156244,0.0005247345951369912,6.420638172136684e-05,0.1223597266009208
ds004444,sub-001,ses-16,60,high_beta_max,3.8416758555303715e-13,4.858894723647522e-13,1.0172188681171502e-13,0.06845858235325367
ds004444,sub-001,ses-16,60,broadband_max,5.436602803027326e-12,6.535601823538898e-12,1.098999020511572e-12,0.14584090909350303
ds004444,sub-001,ses-16,60,noise_floor_max,3.123656403512641e-13,3.127433214300656e-13,3.7768107880150104e-16,0.0002877036756812946
ds004444,sub-001,ses-16,60,transient_max,4.431402655069792e-05,4.621259830624839e-05,1.8985717555504647e-06,0.04108342279058429
ds004444,sub-001,ses-16,60,channel_inconsistency_max,0.7435502853056347,0.5928139640224954,0.1507363212831393,0.25427255501890483
ds004444,sub-001,ses-16,90,smr_snr_min,0.0004481246292316342,0.0005247345951369912,7.660996590535705e-05,0.1459975508940079
ds004444,sub-001,ses-16,90,high_beta_max,3.8998056878047224e-13,4.858894723647522e-13,9.590890358427993e-14,0.06454645878313113
ds004444,sub-001,ses-16,90,broadband_max,5.492702012406532e-12,6.535601823538898e-12,1.0428998111323653e-12,0.1383963531452349
ds004444,sub-001,ses-16,90,noise_floor_max,3.041275819601929e-13,3.127433214300656e-13,8.6157394698727e-15,0.00656315620062493
ds004444,sub-001,ses-16,90,transient_max,4.4893451438162655e-05,4.621259830624839e-05,1.3191468680857324e-06,0.02854517789280403
ds004444,sub-001,ses-16,90,channel_inconsistency_max,0.6864032755639629,0.5928139640224954,0.09358931154146743,0.15787298751579026
ds004444,sub-001,ses-16,120,smr_snr_min,0.00044018362627456576,0.0005247345951369912,8.455096886242548e-05,0.1611309212025958
ds004444,sub-001,ses-16,120,high_beta_max,4.039607987974083e-13,4.858894723647522e-13,8.192867356734386e-14,0.05513779799311495
ds004444,sub-001,ses-16,120,broadband_max,5.821252013105221e-12,6.535601823538898e-12,7.14349810433677e-13,0.0947966502426214
ds004444,sub-001,ses-16,120,noise_floor_max,3.0931280228523914e-13,3.127433214300656e-13,3.4305191448264866e-15,0.002613244408731309
ds004444,sub-001,ses-16,120,transient_max,4.3769849546044244e-05,4.621259830624839e-05,2.4427487602041428e-06,0.0528589345086646
ds004444,sub-001,ses-16,120,channel_inconsistency_max,0.6879216717028933,0.5928139640224954,0.09510770768039789,0.16043432417632528
ds004444,sub-002,ses-01,15,smr_snr_min,0.00043546052428690955,0.0004920907429697615,5.663021868285194e-05,0.11508084510187783
ds004444,sub-002,ses-01,15,high_beta_max,1.4572283915869135e-12,8.746125906947584e-13,5.826158008921552e-13,0.31079264258874384
ds004444,sub-002,ses-01,15,broadband_max,1.1892526462980073e-11,1.197165351837934e-11,7.912705539926777e-14,0.0060999976053287145
ds004444,sub-002,ses-01,15,noise_floor_max,3.5437182609379104e-13,2.5951308403451384e-13,9.48587420592772e-14,0.07531382028634634
ds004444,sub-002,ses-01,15,transient_max,0.0001903956942092011,0.00017824803845273486,1.2147655756466249e-05,0.06815029098643961
ds004444,sub-002,ses-01,15,channel_inconsistency_max,0.7531257840639676,0.21819499583216156,0.534930788231806,2.4516180409601604
ds004444,sub-002,ses-01,30,smr_snr_min,0.00044214185839616026,0.0004920907429697615,4.9948884573601234e-05,0.10150340193488895
ds004444,sub-002,ses-01,30,high_beta_max,1.1607254393472868e-12,8.746125906947584e-13,2.8611284865252845e-13,0.1526250544100373
ds004444,sub-002,ses-01,30,broadband_max,1.5257670763970152e-11,1.197165351837934e-11,3.2860172455908113e-12,0.25332292763870873
ds004444,sub-002,ses-01,30,noise_floor_max,3.563610868753373e-13,2.5951308403451384e-13,9.684800284082347e-14,0.07689320902534554
ds004444,sub-002,ses-01,30,transient_max,0.00029972459601739556,0.00017824803845273486,0.0001214765575646607,0.6815029098643861
ds004444,sub-002,ses-01,30,channel_inconsistency_max,0.41640587022373277,0.21819499583216156,0.1982108743915712,0.9084116417735316
ds004444,sub-002,ses-01,60,smr_snr_min,0.0004225125425052714,0.0004920907429697615,6.95782004644901e-05,0.14139302825164624
ds004444,sub-002,ses-01,60,high_beta_max,1.0116681461307496e-12,8.746125906947584e-13,1.3705555543599125e-13,0.07311140238591725
ds004444,sub-002,ses-01,60,broadband_max,1.1542950238985298e-11,1.197165351837934e-11,4.2870327939404223e-13,0.033049239157260796
ds004444,sub-002,ses-01,60,noise_floor_max,3.028365264284815e-13,2.5951308403451384e-13,4.332344239396767e-14,0.034396976850127346
ds004444,sub-002,ses-01,60,transient_max,0.0001714687704280153,0.00017824803845273486,6.779268024719549e-06,0.03803277750225788
ds004444,sub-002,ses-01,60,channel_inconsistency_max,0.3896890979979644,0.21819499583216156,0.17149410216580285,0.785967164420821
ds004444,sub-002,ses-01,90,smr_snr_min,0.00044214185839616026,0.0004920907429697615,4.9948884573601234e-05,0.10150340193488895
ds004444,sub-002,ses-01,90,high_beta_max,9.237444741001018e-13,8.746125906947584e-13,4.9131883405343475e-14,0.026209086426297018
ds004444,sub-002,ses-01,90,broadband_max,1.1222349909023892e-11,1.197165351837934e-11,7.493036093554492e-13,0.05776469501700552
ds004444,sub-002,ses-01,90,noise_floor_max,2.9939827531151143e-13,2.5951308403451384e-13,3.98851912769976e-14,0.03166715120515941
ds004444,sub-002,ses-01,90,transient_max,0.00021344300297550955,0.00017824803845273486,3.5194964522774694e-05,0.19744937801746296
ds004444,sub-002,ses-01,90,channel_inconsistency_max,0.39995503935500676,0.21819499583216156,0.1817600435228452,0.8330165539718627
ds004444,sub-002,ses-01,120,smr_snr_min,0.00044392155600105396,0.0004920907429697615,4.816918696870753e-05,0.09788679742301246
ds004444,sub-002,ses-01,120,high_beta_max,8.793558452470105e-13,8.746125906947584e-13,4.743254552252182e-15,0.0025302585589133723
ds004444,sub-002,ses-01,120,broadband_max,9.036626957740032e-12,1.197165351837934e-11,2.9350265606393084e-12,0.22626464363087662
ds004444,sub-002,ses-01,120,noise_floor_max,2.6857751820777466e-13,2.5951308403451384e-13,9.064434173260826e-15,0.0071967765068587704
ds004444,sub-002,ses-01,120,transient_max,0.00017916539162279667,0.00017824803845273486,9.173531700618174e-07,0.005146497952394407
ds004444,sub-002,ses-01,120,channel_inconsistency_max,0.420215019056993,0.21819499583216156,0.20202002322483142,0.925869186199403
ds004444,sub-002,ses-16,15,smr_snr_min,0.0005536672699130812,0.00044308199351886593,0.00011058527639421531,0.24958196848937114
ds004444,sub-002,ses-16,15,high_beta_max,8.906028690259405e-13,7.623928031871713e-13,1.282100658387692e-13,0.07274772434777863
ds004444,sub-002,ses-16,15,broadband_max,1.2631552178748648e-11,1.4901266493981262e-11,2.269714315232614e-12,0.14273795839417674
ds004444,sub-002,ses-16,15,noise_floor_max,3.419823789088962e-13,3.291366106917261e-13,1.2845768217170096e-14,0.009664746357776376
ds004444,sub-002,ses-16,15,transient_max,0.00010054118074311679,0.00012443339742122288,2.389221667810609e-05,0.19200807002978332
ds004444,sub-002,ses-16,15,channel_inconsistency_max,0.544594486379146,0.2689902923860022,0.2756041939931438,1.024587882140468
ds004444,sub-002,ses-16,30,smr_snr_min,0.0005473710618280842,0.00044308199351886593,0.00010428906830921823,0.23537193927833536
ds004444,sub-002,ses-16,30,high_beta_max,9.114573428536047e-13,7.623928031871713e-13,1.4906453966643345e-13,0.08458076962006429
ds004444,sub-002,ses-16,30,broadband_max,1.3164587391331065e-11,1.4901266493981262e-11,1.7366791026501971e-12,0.10921640130410631
ds004444,sub-002,ses-16,30,noise_floor_max,3.393596296076401e-13,3.291366106917261e-13,1.022301891591399e-14,0.0076914734224299165
ds004444,sub-002,ses-16,30,transient_max,0.0001001237882047785,0.00012443339742122288,2.4309609216444382e-05,0.1953624149535261
ds004444,sub-002,ses-16,30,channel_inconsistency_max,0.47176458147900324,0.2689902923860022,0.20277428909300105,0.7538349703760509
ds004444,sub-002,ses-16,60,smr_snr_min,0.0004961122913373023,0.00044308199351886593,5.303029781843639e-05,0.1196850661377494
ds004444,sub-002,ses-16,60,high_beta_max,8.701772256974048e-13,7.623928031871713e-13,1.0778442251023351e-13,0.06115800195921845
ds004444,sub-002,ses-16,60,broadband_max,1.3635936352680559e-11,1.4901266493981262e-11,1.265330141300703e-12,0.07957417365337781
ds004444,sub-002,ses-16,60,noise_floor_max,3.6334732936412134e-13,3.291366106917261e-13,3.4210718672395245e-14,0.025739053756551684
ds004444,sub-002,ses-16,60,transient_max,9.954952285038727e-05,0.00012443339742122288,2.4883874570835605e-05,0.1999774569091212
ds004444,sub-002,ses-16,60,channel_inconsistency_max,0.44654560138762844,0.2689902923860022,0.17755530900162625,0.6600807316353765
ds004444,sub-002,ses-16,90,smr_snr_min,0.0005159693615858944,0.00044308199351886593,7.288736806702846e-05,0.16450085755837454
ds004444,sub-002,ses-16,90,high_beta_max,8.678250769382138e-13,7.623928031871713e-13,1.0543227375104248e-13,0.05982336829813147
ds004444,sub-002,ses-16,90,broadband_max,1.670742894081319e-11,1.4901266493981262e-11,1.8061624468319284e-12,0.1135860748900456
ds004444,sub-002,ses-16,90,noise_floor_max,3.74738782477402e-13,3.291366106917261e-13,4.5602171785675923e-14,0.034309619807961704
ds004444,sub-002,ses-16,90,transient_max,0.00011834992904555058,0.00012443339742122288,6.0834683756723015e-06,0.04888935328342466
ds004444,sub-002,ses-16,90,channel_inconsistency_max,0.3544270816258392,0.2689902923860022,0.085436789239837,0.31762034414579254
ds004444,sub-002,ses-16,120,smr_snr_min,0.0005159693615858944,0.00044308199351886593,7.288736806702846e-05,0.16450085755837454
ds004444,sub-002,ses-16,120,high_beta_max,8.667632332027205e-13,7.623928031871713e-13,1.0437043001554919e-13,0.0592208671226994
ds004444,sub-002,ses-16,120,broadband_max,1.6850808238066554e-11,1.4901266493981262e-11,1.9495417440852927e-12,0.12260292252967445
ds004444,sub-002,ses-16,120,noise_floor_max,3.863855036438978e-13,3.291366106917261e-13,5.724889295217173e-14,0.043072241402166735
ds004444,sub-002,ses-16,120,transient_max,0.0001294803967345717,0.00012443339742122288,5.046999313348819e-06,0.04055984468304952
ds004444,sub-002,ses-16,120,channel_inconsistency_max,0.2811423904078898,0.2689902923860022,0.012152098021887603,0.04517671591064006
ds004444,sub-003,ses-01,15,smr_snr_min,0.0004992321378449718,0.0006549161919610776,0.0001556840541161058,0.23771599448810435
ds004444,sub-003,ses-01,15,high_beta_max,1.139059016331166e-12,1.1781631948280748e-12,3.910417849690876e-14,0.01795282308954601
ds004444,sub-003,ses-01,15,broadband_max,5.5602308088299144e-12,1.2278625233579707e-11,6.7183944247497925e-12,0.5059555719488154
ds004444,sub-003,ses-01,15,noise_floor_max,2.8779663496369513e-13,2.3317427011522196e-13,5.462236484847317e-14,0.04429411655123936
ds004444,sub-003,ses-01,15,transient_max,5.824361933318107e-05,6.669268290226632e-05,8.449063569085244e-06,0.12668651304342143
ds004444,sub-003,ses-01,15,channel_inconsistency_max,0.7625300568821275,0.6978045543858571,0.0647255024962704,0.09275591867287687
ds004444,sub-003,ses-01,30,smr_snr_min,0.0005234031299788945,0.0006549161919610776,0.00013151306198218315,0.2008089941822512
ds004444,sub-003,ses-01,30,high_beta_max,1.0521962837828066e-12,1.1781631948280748e-12,1.2596691104526815e-13,0.05783171405355184
ds004444,sub-003,ses-01,30,broadband_max,7.266621710999232e-12,1.2278625233579707e-11,5.012003522580475e-12,0.37744897791872684
ds004444,sub-003,ses-01,30,noise_floor_max,3.12545532215048e-13,2.3317427011522196e-13,7.937126209982605e-14,0.06436337833452362
ds004444,sub-003,ses-01,30,transient_max,6.364749301899775e-05,6.669268290226632e-05,3.0451898832685686e-06,0.04566002903303594
ds004444,sub-003,ses-01,30,channel_inconsistency_max,0.7087488484978663,0.6978045543858571,0.010944294112009256,0.015683896075493125
ds004444,sub-003,ses-01,60,smr_snr_min,0.0005222779277209195,0.0006549161919610776,0.0001326382642401581,0.20252708005349462
ds004444,sub-003,ses-01,60,high_beta_max,9.594922894418248e-13,1.1781631948280748e-12,2.1867090538625e-13,0.10039234245876145
ds004444,sub-003,ses-01,60,broadband_max,8.147788868871107e-12,1.2278625233579707e-11,4.1308363647086e-12,0.3110891596113668
ds004444,sub-003,ses-01,60,noise_floor_max,3.1058132000225717e-13,2.3317427011522196e-13,7.74070498870352e-14,0.06277056841268887
ds004444,sub-003,ses-01,60,transient_max,6.922046787212919e-05,6.669268290226632e-05,2.5277849698628714e-06,0.03790198297563151
ds004444,sub-003,ses-01,60,channel_inconsistency_max,0.6795589733982401,0.6978045543858571,0.01824558098761697,0.026147122246355778
ds004444,sub-003,ses-01,90,smr_snr_min,0.0005461697757652326,0.0006549161919610776,0.00010874641619584499,0.16604630846607865
ds004444,sub-003,ses-01,90,high_beta_max,9.35390322442036e-13,1.1781631948280748e-12,2.427728723860388e-13,0.11145761390261726
ds004444,sub-003,ses-01,90,broadband_max,9.356878004380606e-12,1.2278625233579707e-11,2.921747229199101e-12,0.22003386478672718
ds004444,sub-003,ses-01,90,noise_floor_max,2.800083494036331e-13,2.3317427011522196e-13,4.683407928841115e-14,0.03797847589216664
ds004444,sub-003,ses-01,90,transient_max,7.097572620737043e-05,6.669268290226632e-05,4.2830433051041175e-06,0.06422058694444854
ds004444,sub-003,ses-01,90,channel_inconsistency_max,0.717047950862917,0.6978045543858571,0.01924339647705986,0.027577057724950702
ds004444,sub-003,ses-01,120,smr_snr_min,0.0005853234463247623,0.0006549161919610776,6.959274563631533e-05,0.1062620628170226
ds004444,sub-003,ses-01,120,high_beta_max,9.36277115428376e-13,1.1781631948280748e-12,2.418860793996988e-13,0.11105048509406625
ds004444,sub-003,ses-01,120,broadband_max,9.913402670247313e-12,1.2278625233579707e-11,2.3652225633323943e-12,0.17812254821011828
ds004444,sub-003,ses-01,120,noise_floor_max,2.8016241025793146e-13,2.3317427011522196e-13,4.69881401427095e-14,0.038103406210639755
ds004444,sub-003,ses-01,120,transient_max,7.245021652552104e-05,6.669268290226632e-05,5.757533623254721e-06,0.0863293135974555
ds004444,sub-003,ses-01,120,channel_inconsistency_max,0.7009553488832652,0.6978045543858571,0.0031507944974080715,0.0045152965505887155
ds004444,sub-003,ses-16,15,smr_snr_min,0.001178538760919492,0.0012337777466368547,5.523898571736276e-05,0.044772233753742154
ds004444,sub-003,ses-16,15,high_beta_max,1.1944550701950105e-12,1.6785964050705898e-12,4.841413348755792e-13,0.18074441299148258
ds004444,sub-003,ses-16,15,broadband_max,1.9472074366204386e-11,1.841418911914325e-11,1.0578852470611369e-12,0.05449031327391445
ds004444,sub-003,ses-16,15,noise_floor_max,3.7264597854887683e-13,2.857179973961983e-13,8.692798115267856e-14,0.06761045682546467
ds004444,sub-003,ses-16,15,transient_max,8.119122728313153e-05,5.1326669459067835e-05,2.986455782406369e-05,0.5818526227583801
ds004444,sub-003,ses-16,15,channel_inconsistency_max,0.8372049291138304,0.6584322526378571,0.17877267647597328,0.2715126359006416
ds004444,sub-003,ses-16,30,smr_snr_min,0.0013037951621933668,0.0012337777466368547,7.001741555651207e-05,0.056750428260374755
ds004444,sub-003,ses-16,30,high_beta_max,1.3106183236235502e-12,1.6785964050705898e-12,3.6797808144703955e-13,0.13737720275830137
ds004444,sub-003,ses-16,30,broadband_max,1.5678086149040076e-11,1.841418911914325e-11,2.7361029701031733e-12,0.14093315735784478
ds004444,sub-003,ses-16,30,noise_floor_max,2.754219769325231e-13,2.857179973961983e-13,1.0296020463675175e-14,0.008007992798208007
ds004444,sub-003,ses-16,30,transient_max,7.941475532158354e-05,5.1326669459067835e-05,2.8088085862515705e-05,0.5472415337152151
ds004444,sub-003,ses-16,30,channel_inconsistency_max,0.7676787369395486,0.6584322526378571,0.10924648430169148,0.1659190962530385
ds004444,sub-003,ses-16,60,smr_snr_min,0.0010793756140876024,0.0012337777466368547,0.00015440213254925227,0.1251458237474213
ds004444,sub-003,ses-16,60,high_beta_max,1.5194880771015934e-12,1.6785964050705898e-12,1.5910832796899634e-13,0.059399888563952334
ds004444,sub-003,ses-16,60,broadband_max,1.4549040378228055e-11,1.841418911914325e-11,3.8651487409151945e-12,0.199088858009732
ds004444,sub-003,ses-16,60,noise_floor_max,2.5948612955739654e-13,2.857179973961983e-13,2.6231867838801736e-14,0.02040250497537237
ds004444,sub-003,ses-16,60,transient_max,7.613289616235565e-05,5.1326669459067835e-05,2.4806226703287815e-05,0.4833009131786634
ds004444,sub-003,ses-16,60,channel_inconsistency_max,0.7428716373312163,0.6584322526378571,0.08443938469335921,0.12824308705253126
ds004444,sub-003,ses-16,90,smr_snr_min,0.001142885324272916,0.0012337777466368547,9.089242236393871e-05,0.07367001272152271
ds004444,sub-003,ses-16,90,high_beta_max,1.5238380709980669e-12,1.6785964050705898e-12,1.547583340725229e-13,0.05777590598552473
ds004444,sub-003,ses-16,90,broadband_max,1.685883102342921e-11,1.841418911914325e-11,1.5553580957140392e-12,0.08011450213907659
ds004444,sub-003,ses-16,90,noise_floor_max,2.579610228910981e-13,2.857179973961983e-13,2.7756974505100167e-14,0.0215886956247893
ds004444,sub-003,ses-16,90,transient_max,6.690266727702719e-05,5.1326669459067835e-05,1.5575997817959354e-05,0.30346791791961164
ds004444,sub-003,ses-16,90,channel_inconsistency_max,0.7450470226749858,0.6584322526378571,0.0866147700371287,0.13154697342056837
ds004444,sub-003,ses-16,120,smr_snr_min,0.0011590247947311353,0.0012337777466368547,7.475295190571937e-05,0.06058866927118697
ds004444,sub-003,ses-16,120,high_beta_max,1.6548192878411225e-12,1.6785964050705898e-12,2.3777117229467226e-14,0.008876707660944025
ds004444,sub-003,ses-16,120,broadband_max,1.7255144123478777e-11,1.841418911914325e-11,1.159044995664472e-12,0.059700922276563304
ds004444,sub-003,ses-16,120,noise_floor_max,2.6013081853783973e-13,2.857179973961983e-13,2.5587178858358552e-14,0.019901081660346223
ds004444,sub-003,ses-16,120,transient_max,6.115941374837839e-05,5.1326669459067835e-05,9.832744289310553e-06,0.19157183198064642
ds004444,sub-003,ses-16,120,channel_inconsistency_max,0.7443312030845435,0.6584322526378571,0.08589895044668638,0.13045981587691305
ds004444,sub-004,ses-01,15,smr_snr_min,0.0013831704499039279,0.0017375478824069993,0.00035437743250307146,0.20395261384578653
ds004444,sub-004,ses-01,15,high_beta_max,2.282926136262299e-12,1.9795329589714606e-12,3.0339317729083854e-13,0.10182574969587527
ds004444,sub-004,ses-01,15,broadband_max,1.6338780696261676e-11,1.7077085054300793e-11,7.38304358039117e-13,0.04084200277983779
ds004444,sub-004,ses-01,15,noise_floor_max,1.359162818932314e-12,1.0252459876586523e-12,3.3391683127366173e-13,0.16487717211068098
ds004444,sub-004,ses-01,15,transient_max,8.78041232318607e-05,0.00011360507988097975,2.5800956649119056e-05,0.22711093948473887
ds004444,sub-004,ses-01,15,channel_inconsistency_max,0.9826978300142903,0.500200044622781,0.48249778539150934,0.9646096408376249
ds004444,sub-004,ses-01,30,smr_snr_min,0.0020916096455914418,0.0017375478824069993,0.0003540617631844424,0.20377093866915194
ds004444,sub-004,ses-01,30,high_beta_max,2.0996858313412723e-12,1.9795329589714606e-12,1.2015287236981172e-13,0.040326075940199935
ds004444,sub-004,ses-01,30,broadband_max,1.667471523405945e-11,1.7077085054300793e-11,4.0236982024134336e-13,0.02225855656665254
ds004444,sub-004,ses-01,30,noise_floor_max,1.2770158927270098e-12,1.0252459876586523e-12,2.5176990506835754e-13,0.12431571601799535
ds004444,sub-004,ses-01,30,transient_max,0.0001321507763790339,0.00011360507988097975,1.8545696498054157e-05,0.16324706918244145
ds004444,sub-004,ses-01,30,channel_inconsistency_max,0.9328839033744207,0.500200044622781,0.4326838587516397,0.8650216316495479
ds004444,sub-004,ses-01,60,smr_snr_min,0.0017747412874854881,0.0017375478824069993,3.71934050784888e-05,0.021405686389234718
ds004444,sub-004,ses-01,60,high_beta_max,1.9943263701106396e-12,1.9795329589714606e-12,1.4793411139178973e-14,0.004965010067982494
ds004444,sub-004,ses-01,60,broadband_max,1.6530213081877507e-11,1.7077085054300793e-11,5.468719724232859e-13,0.030252221017966468
ds004444,sub-004,ses-01,60,noise_floor_max,1.129366892728817e-12,1.0252459876586523e-12,1.0412090507016467e-13,0.05141148566872947
ds004444,sub-004,ses-01,60,transient_max,0.00012475717051956993,0.00011360507988097975,1.115209063859017e-05,0.09816542140640562
ds004444,sub-004,ses-01,60,channel_inconsistency_max,0.869804914249759,0.500200044622781,0.369604869626978,0.7389141076646076
ds004444,sub-004,ses-01,90,smr_snr_min,0.0016694598325784045,0.0017375478824069993,6.808804982859481e-05,0.0391862868809619
ds004444,sub-004,ses-01,90,high_beta_max,1.836478881002256e-12,1.9795329589714606e-12,1.430540779692046e-13,0.04801224887896092
ds004444,sub-004,ses-01,90,broadband_max,1.5600870707755027e-11,1.7077085054300793e-11,1.4762143465457664e-12,0.08166218956825422
ds004444,sub-004,ses-01,90,noise_floor_max,1.0425448144266095e-12,1.0252459876586523e-12,1.729882676795726e-14,0.008541592909390775
ds004444,sub-004,ses-01,90,transient_max,0.00012323974868390958,0.00011360507988097975,9.634668802929822e-06,0.08480843223045405
ds004444,sub-004,ses-01,90,channel_inconsistency_max,0.8125919583008553,0.500200044622781,0.3123919136780743,0.6245339580348015
ds004444,sub-004,ses-01,120,smr_snr_min,0.001638496458445126,0.0017375478824069993,9.905142396187338e-05,0.05700644276211397
ds004444,sub-004,ses-01,120,high_beta_max,1.8268594350849414e-12,1.9795329589714606e-12,1.5267352388651918e-13,0.051240756853121815
ds004444,sub-004,ses-01,120,broadband_max,1.5390375616961553e-11,1.7077085054300793e-11,1.6867094373392397e-12,0.09330649450797089
ds004444,sub-004,ses-01,120,noise_floor_max,1.0950891151181783e-12,1.0252459876586523e-12,6.984312745952605e-14,0.03448624408350036
ds004444,sub-004,ses-01,120,transient_max,0.00011550089732204183,0.00011360507988097975,1.8958174410620729e-06,0.01668778743310132
ds004444,sub-004,ses-01,120,channel_inconsistency_max,0.82733410512143,0.500200044622781,0.327134060498649,0.654006460044798
ds004444,sub-004,ses-16,15,smr_snr_min,0.0015340044781725795,0.002259197592253925,0.0007251931140813453,0.3209958775836198
ds004444,sub-004,ses-16,15,high_beta_max,1.7007801981358833e-12,1.971161387332497e-12,2.7038118919661366e-13,0.09100185212064882
ds004444,sub-004,ses-16,15,broadband_max,1.649249904862685e-11,2.503780814316685e-11,8.54530909454e-12,0.3281884960344698
ds004444,sub-004,ses-16,15,noise_floor_max,7.882137378015901e-13,4.897649413014594e-13,2.984487965001307e-13,0.20033280971117876
ds004444,sub-004,ses-16,15,transient_max,7.207154650186893e-05,7.621587060349477e-05,4.144324101625847e-06,0.05437612946534636
ds004444,sub-004,ses-16,15,channel_inconsistency_max,0.7882247439044738,0.054492826414756,0.7337319174897179,13.464743265318448
ds004444,sub-004,ses-16,30,smr_snr_min,0.0017371788843305097,0.002259197592253925,0.0005220187079234152,0.231063767720977
ds004444,sub-004,ses-16,30,high_beta_max,1.7669019065841555e-12,1.971161387332497e-12,2.042594807483415e-13,0.06874735301124968
ds004444,sub-004,ses-16,30,broadband_max,2.2654936077654372e-11,2.503780814316685e-11,2.3828720655124778e-12,0.09151584697185118
ds004444,sub-004,ses-16,30,noise_floor_max,6.592788054367357e-13,4.897649413014594e-13,1.6951386413527625e-13,0.11378564459114526
ds004444,sub-004,ses-16,30,transient_max,6.926943709468255e-05,7.621587060349477e-05,6.946433508812219e-06,0.0911415609723697
ds004444,sub-004,ses-16,30,channel_inconsistency_max,0.7923392521599817,0.054492826414756,0.7378464257452257,13.54024876808162
ds004444,sub-004,ses-16,60,smr_snr_min,0.0018896073106539064,0.002259197592253925,0.0003695902816000184,0.16359360628907943
ds004444,sub-004,ses-16,60,high_beta_max,1.8814513169674302e-12,1.971161387332497e-12,8.971007036506678e-14,0.030193604005337563
ds004444,sub-004,ses-16,60,broadband_max,2.3745166335371397e-11,2.503780814316685e-11,1.292641807795453e-12,0.04964480115561046
ds004444,sub-004,ses-16,60,noise_floor_max,6.578384281297573e-13,4.897649413014594e-13,1.6807348682829784e-13,0.11281879588431498
ds004444,sub-004,ses-16,60,transient_max,6.882443732356796e-05,7.621587060349477e-05,7.3914332799268135e-06,0.09698023685119006
ds004444,sub-004,ses-16,60,channel_inconsistency_max,0.7970480960998492,0.054492826414756,0.7425552696850932,13.626660948355426
ds004444,sub-004,ses-16,90,smr_snr_min,0.0022357874704491947,0.002259197592253925,2.3410121804730115e-05,0.010362140024685707
ds004444,sub-004,ses-16,90,high_beta_max,1.858018061673212e-12,1.971161387332497e-12,1.1314332565928512e-13,0.03808050486307141
ds004444,sub-004,ses-16,90,broadband_max,2.4785943402869477e-11,2.503780814316685e-11,2.5186474029737297e-13,0.009673039255551559
ds004444,sub-004,ses-16,90,noise_floor_max,6.102689269895001e-13,4.897649413014594e-13,1.205039856880407e-13,0.08088791885703012
ds004444,sub-004,ses-16,90,transient_max,7.183257877470095e-05,7.621587060349477e-05,4.383291828793825e-06,0.05751153580710131
ds004444,sub-004,ses-16,90,channel_inconsistency_max,0.7612888924346923,0.054492826414756,0.7067960660199364,12.970442395984328
ds004444,sub-004,ses-16,120,smr_snr_min,0.0023493641874732076,0.002259197592253925,9.016659521928275e-05,0.0399108938007568
ds004444,sub-004,ses-16,120,high_beta_max,1.8988386414728956e-12,1.971161387332497e-12,7.232274585960138e-14,0.024341574364808438
ds004444,sub-004,ses-16,120,broadband_max,2.5442029932162434e-11,2.503780814316685e-11,4.0422178899558404e-13,0.01552441690840497
ds004444,sub-004,ses-16,120,noise_floor_max,5.695282830315439e-13,4.897649413014594e-13,7.976334173008449e-14,0.05354089059204413
ds004444,sub-004,ses-16,120,transient_max,7.31074577706573e-05,7.621587060349477e-05,3.10841283283748e-06,0.04078432441222581
ds004444,sub-004,ses-16,120,channel_inconsistency_max,0.7464796644352414,0.054492826414756,0.6919868380204854,12.698677670725575
ds004444,sub-005,ses-01,15,smr_snr_min,0.0008970617055316818,0.0003167007717045395,0.0005803609338271423,1.8325213698438934
ds004444,sub-005,ses-01,15,high_beta_max,2.3253435691071818e-12,5.098128250237249e-13,1.8155307440834568e-12,1.2024872977582026
ds004444,sub-005,ses-01,15,broadband_max,5.15745303276502e-11,1.589705210903596e-11,3.5677478218614244e-11,2.1114616909736084
ds004444,sub-005,ses-01,15,noise_floor_max,1.903649343029767e-11,3.0363471385472935e-12,1.6000146291750376e-11,3.9640164095273844
ds004444,sub-005,ses-01,15,transient_max,0.0005308509951781489,0.0003847380543984129,0.00014611294077973601,0.37977251984711974
ds004444,sub-005,ses-01,15,channel_inconsistency_max,0.3537046119198083,0.0895262934492918,0.2641783184705165,2.95084615132869
ds004444,sub-005,ses-01,30,smr_snr_min,0.0004602860244473882,0.0003167007717045395,0.00014358525274284868,0.4533782835976976
ds004444,sub-005,ses-01,30,high_beta_max,1.2425274392467757e-12,5.098128250237249e-13,7.327146142230508e-13,0.48530162287602574
ds004444,sub-005,ses-01,30,broadband_max,3.3778071322021693e-11,1.589705210903596e-11,1.7881019212985735e-11,1.0582330632349524
ds004444,sub-005,ses-01,30,noise_floor_max,6.2011005551124154e-12,3.0363471385472935e-12,3.164753416565122e-12,0.7840637358322298
ds004444,sub-005,ses-01,30,transient_max,0.00046558309750514956,0.0003847380543984129,8.084504310673668e-05,0.21013009233780666
ds004444,sub-005,ses-01,30,channel_inconsistency_max,0.13426566730483036,0.0895262934492918,0.044739373855538556,0.4997344593561159
ds004444,sub-005,ses-01,60,smr_snr_min,0.0003158534670631308,0.0003167007717045395,8.473046414087253e-07,0.0026754107171036282
ds004444,sub-005,ses-01,60,high_beta_max,5.371604912715699e-13,5.098128250237249e-13,2.7347666247844933e-14,0.018113282517265142
ds004444,sub-005,ses-01,60,broadband_max,3.020137304633113e-11,1.589705210903596e-11,1.4304320937295171e-11,0.8465571890877768
ds004444,sub-005,ses-01,60,noise_floor_max,2.2172153158715476e-12,3.0363471385472935e-12,8.191318226757459e-13,0.20293889364792259
ds004444,sub-005,ses-01,60,transient_max,0.000368814294224461,0.0003847380543984129,1.592376017395188e-05,0.04138857581286608
ds004444,sub-005,ses-01,60,channel_inconsistency_max,0.15513757973114686,0.0895262934492918,0.06561128628185506,0.7328716933677678
ds004444,sub-005,ses-01,90,smr_snr_min,0.0003098857897188496,0.0003167007717045395,6.814981985689926e-06,0.02151867811212398
ds004444,sub-005,ses-01,90,high_beta_max,4.67360060774381e-13,5.098128250237249e-13,4.245276424934398e-14,0.028117898818800197
ds004444,sub-005,ses-01,90,broadband_max,2.5834961633104435e-11,1.589705210903596e-11,9.937909524068476e-12,0.5881445745648157
ds004444,sub-005,ses-01,90,noise_floor_max,1.9427572242382047e-12,3.0363471385472935e-12,1.0935899143090888e-12,0.2709355456237291
ds004444,sub-005,ses-01,90,transient_max,0.0003319549533836881,0.0003847380543984129,5.278310101472478e-05,0.1371923059705274
ds004444,sub-005,ses-01,90,channel_inconsistency_max,0.1712673974356244,0.0895262934492918,0.08174110398633261,0.9130401900500682
ds004444,sub-005,ses-01,120,smr_snr_min,0.0003098857897188496,0.0003167007717045395,6.814981985689926e-06,0.02151867811212398
ds004444,sub-005,ses-01,120,high_beta_max,4.4560719063128943e-13,5.098128250237249e-13,6.420563439243551e-14,0.04252555901518892
ds004444,sub-005,ses-01,120,broadband_max,2.1972172088634955e-11,1.589705210903596e-11,6.075119979598996e-12,0.35953726960161486
ds004444,sub-005,ses-01,120,noise_floor_max,1.972141335920248e-12,3.0363471385472935e-12,1.0642058026270456e-12,0.2636556683799154
ds004444,sub-005,ses-01,120,transient_max,0.0003323853181811245,0.0003847380543984129,5.235273621728839e-05,0.13607371426534573
ds004444,sub-005,ses-01,120,channel_inconsistency_max,0.15198661528745183,0.0895262934492918,0.06246032183816003,0.6976757266605729
ds004444,sub-005,ses-16,15,smr_snr_min,0.00042433972002031825,0.00035777331678805394,6.656640323226431e-05,0.18605748367098315
ds004444,sub-005,ses-16,15,high_beta_max,3.1138713086605825e-13,1.1238950139965121e-12,8.125078831304539e-13,0.3825555772653592
ds004444,sub-005,ses-16,15,broadband_max,5.607104144888914e-11,1.1228748693158455e-11,4.4842292755730685e-11,3.666956765643433
ds004444,sub-005,ses-16,15,noise_floor_max,2.8102489146056843e-13,7.036546302179614e-13,4.22629738757393e-13,0.24807242692336226
ds004444,sub-005,ses-16,15,transient_max,0.00032987299858091093,0.00027122993835355176,5.8643060227359166e-05,0.21621160395171998
ds004444,sub-005,ses-16,15,channel_inconsistency_max,0.139990774246521,0.00045823369998075544,0.13953254054654027,304.5008262113839
ds004444,sub-005,ses-16,30,smr_snr_min,0.0003976351693972473,0.00035777331678805394,3.986185260919335e-05,0.11141650488538565
ds004444,sub-005,ses-16,30,high_beta_max,3.5146621343083567e-13,1.1238950139965121e-12,7.724288005656765e-13,0.3636850199634891
ds004444,sub-005,ses-16,30,broadband_max,2.816378061637603e-11,1.1228748693158455e-11,1.6935031923217577e-11,1.3848540311153927
ds004444,sub-005,ses-16,30,noise_floor_max,2.2414129069392855e-13,7.036546302179614e-13,4.795133395240329e-13,0.2814615891148578
ds004444,sub-005,ses-16,30,transient_max,0.0002754390930189974,0.00027122993835355176,4.209154665445625e-06,0.015518768597145677
ds004444,sub-005,ses-16,30,channel_inconsistency_max,0.12183625044306942,0.00045823369998075544,0.12137801674308867,264.88234384180794
ds004444,sub-005,ses-16,60,smr_snr_min,0.000372435318565478,0.00035777331678805394,1.466200177742405e-05,0.04098126117417696
ds004444,sub-005,ses-16,60,high_beta_max,4.3256620718383897e-13,1.1238950139965121e-12,6.913288068126732e-13,0.32550046130190147
ds004444,sub-005,ses-16,60,broadband_max,1.749353752049017e-11,1.1228748693158455e-11,6.264788827331716e-12,0.5123000712932011
ds004444,sub-005,ses-16,60,noise_floor_max,2.9505732093060523e-13,7.036546302179614e-13,4.0859730928735617e-13,0.23983576368121118
ds004444,sub-005,ses-16,60,transient_max,0.00022430265888456562,0.00027122993835355176,4.692727946898614e-05,0.17301659094431984
ds004444,sub-005,ses-16,60,channel_inconsistency_max,0.14319426398216933,0.00045823369998075544,0.1427360302821886,311.491778052752
ds004444,sub-005,ses-16,90,smr_snr_min,0.0003644584419539397,0.00035777331678805394,6.685125165885775e-06,0.018685365379444156
ds004444,sub-005,ses-16,90,high_beta_max,6.828767521003779e-13,1.1238950139965121e-12,4.410182618961342e-13,0.20764598014017394
ds004444,sub-005,ses-16,90,broadband_max,1.6468339192178494e-11,1.1228748693158455e-11,5.239590499020039e-12,0.42846497466673766
ds004444,sub-005,ses-16,90,noise_floor_max,4.654400403376597e-13,7.036546302179614e-13,2.3821458988030175e-13,0.1398256346415853
ds004444,sub-005,ses-16,90,transient_max,0.00022522969642175945,0.00027122993835355176,4.6000241931792315e-05,0.16959868826217742
ds004444,sub-005,ses-16,90,channel_inconsistency_max,0.16859873387944252,0.00045823369998075544,0.16814050017946178,366.93176390036666
ds004444,sub-005,ses-16,120,smr_snr_min,0.00035949870314896254,0.00035777331678805394,1.7253863609085996e-06,0.00482256857938949
ds004444,sub-005,ses-16,120,high_beta_max,8.48307234525871e-13,1.1238950139965121e-12,2.7558777947064117e-13,0.12975583899133997
ds004444,sub-005,ses-16,120,broadband_max,1.2221437389869196e-11,1.1228748693158455e-11,9.926886967107413e-13,0.08117663725202849
ds004444,sub-005,ses-16,120,noise_floor_max,5.870773596548003e-13,7.036546302179614e-13,1.1657727056316115e-13,0.0684277602369716
ds004444,sub-005,ses-16,120,transient_max,0.00022116595620660706,0.00027122993835355176,5.00639821469447e-05,0.1845813270698175
ds004444,sub-005,ses-16,120,channel_inconsistency_max,0.19653117792228914,0.00045823369998075544,0.1960729442223084,427.88852893764556
ds004444,sub-006,ses-01,15,smr_snr_min,0.0004494264349006149,0.0004853177580171797,3.589132311656478e-05,0.07395427521393107
ds004444,sub-006,ses-01,15,high_beta_max,5.207842018649498e-13,6.443232409738277e-13,1.2353903910887785e-13,0.07513062883895844
ds004444,sub-006,ses-01,15,broadband_max,4.823777536801431e-12,1.092853880871291e-11,6.104761271911479e-12,0.5117777935594597
ds004444,sub-006,ses-01,15,noise_floor_max,3.789550212557744e-13,4.283287658256636e-13,4.9373744569889176e-14,0.034567492968853045
ds004444,sub-006,ses-01,15,transient_max,9.969732668039952e-05,0.00010146999386587296,1.7726671854734362e-06,0.017469865725494693
ds004444,sub-006,ses-01,15,channel_inconsistency_max,0.8133593257928425,0.043218785629355626,0.7701405401634869,17.81957842939859
ds004444,sub-006,ses-01,30,smr_snr_min,0.0003709993007019604,0.0004853177580171797,0.0001143184573152193,0.2355538308483217
ds004444,sub-006,ses-01,30,high_beta_max,4.737254704333855e-13,6.443232409738277e-13,1.7059777054044215e-13,0.1037495343308582
ds004444,sub-006,ses-01,30,broadband_max,6.8037641555937055e-12,1.092853880871291e-11,4.124774653119204e-12,0.3457904374764127
ds004444,sub-006,ses-01,30,noise_floor_max,3.1350911942508837e-13,4.283287658256636e-13,1.1481964640057522e-13,0.080387407400706
ds004444,sub-006,ses-01,30,transient_max,9.916291966124944e-05,0.00010146999386587296,2.307074204623515e-06,0.022736516422151166
ds004444,sub-006,ses-01,30,channel_inconsistency_max,0.7113267860573456,0.043218785629355626,0.6681080004279899,15.458740699986956
ds004444,sub-006,ses-01,60,smr_snr_min,0.00036822013880758754,0.0004853177580171797,0.00011709761920959216,0.24128030972270076
ds004444,sub-006,ses-01,60,high_beta_max,4.886956425429711e-13,6.443232409738277e-13,1.556275984308566e-13,0.09464538027127094
ds004444,sub-006,ses-01,60,broadband_max,6.3784751421548795e-12,1.092853880871291e-11,4.55006366655803e-12,0.38144350615974415
ds004444,sub-006,ses-01,60,noise_floor_max,3.5617738620611646e-13,4.283287658256636e-13,7.215137961954713e-14,0.0505145463326429
ds004444,sub-006,ses-01,60,transient_max,9.003889738307748e-05,0.00010146999386587296,1.1431096482795473e-05,0.1126549429504313
ds004444,sub-006,ses-01,60,channel_inconsistency_max,0.6202835854458798,0.043218785629355626,0.5770647998165241,13.352175249718504
ds004444,sub-006,ses-01,90,smr_snr_min,0.00037824560463712903,0.0004853177580171797,0.00010707215338005068,0.22062278041686179
ds004444,sub-006,ses-01,90,high_beta_max,5.595968622315266e-13,6.443232409738277e-13,8.472637874230101e-14,0.05152659564193898
ds004444,sub-006,ses-01,90,broadband_max,7.188638113825372e-12,1.092853880871291e-11,3.739900694887537e-12,0.3135254665186501
ds004444,sub-006,ses-01,90,noise_floor_max,3.739102463766221e-13,4.283287658256636e-13,5.441851944904152e-14,0.038099435333842205
ds004444,sub-006,ses-01,90,transient_max,9.447056534676099e-05,0.00010146999386587296,6.999428519111964e-06,0.06898027863669537
ds004444,sub-006,ses-01,90,channel_inconsistency_max,0.6535454952813462,0.043218785629355626,0.6103267096519905,14.12179219638496
ds004444,sub-006,ses-01,120,smr_snr_min,0.000397557215509745,0.0004853177580171797,8.776054250743469e-05,0.18083109648647344
ds004444,sub-006,ses-01,120,high_beta_max,5.69345696650804e-13,6.443232409738277e-13,7.497754432302366e-14,0.045597813407185835
ds004444,sub-006,ses-01,120,broadband_max,7.69302689116977e-12,1.092853880871291e-11,3.2355119175431394e-12,0.2712412617696175
ds004444,sub-006,ses-01,120,noise_floor_max,3.6504645802654345e-13,4.283287658256636e-13,6.328230779912014e-14,0.04430514130445241
ds004444,sub-006,ses-01,120,transient_max,9.668639932860275e-05,0.00010146999386587296,4.783594537270203e-06,0.047142946479827336
ds004444,sub-006,ses-01,120,channel_inconsistency_max,0.6355750572263894,0.043218785629355626,0.5923562715970337,13.705990646367903
ds004444,sub-006,ses-16,15,smr_snr_min,0.0002928525658334977,0.0004329946385602689,0.00014014207272677122,0.32365775444493633
ds004444,sub-006,ses-16,15,high_beta_max,3.9287392436674065e-13,4.867334411059293e-13,9.38595167391887e-14,0.06313136850501584
ds004444,sub-006,ses-16,15,broadband_max,5.488974698234596e-12,6.803759863678366e-12,1.3147851654437701e-12,0.16848098716661886
ds004444,sub-006,ses-16,15,noise_floor_max,3.1938699418143204e-13,4.0820731912727817e-13,8.882032494584613e-14,0.06307332999866214
ds004444,sub-006,ses-16,15,transient_max,9.943028262760357e-05,0.00011168403088426032,1.2253748256656742e-05,0.10971799683374135
ds004444,sub-006,ses-16,15,channel_inconsistency_max,0.7270737835597787,0.43586537642689854,0.29120840713288015,0.6681154844632452
ds004444,sub-006,ses-16,30,smr_snr_min,0.00033302245093102487,0.0004329946385602689,9.997218762924405e-05,0.23088550872309085
ds004444,sub-006,ses-16,30,high_beta_max,5.200064351202093e-13,4.867334411059293e-13,3.3272994014279995e-14,0.022379932470967607
ds004444,sub-006,ses-16,30,broadband_max,7.860973073124256e-12,6.803759863678366e-12,1.05721320944589e-12,0.13547485159897832
ds004444,sub-006,ses-16,30,noise_floor_max,3.4774031473637323e-13,4.0820731912727817e-13,6.046700439090494e-14,0.042938993122389635
ds004444,sub-006,ses-16,30,transient_max,0.00010514987899595635,0.00011168403088426032,6.534151888303965e-06,0.05850569484342575
ds004444,sub-006,ses-16,30,channel_inconsistency_max,0.7247450056613243,0.43586537642689854,0.2888796292344257,0.6627726010308888
ds004444,sub-006,ses-16,60,smr_snr_min,0.000339584921268418,0.0004329946385602689,9.340971729185094e-05,0.21572950045458741
ds004444,sub-006,ses-16,60,high_beta_max,4.619284383618822e-13,4.867334411059293e-13,2.4805002744047195e-14,0.016684230043010007
ds004444,sub-006,ses-16,60,broadband_max,7.596186724469433e-12,6.803759863678366e-12,7.92426860791067e-13,0.10154423952476033
ds004444,sub-006,ses-16,60,noise_floor_max,3.7359553226890293e-13,4.0820731912727817e-13,3.461178685837524e-14,0.024578615938330398
ds004444,sub-006,ses-16,60,transient_max,9.894127211413752e-05,0.00011168403088426032,1.274275877012279e-05,0.11409651456108144
ds004444,sub-006,ses-16,60,channel_inconsistency_max,0.7478416706995779,0.43586537642689854,0.3119762942726793,0.7157629652289825
ds004444,sub-006,ses-16,90,smr_snr_min,0.0003488303786757605,0.0004329946385602689,8.41642598845084e-05,0.19437714048834895
ds004444,sub-006,ses-16,90,high_beta_max,4.727228147725871e-13,4.867334411059293e-13,1.401062633334226e-14,0.009423764843091336
ds004444,sub-006,ses-16,90,broadband_max,6.4923640814128505e-12,6.803759863678366e-12,3.113957822655155e-13,0.03990330144766097
ds004444,sub-006,ses-16,90,noise_floor_max,4.0365788665183186e-13,4.0820731912727817e-13,4.549432475446308e-15,0.0032306553258548403
ds004444,sub-006,ses-16,90,transient_max,0.0001044939689936675,0.00011168403088426032,7.19006189059282e-06,0.06437860246703826
ds004444,sub-006,ses-16,90,channel_inconsistency_max,0.6890024755985612,0.43586537642689854,0.25313709917166266,0.5807690008466111
ds004444,sub-006,ses-16,120,smr_snr_min,0.0003813257744990527,0.0004329946385602689,5.1668864061216234e-05,0.11932910789308836
ds004444,sub-006,ses-16,120,high_beta_max,4.59222552475061e-13,4.867334411059293e-13,2.751088863086834e-14,0.0185042509102398
ds004444,sub-006,ses-16,120,broadband_max,6.07105455411423e-12,6.803759863678366e-12,7.327053095641358e-13,0.09389131935932857
ds004444,sub-006,ses-16,120,noise_floor_max,3.7591324060309583e-13,4.0820731912727817e-13,3.2294078524182337e-14,0.022932758611279094
ds004444,sub-006,ses-16,120,transient_max,0.00010236091172655832,0.00011168403088426032,9.323119157701994e-06,0.0834776377644001
ds004444,sub-006,ses-16,120,channel_inconsistency_max,0.6782703237173404,0.43586537642689854,0.24240494729044187,0.5561463708750007
ds004444,sub-007,ses-01,15,smr_snr_min,0.000388349664762182,0.00038995261607283424,1.602951310652231e-06,0.004110630985591863
ds004444,sub-007,ses-01,15,high_beta_max,9.659745984087957e-13,7.78648907595246e-13,1.8732569081354973e-13,0.10531909361854681
ds004444,sub-007,ses-01,15,broadband_max,8.56989096659492e-12,7.94134380688213e-12,6.285471597127888e-13,0.07029672197919486
ds004444,sub-007,ses-01,15,noise_floor_max,6.687177453783837e-13,3.623479660031125e-13,3.063697793752712e-13,0.22488364721834306
ds004444,sub-007,ses-01,15,transient_max,9.392074287022204e-05,7.197532982375827e-05,2.1945413046463766e-05,0.3049018711730579
ds004444,sub-007,ses-01,15,channel_inconsistency_max,0.768549156438852,0.6038092125849001,0.16473994385395196,0.2728344324996788
ds004444,sub-007,ses-01,30,smr_snr_min,0.0004071180667669877,0.00038995261607283424,1.7165450694153468e-05,0.044019324252790835
ds004444,sub-007,ses-01,30,high_beta_max,8.912151202139529e-13,7.78648907595246e-13,1.1256621261870691e-13,0.06328748306538907
ds004444,sub-007,ses-01,30,broadband_max,8.400107867321597e-12,7.94134380688213e-12,4.587640604394667e-13,0.05130817809358333
ds004444,sub-007,ses-01,30,noise_floor_max,4.500844875058825e-13,3.623479660031125e-13,8.773652150276999e-14,0.06440096340450625
ds004444,sub-007,ses-01,30,transient_max,7.368124626535437e-05,7.197532982375827e-05,1.7059164415960976e-06,0.02370140466284586
ds004444,sub-007,ses-01,30,channel_inconsistency_max,0.7718798864662823,0.6038092125849001,0.1680706738813822,0.278350628606005
ds004444,sub-007,ses-01,60,smr_snr_min,0.0004277662699853959,0.00038995261607283424,3.781365391256167e-05,0.09696986827889129
ds004444,sub-007,ses-01,60,high_beta_max,8.691742644344906e-13,7.78648907595246e-13,9.052535683924458e-14,0.05089557385534614
ds004444,sub-007,ses-01,60,broadband_max,9.4445153828226e-12,7.94134380688213e-12,1.5031715759404697e-12,0.16811472731688074
ds004444,sub-007,ses-01,60,noise_floor_max,4.457544269808711e-13,3.623479660031125e-13,8.340646097775859e-14,0.06122258267280889
ds004444,sub-007,ses-01,60,transient_max,7.851250580605783e-05,7.197532982375827e-05,6.537175982299556e-06,0.09082523008205064
ds004444,sub-007,ses-01,60,channel_inconsistency_max,0.6496415539241123,0.6038092125849001,0.04583234133921221,0.07590533629476867
ds004444,sub-007,ses-01,90,smr_snr_min,0.0004978747252294643,0.00038995261607283424,0.00010792210915663007,0.27675698131414944
ds004444,sub-007,ses-01,90,high_beta_max,8.514736721160616e-13,7.78648907595246e-13,7.282476452081557e-14,0.040943867117246596
ds004444,sub-007,ses-01,90,broadband_max,1.0424060798418931e-11,7.94134380688213e-12,2.4827169915368005e-12,0.27766709849875804
ds004444,sub-007,ses-01,90,noise_floor_max,4.178056677012736e-13,3.623479660031125e-13,5.545770169816109e-14,0.04070744265201508
ds004444,sub-007,ses-01,90,transient_max,7.70308678721294e-05,7.197532982375827e-05,5.0555380483711276e-06,0.07023987233556904
ds004444,sub-007,ses-01,90,channel_inconsistency_max,0.6653209938096275,0.6038092125849001,0.061511781224727446,0.10187287630358333
ds004444,sub-007,ses-01,120,smr_snr_min,0.00048705644067348894,0.00038995261607283424,9.710382460065471e-05,0.2490144195711807
ds004444,sub-007,ses-01,120,high_beta_max,8.359871084680515e-13,7.78648907595246e-13,5.733820087280551e-14,0.032236941550385805
ds004444,sub-007,ses-01,120,broadband_max,1.0091188494019896e-11,7.94134380688213e-12,2.149844687137766e-12,0.2404386559303352
ds004444,sub-007,ses-01,120,noise_floor_max,4.0048853514467783e-13,3.623479660031125e-13,3.814056914156531e-14,0.02799620221364075
ds004444,sub-007,ses-01,120,transient_max,7.557052007324328e-05,7.197532982375827e-05,3.5951902494850115e-06,0.049950312257519745
ds004444,sub-007,ses-01,120,channel_inconsistency_max,0.6433605001580025,0.6038092125849001,0.039551287573102445,0.06550295482196827
ds004444,sub-007,ses-16,15,smr_snr_min,0.00027767380297065534,0.00035985103758433555,8.217723461368022e-05,0.2283645892393915
ds004444,sub-007,ses-16,15,high_beta_max,1.0390167163351844e-12,7.080446557330126e-13,3.3097206060217185e-13,0.19377248685581594
ds004444,sub-007,ses-16,15,broadband_max,8.355042555594725e-12,7.494751032845724e-12,8.602915227490011e-13,0.10127330623612228
ds004444,sub-007,ses-16,15,noise_floor_max,7.850538899317341e-13,3.8187103632141057e-13,4.031828536103235e-13,0.2917659050757808
ds004444,sub-007,ses-16,15,transient_max,8.674826422522298e-05,5.800712428473358e-05,2.8741139940489394e-05,0.495476026426249
ds004444,sub-007,ses-16,15,channel_inconsistency_max,0.7612074222798144,0.03554004291082148,0.725667379368993,20.418303409746823
ds004444,sub-007,ses-16,30,smr_snr_min,0.0003402009953259284,0.00035985103758433555,1.965004225840713e-05,0.054606045700773764
ds004444,sub-007,ses-16,30,high_beta_max,7.313364011948159e-13,7.080446557330126e-13,2.3291745461803316e-14,0.013636496788081686
ds004444,sub-007,ses-16,30,broadband_max,7.313356229512482e-12,7.494751032845724e-12,1.8139480333324246e-13,0.021353751585168657
ds004444,sub-007,ses-16,30,noise_floor_max,6.554364202287796e-13,3.8187103632141057e-13,2.73565383907369e-13,0.1979673766342261
ds004444,sub-007,ses-16,30,transient_max,5.3434491767757934e-05,5.800712428473358e-05,4.572632516975648e-06,0.07882880757373235
ds004444,sub-007,ses-16,30,channel_inconsistency_max,0.7465347587159183,0.03554004291082148,0.7109947158050969,20.00545462393358
ds004444,sub-007,ses-16,60,smr_snr_min,0.0003930503070764776,0.00035985103758433555,3.319926949214207e-05,0.09225836785895897
ds004444,sub-007,ses-16,60,high_beta_max,7.42108715131026e-13,7.080446557330126e-13,3.406405939801341e-14,0.019943307268740416
ds004444,sub-007,ses-16,60,broadband_max,7.815668601326356e-12,7.494751032845724e-12,3.2091756848063176e-13,0.03777833714487628
ds004444,sub-007,ses-16,60,noise_floor_max,5.387186674994486e-13,3.8187103632141057e-13,1.5684763117803804e-13,0.1135038126246368
ds004444,sub-007,ses-16,60,transient_max,5.501574642557439e-05,5.800712428473358e-05,2.99137785915919e-06,0.051569145074432186
ds004444,sub-007,ses-16,60,channel_inconsistency_max,0.7569960757913188,0.03554004291082148,0.7214560328804973,20.299807590849124
ds004444,sub-007,ses-16,90,smr_snr_min,0.0003778939690683284,0.00035985103758433555,1.8042931483992872e-05,0.05014000113762153
ds004444,sub-007,ses-16,90,high_beta_max,7.638282539964532e-13,7.080446557330126e-13,5.578359826344068e-14,0.03265933245726586
ds004444,sub-007,ses-16,90,broadband_max,7.801063982168185e-12,7.494751032845724e-12,3.0631294932246095e-13,0.03605908497354121
ds004444,sub-007,ses-16,90,noise_floor_max,4.325432944825434e-13,3.8187103632141057e-13,5.0672258161132814e-14,0.03666931054291735
ds004444,sub-007,ses-16,90,transient_max,5.4516042572671325e-05,5.800712428473358e-05,3.491081712062258e-06,0.060183670452999445
ds004444,sub-007,ses-16,90,channel_inconsistency_max,0.7008716916111629,0.03554004291082148,0.6653316487003414,18.72062029725451
ds004444,sub-007,ses-16,120,smr_snr_min,0.00036564465796399707,0.00035985103758433555,5.7936203796615186e-06,0.016100051850492885
ds004444,sub-007,ses-16,120,high_beta_max,7.407978528473405e-13,7.080446557330126e-13,3.275319711432789e-14,0.01917584356146225
ds004444,sub-007,ses-16,120,broadband_max,7.593532933943672e-12,7.494751032845724e-12,9.878190109794776e-14,0.011628581075066074
ds004444,sub-007,ses-16,120,noise_floor_max,4.325432944825434e-13,3.8187103632141057e-13,5.0672258161132814e-14,0.03666931054291735
ds004444,sub-007,ses-16,120,transient_max,5.4516042572671325e-05,5.800712428473358e-05,3.491081712062258e-06,0.060183670452999445
ds004444,sub-007,ses-16,120,channel_inconsistency_max,0.6814053319667762,0.03554004291082148,0.6458652890559547,18.17288996128714
ds004444,sub-008,ses-01,15,smr_snr_min,0.0029177906411224246,0.002605785243707627,0.00031200539741479743,0.119735652831899
ds004444,sub-008,ses-01,15,high_beta_max,1.7302631202664688e-12,1.4033482317902223e-12,3.2691488847624646e-13,0.1360247691749322
ds004444,sub-008,ses-01,15,broadband_max,1.7457569805077367e-11,1.8744750480106084e-11,1.2871806750287168e-12,0.06519103274187343
ds004444,sub-008,ses-01,15,noise_floor_max,7.526662456044774e-13,4.957922961510316e-13,2.568739494534457e-13,0.17173102850872612
ds004444,sub-008,ses-01,15,transient_max,6.771247159532984e-05,4.019207003890937e-05,2.7520401556420467e-05,0.6847221565113766
ds004444,sub-008,ses-01,15,channel_inconsistency_max,0.8681174293079642,0.1195699980579353,0.7485474312500289,6.260328204413573
ds004444,sub-008,ses-01,30,smr_snr_min,0.0026604017710475302,0.002605785243707627,5.4616527339903034e-05,0.020959719321010695
ds004444,sub-008,ses-01,30,high_beta_max,1.5783959052083079e-12,1.4033482317902223e-12,1.7504767341808556e-13,0.07283491884473806
ds004444,sub-008,ses-01,30,broadband_max,1.6223888071994216e-11,1.8744750480106084e-11,2.520862408111868e-12,0.12767253810838353
ds004444,sub-008,ses-01,30,noise_floor_max,7.462783460873614e-13,4.957922961510316e-13,2.5048604993632973e-13,0.16746044927553091
ds004444,sub-008,ses-01,30,transient_max,6.467053696498169e-05,4.019207003890937e-05,2.4478466926072322e-05,0.609037212896421
ds004444,sub-008,ses-01,30,channel_inconsistency_max,0.8802755935630872,0.1195699980579353,0.7607055955051518,6.36201060344757
ds004444,sub-008,ses-01,60,smr_snr_min,0.002289633280929568,0.002605785243707627,0.0003161519627780593,0.12132694488932529
ds004444,sub-008,ses-01,60,high_beta_max,1.374444141757444e-12,1.4033482317902223e-12,2.890409003277831e-14,0.012026592588810168
ds004444,sub-008,ses-01,60,broadband_max,1.5901323463755e-11,1.8744750480106084e-11,2.8434270163510836e-12,0.14400926561295327
ds004444,sub-008,ses-01,60,noise_floor_max,5.788967657587504e-13,4.957922961510316e-13,8.310446960771872e-14,0.05555882980649312
ds004444,sub-008,ses-01,60,transient_max,5.232212295719731e-05,4.019207003890937e-05,1.2130052918287944e-05,0.3018021367086312
ds004444,sub-008,ses-01,60,channel_inconsistency_max,0.7819573610723733,0.1195699980579353,0.662387363014438,5.539745536233524
ds004444,sub-008,ses-01,90,smr_snr_min,0.00231158476057454,0.002605785243707627,0.000294200483133087,0.11290281259002859
ds004444,sub-008,ses-01,90,high_beta_max,1.2723344457601137e-12,1.4033482317902223e-12,1.3101378603010856e-13,0.05451302657564448
ds004444,sub-008,ses-01,90,broadband_max,1.6052120563949257e-11,1.8744750480106084e-11,2.6926299161568265e-12,0.13637193941092335
ds004444,sub-008,ses-01,90,noise_floor_max,5.496315496561015e-13,4.957922961510316e-13,5.3839253505069876e-14,0.03599380317949817
ds004444,sub-008,ses-01,90,transient_max,4.982809338521287e-05,4.019207003890937e-05,9.636023346303502e-06,0.239749360936763
ds004444,sub-008,ses-01,90,channel_inconsistency_max,0.7562779560473949,0.1195699980579353,0.6367079579894596,5.3249809176682446
ds004444,sub-008,ses-01,120,smr_snr_min,0.002400273817471861,0.002605785243707627,0.0002055114262357661,0.0788673689258014
ds004444,sub-008,ses-01,120,high_beta_max,1.3417530473245806e-12,1.4033482317902223e-12,6.159518446564172e-14,0.025628905395769584
ds004444,sub-008,ses-01,120,broadband_max,1.58734440565119e-11,1.8744750480106084e-11,2.8713064235941833e-12,0.14542125647458456
ds004444,sub-008,ses-01,120,noise_floor_max,5.327533603502091e-13,4.957922961510316e-13,3.6961064199177495e-14,0.024710024442755586
ds004444,sub-008,ses-01,120,transient_max,4.78924941634232e-05,4.019207003890937e-05,7.700424124513834e-06,0.19159062783948513
ds004444,sub-008,ses-01,120,channel_inconsistency_max,0.6183519187545863,0.1195699980579353,0.49878192069665095,4.171463818631196
ds004444,sub-008,ses-16,15,smr_snr_min,0.001256026086369732,0.0014735314420035687,0.00021750535563383661,0.14760822150526032
ds004444,sub-008,ses-16,15,high_beta_max,9.596600695383696e-13,1.0389283882243466e-12,7.926831868597707e-14,0.038877441279342784
ds004444,sub-008,ses-16,15,broadband_max,1.0189294116190289e-11,1.775242532078539e-11,7.5631312045951e-12,0.4033148286271027
ds004444,sub-008,ses-16,15,noise_floor_max,4.737328148659392e-13,4.2753473981128087e-13,4.6198075054658286e-14,0.03236213716295664
ds004444,sub-008,ses-16,15,transient_max,0.00016710949623865076,7.703345555809818e-05,9.007604068055258e-05,1.1693106437800538
ds004444,sub-008,ses-16,15,channel_inconsistency_max,0.6095106456688171,0.34872319663820495,0.26078744903061213,0.7478351068811386
ds004444,sub-008,ses-16,30,smr_snr_min,0.0012220256977315824,0.0014735314420035687,0.00025150574427198623,0.17068230573982882
ds004444,sub-008,ses-16,30,high_beta_max,9.538248023563973e-13,1.0389283882243466e-12,8.510358586794939e-14,0.04173936973925015
ds004444,sub-008,ses-16,30,broadband_max,1.1168235393649886e-11,1.775242532078539e-11,6.584189927135503e-12,0.35111137970177736
ds004444,sub-008,ses-16,30,noise_floor_max,6.078188360827214e-13,4.2753473981128087e-13,1.8028409627144053e-13,0.12629051415958814
ds004444,sub-008,ses-16,30,transient_max,6.562232246890931e-05,7.703345555809818e-05,1.141113308918887e-05,0.1481321700861581
ds004444,sub-008,ses-16,30,channel_inconsistency_max,0.5301655336428271,0.34872319663820495,0.1814423370046222,0.5203047538943777
ds004444,sub-008,ses-16,60,smr_snr_min,0.0013960852051217163,0.0014735314420035687,7.744623688185235e-05,0.05255825198001207
ds004444,sub-008,ses-16,60,high_beta_max,8.869873395176195e-13,1.0389283882243466e-12,1.519410487067271e-13,0.07452005160369995
ds004444,sub-008,ses-16,60,broadband_max,1.2857256411483953e-11,1.775242532078539e-11,4.895168909301436e-12,0.26104190927642723
ds004444,sub-008,ses-16,60,noise_floor_max,4.7683152176885e-13,4.2753473981128087e-13,4.929678195756917e-14,0.03453280721146315
ds004444,sub-008,ses-16,60,transient_max,6.056691340505019e-05,7.703345555809818e-05,1.646654215304799e-05,0.2137583186420957
ds004444,sub-008,ses-16,60,channel_inconsistency_max,0.5739851581077589,0.34872319663820495,0.2252619614695539,0.6459620800695224
ds004444,sub-008,ses-16,90,smr_snr_min,0.0014910661009883987,0.0014735314420035687,1.7534658984830068e-05,0.011899752168904076
ds004444,sub-008,ses-16,90,high_beta_max,8.960808314803074e-13,1.0389283882243466e-12,1.4284755674403922e-13,0.0700601146999781
ds004444,sub-008,ses-16,90,broadband_max,1.5967985953573242e-11,1.775242532078539e-11,1.7844393672121467e-12,0.09515779088234816
ds004444,sub-008,ses-16,90,noise_floor_max,4.5290084748773505e-13,4.2753473981128087e-13,2.536610767645418e-14,0.017769170142792858
ds004444,sub-008,ses-16,90,transient_max,6.54100140382996e-05,7.703345555809818e-05,1.162344151979858e-05,0.15088822492383228
ds004444,sub-008,ses-16,90,channel_inconsistency_max,0.5209194956020963,0.34872319663820495,0.17219629896389133,0.4937907791148422
ds004444,sub-008,ses-16,120,smr_snr_min,0.0014910661009883987,0.0014735314420035687,1.7534658984830068e-05,0.011899752168904076
ds004444,sub-008,ses-16,120,high_beta_max,9.056332213044128e-13,1.0389283882243466e-12,1.3329516691993386e-13,0.06537510963590898
ds004444,sub-008,ses-16,120,broadband_max,1.6551678582746496e-11,1.775242532078539e-11,1.2007467380388935e-12,0.0640315435202919
ds004444,sub-008,ses-16,120,noise_floor_max,4.304404065886834e-13,4.2753473981128087e-13,2.9056667774025504e-15,0.002035443829399681
ds004444,sub-008,ses-16,120,transient_max,6.54100140382996e-05,7.703345555809818e-05,1.162344151979858e-05,0.15088822492383228
ds004444,sub-008,ses-16,120,channel_inconsistency_max,0.4786016887517064,0.34872319663820495,0.12987849211350144,0.3724400709938318
ds004444,sub-009,ses-01,15,smr_snr_min,0.0005360610447699059,0.0007279246103846481,0.00019186356561474223,0.2635761487027922
ds004444,sub-009,ses-01,15,high_beta_max,9.133520188072694e-13,8.765971204399942e-13,3.6754898367275244e-14,0.019585929215673925
ds004444,sub-009,ses-01,15,broadband_max,5.7222661886076835e-12,1.2885817696217244e-11,7.163551507609561e-12,0.5158897851266653
ds004444,sub-009,ses-01,15,noise_floor_max,6.845145217205873e-13,4.536382769100279e-13,2.308762448105594e-13,0.1588264759382429
ds004444,sub-009,ses-01,15,transient_max,9.763457999542234e-05,0.00014202571169604015,4.439113170061781e-05,0.31255700716406604
ds004444,sub-009,ses-01,15,channel_inconsistency_max,0.38897983319013946,0.06647380813261891,0.3225060250575206,4.851625536621155
ds004444,sub-009,ses-01,30,smr_snr_min,0.0005535557499967092,0.0007279246103846481,0.0001743688603879389,0.23954247137798634
ds004444,sub-009,ses-01,30,high_beta_max,8.807081359081411e-13,8.765971204399942e-13,4.111015468146937e-15,0.0021906755708881467
ds004444,sub-009,ses-01,30,broadband_max,7.608790641586336e-12,1.2885817696217244e-11,5.277027054630909e-12,0.38002998239480484
ds004444,sub-009,ses-01,30,noise_floor_max,4.943555952553511e-13,4.536382769100279e-13,4.071731834532321e-14,0.028010626159263818
ds004444,sub-009,ses-01,30,transient_max,0.00011429916658274194,0.00014202571169604015,2.7726545113298208e-05,0.1952220100640358
ds004444,sub-009,ses-01,30,channel_inconsistency_max,0.30790832909866983,0.06647380813261891,0.24143452096605092,3.632024819170036
ds004444,sub-009,ses-01,60,smr_snr_min,0.0005520453425761095,0.0007279246103846481,0.00017587926780853857,0.24161742171896547
ds004444,sub-009,ses-01,60,high_beta_max,7.593549029607767e-13,8.765971204399942e-13,1.172422174792175e-13,0.06247596577987312
ds004444,sub-009,ses-01,60,broadband_max,8.688178743708149e-12,1.2885817696217244e-11,4.197638952509095e-12,0.30229685023537434
ds004444,sub-009,ses-01,60,noise_floor_max,4.899543907985641e-13,4.536382769100279e-13,3.631611388853622e-14,0.024982909755054548
ds004444,sub-009,ses-01,60,transient_max,0.0001424745046463723,0.00014202571169604015,4.4879295033213844e-07,0.003159941547293157
ds004444,sub-009,ses-01,60,channel_inconsistency_max,0.30578773062329817,0.06647380813261891,0.23931392249067926,3.6001235555759745
ds004444,sub-009,ses-01,90,smr_snr_min,0.0006662815988193592,0.0007279246103846481,6.164301156528888e-05,0.08468323587525417
ds004444,sub-009,ses-01,90,high_beta_max,7.565916141309219e-13,8.765971204399942e-13,1.2000550630907227e-13,0.06394846555073862
ds004444,sub-009,ses-01,90,broadband_max,1.0145824466846142e-11,1.2885817696217244e-11,2.739993229371102e-12,0.19732314576746368
ds004444,sub-009,ses-01,90,noise_floor_max,4.2547627348105895e-13,4.536382769100279e-13,2.816200342896893e-14,0.019373460286717534
ds004444,sub-009,ses-01,90,transient_max,0.00012163347209887832,0.00014202571169604015,2.039223959716183e-05,0.14358132207232635
ds004444,sub-009,ses-01,90,channel_inconsistency_max,0.33067187983439505,0.06647380813261891,0.2641980717017761,3.974468728656434
ds004444,sub-009,ses-01,120,smr_snr_min,0.000683112168912859,0.0007279246103846481,4.4812441471789115e-05,0.06156192656619689
ds004444,sub-009,ses-01,120,high_beta_max,7.773008377291218e-13,8.765971204399942e-13,9.929628271087242e-14,0.0529129463268019
ds004444,sub-009,ses-01,120,broadband_max,1.2233458239350131e-11,1.2885817696217244e-11,6.523594568671136e-13,0.04698026944749739
ds004444,sub-009,ses-01,120,noise_floor_max,4.752621445355617e-13,4.536382769100279e-13,2.162386762553386e-14,0.014875686729644542
ds004444,sub-009,ses-01,120,transient_max,0.00015020442343785748,0.00014202571169604015,8.178711741817327e-06,0.05758613413418456
ds004444,sub-009,ses-01,120,channel_inconsistency_max,0.23427468703532114,0.06647380813261891,0.16780087890270223,2.5243157209438927
ds004444,sub-009,ses-16,15,smr_snr_min,0.0004253203050746646,0.0006418834015582236,0.000216563096483559,0.33738697031337417
ds004444,sub-009,ses-16,15,high_beta_max,5.205054914493501e-13,6.963798982904143e-13,1.7587440684106422e-13,0.10367630919130069
ds004444,sub-009,ses-16,15,broadband_max,5.931118637516851e-12,1.166968347896483e-11,5.738564841447978e-12,0.4529367170833888
ds004444,sub-009,ses-16,15,noise_floor_max,2.049789595669415e-13,2.1909736661053735e-13,1.4118407043595846e-14,0.011581033172804995
ds004444,sub-009,ses-16,15,transient_max,7.822153168535897e-05,0.0001198831723506527,4.166164066529373e-05,0.3475186675567502
ds004444,sub-009,ses-16,15,channel_inconsistency_max,0.5520816933015317,0.15088845394516,0.40119323935637163,2.6588730208576816
ds004444,sub-009,ses-16,30,smr_snr_min,0.0005024418069360933,0.0006418834015582236,0.0001394415946221303,0.21723819943993944
ds004444,sub-009,ses-16,30,high_beta_max,5.219227779887423e-13,6.963798982904143e-13,1.7445712030167198e-13,0.10284083210222379
ds004444,sub-009,ses-16,30,broadband_max,6.712653068273062e-12,1.166968347896483e-11,4.957030410691767e-12,0.3912513220177762
ds004444,sub-009,ses-16,30,noise_floor_max,1.5783595449235255e-13,2.1909736661053735e-13,6.12614121181848e-14,0.05025145143944509
ds004444,sub-009,ses-16,30,transient_max,8.666826123445527e-05,0.0001198831723506527,3.321491111619743e-05,0.2770606598729695
ds004444,sub-009,ses-16,30,channel_inconsistency_max,0.5595868673162036,0.15088845394516,0.4086984133710435,2.7086129036544784
ds004444,sub-009,ses-16,60,smr_snr_min,0.0005375097735036921,0.0006418834015582236,0.0001043736280545315,0.1626052763454404
ds004444,sub-009,ses-16,60,high_beta_max,5.216330878297327e-13,6.963798982904143e-13,1.7474681046068164e-13,0.10301160172717726
ds004444,sub-009,ses-16,60,broadband_max,8.041480320679971e-12,1.166968347896483e-11,3.628203158284858e-12,0.286368887139815
ds004444,sub-009,ses-16,60,noise_floor_max,1.5047308478549684e-13,2.1909736661053735e-13,6.862428182504051e-14,0.056291059028235745
ds004444,sub-009,ses-16,60,transient_max,9.617337941557997e-05,0.0001198831723506527,2.370979293507273e-05,0.1977741518880443
ds004444,sub-009,ses-16,60,channel_inconsistency_max,0.4754063434611461,0.15088845394516,0.32451788951598604,2.150713861988277
ds004444,sub-009,ses-16,90,smr_snr_min,0.0006004233540814248,0.0006418834015582236,4.146004747679886e-05,0.06459124400406681
ds004444,sub-009,ses-16,90,high_beta_max,5.986323390536151e-13,6.963798982904143e-13,9.774755923679921e-14,0.057621267108451175
ds004444,sub-009,ses-16,90,broadband_max,9.448340684645793e-12,1.166968347896483e-11,2.221342794319036e-12,0.1753274103498385
ds004444,sub-009,ses-16,90,noise_floor_max,2.551062569505136e-13,2.1909736661053735e-13,3.6008890339976256e-14,0.029537337481166052
ds004444,sub-009,ses-16,90,transient_max,0.00013843405355916724,0.0001198831723506527,1.855088120851454e-05,0.15474132599288207
ds004444,sub-009,ses-16,90,channel_inconsistency_max,0.33915755727849894,0.15088845394516,0.18826910333333893,1.247736976617953
ds004444,sub-009,ses-16,120,smr_snr_min,0.0006994080668336184,0.0006418834015582236,5.7524665275394764e-05,0.08961855852033321
ds004444,sub-009,ses-16,120,high_beta_max,6.886131296649919e-13,6.963798982904143e-13,7.766768625422408e-15,0.004578437078421902
ds004444,sub-009,ses-16,120,broadband_max,1.1353192688690854e-11,1.166968347896483e-11,3.1649079027397527e-13,0.024980165510798853
ds004444,sub-009,ses-16,120,noise_floor_max,2.701165307917863e-13,2.1909736661053735e-13,5.101916418124895e-14,0.0418499502817382
ds004444,sub-009,ses-16,120,transient_max,0.00014730314152742847,0.0001198831723506527,2.741996917677577e-05,0.2287224170866218
ds004444,sub-009,ses-16,120,channel_inconsistency_max,0.3187294796099499,0.15088845394516,0.1678410256647899,1.1123516828178177
ds004444,sub-010,ses-01,15,smr_snr_min,0.0007380358303272822,0.0010086832421616894,0.0002706474118344071,0.26831754534364066
ds004444,sub-010,ses-01,15,high_beta_max,1.8903850538987837e-12,2.036291572314049e-12,1.4590651841526523e-13,0.0480541854891971
ds004444,sub-010,ses-01,15,broadband_max,1.485929352773775e-11,1.660695223030399e-11,1.7476587025662401e-12,0.09925958108515105
ds004444,sub-010,ses-01,15,noise_floor_max,3.3412026313731264e-12,4.866073346897709e-12,1.5248707155245828e-12,0.2599474342288978
ds004444,sub-010,ses-01,15,transient_max,0.0004686778721293967,0.0005829698077363236,0.00011429193560692687,0.1960512086460741
ds004444,sub-010,ses-01,15,channel_inconsistency_max,0.8042422240255727,0.0003554024124166453,0.803886821613156,2261.9059164090245
ds004444,sub-010,ses-01,30,smr_snr_min,0.0007937472571693139,0.0010086832421616894,0.0002149359849923755,0.21308570995852444
ds004444,sub-010,ses-01,30,high_beta_max,1.847526553324668e-12,2.036291572314049e-12,1.887650189893811e-13,0.062169595539046864
ds004444,sub-010,ses-01,30,broadband_max,1.2669669160767993e-11,1.660695223030399e-11,3.937283069535998e-12,0.22362093212017645
ds004444,sub-010,ses-01,30,noise_floor_max,3.371245080146594e-12,4.866073346897709e-12,1.4948282667511152e-12,0.2548260443319652
ds004444,sub-010,ses-01,30,transient_max,0.0004409674029144726,0.0005829698077363236,0.00014200240482185102,0.243584492187791
ds004444,sub-010,ses-01,30,channel_inconsistency_max,0.6743470214815631,0.0003554024124166453,0.6739916190691465,1896.418239228479
ds004444,sub-010,ses-01,60,smr_snr_min,0.0007933612437750035,0.0010086832421616894,0.0002153219983866859,0.21346840035903158
ds004444,sub-010,ses-01,60,high_beta_max,1.909190020156228e-12,2.036291572314049e-12,1.271015521578208e-13,0.04186078613687054
ds004444,sub-010,ses-01,60,broadband_max,1.5568304339547083e-11,1.660695223030399e-11,1.038647890756908e-12,0.0589907825710603
ds004444,sub-010,ses-01,60,noise_floor_max,3.521551587612245e-12,4.866073346897709e-12,1.344521759285464e-12,0.22920302556334698
ds004444,sub-010,ses-01,60,transient_max,0.0004686778721293967,0.0005829698077363236,0.00011429193560692687,0.1960512086460741
ds004444,sub-010,ses-01,60,channel_inconsistency_max,0.44487632129676485,0.0003554024124166453,0.4445209188843482,1250.753799364968
ds004444,sub-010,ses-01,90,smr_snr_min,0.0007961077116628285,0.0010086832421616894,0.00021257553049886088,0.2107455754222196
ds004444,sub-010,ses-01,90,high_beta_max,2.0185998834911675e-12,2.036291572314049e-12,1.769168882288138e-14,0.005826742393319629
ds004444,sub-010,ses-01,90,broadband_max,1.5438101647561253e-11,1.660695223030399e-11,1.1688505827427374e-12,0.06638574169190875
ds004444,sub-010,ses-01,90,noise_floor_max,3.632404542387413e-12,4.866073346897709e-12,1.233668804510296e-12,0.21030572438422127
ds004444,sub-010,ses-01,90,transient_max,0.0004850863707942322,0.0005829698077363236,9.788343694209139e-05,0.16790481338007665
ds004444,sub-010,ses-01,90,channel_inconsistency_max,0.44089067932894616,0.0003554024124166453,0.4405352769165295,1239.5393511300701
ds004444,sub-010,ses-01,120,smr_snr_min,0.000875667295058644,0.0010086832421616894,0.0001330159471030454,0.13187088018445775
ds004444,sub-010,ses-01,120,high_beta_max,1.9990125089527383e-12,2.036291572314049e-12,3.727906336131058e-14,0.012277827235445338
ds004444,sub-010,ses-01,120,broadband_max,1.5568304339547083e-11,1.660695223030399e-11,1.038647890756908e-12,0.0589907825710603
ds004444,sub-010,ses-01,120,noise_floor_max,3.807014525508308e-12,4.866073346897709e-12,1.0590588213894013e-12,0.1805396487156929
ds004444,sub-010,ses-01,120,transient_max,0.0004966435665674828,0.0005829698077363236,8.632624116884082e-05,0.14808012331884937
ds004444,sub-010,ses-01,120,channel_inconsistency_max,0.4326184075474976,0.0003554024124166453,0.4322630051350809,1216.263561576692
ds004444,sub-010,ses-16,15,smr_snr_min,0.0022371416483342246,0.0013866489901289056,0.000850492658205319,0.6133438697509971
ds004444,sub-010,ses-16,15,high_beta_max,3.537319408854581e-12,2.263530650302986e-12,1.2737887585515948e-12,0.390310033838149
ds004444,sub-010,ses-16,15,broadband_max,5.823206069405865e-11,4.6596606925495305e-11,1.1635453768563347e-11,0.24445973190435075
ds004444,sub-010,ses-16,15,noise_floor_max,2.9247650408325434e-11,3.3404050988135136e-11,4.156400579809702e-12,0.1208113713481913
ds004444,sub-010,ses-16,15,transient_max,0.001524906918440527,0.0017958217059586474,0.0002709147875181203,0.15085839895372125
ds004444,sub-010,ses-16,15,channel_inconsistency_max,0.48351876259605153,0.3321673298609028,0.15135143273514873,0.45564816021513155
ds004444,sub-010,ses-16,30,smr_snr_min,0.0012761200364570042,0.0013866489901289056,0.00011052895367190136,0.07970939609015039
ds004444,sub-010,ses-16,30,high_beta_max,2.20641295470974e-12,2.263530650302986e-12,5.711769559324613e-14,0.017501810681000752
ds004444,sub-010,ses-16,30,broadband_max,4.474578876144085e-11,4.6596606925495305e-11,1.8508181640544522e-12,0.03888550641753949
ds004444,sub-010,ses-16,30,noise_floor_max,2.7769175293533202e-11,3.3404050988135136e-11,5.6348756946019335e-12,0.16378523844605458
ds004444,sub-010,ses-16,30,transient_max,0.0015064839639887073,0.0017958217059586474,0.0002893377419699401,0.161117187106483
ds004444,sub-010,ses-16,30,channel_inconsistency_max,0.3778131098290165,0.3321673298609028,0.0456457799681137,0.13741802960300384
ds004444,sub-010,ses-16,60,smr_snr_min,0.0011260653447938231,0.0013866489901289056,0.00026058364533508246,0.18792329349544676
ds004444,sub-010,ses-16,60,high_beta_max,1.9108530341777808e-12,2.263530650302986e-12,3.5267761612520537e-13,0.10806627971839726
ds004444,sub-010,ses-16,60,broadband_max,3.9872889568132584e-11,4.6596606925495305e-11,6.723717357362721e-12,0.14126463610919995
ds004444,sub-010,ses-16,60,noise_floor_max,2.807235917436532e-11,3.3404050988135136e-11,5.331691813769817e-12,0.1549727913032261
ds004444,sub-010,ses-16,60,transient_max,0.0015111645926604099,0.0017958217059586474,0.00028465711329823755,0.1585107876774275
ds004444,sub-010,ses-16,60,channel_inconsistency_max,0.36886060973808127,0.3321673298609028,0.036693279877178464,0.1104662517305165
ds004444,sub-010,ses-16,90,smr_snr_min,0.0010988996243111258,0.0013866489901289056,0.00028774936581777984,0.207514207026189
ds004444,sub-010,ses-16,90,high_beta_max,1.8773854383046393e-12,2.263530650302986e-12,3.8614521199834685e-13,0.11832130700610921
ds004444,sub-010,ses-16,90,broadband_max,4.003774900382498e-11,4.6596606925495305e-11,6.558857921670327e-12,0.1378009556844492
ds004444,sub-010,ses-16,90,noise_floor_max,2.916741139300419e-11,3.3404050988135136e-11,4.236639595130945e-12,0.12314362621401843
ds004444,sub-010,ses-16,90,transient_max,0.0015713387548638123,0.0017958217059586474,0.00022448295109483507,0.12500291661749263
ds004444,sub-010,ses-16,90,channel_inconsistency_max,0.4329093101265018,0.3321673298609028,0.100741980265599,0.3032868413262739
ds004444,sub-010,ses-16,120,smr_snr_min,0.0011164917122951494,0.0013866489901289056,0.00027015727783375625,0.1948274433992228
ds004444,sub-010,ses-16,120,high_beta_max,1.8653743715965798e-12,2.263530650302986e-12,3.9815627870640635e-13,0.12200169735480854
ds004444,sub-010,ses-16,120,broadband_max,4.150808831816687e-11,4.6596606925495305e-11,5.0885186073284355e-12,0.10690927223643648
ds004444,sub-010,ses-16,120,noise_floor_max,3.01668102833376e-11,3.3404050988135136e-11,3.2372407047975377e-12,0.09409475372286707
ds004444,sub-010,ses-16,120,transient_max,0.00163653055100328,0.0017958217059586474,0.00015929115495536732,0.08870098536961016
ds004444,sub-010,ses-16,120,channel_inconsistency_max,0.45695685532154406,0.3321673298609028,0.12478952546064126,0.3756827184435086
ds004444,sub-011,ses-01,15,smr_snr_min,0.0011983723004328254,0.0014336430310601933,0.00023527073062736795,0.1641069118086362
ds004444,sub-011,ses-01,15,high_beta_max,1.3208936373084167e-12,2.1382819247140237e-12,8.173882874056069e-13,0.2604572524121113
ds004444,sub-011,ses-01,15,broadband_max,1.6553035230505918e-11,2.3667822365754306e-11,7.114787135248388e-12,0.28842380286983343
ds004444,sub-011,ses-01,15,noise_floor_max,9.832996273057375e-13,8.874620455735677e-13,9.58375817321698e-14,0.05077589875617678
ds004444,sub-011,ses-01,15,transient_max,8.455672083619452e-05,0.00012430422766460683,3.974750682841231e-05,0.3197598927680698
ds004444,sub-011,ses-01,15,channel_inconsistency_max,0.7253632007070419,0.07187552283686427,0.6534876778701776,9.091936337552706
ds004444,sub-011,ses-01,30,smr_snr_min,0.0010730757371126343,0.0014336430310601933,0.000360567293947559,0.25150423493455804
ds004444,sub-011,ses-01,30,high_beta_max,1.3250746656044167e-12,2.1382819247140237e-12,8.13207259109607e-13,0.259124985778233
ds004444,sub-011,ses-01,30,broadband_max,1.5752991933884248e-11,2.3667822365754306e-11,7.914830431870059e-12,0.3208564710137532
ds004444,sub-011,ses-01,30,noise_floor_max,8.619016754071643e-13,8.874620455735677e-13,2.556037016640347e-14,0.013542190279453333
ds004444,sub-011,ses-01,30,transient_max,7.850244632639034e-05,0.00012430422766460683,4.580178133821649e-05,0.36846519084879403
ds004444,sub-011,ses-01,30,channel_inconsistency_max,0.7817033461588687,0.07187552283686427,0.7098278233220044,9.875793528809847
ds004444,sub-011,ses-01,60,smr_snr_min,0.0010730757371126343,0.0014336430310601933,0.000360567293947559,0.25150423493455804
ds004444,sub-011,ses-01,60,high_beta_max,1.2195872692971253e-12,2.1382819247140237e-12,9.186946554168983e-13,0.29273808964776626
ds004444,sub-011,ses-01,60,broadband_max,1.818998819788664e-11,2.3667822365754306e-11,5.477834167867665e-12,0.22206395386859926
ds004444,sub-011,ses-01,60,noise_floor_max,7.868869939681414e-13,8.874620455735677e-13,1.0057505160542633e-13,0.053285867041031436
ds004444,sub-011,ses-01,60,transient_max,7.973119249256109e-05,0.00012430422766460683,4.4573035172045745e-05,0.35858019997301216
ds004444,sub-011,ses-01,60,channel_inconsistency_max,0.6735415882596709,0.07187552283686427,0.6016660654228067,8.370945235139867
ds004444,sub-011,ses-01,90,smr_snr_min,0.001090117779722999,0.0014336430310601933,0.00034352525133719424,0.2396170062247203
ds004444,sub-011,ses-01,90,high_beta_max,1.3419902537172884e-12,2.1382819247140237e-12,7.962916709967352e-13,0.2537349065824599
ds004444,sub-011,ses-01,90,broadband_max,1.9923315228319044e-11,2.3667822365754306e-11,3.744507137435263e-12,0.15179723130460288
ds004444,sub-011,ses-01,90,noise_floor_max,7.868869939681414e-13,8.874620455735677e-13,1.0057505160542633e-13,0.053285867041031436
ds004444,sub-011,ses-01,90,transient_max,0.00010282392431525151,0.00012430422766460683,2.1480303349355324e-05,0.17280428493959527
ds004444,sub-011,ses-01,90,channel_inconsistency_max,0.6080231361080728,0.07187552283686427,0.5361476132712085,7.45939079261576
ds004444,sub-011,ses-01,120,smr_snr_min,0.00119419600472001,0.0014336430310601933,0.00023944702634018334,0.16701997706924987
ds004444,sub-011,ses-01,120,high_beta_max,1.3606847311224188e-12,2.1382819247140237e-12,7.775971935916048e-13,0.24777799198600156
ds004444,sub-011,ses-01,120,broadband_max,2.183496481129859e-11,2.3667822365754306e-11,1.8328575544557167e-12,0.07430155476554043
ds004444,sub-011,ses-01,120,noise_floor_max,8.160870269067562e-13,8.874620455735677e-13,7.13750186668115e-14,0.037815339828527174
ds004444,sub-011,ses-01,120,transient_max,0.00010282392431525151,0.00012430422766460683,2.1480303349355324e-05,0.17280428493959527
ds004444,sub-011,ses-01,120,channel_inconsistency_max,0.5149919100573416,0.07187552283686427,0.4431163872204773,6.16505271509541
ds004444,sub-011,ses-16,15,smr_snr_min,0.0005648002701583998,0.0006878658917438059,0.0001230656215854061,0.1789093235812487
ds004444,sub-011,ses-16,15,high_beta_max,9.610270556625831e-13,6.867507921927175e-13,2.742762634698656e-13,0.1626062751767355
ds004444,sub-011,ses-16,15,broadband_max,1.3883263451733053e-11,1.4472568101102435e-11,5.89304649369382e-13,0.03808706127636261
ds004444,sub-011,ses-16,15,noise_floor_max,7.802349953542021e-13,2.7859960203971093e-13,5.016353933144913e-13,0.39233188600578917
ds004444,sub-011,ses-16,15,transient_max,9.002482185091883e-05,8.601541252765641e-05,4.0094093232624135e-06,0.04661268438793559
ds004444,sub-011,ses-16,15,channel_inconsistency_max,0.6867715267066012,0.3220386099411793,0.36473291676542197,1.132575118340339
ds004444,sub-011,ses-16,30,smr_snr_min,0.0005861350181623705,0.0006878658917438059,0.00010173087358143545,0.1478934697221932
ds004444,sub-011,ses-16,30,high_beta_max,8.542835020587423e-13,6.867507921927175e-13,1.6753270986602473e-13,0.09932273969661994
ds004444,sub-011,ses-16,30,broadband_max,1.1015994778359168e-11,1.4472568101102435e-11,3.4565733227432675e-12,0.2234001039877138
ds004444,sub-011,ses-16,30,noise_floor_max,5.931616259067595e-13,2.7859960203971093e-13,3.1456202386704855e-13,0.24602074282303651
ds004444,sub-011,ses-16,30,transient_max,9.740429755092742e-05,8.601541252765641e-05,1.1388885023271011e-05,0.1324051650302089
ds004444,sub-011,ses-16,30,channel_inconsistency_max,0.448073416405206,0.3220386099411793,0.1260348064640267,0.391365515105955
ds004444,sub-011,ses-16,60,smr_snr_min,0.0005694864284847951,0.0006878658917438059,0.00011837946325901085,0.172096719008426
ds004444,sub-011,ses-16,60,high_beta_max,6.778254493219376e-13,6.867507921927175e-13,8.925342870779893e-15,0.005291441339225492
ds004444,sub-011,ses-16,60,broadband_max,1.1789654171591987e-11,1.4472568101102435e-11,2.682913929510448e-12,0.1733981012059199
ds004444,sub-011,ses-16,60,noise_floor_max,3.5545813007277483e-13,2.7859960203971093e-13,7.68585280330639e-14,0.06011149065778985
ds004444,sub-011,ses-16,60,transient_max,8.473807858396224e-05,8.601541252765641e-05,1.277333943694171e-06,0.014850058743058553
ds004444,sub-011,ses-16,60,channel_inconsistency_max,0.44052887190761836,0.3220386099411793,0.11849026196643908,0.3679380617985947
ds004444,sub-011,ses-16,90,smr_snr_min,0.0006460457202321539,0.0006878658917438059,4.1820171511652024e-05,0.060796983762106446
ds004444,sub-011,ses-16,90,high_beta_max,6.968827612856757e-13,6.867507921927175e-13,1.0131969092958153e-14,0.006006796700410584
ds004444,sub-011,ses-16,90,broadband_max,1.3076702835475605e-11,1.4472568101102435e-11,1.3958652656268302e-12,0.09021548695121745
ds004444,sub-011,ses-16,90,noise_floor_max,3.310372581650851e-13,2.7859960203971093e-13,5.243765612537415e-14,0.04101178824216898
ds004444,sub-011,ses-16,90,transient_max,8.470259708552629e-05,8.601541252765641e-05,1.312815442130124e-06,0.015262560374810224
ds004444,sub-011,ses-16,90,channel_inconsistency_max,0.47254901355830137,0.3220386099411793,0.1505104036171221,0.4673675732364689
ds004444,sub-011,ses-16,120,smr_snr_min,0.0006549250441867677,0.0006878658917438059,3.294084755703819e-05,0.047888473472120434
ds004444,sub-011,ses-16,120,high_beta_max,6.968827612856757e-13,6.867507921927175e-13,1.0131969092958153e-14,0.006006796700410584
ds004444,sub-011,ses-16,120,broadband_max,1.3346458637499337e-11,1.4472568101102435e-11,1.1261094636030983e-12,0.07278103132232211
ds004444,sub-011,ses-16,120,noise_floor_max,3.150739834012547e-13,2.7859960203971093e-13,3.647438136154377e-14,0.028526820517820673
ds004444,sub-011,ses-16,120,transient_max,8.505741206988578e-05,8.601541252765641e-05,9.58000457770635e-07,0.011137544057293993
ds004444,sub-011,ses-16,120,channel_inconsistency_max,0.3449760486740836,0.3220386099411793,0.022937438732904325,0.07122574133897376
ds004444,sub-012,ses-01,15,smr_snr_min,0.0009228903216890424,0.0015201417128194881,0.0005972513911304458,0.3928919163923209
ds004444,sub-012,ses-01,15,high_beta_max,1.978365084942856e-12,3.5649486443457666e-12,1.5865835594029105e-12,0.347557811273098
ds004444,sub-012,ses-01,15,broadband_max,2.1420064944066106e-11,3.614513312847744e-11,1.4725068184411336e-11,0.3964198521911424
ds004444,sub-012,ses-01,15,noise_floor_max,6.155269403662851e-13,5.112861838883125e-13,1.0424075647797257e-13,0.06897486233201494
ds004444,sub-012,ses-01,15,transient_max,5.628573891813493e-05,5.076929274433466e-05,5.516446173800271e-06,0.10865713833996066
ds004444,sub-012,ses-01,15,channel_inconsistency_max,0.6411827174406781,3.749971615881511e-05,0.6411452177245193,17097.334761465107
ds004444,sub-012,ses-01,30,smr_snr_min,0.0009165956224213009,0.0015201417128194881,0.0006035460903981873,0.39703277984637714
ds004444,sub-012,ses-01,30,high_beta_max,1.6998322487641996e-12,3.5649486443457666e-12,1.865116395581567e-12,0.40857335775107484
ds004444,sub-012,ses-01,30,broadband_max,1.6164330090889472e-11,3.614513312847744e-11,1.998080303758797e-11,0.5379117357980235
ds004444,sub-012,ses-01,30,noise_floor_max,4.796381337770573e-13,5.112861838883125e-13,3.1648050111255244e-14,0.020941136396701227
ds004444,sub-012,ses-01,30,transient_max,5.336526741435831e-05,5.076929274433466e-05,2.59597467002365e-06,0.05113277098351077
ds004444,sub-012,ses-01,30,channel_inconsistency_max,0.7415082334291935,3.749971615881511e-05,0.7414707337130346,19772.70203326683
ds004444,sub-012,ses-01,60,smr_snr_min,0.0011098770814762463,0.0015201417128194881,0.0004102646313432418,0.2698857794727679
ds004444,sub-012,ses-01,60,high_beta_max,2.151935884253922e-12,3.5649486443457666e-12,1.4130127600918448e-12,0.30953530262427587
ds004444,sub-012,ses-01,60,broadband_max,2.2882513055087617e-11,3.614513312847744e-11,1.3262620073389824e-11,0.3570486617322685
ds004444,sub-012,ses-01,60,noise_floor_max,4.377934492938432e-13,5.112861838883125e-13,7.349273459446932e-14,0.04862926385351023
ds004444,sub-012,ses-01,60,transient_max,5.304077058060536e-05,5.076929274433466e-05,2.2714778362706997e-06,0.04474117461057203
ds004444,sub-012,ses-01,60,channel_inconsistency_max,0.6235879785920073,3.749971615881511e-05,0.6235504788758485,16628.13818661748
ds004444,sub-012,ses-01,90,smr_snr_min,0.0012310489310236772,0.0015201417128194881,0.00028909278179581094,0.19017488906967772
ds004444,sub-012,ses-01,90,high_beta_max,3.128325080284381e-12,3.5649486443457666e-12,4.3662356406138565e-13,0.0956469827107904
ds004444,sub-012,ses-01,90,broadband_max,3.040395667582278e-11,3.614513312847744e-11,5.7411764526546584e-12,0.15456066432167842
ds004444,sub-012,ses-01,90,noise_floor_max,4.752459020478924e-13,5.112861838883125e-13,3.604028184042013e-14,0.023847423621444017
ds004444,sub-012,ses-01,90,transient_max,4.9854283054856525e-05,5.076929274433466e-05,9.150096894781361e-07,0.01802289577014732
ds004444,sub-012,ses-01,90,channel_inconsistency_max,0.6458368887876271,3.749971615881511e-05,0.6457993890714683,17221.446933491316
ds004444,sub-012,ses-01,120,smr_snr_min,0.0014833867553067184,0.0015201417128194881,3.6754957512769764e-05,0.024178638858886214
ds004444,sub-012,ses-01,120,high_beta_max,3.59781900545735e-12,3.5649486443457666e-12,3.2870361111583246e-14,0.007200598226290477
ds004444,sub-012,ses-01,120,broadband_max,3.411358170265479e-11,3.614513312847744e-11,2.0315514258226487e-12,0.05469226395813218
ds004444,sub-012,ses-01,120,noise_floor_max,4.682979302867626e-13,5.112861838883125e-13,4.298825360154994e-14,0.02844481347070058
ds004444,sub-012,ses-01,120,transient_max,4.9532678568704176e-05,5.076929274433466e-05,1.2366141756304852e-06,0.02435752173071107
ds004444,sub-012,ses-01,120,channel_inconsistency_max,0.6565118010902863,3.749971615881511e-05,0.6564743013741274,17506.113408639645
ds004444,sub-012,ses-16,15,smr_snr_min,0.000890780446688775,0.0012474165441549003,0.00035663609746612525,0.2858997652799605
ds004444,sub-012,ses-16,15,high_beta_max,1.517445688850527e-12,1.9638614201714706e-12,4.4641573132094365e-13,0.15061963703252929
ds004444,sub-012,ses-16,15,broadband_max,1.674452999584879e-11,4.279711088542209e-11,2.60525808895733e-11,0.5948470198805951
ds004444,sub-012,ses-16,15,noise_floor_max,5.672233884561907e-13,4.638101228036731e-13,1.0341326565251762e-13,0.07064663923381506
ds004444,sub-012,ses-16,15,transient_max,6.2704631113146e-05,7.509961852445258e-05,1.2394987411306585e-05,0.16504727307267852
ds004444,sub-012,ses-16,15,channel_inconsistency_max,0.7122095373221113,0.5031408909933078,0.2090686463288035,0.41552704236708277
ds004444,sub-012,ses-16,30,smr_snr_min,0.0007125660930487333,0.0012474165441549003,0.000534850451106167,0.42876652003982435
ds004444,sub-012,ses-16,30,high_beta_max,1.3083147169632477e-12,1.9638614201714706e-12,6.555467032082229e-13,0.2211799440914134
ds004444,sub-012,ses-16,30,broadband_max,1.6725338376932757e-11,4.279711088542209e-11,2.6071772508489334e-11,0.5952852135999533
ds004444,sub-012,ses-16,30,noise_floor_max,4.270198997315368e-13,4.638101228036731e-13,3.67902230721363e-14,0.02513319350577453
ds004444,sub-012,ses-16,30,transient_max,5.720920119020336e-05,7.509961852445258e-05,1.7890417334249224e-05,0.23822247632591625
ds004444,sub-012,ses-16,30,channel_inconsistency_max,0.7297613328179458,0.5031408909933078,0.22662044182463792,0.4504114968210798
ds004444,sub-012,ses-16,60,smr_snr_min,0.0007795797547865829,0.0012474165441549003,0.00046783678936831736,0.3750445600432716
ds004444,sub-012,ses-16,60,high_beta_max,1.5134524511566136e-12,1.9638614201714706e-12,4.5040896901485704e-13,0.1519669462105955
ds004444,sub-012,ses-16,60,broadband_max,2.0892749932869918e-11,4.279711088542209e-11,2.1904360952552174e-11,0.5001325546302886
ds004444,sub-012,ses-16,60,noise_floor_max,3.7365644029358846e-13,4.638101228036731e-13,9.015368251008464e-14,0.06158837208845842
ds004444,sub-012,ses-16,60,transient_max,5.6974959945067873e-05,7.509961852445258e-05,1.812465857938471e-05,0.2413415499859262
ds004444,sub-012,ses-16,60,channel_inconsistency_max,0.6361982746935781,0.5031408909933078,0.13305738370027032,0.2644535279915773
ds004444,sub-012,ses-16,90,smr_snr_min,0.0008554503940800394,0.0012474165441549003,0.00039196615007486084,0.31422234344838496
ds004444,sub-012,ses-16,90,high_beta_max,1.5435256487083836e-12,1.9638614201714706e-12,4.2033577146308696e-13,0.14182031879168258
ds004444,sub-012,ses-16,90,broadband_max,2.822147444876191e-11,4.279711088542209e-11,1.457563643666018e-11,0.3327990395254974
ds004444,sub-012,ses-16,90,noise_floor_max,3.8687899635043606e-13,4.638101228036731e-13,7.693112645323703e-14,0.0525553999489284
ds004444,sub-012,ses-16,90,transient_max,5.742514839398829e-05,7.509961852445258e-05,1.767447013046429e-05,0.2353469996570282
ds004444,sub-012,ses-16,90,channel_inconsistency_max,0.6914180280216845,0.5031408909933078,0.18827713702837667,0.3742036085683736
ds004444,sub-012,ses-16,120,smr_snr_min,0.0009624854973994297,0.0012474165441549003,0.0002849310467554706,0.22841692124589283
ds004444,sub-012,ses-16,120,high_beta_max,1.5435256487083836e-12,1.9638614201714706e-12,4.2033577146308696e-13,0.14182031879168258
ds004444,sub-012,ses-16,120,broadband_max,3.3636346245181055e-11,4.279711088542209e-11,9.160764640241037e-12,0.2091636743849742
ds004444,sub-012,ses-16,120,noise_floor_max,3.8183145873553914e-13,4.638101228036731e-13,8.197866406813396e-14,0.05600361876929647
ds004444,sub-012,ses-16,120,transient_max,5.9512385748073893e-05,7.509961852445258e-05,1.558723277637869e-05,0.20755408449577373
ds004444,sub-012,ses-16,120,channel_inconsistency_max,0.6813682466683081,0.5031408909933078,0.17822735567500025,0.3542295187393477
ds004444,sub-013,ses-01,15,smr_snr_min,0.00047386048591201494,0.0005155508137435986,4.1690327831583646e-05,0.08086560362108573
ds004444,sub-013,ses-01,15,high_beta_max,1.0304806953554256e-12,1.1513290029307352e-12,1.208483075753096e-13,0.056173791833178055
ds004444,sub-013,ses-01,15,broadband_max,9.12068627432374e-12,7.639564382049027e-12,1.4811218922747138e-12,0.17143478846597118
ds004444,sub-013,ses-01,15,noise_floor_max,9.045234939891289e-13,1.1868732372479793e-12,2.8234974325885046e-13,0.1291111612917112
ds004444,sub-013,ses-01,15,transient_max,7.62201052872514e-05,8.432330815594683e-05,8.103202868695435e-06,0.09609683194132525
ds004444,sub-013,ses-01,15,channel_inconsistency_max,0.654499802840385,0.0008137467895868883,0.6536860560507981,803.3040051431088
ds004444,sub-013,ses-01,30,smr_snr_min,0.0004762107142779095,0.0005155508137435986,3.934009946568906e-05,0.07630692909534877
ds004444,sub-013,ses-01,30,high_beta_max,1.0205397671799862e-12,1.1513290029307352e-12,1.3078923575074894e-13,0.060794623031891454
ds004444,sub-013,ses-01,30,broadband_max,6.646744527918471e-12,7.639564382049027e-12,9.92819854130556e-13,0.11491549923435967
ds004444,sub-013,ses-01,30,noise_floor_max,9.034620687483285e-13,1.1868732372479793e-12,2.834111684996508e-13,0.1295965233249199
ds004444,sub-013,ses-01,30,transient_max,6.949396505684023e-05,8.432330815594683e-05,1.4829343099106597e-05,0.1758629167610267
ds004444,sub-013,ses-01,30,channel_inconsistency_max,0.6136310530078902,0.0008137467895868883,0.6128173062183033,753.0810730157582
ds004444,sub-013,ses-01,60,smr_snr_min,0.00039310431316105863,0.0005155508137435986,0.00012244650058253995,0.23750617219650186
ds004444,sub-013,ses-01,60,high_beta_max,1.0468834919709664e-12,1.1513290029307352e-12,1.0444551095976876e-13,0.04854929711703028
ds004444,sub-013,ses-01,60,broadband_max,6.934268986290025e-12,7.639564382049027e-12,7.052953957590014e-13,0.08163552750696998
ds004444,sub-013,ses-01,60,noise_floor_max,9.30048283275618e-13,1.1868732372479793e-12,2.5682495397236136e-13,0.1174393419783018
ds004444,sub-013,ses-01,60,transient_max,7.983360646982508e-05,8.432330815594683e-05,4.489701686121754e-06,0.05324389817077194
ds004444,sub-013,ses-01,60,channel_inconsistency_max,0.569863289676468,0.0008137467895868883,0.5690495428868811,699.2955910480123
ds004444,sub-013,ses-01,90,smr_snr_min,0.00045069693689153115,0.0005155508137435986,6.485387685206743e-05,0.1257953144431001
ds004444,sub-013,ses-01,90,high_beta_max,1.0215394706106525e-12,1.1513290029307352e-12,1.2978953232008265e-13,0.060329931936617606
ds004444,sub-013,ses-01,90,broadband_max,7.1373127541333314e-12,7.639564382049027e-12,5.022516279156953e-13,0.05813390649177353
ds004444,sub-013,ses-01,90,noise_floor_max,9.034620687483285e-13,1.1868732372479793e-12,2.834111684996508e-13,0.1295965233249199
ds004444,sub-013,ses-01,90,transient_max,9.086437781338252e-05,8.432330815594683e-05,6.541069657435694e-06,0.07757131121762185
ds004444,sub-013,ses-01,90,channel_inconsistency_max,0.6078482249100914,0.0008137467895868883,0.6070344781205045,745.9746510123877
ds004444,sub-013,ses-01,120,smr_snr_min,0.00045337357517052164,0.0005155508137435986,6.217723857307694e-05,0.12060351141914082
ds004444,sub-013,ses-01,120,high_beta_max,1.0277470530304475e-12,1.1513290029307352e-12,1.2358194990028766e-13,0.05744446792282033
ds004444,sub-013,ses-01,120,broadband_max,6.952513994549088e-12,7.639564382049027e-12,6.870503874999388e-13,0.07952373026207979
ds004444,sub-013,ses-01,120,noise_floor_max,8.754422505206123e-13,1.1868732372479793e-12,3.1143098672736704e-13,0.14240925419128558
ds004444,sub-013,ses-01,120,transient_max,7.915465018692261e-05,8.432330815594683e-05,5.168657969024224e-06,0.06129572025530154
ds004444,sub-013,ses-01,120,channel_inconsistency_max,0.5966613248843438,0.0008137467895868883,0.5958475780947569,732.227254211376
ds004444,sub-013,ses-16,15,smr_snr_min,0.000571671452905404,0.000549739007347982,2.193244555742202e-05,0.03989610565080893
ds004444,sub-013,ses-16,15,high_beta_max,1.1134194603732676e-12,1.0433395644699664e-12,7.007989590330116e-14,0.03429674495706228
ds004444,sub-013,ses-16,15,broadband_max,5.151390896916671e-12,5.86941989117246e-12,7.180289942557894e-13,0.10452541926844386
ds004444,sub-013,ses-16,15,noise_floor_max,5.471299668551408e-13,6.827998865850846e-13,1.356699197299439e-13,0.08062154080914495
ds004444,sub-013,ses-16,15,transient_max,5.452183566033649e-05,5.972018768597165e-05,5.198352025635157e-06,0.08704513733152783
ds004444,sub-013,ses-16,15,channel_inconsistency_max,0.669105058293923,0.580057702669448,0.08904735562447497,0.15351465072271617
ds004444,sub-013,ses-16,30,smr_snr_min,0.0004611455130105331,0.000549739007347982,8.859349433744889e-05,0.1611555538030324
ds004444,sub-013,ses-16,30,high_beta_max,9.7970891027222e-13,1.0433395644699664e-12,6.36306541977463e-14,0.03114051883699116
ds004444,sub-013,ses-16,30,broadband_max,5.06217897716468e-12,5.86941989117246e-12,8.072409140077804e-13,0.11751223928604575
ds004444,sub-013,ses-16,30,noise_floor_max,5.299530420153986e-13,6.827998865850846e-13,1.52846844569686e-13,0.09082888927444545
ds004444,sub-013,ses-16,30,transient_max,5.358613229572217e-05,5.972018768597165e-05,6.1340553902494745e-06,0.10271326205120267
ds004444,sub-013,ses-16,30,channel_inconsistency_max,0.6884877494299206,0.580057702669448,0.10843004676047263,0.1869297593347807
ds004444,sub-013,ses-16,60,smr_snr_min,0.00044079208096510405,0.000549739007347982,0.00010894692638287792,0.1981793628039491
ds004444,sub-013,ses-16,60,high_beta_max,9.415368899670208e-13,1.0433395644699664e-12,1.018026745029456e-13,0.04982171161030339
ds004444,sub-013,ses-16,60,broadband_max,5.095174546556093e-12,5.86941989117246e-12,7.742453446163677e-13,0.11270898516646373
ds004444,sub-013,ses-16,60,noise_floor_max,5.690180563066665e-13,6.827998865850846e-13,1.137818302784181e-13,0.06761459350304344
ds004444,sub-013,ses-16,60,transient_max,5.774481391623029e-05,5.972018768597165e-05,1.9753737697413544e-06,0.033077152185980487
ds004444,sub-013,ses-16,60,channel_inconsistency_max,0.6288218099948741,0.580057702669448,0.04876410732542613,0.08406768344067798
ds004444,sub-013,ses-16,90,smr_snr_min,0.0004808626362074795,0.000549739007347982,6.887637114050244e-05,0.12528921923783887
ds004444,sub-013,ses-16,90,high_beta_max,9.415368899670208e-13,1.0433395644699664e-12,1.018026745029456e-13,0.04982171161030339
ds004444,sub-013,ses-16,90,broadband_max,5.352254188671789e-12,5.86941989117246e-12,5.17165702500671e-13,0.07528520758576052
ds004444,sub-013,ses-16,90,noise_floor_max,6.66245965182856e-13,6.827998865850846e-13,1.6553921402228624e-14,0.009837130091458226
ds004444,sub-013,ses-16,90,transient_max,5.6705143511103256e-05,5.972018768597165e-05,3.015044174868391e-06,0.05048617965228615
ds004444,sub-013,ses-16,90,channel_inconsistency_max,0.6466146021685424,0.580057702669448,0.06655689949909438,0.11474185963341614
ds004444,sub-013,ses-16,120,smr_snr_min,0.0004859188029158538,0.000549739007347982,6.382020443212815e-05,0.1160918244166699
ds004444,sub-013,ses-16,120,high_beta_max,9.802764729533216e-13,1.0433395644699664e-12,6.306309151664476e-14,0.03086275654482473
ds004444,sub-013,ses-16,120,broadband_max,5.892318351797525e-12,5.86941989117246e-12,2.2898460625064435e-14,0.0033333907357286567
ds004444,sub-013,ses-16,120,noise_floor_max,7.395397383410496e-13,6.827998865850846e-13,5.673985175596493e-14,0.03371752768007813
ds004444,sub-013,ses-16,120,transient_max,5.8680517280844624e-05,5.972018768597165e-05,1.0396704051270233e-06,0.01740902746630543
ds004444,sub-013,ses-16,120,channel_inconsistency_max,0.6611364691905979,0.580057702669448,0.08107876652114987,0.13977707070845274
ds004444,sub-014,ses-01,15,smr_snr_min,0.00054324564092438,0.00042793727615805864,0.00011530836476632137,0.26945155498508305
ds004444,sub-014,ses-01,15,high_beta_max,6.690216163889059e-13,5.14957884665056e-13,1.5406373172384987e-13,0.10169505917183436
ds004444,sub-014,ses-01,15,broadband_max,6.5441381393381486e-12,6.510697807667348e-12,3.344033167080057e-14,0.004452360157089901
ds004444,sub-014,ses-01,15,noise_floor_max,4.194896628561406e-13,3.191031379527455e-13,1.0038652490339511e-13,0.0761021045399039
ds004444,sub-014,ses-01,15,transient_max,6.829029193560694e-05,0.00010758355915159837,3.929326721599143e-05,0.36523486637384395
ds004444,sub-014,ses-01,15,channel_inconsistency_max,0.897399719713246,0.2182316973543142,0.6791680223589318,3.1121419600799034
ds004444,sub-014,ses-01,30,smr_snr_min,0.0006033758238773429,0.00042793727615805864,0.0001754385477192843,0.40996322845342137
ds004444,sub-014,ses-01,30,high_beta_max,6.622341206557682e-13,5.14957884665056e-13,1.4727623599071224e-13,0.09721473942047817
ds004444,sub-014,ses-01,30,broadband_max,6.606221753848814e-12,6.510697807667348e-12,9.552394618146635e-14,0.012718384979349065
ds004444,sub-014,ses-01,30,noise_floor_max,4.0865718402908875e-13,3.191031379527455e-13,8.955404607634326e-14,0.06789010161505005
ds004444,sub-014,ses-01,30,transient_max,6.74384630045014e-05,0.00010758355915159837,4.0145096147096974e-05,0.373152701867531
ds004444,sub-014,ses-01,30,channel_inconsistency_max,0.871737044994515,0.2182316973543142,0.6535053476402009,2.9945482510553694
ds004444,sub-014,ses-01,60,smr_snr_min,0.0006122636961956569,0.00042793727615805864,0.0001843264200375983,0.4307323289565105
ds004444,sub-014,ses-01,60,high_beta_max,6.12453928936199e-13,5.14957884665056e-13,9.749604427114305e-14,0.06435561361674326
ds004444,sub-014,ses-01,60,broadband_max,7.1195761070898285e-12,6.510697807667348e-12,6.088782994224805e-13,0.08106813974074457
ds004444,sub-014,ses-01,60,noise_floor_max,3.9529521749552326e-13,3.191031379527455e-13,7.619207954277776e-14,0.05776051724130401
ds004444,sub-014,ses-01,60,transient_max,5.785364245059891e-05,0.00010758355915159837,4.972991670099946e-05,0.46224457185581086
ds004444,sub-014,ses-01,60,channel_inconsistency_max,0.8052046624285323,0.2182316973543142,0.5869729650742181,2.6896778615919272
ds004444,sub-014,ses-01,90,smr_snr_min,0.0005648077342566683,0.00042793727615805864,0.0001368704580986097,0.3198376617423226
ds004444,sub-014,ses-01,90,high_beta_max,5.975484476247597e-13,5.14957884665056e-13,8.259056295970368e-14,0.054516738581128106
ds004444,sub-014,ses-01,90,broadband_max,6.868615634447838e-12,6.510697807667348e-12,3.579178267804902e-13,0.047654403884431
ds004444,sub-014,ses-01,90,noise_floor_max,3.646684044335959e-13,3.191031379527455e-13,4.556526648085039e-14,0.0345426109375859
ds004444,sub-014,ses-01,90,transient_max,5.785364245059891e-05,0.00010758355915159837,4.972991670099946e-05,0.46224457185581086
ds004444,sub-014,ses-01,90,channel_inconsistency_max,0.7722346961366675,0.2182316973543142,0.5540029987823534,2.5386000544199256
ds004444,sub-014,ses-01,120,smr_snr_min,0.0005325772321958567,0.00042793727615805864,0.0001046399560377981,0.24452171293119043
ds004444,sub-014,ses-01,120,high_beta_max,5.816170102297967e-13,5.14957884665056e-13,6.665912556474074e-14,0.04400064598460999
ds004444,sub-014,ses-01,120,broadband_max,6.493818349465257e-12,6.510697807667348e-12,1.6879458202090623e-14,0.0022473888091808342
ds004444,sub-014,ses-01,120,noise_floor_max,3.4791129390877356e-13,3.191031379527455e-13,2.880815595602807e-14,0.021839199018765486
ds004444,sub-014,ses-01,120,transient_max,5.929616342412452e-05,0.00010758355915159837,4.828739572747385e-05,0.4488361944839064
ds004444,sub-014,ses-01,120,channel_inconsistency_max,0.16156137427000383,0.2182316973543142,0.05667032308431036,0.259679614698879
ds004444,sub-014,ses-16,15,smr_snr_min,0.0002648445513246793,0.0002843301708656453,1.9485619540966022e-05,0.06853166307715515
ds004444,sub-014,ses-16,15,high_beta_max,4.378800489917846e-13,4.659586898271333e-13,2.8078640835348728e-14,0.019153773588708546
ds004444,sub-014,ses-16,15,broadband_max,6.286227854276747e-12,7.605096408071008e-12,1.3188685537942609e-12,0.1532659823029118
ds004444,sub-014,ses-16,15,noise_floor_max,6.415602343871376e-13,3.443189748083963e-13,2.9724125957874126e-13,0.22110917509076045
ds004444,sub-014,ses-16,15,transient_max,8.09002217898832e-05,7.099125032425418e-05,9.908971465629024e-06,0.13958017756821287
ds004444,sub-014,ses-16,15,channel_inconsistency_max,0.49551825052975856,0.00213305435976548,0.4933851961699931,231.3045580296107
ds004444,sub-014,ses-16,30,smr_snr_min,0.00026417720657596867,0.0002843301708656453,2.0152964289676652e-05,0.07087873987288111
ds004444,sub-014,ses-16,30,high_beta_max,4.840588472794928e-13,4.659586898271333e-13,1.810015745235951e-14,0.012346976472095466
ds004444,sub-014,ses-16,30,broadband_max,7.1780682340579356e-12,7.605096408071008e-12,4.2702817401307236e-13,0.04962503076810951
ds004444,sub-014,ses-16,30,noise_floor_max,4.919164841515021e-13,3.443189748083963e-13,1.4759750934310576e-13,0.10979351783987323
ds004444,sub-014,ses-16,30,transient_max,7.138059662775623e-05,7.099125032425418e-05,3.893463035020548e-07,0.005484426548895534
ds004444,sub-014,ses-16,30,channel_inconsistency_max,0.594751664489928,0.00213305435976548,0.5926186101301625,277.82630439736755
ds004444,sub-014,ses-16,60,smr_snr_min,0.00027112136739550723,0.0002843301708656453,1.3208803470138092e-05,0.046455862856438795
ds004444,sub-014,ses-16,60,high_beta_max,5.145530927077233e-13,4.659586898271333e-13,4.8594402880589955e-14,0.033148548603590074
ds004444,sub-014,ses-16,60,broadband_max,7.162409197238338e-12,7.605096408071008e-12,4.4268721083267006e-13,0.0514447706149415
ds004444,sub-014,ses-16,60,noise_floor_max,4.309254584414794e-13,3.443189748083963e-13,8.660648363308307e-14,0.06442405802196384
ds004444,sub-014,ses-16,60,transient_max,6.779097276264599e-05,7.099125032425418e-05,3.200277561608188e-06,0.045079886632661915
ds004444,sub-014,ses-16,60,channel_inconsistency_max,0.5783129077863092,0.00213305435976548,0.5761798534265437,270.11962940305585
ds004444,sub-014,ses-16,90,smr_snr_min,0.0002620579699703923,0.0002843301708656453,2.2272200895253008e-05,0.07833217540408376
ds004444,sub-014,ses-16,90,high_beta_max,4.942141322913657e-13,4.659586898271333e-13,2.8255442464232372e-14,0.0192743783711697
ds004444,sub-014,ses-16,90,broadband_max,5.6140485889963385e-12,7.605096408071008e-12,1.9910478190746694e-12,0.2313800711410042
ds004444,sub-014,ses-16,90,noise_floor_max,3.7731631277176073e-13,3.443189748083963e-13,3.2997337963364414e-14,0.02454576524002979
ds004444,sub-014,ses-16,90,transient_max,6.565329442282743e-05,7.099125032425418e-05,5.337955901426746e-06,0.07519174267045259
ds004444,sub-014,ses-16,90,channel_inconsistency_max,0.5982301729076358,0.00213305435976548,0.5960971185478703,279.4570684705623
ds004444,sub-014,ses-16,120,smr_snr_min,0.00029487085800398934,0.0002843301708656453,1.0540687138344018e-05,0.037071996507373174
ds004444,sub-014,ses-16,120,high_beta_max,5.169856889500272e-13,4.659586898271333e-13,5.102699912289383e-14,0.03480793795690857
ds004444,sub-014,ses-16,120,broadband_max,6.6758269948835055e-12,7.605096408071008e-12,9.292694131875024e-13,0.10799058710323217
ds004444,sub-014,ses-16,120,noise_floor_max,3.7939388089294684e-13,3.443189748083963e-13,3.5074906084550525e-14,0.026091208070279374
ds004444,sub-014,ses-16,120,transient_max,6.779097276264599e-05,7.099125032425418e-05,3.200277561608188e-06,0.045079886632661915
ds004444,sub-014,ses-16,120,channel_inconsistency_max,0.16950053475102095,0.00213305435976548,0.16736748039125546,78.46376701397944
ds004444,sub-015,ses-01,15,smr_snr_min,0.0004926068421861441,0.00039599418961728345,9.661265256886065e-05,0.24397492402163518
ds004444,sub-015,ses-01,15,high_beta_max,6.13675283237309e-13,4.66542512738723e-13,1.4713277049858599e-13,0.10032629072840178
ds004444,sub-015,ses-01,15,broadband_max,7.322579390604643e-12,6.514595502918263e-12,8.079838876863804e-13,0.10752194011941203
ds004444,sub-015,ses-01,15,noise_floor_max,1.3148357639536286e-12,4.1853761122175653e-13,8.962981527318721e-13,0.6318465902077206
ds004444,sub-015,ses-01,15,transient_max,0.00013134201318379474,0.0001176357293659873,1.3706283817807439e-05,0.11651463186537427
ds004444,sub-015,ses-01,15,channel_inconsistency_max,0.15880461392022185,0.1760593857972761,0.017254771877054237,0.0980054076573019
ds004444,sub-015,ses-01,30,smr_snr_min,0.00043169135528778194,0.00039599418961728345,3.5697165670498486e-05,0.0901456802051895
ds004444,sub-015,ses-01,30,high_beta_max,6.051652469520509e-13,4.66542512738723e-13,1.3862273421332793e-13,0.09452350205276644
ds004444,sub-015,ses-01,30,broadband_max,6.846808273690548e-12,6.514595502918263e-12,3.322127707722854e-13,0.04420900241979384
ds004444,sub-015,ses-01,30,noise_floor_max,7.12918607172514e-13,4.1853761122175653e-13,2.943809959507575e-13,0.2075242796679979
ds004444,sub-015,ses-01,30,transient_max,0.00011956917616540744,0.0001176357293659873,1.933446799420131e-06,0.016435880437047547
ds004444,sub-015,ses-01,30,channel_inconsistency_max,0.16909186776567997,0.1760593857972761,0.0069675180315961205,0.03957481732657699
ds004444,sub-015,ses-01,60,smr_snr_min,0.0004207300950200897,0.00039599418961728345,2.4735905402806235e-05,0.06246532395903946
ds004444,sub-015,ses-01,60,high_beta_max,5.184079842057488e-13,4.66542512738723e-13,5.186547146702585e-14,0.03536581518538367
ds004444,sub-015,ses-01,60,broadband_max,6.411116931370827e-12,6.514595502918263e-12,1.0347857154743604e-13,0.013770344858515745
ds004444,sub-015,ses-01,60,noise_floor_max,4.866905583201281e-13,4.1853761122175653e-13,6.815294709837153e-14,0.04804451186858052
ds004444,sub-015,ses-01,60,transient_max,0.00011678819104295376,0.0001176357293659873,8.475383230335435e-07,0.007204769506651503
ds004444,sub-015,ses-01,60,channel_inconsistency_max,0.1921568492927424,0.1760593857972761,0.016097463495466313,0.09143200984416891
ds004444,sub-015,ses-01,90,smr_snr_min,0.0004143466552633535,0.00039599418961728345,1.835246564607006e-05,0.04634529011009449
ds004444,sub-015,ses-01,90,high_beta_max,4.97129385068236e-13,4.66542512738723e-13,3.058687232951301e-14,0.02085645118626188
ds004444,sub-015,ses-01,90,broadband_max,6.5967855427845125e-12,6.514595502918263e-12,8.21900398662496e-14,0.010937387093467829
ds004444,sub-015,ses-01,90,noise_floor_max,4.956987980179237e-13,4.1853761122175653e-13,7.716118679616717e-14,0.05439488257890453
ds004444,sub-015,ses-01,90,transient_max,0.00011678819104295376,0.0001176357293659873,8.475383230335435e-07,0.007204769506651503
ds004444,sub-015,ses-01,90,channel_inconsistency_max,0.2112423724476449,0.1760593857972761,0.035182986650368814,0.19983590474796098
ds004444,sub-015,ses-01,120,smr_snr_min,0.0004238823883595,0.00039599418961728345,2.7888198742216533e-05,0.07042577745583557
ds004444,sub-015,ses-01,120,high_beta_max,4.905494987484077e-13,4.66542512738723e-13,2.4006986009684678e-14,0.016369785261016654
ds004444,sub-015,ses-01,120,broadband_max,6.221474503722586e-12,6.514595502918263e-12,2.9312099919567675e-13,0.039006889869434014
ds004444,sub-015,ses-01,120,noise_floor_max,4.804650444611212e-13,4.1853761122175653e-13,6.192743323936468e-14,0.04365582748703285
ds004444,sub-015,ses-01,120,transient_max,0.00011678819104295376,0.0001176357293659873,8.475383230335435e-07,0.007204769506651503
ds004444,sub-015,ses-01,120,channel_inconsistency_max,0.2263280456402505,0.1760593857972761,0.050268659842974406,0.2855210451578584
ds004444,sub-015,ses-16,15,smr_snr_min,0.00022728457096812428,0.00033254147226290944,0.00010525690129478517,0.3165226287776995
ds004444,sub-015,ses-16,15,high_beta_max,1.8823665379254364e-13,2.4066418294006226e-13,5.2427529147518624e-14,0.04225763092739451
ds004444,sub-015,ses-16,15,broadband_max,3.781861206197651e-12,5.434546903851818e-12,1.6526856976541665e-12,0.2568456990599981
ds004444,sub-015,ses-16,15,noise_floor_max,1.4478291748658048e-13,1.4685709255658631e-13,2.0741750700058362e-15,0.0018085732594477508
ds004444,sub-015,ses-16,15,transient_max,6.237589501792899e-05,7.586830319676556e-05,1.3492408178836568e-05,0.17783985449106401
ds004444,sub-015,ses-16,15,channel_inconsistency_max,0.876448400983882,0.00014358309826502337,0.876304817885617,6103.119534062625
ds004444,sub-015,ses-16,30,smr_snr_min,0.00030848951627918684,0.00033254147226290944,2.4051955983722608e-05,0.07232768817592558
ds004444,sub-015,ses-16,30,high_beta_max,2.2303600836028743e-13,2.4066418294006226e-13,1.7628174579774834e-14,0.014208659218323278
ds004444,sub-015,ses-16,30,broadband_max,4.39078372753105e-12,5.434546903851818e-12,1.0437631763207681e-12,0.1622123813715548
ds004444,sub-015,ses-16,30,noise_floor_max,1.3560502584885424e-13,1.4685709255658631e-13,1.1252066707732073e-14,0.009811219532722114
ds004444,sub-015,ses-16,30,transient_max,5.451247241931831e-05,7.586830319676556e-05,2.135583077744725e-05,0.2814855426590344
ds004444,sub-015,ses-16,30,channel_inconsistency_max,0.9117874131169783,0.00014358309826502337,0.9116438300187133,6349.241900232393
ds004444,sub-015,ses-16,60,smr_snr_min,0.00035952623973779503,0.00033254147226290944,2.698476747488559e-05,0.08114707380739622
ds004444,sub-015,ses-16,60,high_beta_max,2.344166944060878e-13,2.4066418294006226e-13,6.247488533974465e-15,0.005035599979334849
ds004444,sub-015,ses-16,60,broadband_max,5.820973197582342e-12,5.434546903851818e-12,3.864262937305242e-13,0.06005493463715426
ds004444,sub-015,ses-16,60,noise_floor_max,1.2794787886973025e-13,1.4685709255658631e-13,1.8909213686856067e-14,0.016487855208449243
ds004444,sub-015,ses-16,60,transient_max,5.710076142519226e-05,7.586830319676556e-05,1.87675417715733e-05,0.24736999159621925
ds004444,sub-015,ses-16,60,channel_inconsistency_max,0.8564017135403929,0.00014358309826502337,0.8562581304421278,5963.502214572346
ds004444,sub-015,ses-16,90,smr_snr_min,0.0003602350018204881,0.00033254147226290944,2.7693529557578636e-05,0.08327842324702746
ds004444,sub-015,ses-16,90,high_beta_max,2.367908265146938e-13,2.4066418294006226e-13,3.873356425368481e-15,0.003122002294117655
ds004444,sub-015,ses-16,90,broadband_max,5.562910580969566e-12,5.434546903851818e-12,1.2836367711774814e-13,0.019949140014957026
ds004444,sub-015,ses-16,90,noise_floor_max,1.2794787886973025e-13,1.4685709255658631e-13,1.8909213686856067e-14,0.016487855208449243
ds004444,sub-015,ses-16,90,transient_max,5.6129383535514875e-05,7.586830319676556e-05,1.9738919661250684e-05,0.26017346598465557
ds004444,sub-015,ses-16,90,channel_inconsistency_max,0.8680021983383513,0.00014358309826502337,0.8678586152400863,6044.295043654177
ds004444,sub-015,ses-16,120,smr_snr_min,0.00035952623973779503,0.00033254147226290944,2.698476747488559e-05,0.08114707380739622
ds004444,sub-015,ses-16,120,high_beta_max,2.3635120475305097e-13,2.4066418294006226e-13,4.3129781870112944e-15,0.0034763461751516193
ds004444,sub-015,ses-16,120,broadband_max,5.69155814617475e-12,5.434546903851818e-12,2.5701124232293214e-13,0.0399423993893154
ds004444,sub-015,ses-16,120,noise_floor_max,1.3569290883055775e-13,1.4685709255658631e-13,1.1164183726028561e-14,0.009734590123291857
ds004444,sub-015,ses-16,120,transient_max,5.8055536736094825e-05,7.586830319676556e-05,1.7812766460670734e-05,0.23478535139619128
ds004444,sub-015,ses-16,120,channel_inconsistency_max,0.8828317614881328,0.00014358309826502337,0.8826881783898678,6147.577137617124
ds004444,sub-016,ses-01,15,smr_snr_min,0.0004258122834314852,0.0004964457667895239,7.063348335803867e-05,0.1422783472856291
ds004444,sub-016,ses-01,15,high_beta_max,5.480255868931158e-13,5.417733824640722e-13,6.25220442904363e-15,0.004055203248515886
ds004444,sub-016,ses-01,15,broadband_max,5.500088763863311e-12,8.925173652310101e-12,3.4250848884467904e-12,0.34509067633789925
ds004444,sub-016,ses-01,15,noise_floor_max,4.849998452158046e-13,5.331041881545944e-13,4.810434293878982e-14,0.0313770866392931
ds004444,sub-016,ses-01,15,transient_max,0.000146939257038224,0.00015505809002822906,8.118832990005063e-06,0.052359944174257836
ds004444,sub-016,ses-01,15,channel_inconsistency_max,0.8792059675829145,0.0002503768623605205,0.878955590720554,3510.5304017445724
ds004444,sub-016,ses-01,30,smr_snr_min,0.0004387331149374838,0.0004964457667895239,5.7712651852040084e-05,0.11625167459682784
ds004444,sub-016,ses-01,30,high_beta_max,4.909716641651862e-13,5.417733824640722e-13,5.0801718298885994e-14,0.03295018507693677
ds004444,sub-016,ses-01,30,broadband_max,5.910613828955441e-12,8.925173652310101e-12,3.01455982335466e-12,0.30372867306488044
ds004444,sub-016,ses-01,30,noise_floor_max,4.472234133102083e-13,5.331041881545944e-13,8.588077484438612e-14,0.056017572391972435
ds004444,sub-016,ses-01,30,transient_max,0.00014654841355001133,0.00015505809002822906,8.509676478217731e-06,0.054880570383576466
ds004444,sub-016,ses-01,30,channel_inconsistency_max,0.8090830928955822,0.0002503768623605205,0.8088327160332217,3230.4610944365663
ds004444,sub-016,ses-01,60,smr_snr_min,0.00047210490977095306,0.0004964457667895239,2.434085701857083e-05,0.04903024378060672
ds004444,sub-016,ses-01,60,high_beta_max,4.864691616602401e-13,5.417733824640722e-13,5.5304220803832096e-14,0.035870525093282216
ds004444,sub-016,ses-01,60,broadband_max,6.623171960661683e-12,8.925173652310101e-12,2.3020016916484185e-12,0.23193565899097632
ds004444,sub-016,ses-01,60,noise_floor_max,4.472234133102083e-13,5.331041881545944e-13,8.588077484438612e-14,0.056017572391972435
ds004444,sub-016,ses-01,60,transient_max,0.0001331819145189593,0.00015505809002822906,2.187617550926976e-05,0.14108374070777835
ds004444,sub-016,ses-01,60,channel_inconsistency_max,0.8314495196594496,0.0002503768623605205,0.8311991427970891,3319.792139101271
ds004444,sub-016,ses-01,90,smr_snr_min,0.00048101635865918933,0.0004964457667895239,1.542940813033456e-05,0.0310797455259526
ds004444,sub-016,ses-01,90,high_beta_max,4.674410504666929e-13,5.417733824640722e-13,7.433233199737927e-14,0.048212229399485974
ds004444,sub-016,ses-01,90,broadband_max,6.984868055667108e-12,8.925173652310101e-12,1.940305596642994e-12,0.19549336511521734
ds004444,sub-016,ses-01,90,noise_floor_max,4.737744828589118e-13,5.331041881545944e-13,5.932970529568262e-14,0.03869906934837749
ds004444,sub-016,ses-01,90,transient_max,0.00013744026819256872,0.00015505809002822906,1.7617821835660334e-05,0.11362078379033395
ds004444,sub-016,ses-01,90,channel_inconsistency_max,0.6732947857456569,0.0002503768623605205,0.6730444088832964,2688.1254116286777
ds004444,sub-016,ses-01,120,smr_snr_min,0.00047584300911176374,0.0004964457667895239,2.060275767776015e-05,0.041500520327720905
ds004444,sub-016,ses-01,120,high_beta_max,4.789227716807997e-13,5.417733824640722e-13,6.28506107832725e-14,0.040765141945066044
ds004444,sub-016,ses-01,120,broadband_max,7.496955054624421e-12,8.925173652310101e-12,1.4282185976856805e-12,0.14389860043942507
ds004444,sub-016,ses-01,120,noise_floor_max,4.737744828589118e-13,5.331041881545944e-13,5.932970529568262e-14,0.03869906934837749
ds004444,sub-016,ses-01,120,transient_max,0.00014027875513847576,0.00015505809002822906,1.47793348897533e-05,0.0953148255066719
ds004444,sub-016,ses-01,120,channel_inconsistency_max,0.6927631630167754,0.0002503768623605205,0.6925127861544149,2765.881706718475
ds004444,sub-016,ses-16,15,smr_snr_min,0.0005830648890953917,0.0007470741471663814,0.00016400925807098972,0.2195354483534653
ds004444,sub-016,ses-16,15,high_beta_max,5.582195620688008e-13,6.088403142696462e-13,5.062075220084546e-14,0.03146412465666327
ds004444,sub-016,ses-16,15,broadband_max,8.27105067440422e-12,1.4883067453147826e-11,6.612016778743605e-12,0.41629343942836344
ds004444,sub-016,ses-16,15,noise_floor_max,2.0211349142494088e-13,2.30839467023111e-13,2.8725975598170095e-14,0.023338523315023597
ds004444,sub-016,ses-16,15,transient_max,9.748093298237581e-05,9.016838480201421e-05,7.312548180361605e-06,0.08109880325924894
ds004444,sub-016,ses-16,15,channel_inconsistency_max,0.7377641284067307,0.6905653931167302,0.047198735290000515,0.06834795916561938
ds004444,sub-016,ses-16,30,smr_snr_min,0.0006307567252320577,0.0007470741471663814,0.00011631742193432375,0.15569729218955466
ds004444,sub-016,ses-16,30,high_beta_max,5.42411007572922e-13,6.088403142696462e-13,6.642930669672424e-14,0.04129018032897856
ds004444,sub-016,ses-16,30,broadband_max,8.319236165895219e-12,1.4883067453147826e-11,6.563831287252607e-12,0.4132596745946412
ds004444,sub-016,ses-16,30,noise_floor_max,2.0691212769674359e-13,2.30839467023111e-13,2.3927339326367393e-14,0.01943985382938498
ds004444,sub-016,ses-16,30,transient_max,7.326702524605174e-05,9.016838480201421e-05,1.690135955596247e-05,0.187442188363817
ds004444,sub-016,ses-16,30,channel_inconsistency_max,0.7604085635828861,0.6905653931167302,0.06984317046615596,0.10113911175136
ds004444,sub-016,ses-16,60,smr_snr_min,0.0007275835124397875,0.0007470741471663814,1.949063472659392e-05,0.02608929083469389
ds004444,sub-016,ses-16,60,high_beta_max,5.674262756856953e-13,6.088403142696462e-13,4.1414038583950955e-14,0.025741547011613387
ds004444,sub-016,ses-16,60,broadband_max,1.0661506084573972e-11,1.4883067453147826e-11,4.2215613685738536e-12,0.26579005478801215
ds004444,sub-016,ses-16,60,noise_floor_max,2.0492974035902848e-13,2.30839467023111e-13,2.5909726664082496e-14,0.02105045162936427
ds004444,sub-016,ses-16,60,transient_max,7.898920155642023e-05,9.016838480201421e-05,1.1179183245593974e-05,0.12398118416071557
ds004444,sub-016,ses-16,60,channel_inconsistency_max,0.7824889921210314,0.6905653931167302,0.09192359900430125,0.133113532650817
ds004444,sub-016,ses-16,90,smr_snr_min,0.0007558291393407923,0.0007470741471663814,8.754992174410912e-06,0.011719040467267088
ds004444,sub-016,ses-16,90,high_beta_max,5.514402619239603e-13,6.088403142696462e-13,5.740005234568597e-14,0.03567790528157138
ds004444,sub-016,ses-16,90,broadband_max,1.135033934306936e-11,1.4883067453147826e-11,3.5327281100784665e-12,0.22242102292264232
ds004444,sub-016,ses-16,90,noise_floor_max,2.14807426329758e-13,2.30839467023111e-13,1.6032040693352967e-14,0.013025289749708636
ds004444,sub-016,ses-16,90,transient_max,8.564061524376285e-05,9.016838480201421e-05,4.527769558251358e-06,0.050214601470110996
ds004444,sub-016,ses-16,90,channel_inconsistency_max,0.7193605299336443,0.6905653931167302,0.028795136816914146,0.04169791464195925
ds004444,sub-016,ses-16,120,smr_snr_min,0.0007618435670035603,0.0007470741471663814,1.4769419837178891e-05,0.019769684004498016
ds004444,sub-016,ses-16,120,high_beta_max,5.702806082578093e-13,6.088403142696462e-13,3.855970601183693e-14,0.02396739171055743
ds004444,sub-016,ses-16,120,broadband_max,1.1993796668575775e-11,1.4883067453147826e-11,2.8892707845720508e-12,0.18190886572098725
ds004444,sub-016,ses-16,120,noise_floor_max,2.2304352378055144e-13,2.30839467023111e-13,7.795943242559539e-15,0.006333842431470519
ds004444,sub-016,ses-16,120,transient_max,8.300878361181047e-05,9.016838480201421e-05,7.159601190203743e-06,0.07940256583858918
ds004444,sub-016,ses-16,120,channel_inconsistency_max,0.7626324001680302,0.6905653931167302,0.07206700705130009,0.10435942456649264
ds004444,sub-017,ses-01,15,smr_snr_min,0.00022868104825420207,0.0003992427870466906,0.0001705617387924885,0.4272130740970121
ds004444,sub-017,ses-01,15,high_beta_max,3.08323956208258e-13,5.906938149920041e-13,2.8236985878374616e-13,0.17751364600934563
ds004444,sub-017,ses-01,15,broadband_max,6.459894410476573e-12,1.1167187217349868e-11,4.707292806873295e-12,0.38688422581029286
ds004444,sub-017,ses-01,15,noise_floor_max,2.807296508187064e-13,4.249364095534964e-13,1.4420675873478997e-13,0.10120224156527598
ds004444,sub-017,ses-01,15,transient_max,9.03859514763104e-05,8.5899388876173e-05,4.4865626001374e-06,0.0522304361719558
ds004444,sub-017,ses-01,15,channel_inconsistency_max,0.800587429898702,0.0032406123168281804,0.7973468175818739,246.04819687788083
ds004444,sub-017,ses-01,30,smr_snr_min,0.0002471112988374296,0.0003992427870466906,0.000152131488209261,0.38105005967313693
ds004444,sub-017,ses-01,30,high_beta_max,3.3111752446479727e-13,5.906938149920041e-13,2.5957629052720686e-13,0.16318432125701807
ds004444,sub-017,ses-01,30,broadband_max,6.741168645548242e-12,1.1167187217349868e-11,4.426018571801626e-12,0.36376678460986617
ds004444,sub-017,ses-01,30,noise_floor_max,2.495555349833319e-13,4.249364095534964e-13,1.7538087457016447e-13,0.12307979036420302
ds004444,sub-017,ses-01,30,transient_max,9.731608834973672e-05,8.5899388876173e-05,1.141669947356372e-05,0.1329078063304209
ds004444,sub-017,ses-01,30,channel_inconsistency_max,0.8066676777095756,0.0032406123168281804,0.8034270653927474,247.9244619829115
ds004444,sub-017,ses-01,60,smr_snr_min,0.0003448284733655441,0.0003992427870466906,5.441431368114646e-05,0.13629379242483103
ds004444,sub-017,ses-01,60,high_beta_max,3.8190811904492105e-13,5.906938149920041e-13,2.087856959470831e-13,0.13125448403666082
ds004444,sub-017,ses-01,60,broadband_max,8.80365717640464e-12,1.1167187217349868e-11,2.363530040945228e-12,0.19425443191791603
ds004444,sub-017,ses-01,60,noise_floor_max,2.8223758482265015e-13,4.249364095534964e-13,1.4269882473084623e-13,0.10014399504014421
ds004444,sub-017,ses-01,60,transient_max,8.746167406729233e-05,8.5899388876173e-05,1.562285191119333e-06,0.018187384024163877
ds004444,sub-017,ses-01,60,channel_inconsistency_max,0.643028100538548,0.0032406123168281804,0.6397874882217198,197.42796282725288
ds004444,sub-017,ses-01,90,smr_snr_min,0.00036505042565287786,0.0003992427870466906,3.419236139381272e-05,0.08564302829639091
ds004444,sub-017,ses-01,90,high_beta_max,4.497031049730459e-13,5.906938149920041e-13,1.4099071001895823e-13,0.08863472573423374
ds004444,sub-017,ses-01,90,broadband_max,1.0860796605766437e-11,1.1167187217349868e-11,3.063906115834308e-13,0.025181712593896097
ds004444,sub-017,ses-01,90,noise_floor_max,3.1278136621819133e-13,4.249364095534964e-13,1.1215504333530505e-13,0.07870880593924105
ds004444,sub-017,ses-01,90,transient_max,9.53331879148546e-05,8.5899388876173e-05,9.433799038681604e-06,0.10982381891513733
ds004444,sub-017,ses-01,90,channel_inconsistency_max,0.6715675784868853,0.0032406123168281804,0.6683269661700572,206.23477930182094
ds004444,sub-017,ses-01,120,smr_snr_min,0.00037945257808178075,0.0003992427870466906,1.9790208964909827e-05,0.049569358689568625
ds004444,sub-017,ses-01,120,high_beta_max,4.946064374558792e-13,5.906938149920041e-13,9.60873775361249e-14,0.06040595407520831
ds004444,sub-017,ses-01,120,broadband_max,1.2802931441590036e-11,1.1167187217349868e-11,1.6357442242401684e-12,0.13443897878941732
ds004444,sub-017,ses-01,120,noise_floor_max,3.596552599484636e-13,4.249364095534964e-13,6.528114960503278e-14,0.045813377472394445
ds004444,sub-017,ses-01,120,transient_max,0.00010124183062485689,8.5899388876173e-05,1.5342441748683887e-05,0.17860943798088155
ds004444,sub-017,ses-01,120,channel_inconsistency_max,0.18936243466169045,0.0032406123168281804,0.18612182234486227,57.434152589285624
ds004444,sub-017,ses-16,15,smr_snr_min,0.00018211542097229503,0.00011490151438294267,6.721390658935236e-05,0.584969713979337
ds004444,sub-017,ses-16,15,high_beta_max,6.012054110639456e-13,5.39203467258709e-13,6.200194380523657e-14,0.040281837407539635
ds004444,sub-017,ses-16,15,broadband_max,1.116641843712744e-11,4.921989007201856e-12,6.244429429925585e-12,1.0544479941336606
ds004444,sub-017,ses-16,15,noise_floor_max,3.778136153099237e-13,4.065304102356011e-13,2.871679492567742e-14,0.020416760787182135
ds004444,sub-017,ses-16,15,transient_max,0.00011009537132829855,8.653385030899602e-05,2.356152101930253e-05,0.2722809705437563
ds004444,sub-017,ses-16,15,channel_inconsistency_max,0.4258980400929654,0.32986877527590863,0.09602926481705676,0.2911135336663645
ds004444,sub-017,ses-16,30,smr_snr_min,0.00012275599064922598,0.00011490151438294267,7.854476266283311e-06,0.0683583348757933
ds004444,sub-017,ses-16,30,high_beta_max,6.138447908736259e-13,5.39203467258709e-13,7.464132361491689e-14,0.04849347419146061
ds004444,sub-017,ses-16,30,broadband_max,4.5124506142198416e-12,4.921989007201856e-12,4.0953839298201407e-13,0.06915554765197399
ds004444,sub-017,ses-16,30,noise_floor_max,3.4480167483126456e-13,4.065304102356011e-13,6.172873540433656e-14,0.04388723838114292
ds004444,sub-017,ses-16,30,transient_max,0.0001181233828641176,8.653385030899602e-05,3.158953255512158e-05,0.3650540462173738
ds004444,sub-017,ses-16,30,channel_inconsistency_max,0.4102775304052134,0.32986877527590863,0.08040875512930479,0.2437598255906628
ds004444,sub-017,ses-16,60,smr_snr_min,9.340774777501122e-05,0.00011490151438294267,2.149376660793145e-05,0.18706251641936342
ds004444,sub-017,ses-16,60,high_beta_max,4.1400327894883117e-13,5.39203467258709e-13,1.2520018830987784e-13,0.08134089545215027
ds004444,sub-017,ses-16,60,broadband_max,3.5219050378376576e-12,4.921989007201856e-12,1.400083969364198e-12,0.2364212374696283
ds004444,sub-017,ses-16,60,noise_floor_max,2.94969601156065e-13,4.065304102356011e-13,1.1156080907953612e-13,0.07931631500299316
ds004444,sub-017,ses-16,60,transient_max,0.00010675538323033411,8.653385030899602e-05,2.022153292133809e-05,0.23368349629014917
ds004444,sub-017,ses-16,60,channel_inconsistency_max,0.40043559806128587,0.32986877527590863,0.07056682278537724,0.21392392391835166
ds004444,sub-017,ses-16,90,smr_snr_min,9.521634064584763e-05,0.00011490151438294267,1.9685173737095035e-05,0.17132214202300533
ds004444,sub-017,ses-16,90,high_beta_max,3.87362052085192e-13,5.39203467258709e-13,1.51841415173517e-13,0.09864934584895625
ds004444,sub-017,ses-16,90,broadband_max,4.064289582666475e-12,4.921989007201856e-12,8.576994245353805e-13,0.14483299842203595
ds004444,sub-017,ses-16,90,noise_floor_max,3.0481958384854803e-13,4.065304102356011e-13,1.017108263870531e-13,0.0723132792912853
ds004444,sub-017,ses-16,90,transient_max,9.458962923628509e-05,8.653385030899602e-05,8.055778927289073e-06,0.09309396040311912
ds004444,sub-017,ses-16,90,channel_inconsistency_max,0.4834599573809191,0.32986877527590863,0.1535911821050105,0.4656129758752651
ds004444,sub-017,ses-16,120,smr_snr_min,9.241699118412325e-05,0.00011490151438294267,2.2484523198819416e-05,0.19568517546425052
ds004444,sub-017,ses-16,120,high_beta_max,4.769634479386699e-13,5.39203467258709e-13,6.224001932003908e-14,0.04043651189981226
ds004444,sub-017,ses-16,120,broadband_max,4.216878974683883e-12,4.921989007201856e-12,7.051100325179728e-13,0.11906642036323838
ds004444,sub-017,ses-16,120,noise_floor_max,3.1731254090043715e-13,4.065304102356011e-13,8.921786933516397e-14,0.06343116983885157
ds004444,sub-017,ses-16,120,transient_max,9.458962923628509e-05,8.653385030899602e-05,8.055778927289073e-06,0.09309396040311912
ds004444,sub-017,ses-16,120,channel_inconsistency_max,0.49771306555057204,0.32986877527590863,0.1678442902746634,0.5088213946099215
ds004444,sub-018,ses-01,15,smr_snr_min,0.00019445413723572305,0.0002081357727348279,1.3681635499104844e-05,0.06573418520804461
ds004444,sub-018,ses-01,15,high_beta_max,4.0933221722176236e-13,3.185321028327133e-13,9.080011438904908e-14,0.06886454580360658
ds004444,sub-018,ses-01,15,broadband_max,3.1960331126592325e-12,3.16382728287725e-12,3.220582978198235e-14,0.007734669954832462
ds004444,sub-018,ses-01,15,noise_floor_max,1.7056034419985926e-13,1.8134757760097436e-13,1.0787233401115106e-14,0.0091312951460241
ds004444,sub-018,ses-01,15,transient_max,8.237683709468227e-05,3.769539040207523e-05,4.468144669260704e-05,1.185329161753901
ds004444,sub-018,ses-01,15,channel_inconsistency_max,0.6585032936138302,0.679149241691401,0.020645948077570808,0.03039972190224683
ds004444,sub-018,ses-01,30,smr_snr_min,0.00019664565745304539,0.0002081357727348279,1.1490115281782506e-05,0.05520490339359589
ds004444,sub-018,ses-01,30,high_beta_max,3.443144261724056e-13,3.185321028327133e-13,2.57823233396923e-14,0.01955380781727041
ds004444,sub-018,ses-01,30,broadband_max,2.8654821210631074e-12,3.16382728287725e-12,2.9834516181414274e-13,0.07165166601434605
ds004444,sub-018,ses-01,30,noise_floor_max,1.838188055320532e-13,1.8134757760097436e-13,2.4712279310788455e-15,0.0020918720095040107
ds004444,sub-018,ses-01,30,transient_max,5.8900878080415055e-05,3.769539040207523e-05,2.1205487678339827e-05,0.5625485474378815
ds004444,sub-018,ses-01,30,channel_inconsistency_max,0.6646323444707982,0.679149241691401,0.014516897220602787,0.02137512100348888
ds004444,sub-018,ses-01,60,smr_snr_min,0.00019411205207742346,0.0002081357727348279,1.4023720657404436e-05,0.0673777525398932
ds004444,sub-018,ses-01,60,high_beta_max,2.8402766112029623e-13,3.185321028327133e-13,3.450444171241706e-14,0.026168829441686154
ds004444,sub-018,ses-01,60,broadband_max,2.7320079603247814e-12,3.16382728287725e-12,4.318193225524688e-13,0.10370730897706135
ds004444,sub-018,ses-01,60,noise_floor_max,1.7635749417172013e-13,1.8134757760097436e-13,4.990083429254235e-15,0.004224060322185503
ds004444,sub-018,ses-01,60,transient_max,3.6833989105058374e-05,3.769539040207523e-05,8.614012970168541e-07,0.022851634244323876
ds004444,sub-018,ses-01,60,channel_inconsistency_max,0.7386155409663391,0.679149241691401,0.05946629927493807,0.08755998773811698
ds004444,sub-018,ses-01,90,smr_snr_min,0.00019249665724388096,0.0002081357727348279,1.563911549094693e-05,0.07513900763100771
ds004444,sub-018,ses-01,90,high_beta_max,2.9481952831619033e-13,3.185321028327133e-13,2.3712574516522958e-14,0.017984070668874308
ds004444,sub-018,ses-01,90,broadband_max,2.7320079603247814e-12,3.16382728287725e-12,4.318193225524688e-13,0.10370730897706135
ds004444,sub-018,ses-01,90,noise_floor_max,2.126222970750231e-13,1.8134757760097436e-13,3.127471947404875e-14,0.026473766118486477
ds004444,sub-018,ses-01,90,transient_max,3.612723242542155e-05,3.769539040207523e-05,1.5681579766536796e-06,0.041600787744237304
ds004444,sub-018,ses-01,90,channel_inconsistency_max,0.6910616334574445,0.679149241691401,0.011912391766043529,0.017540167955365053
ds004444,sub-018,ses-01,120,smr_snr_min,0.00019574903508829338,0.0002081357727348279,1.2386737646534512e-05,0.05951277583984981
ds004444,sub-018,ses-01,120,high_beta_max,2.9539563726312447e-13,3.185321028327133e-13,2.3136465569588814e-14,0.017547138609581674
ds004444,sub-018,ses-01,120,broadband_max,2.745952350536553e-12,3.16382728287725e-12,4.1787493234069735e-13,0.10035837318687754
ds004444,sub-018,ses-01,120,noise_floor_max,2.0555767121511806e-13,1.8134757760097436e-13,2.4210093614143696e-14,0.020493624461742604
ds004444,sub-018,ses-01,120,transient_max,3.5037652918287954e-05,3.769539040207523e-05,2.6577374837872736e-06,0.07050563437420518
ds004444,sub-018,ses-01,120,channel_inconsistency_max,0.7031310907009849,0.679149241691401,0.02398184900958389,0.03531160389699103
ds004444,sub-018,ses-16,15,smr_snr_min,0.00042764191580424313,0.00040546642581582764,2.2175489988415494e-05,0.05469130986395607
ds004444,sub-018,ses-16,15,high_beta_max,7.084610300184611e-13,6.857370091025896e-13,2.2724020915871486e-14,0.013480169678405964
ds004444,sub-018,ses-16,15,broadband_max,7.619145268448723e-12,9.002457613459894e-12,1.3833123450111706e-12,0.13829724638369917
ds004444,sub-018,ses-16,15,noise_floor_max,8.668222298113059e-13,5.130706185043044e-13,3.537516113070015e-13,0.23379715856004848
ds004444,sub-018,ses-16,15,transient_max,6.779366955062198e-05,0.00010335474372472739,3.556107417410541e-05,0.3440681341608258
ds004444,sub-018,ses-16,15,channel_inconsistency_max,0.4005579696114644,0.0005534378802192522,0.4000045317312451,722.7631958441559
ds004444,sub-018,ses-16,30,smr_snr_min,0.00035061762249375577,0.00040546642581582764,5.484880332207187e-05,0.13527335358640058
ds004444,sub-018,ses-16,30,high_beta_max,6.098097233102276e-13,6.857370091025896e-13,7.592728579236207e-14,0.04504100306416262
ds004444,sub-018,ses-16,30,broadband_max,6.795560136896218e-12,9.002457613459894e-12,2.2068974765636763e-12,0.22063552397302294
ds004444,sub-018,ses-16,30,noise_floor_max,5.328575792154122e-13,5.130706185043044e-13,1.9786960711107747e-14,0.013077354400462477
ds004444,sub-018,ses-16,30,transient_max,6.641799847409797e-05,0.00010335474372472739,3.6936745250629424e-05,0.3573783220983796
ds004444,sub-018,ses-16,30,channel_inconsistency_max,0.35282256992301353,0.0005534378802192522,0.35226913204279425,636.510697942698
ds004444,sub-018,ses-16,60,smr_snr_min,0.00035061762249375577,0.00040546642581582764,5.484880332207187e-05,0.13527335358640058
ds004444,sub-018,ses-16,60,high_beta_max,6.231027762940586e-13,6.857370091025896e-13,6.263423280853108e-14,0.03715539996471616
ds004444,sub-018,ses-16,60,broadband_max,7.1827229595567056e-12,9.002457613459894e-12,1.8197346539031885e-12,0.18192875433477937
ds004444,sub-018,ses-16,60,noise_floor_max,4.958230551308644e-13,5.130706185043044e-13,1.724756337344008e-14,0.011399047184254748
ds004444,sub-018,ses-16,60,transient_max,6.641799847409797e-05,0.00010335474372472739,3.6936745250629424e-05,0.3573783220983796
ds004444,sub-018,ses-16,60,channel_inconsistency_max,0.3973161833298879,0.0005534378802192522,0.3967627454496686,716.9056526733945
ds004444,sub-018,ses-16,90,smr_snr_min,0.0003983927554575965,0.00040546642581582764,7.073670358231129e-06,0.017445760956786086
ds004444,sub-018,ses-16,90,high_beta_max,6.780454049303072e-13,6.857370091025896e-13,7.691604172282405e-15,0.004562754528582764
ds004444,sub-018,ses-16,90,broadband_max,7.438734058156621e-12,9.002457613459894e-12,1.5637235553032728e-12,0.1563339346921135
ds004444,sub-018,ses-16,90,noise_floor_max,5.289750232588392e-13,5.130706185043044e-13,1.590440475453478e-14,0.010511343330595203
ds004444,sub-018,ses-16,90,transient_max,9.838914174105422e-05,0.00010335474372472739,4.965601983673173e-06,0.04804425763808368
ds004444,sub-018,ses-16,90,channel_inconsistency_max,0.4004860892416333,0.0005534378802192522,0.39993265136141404,722.6333161010622
ds004444,sub-018,ses-16,120,smr_snr_min,0.0004025014196232757,0.00040546642581582764,2.9650061925519606e-06,0.007312581255707112
ds004444,sub-018,ses-16,120,high_beta_max,6.946007175867181e-13,6.857370091025896e-13,8.863708484128444e-15,0.005258061273061261
ds004444,sub-018,ses-16,120,broadband_max,7.759445537075674e-12,9.002457613459894e-12,1.2430120763842205e-12,0.12427066671210388
ds004444,sub-018,ses-16,120,noise_floor_max,5.589947202866643e-13,5.130706185043044e-13,4.5924101782359866e-14,0.030351591803267325
ds004444,sub-018,ses-16,120,transient_max,0.00010183063785763319,0.00010335474372472739,1.5241058670942059e-06,0.014746356068639846
ds004444,sub-018,ses-16,120,channel_inconsistency_max,0.4885409554427326,0.0005534378802192522,0.48798751756251335,881.7385548084487
ds004444,sub-019,ses-01,15,smr_snr_min,0.0008651010421831465,0.0008232216279985169,4.187941418462961e-05,0.050872587295328536
ds004444,sub-019,ses-01,15,high_beta_max,1.2561470962193532e-12,1.3833585531965424e-12,1.2721145697718915e-13,0.053374871693801215
ds004444,sub-019,ses-01,15,broadband_max,1.5456980824372165e-11,1.861548780802481e-11,3.1585069836526456e-12,0.16102107755691306
ds004444,sub-019,ses-01,15,noise_floor_max,1.0330643533225389e-12,8.348339550905345e-13,1.9823039823200442e-13,0.10803724101684357
ds004444,sub-019,ses-01,15,transient_max,8.48047473258564e-05,7.475017593652234e-05,1.0054571389334064e-05,0.13450899785658543
ds004444,sub-019,ses-01,15,channel_inconsistency_max,0.6421188157716309,0.08759394164552192,0.554524874126109,6.3306304488939205
ds004444,sub-019,ses-01,30,smr_snr_min,0.0006850753538162358,0.0008232216279985169,0.00013814627418228106,0.167811764555241
ds004444,sub-019,ses-01,30,high_beta_max,1.2002701535091057e-12,1.3833585531965424e-12,1.8308839968743666e-13,0.07681949467564579
ds004444,sub-019,ses-01,30,broadband_max,1.2953848535530546e-11,1.861548780802481e-11,5.661639272494265e-12,0.2886310719317444
ds004444,sub-019,ses-01,30,noise_floor_max,8.433681766756059e-13,8.348339550905345e-13,8.534221585071457e-15,0.004651222832122899
ds004444,sub-019,ses-01,30,transient_max,7.443728969253062e-05,7.475017593652234e-05,3.128862439917199e-07,0.004185759242515534
ds004444,sub-019,ses-01,30,channel_inconsistency_max,0.6872839118612011,0.08759394164552192,0.5996899702156792,6.846249397426116
ds004444,sub-019,ses-01,60,smr_snr_min,0.0006835966653714628,0.0008232216279985169,0.0001396249626270541,0.16960798612266012
ds004444,sub-019,ses-01,60,high_beta_max,9.745934597881911e-13,1.3833585531965424e-12,4.0876509340835126e-13,0.17150801454532244
ds004444,sub-019,ses-01,60,broadband_max,1.2519814921965887e-11,1.861548780802481e-11,6.095672886058924e-12,0.3107581593543215
ds004444,sub-019,ses-01,60,noise_floor_max,7.220455676134009e-13,8.348339550905345e-13,1.1278838747713353e-13,0.061470623630119334
ds004444,sub-019,ses-01,60,transient_max,6.95785867093918e-05,7.475017593652234e-05,5.171589227130543e-06,0.06918497639841366
ds004444,sub-019,ses-01,60,channel_inconsistency_max,0.6498085250419021,0.08759394164552192,0.5622145833963802,6.418418589554406
ds004444,sub-019,ses-01,90,smr_snr_min,0.0006749990475549303,0.0008232216279985169,0.00014822258044358658,0.18005185386577546
ds004444,sub-019,ses-01,90,high_beta_max,9.747427140701141e-13,1.3833585531965424e-12,4.086158391264283e-13,0.17144539103375603
ds004444,sub-019,ses-01,90,broadband_max,1.2813844460536344e-11,1.861548780802481e-11,5.801643347488467e-12,0.2957684970299327
ds004444,sub-019,ses-01,90,noise_floor_max,6.293429813339781e-13,8.348339550905345e-13,2.0549097375655632e-13,0.11199431599052621
ds004444,sub-019,ses-01,90,transient_max,6.836321864652463e-05,7.475017593652234e-05,6.386957289997709e-06,0.08544404243245467
ds004444,sub-019,ses-01,90,channel_inconsistency_max,0.705581882649384,0.08759394164552192,0.6179879410038621,7.055144789552925
ds004444,sub-019,ses-01,120,smr_snr_min,0.0006835966653714628,0.0008232216279985169,0.0001396249626270541,0.16960798612266012
ds004444,sub-019,ses-01,120,high_beta_max,1.0100059521174678e-12,1.3833585531965424e-12,3.733526010790746e-13,0.15664978338166402
ds004444,sub-019,ses-01,120,broadband_max,1.5288751940322825e-11,1.861548780802481e-11,3.326735867701986e-12,0.16959740691949546
ds004444,sub-019,ses-01,120,noise_floor_max,6.702201973686765e-13,8.348339550905345e-13,1.6461375772185793e-13,0.0897158880590563
ds004444,sub-019,ses-01,120,transient_max,6.96106862287326e-05,7.475017593652234e-05,5.139489707789733e-06,0.06875555240697524
ds004444,sub-019,ses-01,120,channel_inconsistency_max,0.2780628829373573,0.08759394164552192,0.1904689412918354,2.1744533664263788
ds004444,sub-019,ses-16,15,smr_snr_min,0.0005587624871599139,0.0006481991043536389,8.943661719372498e-05,0.1379770759555907
ds004444,sub-019,ses-16,15,high_beta_max,1.2497991132200018e-12,1.3424269171524992e-12,9.262780393249733e-14,0.03954351926808352
ds004444,sub-019,ses-16,15,broadband_max,1.007099085509353e-11,1.3381563374291097e-11,3.3105725191975666e-12,0.2301955936943297
ds004444,sub-019,ses-16,15,noise_floor_max,9.764899382778402e-13,4.963039210392052e-13,4.801860172386349e-13,0.32091476236000144
ds004444,sub-019,ses-16,15,transient_max,0.00013236605777065694,0.00011609310057221329,1.6272957198443645e-05,0.14017161207741005
ds004444,sub-019,ses-16,15,channel_inconsistency_max,0.3696161353848438,0.2850550710524295,0.08456106433241428,0.29664816703634267
ds004444,sub-019,ses-16,30,smr_snr_min,0.000514332357989032,0.0006481991043536389,0.0001338667463646069,0.20652102920070065
ds004444,sub-019,ses-16,30,high_beta_max,1.240726857653689e-12,1.3424269171524992e-12,1.0170005949881011e-13,0.043416534686358
ds004444,sub-019,ses-16,30,broadband_max,9.431500796928049e-12,1.3381563374291097e-11,3.950062577363048e-12,0.27466155622721067
ds004444,sub-019,ses-16,30,noise_floor_max,6.270676948793796e-13,4.963039210392052e-13,1.3076377384017434e-13,0.08739118570868741
ds004444,sub-019,ses-16,30,transient_max,0.00013204854062714573,0.00011609310057221329,1.595544005493244e-05,0.13743659045070558
ds004444,sub-019,ses-16,30,channel_inconsistency_max,0.31497293120859,0.2850550710524295,0.029917860156160492,0.10495466734058843
ds004444,sub-019,ses-16,60,smr_snr_min,0.0005439030525396544,0.0006481991043536389,0.00010429605181398456,0.16090125850618633
ds004444,sub-019,ses-16,60,high_beta_max,1.0615362092179587e-12,1.3424269171524992e-12,2.808907079345404e-13,0.11991439556884737
ds004444,sub-019,ses-16,60,broadband_max,9.174714542343705e-12,1.3381563374291097e-11,4.2068488319473915e-12,0.29251679545964226
ds004444,sub-019,ses-16,60,noise_floor_max,3.9045866003378677e-13,4.963039210392052e-13,1.0584526100541846e-13,0.07073780902205172
ds004444,sub-019,ses-16,60,transient_max,0.00010123973962005036,0.00011609310057221329,1.4853360952162936e-05,0.12794352766020048
ds004444,sub-019,ses-16,60,channel_inconsistency_max,0.3542797766562009,0.2850550710524295,0.06922470560377142,0.24284677816096892
ds004444,sub-019,ses-16,90,smr_snr_min,0.0005177224543157045,0.0006481991043536389,0.00013047665003793443,0.201291006050911
ds004444,sub-019,ses-16,90,high_beta_max,9.867395712092543e-13,1.3424269171524992e-12,3.556873459432449e-13,0.15184565347106987
ds004444,sub-019,ses-16,90,broadband_max,9.720396117076897e-12,1.3381563374291097e-11,3.6611672572141994e-12,0.2545736622597658
ds004444,sub-019,ses-16,90,noise_floor_max,3.5740796232252404e-13,4.963039210392052e-13,1.388959587166812e-13,0.09282603404542032
ds004444,sub-019,ses-16,90,transient_max,9.611076081483183e-05,0.00011609310057221329,1.9982339757381462e-05,0.17212340343023624
ds004444,sub-019,ses-16,90,channel_inconsistency_max,0.3789822985538519,0.2850550710524295,0.0939272275014224,0.3295055483640812
ds004444,sub-019,ses-16,120,smr_snr_min,0.0005248529930170796,0.0006481991043536389,0.0001233461113365593,0.1902904683419228
ds004444,sub-019,ses-16,120,high_beta_max,1.107276508345813e-12,1.3424269171524992e-12,2.351504088066861e-13,0.1003875113818021
ds004444,sub-019,ses-16,120,broadband_max,1.1428053996129191e-11,1.3381563374291097e-11,1.9535093781619054e-12,0.13583428500228675
ds004444,sub-019,ses-16,120,noise_floor_max,3.8480303823313867e-13,4.963039210392052e-13,1.1150088280606656e-13,0.07451753700453284
ds004444,sub-019,ses-16,120,transient_max,0.00010080101579308762,0.00011609310057221329,1.529208477912567e-05,0.1317225965370005
ds004444,sub-019,ses-16,120,channel_inconsistency_max,0.33195318461508416,0.2850550710524295,0.046898113562654664,0.16452299336174336
ds004444,sub-020,ses-01,15,smr_snr_min,0.0010050126269620686,0.0014321672682728389,0.00042715464131077023,0.2982575083758558
ds004444,sub-020,ses-01,15,high_beta_max,2.1289254875693435e-12,1.4161941267190463e-12,7.127313608502972e-13,0.29498100047868103
ds004444,sub-020,ses-01,15,broadband_max,2.2792028265696213e-11,2.6351203348011687e-11,3.5591750823154736e-12,0.1301286468836191
ds004444,sub-020,ses-01,15,noise_floor_max,6.431807752086957e-13,5.177963091312801e-13,1.2538446607741566e-13,0.0826095473569706
ds004444,sub-020,ses-01,15,transient_max,0.00015166849011978348,0.00010642687638666353,4.5241613733119944e-05,0.42509575441879144
ds004444,sub-020,ses-01,15,channel_inconsistency_max,0.5482404677013346,0.44035729876314783,0.10788316893818678,0.24499007792299185
ds004444,sub-020,ses-01,30,smr_snr_min,0.0013124283175854298,0.0014321672682728389,0.0001197389506874091,0.08360681971750739
ds004444,sub-020,ses-01,30,high_beta_max,1.4590410665026777e-12,1.4161941267190463e-12,4.284693978363142e-14,0.01773323563277316
ds004444,sub-020,ses-01,30,broadband_max,2.2057797377899816e-11,2.6351203348011687e-11,4.293405970111871e-12,0.15697320207390375
ds004444,sub-020,ses-01,30,noise_floor_max,5.954238074125219e-13,5.177963091312801e-13,7.762749828124179e-14,0.05114487221653106
ds004444,sub-020,ses-01,30,transient_max,0.00013584470041962327,0.00010642687638666353,2.941782403295974e-05,0.2764134845945045
ds004444,sub-020,ses-01,30,channel_inconsistency_max,0.5219581504282661,0.44035729876314783,0.08160085166511827,0.18530600467876676
ds004444,sub-020,ses-01,60,smr_snr_min,0.0012321667248103444,0.0014321672682728389,0.0002000005434624945,0.13964887185561903
ds004444,sub-020,ses-01,60,high_beta_max,1.4446702435721793e-12,1.4161941267190463e-12,2.8476116853132963e-14,0.011785525235011116
ds004444,sub-020,ses-01,60,broadband_max,2.1377444908300315e-11,2.6351203348011687e-11,4.973758439711372e-12,0.18184788348893405
ds004444,sub-020,ses-01,60,noise_floor_max,5.119744228964613e-13,5.177963091312801e-13,5.821886234818719e-15,0.0038357493688668354
ds004444,sub-020,ses-01,60,transient_max,0.00011065492005798439,0.00010642687638666353,4.22804367132086e-06,0.039727217176163065
ds004444,sub-020,ses-01,60,channel_inconsistency_max,0.4201652221068507,0.44035729876314783,0.02019207665629713,0.0458538480296925
ds004444,sub-020,ses-01,90,smr_snr_min,0.0013124283175854298,0.0014321672682728389,0.0001197389506874091,0.08360681971750739
ds004444,sub-020,ses-01,90,high_beta_max,1.3635876053233569e-12,1.4161941267190463e-12,5.2606521395689453e-14,0.021772473003700218
ds004444,sub-020,ses-01,90,broadband_max,2.2636682430660467e-11,2.6351203348011687e-11,3.71452091735122e-12,0.13580831783115127
ds004444,sub-020,ses-01,90,noise_floor_max,4.4258019798764853e-13,5.177963091312801e-13,7.521611114363153e-14,0.04955612995704406
ds004444,sub-020,ses-01,90,transient_max,9.005814785992203e-05,0.00010642687638666353,1.63687285267415e-05,0.15380258191050417
ds004444,sub-020,ses-01,90,channel_inconsistency_max,0.4770421023984168,0.44035729876314783,0.03668480363526899,0.08330690495700653
ds004444,sub-020,ses-01,120,smr_snr_min,0.0012160320423555957,0.0014321672682728389,0.00021613522591724314,0.1509147922553645
ds004444,sub-020,ses-01,120,high_beta_max,1.3187684258593816e-12,1.4161941267190463e-12,9.742570085966468e-14,0.04032196742070522
ds004444,sub-020,ses-01,120,broadband_max,2.255740016410692e-11,2.6351203348011687e-11,3.793803183904767e-12,0.13870699345959708
ds004444,sub-020,ses-01,120,noise_floor_max,4.598661857793938e-13,5.177963091312801e-13,5.793012335188626e-14,0.03816725801965016
ds004444,sub-020,ses-01,120,transient_max,9.026378515297153e-05,0.00010642687638666353,1.6163091233692002e-05,0.15187038867042263
ds004444,sub-020,ses-01,120,channel_inconsistency_max,0.4669885678664641,0.44035729876314783,0.026631269103316257,0.06047650209967287
ds004444,sub-020,ses-08,15,smr_snr_min,0.001228532354574036,0.0015876241471408088,0.0003590917925667728,0.22618186614715338
ds004444,sub-020,ses-08,15,high_beta_max,1.165638653458282e-12,1.385048310391587e-12,2.1940965693330488e-13,0.09199379986449051
ds004444,sub-020,ses-08,15,broadband_max,3.3769729399043374e-11,3.329759473271969e-11,4.721346663236814e-13,0.013765824396813103
ds004444,sub-020,ses-08,15,noise_floor_max,2.9163878987386e-13,4.2934645336205627e-13,1.3770766348819628e-13,0.09634309663992614
ds004444,sub-020,ses-08,15,transient_max,7.39035714351109e-05,9.333761831082643e-05,1.9434046875715526e-05,0.20821236945199578
ds004444,sub-020,ses-08,15,channel_inconsistency_max,0.877299583670484,0.12472580336043819,0.7525737803100458,6.03382588067355
ds004444,sub-020,ses-08,30,smr_snr_min,0.0011337933855348817,0.0015876241471408088,0.0004538307616059271,0.28585529020668193
ds004444,sub-020,ses-08,30,high_beta_max,1.094665134611927e-12,1.385048310391587e-12,2.9038317577965997e-13,0.12175148591937061
ds004444,sub-020,ses-08,30,broadband_max,2.708814934660854e-11,3.329759473271969e-11,6.209445386111153e-12,0.18104608893134364
ds004444,sub-020,ses-08,30,noise_floor_max,3.2408895545018616e-13,4.2934645336205627e-13,1.0525749791187011e-13,0.07364029739905764
ds004444,sub-020,ses-08,30,transient_max,5.534990753032718e-05,9.333761831082643e-05,3.7987710780499244e-05,0.40699249735516846
ds004444,sub-020,ses-08,30,channel_inconsistency_max,0.8438662049540175,0.12472580336043819,0.7191404015935794,5.7657708526407285
ds004444,sub-020,ses-08,60,smr_snr_min,0.0011161882811353545,0.0015876241471408088,0.0004714358660054543,0.29694425255343365
ds004444,sub-020,ses-08,60,high_beta_max,1.1076520420428248e-12,1.385048310391587e-12,2.7739626834876215e-13,0.1163063520097914
ds004444,sub-020,ses-08,60,broadband_max,2.8037951800656114e-11,3.329759473271969e-11,5.259642932063579e-12,0.15335311333205276
ds004444,sub-020,ses-08,60,noise_floor_max,4.237304783424561e-13,4.2934645336205627e-13,5.615975019600181e-15,0.003929050935405122
ds004444,sub-020,ses-08,60,transient_max,6.63996698558024e-05,9.333761831082643e-05,2.6937948455024022e-05,0.2886076230990759
ds004444,sub-020,ses-08,60,channel_inconsistency_max,0.41527296489090854,0.12472580336043819,0.29054716153047033,2.3294871927062655
ds004444,sub-020,ses-08,90,smr_snr_min,0.001144657706313415,0.0015876241471408088,0.00044296644082739384,0.2790121587317318
ds004444,sub-020,ses-08,90,high_beta_max,1.0884713030138807e-12,1.385048310391587e-12,2.965770073777063e-13,0.12434842769663357
ds004444,sub-020,ses-08,90,broadband_max,2.9123111994772e-11,3.329759473271969e-11,4.1744827379476955e-12,0.12171357118419923
ds004444,sub-020,ses-08,90,noise_floor_max,3.7483930252461717e-13,4.2934645336205627e-13,5.4507150837439094e-14,0.03813431705744214
ds004444,sub-020,ses-08,90,transient_max,7.065384618905915e-05,9.333761831082643e-05,2.268377212176728e-05,0.24302925539837658
ds004444,sub-020,ses-08,90,channel_inconsistency_max,0.41823757593895067,0.12472580336043819,0.29351177257851246,2.353256220190106
ds004444,sub-020,ses-08,120,smr_snr_min,0.0011298460235885535,0.0015876241471408088,0.0004577781235522553,0.2883416229769102
ds004444,sub-020,ses-08,120,high_beta_max,1.070432303504018e-12,1.385048310391587e-12,3.146160068875689e-13,0.13191179630064345
ds004444,sub-020,ses-08,120,broadband_max,2.7954620219536632e-11,3.329759473271969e-11,5.342974513183061e-12,0.1557827758716239
ds004444,sub-020,ses-08,120,noise_floor_max,3.7131027685859983e-13,4.2934645336205627e-13,5.803617650345644e-14,0.04060329555997139
ds004444,sub-020,ses-08,120,transient_max,7.065384618905915e-05,9.333761831082643e-05,2.268377212176728e-05,0.24302925539837658
ds004444,sub-020,ses-08,120,channel_inconsistency_max,0.40554554882938804,0.12472580336043819,0.28081974546894983,2.2514967865564506
ds004444,sub-021,ses-01,15,smr_snr_min,0.001171369081674964,0.0013096188382268358,0.00013824975655187194,0.10556488072017269
ds004444,sub-021,ses-01,15,high_beta_max,1.6917736940717568e-12,1.5365150876032996e-12,1.5525860646845716e-13,0.06120941571656796
ds004444,sub-021,ses-01,15,broadband_max,1.339494704329562e-11,1.6404867324922452e-11,3.0099202816268326e-12,0.17293554874255518
ds004444,sub-021,ses-01,15,noise_floor_max,1.2915913795249669e-12,8.784890443139002e-13,4.131023352110667e-13,0.21991202794688022
ds004444,sub-021,ses-01,15,transient_max,7.464967116807855e-05,6.400782665751169e-05,1.064184451056686e-05,0.16625848587626577
ds004444,sub-021,ses-01,15,channel_inconsistency_max,0.8793652633657588,0.0004343107124549269,0.8789309526533039,2023.7376731083564
ds004444,sub-021,ses-01,30,smr_snr_min,0.0011243291061908169,0.0013096188382268358,0.00018528973203601898,0.14148370998191284
ds004444,sub-021,ses-01,30,high_beta_max,1.567961123399891e-12,1.5365150876032996e-12,3.1446035796591334e-14,0.012397338360129385
ds004444,sub-021,ses-01,30,broadband_max,1.2723269531770924e-11,1.6404867324922452e-11,3.681597793151528e-12,0.21152690936516125
ds004444,sub-021,ses-01,30,noise_floor_max,1.1607260839650804e-12,8.784890443139002e-13,2.8223703965118024e-13,0.1502468382796795
ds004444,sub-021,ses-01,30,transient_max,6.283442313267755e-05,6.400782665751169e-05,1.1734035248341362e-06,0.01833218791790117
ds004444,sub-021,ses-01,30,channel_inconsistency_max,0.823659582428843,0.0004343107124549269,0.823225271716388,1895.4753963301046
ds004444,sub-021,ses-01,60,smr_snr_min,0.0010886495113685258,0.0013096188382268358,0.00022096932685831006,0.16872796896291176
ds004444,sub-021,ses-01,60,high_beta_max,1.41241368736307e-12,1.5365150876032996e-12,1.2410140024022957e-13,0.04892594601417901
ds004444,sub-021,ses-01,60,broadband_max,1.3390082009105837e-11,1.6404867324922452e-11,3.014785315816615e-12,0.17321507021772414
ds004444,sub-021,ses-01,60,noise_floor_max,1.1012401055366184e-12,8.784890443139002e-13,2.2275106122271827e-13,0.11857990968697714
ds004444,sub-021,ses-01,60,transient_max,7.172965285725227e-05,6.400782665751169e-05,7.721826199740583e-06,0.12063877938582693
ds004444,sub-021,ses-01,60,channel_inconsistency_max,0.8089211604599789,0.0004343107124549269,0.8084868497475239,1861.540193922546
ds004444,sub-021,ses-01,90,smr_snr_min,0.0011085303453236602,0.0013096188382268358,0.00020108849290317561,0.1535473428451082
ds004444,sub-021,ses-01,90,high_beta_max,1.4432524486897907e-12,1.5365150876032996e-12,9.326263891350895e-14,0.036768020568578946
ds004444,sub-021,ses-01,90,broadband_max,1.3782521559838644e-11,1.6404867324922452e-11,2.622345765083808e-12,0.15066738034416427
ds004444,sub-021,ses-01,90,noise_floor_max,1.0229266583180376e-12,8.784890443139002e-13,1.4443761400413744e-13,0.07689031482049015
ds004444,sub-021,ses-01,90,transient_max,6.494332524605205e-05,6.400782665751169e-05,9.35498588540358e-07,0.014615377880748496
ds004444,sub-021,ses-01,90,channel_inconsistency_max,0.8280117179126965,0.0004343107124549269,0.8275774072002415,1905.496184095694
ds004444,sub-021,ses-01,120,smr_snr_min,0.0011587665435603836,0.0013096188382268358,0.0001508522946664522,0.1151879387711858
ds004444,sub-021,ses-01,120,high_beta_max,1.4724536333152447e-12,1.5365150876032996e-12,6.406145428805488e-14,0.025255696132517474
ds004444,sub-021,ses-01,120,broadband_max,1.491936222756476e-11,1.6404867324922452e-11,1.4855050973576937e-12,0.08534998110732869
ds004444,sub-021,ses-01,120,noise_floor_max,9.437811098711591e-13,8.784890443139002e-13,6.529206555725893e-14,0.034757756908348765
ds004444,sub-021,ses-01,120,transient_max,6.342382299534641e-05,6.400782665751169e-05,5.840036621652771e-07,0.009123941298088108
ds004444,sub-021,ses-01,120,channel_inconsistency_max,0.8485596458541673,0.0004343107124549269,0.8481253351417124,1952.8077684174639
ds004444,sub-021,ses-16,15,smr_snr_min,0.0008697605390549191,0.001230139746729089,0.00036037920767416993,0.2929579410302377
ds004444,sub-021,ses-16,15,high_beta_max,2.457758570650419e-12,1.6396248520155712e-12,8.18133718634848e-13,0.3099431792400862
ds004444,sub-021,ses-16,15,broadband_max,1.4870409119624595e-11,1.8674594788432398e-11,3.804185668807803e-12,0.19335522330779892
ds004444,sub-021,ses-16,15,noise_floor_max,1.816842678702393e-12,1.0309048038985056e-12,7.859378748038875e-13,0.38698902740059926
ds004444,sub-021,ses-16,15,transient_max,7.477834821087961e-05,6.028719649042494e-05,1.4491151720454675e-05,0.24036864083383905
ds004444,sub-021,ses-16,15,channel_inconsistency_max,0.6163513491851391,0.12051763192089893,0.4958337172642402,4.114200630705751
ds004444,sub-021,ses-16,30,smr_snr_min,0.0009023437307899189,0.001230139746729089,0.0003277960159391701,0.2664705506380889
ds004444,sub-021,ses-16,30,high_beta_max,1.9449469673875545e-12,1.6396248520155712e-12,3.0532211537198337e-13,0.11566875313317526
ds004444,sub-021,ses-16,30,broadband_max,1.4480554554731809e-11,1.8674594788432398e-11,4.1940402337005885e-12,0.21317034880771513
ds004444,sub-021,ses-16,30,noise_floor_max,1.4930552336478037e-12,1.0309048038985056e-12,4.621504297492981e-13,0.22755888353908
ds004444,sub-021,ses-16,30,transient_max,6.143729350728612e-05,6.028719649042494e-05,1.1500970168611797e-06,0.019076969319130197
ds004444,sub-021,ses-16,30,channel_inconsistency_max,0.5694364145646227,0.12051763192089893,0.44891878264372376,3.724922034102397
ds004444,sub-021,ses-16,60,smr_snr_min,0.0008850910789305657,0.001230139746729089,0.00034504866779852333,0.28049550340561197
ds004444,sub-021,ses-16,60,high_beta_max,1.560855886619583e-12,1.6396248520155712e-12,7.876896539598809e-14,0.029840969763503134
ds004444,sub-021,ses-16,60,broadband_max,1.520853375000768e-11,1.8674594788432398e-11,3.466061038424717e-12,0.17616937353457335
ds004444,sub-021,ses-16,60,noise_floor_max,1.1628053155712373e-12,1.0309048038985056e-12,1.319005116727317e-13,0.06494667372864388
ds004444,sub-021,ses-16,60,transient_max,5.815036231021597e-05,6.028719649042494e-05,2.136834180208966e-06,0.03544424470134553
ds004444,sub-021,ses-16,60,channel_inconsistency_max,0.5659706236695532,0.12051763192089893,0.44545299174865427,3.696164491825799
ds004444,sub-021,ses-16,90,smr_snr_min,0.0010464134502593092,0.001230139746729089,0.00018372629646977987,0.14935400372921004
ds004444,sub-021,ses-16,90,high_beta_max,1.5462494498711287e-12,1.6396248520155712e-12,9.337540214444244e-14,0.035374497278710886
ds004444,sub-021,ses-16,90,broadband_max,1.6097345580995995e-11,1.8674594788432398e-11,2.577249207436403e-12,0.13099376303046845
ds004444,sub-021,ses-16,90,noise_floor_max,1.1047818565665336e-12,1.0309048038985056e-12,7.387705266802805e-14,0.03637642322092811
ds004444,sub-021,ses-16,90,transient_max,5.8150362310215965e-05,6.028719649042494e-05,2.1368341802089727e-06,0.03544424470134565
ds004444,sub-021,ses-16,90,channel_inconsistency_max,0.548324070121044,0.12051763192089893,0.4278064382001451,3.549741489090855
ds004444,sub-021,ses-16,120,smr_snr_min,0.0010633124881493199,0.001230139746729089,0.00016682725857976918,0.13561650933379088
ds004444,sub-021,ses-16,120,high_beta_max,1.50200347586499e-12,1.6396248520155712e-12,1.3762137615058113e-13,0.052136717854242
ds004444,sub-021,ses-16,120,broadband_max,1.6388547156447447e-11,1.8674594788432398e-11,2.2860476319849504e-12,0.11619286986937201
ds004444,sub-021,ses-16,120,noise_floor_max,1.0696019832935084e-12,1.0309048038985056e-12,3.869717939500286e-14,0.019054157201617784
ds004444,sub-021,ses-16,120,transient_max,5.73450541237506e-05,6.028719649042494e-05,2.9421423666743372e-06,0.04880210872534953
ds004444,sub-021,ses-16,120,channel_inconsistency_max,0.5439458892550973,0.12051763192089893,0.4234282573341984,3.5134133535630685
ds004444,sub-022,ses-01,15,smr_snr_min,0.0014494670522090906,0.0011469517816527187,0.00030251527055637196,0.26375587459893196
ds004444,sub-022,ses-01,15,high_beta_max,1.9649966465059712e-12,6.687502025419156e-13,1.2962464439640556e-12,0.7767768009792925
ds004444,sub-022,ses-01,15,broadband_max,4.2434795263658765e-11,8.120613792157254e-12,3.431418147150151e-11,3.7622666909773126
ds004444,sub-022,ses-01,15,noise_floor_max,1.3558126738676747e-12,3.164657869055513e-13,1.0393468869621234e-12,0.7894978337455955
ds004444,sub-022,ses-01,15,transient_max,0.00015949756618600821,0.00010846358815899901,5.1033978027009203e-05,0.47051714241354714
ds004444,sub-022,ses-01,15,channel_inconsistency_max,0.810569049826944,0.0006587133865921941,0.8099103364403518,1229.5337421345425
ds004444,sub-022,ses-01,30,smr_snr_min,0.001125073697174328,0.0011469517816527187,2.1878084478390777e-05,0.019074981886152368
ds004444,sub-022,ses-01,30,high_beta_max,1.3576652732570673e-12,6.687502025419156e-13,6.889150707151518e-13,0.4128329510706667
ds004444,sub-022,ses-01,30,broadband_max,2.8525337910175573e-11,8.120613792157254e-12,2.040472411801832e-11,2.237209532494862
ds004444,sub-022,ses-01,30,noise_floor_max,8.811218497735466e-13,3.164657869055513e-13,5.646560628679953e-13,0.4289181446904598
ds004444,sub-022,ses-01,30,transient_max,0.00012202983001449856,0.00010846358815899901,1.3566241855499548e-05,0.1250764607799629
ds004444,sub-022,ses-01,30,channel_inconsistency_max,0.8153242785378625,0.0006587133865921941,0.8146655651512703,1236.7527068625866
ds004444,sub-022,ses-01,60,smr_snr_min,0.0011328526735402248,0.0011469517816527187,1.409910811249384e-05,0.0122926772735684
ds004444,sub-022,ses-01,60,high_beta_max,8.417869009061338e-13,6.687502025419156e-13,1.7303669836421818e-13,0.10369239092863682
ds004444,sub-022,ses-01,60,broadband_max,1.6593657911705694e-11,8.120613792157254e-12,8.47304411954844e-12,0.9289993319127651
ds004444,sub-022,ses-01,60,noise_floor_max,6.395856564274915e-13,3.164657869055513e-13,3.2311986952194017e-13,0.2454449426152251
ds004444,sub-022,ses-01,60,transient_max,0.0001136563515678652,0.00010846358815899901,5.192763408866193e-06,0.047875636876205656
ds004444,sub-022,ses-01,60,channel_inconsistency_max,0.7128549146037281,0.0006587133865921941,0.7121962012171359,1081.1928444637178
ds004444,sub-022,ses-01,90,smr_snr_min,0.0011037300745949537,0.0011469517816527187,4.3221707057764956e-05,0.03768397914496454
ds004444,sub-022,ses-01,90,high_beta_max,7.851275734238942e-13,6.687502025419156e-13,1.1637737088197861e-13,0.06973924000411047
ds004444,sub-022,ses-01,90,broadband_max,1.2014546755129116e-11,8.120613792157254e-12,3.893932962971862e-12,0.4269376000023403
ds004444,sub-022,ses-01,90,noise_floor_max,5.011749905358273e-13,3.164657869055513e-13,1.84709203630276e-13,0.14030687729792693
ds004444,sub-022,ses-01,90,transient_max,0.0001136563515678652,0.00010846358815899901,5.192763408866193e-06,0.047875636876205656
ds004444,sub-022,ses-01,90,channel_inconsistency_max,0.734953696723937,0.0006587133865921941,0.7342949833373448,1114.7412473601385
ds004444,sub-022,ses-01,120,smr_snr_min,0.001169206463194291,0.0011469517816527187,2.225468154157229e-05,0.019403327915059096
ds004444,sub-022,ses-01,120,high_beta_max,7.472160970134704e-13,6.687502025419156e-13,7.846589447155486e-14,0.04702075502494745
ds004444,sub-022,ses-01,120,broadband_max,1.0262837614618044e-11,8.120613792157254e-12,2.14222382246079e-12,0.2348771553404522
ds004444,sub-022,ses-01,120,noise_floor_max,4.3058816823092295e-13,3.164657869055513e-13,1.1412238132537167e-13,0.08668845211209372
ds004444,sub-022,ses-01,120,transient_max,0.00011241344930189915,0.00010846358815899901,3.949861142900138e-06,0.03641647094224362
ds004444,sub-022,ses-01,120,channel_inconsistency_max,0.7534981592401192,0.0006587133865921941,0.752839445853527,1142.8937987815816
ds004444,sub-022,ses-16,15,smr_snr_min,0.0008264489570760129,0.000935369482696909,0.00010892052562089618,0.11644652462939455
ds004444,sub-022,ses-16,15,high_beta_max,3.5295933540693923e-13,4.783994507210644e-13,1.2544011531412512e-13,0.08484859437207165
ds004444,sub-022,ses-16,15,broadband_max,4.627564398663469e-12,7.79214905369951e-12,3.164584655036041e-12,0.3599330079264825
ds004444,sub-022,ses-16,15,noise_floor_max,2.2455212510292315e-13,2.1058750513947912e-13,1.3964619963444034e-14,0.011535407315999916
ds004444,sub-022,ses-16,15,transient_max,8.84512230106018e-05,9.309789944304441e-05,4.646676432442607e-06,0.04991172099832003
ds004444,sub-022,ses-16,15,channel_inconsistency_max,0.7105869022741661,2.8660144220799165e-06,0.710584036259744,247934.47752771023
ds004444,sub-022,ses-16,30,smr_snr_min,0.0008008680912073975,0.000935369482696909,0.00013450139148951158,0.14379493219932168
ds004444,sub-022,ses-16,30,high_beta_max,3.9539485431652294e-13,4.783994507210644e-13,8.300459640454141e-14,0.056144904791500916
ds004444,sub-022,ses-16,30,broadband_max,5.282807458544316e-12,7.79214905369951e-12,2.5093415951551943e-12,0.28540708077501575
ds004444,sub-022,ses-16,30,noise_floor_max,2.0620077200639074e-13,2.1058750513947912e-13,4.386733133088378e-15,0.003623639856239022
ds004444,sub-022,ses-16,30,transient_max,8.87388513008284e-05,9.309789944304441e-05,4.3590481422160066e-06,0.046822196005191254
ds004444,sub-022,ses-16,30,channel_inconsistency_max,0.763295591837451,2.8660144220799165e-06,0.7632927258230289,266325.4077220193
ds004444,sub-022,ses-16,60,smr_snr_min,0.0008497043867657274,0.000935369482696909,8.566509593118169e-05,0.09158423213958522
ds004444,sub-022,ses-16,60,high_beta_max,4.998779792609757e-13,4.783994507210644e-13,2.1478528539911335e-14,0.014528230871186773
ds004444,sub-022,ses-16,60,broadband_max,7.656408393639576e-12,7.79214905369951e-12,1.3574066005993388e-13,0.015438848821929118
ds004444,sub-022,ses-16,60,noise_floor_max,1.9820386069424686e-13,2.1058750513947912e-13,1.2383644445232256e-14,0.010229450074991037
ds004444,sub-022,ses-16,60,transient_max,9.294635202563838e-05,9.309789944304441e-05,1.5154741740603425e-07,0.001627828519062556
ds004444,sub-022,ses-16,60,channel_inconsistency_max,0.6856367466370971,2.8660144220799165e-06,0.6856338806226749,239228.95715791325
ds004444,sub-022,ses-16,90,smr_snr_min,0.0008963072310297681,0.000935369482696909,3.9062251667140984e-05,0.041761306465497715
ds004444,sub-022,ses-16,90,high_beta_max,4.970655759627109e-13,4.783994507210644e-13,1.8666125241646543e-14,0.01262590109360664
ds004444,sub-022,ses-16,90,broadband_max,7.530136003417524e-12,7.79214905369951e-12,2.6201305028198595e-13,0.02980079712954111
ds004444,sub-022,ses-16,90,noise_floor_max,1.8930644003435497e-13,2.1058750513947912e-13,2.128106510512415e-14,0.017579121719641596
ds004444,sub-022,ses-16,90,transient_max,9.467212176699792e-05,9.309789944304441e-05,1.5742223239535133e-06,0.01690932143970952
ds004444,sub-022,ses-16,90,channel_inconsistency_max,0.6957280504445407,2.8660144220799165e-06,0.6957251844301185,242749.9793163077
ds004444,sub-022,ses-16,120,smr_snr_min,0.0008489027015018445,0.000935369482696909,8.646678119506458e-05,0.09244131084255332
ds004444,sub-022,ses-16,120,high_beta_max,4.725269502606113e-13,4.783994507210644e-13,5.87250046045302e-15,0.003972201462594434
ds004444,sub-022,ses-16,120,broadband_max,7.202599098019817e-12,7.79214905369951e-12,5.895499556796927e-13,0.06705413569298228
ds004444,sub-022,ses-16,120,noise_floor_max,1.9084030199944684e-13,2.1058750513947912e-13,1.9747203140032274e-14,0.016312082403127957
ds004444,sub-022,ses-16,120,transient_max,9.088612069886575e-05,9.309789944304441e-05,2.2117787441786627e-06,0.023757557728509553
ds004444,sub-022,ses-16,120,channel_inconsistency_max,0.7052043644892065,2.8660144220799165e-06,0.7052014984747844,246056.4214141624
ds004444,sub-023,ses-01,15,smr_snr_min,0.0009407526514748274,0.0011322151859429457,0.0001914625344681183,0.16910436874202292
ds004444,sub-023,ses-01,15,high_beta_max,7.618131341715494e-13,8.066482129697911e-13,4.483507879824174e-14,0.02481671776296796
ds004444,sub-023,ses-01,15,broadband_max,2.9109158455551e-11,2.4993866743662827e-11,4.115291711888176e-12,0.1583177967507071
ds004444,sub-023,ses-01,15,noise_floor_max,3.340240362314566e-13,3.875378581724714e-13,5.3513821941014785e-14,0.03856746799795282
ds004444,sub-023,ses-01,15,transient_max,8.497319093614099e-05,9.297849088273525e-05,8.005299946594257e-06,0.08609840603448984
ds004444,sub-023,ses-01,15,channel_inconsistency_max,0.8040943034555873,0.5379178330026609,0.26617647045292636,0.4948273771974294
ds004444,sub-023,ses-01,30,smr_snr_min,0.0009831189839870874,0.0011322151859429457,0.00014909620195585832,0.13168539309071425
ds004444,sub-023,ses-01,30,high_beta_max,6.56509754781371e-13,8.066482129697911e-13,1.5013845818842014e-13,0.08310331646780346
ds004444,sub-023,ses-01,30,broadband_max,1.2031650733480789e-11,2.4993866743662827e-11,1.2962216010182039e-11,0.49866440179940374
ds004444,sub-023,ses-01,30,noise_floor_max,3.3947680926744896e-13,3.875378581724714e-13,4.806104890502244e-14,0.03463764871131065
ds004444,sub-023,ses-01,30,transient_max,8.283482413977349e-05,9.297849088273525e-05,1.0143666742961759e-05,0.1090969162605367
ds004444,sub-023,ses-01,30,channel_inconsistency_max,0.776432113239173,0.5379178330026609,0.2385142802365121,0.44340281285095234
ds004444,sub-023,ses-01,60,smr_snr_min,0.0010076074115269872,0.0011322151859429457,0.00012460777441595855,0.11005661808194571
ds004444,sub-023,ses-01,60,high_beta_max,7.924892003277784e-13,8.066482129697911e-13,1.4159012642012682e-14,0.007837171918897214
ds004444,sub-023,ses-01,60,broadband_max,1.2368694710171571e-11,2.4993866743662827e-11,1.2625172033491256e-11,0.4856981132508579
ds004444,sub-023,ses-01,60,noise_floor_max,3.7225876752450867e-13,3.875378581724714e-13,1.5279090647962735e-14,0.01101165676883718
ds004444,sub-023,ses-01,60,transient_max,8.283482413977349e-05,9.297849088273525e-05,1.0143666742961759e-05,0.1090969162605367
ds004444,sub-023,ses-01,60,channel_inconsistency_max,0.5094279687346789,0.5379178330026609,0.028489864267982057,0.05296322694657376
ds004444,sub-023,ses-01,90,smr_snr_min,0.001089119332640378,0.0011322151859429457,4.309585330256765e-05,0.0380633061626114
ds004444,sub-023,ses-01,90,high_beta_max,7.414894757399812e-13,8.066482129697911e-13,6.515873722980989e-14,0.03606609010101703
ds004444,sub-023,ses-01,90,broadband_max,1.218808060688137e-11,2.4993866743662827e-11,1.2805786136781458e-11,0.4926464486051674
ds004444,sub-023,ses-01,90,noise_floor_max,3.3287455641981873e-13,3.875378581724714e-13,5.4663301752652666e-14,0.03939589931236168
ds004444,sub-023,ses-01,90,transient_max,7.077884463416501e-05,9.297849088273525e-05,2.2199646248570237e-05,0.2387610919369234
ds004444,sub-023,ses-01,90,channel_inconsistency_max,0.5459875699124543,0.5379178330026609,0.008069736909793401,0.015001802161369282
ds004444,sub-023,ses-01,120,smr_snr_min,0.001081896593396546,0.0011322151859429457,5.0318592546399685e-05,0.04444260519262521
ds004444,sub-023,ses-01,120,high_beta_max,7.329926259073861e-13,8.066482129697911e-13,7.365558706240499e-14,0.040769191552421265
ds004444,sub-023,ses-01,120,broadband_max,1.622967072478485e-11,2.4993866743662827e-11,8.764196018877977e-12,0.3371639973885241
ds004444,sub-023,ses-01,120,noise_floor_max,3.330096064670186e-13,3.875378581724714e-13,5.4528251705452826e-14,0.0392985686006954
ds004444,sub-023,ses-01,120,transient_max,7.370552407110787e-05,9.297849088273525e-05,1.927296681162738e-05,0.20728414089502015
ds004444,sub-023,ses-01,120,channel_inconsistency_max,0.5672688153183537,0.5379178330026609,0.029350982315692775,0.05456406260376391
ds004444,sub-023,ses-16,15,smr_snr_min,0.00022930885153084958,0.00043839617040883854,0.00020908731887798895,0.476936918053052
ds004444,sub-023,ses-16,15,high_beta_max,3.1669469086997377e-13,4.823828034194472e-13,1.6568811254947346e-13,0.11177147506519694
ds004444,sub-023,ses-16,15,broadband_max,3.3701700748834645e-12,1.7799361026991283e-11,1.442919095210782e-11,0.7675362439920714
ds004444,sub-023,ses-16,15,noise_floor_max,1.5553975025696814e-13,2.2826869928701954e-13,7.27289490300514e-14,0.05921257219390904
ds004444,sub-023,ses-16,15,transient_max,5.72682833600366e-05,7.85583846799416e-05,2.1290101319905002e-05,0.2710099136538269
ds004444,sub-023,ses-16,15,channel_inconsistency_max,0.7065993181206787,0.29240043550915285,0.4141988826115258,1.4165467362894673
ds004444,sub-023,ses-16,30,smr_snr_min,0.0003489567676375061,0.00043839617040883854,8.943940277133242e-05,0.20401501793208687
ds004444,sub-023,ses-16,30,high_beta_max,3.0343737578580176e-13,4.823828034194472e-13,1.7894542763364547e-13,0.12071472174452366
ds004444,sub-023,ses-16,30,broadband_max,5.547066014386836e-12,1.7799361026991283e-11,1.2252295012604447e-11,0.6517399711092919
ds004444,sub-023,ses-16,30,noise_floor_max,1.386942864370044e-13,2.2826869928701954e-13,8.957441285001515e-14,0.07292737566463343
ds004444,sub-023,ses-16,30,transient_max,6.117976028076916e-05,7.85583846799416e-05,1.7378624399172444e-05,0.22121921483946363
ds004444,sub-023,ses-16,30,channel_inconsistency_max,0.7402073334455168,0.29240043550915285,0.44780689793636397,1.5314850579995634
ds004444,sub-023,ses-16,60,smr_snr_min,0.0003486691833825712,0.00043839617040883854,8.972698702626735e-05,0.20467100964390028
ds004444,sub-023,ses-16,60,high_beta_max,3.272919997115104e-13,4.823828034194472e-13,1.5509080370793681e-13,0.1046226408928822
ds004444,sub-023,ses-16,60,broadband_max,7.167091205066811e-12,1.7799361026991283e-11,1.0632269821924472e-11,0.5655654895216456
ds004444,sub-023,ses-16,60,noise_floor_max,1.6074147892008354e-13,2.2826869928701954e-13,6.7527220366936e-14,0.05497756346484602
ds004444,sub-023,ses-16,60,transient_max,6.36569390402071e-05,7.85583846799416e-05,1.4901445639734504e-05,0.18968625068805745
ds004444,sub-023,ses-16,60,channel_inconsistency_max,0.4904674285929109,0.29240043550915285,0.19806699308375808,0.6773826883608753
ds004444,sub-023,ses-16,90,smr_snr_min,0.0003653422423518216,0.00043839617040883854,7.305392805701693e-05,0.16663906489477176
ds004444,sub-023,ses-16,90,high_beta_max,3.6158480562932203e-13,4.823828034194472e-13,1.207979977901252e-13,0.08148907118422963
ds004444,sub-023,ses-16,90,broadband_max,8.931672216612373e-12,1.7799361026991283e-11,8.867688810378911e-12,0.4717016071794716
ds004444,sub-023,ses-16,90,noise_floor_max,1.7722338836035524e-13,2.2826869928701954e-13,5.1045310926664296e-14,0.04155874928368269
ds004444,sub-023,ses-16,90,transient_max,6.582210635538219e-05,7.85583846799416e-05,1.2736278324559412e-05,0.16212500058808338
ds004444,sub-023,ses-16,90,channel_inconsistency_max,0.5445763136981213,0.29240043550915285,0.25217587818896847,0.8624333193929609
ds004444,sub-023,ses-16,120,smr_snr_min,0.00036013837075220696,0.00043839617040883854,7.825779965663158e-05,0.178509313630958
ds004444,sub-023,ses-16,120,high_beta_max,3.8956438238360333e-13,4.823828034194472e-13,9.28184210358439e-14,0.06261434011628944
ds004444,sub-023,ses-16,120,broadband_max,1.0170618024360535e-11,1.7799361026991283e-11,7.628743002630748e-12,0.4057979944997992
ds004444,sub-023,ses-16,120,noise_floor_max,1.807471218442859e-13,2.2826869928701954e-13,4.752157744273365e-14,0.038689887213049376
ds004444,sub-023,ses-16,120,transient_max,6.620419470511898e-05,7.85583846799416e-05,1.2354189974822627e-05,0.15726125057044082
ds004444,sub-023,ses-16,120,channel_inconsistency_max,0.5653354506355763,0.29240043550915285,0.2729350151264235,0.9334288940104761
ds004444,sub-024,ses-01,15,smr_snr_min,0.0010225019890080626,0.001463801130361502,0.0004412991413534394,0.3014747918270707
ds004444,sub-024,ses-01,15,high_beta_max,1.0795519289457067e-12,1.3454302005541124e-12,2.658782716084057e-13,0.113360129645125
ds004444,sub-024,ses-01,15,broadband_max,1.1082113819295052e-11,1.797737574707749e-11,6.8952619277824394e-12,0.36334117107020486
ds004444,sub-024,ses-01,15,noise_floor_max,3.8032140353203813e-13,3.4954594242644573e-13,3.07754611055924e-14,0.022804307832795218
ds004444,sub-024,ses-01,15,transient_max,6.62652701609848e-05,8.325894560158431e-05,1.6993675440599507e-05,0.20410629889324278
ds004444,sub-024,ses-01,15,channel_inconsistency_max,0.801182190140914,2.2799406242687828e-05,0.8011593907346712,35139.48332984039
ds004444,sub-024,ses-01,30,smr_snr_min,0.0012121237478839553,0.001463801130361502,0.00025167738247754666,0.17193413578213182
ds004444,sub-024,ses-01,30,high_beta_max,1.1686915482042588e-12,1.3454302005541124e-12,1.7673865234985365e-13,0.0753544711362968
ds004444,sub-024,ses-01,30,broadband_max,1.2038622957360539e-11,1.797737574707749e-11,5.938752789716953e-12,0.3129385679488123
ds004444,sub-024,ses-01,30,noise_floor_max,3.9660704637364093e-13,3.4954594242644573e-13,4.70611039471952e-14,0.03487180574421991
ds004444,sub-024,ses-01,30,transient_max,8.738529640650296e-05,8.325894560158431e-05,4.12635080491865e-06,0.04956044933722632
ds004444,sub-024,ses-01,30,channel_inconsistency_max,0.7348883187885813,2.2799406242687828e-05,0.7348655193823386,32231.781798538774
ds004444,sub-024,ses-01,60,smr_snr_min,0.0013890602258958416,0.001463801130361502,7.474090446566036e-05,0.05105946625150016
ds004444,sub-024,ses-01,60,high_beta_max,1.3201809872963917e-12,1.3454302005541124e-12,2.5249213257720734e-14,0.010765280182610235
ds004444,sub-024,ses-01,60,broadband_max,1.630209123289191e-11,1.797737574707749e-11,1.6752845141855815e-12,0.08827798619330045
ds004444,sub-024,ses-01,60,noise_floor_max,4.12657922539802e-13,3.4954594242644573e-13,6.311198011335625e-14,0.046765343905137965
ds004444,sub-024,ses-01,60,transient_max,9.112008484015914e-05,8.325894560158431e-05,7.861139238574837e-06,0.09441795217746907
ds004444,sub-024,ses-01,60,channel_inconsistency_max,0.5297276011560529,2.2799406242687828e-05,0.5297048017498102,23233.270764953588
ds004444,sub-024,ses-01,90,smr_snr_min,0.0013664107463217516,0.001463801130361502,9.739038403975045e-05,0.0665325240930551
ds004444,sub-024,ses-01,90,high_beta_max,1.3201809872963917e-12,1.3454302005541124e-12,2.5249213257720734e-14,0.010765280182610235
ds004444,sub-024,ses-01,90,broadband_max,1.6984287633756287e-11,1.797737574707749e-11,9.930881133212044e-13,0.052330107521538625
ds004444,sub-024,ses-01,90,noise_floor_max,3.989096854906933e-13,3.4954594242644573e-13,4.9363743064247576e-14,0.036578038221872576
ds004444,sub-024,ses-01,90,transient_max,8.833992584115095e-05,8.325894560158431e-05,5.08098023956664e-06,0.06102623738299802
ds004444,sub-024,ses-01,90,channel_inconsistency_max,0.3618516415121937,2.2799406242687828e-05,0.361828842105951,15870.098650130298
ds004444,sub-024,ses-01,120,smr_snr_min,0.0012833805733271876,0.001463801130361502,0.00018042055703431444,0.12325482824740185
ds004444,sub-024,ses-01,120,high_beta_max,1.3282146756569491e-12,1.3454302005541124e-12,1.7215524897163278e-14,0.0073400286621601776
ds004444,sub-024,ses-01,120,broadband_max,1.6556429180063983e-11,1.797737574707749e-11,1.4209465670135077e-12,0.07487581981572626
ds004444,sub-024,ses-01,120,noise_floor_max,3.9693954688671605e-13,3.4954594242644573e-13,4.739360446027032e-14,0.03511818528760714
ds004444,sub-024,ses-01,120,transient_max,7.721928984511828e-05,8.325894560158431e-05,6.039655756466029e-06,0.07254062179488471
ds004444,sub-024,ses-01,120,channel_inconsistency_max,0.36588067197505064,2.2799406242687828e-05,0.365857872568808,16046.815106833317
ds004444,sub-024,ses-16,15,smr_snr_min,0.0005093658960045501,0.0007683987885738915,0.00025903289256934143,0.33710736675286246
ds004444,sub-024,ses-16,15,high_beta_max,1.5329228887533462e-12,7.593666796094423e-13,7.735562091439039e-13,0.43967878788952847
ds004444,sub-024,ses-16,15,broadband_max,1.426849686714813e-11,1.1446733230560609e-11,2.8217636365875216e-12,0.22670716760115117
ds004444,sub-024,ses-16,15,noise_floor_max,1.3261990921706115e-12,3.520799914389402e-13,9.741191007316713e-13,0.7204596672530986
ds004444,sub-024,ses-16,15,transient_max,0.00010781173952849325,9.030887159532775e-05,1.7502867933165506e-05,0.19381116639109766
ds004444,sub-024,ses-16,15,channel_inconsistency_max,0.6682754089249878,0.335907666121306,0.3323677428036818,0.9894616179514781
ds004444,sub-024,ses-16,30,smr_snr_min,0.0005806269984238242,0.0007683987885738915,0.00018777179015006733,0.2443676287597934
ds004444,sub-024,ses-16,30,high_beta_max,9.077367053372882e-13,7.593666796094423e-13,1.4837002572784595e-13,0.08433149692296223
ds004444,sub-024,ses-16,30,broadband_max,1.3429359112605243e-11,1.1446733230560609e-11,1.982625882044634e-12,0.159288854779716
ds004444,sub-024,ses-16,30,noise_floor_max,6.464948244957989e-13,3.520799914389402e-13,2.9441483305685873e-13,0.21774956727488448
ds004444,sub-024,ses-16,30,transient_max,0.00010742278690775624,9.030887159532775e-05,1.7113915312428496e-05,0.1895042515824066
ds004444,sub-024,ses-16,30,channel_inconsistency_max,0.7187965162060488,0.335907666121306,0.38288885008474277,1.1398633871765542
ds004444,sub-024,ses-16,60,smr_snr_min,0.0006801058510064738,0.0007683987885738915,8.82929375674177e-05,0.11490509715193557
ds004444,sub-024,ses-16,60,high_beta_max,8.15663642826961e-13,7.593666796094423e-13,5.6296963217518734e-14,0.03199842526858356
ds004444,sub-024,ses-16,60,broadband_max,1.1478556878569642e-11,1.1446733230560609e-11,3.1823648009032656e-14,0.002556787184198315
ds004444,sub-024,ses-16,60,noise_floor_max,3.8733280737332645e-13,3.520799914389402e-13,3.5252815934386235e-14,0.026073025381337617
ds004444,sub-024,ses-16,60,transient_max,9.697663080796224e-05,9.030887159532775e-05,6.667759212634488e-06,0.07383282529184683
ds004444,sub-024,ses-16,60,channel_inconsistency_max,0.5840397021106075,0.335907666121306,0.2481320359893015,0.7386911970593584
ds004444,sub-024,ses-16,90,smr_snr_min,0.0006995174184053821,0.0007683987885738915,6.888137016850936e-05,0.08964273643209003
ds004444,sub-024,ses-16,90,high_beta_max,7.862290675422176e-13,7.593666796094423e-13,2.6862387932775316e-14,0.015268214547940874
ds004444,sub-024,ses-16,90,broadband_max,1.1505508365650951e-11,1.1446733230560609e-11,5.87751350903424e-14,0.0047221334306443655
ds004444,sub-024,ses-16,90,noise_floor_max,3.741827221983537e-13,3.520799914389402e-13,2.2102730759413475e-14,0.01634720645180972
ds004444,sub-024,ses-16,90,transient_max,9.164242343785466e-05,9.030887159532775e-05,1.333551842526911e-06,0.014766565058369516
ds004444,sub-024,ses-16,90,channel_inconsistency_max,0.5081664937292061,0.335907666121306,0.17225882760790007,0.5128160056495394
ds004444,sub-024,ses-16,120,smr_snr_min,0.0007529289079712767,0.0007683987885738915,1.546988060261486e-05,0.0201326196924302
ds004444,sub-024,ses-16,120,high_beta_max,7.540980097399864e-13,7.593666796094423e-13,5.2686698694558506e-15,0.002994640020479091
ds004444,sub-024,ses-16,120,broadband_max,1.1505508365650951e-11,1.1446733230560609e-11,5.87751350903424e-14,0.0047221334306443655
ds004444,sub-024,ses-16,120,noise_floor_max,2.975529205977464e-13,3.520799914389402e-13,5.452707084119382e-14,0.04032828766526145
ds004444,sub-024,ses-16,120,transient_max,9.086451819638065e-05,9.030887159532775e-05,5.556466010529033e-07,0.006152735440987561
ds004444,sub-024,ses-16,120,channel_inconsistency_max,0.5292116241988802,0.335907666121306,0.19330395807757422,0.5754675393659848
ds004444,sub-025,ses-01,15,smr_snr_min,0.0005804037598942768,0.0004775566906841615,0.00010284706921011527,0.21536096342281924
ds004444,sub-025,ses-01,15,high_beta_max,1.1179822840780927e-12,9.12325205559704e-13,2.0565707851838879e-13,0.10754294192247316
ds004444,sub-025,ses-01,15,broadband_max,5.762278832143114e-12,6.637363618034747e-12,8.750847858916324e-13,0.1145794320732905
ds004444,sub-025,ses-01,15,noise_floor_max,4.898683096645406e-13,4.156856813122312e-13,7.418262835230942e-14,0.0524004935075333
ds004444,sub-025,ses-01,15,transient_max,8.17881547264815e-05,5.24073021286333e-05,2.9380852597848204e-05,0.5606251580191627
ds004444,sub-025,ses-01,15,channel_inconsistency_max,0.902351154564028,0.7724692479640662,0.1298819065999618,0.16813861126784366
ds004444,sub-025,ses-01,30,smr_snr_min,0.0005853920777435304,0.0004775566906841615,0.00010783538705936885,0.2258064622214261
ds004444,sub-025,ses-01,30,high_beta_max,9.29605903789548e-13,9.12325205559704e-13,1.7280698229844095e-14,0.009036485101803769
ds004444,sub-025,ses-01,30,broadband_max,6.136826188779288e-12,6.637363618034747e-12,5.005374292554589e-13,0.06553798591879244
ds004444,sub-025,ses-01,30,noise_floor_max,4.67539107643946e-13,4.156856813122312e-13,5.1853426331714777e-14,0.03662778187009044
ds004444,sub-025,ses-01,30,transient_max,5.90483414969095e-05,5.24073021286333e-05,6.641039368276203e-06,0.12671973125531427
ds004444,sub-025,ses-01,30,channel_inconsistency_max,0.8371989203498154,0.7724692479640662,0.06472967238574912,0.08379579194416865
ds004444,sub-025,ses-01,60,smr_snr_min,0.0004789513615064951,0.0004775566906841615,1.394670822333602e-06,0.0029204298602017835
ds004444,sub-025,ses-01,60,high_beta_max,8.697635992600471e-13,9.12325205559704e-13,4.256160629965678e-14,0.022256468813943046
ds004444,sub-025,ses-01,60,broadband_max,6.343463280310095e-12,6.637363618034747e-12,2.939003377246518e-13,0.038481909782407155
ds004444,sub-025,ses-01,60,noise_floor_max,4.4362489784707543e-13,4.156856813122312e-13,2.793921653484423e-14,0.019735465932626185
ds004444,sub-025,ses-01,60,transient_max,5.6007127718012586e-05,5.24073021286333e-05,3.599825589379288e-06,0.06868938820499015
ds004444,sub-025,ses-01,60,channel_inconsistency_max,0.8361550120074303,0.7724692479640662,0.06368576404336401,0.08244440048731119
ds004444,sub-025,ses-01,90,smr_snr_min,0.00048250339141242353,0.0004775566906841615,4.946700728262012e-06,0.010358352870769904
ds004444,sub-025,ses-01,90,high_beta_max,8.679628298254191e-13,9.12325205559704e-13,4.436237573428484e-14,0.023198133667490278
ds004444,sub-025,ses-01,90,broadband_max,6.384839841604524e-12,6.637363618034747e-12,2.525237764302223e-13,0.033064260006413305
ds004444,sub-025,ses-01,90,noise_floor_max,3.976376895150603e-13,4.156856813122312e-13,1.8047991797170928e-14,0.012748586805258803
ds004444,sub-025,ses-01,90,transient_max,5.517906729228586e-05,5.24073021286333e-05,2.771765163652563e-06,0.0528889104796957
ds004444,sub-025,ses-01,90,channel_inconsistency_max,0.8262066743205768,0.7724692479640662,0.053737426356510576,0.06956578077130234
ds004444,sub-025,ses-01,120,smr_snr_min,0.00048150184364387596,0.0004775566906841615,3.945152959714438e-06,0.008261119629171938
ds004444,sub-025,ses-01,120,high_beta_max,8.621258749136574e-13,9.12325205559704e-13,5.019933064604652e-14,0.02625041520140088
ds004444,sub-025,ses-01,120,broadband_max,6.5115999790703755e-12,6.637363618034747e-12,1.2576363896437115e-13,0.01646689162047947
ds004444,sub-025,ses-01,120,noise_floor_max,3.9770615055294755e-13,4.156856813122312e-13,1.7979530759283656e-14,0.012700227880116738
ds004444,sub-025,ses-01,120,transient_max,5.4143991760127486e-05,5.24073021286333e-05,1.7366896314941887e-06,0.03313831332307824
ds004444,sub-025,ses-01,120,channel_inconsistency_max,0.8149682472698978,0.7724692479640662,0.042498999305831564,0.055017075977830406
ds004444,sub-025,ses-16,15,smr_snr_min,0.0006056736325078007,0.00045647481586650934,0.0001491988166412914,0.32685004983511023
ds004444,sub-025,ses-16,15,high_beta_max,2.3089638934719432e-12,1.590870111629566e-12,7.180937818423772e-13,0.2771631733366678
ds004444,sub-025,ses-16,15,broadband_max,1.2799568359668701e-11,9.43595663419769e-12,3.3636117254710117e-12,0.32230986035805853
ds004444,sub-025,ses-16,15,noise_floor_max,1.4220452836152788e-12,5.339901650895641e-13,8.880551185257148e-13,0.5789183912231044
ds004444,sub-025,ses-16,15,transient_max,0.00010003061318379446,8.572110519569727e-05,1.4309507988097186e-05,0.16693097678218535
ds004444,sub-025,ses-16,15,channel_inconsistency_max,0.5032985080437157,0.011066090953858776,0.4922324170898569,44.48114687451877
ds004444,sub-025,ses-16,30,smr_snr_min,0.0004619186952234969,0.00045647481586650934,5.443879356987558e-06,0.011925913885802721
ds004444,sub-025,ses-16,30,high_beta_max,1.8866548672509113e-12,1.590870111629566e-12,2.9578475562134526e-13,0.11416425481681405
ds004444,sub-025,ses-16,30,broadband_max,9.339051821074832e-12,9.43595663419769e-12,9.690481312285698e-14,0.009285666520049408
ds004444,sub-025,ses-16,30,noise_floor_max,6.412320314970121e-13,5.339901650895641e-13,1.0724186640744806e-13,0.06991040024118185
ds004444,sub-025,ses-16,30,transient_max,8.602335486381265e-05,8.572110519569727e-05,3.022496681153765e-07,0.0035259655588829506
ds004444,sub-025,ses-16,30,channel_inconsistency_max,0.43106815920580016,0.011066090953858776,0.42000206825194136,37.9539685662471
ds004444,sub-025,ses-16,60,smr_snr_min,0.00045694574344414267,0.00045647481586650934,4.7092757763332865e-07,0.0010316616826006545
ds004444,sub-025,ses-16,60,high_beta_max,1.6903983498645595e-12,1.590870111629566e-12,9.952823823499347e-14,0.038414985679229484
ds004444,sub-025,ses-16,60,broadband_max,9.432328835249795e-12,9.43595663419769e-12,3.627798947894517e-15,0.0003476249542860831
ds004444,sub-025,ses-16,60,noise_floor_max,6.736306872932866e-13,5.339901650895641e-13,1.396405222037225e-13,0.09103091100689645
ds004444,sub-025,ses-16,60,transient_max,8.45710386816199e-05,8.572110519569727e-05,1.1500665140773685e-06,0.013416375092638452
ds004444,sub-025,ses-16,60,channel_inconsistency_max,0.5402679181631733,0.011066090953858776,0.5292018272093145,47.8219300173887
ds004444,sub-025,ses-16,90,smr_snr_min,0.00042712502490911534,0.00045647481586650934,2.9349790957394002e-05,0.06429662683007768
ds004444,sub-025,ses-16,90,high_beta_max,1.5406307100396814e-12,1.590870111629566e-12,5.023940158988461e-14,0.019390937957243174
ds004444,sub-025,ses-16,90,broadband_max,9.881449708759381e-12,9.43595663419769e-12,4.4549307456169213e-13,0.04268828342021387
ds004444,sub-025,ses-16,90,noise_floor_max,6.100974347345987e-13,5.339901650895641e-13,7.610726964503467e-14,0.04961392281194387
ds004444,sub-025,ses-16,90,transient_max,8.765950853742213e-05,8.572110519569727e-05,1.9384033417248545e-06,0.022612906292874598
ds004444,sub-025,ses-16,90,channel_inconsistency_max,0.4793202953364602,0.011066090953858776,0.4682542043826014,42.31432818442592
ds004444,sub-025,ses-16,120,smr_snr_min,0.00040287328498140473,0.00045647481586650934,5.360153088510461e-05,0.11742494635970191
ds004444,sub-025,ses-16,120,high_beta_max,1.5729063760021595e-12,1.590870111629566e-12,1.796373562740647e-14,0.006933475957275184
ds004444,sub-025,ses-16,120,broadband_max,9.339051821074832e-12,9.43595663419769e-12,9.690481312285698e-14,0.009285666520049408
ds004444,sub-025,ses-16,120,noise_floor_max,5.308494196284891e-13,5.339901650895641e-13,3.1407454610749473e-15,0.002047435200402064
ds004444,sub-025,ses-16,120,transient_max,7.687504628061402e-05,8.572110519569727e-05,8.84605891508325e-06,0.10319580914982726
ds004444,sub-025,ses-16,120,channel_inconsistency_max,0.46237495770508863,0.011066090953858776,0.45130886675122983,40.78304331603873
ds004444,sub-026,ses-01,15,smr_snr_min,0.001686081447872271,0.0015058650101757436,0.00018021643769652743,0.11967635635269772
ds004444,sub-026,ses-01,15,high_beta_max,1.7884983910222655e-12,1.4592310104387045e-12,3.29267380583561e-13,0.1338903824756271
ds004444,sub-026,ses-01,15,broadband_max,1.6670060785784793e-11,1.6853597607127648e-11,1.835368213428552e-13,0.010280102945166764
ds004444,sub-026,ses-01,15,noise_floor_max,5.974945133048254e-13,5.786591820685502e-13,1.8835331236275264e-14,0.011931220779139254
ds004444,sub-026,ses-01,15,transient_max,5.704644632639048e-05,6.967385265888457e-05,1.2627406332494093e-05,0.18123593958669873
ds004444,sub-026,ses-01,15,channel_inconsistency_max,0.858243666118865,0.05592199389540427,0.8023216722234607,14.34715782326655
ds004444,sub-026,ses-01,30,smr_snr_min,0.001261536298424556,0.0015058650101757436,0.00024432871175118754,0.16225140363705076
ds004444,sub-026,ses-01,30,high_beta_max,1.5565737063522946e-12,1.4592310104387045e-12,9.734269591359006e-14,0.03958257500023351
ds004444,sub-026,ses-01,30,broadband_max,1.524022084980153e-11,1.6853597607127648e-11,1.6133767573261197e-12,0.09036703934012802
ds004444,sub-026,ses-01,30,noise_floor_max,6.567842780348647e-13,5.786591820685502e-13,7.812509596631452e-14,0.049488259944711795
ds004444,sub-026,ses-01,30,transient_max,5.708366024261845e-05,6.967385265888457e-05,1.259019241626612e-05,0.18070182364113663
ds004444,sub-026,ses-01,30,channel_inconsistency_max,0.8027686657189481,0.05592199389540427,0.7468466718235438,13.355150984192024
ds004444,sub-026,ses-01,60,smr_snr_min,0.0013279521265438343,0.0015058650101757436,0.0001779128836319093,0.11814663486536496
ds004444,sub-026,ses-01,60,high_beta_max,1.4486342993990819e-12,1.4592310104387045e-12,1.059671103962262e-14,0.0043089530811228115
ds004444,sub-026,ses-01,60,broadband_max,1.587535103340342e-11,1.6853597607127648e-11,9.782465737242284e-13,0.05479268633979324
ds004444,sub-026,ses-01,60,noise_floor_max,5.831107194929271e-13,5.786591820685502e-13,4.451537424376916e-15,0.0028198217037219988
ds004444,sub-026,ses-01,60,transient_max,6.752225528343634e-05,6.967385265888457e-05,2.1515973754482348e-06,0.030880987091401833
ds004444,sub-026,ses-01,60,channel_inconsistency_max,0.7652698128342257,0.05592199389540427,0.7093478189388214,12.684594548844078
ds004444,sub-026,ses-01,90,smr_snr_min,0.0015248144187669545,0.0015058650101757436,1.894940859121087e-05,0.012583736557113857
ds004444,sub-026,ses-01,90,high_beta_max,1.369996648384027e-12,1.4592310104387045e-12,8.923436205467745e-14,0.03628547366062974
ds004444,sub-026,ses-01,90,broadband_max,1.694442000197675e-11,1.6853597607127648e-11,9.082239484910067e-14,0.005087064066731394
ds004444,sub-026,ses-01,90,noise_floor_max,5.729966606136617e-13,5.786591820685502e-13,5.6625214548884165e-15,0.0035869182653273496
ds004444,sub-026,ses-01,90,transient_max,6.641700938429844e-05,6.967385265888457e-05,3.25684327458613e-06,0.04674412428127303
ds004444,sub-026,ses-01,90,channel_inconsistency_max,0.7988904704910089,0.05592199389540427,0.7429684765956046,13.285800895653987
ds004444,sub-026,ses-01,120,smr_snr_min,0.0014664000564710955,0.0015058650101757436,3.9464953704648146e-05,0.02620749762545771
ds004444,sub-026,ses-01,120,high_beta_max,1.4018918900840768e-12,1.4592310104387045e-12,5.733912035462773e-14,0.023315873991194898
ds004444,sub-026,ses-01,120,broadband_max,1.7035000572738563e-11,1.6853597607127648e-11,1.8140296561091451e-13,0.010160583295463849
ds004444,sub-026,ses-01,120,noise_floor_max,5.831107194929271e-13,5.786591820685502e-13,4.451537424376916e-15,0.0028198217037219988
ds004444,sub-026,ses-01,120,transient_max,6.985288250553139e-05,6.967385265888457e-05,1.7902984664681422e-07,0.002569541330716748
ds004444,sub-026,ses-01,120,channel_inconsistency_max,0.7916430381513788,0.05592199389540427,0.7357210442559745,13.156201934053012
ds004444,sub-026,ses-16,15,smr_snr_min,0.0013976913832311967,0.0012421271612984533,0.0001555642219327434,0.12524017399706863
ds004444,sub-026,ses-16,15,high_beta_max,9.538669774737938e-13,8.664030315350195e-13,8.746394593877429e-14,0.04686230383307926
ds004444,sub-026,ses-16,15,broadband_max,8.339051140167634e-12,1.3566639928570305e-11,5.227588788402671e-12,0.3588740309389766
ds004444,sub-026,ses-16,15,noise_floor_max,5.200494199807056e-13,3.947604634566874e-13,1.2528895652401819e-13,0.08982829654742998
ds004444,sub-026,ses-16,15,transient_max,9.125815781490807e-05,0.0001034788839490348,1.2220726134126733e-05,0.11809874198147437
ds004444,sub-026,ses-16,15,channel_inconsistency_max,0.5617195351562205,0.133090886560299,0.42862864859592154,3.2205709922783012
ds004444,sub-026,ses-16,30,smr_snr_min,0.0015753047213707462,0.0012421271612984533,0.00033317756007229284,0.2682314421462094
ds004444,sub-026,ses-16,30,high_beta_max,7.471333993342793e-13,8.664030315350195e-13,1.1926963220074026e-13,0.06390347110754914
ds004444,sub-026,ses-16,30,broadband_max,9.701657213836387e-12,1.3566639928570305e-11,3.864982714733918e-12,0.2653311081818757
ds004444,sub-026,ses-16,30,noise_floor_max,4.43410513853693e-13,3.947604634566874e-13,4.8650050397005626e-14,0.034880577469506395
ds004444,sub-026,ses-16,30,transient_max,8.984263874265658e-05,0.0001034788839490348,1.3636245206378222e-05,0.1317780454736666
ds004444,sub-026,ses-16,30,channel_inconsistency_max,0.678327659764528,0.133090886560299,0.545236773204229,4.096725082322627
ds004444,sub-026,ses-16,60,smr_snr_min,0.001471212781956846,0.0012421271612984533,0.0002290856206583927,0.18443008704075736
ds004444,sub-026,ses-16,60,high_beta_max,8.740740703167494e-13,8.664030315350195e-13,7.67103878172989e-15,0.004110065538963928
ds004444,sub-026,ses-16,60,broadband_max,1.2806729176657543e-11,1.3566639928570305e-11,7.599107519127624e-13,0.052167881930156736
ds004444,sub-026,ses-16,60,noise_floor_max,4.0796853627172266e-13,3.947604634566874e-13,1.320807281503528e-14,0.009469778618689273
ds004444,sub-026,ses-16,60,transient_max,9.738231452048523e-05,0.0001034788839490348,6.096569428549578e-06,0.058916071926676125
ds004444,sub-026,ses-16,60,channel_inconsistency_max,0.650435181845934,0.133090886560299,0.517344295285635,3.8871504176760934
ds004444,sub-026,ses-16,90,smr_snr_min,0.0013605111945251347,0.0012421271612984533,0.00011838403322668141,0.09530749895817557
ds004444,sub-026,ses-16,90,high_beta_max,8.727407551435343e-13,8.664030315350195e-13,6.337723608514745e-15,0.003395688659647266
ds004444,sub-026,ses-16,90,broadband_max,1.3450034049542932e-11,1.3566639928570305e-11,1.1660587902737265e-13,0.008004994947301987
ds004444,sub-026,ses-16,90,noise_floor_max,4.0145096015296914e-13,3.947604634566874e-13,6.690496696281761e-15,0.004796878655206824
ds004444,sub-026,ses-16,90,transient_max,9.924973041886013e-05,0.0001034788839490348,4.229153530174674e-06,0.0408697246037934
ds004444,sub-026,ses-16,90,channel_inconsistency_max,0.6215516034863372,0.133090886560299,0.4884607169260382,3.6701289588379367
ds004444,sub-026,ses-16,120,smr_snr_min,0.0012421271612984533,0.0012421271612984533,0.0,0.0
ds004444,sub-026,ses-16,120,high_beta_max,8.727407551435343e-13,8.664030315350195e-13,6.337723608514745e-15,0.003395688659647266
ds004444,sub-026,ses-16,120,broadband_max,1.272067166282805e-11,1.3566639928570305e-11,8.459682657422549e-13,0.0580757312524087
ds004444,sub-026,ses-16,120,noise_floor_max,3.8608164776388544e-13,3.947604634566874e-13,8.678815692801943e-15,0.006222441716832801
ds004444,sub-026,ses-16,120,transient_max,9.417951484855422e-05,0.0001034788839490348,9.299369100480587e-06,0.08986731066014765
ds004444,sub-026,ses-16,120,channel_inconsistency_max,0.6462679595669492,0.133090886560299,0.5131770730066502,3.855839316017262
ds004444,sub-027,ses-01,15,smr_snr_min,0.0007403301619248017,0.0005538702313408058,0.00018645993058399586,0.33664912771348193
ds004444,sub-027,ses-01,15,high_beta_max,1.0087292350422681e-12,7.727656968562649e-13,2.359635381860032e-13,0.13310475186001697
ds004444,sub-027,ses-01,15,broadband_max,1.3444546955237711e-11,9.207154129124213e-12,4.237392826113498e-12,0.41513949652458826
ds004444,sub-027,ses-01,15,noise_floor_max,9.750088260996294e-13,5.479137489454274e-13,4.2709507715420203e-13,0.27591658607928005
ds004444,sub-027,ses-01,15,transient_max,0.00012750851169604044,9.279524335088111e-05,3.471326834515933e-05,0.37408456206979884
ds004444,sub-027,ses-01,15,channel_inconsistency_max,0.736258229001208,0.48540017324941975,0.2508580557517882,0.5168066877107801
ds004444,sub-027,ses-01,30,smr_snr_min,0.000623274694766104,0.0005538702313408058,6.940446342529815e-05,0.12530816673785855
ds004444,sub-027,ses-01,30,high_beta_max,8.163482083780107e-13,7.727656968562649e-13,4.358251152174577e-14,0.024584473627300464
ds004444,sub-027,ses-01,30,broadband_max,1.0879155286073704e-11,9.207154129124213e-12,1.6720011569494909e-12,0.16380679039407733
ds004444,sub-027,ses-01,30,noise_floor_max,5.457257733360659e-13,5.479137489454274e-13,2.1879756093614563e-15,0.0014134996932820673
ds004444,sub-027,ses-01,30,transient_max,0.00012750851169604044,9.279524335088111e-05,3.471326834515933e-05,0.37408456206979884
ds004444,sub-027,ses-01,30,channel_inconsistency_max,0.6913514804754943,0.48540017324941975,0.20595130722607458,0.4242917876335894
ds004444,sub-027,ses-01,60,smr_snr_min,0.0005524008923111997,0.0005538702313408058,1.4693390296060746e-06,0.0026528579147434036
ds004444,sub-027,ses-01,60,high_beta_max,7.393421892967089e-13,7.727656968562649e-13,3.342350755955603e-14,0.018853877655026625
ds004444,sub-027,ses-01,60,broadband_max,8.017457102420016e-12,9.207154129124213e-12,1.1896970267041972e-12,0.11655521329981863
ds004444,sub-027,ses-01,60,noise_floor_max,4.0759805150389936e-13,5.479137489454274e-13,1.4031569744152804e-13,0.09064826611762007
ds004444,sub-027,ses-01,60,transient_max,0.00010054896086060869,9.279524335088111e-05,7.753717509727582e-06,0.08355727240082383
ds004444,sub-027,ses-01,60,channel_inconsistency_max,0.6786590803905516,0.48540017324941975,0.1932589071411318,0.39814346551835456
ds004444,sub-027,ses-01,90,smr_snr_min,0.0005695950803118486,0.0005538702313408058,1.5724848971042826e-05,0.028390854125857876
ds004444,sub-027,ses-01,90,high_beta_max,7.07744852579601e-13,7.727656968562649e-13,6.502084427666398e-14,0.036677629983459595
ds004444,sub-027,ses-01,90,broadband_max,8.017457102420016e-12,9.207154129124213e-12,1.1896970267041972e-12,0.11655521329981863
ds004444,sub-027,ses-01,90,noise_floor_max,4.525951401577417e-13,5.479137489454274e-13,9.531860878768571e-14,0.06157875970326188
ds004444,sub-027,ses-01,90,transient_max,9.115656717784375e-05,9.279524335088111e-05,1.6386761730373617e-06,0.017659053376066703
ds004444,sub-027,ses-01,90,channel_inconsistency_max,0.7069450680404582,0.48540017324941975,0.22154489479103845,0.4564170080688097
ds004444,sub-027,ses-01,120,smr_snr_min,0.000545047837657446,0.0005538702313408058,8.822393683359801e-06,0.015928629430171707
ds004444,sub-027,ses-01,120,high_beta_max,7.340830031062754e-13,7.727656968562649e-13,3.868269374998953e-14,0.02182053376742765
ds004444,sub-027,ses-01,120,broadband_max,8.138834557728689e-12,9.207154129124213e-12,1.0683195713955243e-12,0.10466380323848284
ds004444,sub-027,ses-01,120,noise_floor_max,4.825435231367188e-13,5.479137489454274e-13,6.537022580870858e-14,0.04223118106757849
ds004444,sub-027,ses-01,120,transient_max,9.066790885786205e-05,9.279524335088111e-05,2.1273344930190595e-06,0.02292503789283745
ds004444,sub-027,ses-01,120,channel_inconsistency_max,0.7425365863315777,0.48540017324941975,0.25713641308215796,0.5297410822090917
ds004444,sub-027,ses-16,15,smr_snr_min,0.0007059932625586821,0.0005341932647506942,0.00017179999780798786,0.32160644624854967
ds004444,sub-027,ses-16,15,high_beta_max,9.403272236413182e-13,5.787093393207265e-13,3.616178843205917e-13,0.22905919114672846
ds004444,sub-027,ses-16,15,broadband_max,1.2249206686327618e-11,9.140102764825965e-12,3.109103921501653e-12,0.3066146363216877
ds004444,sub-027,ses-16,15,noise_floor_max,1.8046526926462187e-12,1.0439367891117344e-12,7.607159035344843e-13,0.3721817169625292
ds004444,sub-027,ses-16,15,transient_max,0.00027005463263904736,0.00025688154726481987,1.3173085374227494e-05,0.05128077693088071
ds004444,sub-027,ses-16,15,channel_inconsistency_max,0.5998306697660508,0.34777161515377086,0.25205905461227995,0.724783287733545
ds004444,sub-027,ses-16,30,smr_snr_min,0.0006928244254149755,0.0005341932647506942,0.00015863116066428126,0.29695462454278443
ds004444,sub-027,ses-16,30,high_beta_max,7.23307371076506e-13,5.787093393207265e-13,1.4459803175577953e-13,0.09159256118545288
ds004444,sub-027,ses-16,30,broadband_max,1.106971688301369e-11,9.140102764825965e-12,1.9296141181877244e-12,0.1902953217477419
ds004444,sub-027,ses-16,30,noise_floor_max,1.4931259292559583e-12,1.0439367891117344e-12,4.491891401442239e-13,0.2197666496034034
ds004444,sub-027,ses-16,30,transient_max,0.0002620011137560085,0.00025688154726481987,5.119566491188637e-06,0.019929677805861176
ds004444,sub-027,ses-16,30,channel_inconsistency_max,0.7290879877155918,0.34777161515377086,0.38131637256182094,1.0964562832194384
ds004444,sub-027,ses-16,60,smr_snr_min,0.000682908547639371,0.0005341932647506942,0.0001487152828886768,0.27839228313687053
ds004444,sub-027,ses-16,60,high_beta_max,7.174113040405445e-13,5.787093393207265e-13,1.3870196471981796e-13,0.0878578223775489
ds004444,sub-027,ses-16,60,broadband_max,1.106971688301369e-11,9.140102764825965e-12,1.9296141181877244e-12,0.1902953217477419
ds004444,sub-027,ses-16,60,noise_floor_max,1.3452923448979124e-12,1.0439367891117344e-12,3.0135555578617796e-13,0.14743878450230488
ds004444,sub-027,ses-16,60,transient_max,0.0002697655092698561,0.00025688154726481987,1.2883962005036224e-05,0.05015526452586666
ds004444,sub-027,ses-16,60,channel_inconsistency_max,0.6853377602602067,0.34777161515377086,0.3375661451064358,0.9706546779449114
ds004444,sub-027,ses-16,90,smr_snr_min,0.0005669973908659595,0.0005341932647506942,3.280412611526525e-05,0.06140872268235369
ds004444,sub-027,ses-16,90,high_beta_max,6.446026742851586e-13,5.787093393207265e-13,6.589333496443206e-14,0.04173873766578468
ds004444,sub-027,ses-16,90,broadband_max,9.401420305131538e-12,9.140102764825965e-12,2.61317540305573e-13,0.02577069940671928
ds004444,sub-027,ses-16,90,noise_floor_max,1.110000802113327e-12,1.0439367891117344e-12,6.606401300159267e-14,0.032321945254629496
ds004444,sub-027,ses-16,90,transient_max,0.00025244704737926337,0.00025688154726481987,4.434499885556497e-06,0.017262819830815405
ds004444,sub-027,ses-16,90,channel_inconsistency_max,0.7043611256042885,0.34777161515377086,0.3565895104505177,1.0253554197970485
ds004444,sub-027,ses-16,120,smr_snr_min,0.0005620509185678963,0.0005341932647506942,2.785765381720204e-05,0.05214901722516864
ds004444,sub-027,ses-16,120,high_beta_max,6.626061424819638e-13,5.787093393207265e-13,8.389680316123726e-14,0.05314265335082876
ds004444,sub-027,ses-16,120,broadband_max,9.508304275386499e-12,9.140102764825965e-12,3.6820151056053415e-13,0.03631141804970195
ds004444,sub-027,ses-16,120,noise_floor_max,1.1323977788118515e-12,1.0439367891117344e-12,8.846098970011703e-14,0.04327970912376449
ds004444,sub-027,ses-16,120,transient_max,0.0002615405163653012,0.00025688154726481987,4.658969100481336e-06,0.018136643647438593
ds004444,sub-027,ses-16,120,channel_inconsistency_max,0.6419569810160787,0.34777161515377086,0.2941853658623078,0.845915402645454
ds004444,sub-028,ses-01,15,smr_snr_min,0.0008742149235742285,0.001009088853798721,0.00013487393022449247,0.13365912187326184
ds004444,sub-028,ses-01,15,high_beta_max,1.1024783221512556e-12,1.0967572234671966e-12,5.721098684058971e-15,0.0027285460710604185
ds004444,sub-028,ses-01,15,broadband_max,1.2521278704610919e-11,1.7878530592103255e-11,5.357251887492336e-12,0.2837748341353025
ds004444,sub-028,ses-01,15,noise_floor_max,1.6786540315380786e-12,1.6645321220329363e-12,1.4121909505142345e-14,0.005299958438619935
ds004444,sub-028,ses-01,15,transient_max,0.000298224148378729,0.0002889252970168613,9.2988513618677e-06,0.03218427540161275
ds004444,sub-028,ses-01,15,channel_inconsistency_max,0.4315857291005887,0.010217870146997193,0.42136785895359147,41.238325879115216
ds004444,sub-028,ses-01,30,smr_snr_min,0.0011134681521090635,0.001009088853798721,0.0001043792983103425,0.10343915485139575
ds004444,sub-028,ses-01,30,high_beta_max,1.1182066509625761e-12,1.0967572234671966e-12,2.144942749537949e-14,0.010229809753515826
ds004444,sub-028,ses-01,30,broadband_max,1.5261089621259398e-11,1.7878530592103255e-11,2.617440970843857e-12,0.13864643532896107
ds004444,sub-028,ses-01,30,noise_floor_max,1.5821289664302193e-12,1.6645321220329363e-12,8.240315560271697e-14,0.03092593814926371
ds004444,sub-028,ses-01,30,transient_max,0.00028997889494163434,0.0002889252970168613,1.0535979247730531e-06,0.0036466101514986294
ds004444,sub-028,ses-01,30,channel_inconsistency_max,0.5520479600011552,0.010217870146997193,0.541830089854158,53.02769383503687
ds004444,sub-028,ses-01,60,smr_snr_min,0.0010798669464030988,0.001009088853798721,7.07780926043778e-05,0.07014059492163911
ds004444,sub-028,ses-01,60,high_beta_max,1.1007275643977136e-12,1.0967572234671966e-12,3.970340930516945e-15,0.0018935625384190124
ds004444,sub-028,ses-01,60,broadband_max,1.704589536470806e-11,1.7878530592103255e-11,8.326352273951956e-13,0.04410487475881627
ds004444,sub-028,ses-01,60,noise_floor_max,1.5595593782608566e-12,1.6645321220329363e-12,1.049727437720797e-13,0.0393963138609076
ds004444,sub-028,ses-01,60,transient_max,0.0002811283610894943,0.0002889252970168613,7.796935927366984e-06,0.026985992507004234
ds004444,sub-028,ses-01,60,channel_inconsistency_max,0.47172226894946023,0.010217870146997193,0.461504398802463,45.16639887941056
ds004444,sub-028,ses-01,90,smr_snr_min,0.001000491508720749,0.001009088853798721,8.597345077972001e-06,0.008519908863414095
ds004444,sub-028,ses-01,90,high_beta_max,1.0201101920146545e-12,1.0967572234671966e-12,7.66470314525421e-14,0.036555033932730956
ds004444,sub-028,ses-01,90,broadband_max,1.573236469752872e-11,1.7878530592103255e-11,2.1461658945745357e-12,0.11368288882993152
ds004444,sub-028,ses-01,90,noise_floor_max,1.5364494034453684e-12,1.6645321220329363e-12,1.280827185875678e-13,0.04806949690283545
ds004444,sub-028,ses-01,90,transient_max,0.00028070043579766547,0.0002889252970168613,8.22486121919582e-06,0.028467085698794806
ds004444,sub-028,ses-01,90,channel_inconsistency_max,0.4960157672455631,0.010217870146997193,0.4857978970985659,47.543948989583434
ds004444,sub-028,ses-01,120,smr_snr_min,0.0010008031083137145,0.001009088853798721,8.285745485006428e-06,0.008211115845352541
ds004444,sub-028,ses-01,120,high_beta_max,1.0505589324691276e-12,1.0967572234671966e-12,4.6198290998069026e-14,0.02203320941547804
ds004444,sub-028,ses-01,120,broadband_max,1.651744707131867e-11,1.7878530592103255e-11,1.3610835207845843e-12,0.07209689939289635
ds004444,sub-028,ses-01,120,noise_floor_max,1.539952321813627e-12,1.6645321220329363e-12,1.2457980021930923e-13,0.04675485020021436
ds004444,sub-028,ses-01,120,transient_max,0.0002794769027237355,0.0002889252970168613,9.448394293125773e-06,0.032701858777954354
ds004444,sub-028,ses-01,120,channel_inconsistency_max,0.48331616272201006,0.010217870146997193,0.47309829257501285,46.30106722072065
ds004444,sub-028,ses-16,15,smr_snr_min,0.001520420213226982,0.0010449318733120802,0.0004754883399149018,0.4550424306158088
ds004444,sub-028,ses-16,15,high_beta_max,1.5711439567957433e-12,1.6538175921773886e-12,8.267363538164535e-14,0.03115271962373788
ds004444,sub-028,ses-16,15,broadband_max,3.2039651368903204e-11,2.7857028537061273e-11,4.1826228318419305e-12,0.14494294956496162
ds004444,sub-028,ses-16,15,noise_floor_max,9.073489806050463e-12,1.2124995818872114e-11,3.0515060128216504e-12,0.23249577027932944
ds004444,sub-028,ses-16,15,transient_max,0.0007296880366216525,0.0008426209380636301,0.00011293290144197765,0.13402574776681353
ds004444,sub-028,ses-16,15,channel_inconsistency_max,0.5434598144347325,0.009575075298044062,0.5338847391366884,55.757758812611044
ds004444,sub-028,ses-16,30,smr_snr_min,0.0010894223035845879,0.0010449318733120802,4.449043027250762e-05,0.04257735012801425
ds004444,sub-028,ses-16,30,high_beta_max,1.2670094898350791e-12,1.6538175921773886e-12,3.868081023423095e-13,0.14575534636687046
ds004444,sub-028,ses-16,30,broadband_max,2.273961708610366e-11,2.7857028537061273e-11,5.117411450957614e-12,0.1773367429146521
ds004444,sub-028,ses-16,30,noise_floor_max,8.12167215442703e-12,1.2124995818872114e-11,4.003323664445084e-12,0.30501523350497395
ds004444,sub-028,ses-16,30,transient_max,0.000716367151232166,0.0008426209380636301,0.00012625378683146413,0.1498346183656019
ds004444,sub-028,ses-16,30,channel_inconsistency_max,0.451835934177212,0.009575075298044062,0.44226085887916794,46.18876040831987
ds004444,sub-028,ses-16,60,smr_snr_min,0.0008447318154644141,0.0010449318733120802,0.0002002000578476661,0.19159149296643446
ds004444,sub-028,ses-16,60,high_beta_max,1.2623370436092862e-12,1.6538175921773886e-12,3.914805485681025e-13,0.1475159972268112
ds004444,sub-028,ses-16,60,broadband_max,2.243148200061085e-11,2.7857028537061273e-11,5.425546536450423e-12,0.18801473372361807
ds004444,sub-028,ses-16,60,noise_floor_max,8.088546227793755e-12,1.2124995818872114e-11,4.036449591078358e-12,0.30753911443342674
ds004444,sub-028,ses-16,60,transient_max,0.0007187881608606088,0.0008426209380636301,0.00012383277720302128,0.1469614288729064
ds004444,sub-028,ses-16,60,channel_inconsistency_max,0.49584078292234035,0.009575075298044062,0.4862657076242963,50.78453092403807
ds004444,sub-028,ses-16,90,smr_snr_min,0.0008447318154644141,0.0010449318733120802,0.0002002000578476661,0.19159149296643446
ds004444,sub-028,ses-16,90,high_beta_max,1.3028912253296806e-12,1.6538175921773886e-12,3.5092636684770807e-13,0.13223454689656422
ds004444,sub-028,ses-16,90,broadband_max,2.1929560858746313e-11,2.7857028537061273e-11,5.9274676783149605e-12,0.20540810952528513
ds004444,sub-028,ses-16,90,noise_floor_max,8.465528369310069e-12,1.2124995818872114e-11,3.659467449562045e-12,0.27881665640610603
ds004444,sub-028,ses-16,90,transient_max,0.0007236601646143281,0.0008426209380636301,0.00011896077344930199,0.1411794650884159
ds004444,sub-028,ses-16,90,channel_inconsistency_max,0.5025405028465464,0.009575075298044062,0.4929654275485023,51.484235074132314
ds004444,sub-028,ses-16,120,smr_snr_min,0.000929188448659314,0.0010449318733120802,0.00011574342465276626,0.1107664791343117
ds004444,sub-028,ses-16,120,high_beta_max,1.5231775080962558e-12,1.6538175921773886e-12,1.3064008408113286e-13,0.049227228150954434
ds004444,sub-028,ses-16,120,broadband_max,2.319464980240176e-11,2.7857028537061273e-11,4.662378734659514e-12,0.1615682199805011
ds004444,sub-028,ses-16,120,noise_floor_max,9.811751532108978e-12,1.2124995818872114e-11,2.313244286763136e-12,0.176247239899077
ds004444,sub-028,ses-16,120,transient_max,0.0007357675172961013,0.0008426209380636301,0.00010685342076752885,0.12681078265900994
ds004444,sub-028,ses-16,120,channel_inconsistency_max,0.45493335812524455,0.009575075298044062,0.44535828282720047,46.512248616119315
ds004444,sub-029,ses-01,15,smr_snr_min,0.0007150867528353836,0.0003000031658767674,0.0004150835869586162,1.3835973509210338
ds004444,sub-029,ses-01,15,high_beta_max,3.254788815901804e-13,2.863504991607561e-13,3.912838242942428e-14,0.030418134446989768
ds004444,sub-029,ses-01,15,broadband_max,5.5126958592965427e-11,2.925831941229506e-11,2.5868639180670366e-11,0.8549265023013469
ds004444,sub-029,ses-01,15,noise_floor_max,2.0106377483012668e-13,2.291255712949282e-13,2.806179646480153e-14,0.022830699417666016
ds004444,sub-029,ses-01,15,transient_max,0.00017564967682917528,0.00020249121014724966,2.6841533318074377e-05,0.1325565350021808
ds004444,sub-029,ses-01,15,channel_inconsistency_max,0.7821996156304025,0.3592104949610104,0.42298912066939215,1.1775522335841746
ds004444,sub-029,ses-01,30,smr_snr_min,0.0003967144766701997,0.0003000031658767674,9.671131079343225e-05,0.3223676329828826
ds004444,sub-029,ses-01,30,high_beta_max,2.2566684638734998e-13,2.863504991607561e-13,6.068365277340615e-14,0.04717505284368259
ds004444,sub-029,ses-01,30,broadband_max,1.568934960530286e-11,2.925831941229506e-11,1.3568969806992201e-11,0.4484376551818219
ds004444,sub-029,ses-01,30,noise_floor_max,1.879492347330919e-13,2.291255712949282e-13,4.1176336561836315e-14,0.03350051249723456
ds004444,sub-029,ses-01,30,transient_max,0.000163562632791638,0.00020249121014724966,3.892857735561165e-05,0.19224823208402445
ds004444,sub-029,ses-01,30,channel_inconsistency_max,0.6812309842920435,0.3592104949610104,0.32202048933103317,0.8964673745545482
ds004444,sub-029,ses-01,60,smr_snr_min,0.0004121994484625443,0.0003000031658767674,0.00011219628258577689,0.3739836607520342
ds004444,sub-029,ses-01,60,high_beta_max,2.751348773680131e-13,2.863504991607561e-13,1.1215621792743011e-14,0.0087189469744524
ds004444,sub-029,ses-01,60,broadband_max,3.336988954162778e-11,2.925831941229506e-11,4.1115701293327204e-12,0.1358823030885859
ds004444,sub-029,ses-01,60,noise_floor_max,2.133818678026376e-13,2.291255712949282e-13,1.5743703492290617e-14,0.012808864984969807
ds004444,sub-029,ses-01,60,transient_max,0.00022314677079423215,0.00020249121014724966,2.065556064698249e-05,0.10200719591707103
ds004444,sub-029,ses-01,60,channel_inconsistency_max,0.5911781734442174,0.3592104949610104,0.23196767848320704,0.6457708829129273
ds004444,sub-029,ses-01,90,smr_snr_min,0.0005020806557233861,0.0003000031658767674,0.00020207748984661867,0.6735845222914805
ds004444,sub-029,ses-01,90,high_beta_max,3.254871032023635e-13,2.863504991607561e-13,3.913660404160738e-14,0.03042452587155754
ds004444,sub-029,ses-01,90,broadband_max,4.194529089526019e-11,2.925831941229506e-11,1.268697148296513e-11,0.4192887023927029
ds004444,sub-029,ses-01,90,noise_floor_max,2.6343496601047486e-13,2.291255712949282e-13,3.430939471554665e-14,0.02791366115619941
ds004444,sub-029,ses-01,90,transient_max,0.00024282228160524898,0.00020249121014724966,4.0331071457999325e-05,0.1991744294949718
ds004444,sub-029,ses-01,90,channel_inconsistency_max,0.4031659574682151,0.3592104949610104,0.04395546250720472,0.12236686601223441
ds004444,sub-029,ses-01,120,smr_snr_min,0.00048570411313536273,0.0003000031658767674,0.0001857009472585953,0.6189966232419002
ds004444,sub-029,ses-01,120,high_beta_max,3.254871032023635e-13,2.863504991607561e-13,3.913660404160738e-14,0.03042452587155754
ds004444,sub-029,ses-01,120,broadband_max,4.404061864594063e-11,2.925831941229506e-11,1.4782299233645567e-11,0.48853669076012785
ds004444,sub-029,ses-01,120,noise_floor_max,2.6558144480832775e-13,2.291255712949282e-13,3.6455873513399545e-14,0.02966000737824693
ds004444,sub-029,ses-01,120,transient_max,0.00024282228160524898,0.00020249121014724966,4.0331071457999325e-05,0.1991744294949718
ds004444,sub-029,ses-01,120,channel_inconsistency_max,0.4046517113514515,0.3592104949610104,0.04544121639044113,0.1265030310298894
ds004444,sub-029,ses-16,15,smr_snr_min,0.00034339307883920057,0.00014658352414973532,0.00019680955468946525,1.3426444376230136
ds004444,sub-029,ses-16,15,high_beta_max,4.0936046292568404e-13,1.6481205315634194e-13,2.445484097693421e-13,0.2099466683115775
ds004444,sub-029,ses-16,15,broadband_max,1.4928227099213537e-11,4.204975447359911e-12,1.0723251651853625e-11,2.060192552357325
ds004444,sub-029,ses-16,15,noise_floor_max,2.613387267159436e-13,1.45211770283396e-13,1.161269564325476e-13,0.10140216809316469
ds004444,sub-029,ses-16,15,transient_max,0.00014815544884412899,0.00013002221249713906,1.8133236346989923e-05,0.13946260303735653
ds004444,sub-029,ses-16,15,channel_inconsistency_max,0.480524950047341,0.08361149544874329,0.3969134545985977,4.7471158417106905
ds004444,sub-029,ses-16,30,smr_snr_min,0.00011763167972273613,0.00014658352414973532,2.8951844426999192e-05,0.19751090306652697
ds004444,sub-029,ses-16,30,high_beta_max,1.5756675871085753e-13,1.6481205315634194e-13,7.245294445484416e-15,0.006220140344402794
ds004444,sub-029,ses-16,30,broadband_max,3.4296130557173836e-12,4.204975447359911e-12,7.753623916425276e-13,0.14896561943165554
ds004444,sub-029,ses-16,30,noise_floor_max,1.9379675850826213e-13,1.45211770283396e-13,4.858498822486612e-14,0.0424244576292149
ds004444,sub-029,ses-16,30,transient_max,0.00014815544884412899,0.00013002221249713906,1.8133236346989923e-05,0.13946260303735653
ds004444,sub-029,ses-16,30,channel_inconsistency_max,0.30547927313422685,0.08361149544874329,0.22186777768548355,2.653555907498898
ds004444,sub-029,ses-16,60,smr_snr_min,0.00011459242003794287,0.00014658352414973532,3.1991104111792456e-05,0.2182448817431119
ds004444,sub-029,ses-16,60,high_beta_max,1.3517199679821787e-13,1.6481205315634194e-13,2.964005635812407e-14,0.025446213642627682
ds004444,sub-029,ses-16,60,broadband_max,2.0535772069930744e-12,4.204975447359911e-12,2.151398240366837e-12,0.41333494502036083
ds004444,sub-029,ses-16,60,noise_floor_max,1.4032771443566649e-13,1.45211770283396e-13,4.8840558477295265e-15,0.004264762181514175
ds004444,sub-029,ses-16,60,transient_max,0.00012493940947585258,0.00013002221249713906,5.0828030212864866e-06,0.03909180504297695
ds004444,sub-029,ses-16,60,channel_inconsistency_max,0.2996286051020129,0.08361149544874329,0.2160171096532696,2.583581461990617
ds004444,sub-029,ses-16,90,smr_snr_min,0.00011763167972273613,0.00014658352414973532,2.8951844426999192e-05,0.19751090306652697
ds004444,sub-029,ses-16,90,high_beta_max,1.4904679008784353e-13,1.6481205315634194e-13,1.5765263068498414e-14,0.013534598157512701
ds004444,sub-029,ses-16,90,broadband_max,3.0786050887966718e-12,4.204975447359911e-12,1.1263703585632394e-12,0.21640262667032592
ds004444,sub-029,ses-16,90,noise_floor_max,1.7129987015146695e-13,1.45211770283396e-13,2.6088099868070934e-14,0.022780153457220523
ds004444,sub-029,ses-16,90,transient_max,0.00011536109407187007,0.00013002221249713906,1.4661118425268995e-05,0.11275856663978107
ds004444,sub-029,ses-16,90,channel_inconsistency_max,0.30550200122618043,0.08361149544874329,0.22189050577743713,2.6538277372494763
ds004444,sub-029,ses-16,120,smr_snr_min,0.00011717481777712027,0.00014658352414973532,2.940870637261505e-05,0.20062763767329245
ds004444,sub-029,ses-16,120,high_beta_max,1.507558962898008e-13,1.6481205315634194e-13,1.405615686654114e-14,0.012067317494227982
ds004444,sub-029,ses-16,120,broadband_max,2.9912523431156625e-12,4.204975447359911e-12,1.2137231042442488e-12,0.23318517378595482
ds004444,sub-029,ses-16,120,noise_floor_max,1.5940003446682414e-13,1.45211770283396e-13,1.4188264183428132e-14,0.012389205692425848
ds004444,sub-029,ses-16,120,transient_max,0.00011694540077821,0.00013002221249713906,1.307681171892906e-05,0.10057367404544913
ds004444,sub-029,ses-16,120,channel_inconsistency_max,0.20379686539555047,0.08361149544874329,0.12018536994680719,1.4374263885645666
ds004444,sub-030,ses-01,15,smr_snr_min,0.0002943662688111798,0.0003230806088378775,2.8714340026697713e-05,0.08887670492236172
ds004444,sub-030,ses-01,15,high_beta_max,3.713545139975978e-13,3.8913176440636655e-13,1.7777250408768767e-14,0.012797382411283153
ds004444,sub-030,ses-01,15,broadband_max,1.6480310160916484e-11,1.0555397072910687e-11,5.924913088005797e-12,0.512739895532934
ds004444,sub-030,ses-01,15,noise_floor_max,3.6539313449585805e-13,3.466175581807826e-13,1.8775576315075423e-14,0.013942768086612763
ds004444,sub-030,ses-01,15,transient_max,0.00013425321858548844,0.00014907036316472093,1.4817144579232488e-05,0.09939698384891396
ds004444,sub-030,ses-01,15,channel_inconsistency_max,0.8193674069117185,0.7967262243557325,0.022641182555986017,0.02841776994885068
ds004444,sub-030,ses-01,30,smr_snr_min,0.0003104327432919756,0.0003230806088378775,1.2647865545901949e-05,0.0391477085308483
ds004444,sub-030,ses-01,30,high_beta_max,3.435949078569833e-13,3.8913176440636655e-13,4.553685654938327e-14,0.0327808043240902
ds004444,sub-030,ses-01,30,broadband_max,1.4030215676859226e-11,1.0555397072910687e-11,3.4748186039485385e-12,0.3007095802959947
ds004444,sub-030,ses-01,30,noise_floor_max,3.297067396695962e-13,3.466175581807826e-13,1.6910818511186428e-14,0.012557996447062634
ds004444,sub-030,ses-01,30,transient_max,0.00013425321858548844,0.00014907036316472093,1.4817144579232488e-05,0.09939698384891396
ds004444,sub-030,ses-01,30,channel_inconsistency_max,0.7742237859115356,0.7967262243557325,0.02250243844419686,0.02824362717866488
ds004444,sub-030,ses-01,60,smr_snr_min,0.00032360876009532476,0.0003230806088378775,5.281512574472334e-07,0.0016347352374760612
ds004444,sub-030,ses-01,60,high_beta_max,3.548324878128817e-13,3.8913176440636655e-13,3.429927659348484e-14,0.024691161394716464
ds004444,sub-030,ses-01,60,broadband_max,1.217648487825356e-11,1.0555397072910687e-11,1.6210878053428721e-12,0.1402883687262628
ds004444,sub-030,ses-01,60,noise_floor_max,3.110254715887364e-13,3.466175581807826e-13,3.559208659204624e-14,0.026430731112796035
ds004444,sub-030,ses-01,60,transient_max,0.00016119277943083872,0.00014907036316472093,1.2122416266117784e-05,0.08132009560748549
ds004444,sub-030,ses-01,60,channel_inconsistency_max,0.8048788103898836,0.7967262243557325,0.008152586034151144,0.010232606615570421
ds004444,sub-030,ses-01,90,smr_snr_min,0.000342611698548447,0.0003230806088378775,1.953108971056947e-05,0.060452683063741304
ds004444,sub-030,ses-01,90,high_beta_max,3.5097603253224477e-13,3.8913176440636655e-13,3.815573187412178e-14,0.02746732372823344
ds004444,sub-030,ses-01,90,broadband_max,1.1507503532480356e-11,1.0555397072910687e-11,9.521064595696687e-13,0.0823949582660116
ds004444,sub-030,ses-01,90,noise_floor_max,3.1704538232556957e-13,3.466175581807826e-13,2.9572175855213056e-14,0.021960337347125995
ds004444,sub-030,ses-01,90,transient_max,0.0001616200877393761,0.00014907036316472093,1.2549724574655176e-05,0.08418658292662305
ds004444,sub-030,ses-01,90,channel_inconsistency_max,0.7833639976633205,0.7967262243557325,0.013362226692411938,0.016771415680713216
ds004444,sub-030,ses-01,120,smr_snr_min,0.00034117717899705754,0.0003230806088378775,1.8096570159180012e-05,0.05601255416801679
ds004444,sub-030,ses-01,120,high_beta_max,3.616559409125125e-13,3.8913176440636655e-13,2.7475823493854065e-14,0.01977913413102005
ds004444,sub-030,ses-01,120,broadband_max,1.070323472867131e-11,1.0555397072910687e-11,1.4783765576062287e-13,0.012793818752208752
ds004444,sub-030,ses-01,120,noise_floor_max,3.204405310208247e-13,3.466175581807826e-13,2.61770271599579e-14,0.0194390953845291
ds004444,sub-030,ses-01,120,transient_max,0.00016119277943083872,0.00014907036316472093,1.2122416266117784e-05,0.08132009560748549
ds004444,sub-030,ses-01,120,channel_inconsistency_max,0.7703337058811003,0.7967262243557325,0.0263925184746322,0.03312620780863742
ds004444,sub-030,ses-16,15,smr_snr_min,0.0005937209616353096,0.0004594526004835529,0.00013426836115175672,0.2922355009378767
ds004444,sub-030,ses-16,15,high_beta_max,5.97281895648482e-13,5.897449365700181e-13,7.536959078463978e-15,0.004740986371515342
ds004444,sub-030,ses-16,15,broadband_max,2.2751739108785196e-11,1.8147085329369268e-11,4.6046537794159275e-12,0.24048849734601413
ds004444,sub-030,ses-16,15,noise_floor_max,8.911948527229857e-13,7.165548069988142e-13,1.7464004572417152e-13,0.10173869486259413
ds004444,sub-030,ses-16,15,transient_max,0.00030458669297322104,0.00023046796566720076,7.411872730602028e-05,0.3216009946104521
ds004444,sub-030,ses-16,15,channel_inconsistency_max,0.014549633270048537,0.01883757016988707,0.004287936899838534,0.22762685744180633
ds004444,sub-030,ses-16,30,smr_snr_min,0.0005697626187883777,0.0004594526004835529,0.00011031001830482474,0.24009009405679363
ds004444,sub-030,ses-16,30,high_beta_max,5.383666724401989e-13,5.897449365700181e-13,5.137826412981918e-14,0.0323185581208211
ds004444,sub-030,ses-16,30,broadband_max,1.2716479849415734e-11,1.8147085329369268e-11,5.4306054799535346e-12,0.2836257000235778
ds004444,sub-030,ses-16,30,noise_floor_max,6.491128798297455e-13,7.165548069988142e-13,6.744192716906867e-14,0.03928911963316954
ds004444,sub-030,ses-16,30,transient_max,0.0002463744692149231,0.00023046796566720076,1.5906503547722338e-05,0.06901828387583066
ds004444,sub-030,ses-16,30,channel_inconsistency_max,0.014451993419392635,0.01883757016988707,0.004385576750494436,0.23281010824167866
ds004444,sub-030,ses-16,60,smr_snr_min,0.00048744446436777336,0.0004594526004835529,2.799186388422045e-05,0.060924377822295296
ds004444,sub-030,ses-16,60,high_beta_max,5.482995084568699e-13,5.897449365700181e-13,4.144542811314813e-14,0.02607048914561693
ds004444,sub-030,ses-16,60,broadband_max,1.4291974295140636e-11,1.8147085329369268e-11,3.855111034228632e-12,0.2013419258290643
ds004444,sub-030,ses-16,60,noise_floor_max,6.967976870293483e-13,7.165548069988142e-13,1.975711996946593e-14,0.011509751910577695
ds004444,sub-030,ses-16,60,transient_max,0.00021934459052414717,0.00023046796566720076,1.1123375143053593e-05,0.04826430025790055
ds004444,sub-030,ses-16,60,channel_inconsistency_max,0.020145050059428488,0.01883757016988707,0.0013074798895414165,0.06940809656874375
ds004444,sub-030,ses-16,90,smr_snr_min,0.00048744446436777336,0.0004594526004835529,2.799186388422045e-05,0.060924377822295296
ds004444,sub-030,ses-16,90,high_beta_max,5.471216878871988e-13,5.897449365700181e-13,4.2623248682819213e-14,0.026811375650474943
ds004444,sub-030,ses-16,90,broadband_max,1.423899000333351e-11,1.8147085329369268e-11,3.9080953260357586e-12,0.20410915075628885
ds004444,sub-030,ses-16,90,noise_floor_max,6.967976870293483e-13,7.165548069988142e-13,1.975711996946593e-14,0.011509751910577695
ds004444,sub-030,ses-16,90,transient_max,0.0002092574859235525,0.00023046796566720076,2.121047974364826e-05,0.09203222491339334
ds004444,sub-030,ses-16,90,channel_inconsistency_max,0.025236979639820366,0.01883757016988707,0.006399409469933295,0.33971522929339376
ds004444,sub-030,ses-16,120,smr_snr_min,0.00043133139842791904,0.0004594526004835529,2.8121202055633873e-05,0.06120588275010677
ds004444,sub-030,ses-16,120,high_beta_max,5.360246982281568e-13,5.897449365700181e-13,5.3720238341861284e-14,0.03379173419968006
ds004444,sub-030,ses-16,120,broadband_max,1.3289928002685147e-11,1.8147085329369268e-11,4.8571573266841215e-12,0.25367606834831624
ds004444,sub-030,ses-16,120,noise_floor_max,7.058853600220618e-13,7.165548069988142e-13,1.0669446976752382e-14,0.006215616846750499
ds004444,sub-030,ses-16,120,transient_max,0.0002092574859235525,0.00023046796566720076,2.121047974364826e-05,0.09203222491339334
ds004444,sub-030,ses-16,120,channel_inconsistency_max,0.02801477638284715,0.01883757016988707,0.00917720621296008,0.48717568825002666
ds004446,sub-004,ses-01,15,smr_snr_min,0.0009163845525189904,0.0008989444943410284,1.7440058177961982e-05,0.019400595107204953
ds004446,sub-004,ses-01,15,high_beta_max,9.013685623701221e-13,5.811750889751115e-13,3.2019347339501067e-13,0.20250348973215496
ds004446,sub-004,ses-01,15,broadband_max,1.8114198435403928e-11,2.8329760427288454e-11,1.0215561991884526e-11,0.34830021940376815
ds004446,sub-004,ses-01,15,noise_floor_max,2.6131851855743276e-13,1.8778138694968723e-13,7.353713160774554e-14,0.0619113352134558
ds004446,sub-004,ses-01,15,transient_max,7.610693980315859e-05,7.40914763103685e-05,2.0154634927900875e-06,0.027202366128391935
ds004446,sub-004,ses-01,15,channel_inconsistency_max,0.4935770469200046,0.4199032655772918,0.0736737813427128,0.17545417571651672
ds004446,sub-004,ses-01,30,smr_snr_min,0.00092210999145279,0.0008989444943410284,2.31654971117616e-05,0.025769663457334384
ds004446,sub-004,ses-01,30,high_beta_max,6.887829469506354e-13,5.811750889751115e-13,1.0760785797552396e-13,0.06805562440606966
ds004446,sub-004,ses-01,30,broadband_max,1.908549407792367e-11,2.8329760427288454e-11,9.244266349364784e-12,0.3151838342587996
ds004446,sub-004,ses-01,30,noise_floor_max,2.1652996631442128e-13,1.8778138694968723e-13,2.8748579364734056e-14,0.024203594769709763
ds004446,sub-004,ses-01,30,transient_max,6.276318150606546e-05,7.40914763103685e-05,1.1328294804303037e-05,0.1528960578940668
ds004446,sub-004,ses-01,30,channel_inconsistency_max,0.4581703896043092,0.4199032655772918,0.03826712402701743,0.09113318986532733
ds004446,sub-004,ses-01,60,smr_snr_min,0.0010751557343367016,0.0008989444943410284,0.0001762112399956732,0.1960201557592549
ds004446,sub-004,ses-01,60,high_beta_max,6.175738365773808e-13,5.811750889751115e-13,3.639874760226928e-14,0.023020061380970958
ds004446,sub-004,ses-01,60,broadband_max,2.3829052251158952e-11,2.8329760427288454e-11,4.500708176129502e-12,0.1534519242762732
ds004446,sub-004,ses-01,60,noise_floor_max,1.8398558902683393e-13,1.8778138694968723e-13,3.795797922853297e-15,0.003195704162868888
ds004446,sub-004,ses-01,60,transient_max,6.206819409475857e-05,7.40914763103685e-05,1.2023282215609934e-05,0.162276184145236
ds004446,sub-004,ses-01,60,channel_inconsistency_max,0.43644740454084674,0.4199032655772918,0.016544138963554944,0.03939988163885869
ds004446,sub-004,ses-01,90,smr_snr_min,0.000953878953912278,0.0008989444943410284,5.493445957124952e-05,0.06110995712856474
ds004446,sub-004,ses-01,90,high_beta_max,5.746135750940729e-13,5.811750889751115e-13,6.561513881038606e-15,0.004149770589474477
ds004446,sub-004,ses-01,90,broadband_max,2.4871018960849116e-11,2.8329760427288454e-11,3.458741466439338e-12,0.11792600471503747
ds004446,sub-004,ses-01,90,noise_floor_max,1.8341030182545106e-13,1.8778138694968723e-13,4.3710851242361624e-15,0.003680041775584176
ds004446,sub-004,ses-01,90,transient_max,6.971305561913475e-05,7.40914763103685e-05,4.378420691233752e-06,0.059094795382370224
ds004446,sub-004,ses-01,90,channel_inconsistency_max,0.39999257335750477,0.4199032655772918,0.01991069221978703,0.04741733120928692
ds004446,sub-004,ses-01,120,smr_snr_min,0.00092210999145279,0.0008989444943410284,2.31654971117616e-05,0.025769663457334384
ds004446,sub-004,ses-01,120,high_beta_max,5.887752709960955e-13,5.811750889751115e-13,7.600182020984021e-15,0.004806666936493617
ds004446,sub-004,ses-01,120,broadband_max,2.522359736749943e-11,2.8329760427288454e-11,3.106163059789023e-12,0.10590482208300085
ds004446,sub-004,ses-01,120,noise_floor_max,1.8822407430624799e-13,1.8778138694968723e-13,4.426873565607603e-16,0.0003727010386125136
ds004446,sub-004,ses-01,120,transient_max,7.485596246280611e-05,7.40914763103685e-05,7.6448615243761e-07,0.01031813887628647
ds004446,sub-004,ses-01,120,channel_inconsistency_max,0.3855457875875281,0.4199032655772918,0.034357477989763685,0.08182236435443407
ds004446,sub-004,ses-08,15,smr_snr_min,0.000825630079238675,0.0010503483280959842,0.00022471824885730916,0.21394640485668226
ds004446,sub-004,ses-08,15,high_beta_max,8.372793392461627e-13,8.313173467289865e-13,5.9619925171762014e-15,0.0032555758442550844
ds004446,sub-004,ses-08,15,broadband_max,2.440885059320853e-11,4.022094477449526e-11,1.5812094181286734e-11,0.383593686845096
ds004446,sub-004,ses-08,15,noise_floor_max,2.4951513862342754e-13,2.616839302312456e-13,1.2168791607818044e-14,0.009644881191113933
ds004446,sub-004,ses-08,15,transient_max,6.236699714656308e-05,8.314278858625145e-05,2.0775791439688366e-05,0.24988085609198596
ds004446,sub-004,ses-08,15,channel_inconsistency_max,0.6512430167540632,0.23915069435651734,0.4120923223975458,1.723149177988545
ds004446,sub-004,ses-08,30,smr_snr_min,0.0008864767485418706,0.0010503483280959842,0.00016387157955411358,0.1560164138073651
ds004446,sub-004,ses-08,30,high_beta_max,8.054067741139766e-13,8.313173467289865e-13,2.5910572615009856e-14,0.014148597817461899
ds004446,sub-004,ses-08,30,broadband_max,2.5456997625398678e-11,4.022094477449526e-11,1.4763947149096585e-11,0.3581661514520045
ds004446,sub-004,ses-08,30,noise_floor_max,2.355486379016889e-13,2.616839302312456e-13,2.6135292329556695e-14,0.020714611404114923
ds004446,sub-004,ses-08,30,transient_max,7.778382619974077e-05,8.314278858625145e-05,5.358962386510678e-06,0.06445492643654141
ds004446,sub-004,ses-08,30,channel_inconsistency_max,0.6582885550301747,0.23915069435651734,0.4191378606736573,1.7526098420900627
ds004446,sub-004,ses-08,60,smr_snr_min,0.0009569257151482349,0.0010503483280959842,9.342261294774932e-05,0.08894441049680774
ds004446,sub-004,ses-08,60,high_beta_max,8.197338238697281e-13,8.313173467289865e-13,1.1583522859258344e-14,0.006325240614330602
ds004446,sub-004,ses-08,60,broadband_max,3.346706345141736e-11,4.022094477449526e-11,6.7538813230779035e-12,0.1638458642815181
ds004446,sub-004,ses-08,60,noise_floor_max,2.355486379016889e-13,2.616839302312456e-13,2.6135292329556695e-14,0.020714611404114923
ds004446,sub-004,ses-08,60,transient_max,7.808649546044115e-05,8.314278858625145e-05,5.0562931258103e-06,0.060814571545797794
ds004446,sub-004,ses-08,60,channel_inconsistency_max,0.6401482531932795,0.23915069435651734,0.40099755883676214,1.6767568244535074
ds004446,sub-004,ses-08,90,smr_snr_min,0.0010937758006774757,0.0010503483280959842,4.342747258149148e-05,0.0413457815645489
ds004446,sub-004,ses-08,90,high_beta_max,8.129578286350373e-13,8.313173467289865e-13,1.8359518093949202e-14,0.010025306715268172
ds004446,sub-004,ses-08,90,broadband_max,3.7478615462832954e-11,4.022094477449526e-11,2.7423293116623085e-12,0.06652757055095633
ds004446,sub-004,ses-08,90,noise_floor_max,2.3897076288166896e-13,2.616839302312456e-13,2.2713167349576632e-14,0.01800226412126347
ds004446,sub-004,ses-08,90,transient_max,8.1043745784695e-05,8.314278858625145e-05,2.0990428015564425e-06,0.025246239776197527
ds004446,sub-004,ses-08,90,channel_inconsistency_max,0.26850494095534755,0.23915069435651734,0.029354246598830208,0.12274372306419984
ds004446,sub-004,ses-08,120,smr_snr_min,0.0010419235239042149,0.0010503483280959842,8.424804191769315e-06,0.008020962149785482
ds004446,sub-004,ses-08,120,high_beta_max,8.434527476309076e-13,8.313173467289865e-13,1.2135400901921164e-14,0.006626596380794869
ds004446,sub-004,ses-08,120,broadband_max,4.008497644045761e-11,4.022094477449526e-11,1.3596833403764988e-13,0.0032985254166657987
ds004446,sub-004,ses-08,120,noise_floor_max,2.467928001266624e-13,2.616839302312456e-13,1.4891130104583202e-14,0.01180258363269627
ds004446,sub-004,ses-08,120,transient_max,8.314278858625145e-05,8.314278858625145e-05,0.0,0.0
ds004446,sub-004,ses-08,120,channel_inconsistency_max,0.2581494405261991,0.23915069435651734,0.01899874616968175,0.07944257164179358
ds004446,sub-005,ses-01,15,smr_snr_min,0.0007812620986737827,0.0006824167895108529,9.884530916292981e-05,0.1448459512388827
ds004446,sub-005,ses-01,15,high_beta_max,8.461425681505013e-13,1.2112555124406232e-12,3.651129442901219e-13,0.1651156739851998
ds004446,sub-005,ses-01,15,broadband_max,1.3151550366953417e-11,1.268655755756524e-11,4.64992809388176e-13,0.03397441668092437
ds004446,sub-005,ses-01,15,noise_floor_max,1.1280470040830904e-12,9.477452468027577e-13,1.8030175728033277e-13,0.09256947620655208
ds004446,sub-005,ses-01,15,transient_max,7.526724345769371e-05,9.180185397115976e-05,1.653461051346605e-05,0.1801119434750041
ds004446,sub-005,ses-01,15,channel_inconsistency_max,0.9350410045201496,0.32374354668623834,0.6112974578339112,1.8882151137501206
ds004446,sub-005,ses-01,30,smr_snr_min,0.0007347391756277822,0.0006824167895108529,5.2322386116929274e-05,0.07667218457177917
ds004446,sub-005,ses-01,30,high_beta_max,1.0366535023378707e-12,1.2112555124406232e-12,1.7460201010275246e-13,0.07896057652335231
ds004446,sub-005,ses-01,30,broadband_max,1.0295701639876155e-11,1.268655755756524e-11,2.390855917689085e-12,0.17468643284720928
ds004446,sub-005,ses-01,30,noise_floor_max,8.323258955191614e-13,9.477452468027577e-13,1.1541935128359625e-13,0.05925792989255562
ds004446,sub-005,ses-01,30,transient_max,7.672769207293866e-05,9.180185397115976e-05,1.5074161898221105e-05,0.16420323862689667
ds004446,sub-005,ses-01,30,channel_inconsistency_max,0.8613542665822842,0.32374354668623834,0.5376107198960458,1.6606067530835449
ds004446,sub-005,ses-01,60,smr_snr_min,0.0006594899889683798,0.0006824167895108529,2.2926800542473068e-05,0.03359647778494754
ds004446,sub-005,ses-01,60,high_beta_max,1.1672945047557543e-12,1.2112555124406232e-12,4.396100768486889e-14,0.019880564429367063
ds004446,sub-005,ses-01,60,broadband_max,1.3210330838119999e-11,1.268655755756524e-11,5.237732805547583e-13,0.038269176040197396
ds004446,sub-005,ses-01,60,noise_floor_max,1.008641405785489e-12,9.477452468027577e-13,6.089615898273138e-14,0.03126495063083481
ds004446,sub-005,ses-01,60,transient_max,7.91948195620654e-05,9.180185397115976e-05,1.2607034409094358e-05,0.1373287545557217
ds004446,sub-005,ses-01,60,channel_inconsistency_max,0.7656511978779049,0.32374354668623834,0.4419076511916666,1.3649929263874534
ds004446,sub-005,ses-01,90,smr_snr_min,0.0006641573879324899,0.0006824167895108529,1.8259401578362973e-05,0.026756964119675455
ds004446,sub-005,ses-01,90,high_beta_max,1.1672945047557543e-12,1.2112555124406232e-12,4.396100768486889e-14,0.019880564429367063
ds004446,sub-005,ses-01,90,broadband_max,1.2561399705460998e-11,1.268655755756524e-11,1.2515785210424268e-13,0.009144582308431657
ds004446,sub-005,ses-01,90,noise_floor_max,1.1239497524743962e-12,9.477452468027577e-13,1.7620450567163856e-13,0.09046588919206962
ds004446,sub-005,ses-01,90,transient_max,8.372685587853885e-05,9.180185397115976e-05,8.074998092620912e-06,0.08796116478428169
ds004446,sub-005,ses-01,90,channel_inconsistency_max,0.708438865754162,0.32374354668623834,0.3846953190679237,1.1882717756211203
ds004446,sub-005,ses-01,120,smr_snr_min,0.0006834041989476011,0.0006824167895108529,9.874094367482138e-07,0.0014469301612714503
ds004446,sub-005,ses-01,120,high_beta_max,1.2337227351668903e-12,1.2112555124406232e-12,2.2467222726267114e-14,0.010160391958263305
ds004446,sub-005,ses-01,120,broadband_max,1.3002293063482856e-11,1.268655755756524e-11,3.157355059176152e-13,0.02306902262235346
ds004446,sub-005,ses-01,120,noise_floor_max,1.191289675330349e-12,9.477452468027577e-13,2.435444285275914e-13,0.12503915947291974
ds004446,sub-005,ses-01,120,transient_max,8.59832227054239e-05,9.180185397115976e-05,5.8186312657358555e-06,0.06338250210264076
ds004446,sub-005,ses-01,120,channel_inconsistency_max,0.6165759486928363,0.32374354668623834,0.29283240200659794,0.904519657621151
ds004446,sub-005,ses-08,15,smr_snr_min,0.0007831974806864838,0.0005429459703696317,0.00024025151031685206,0.4424961653381372
ds004446,sub-005,ses-08,15,high_beta_max,1.3826998041797982e-12,1.2466963924929204e-12,1.360034116868778e-13,0.06053484224273368
ds004446,sub-005,ses-08,15,broadband_max,1.421580644048924e-11,1.0940662519850033e-11,3.2751439206392068e-12,0.2742849414925379
ds004446,sub-005,ses-08,15,noise_floor_max,1.0034766221672981e-12,8.553735759934443e-13,1.4810304617385385e-13,0.07982384145713259
ds004446,sub-005,ses-08,15,transient_max,7.531660944533537e-05,8.386385137712754e-05,8.54724193179217e-06,0.10191806946044
ds004446,sub-005,ses-08,15,channel_inconsistency_max,0.8624888813335758,5.272073373790079e-05,0.862436160599838,16358.576277197346
ds004446,sub-005,ses-08,30,smr_snr_min,0.0006133506915979275,0.0005429459703696317,7.040472122829577e-05,0.12967168915664537
ds004446,sub-005,ses-08,30,high_beta_max,1.2729149660978662e-12,1.2466963924929204e-12,2.621857360494581e-14,0.011669833846955103
ds004446,sub-005,ses-08,30,broadband_max,1.1436849674326468e-11,1.0940662519850033e-11,4.961871544764342e-13,0.04155440735818283
ds004446,sub-005,ses-08,30,noise_floor_max,9.1620342653801e-13,8.553735759934443e-13,6.082985054456562e-14,0.03278576957850377
ds004446,sub-005,ses-08,30,transient_max,7.495029907682998e-05,8.386385137712754e-05,8.913552300297552e-06,0.10628598672303032
ds004446,sub-005,ses-08,30,channel_inconsistency_max,0.8769989735004727,5.272073373790079e-05,0.8769462527667349,16633.801807323838
ds004446,sub-005,ses-08,60,smr_snr_min,0.0005548953184124363,0.0005429459703696317,1.1949348042804568e-05,0.022008355661358395
ds004446,sub-005,ses-08,60,high_beta_max,1.179261768498825e-12,1.2466963924929204e-12,6.743462399409535e-14,0.030015014142284847
ds004446,sub-005,ses-08,60,broadband_max,1.056206153429571e-11,1.0940662519850033e-11,3.7860098555432275e-13,0.031706865923472875
ds004446,sub-005,ses-08,60,noise_floor_max,8.194912813262783e-13,8.553735759934443e-13,3.5882294667165944e-14,0.019339660288065205
ds004446,sub-005,ses-08,60,transient_max,7.69446555275815e-05,8.386385137712754e-05,6.9191958495460324e-06,0.0825051038489275
ds004446,sub-005,ses-08,60,channel_inconsistency_max,0.777852559211268,5.272073373790079e-05,0.7777998384775301,14753.205590634
ds004446,sub-005,ses-08,90,smr_snr_min,0.0005575224270936167,0.0005429459703696317,1.4576456723984998e-05,0.026846974639510687
ds004446,sub-005,ses-08,90,high_beta_max,1.2638679194654559e-12,1.2466963924929204e-12,1.7171526972535448e-14,0.007643011770487613
ds004446,sub-005,ses-08,90,broadband_max,1.1046653492543628e-11,1.0940662519850033e-11,1.0599097269359447e-13,0.008876473354589512
ds004446,sub-005,ses-08,90,noise_floor_max,8.6117867497686e-13,8.553735759934443e-13,5.8050989834156776e-15,0.00312880330868536
ds004446,sub-005,ses-08,90,transient_max,7.897971313038915e-05,8.386385137712754e-05,4.884138246738387e-06,0.058238896834537195
ds004446,sub-005,ses-08,90,channel_inconsistency_max,0.4882833758013384,5.272073373790079e-05,0.4882306550676005,9260.69519885907
ds004446,sub-005,ses-08,120,smr_snr_min,0.0005571594753193694,0.0005429459703696317,1.421350494973763e-05,0.0261784886512423
ds004446,sub-005,ses-08,120,high_beta_max,1.1719406829101777e-12,1.2466963924929204e-12,7.475570958274272e-14,0.033273614464566906
ds004446,sub-005,ses-08,120,broadband_max,1.056206153429571e-11,1.0940662519850033e-11,3.7860098555432275e-13,0.031706865923472875
ds004446,sub-005,ses-08,120,noise_floor_max,8.399343812814577e-13,8.553735759934443e-13,1.5439194711986538e-14,0.008321340193561693
ds004446,sub-005,ses-08,120,transient_max,7.861340276188378e-05,8.386385137712754e-05,5.2504486152437545e-06,0.06260681409712734
ds004446,sub-005,ses-08,120,channel_inconsistency_max,0.49325493083848626,5.272073373790079e-05,0.49320221010474835,9354.99500446428
ds004446,sub-012,ses-01,15,smr_snr_min,0.0005552374179149987,0.0005695872510455901,1.4349833130591406e-05,0.025193388860189653
ds004446,sub-012,ses-01,15,high_beta_max,1.0379697394541404e-12,9.999255886163592e-13,3.8044150837781166e-14,0.019022783174698948
ds004446,sub-012,ses-01,15,broadband_max,2.1988269474972215e-11,1.5489057003430833e-11,6.499212471541382e-12,0.3941530719548795
ds004446,sub-012,ses-01,15,noise_floor_max,9.40109776635187e-13,7.76144505957541e-13,1.6396527067764602e-13,0.09231527622199319
ds004446,sub-012,ses-01,15,transient_max,0.0001582885604638747,0.00010515383047226721,5.313472999160748e-05,0.5053047449404732
ds004446,sub-012,ses-01,15,channel_inconsistency_max,0.9017132916614627,0.00034339759424772764,0.901369894067215,2624.85790972696
ds004446,sub-012,ses-01,30,smr_snr_min,0.0005087912158234985,0.0005695872510455901,6.079603522209163e-05,0.10673700122984052
ds004446,sub-012,ses-01,30,high_beta_max,9.996136243547077e-13,9.999255886163592e-13,3.11964261651506e-16,0.0001559879344647704
ds004446,sub-012,ses-01,30,broadband_max,1.4845495437665272e-11,1.5489057003430833e-11,6.435615657655615e-13,0.039029616164930316
ds004446,sub-012,ses-01,30,noise_floor_max,7.654095851760941e-13,7.76144505957541e-13,1.0734920781446944e-14,0.006043945605461657
ds004446,sub-012,ses-01,30,transient_max,0.00011300560967422021,0.00010515383047226721,7.851779201953005e-06,0.07466945418934923
ds004446,sub-012,ses-01,30,channel_inconsistency_max,0.7275040903951294,0.00034339759424772764,0.7271606928008817,2117.5474227660407
ds004446,sub-012,ses-01,60,smr_snr_min,0.0005890122944227985,0.0005695872510455901,1.94250433772084e-05,0.034103718626858605
ds004446,sub-012,ses-01,60,high_beta_max,1.1967582739091593e-12,9.999255886163592e-13,1.9683268529280002e-13,0.09842000443075383
ds004446,sub-012,ses-01,60,broadband_max,2.041794508725467e-11,1.5489057003430833e-11,4.9288880838238374e-12,0.2989187363957986
ds004446,sub-012,ses-01,60,noise_floor_max,1.2023558767579234e-12,7.76144505957541e-13,4.2621137080038237e-13,0.23996435502335814
ds004446,sub-012,ses-01,60,transient_max,0.0001388618646524762,0.00010515383047226721,3.370803418020898e-05,0.32055925788209616
ds004446,sub-012,ses-01,60,channel_inconsistency_max,0.5443155037689092,0.00034339759424772764,0.5439721061746615,1584.0882804733653
ds004446,sub-012,ses-01,90,smr_snr_min,0.0005487201859863543,0.0005695872510455901,2.086706505923582e-05,0.036635414476526254
ds004446,sub-012,ses-01,90,high_beta_max,1.1954277568761493e-12,9.999255886163592e-13,1.9550216825979003e-13,0.09775472116192456
ds004446,sub-012,ses-01,90,broadband_max,1.5490509212545958e-11,1.5489057003430833e-11,1.4522091151246528e-15,8.807108343566862e-05
ds004446,sub-012,ses-01,90,noise_floor_max,1.0784652529257112e-12,7.76144505957541e-13,3.023207469681702e-13,0.17021179636799058
ds004446,sub-012,ses-01,90,transient_max,0.00012724784359502596,0.00010515383047226721,2.2094013122758748e-05,0.21011134652364732
ds004446,sub-012,ses-01,90,channel_inconsistency_max,0.5420286520007452,0.00034339759424772764,0.5416852544064975,1577.4287936283445
ds004446,sub-012,ses-01,120,smr_snr_min,0.0005421576030057017,0.0005695872510455901,2.742964803988839e-05,0.04815706099702685
ds004446,sub-012,ses-01,120,high_beta_max,1.1717283104126563e-12,9.999255886163592e-13,1.7180272179629707e-13,0.0859045570366236
ds004446,sub-012,ses-01,120,broadband_max,1.5297535422924797e-11,1.5489057003430833e-11,1.9152158050603574e-13,0.011615071769488478
ds004446,sub-012,ses-01,120,noise_floor_max,1.0602452522478893e-12,7.76144505957541e-13,2.841007462903483e-13,0.15995362164363205
ds004446,sub-012,ses-01,120,transient_max,0.00011986137819485736,0.00010515383047226721,1.470754772259015e-05,0.1398669693407135
ds004446,sub-012,ses-01,120,channel_inconsistency_max,0.4364247826067579,0.00034339759424772764,0.43608138501251015,1269.9022679466357
ds004446,sub-012,ses-08,15,smr_snr_min,0.0006432035461631385,0.0004920246858523755,0.00015117886031076303,0.3072586891480954
ds004446,sub-012,ses-08,15,high_beta_max,1.0672197168543371e-12,5.890987935174831e-13,4.78120923336854e-13,0.30087551843049953
ds004446,sub-012,ses-08,15,broadband_max,1.5746282413071457e-11,1.57511172133978e-11,4.834800326344597e-15,0.0002886255444787676
ds004446,sub-012,ses-08,15,noise_floor_max,9.69745002547171e-13,3.8945643709462e-13,5.802885654525509e-13,0.4176371061088791
ds004446,sub-012,ses-08,15,transient_max,0.00010971437674525007,8.695383657587448e-05,2.2760540169375584e-05,0.26175429174721715
ds004446,sub-012,ses-08,15,channel_inconsistency_max,0.8225822291409658,1.949903555116543e-05,0.8225627301054146,42184.788358492064
ds004446,sub-012,ses-08,30,smr_snr_min,0.0005906346115823922,0.0004920246858523755,9.860992573001667e-05,0.2004166221025472
ds004446,sub-012,ses-08,30,high_beta_max,8.921525697091918e-13,5.890987935174831e-13,3.0305377619170873e-13,0.1907079518453958
ds004446,sub-012,ses-08,30,broadband_max,1.718543367153079e-11,1.57511172133978e-11,1.434316458132989e-12,0.08562512218503257
ds004446,sub-012,ses-08,30,noise_floor_max,6.507086174228071e-13,3.8945643709462e-13,2.6125218032818705e-13,0.18802473640301406
ds004446,sub-012,ses-08,30,transient_max,8.785036758983651e-05,8.695383657587448e-05,8.965310139620223e-07,0.010310424921496123
ds004446,sub-012,ses-08,30,channel_inconsistency_max,0.8773552655461346,1.949903555116543e-05,0.8773357665105834,44993.80080695045
ds004446,sub-012,ses-08,60,smr_snr_min,0.0004967922937389052,0.0004920246858523755,4.767607886529664e-06,0.009689773732756039
ds004446,sub-012,ses-08,60,high_beta_max,6.611153434834531e-13,5.890987935174831e-13,7.201654996597004e-14,0.04531911436831489
ds004446,sub-012,ses-08,60,broadband_max,1.6466936560877457e-11,1.57511172133978e-11,7.158193474796555e-13,0.0427326331945867
ds004446,sub-012,ses-08,60,noise_floor_max,5.160829691990012e-13,3.8945643709462e-13,1.266265321043812e-13,0.09113386265578767
ds004446,sub-012,ses-08,60,transient_max,8.526038910505737e-05,8.695383657587448e-05,1.6934474708171126e-06,0.019475247073936653
ds004446,sub-012,ses-08,60,channel_inconsistency_max,0.8222329801650654,1.949903555116543e-05,0.8222134811295142,42166.87726965524
ds004446,sub-012,ses-08,90,smr_snr_min,0.0004737257735237994,0.0004920246858523755,1.829891232857611e-05,0.03719104511938121
ds004446,sub-012,ses-08,90,high_beta_max,6.174661924785945e-13,5.890987935174831e-13,2.836739896111146e-14,0.017851249448324096
ds004446,sub-012,ses-08,90,broadband_max,1.6345342516795896e-11,1.57511172133978e-11,5.942253033980944e-13,0.03547377144032064
ds004446,sub-012,ses-08,90,noise_floor_max,4.740229852085153e-13,3.8945643709462e-13,8.456654811389526e-14,0.06086304388982898
ds004446,sub-012,ses-08,90,transient_max,8.924497138933295e-05,8.695383657587448e-05,2.2911348134584608e-06,0.0263488636882674
ds004446,sub-012,ses-08,90,channel_inconsistency_max,0.7995152864111938,1.949903555116543e-05,0.7994957873756426,41001.809770332366
ds004446,sub-012,ses-08,120,smr_snr_min,0.00046396022689175443,0.0004920246858523755,2.806445896062109e-05,0.057038721248231596
ds004446,sub-012,ses-08,120,high_beta_max,6.007142309443652e-13,5.890987935174831e-13,1.1615437426882158e-14,0.007309449528415595
ds004446,sub-012,ses-08,120,broadband_max,1.4791840021144136e-11,1.57511172133978e-11,9.592771922536655e-13,0.05726646050129844
ds004446,sub-012,ses-08,120,noise_floor_max,4.386872796369956e-13,3.8945643709462e-13,4.9230842542375593e-14,0.03543172799668209
ds004446,sub-012,ses-08,120,transient_max,8.941099565117776e-05,8.695383657587448e-05,2.4571590753032707e-06,0.028258201636692508
ds004446,sub-012,ses-08,120,channel_inconsistency_max,0.781072620104252,1.949903555116543e-05,0.7810531210687008,40055.98528005315
ds004446,sub-013,ses-01,15,smr_snr_min,0.0006148970835003857,0.0008803275405321653,0.0002654304570317796,0.30151329421071094
ds004446,sub-013,ses-01,15,high_beta_max,8.302531191965727e-13,9.171893290706873e-13,8.69362098741146e-14,0.04534565708033379
ds004446,sub-013,ses-01,15,broadband_max,7.700606561147176e-12,1.5828387715387707e-11,8.12778115424053e-12,0.48298038360552925
ds004446,sub-013,ses-01,15,noise_floor_max,3.1116924895778963e-13,2.6099039422902164e-13,5.017885472876799e-14,0.039793209336418216
ds004446,sub-013,ses-01,15,transient_max,8.164313054093286e-05,0.00010815797360189212,2.6514843060959257e-05,0.24514921954257277
ds004446,sub-013,ses-01,15,channel_inconsistency_max,0.8169466535887777,0.6402888559997666,0.17665779758901112,0.2759032832344026
ds004446,sub-013,ses-01,30,smr_snr_min,0.0007106914754020488,0.0008803275405321653,0.0001696360651301165,0.1926965329687102
ds004446,sub-013,ses-01,30,high_beta_max,8.777930394507885e-13,9.171893290706873e-13,3.939628961989881e-14,0.020548982316209344
ds004446,sub-013,ses-01,30,broadband_max,1.260657404840201e-11,1.5828387715387707e-11,3.2218136669856963e-12,0.19145111946997173
ds004446,sub-013,ses-01,30,noise_floor_max,5.61295351304793e-13,2.6099039422902164e-13,3.0030495707577134e-13,0.23815007509187244
ds004446,sub-013,ses-01,30,transient_max,0.00010488988174258096,0.00010815797360189212,3.268091859311156e-06,0.030215912153868905
ds004446,sub-013,ses-01,30,channel_inconsistency_max,0.6848684265684296,0.6402888559997666,0.04457957056866302,0.06962415502138561
ds004446,sub-013,ses-01,60,smr_snr_min,0.000798432103200567,0.0008803275405321653,8.189543733159836e-05,0.09302837122312851
ds004446,sub-013,ses-01,60,high_beta_max,9.814983363557368e-13,9.171893290706873e-13,6.430900728504951e-14,0.03354337848115491
ds004446,sub-013,ses-01,60,broadband_max,1.7258249223537432e-11,1.5828387715387707e-11,1.4298615081497253e-12,0.08496723110570328
ds004446,sub-013,ses-01,60,noise_floor_max,3.589310936649698e-13,2.6099039422902164e-13,9.794069943594818e-14,0.07766966337267764
ds004446,sub-013,ses-01,60,transient_max,0.00013540466865033895,0.00010815797360189212,2.7246695048446833e-05,0.25191572927226563
ds004446,sub-013,ses-01,60,channel_inconsistency_max,0.6409610823839293,0.6402888559997666,0.0006722263841627552,0.0010498798750949217
ds004446,sub-013,ses-01,90,smr_snr_min,0.000828282398597906,0.0008803275405321653,5.204514193425929e-05,0.05912020183269214
ds004446,sub-013,ses-01,90,high_beta_max,9.669781072672757e-13,9.171893290706873e-13,4.978877819658842e-14,0.025969672082789216
ds004446,sub-013,ses-01,90,broadband_max,1.6304823119188493e-11,1.5828387715387707e-11,4.764354038007868e-13,0.028311411161815524
ds004446,sub-013,ses-01,90,noise_floor_max,3.2326277663505846e-13,2.6099039422902164e-13,6.227238240603681e-14,0.049383708782421445
ds004446,sub-013,ses-01,90,transient_max,0.00012785512474250334,0.00010815797360189212,1.9697151140611228e-05,0.18211464492666865
ds004446,sub-013,ses-01,90,channel_inconsistency_max,0.6494281263939816,0.6402888559997666,0.009139270394215027,0.014273667749426027
ds004446,sub-013,ses-01,120,smr_snr_min,0.0008633680560801121,0.0008803275405321653,1.695948445205322e-05,0.01926497087951616
ds004446,sub-013,ses-01,120,high_beta_max,9.3669640032782e-13,9.171893290706873e-13,1.9507071257132646e-14,0.010174827786355478
ds004446,sub-013,ses-01,120,broadband_max,1.6140794495319807e-11,1.5828387715387707e-11,3.124067799321008e-13,0.018564272776199424
ds004446,sub-013,ses-01,120,noise_floor_max,3.0515254980890126e-13,2.6099039422902164e-13,4.416215557987962e-14,0.035021801737737
ds004446,sub-013,ses-01,120,transient_max,0.0001186235580987252,0.00010815797360189212,1.0465584496833084e-05,0.09676202365433348
ds004446,sub-013,ses-01,120,channel_inconsistency_max,0.6432099101761983,0.6402888559997666,0.0029210541764317366,0.004562088109227126
ds004446,sub-013,ses-08,15,smr_snr_min,0.0006636417228249715,0.001212287959167925,0.0005486462363429535,0.45257088610115004
ds004446,sub-013,ses-08,15,high_beta_max,9.17951581576013e-13,1.2933203124327073e-12,3.753687308566943e-13,0.16367915498838925
ds004446,sub-013,ses-08,15,broadband_max,1.6947851688307467e-11,2.7437659842160896e-11,1.0489808153853429e-11,0.3688703012862376
ds004446,sub-013,ses-08,15,noise_floor_max,2.6102655607262477e-13,3.767200108145844e-13,1.1569345474195963e-13,0.08403557283481743
ds004446,sub-013,ses-08,15,transient_max,0.00018637800015258943,0.0002202250705729754,3.3847070420385956e-05,0.1536930839828114
ds004446,sub-013,ses-08,15,channel_inconsistency_max,0.5978691371006615,0.00013779834120061375,0.5977313387594608,4337.725180243849
ds004446,sub-013,ses-08,30,smr_snr_min,0.0008339731697391312,0.001212287959167925,0.00037831478942879386,0.31206677114601555
ds004446,sub-013,ses-08,30,high_beta_max,1.301381958004704e-12,1.2933203124327073e-12,8.061645571996573e-15,0.0035152723883760248
ds004446,sub-013,ses-08,30,broadband_max,2.4361321031875825e-11,2.7437659842160896e-11,3.0763388102850703e-12,0.10817833912353697
ds004446,sub-013,ses-08,30,noise_floor_max,5.908019722767161e-13,3.767200108145844e-13,2.1408196146213173e-13,0.15550145256874903
ds004446,sub-013,ses-08,30,transient_max,0.00028693922941939337,0.0002202250705729754,6.671415884641798e-05,0.3029362568480814
ds004446,sub-013,ses-08,30,channel_inconsistency_max,0.36411871763932685,0.00013779834120061375,0.36398091929812626,2641.402744658746
ds004446,sub-013,ses-08,60,smr_snr_min,0.0008519902937348038,0.001212287959167925,0.00036029766543312124,0.29720468838378394
ds004446,sub-013,ses-08,60,high_beta_max,1.301381958004704e-12,1.2933203124327073e-12,8.061645571996573e-15,0.0035152723883760248
ds004446,sub-013,ses-08,60,broadband_max,2.3874227683750003e-11,2.7437659842160896e-11,3.5634321584108928e-12,0.1253068001442174
ds004446,sub-013,ses-08,60,noise_floor_max,3.3008957761103737e-13,3.767200108145844e-13,4.663043320354703e-14,0.03387067293077008
ds004446,sub-013,ses-08,60,transient_max,0.00020458305027847628,0.0002202250705729754,1.564202029449911e-05,0.07102742745308113
ds004446,sub-013,ses-08,60,channel_inconsistency_max,0.39176813478925276,0.00013779834120061375,0.3916303364480522,2842.054049372358
ds004446,sub-013,ses-08,90,smr_snr_min,0.000839896490975513,0.001212287959167925,0.00037239146819241205,0.30718070328837443
ds004446,sub-013,ses-08,90,high_beta_max,1.246791142012295e-12,1.2933203124327073e-12,4.6529170420412416e-14,0.020288997645974378
ds004446,sub-013,ses-08,90,broadband_max,2.268160712530974e-11,2.7437659842160896e-11,4.756052716851156e-12,0.16724486976948655
ds004446,sub-013,ses-08,90,noise_floor_max,3.0964176237918043e-13,3.767200108145844e-13,6.707824843540398e-14,0.04872323196327683
ds004446,sub-013,ses-08,90,transient_max,0.00018070305027847642,0.0002202250705729754,3.952202029449897e-05,0.179461947780104
ds004446,sub-013,ses-08,90,channel_inconsistency_max,0.311089619082058,0.00013779834120061375,0.3109518207408574,2256.5715651945807
ds004446,sub-013,ses-08,120,smr_snr_min,0.0009471235398312338,0.001212287959167925,0.00026516441933669126,0.21873055581609582
ds004446,sub-013,ses-08,120,high_beta_max,1.2221367414557057e-12,1.2933203124327073e-12,7.118357097700159e-14,0.031039524043412633
ds004446,sub-013,ses-08,120,broadband_max,2.4399531844424603e-11,2.7437659842160896e-11,3.0381279977362928e-12,0.10683466975127283
ds004446,sub-013,ses-08,120,noise_floor_max,3.221833249245783e-13,3.767200108145844e-13,5.4536685890006124e-14,0.03961349109594012
ds004446,sub-013,ses-08,120,transient_max,0.00019606233493553132,0.0002202250705729754,2.416273563744407e-05,0.1097183688708092
ds004446,sub-013,ses-08,120,channel_inconsistency_max,0.31571116973162827,0.00013779834120061375,0.3155733713904277,2290.110072086354
ds004446,sub-018,ses-01,15,smr_snr_min,0.0005057207538104555,0.000645247873989668,0.00013952712017921247,0.21623801578803595
ds004446,sub-018,ses-01,15,high_beta_max,3.678051323217908e-13,4.654608878705247e-13,9.765575554873394e-14,0.06663825446111937
ds004446,sub-018,ses-01,15,broadband_max,5.5189129396793435e-12,1.912539026422982e-11,1.3606477324550476e-11,0.6760851415007918
ds004446,sub-018,ses-01,15,noise_floor_max,1.863389440948557e-13,1.7926977742677714e-13,7.069166668078551e-15,0.005994528820626448
ds004446,sub-018,ses-01,15,transient_max,6.490576229495737e-05,0.00015925620248721998,9.435044019226261e-05,0.5924443640265107
ds004446,sub-018,ses-01,15,channel_inconsistency_max,0.8086255087174132,0.03895819915843632,0.7696673095589769,19.756234275848215
ds004446,sub-018,ses-01,30,smr_snr_min,0.0005421647733507354,0.000645247873989668,0.00010308310063893264,0.1597573655559629
ds004446,sub-018,ses-01,30,high_beta_max,4.1383577910360593e-13,4.654608878705247e-13,5.162510876691881e-14,0.03522789942346107
ds004446,sub-018,ses-01,30,broadband_max,1.133688993980248e-11,1.912539026422982e-11,7.78850032442734e-12,0.386998722617089
ds004446,sub-018,ses-01,30,noise_floor_max,1.7946235356278172e-13,1.7926977742677714e-13,1.925761360045808e-16,0.00016330117136113768
ds004446,sub-018,ses-01,30,transient_max,7.203630533302756e-05,0.00015925620248721998,8.721989715419241e-05,0.5476703277131157
ds004446,sub-018,ses-01,30,channel_inconsistency_max,0.7508343464949627,0.03895819915843632,0.7118761473365264,18.272819655322756
ds004446,sub-018,ses-01,60,smr_snr_min,0.0005089127102180749,0.000645247873989668,0.0001363351637715931,0.2112911472568215
ds004446,sub-018,ses-01,60,high_beta_max,3.9720257727053413e-13,4.654608878705247e-13,6.825831059999061e-14,0.04657805006258298
ds004446,sub-018,ses-01,60,broadband_max,1.1668882287120373e-11,1.912539026422982e-11,7.456507977109447e-12,0.3705025283590346
ds004446,sub-018,ses-01,60,noise_floor_max,1.6417302879667826e-13,1.7926977742677714e-13,1.5096748630098885e-14,0.012801776929313589
ds004446,sub-018,ses-01,60,transient_max,8.969939040207576e-05,0.00015925620248721998,6.955681208514422e-05,0.4367604561835861
ds004446,sub-018,ses-01,60,channel_inconsistency_max,0.6120112767399329,0.03895819915843632,0.5730530775814966,14.709434469398303
ds004446,sub-018,ses-01,90,smr_snr_min,0.0005193569064739084,0.000645247873989668,0.0001258909675157596,0.19510481536692456
ds004446,sub-018,ses-01,90,high_beta_max,4.2661087878445004e-13,4.654608878705247e-13,3.8850009086074694e-14,0.026510437369999015
ds004446,sub-018,ses-01,90,broadband_max,1.2182705193463114e-11,1.912539026422982e-11,6.942685070766705e-12,0.3449714504720138
ds004446,sub-018,ses-01,90,noise_floor_max,1.6657643742079367e-13,1.7926977742677714e-13,1.2693340005983477e-14,0.010763728748888106
ds004446,sub-018,ses-01,90,transient_max,0.00014141576897840782,0.00015925620248721998,1.784043350881216e-05,0.11202347612313779
ds004446,sub-018,ses-01,90,channel_inconsistency_max,0.5888935259002688,0.03895819915843632,0.5499353267418324,14.116035612714635
ds004446,sub-018,ses-01,120,smr_snr_min,0.0005509933267166862,0.000645247873989668,9.425454727298181e-05,0.14607494410499386
ds004446,sub-018,ses-01,120,high_beta_max,4.445647633572422e-13,4.654608878705247e-13,2.0896124513282542e-14,0.0142590803249938
ds004446,sub-018,ses-01,120,broadband_max,1.4096119049603072e-11,1.912539026422982e-11,5.0292712146267475e-12,0.2498968292587897
ds004446,sub-018,ses-01,120,noise_floor_max,1.6737869539316737e-13,1.7926977742677714e-13,1.1891082033609773e-14,0.010083428119015043
ds004446,sub-018,ses-01,120,transient_max,0.00015102215625238362,0.00015925620248721998,8.234046234836356e-06,0.051703142826063433
ds004446,sub-018,ses-01,120,channel_inconsistency_max,0.5091080422157503,0.03895819915843632,0.470149843057314,12.068058924726657
ds004446,sub-018,ses-08,15,smr_snr_min,0.0003974579531833323,0.000698160043082775,0.0003007020898994426,0.4307065298967337
ds004446,sub-018,ses-08,15,high_beta_max,3.731777109318514e-13,5.059762968820389e-13,1.3279858595018755e-13,0.08818105983814796
ds004446,sub-018,ses-08,15,broadband_max,1.463388912737453e-11,2.2859513986095556e-11,8.225624858721026e-12,0.3447524062524751
ds004446,sub-018,ses-08,15,noise_floor_max,1.7940750893877124e-13,1.7079396381386449e-13,8.613545124906759e-15,0.007357011900580792
ds004446,sub-018,ses-08,15,transient_max,9.14040782787818e-05,0.00012129109727626459,2.9887018997482793e-05,0.24640735735947553
ds004446,sub-018,ses-08,15,channel_inconsistency_max,0.7525367642503085,0.30461261221397873,0.44792415203632974,1.4704714580898892
ds004446,sub-018,ses-08,30,smr_snr_min,0.0006301673383852476,0.000698160043082775,6.799270469752734e-05,0.09738842157152439
ds004446,sub-018,ses-08,30,high_beta_max,4.2008302232232194e-13,5.059762968820389e-13,8.589327455971699e-14,0.05703494453236065
ds004446,sub-018,ses-08,30,broadband_max,2.3483296011513083e-11,2.2859513986095556e-11,6.237820254175274e-13,0.02614395355165426
ds004446,sub-018,ses-08,30,noise_floor_max,1.6859491216534907e-13,1.7079396381386449e-13,2.1990516485154125e-15,0.0018782567355847956
ds004446,sub-018,ses-08,30,transient_max,0.00011029023529411708,0.00012129109727626459,1.1000861982147508e-05,0.09069801608268777
ds004446,sub-018,ses-08,30,channel_inconsistency_max,0.606454888494334,0.30461261221397873,0.3018422762803553,0.9909053800678869
ds004446,sub-018,ses-08,60,smr_snr_min,0.0006114518616575426,0.000698160043082775,8.670818142523238e-05,0.12419527894803462
ds004446,sub-018,ses-08,60,high_beta_max,4.2215635319129855e-13,5.059762968820389e-13,8.381994369074037e-14,0.055658209139334065
ds004446,sub-018,ses-08,60,broadband_max,2.0976241151143472e-11,2.2859513986095556e-11,1.8832728349520837e-12,0.07893173499047741
ds004446,sub-018,ses-08,60,noise_floor_max,1.7405598241999083e-13,1.7079396381386449e-13,3.262018606126344e-15,0.002786159398618959
ds004446,sub-018,ses-08,60,transient_max,0.00011763485191119192,0.00012129109727626459,3.6562453650726678e-06,0.030144383363936916
ds004446,sub-018,ses-08,60,channel_inconsistency_max,0.6616477557217165,0.30461261221397873,0.3570351435077378,1.1720957346827194
ds004446,sub-018,ses-08,90,smr_snr_min,0.0006660054292639277,0.000698160043082775,3.215461381884726e-05,0.04605622176658818
ds004446,sub-018,ses-08,90,high_beta_max,5.002573083311535e-13,5.059762968820389e-13,5.718988550885431e-15,0.003797528927066102
ds004446,sub-018,ses-08,90,broadband_max,2.122199908904657e-11,2.2859513986095556e-11,1.637514897048985e-12,0.06863152778398036
ds004446,sub-018,ses-08,90,noise_floor_max,1.72081633143748e-13,1.7079396381386449e-13,1.2876693298835026e-15,0.001099825733375765
ds004446,sub-018,ses-08,90,transient_max,0.00011952346761272545,0.00012129109727626459,1.7676296635391351e-06,0.014573449236258107
ds004446,sub-018,ses-08,90,channel_inconsistency_max,0.4395801998108226,0.30461261221397873,0.13496758759684385,0.4430794464333972
ds004446,sub-018,ses-08,120,smr_snr_min,0.0006730960719200026,0.000698160043082775,2.5063971162772353e-05,0.03590003663945101
ds004446,sub-018,ses-08,120,high_beta_max,5.528460653058649e-13,5.059762968820389e-13,4.686976842382593e-14,0.031122514026857343
ds004446,sub-018,ses-08,120,broadband_max,2.1532923059022513e-11,2.2859513986095556e-11,1.326590927073043e-12,0.05560008170519028
ds004446,sub-018,ses-08,120,noise_floor_max,2.1573528421686762e-13,1.7079396381386449e-13,4.4941320403003135e-14,0.03838533661089835
ds004446,sub-018,ses-08,120,transient_max,0.0001203968929274438,0.00012129109727626459,8.942043488207918e-07,0.007372382322600985
ds004446,sub-018,ses-08,120,channel_inconsistency_max,0.32270681972581544,0.30461261221397873,0.018094207511836713,0.059400716799824504
