dataset_id,snapshot_tag,filename,size_bytes,annexed,url_available
ds004444,1.0.1,CHANGES,72,False,True
ds004444,1.0.1,README,316,False,True
ds004444,1.0.1,dataset_description.json,428,False,True
ds004444,1.0.1,.gitattributes,385,False,True
ds004444,1.0.1,participants.json,334,False,True
ds004444,1.0.1,participants.tsv,706,False,True
ds004444,1.0.1,task-smrbmi_eeg.json,854,False,True
ds004444,1.0.1,task-smrbmi_events.json,563,False,True
ds004444,1.0.1,sub-030/ses-16/eeg/sub-030_ses-16_task-smrbmi_channels.tsv,3157,False,True
ds004444,1.0.1,sub-030/ses-16/eeg/sub-030_ses-16_task-smrbmi_eeg.edf,114173536,True,True
ds004444,1.0.1,sub-030/ses-16/eeg/sub-030_ses-16_task-smrbmi_eeg.json,463,False,True
ds004444,1.0.1,sub-030/ses-16/eeg/sub-030_ses-16_task-smrbmi_electrodes.tsv,6163,False,True
ds004444,1.0.1,sub-030/ses-16/eeg/sub-030_ses-16_task-smrbmi_events.tsv,1603,False,True
ds004444,1.0.1,sub-030/ses-08/eeg/sub-030_ses-08_task-smrbmi_channels.tsv,3157,False,True
ds004444,1.0.1,sub-030/ses-08/eeg/sub-030_ses-08_task-smrbmi_eeg.edf,115473536,True,True
ds004444,1.0.1,sub-030/ses-08/eeg/sub-030_ses-08_task-smrbmi_eeg.json,463,False,True
ds004444,1.0.1,sub-030/ses-08/eeg/sub-030_ses-08_task-smrbmi_electrodes.tsv,6167,False,True
ds004444,1.0.1,sub-030/ses-08/eeg/sub-030_ses-08_task-smrbmi_events.tsv,1607,False,True
ds004444,1.0.1,sub-030/ses-07/eeg/sub-030_ses-07_task-smrbmi_channels.tsv,3157,False,True
ds004444,1.0.1,sub-030/ses-07/eeg/sub-030_ses-07_task-smrbmi_eeg.edf,112613536,True,True
ds004444,1.0.1,sub-030/ses-07/eeg/sub-030_ses-07_task-smrbmi_eeg.json,462,False,True
ds004444,1.0.1,sub-030/ses-07/eeg/sub-030_ses-07_task-smrbmi_electrodes.tsv,6161,False,True
ds004444,1.0.1,sub-030/ses-07/eeg/sub-030_ses-07_task-smrbmi_events.tsv,1606,False,True
ds004444,1.0.1,sub-030/ses-06/eeg/sub-030_ses-06_task-smrbmi_channels.tsv,3157,False,True
ds004444,1.0.1,sub-030/ses-06/eeg/sub-030_ses-06_task-smrbmi_eeg.edf,112873536,True,True
ds004444,1.0.1,sub-030/ses-06/eeg/sub-030_ses-06_task-smrbmi_eeg.json,463,False,True
ds004444,1.0.1,sub-030/ses-06/eeg/sub-030_ses-06_task-smrbmi_electrodes.tsv,6165,False,True
ds004444,1.0.1,sub-030/ses-06/eeg/sub-030_ses-06_task-smrbmi_events.tsv,1604,False,True
ds004444,1.0.1,sub-030/ses-05/eeg/sub-030_ses-05_task-smrbmi_channels.tsv,3157,False,True
ds004444,1.0.1,sub-030/ses-05/eeg/sub-030_ses-05_task-smrbmi_eeg.edf,111573536,True,True
ds004444,1.0.1,sub-030/ses-05/eeg/sub-030_ses-05_task-smrbmi_eeg.json,463,False,True
ds004444,1.0.1,sub-030/ses-05/eeg/sub-030_ses-05_task-smrbmi_electrodes.tsv,6162,False,True
ds004444,1.0.1,sub-030/ses-05/eeg/sub-030_ses-05_task-smrbmi_events.tsv,1603,False,True
ds004444,1.0.1,sub-030/ses-04/eeg/sub-030_ses-04_task-smrbmi_channels.tsv,3157,False,True
ds004444,1.0.1,sub-030/ses-04/eeg/sub-030_ses-04_task-smrbmi_eeg.edf,115733536,True,True
ds004444,1.0.1,sub-030/ses-04/eeg/sub-030_ses-04_task-smrbmi_eeg.json,463,False,True
ds004444,1.0.1,sub-030/ses-04/eeg/sub-030_ses-04_task-smrbmi_electrodes.tsv,6172,False,True
ds004444,1.0.1,sub-030/ses-04/eeg/sub-030_ses-04_task-smrbmi_events.tsv,1606,False,True
ds004444,1.0.1,sub-030/ses-03/eeg/sub-030_ses-03_task-smrbmi_channels.tsv,3157,False,True
ds004444,1.0.1,sub-030/ses-03/eeg/sub-030_ses-03_task-smrbmi_eeg.edf,110793536,True,True
ds004444,1.0.1,sub-030/ses-03/eeg/sub-030_ses-03_task-smrbmi_eeg.json,463,False,True
ds004444,1.0.1,sub-030/ses-03/eeg/sub-030_ses-03_task-smrbmi_electrodes.tsv,6167,False,True
ds004444,1.0.1,sub-030/ses-03/eeg/sub-030_ses-03_task-smrbmi_events.tsv,1603,False,True
ds004444,1.0.1,sub-030/ses-02/eeg/sub-030_ses-02_task-smrbmi_channels.tsv,3157,False,True
ds004444,1.0.1,sub-030/ses-02/eeg/sub-030_ses-02_task-smrbmi_eeg.edf,113653536,True,True
ds004444,1.0.1,sub-030/ses-02/eeg/sub-030_ses-02_task-smrbmi_eeg.json,463,False,True
ds004444,1.0.1,sub-030/ses-02/eeg/sub-030_ses-02_task-smrbmi_electrodes.tsv,6167,False,True
ds004444,1.0.1,sub-030/ses-02/eeg/sub-030_ses-02_task-smrbmi_events.tsv,1603,False,True
ds004444,1.0.1,sub-030/ses-01/eeg/sub-030_ses-01_task-smrbmi_channels.tsv,3157,False,True
ds004444,1.0.1,sub-030/ses-01/eeg/sub-030_ses-01_task-smrbmi_eeg.edf,111053536,True,True
ds004444,1.0.1,sub-030/ses-01/eeg/sub-030_ses-01_task-smrbmi_eeg.json,463,False,True
ds004444,1.0.1,sub-030/ses-01/eeg/sub-030_ses-01_task-smrbmi_electrodes.tsv,6165,False,True
ds004444,1.0.1,sub-030/ses-01/eeg/sub-030_ses-01_task-smrbmi_events.tsv,1603,False,True
ds004444,1.0.1,sub-029/ses-16/eeg/sub-029_ses-16_task-smrbmi_channels.tsv,3157,False,True
ds004444,1.0.1,sub-029/ses-16/eeg/sub-029_ses-16_task-smrbmi_eeg.edf,110533536,True,True
ds004444,1.0.1,sub-029/ses-16/eeg/sub-029_ses-16_task-smrbmi_eeg.json,463,False,True
ds004444,1.0.1,sub-029/ses-16/eeg/sub-029_ses-16_task-smrbmi_electrodes.tsv,6166,False,True
ds004444,1.0.1,sub-029/ses-16/eeg/sub-029_ses-16_task-smrbmi_events.tsv,1603,False,True
ds004444,1.0.1,sub-029/ses-15/eeg/sub-029_ses-15_task-smrbmi_channels.tsv,3157,False,True
ds004444,1.0.1,sub-029/ses-15/eeg/sub-029_ses-15_task-smrbmi_eeg.edf,112093536,True,True
ds004444,1.0.1,sub-029/ses-15/eeg/sub-029_ses-15_task-smrbmi_eeg.json,463,False,True
ds004444,1.0.1,sub-029/ses-15/eeg/sub-029_ses-15_task-smrbmi_electrodes.tsv,6161,False,True
ds004444,1.0.1,sub-029/ses-15/eeg/sub-029_ses-15_task-smrbmi_events.tsv,1606,False,True
ds004444,1.0.1,sub-029/ses-14/eeg/sub-029_ses-14_task-smrbmi_channels.tsv,3157,False,True
ds004444,1.0.1,sub-029/ses-14/eeg/sub-029_ses-14_task-smrbmi_eeg.edf,112613536,True,True
ds004444,1.0.1,sub-029/ses-14/eeg/sub-029_ses-14_task-smrbmi_eeg.json,463,False,True
ds004444,1.0.1,sub-029/ses-14/eeg/sub-029_ses-14_task-smrbmi_electrodes.tsv,6165,False,True
ds004444,1.0.1,sub-029/ses-14/eeg/sub-029_ses-14_task-smrbmi_events.tsv,1603,False,True
ds004444,1.0.1,sub-029/ses-13/eeg/sub-029_ses-13_task-smrbmi_channels.tsv,3157,False,True
ds004444,1.0.1,sub-029/ses-13/eeg/sub-029_ses-13_task-smrbmi_eeg.edf,112353536,True,True
ds004444,1.0.1,sub-029/ses-13/eeg/sub-029_ses-13_task-smrbmi_eeg.json,463,False,True
ds004444,1.0.1,sub-029/ses-13/eeg/sub-029_ses-13_task-smrbmi_electrodes.tsv,6165,False,True
ds004444,1.0.1,sub-029/ses-13/eeg/sub-029_ses-13_task-smrbmi_events.tsv,1603,False,True
ds004444,1.0.1,sub-029/ses-12/eeg/sub-029_ses-12_task-smrbmi_channels.tsv,3157,False,True
ds004444,1.0.1,sub-029/ses-12/eeg/sub-029_ses-12_task-smrbmi_eeg.edf,112093536,True,True
ds004444,1.0.1,sub-029/ses-12/eeg/sub-029_ses-12_task-smrbmi_eeg.json,463,False,True
ds004444,1.0.1,sub-029/ses-12/eeg/sub-029_ses-12_task-smrbmi_electrodes.tsv,6165,False,True
ds004444,1.0.1,sub-029/ses-12/eeg/sub-029_ses-12_task-smrbmi_events.tsv,1587,False,True
ds004444,1.0.1,sub-029/ses-11/eeg/sub-029_ses-11_task-smrbmi_channels.tsv,3157,False,True
ds004444,1.0.1,sub-029/ses-11/eeg/sub-029_ses-11_task-smrbmi_eeg.edf,111573536,True,True
ds004444,1.0.1,sub-029/ses-11/eeg/sub-029_ses-11_task-smrbmi_eeg.json,463,False,True
ds004444,1.0.1,sub-029/ses-11/eeg/sub-029_ses-11_task-smrbmi_electrodes.tsv,6162,False,True
ds004444,1.0.1,sub-029/ses-11/eeg/sub-029_ses-11_task-smrbmi_events.tsv,1603,False,True
ds004444,1.0.1,sub-029/ses-10/eeg/sub-029_ses-10_task-smrbmi_channels.tsv,3157,False,True
ds004444,1.0.1,sub-029/ses-10/eeg/sub-029_ses-10_task-smrbmi_eeg.edf,112613536,True,True
ds004444,1.0.1,sub-029/ses-10/eeg/sub-029_ses-10_task-smrbmi_eeg.json,463,False,True
ds004444,1.0.1,sub-029/ses-10/eeg/sub-029_ses-10_task-smrbmi_electrodes.tsv,6165,False,True
ds004444,1.0.1,sub-029/ses-10/eeg/sub-029_ses-10_task-smrbmi_events.tsv,1603,False,True
ds004444,1.0.1,sub-029/ses-09/eeg/sub-029_ses-09_task-smrbmi_channels.tsv,3157,False,True
ds004444,1.0.1,sub-029/ses-09/eeg/sub-029_ses-09_task-smrbmi_eeg.edf,115993536,True,True
ds004444,1.0.1,sub-029/ses-09/eeg/sub-029_ses-09_task-smrbmi_eeg.json,462,False,True
ds004444,1.0.1,sub-029/ses-09/eeg/sub-029_ses-09_task-smrbmi_electrodes.tsv,6172,False,True
ds004444,1.0.1,sub-029/ses-09/eeg/sub-029_ses-09_task-smrbmi_events.tsv,1608,False,True
ds004444,1.0.1,sub-029/ses-08/eeg/sub-029_ses-08_task-smrbmi_channels.tsv,3157,False,True
ds004444,1.0.1,sub-029/ses-08/eeg/sub-029_ses-08_task-smrbmi_eeg.edf,111313536,True,True
ds004444,1.0.1,sub-029/ses-08/eeg/sub-029_ses-08_task-smrbmi_eeg.json,463,False,True
ds004444,1.0.1,sub-029/ses-08/eeg/sub-029_ses-08_task-smrbmi_electrodes.tsv,6171,False,True
ds004444,1.0.1,sub-029/ses-08/eeg/sub-029_ses-08_task-smrbmi_events.tsv,1603,False,True
ds004444,1.0.1,sub-029/ses-07/eeg/sub-029_ses-07_task-smrbmi_channels.tsv,3157,False,True
ds004444,1.0.1,sub-029/ses-07/eeg/sub-029_ses-07_task-smrbmi_eeg.edf,111833536,True,True
ds004444,1.0.1,sub-029/ses-07/eeg/sub-029_ses-07_task-smrbmi_eeg.json,463,False,True
ds004444,1.0.1,sub-029/ses-07/eeg/sub-029_ses-07_task-smrbmi_electrodes.tsv,6166,False,True
ds004444,1.0.1,sub-029/ses-07/eeg/sub-029_ses-07_task-smrbmi_events.tsv,1603,False,True
ds004444,1.0.1,sub-029/ses-06/eeg/sub-029_ses-06_task-smrbmi_channels.tsv,3157,False,True
ds004444,1.0.1,sub-029/ses-06/eeg/sub-029_ses-06_task-smrbmi_eeg.edf,112613536,True,True
ds004444,1.0.1,sub-029/ses-06/eeg/sub-029_ses-06_task-smrbmi_eeg.json,463,False,True
ds004444,1.0.1,sub-029/ses-06/eeg/sub-029_ses-06_task-smrbmi_electrodes.tsv,6167,False,True
ds004444,1.0.1,sub-029/ses-06/eeg/sub-029_ses-06_task-smrbmi_events.tsv,1603,False,True
ds004444,1.0.1,sub-029/ses-05/eeg/sub-029_ses-05_task-smrbmi_channels.tsv,3157,False,True
ds004444,1.0.1,sub-029/ses-05/eeg/sub-029_ses-05_task-smrbmi_eeg.edf,116773536,True,True
ds004444,1.0.1,sub-029/ses-05/eeg/sub-029_ses-05_task-smrbmi_eeg.json,463,False,True
ds004444,1.0.1,sub-029/ses-05/eeg/sub-029_ses-05_task-smrbmi_electrodes.tsv,6170,False,True
ds004444,1.0.1,sub-029/ses-05/eeg/sub-029_ses-05_task-smrbmi_events.tsv,1603,False,True
ds004444,1.0.1,sub-029/ses-04/eeg/sub-029_ses-04_task-smrbmi_channels.tsv,3157,False,True
ds004444,1.0.1,sub-029/ses-04/eeg/sub-029_ses-04_task-smrbmi_eeg.edf,112613536,True,True
ds004444,1.0.1,sub-029/ses-04/eeg/sub-029_ses-04_task-smrbmi_eeg.json,462,False,True
ds004444,1.0.1,sub-029/ses-04/eeg/sub-029_ses-04_task-smrbmi_electrodes.tsv,6167,False,True
ds004444,1.0.1,sub-029/ses-04/eeg/sub-029_ses-04_task-smrbmi_events.tsv,1606,False,True
ds004444,1.0.1,sub-029/ses-03/eeg/sub-029_ses-03_task-smrbmi_channels.tsv,3157,False,True
ds004444,1.0.1,sub-029/ses-03/eeg/sub-029_ses-03_task-smrbmi_eeg.edf,112873536,True,True
ds004444,1.0.1,sub-029/ses-03/eeg/sub-029_ses-03_task-smrbmi_eeg.json,463,False,True
ds004444,1.0.1,sub-029/ses-03/eeg/sub-029_ses-03_task-smrbmi_electrodes.tsv,6160,False,True
ds004444,1.0.1,sub-029/ses-03/eeg/sub-029_ses-03_task-smrbmi_events.tsv,1603,False,True
ds004444,1.0.1,sub-029/ses-02/eeg/sub-029_ses-02_task-smrbmi_channels.tsv,3157,False,True
ds004444,1.0.1,sub-029/ses-02/eeg/sub-029_ses-02_task-smrbmi_eeg.edf,117813536,True,True
ds004444,1.0.1,sub-029/ses-02/eeg/sub-029_ses-02_task-smrbmi_eeg.json,463,False,True
ds004444,1.0.1,sub-029/ses-02/eeg/sub-029_ses-02_task-smrbmi_electrodes.tsv,6161,False,True
ds004444,1.0.1,sub-029/ses-02/eeg/sub-029_ses-02_task-smrbmi_events.tsv,1607,False,True
ds004444,1.0.1,sub-029/ses-01/eeg/sub-029_ses-01_task-smrbmi_channels.tsv,3157,False,True
ds004444,1.0.1,sub-029/ses-01/eeg/sub-029_ses-01_task-smrbmi_eeg.edf,115213536,True,True
ds004444,1.0.1,sub-029/ses-01/eeg/sub-029_ses-01_task-smrbmi_eeg.json,463,False,True
ds004444,1.0.1,sub-029/ses-01/eeg/sub-029_ses-01_task-smrbmi_electrodes.tsv,6168,False,True
ds004444,1.0.1,sub-029/ses-01/eeg/sub-029_ses-01_task-smrbmi_events.tsv,1607,False,True
ds004444,1.0.1,sub-028/ses-16/eeg/sub-028_ses-16_task-smrbmi_channels.tsv,3157,False,True
ds004444,1.0.1,sub-028/ses-16/eeg/sub-028_ses-16_task-smrbmi_eeg.edf,110793536,True,True
ds004444,1.0.1,sub-028/ses-16/eeg/sub-028_ses-16_task-smrbmi_eeg.json,463,False,True
ds004444,1.0.1,sub-028/ses-16/eeg/sub-028_ses-16_task-smrbmi_electrodes.tsv,6161,False,True
ds004444,1.0.1,sub-028/ses-16/eeg/sub-028_ses-16_task-smrbmi_events.tsv,1603,False,True
ds004444,1.0.1,sub-028/ses-15/eeg/sub-028_ses-15_task-smrbmi_channels.tsv,3157,False,True
ds004444,1.0.1,sub-028/ses-15/eeg/sub-028_ses-15_task-smrbmi_eeg.edf,111833536,True,True
ds004444,1.0.1,sub-028/ses-15/eeg/sub-028_ses-15_task-smrbmi_eeg.json,463,False,True
ds004444,1.0.1,sub-028/ses-15/eeg/sub-028_ses-15_task-smrbmi_electrodes.tsv,6171,False,True
ds004444,1.0.1,sub-028/ses-15/eeg/sub-028_ses-15_task-smrbmi_events.tsv,1603,False,True
ds004444,1.0.1,sub-028/ses-14/eeg/sub-028_ses-14_task-smrbmi_channels.tsv,3157,False,True
ds004444,1.0.1,sub-028/ses-14/eeg/sub-028_ses-14_task-smrbmi_eeg.edf,111573536,True,True
ds004444,1.0.1,sub-028/ses-14/eeg/sub-028_ses-14_task-smrbmi_eeg.json,463,False,True
ds004444,1.0.1,sub-028/ses-14/eeg/sub-028_ses-14_task-smrbmi_electrodes.tsv,6167,False,True
ds004444,1.0.1,sub-028/ses-14/eeg/sub-028_ses-14_task-smrbmi_events.tsv,1603,False,True
ds004444,1.0.1,sub-028/ses-13/eeg/sub-028_ses-13_task-smrbmi_channels.tsv,3157,False,True
ds004444,1.0.1,sub-028/ses-13/eeg/sub-028_ses-13_task-smrbmi_eeg.edf,112873536,True,True
ds004444,1.0.1,sub-028/ses-13/eeg/sub-028_ses-13_task-smrbmi_eeg.json,463,False,True
ds004444,1.0.1,sub-028/ses-13/eeg/sub-028_ses-13_task-smrbmi_electrodes.tsv,6164,False,True
ds004444,1.0.1,sub-028/ses-13/eeg/sub-028_ses-13_task-smrbmi_events.tsv,1606,False,True
ds004444,1.0.1,sub-028/ses-12/eeg/sub-028_ses-12_task-smrbmi_channels.tsv,3157,False,True
ds004444,1.0.1,sub-028/ses-12/eeg/sub-028_ses-12_task-smrbmi_eeg.edf,111833536,True,True
ds004444,1.0.1,sub-028/ses-12/eeg/sub-028_ses-12_task-smrbmi_eeg.json,463,False,True
ds004444,1.0.1,sub-028/ses-12/eeg/sub-028_ses-12_task-smrbmi_electrodes.tsv,6157,False,True
ds004444,1.0.1,sub-028/ses-12/eeg/sub-028_ses-12_task-smrbmi_events.tsv,1604,False,True
ds004444,1.0.1,sub-028/ses-11/eeg/sub-028_ses-11_task-smrbmi_channels.tsv,3157,False,True
ds004444,1.0.1,sub-028/ses-11/eeg/sub-028_ses-11_task-smrbmi_eeg.edf,113393536,True,True
ds004444,1.0.1,sub-028/ses-11/eeg/sub-028_ses-11_task-smrbmi_eeg.json,463,False,True
ds004444,1.0.1,sub-028/ses-11/eeg/sub-028_ses-11_task-smrbmi_electrodes.tsv,6161,False,True
ds004444,1.0.1,sub-028/ses-11/eeg/sub-028_ses-11_task-smrbmi_events.tsv,1606,False,True
ds004444,1.0.1,sub-028/ses-10/eeg/sub-028_ses-10_task-smrbmi_channels.tsv,3157,False,True
ds004444,1.0.1,sub-028/ses-10/eeg/sub-028_ses-10_task-smrbmi_eeg.edf,119113536,True,True
ds004444,1.0.1,sub-028/ses-10/eeg/sub-028_ses-10_task-smrbmi_eeg.json,462,False,True
ds004444,1.0.1,sub-028/ses-10/eeg/sub-028_ses-10_task-smrbmi_electrodes.tsv,6165,False,True
ds004444,1.0.1,sub-028/ses-10/eeg/sub-028_ses-10_task-smrbmi_events.tsv,1610,False,True
ds004444,1.0.1,sub-028/ses-09/eeg/sub-028_ses-09_task-smrbmi_channels.tsv,3157,False,True
ds004444,1.0.1,sub-028/ses-09/eeg/sub-028_ses-09_task-smrbmi_eeg.edf,115213536,True,True
ds004444,1.0.1,sub-028/ses-09/eeg/sub-028_ses-09_task-smrbmi_eeg.json,463,False,True
ds004444,1.0.1,sub-028/ses-09/eeg/sub-028_ses-09_task-smrbmi_electrodes.tsv,6167,False,True
ds004444,1.0.1,sub-028/ses-09/eeg/sub-028_ses-09_task-smrbmi_events.tsv,1607,False,True
ds004444,1.0.1,sub-028/ses-08/eeg/sub-028_ses-08_task-smrbmi_channels.tsv,3157,False,True
ds004444,1.0.1,sub-028/ses-08/eeg/sub-028_ses-08_task-smrbmi_eeg.edf,110793536,True,True
ds004444,1.0.1,sub-028/ses-08/eeg/sub-028_ses-08_task-smrbmi_eeg.json,463,False,True
ds004444,1.0.1,sub-028/ses-08/eeg/sub-028_ses-08_task-smrbmi_electrodes.tsv,6165,False,True
ds004444,1.0.1,sub-028/ses-08/eeg/sub-028_ses-08_task-smrbmi_events.tsv,1603,False,True
ds004444,1.0.1,sub-028/ses-07/eeg/sub-028_ses-07_task-smrbmi_channels.tsv,3157,False,True
ds004444,1.0.1,sub-028/ses-07/eeg/sub-028_ses-07_task-smrbmi_eeg.edf,111053536,True,True
ds004444,1.0.1,sub-028/ses-07/eeg/sub-028_ses-07_task-smrbmi_eeg.json,463,False,True
ds004444,1.0.1,sub-028/ses-07/eeg/sub-028_ses-07_task-smrbmi_electrodes.tsv,6164,False,True
ds004444,1.0.1,sub-028/ses-07/eeg/sub-028_ses-07_task-smrbmi_events.tsv,1603,False,True
ds004444,1.0.1,sub-028/ses-06/eeg/sub-028_ses-06_task-smrbmi_channels.tsv,3157,False,True
ds004444,1.0.1,sub-028/ses-06/eeg/sub-028_ses-06_task-smrbmi_eeg.edf,111313536,True,True
ds004444,1.0.1,sub-028/ses-06/eeg/sub-028_ses-06_task-smrbmi_eeg.json,463,False,True
ds004444,1.0.1,sub-028/ses-06/eeg/sub-028_ses-06_task-smrbmi_electrodes.tsv,6164,False,True
ds004444,1.0.1,sub-028/ses-06/eeg/sub-028_ses-06_task-smrbmi_events.tsv,1603,False,True
ds004444,1.0.1,sub-028/ses-05/eeg/sub-028_ses-05_task-smrbmi_channels.tsv,3157,False,True
ds004444,1.0.1,sub-028/ses-05/eeg/sub-028_ses-05_task-smrbmi_eeg.edf,112353536,True,True
ds004444,1.0.1,sub-028/ses-05/eeg/sub-028_ses-05_task-smrbmi_eeg.json,463,False,True
ds004444,1.0.1,sub-028/ses-05/eeg/sub-028_ses-05_task-smrbmi_electrodes.tsv,6160,False,True
ds004444,1.0.1,sub-028/ses-05/eeg/sub-028_ses-05_task-smrbmi_events.tsv,1604,False,True
ds004444,1.0.1,sub-028/ses-04/eeg/sub-028_ses-04_task-smrbmi_channels.tsv,3157,False,True
ds004444,1.0.1,sub-028/ses-04/eeg/sub-028_ses-04_task-smrbmi_eeg.edf,114953536,True,True
ds004444,1.0.1,sub-028/ses-04/eeg/sub-028_ses-04_task-smrbmi_eeg.json,463,False,True
ds004444,1.0.1,sub-028/ses-04/eeg/sub-028_ses-04_task-smrbmi_electrodes.tsv,6165,False,True
ds004444,1.0.1,sub-028/ses-04/eeg/sub-028_ses-04_task-smrbmi_events.tsv,1607,False,True
ds004444,1.0.1,sub-028/ses-03/eeg/sub-028_ses-03_task-smrbmi_channels.tsv,3157,False,True
ds004444,1.0.1,sub-028/ses-03/eeg/sub-028_ses-03_task-smrbmi_eeg.edf,111053536,True,True
ds004444,1.0.1,sub-028/ses-03/eeg/sub-028_ses-03_task-smrbmi_eeg.json,463,False,True
ds004444,1.0.1,sub-028/ses-03/eeg/sub-028_ses-03_task-smrbmi_electrodes.tsv,6156,False,True
ds004444,1.0.1,sub-028/ses-03/eeg/sub-028_ses-03_task-smrbmi_events.tsv,1603,False,True
ds004444,1.0.1,sub-028/ses-02/eeg/sub-028_ses-02_task-smrbmi_channels.tsv,3157,False,True
ds004444,1.0.1,sub-028/ses-02/eeg/sub-028_ses-02_task-smrbmi_eeg.edf,111313536,True,True
ds004444,1.0.1,sub-028/ses-02/eeg/sub-028_ses-02_task-smrbmi_eeg.json,463,False,True
ds004444,1.0.1,sub-028/ses-02/eeg/sub-028_ses-02_task-smrbmi_electrodes.tsv,6165,False,True
ds004444,1.0.1,sub-028/ses-02/eeg/sub-028_ses-02_task-smrbmi_events.tsv,1603,False,True
ds004444,1.0.1,sub-028/ses-01/eeg/sub-028_ses-01_task-smrbmi_channels.tsv,3157,False,True
ds004444,1.0.1,sub-028/ses-01/eeg/sub-028_ses-01_task-smrbmi_eeg.edf,111573536,True,True
ds004444,1.0.1,sub-028/ses-01/eeg/sub-028_ses-01_task-smrbmi_eeg.json,463,False,True
ds004444,1.0.1,sub-028/ses-01/eeg/sub-028_ses-01_task-smrbmi_electrodes.tsv,6167,False,True
ds004444,1.0.1,sub-028/ses-01/eeg/sub-028_ses-01_task-smrbmi_events.tsv,1603,False,True
ds004444,1.0.1,sub-027/ses-16/eeg/sub-027_ses-16_task-smrbmi_channels.tsv,3157,False,True
ds004444,1.0.1,sub-027/ses-16/eeg/sub-027_ses-16_task-smrbmi_eeg.edf,111573536,True,True
ds004444,1.0.1,sub-027/ses-16/eeg/sub-027_ses-16_task-smrbmi_eeg.json,463,False,True
ds004444,1.0.1,sub-027/ses-16/eeg/sub-027_ses-16_task-smrbmi_electrodes.tsv,6165,False,True
ds004444,1.0.1,sub-027/ses-16/eeg/sub-027_ses-16_task-smrbmi_events.tsv,1603,False,True
ds004444,1.0.1,sub-027/ses-15/eeg/sub-027_ses-15_task-smrbmi_channels.tsv,3157,False,True
ds004444,1.0.1,sub-027/ses-15/eeg/sub-027_ses-15_task-smrbmi_eeg.edf,112613536,True,True
ds004444,1.0.1,sub-027/ses-15/eeg/sub-027_ses-15_task-smrbmi_eeg.json,463,False,True
ds004444,1.0.1,sub-027/ses-15/eeg/sub-027_ses-15_task-smrbmi_electrodes.tsv,6166,False,True
ds004444,1.0.1,sub-027/ses-15/eeg/sub-027_ses-15_task-smrbmi_events.tsv,1604,False,True
ds004444,1.0.1,sub-027/ses-14/eeg/sub-027_ses-14_task-smrbmi_channels.tsv,3157,False,True
ds004444,1.0.1,sub-027/ses-14/eeg/sub-027_ses-14_task-smrbmi_eeg.edf,112613536,True,True
ds004444,1.0.1,sub-027/ses-14/eeg/sub-027_ses-14_task-smrbmi_eeg.json,463,False,True
ds004444,1.0.1,sub-027/ses-14/eeg/sub-027_ses-14_task-smrbmi_electrodes.tsv,6163,False,True
ds004444,1.0.1,sub-027/ses-14/eeg/sub-027_ses-14_task-smrbmi_events.tsv,1606,False,True
ds004444,1.0.1,sub-027/ses-13/eeg/sub-027_ses-13_task-smrbmi_channels.tsv,3157,False,True
ds004444,1.0.1,sub-027/ses-13/eeg/sub-027_ses-13_task-smrbmi_eeg.edf,110793536,True,True
ds004444,1.0.1,sub-027/ses-13/eeg/sub-027_ses-13_task-smrbmi_eeg.json,463,False,True
ds004444,1.0.1,sub-027/ses-13/eeg/sub-027_ses-13_task-smrbmi_electrodes.tsv,6169,False,True
ds004444,1.0.1,sub-027/ses-13/eeg/sub-027_ses-13_task-smrbmi_events.tsv,1603,False,True
ds004444,1.0.1,sub-027/ses-12/eeg/sub-027_ses-12_task-smrbmi_channels.tsv,3157,False,True
ds004444,1.0.1,sub-027/ses-12/eeg/sub-027_ses-12_task-smrbmi_eeg.edf,111833536,True,True
ds004444,1.0.1,sub-027/ses-12/eeg/sub-027_ses-12_task-smrbmi_eeg.json,463,False,True
ds004444,1.0.1,sub-027/ses-12/eeg/sub-027_ses-12_task-smrbmi_electrodes.tsv,6162,False,True
ds004444,1.0.1,sub-027/ses-12/eeg/sub-027_ses-12_task-smrbmi_events.tsv,1603,False,True
ds004444,1.0.1,sub-027/ses-11/eeg/sub-027_ses-11_task-smrbmi_channels.tsv,3157,False,True
ds004444,1.0.1,sub-027/ses-11/eeg/sub-027_ses-11_task-smrbmi_eeg.edf,111313536,True,True
ds004444,1.0.1,sub-027/ses-11/eeg/sub-027_ses-11_task-smrbmi_eeg.json,463,False,True
ds004444,1.0.1,sub-027/ses-11/eeg/sub-027_ses-11_task-smrbmi_electrodes.tsv,6163,False,True
ds004444,1.0.1,sub-027/ses-11/eeg/sub-027_ses-11_task-smrbmi_events.tsv,1603,False,True
ds004444,1.0.1,sub-027/ses-10/eeg/sub-027_ses-10_task-smrbmi_channels.tsv,3157,False,True
ds004444,1.0.1,sub-027/ses-10/eeg/sub-027_ses-10_task-smrbmi_eeg.edf,111833536,True,True
ds004444,1.0.1,sub-027/ses-10/eeg/sub-027_ses-10_task-smrbmi_eeg.json,463,False,True
ds004444,1.0.1,sub-027/ses-10/eeg/sub-027_ses-10_task-smrbmi_electrodes.tsv,6164,False,True
ds004444,1.0.1,sub-027/ses-10/eeg/sub-027_ses-10_task-smrbmi_events.tsv,1603,False,True
ds004444,1.0.1,sub-027/ses-09/eeg/sub-027_ses-09_task-smrbmi_channels.tsv,3157,False,True
ds004444,1.0.1,sub-027/ses-09/eeg/sub-027_ses-09_task-smrbmi_eeg.edf,112873536,True,True
ds004444,1.0.1,sub-027/ses-09/eeg/sub-027_ses-09_task-smrbmi_eeg.json,463,False,True
ds004444,1.0.1,sub-027/ses-09/eeg/sub-027_ses-09_task-smrbmi_electrodes.tsv,6163,False,True
ds004444,1.0.1,sub-027/ses-09/eeg/sub-027_ses-09_task-smrbmi_events.tsv,1606,False,True
ds004444,1.0.1,sub-027/ses-08/eeg/sub-027_ses-08_task-smrbmi_channels.tsv,3157,False,True
ds004444,1.0.1,sub-027/ses-08/eeg/sub-027_ses-08_task-smrbmi_eeg.edf,112093536,True,True
ds004444,1.0.1,sub-027/ses-08/eeg/sub-027_ses-08_task-smrbmi_eeg.json,463,False,True
ds004444,1.0.1,sub-027/ses-08/eeg/sub-027_ses-08_task-smrbmi_electrodes.tsv,6162,False,True
ds004444,1.0.1,sub-027/ses-08/eeg/sub-027_ses-08_task-smrbmi_events.tsv,1603,False,True
ds004444,1.0.1,sub-027/ses-07/eeg/sub-027_ses-07_task-smrbmi_channels.tsv,3157,False,True
ds004444,1.0.1,sub-027/ses-07/eeg/sub-027_ses-07_task-smrbmi_eeg.edf,110793536,True,True
ds004444,1.0.1,sub-027/ses-07/eeg/sub-027_ses-07_task-smrbmi_eeg.json,463,False,True
ds004444,1.0.1,sub-027/ses-07/eeg/sub-027_ses-07_task-smrbmi_electrodes.tsv,6157,False,True
ds004444,1.0.1,sub-027/ses-07/eeg/sub-027_ses-07_task-smrbmi_events.tsv,1603,False,True
ds004444,1.0.1,sub-027/ses-06/eeg/sub-027_ses-06_task-smrbmi_channels.tsv,3157,False,True
ds004444,1.0.1,sub-027/ses-06/eeg/sub-027_ses-06_task-smrbmi_eeg.edf,111573536,True,True
ds004444,1.0.1,sub-027/ses-06/eeg/sub-027_ses-06_task-smrbmi_eeg.json,462,False,True
ds004444,1.0.1,sub-027/ses-06/eeg/sub-027_ses-06_task-smrbmi_electrodes.tsv,6165,False,True
ds004444,1.0.1,sub-027/ses-06/eeg/sub-027_ses-06_task-smrbmi_events.tsv,1603,False,True
ds004444,1.0.1,sub-027/ses-05/eeg/sub-027_ses-05_task-smrbmi_channels.tsv,3157,False,True
ds004444,1.0.1,sub-027/ses-05/eeg/sub-027_ses-05_task-smrbmi_eeg.edf,111313536,True,True
ds004444,1.0.1,sub-027/ses-05/eeg/sub-027_ses-05_task-smrbmi_eeg.json,463,False,True
ds004444,1.0.1,sub-027/ses-05/eeg/sub-027_ses-05_task-smrbmi_electrodes.tsv,6170,False,True
ds004444,1.0.1,sub-027/ses-05/eeg/sub-027_ses-05_task-smrbmi_events.tsv,1603,False,True
ds004444,1.0.1,sub-027/ses-04/eeg/sub-027_ses-04_task-smrbmi_channels.tsv,3157,False,True
ds004444,1.0.1,sub-027/ses-04/eeg/sub-027_ses-04_task-smrbmi_eeg.edf,114693536,True,True
ds004444,1.0.1,sub-027/ses-04/eeg/sub-027_ses-04_task-smrbmi_eeg.json,463,False,True
ds004444,1.0.1,sub-027/ses-04/eeg/sub-027_ses-04_task-smrbmi_electrodes.tsv,6167,False,True
ds004444,1.0.1,sub-027/ses-04/eeg/sub-027_ses-04_task-smrbmi_events.tsv,1603,False,True
ds004444,1.0.1,sub-027/ses-03/eeg/sub-027_ses-03_task-smrbmi_channels.tsv,3157,False,True
ds004444,1.0.1,sub-027/ses-03/eeg/sub-027_ses-03_task-smrbmi_eeg.edf,112093536,True,True
ds004444,1.0.1,sub-027/ses-03/eeg/sub-027_ses-03_task-smrbmi_eeg.json,463,False,True
ds004444,1.0.1,sub-027/ses-03/eeg/sub-027_ses-03_task-smrbmi_electrodes.tsv,6156,False,True
ds004444,1.0.1,sub-027/ses-03/eeg/sub-027_ses-03_task-smrbmi_events.tsv,1603,False,True
ds004444,1.0.1,sub-027/ses-02/eeg/sub-027_ses-02_task-smrbmi_channels.tsv,3157,False,True
ds004444,1.0.1,sub-027/ses-02/eeg/sub-027_ses-02_task-smrbmi_eeg.edf,113653536,True,True
ds004444,1.0.1,sub-027/ses-02/eeg/sub-027_ses-02_task-smrbmi_eeg.json,463,False,True
ds004444,1.0.1,sub-027/ses-02/eeg/sub-027_ses-02_task-smrbmi_electrodes.tsv,6162,False,True
ds004444,1.0.1,sub-027/ses-02/eeg/sub-027_ses-02_task-smrbmi_events.tsv,1604,False,True
ds004444,1.0.1,sub-027/ses-01/eeg/sub-027_ses-01_task-smrbmi_channels.tsv,3157,False,True
ds004444,1.0.1,sub-027/ses-01/eeg/sub-027_ses-01_task-smrbmi_eeg.edf,110793536,True,True
ds004444,1.0.1,sub-027/ses-01/eeg/sub-027_ses-01_task-smrbmi_eeg.json,463,False,True
ds004444,1.0.1,sub-027/ses-01/eeg/sub-027_ses-01_task-smrbmi_electrodes.tsv,6169,False,True
ds004444,1.0.1,sub-027/ses-01/eeg/sub-027_ses-01_task-smrbmi_events.tsv,1603,False,True
ds004444,1.0.1,sub-026/ses-16/eeg/sub-026_ses-16_task-smrbmi_channels.tsv,3157,False,True
ds004444,1.0.1,sub-026/ses-16/eeg/sub-026_ses-16_task-smrbmi_eeg.edf,111053536,True,True
ds004444,1.0.1,sub-026/ses-16/eeg/sub-026_ses-16_task-smrbmi_eeg.json,463,False,True
ds004444,1.0.1,sub-026/ses-16/eeg/sub-026_ses-16_task-smrbmi_electrodes.tsv,6170,False,True
ds004444,1.0.1,sub-026/ses-16/eeg/sub-026_ses-16_task-smrbmi_events.tsv,1603,False,True
ds004444,1.0.1,sub-026/ses-15/eeg/sub-026_ses-15_task-smrbmi_channels.tsv,3157,False,True
ds004444,1.0.1,sub-026/ses-15/eeg/sub-026_ses-15_task-smrbmi_eeg.edf,111833536,True,True
ds004444,1.0.1,sub-026/ses-15/eeg/sub-026_ses-15_task-smrbmi_eeg.json,463,False,True
ds004444,1.0.1,sub-026/ses-15/eeg/sub-026_ses-15_task-smrbmi_electrodes.tsv,6166,False,True
ds004444,1.0.1,sub-026/ses-15/eeg/sub-026_ses-15_task-smrbmi_events.tsv,1603,False,True
ds004444,1.0.1,sub-026/ses-14/eeg/sub-026_ses-14_task-smrbmi_channels.tsv,3157,False,True
ds004444,1.0.1,sub-026/ses-14/eeg/sub-026_ses-14_task-smrbmi_eeg.edf,111313536,True,True
ds004444,1.0.1,sub-026/ses-14/eeg/sub-026_ses-14_task-smrbmi_eeg.json,463,False,True
ds004444,1.0.1,sub-026/ses-14/eeg/sub-026_ses-14_task-smrbmi_electrodes.tsv,6167,False,True
ds004444,1.0.1,sub-026/ses-14/eeg/sub-026_ses-14_task-smrbmi_events.tsv,1603,False,True
ds004444,1.0.1,sub-026/ses-13/eeg/sub-026_ses-13_task-smrbmi_channels.tsv,3157,False,True
ds004444,1.0.1,sub-026/ses-13/eeg/sub-026_ses-13_task-smrbmi_eeg.edf,112353536,True,True
ds004444,1.0.1,sub-026/ses-13/eeg/sub-026_ses-13_task-smrbmi_eeg.json,463,False,True
ds004444,1.0.1,sub-026/ses-13/eeg/sub-026_ses-13_task-smrbmi_electrodes.tsv,6163,False,True
ds004444,1.0.1,sub-026/ses-13/eeg/sub-026_ses-13_task-smrbmi_events.tsv,1606,False,True
ds004444,1.0.1,sub-026/ses-12/eeg/sub-026_ses-12_task-smrbmi_channels.tsv,3157,False,True
ds004444,1.0.1,sub-026/ses-12/eeg/sub-026_ses-12_task-smrbmi_eeg.edf,111053536,True,True
ds004444,1.0.1,sub-026/ses-12/eeg/sub-026_ses-12_task-smrbmi_eeg.json,463,False,True
ds004444,1.0.1,sub-026/ses-12/eeg/sub-026_ses-12_task-smrbmi_electrodes.tsv,6163,False,True
ds004444,1.0.1,sub-026/ses-12/eeg/sub-026_ses-12_task-smrbmi_events.tsv,1603,False,True
ds004444,1.0.1,sub-026/ses-11/eeg/sub-026_ses-11_task-smrbmi_channels.tsv,3157,False,True
ds004444,1.0.1,sub-026/ses-11/eeg/sub-026_ses-11_task-smrbmi_eeg.edf,110793536,True,True
ds004444,1.0.1,sub-026/ses-11/eeg/sub-026_ses-11_task-smrbmi_eeg.json,463,False,True
ds004444,1.0.1,sub-026/ses-11/eeg/sub-026_ses-11_task-smrbmi_electrodes.tsv,6161,False,True
ds004444,1.0.1,sub-026/ses-11/eeg/sub-026_ses-11_task-smrbmi_events.tsv,1603,False,True
ds004444,1.0.1,sub-026/ses-10/eeg/sub-026_ses-10_task-smrbmi_channels.tsv,3157,False,True
ds004444,1.0.1,sub-026/ses-10/eeg/sub-026_ses-10_task-smrbmi_eeg.edf,111833536,True,True
ds004444,1.0.1,sub-026/ses-10/eeg/sub-026_ses-10_task-smrbmi_eeg.json,463,False,True
ds004444,1.0.1,sub-026/ses-10/eeg/sub-026_ses-10_task-smrbmi_electrodes.tsv,6162,False,True
ds004444,1.0.1,sub-026/ses-10/eeg/sub-026_ses-10_task-smrbmi_events.tsv,1603,False,True
ds004444,1.0.1,sub-026/ses-09/eeg/sub-026_ses-09_task-smrbmi_channels.tsv,3157,False,True
ds004444,1.0.1,sub-026/ses-09/eeg/sub-026_ses-09_task-smrbmi_eeg.edf,111053536,True,True
ds004444,1.0.1,sub-026/ses-09/eeg/sub-026_ses-09_task-smrbmi_eeg.json,463,False,True
ds004444,1.0.1,sub-026/ses-09/eeg/sub-026_ses-09_task-smrbmi_electrodes.tsv,6167,False,True
ds004444,1.0.1,sub-026/ses-09/eeg/sub-026_ses-09_task-smrbmi_events.tsv,1603,False,True
ds004444,1.0.1,sub-026/ses-08/eeg/sub-026_ses-08_task-smrbmi_channels.tsv,3157,False,True
ds004444,1.0.1,sub-026/ses-08/eeg/sub-026_ses-08_task-smrbmi_eeg.edf,111573536,True,True
ds004444,1.0.1,sub-026/ses-08/eeg/sub-026_ses-08_task-smrbmi_eeg.json,463,False,True
ds004444,1.0.1,sub-026/ses-08/eeg/sub-026_ses-08_task-smrbmi_electrodes.tsv,6167,False,True
ds004444,1.0.1,sub-026/ses-08/eeg/sub-026_ses-08_task-smrbmi_events.tsv,1603,False,True
ds004444,1.0.1,sub-026/ses-07/eeg/sub-026_ses-07_task-smrbmi_channels.tsv,3157,False,True
ds004444,1.0.1,sub-026/ses-07/eeg/sub-026_ses-07_task-smrbmi_eeg.edf,111313536,True,True
ds004444,1.0.1,sub-026/ses-07/eeg/sub-026_ses-07_task-smrbmi_eeg.json,463,False,True
ds004444,1.0.1,sub-026/ses-07/eeg/sub-026_ses-07_task-smrbmi_electrodes.tsv,6161,False,True
ds004444,1.0.1,sub-026/ses-07/eeg/sub-026_ses-07_task-smrbmi_events.tsv,1603,False,True
ds004444,1.0.1,sub-026/ses-06/eeg/sub-026_ses-06_task-smrbmi_channels.tsv,3157,False,True
ds004444,1.0.1,sub-026/ses-06/eeg/sub-026_ses-06_task-smrbmi_eeg.edf,111053536,True,True
ds004444,1.0.1,sub-026/ses-06/eeg/sub-026_ses-06_task-smrbmi_eeg.json,463,False,True
ds004444,1.0.1,sub-026/ses-06/eeg/sub-026_ses-06_task-smrbmi_electrodes.tsv,6175,False,True
ds004444,1.0.1,sub-026/ses-06/eeg/sub-026_ses-06_task-smrbmi_events.tsv,1603,False,True
ds004444,1.0.1,sub-026/ses-05/eeg/sub-026_ses-05_task-smrbmi_channels.tsv,3157,False,True
ds004444,1.0.1,sub-026/ses-05/eeg/sub-026_ses-05_task-smrbmi_eeg.edf,112353536,True,True
ds004444,1.0.1,sub-026/ses-05/eeg/sub-026_ses-05_task-smrbmi_eeg.json,463,False,True
ds004444,1.0.1,sub-026/ses-05/eeg/sub-026_ses-05_task-smrbmi_electrodes.tsv,6168,False,True
ds004444,1.0.1,sub-026/ses-05/eeg/sub-026_ses-05_task-smrbmi_events.tsv,1606,False,True
ds004444,1.0.1,sub-026/ses-04/eeg/sub-026_ses-04_task-smrbmi_channels.tsv,3157,False,True
ds004444,1.0.1,sub-026/ses-04/eeg/sub-026_ses-04_task-smrbmi_eeg.edf,112093536,True,True
ds004444,1.0.1,sub-026/ses-04/eeg/sub-026_ses-04_task-smrbmi_eeg.json,463,False,True
ds004444,1.0.1,sub-026/ses-04/eeg/sub-026_ses-04_task-smrbmi_electrodes.tsv,6166,False,True
ds004444,1.0.1,sub-026/ses-04/eeg/sub-026_ses-04_task-smrbmi_events.tsv,1603,False,True
ds004444,1.0.1,sub-026/ses-03/eeg/sub-026_ses-03_task-smrbmi_channels.tsv,3157,False,True
ds004444,1.0.1,sub-026/ses-03/eeg/sub-026_ses-03_task-smrbmi_eeg.edf,110793536,True,True
ds004444,1.0.1,sub-026/ses-03/eeg/sub-026_ses-03_task-smrbmi_eeg.json,463,False,True
ds004444,1.0.1,sub-026/ses-03/eeg/sub-026_ses-03_task-smrbmi_electrodes.tsv,6163,False,True
ds004444,1.0.1,sub-026/ses-03/eeg/sub-026_ses-03_task-smrbmi_events.tsv,1603,False,True
ds004444,1.0.1,sub-026/ses-02/eeg/sub-026_ses-02_task-smrbmi_channels.tsv,3157,False,True
ds004444,1.0.1,sub-026/ses-02/eeg/sub-026_ses-02_task-smrbmi_eeg.edf,111573536,True,True
ds004444,1.0.1,sub-026/ses-02/eeg/sub-026_ses-02_task-smrbmi_eeg.json,463,False,True
ds004444,1.0.1,sub-026/ses-02/eeg/sub-026_ses-02_task-smrbmi_electrodes.tsv,6164,False,True
ds004444,1.0.1,sub-026/ses-02/eeg/sub-026_ses-02_task-smrbmi_events.tsv,1603,False,True
ds004444,1.0.1,sub-026/ses-01/eeg/sub-026_ses-01_task-smrbmi_channels.tsv,3157,False,True
ds004444,1.0.1,sub-026/ses-01/eeg/sub-026_ses-01_task-smrbmi_eeg.edf,112353536,True,True
ds004444,1.0.1,sub-026/ses-01/eeg/sub-026_ses-01_task-smrbmi_eeg.json,463,False,True
ds004444,1.0.1,sub-026/ses-01/eeg/sub-026_ses-01_task-smrbmi_electrodes.tsv,6172,False,True
ds004444,1.0.1,sub-026/ses-01/eeg/sub-026_ses-01_task-smrbmi_events.tsv,1606,False,True
ds004444,1.0.1,sub-025/ses-16/eeg/sub-025_ses-16_task-smrbmi_channels.tsv,3157,False,True
ds004444,1.0.1,sub-025/ses-16/eeg/sub-025_ses-16_task-smrbmi_eeg.edf,111313536,True,True
ds004444,1.0.1,sub-025/ses-16/eeg/sub-025_ses-16_task-smrbmi_eeg.json,462,False,True
ds004444,1.0.1,sub-025/ses-16/eeg/sub-025_ses-16_task-smrbmi_electrodes.tsv,6172,False,True
ds004444,1.0.1,sub-025/ses-16/eeg/sub-025_ses-16_task-smrbmi_events.tsv,1603,False,True
ds004444,1.0.1,sub-025/ses-15/eeg/sub-025_ses-15_task-smrbmi_channels.tsv,3157,False,True
ds004444,1.0.1,sub-025/ses-15/eeg/sub-025_ses-15_task-smrbmi_eeg.edf,113133536,True,True
ds004444,1.0.1,sub-025/ses-15/eeg/sub-025_ses-15_task-smrbmi_eeg.json,463,False,True
ds004444,1.0.1,sub-025/ses-15/eeg/sub-025_ses-15_task-smrbmi_electrodes.tsv,6172,False,True
ds004444,1.0.1,sub-025/ses-15/eeg/sub-025_ses-15_task-smrbmi_events.tsv,1606,False,True
ds004444,1.0.1,sub-025/ses-14/eeg/sub-025_ses-14_task-smrbmi_channels.tsv,3157,False,True
ds004444,1.0.1,sub-025/ses-14/eeg/sub-025_ses-14_task-smrbmi_eeg.edf,112873536,True,True
ds004444,1.0.1,sub-025/ses-14/eeg/sub-025_ses-14_task-smrbmi_eeg.json,463,False,True
ds004444,1.0.1,sub-025/ses-14/eeg/sub-025_ses-14_task-smrbmi_electrodes.tsv,6168,False,True
ds004444,1.0.1,sub-025/ses-14/eeg/sub-025_ses-14_task-smrbmi_events.tsv,1606,False,True
ds004444,1.0.1,sub-025/ses-13/eeg/sub-025_ses-13_task-smrbmi_channels.tsv,3157,False,True
ds004444,1.0.1,sub-025/ses-13/eeg/sub-025_ses-13_task-smrbmi_eeg.edf,112613536,True,True
ds004444,1.0.1,sub-025/ses-13/eeg/sub-025_ses-13_task-smrbmi_eeg.json,463,False,True
ds004444,1.0.1,sub-025/ses-13/eeg/sub-025_ses-13_task-smrbmi_electrodes.tsv,6166,False,True
ds004444,1.0.1,sub-025/ses-13/eeg/sub-025_ses-13_task-smrbmi_events.tsv,1606,False,True
ds004444,1.0.1,sub-025/ses-12/eeg/sub-025_ses-12_task-smrbmi_channels.tsv,3157,False,True
ds004444,1.0.1,sub-025/ses-12/eeg/sub-025_ses-12_task-smrbmi_eeg.edf,114693536,True,True
ds004444,1.0.1,sub-025/ses-12/eeg/sub-025_ses-12_task-smrbmi_eeg.json,463,False,True
ds004444,1.0.1,sub-025/ses-12/eeg/sub-025_ses-12_task-smrbmi_electrodes.tsv,6163,False,True
ds004444,1.0.1,sub-025/ses-12/eeg/sub-025_ses-12_task-smrbmi_events.tsv,1607,False,True
ds004444,1.0.1,sub-025/ses-11/eeg/sub-025_ses-11_task-smrbmi_channels.tsv,3157,False,True
ds004444,1.0.1,sub-025/ses-11/eeg/sub-025_ses-11_task-smrbmi_eeg.edf,111573536,True,True
ds004444,1.0.1,sub-025/ses-11/eeg/sub-025_ses-11_task-smrbmi_eeg.json,463,False,True
ds004444,1.0.1,sub-025/ses-11/eeg/sub-025_ses-11_task-smrbmi_electrodes.tsv,6165,False,True
ds004444,1.0.1,sub-025/ses-11/eeg/sub-025_ses-11_task-smrbmi_events.tsv,1603,False,True
ds004444,1.0.1,sub-025/ses-10/eeg/sub-025_ses-10_task-smrbmi_channels.tsv,3157,False,True
ds004444,1.0.1,sub-025/ses-10/eeg/sub-025_ses-10_task-smrbmi_eeg.edf,115473536,True,True
ds004444,1.0.1,sub-025/ses-10/eeg/sub-025_ses-10_task-smrbmi_eeg.json,462,False,True
ds004444,1.0.1,sub-025/ses-10/eeg/sub-025_ses-10_task-smrbmi_electrodes.tsv,6172,False,True
ds004444,1.0.1,sub-025/ses-10/eeg/sub-025_ses-10_task-smrbmi_events.tsv,1607,False,True
ds004444,1.0.1,sub-025/ses-09/eeg/sub-025_ses-09_task-smrbmi_channels.tsv,3157,False,True
ds004444,1.0.1,sub-025/ses-09/eeg/sub-025_ses-09_task-smrbmi_eeg.edf,114433536,True,True
ds004444,1.0.1,sub-025/ses-09/eeg/sub-025_ses-09_task-smrbmi_eeg.json,463,False,True
ds004444,1.0.1,sub-025/ses-09/eeg/sub-025_ses-09_task-smrbmi_electrodes.tsv,6167,False,True
ds004444,1.0.1,sub-025/ses-09/eeg/sub-025_ses-09_task-smrbmi_events.tsv,1607,False,True
ds004444,1.0.1,sub-025/ses-08/eeg/sub-025_ses-08_task-smrbmi_channels.tsv,3157,False,True
ds004444,1.0.1,sub-025/ses-08/eeg/sub-025_ses-08_task-smrbmi_eeg.edf,110793536,True,True
ds004444,1.0.1,sub-025/ses-08/eeg/sub-025_ses-08_task-smrbmi_eeg.json,462,False,True
ds004444,1.0.1,sub-025/ses-08/eeg/sub-025_ses-08_task-smrbmi_electrodes.tsv,6163,False,True
ds004444,1.0.1,sub-025/ses-08/eeg/sub-025_ses-08_task-smrbmi_events.tsv,1603,False,True
ds004444,1.0.1,sub-025/ses-07/eeg/sub-025_ses-07_task-smrbmi_channels.tsv,3157,False,True
ds004444,1.0.1,sub-025/ses-07/eeg/sub-025_ses-07_task-smrbmi_eeg.edf,111313536,True,True
ds004444,1.0.1,sub-025/ses-07/eeg/sub-025_ses-07_task-smrbmi_eeg.json,463,False,True
ds004444,1.0.1,sub-025/ses-07/eeg/sub-025_ses-07_task-smrbmi_electrodes.tsv,6165,False,True
ds004444,1.0.1,sub-025/ses-07/eeg/sub-025_ses-07_task-smrbmi_events.tsv,1603,False,True
ds004444,1.0.1,sub-025/ses-06/eeg/sub-025_ses-06_task-smrbmi_channels.tsv,3157,False,True
ds004444,1.0.1,sub-025/ses-06/eeg/sub-025_ses-06_task-smrbmi_eeg.edf,111573536,True,True
ds004444,1.0.1,sub-025/ses-06/eeg/sub-025_ses-06_task-smrbmi_eeg.json,463,False,True
ds004444,1.0.1,sub-025/ses-06/eeg/sub-025_ses-06_task-smrbmi_electrodes.tsv,6171,False,True
ds004444,1.0.1,sub-025/ses-06/eeg/sub-025_ses-06_task-smrbmi_events.tsv,1603,False,True
ds004444,1.0.1,sub-025/ses-05/eeg/sub-025_ses-05_task-smrbmi_channels.tsv,3157,False,True
ds004444,1.0.1,sub-025/ses-05/eeg/sub-025_ses-05_task-smrbmi_eeg.edf,111833536,True,True
ds004444,1.0.1,sub-025/ses-05/eeg/sub-025_ses-05_task-smrbmi_eeg.json,463,False,True
ds004444,1.0.1,sub-025/ses-05/eeg/sub-025_ses-05_task-smrbmi_electrodes.tsv,6167,False,True
ds004444,1.0.1,sub-025/ses-05/eeg/sub-025_ses-05_task-smrbmi_events.tsv,1603,False,True
ds004444,1.0.1,sub-025/ses-04/eeg/sub-025_ses-04_task-smrbmi_channels.tsv,3157,False,True
ds004444,1.0.1,sub-025/ses-04/eeg/sub-025_ses-04_task-smrbmi_eeg.edf,111053536,True,True
ds004444,1.0.1,sub-025/ses-04/eeg/sub-025_ses-04_task-smrbmi_eeg.json,463,False,True
ds004444,1.0.1,sub-025/ses-04/eeg/sub-025_ses-04_task-smrbmi_electrodes.tsv,6170,False,True
ds004444,1.0.1,sub-025/ses-04/eeg/sub-025_ses-04_task-smrbmi_events.tsv,1603,False,True
ds004444,1.0.1,sub-025/ses-03/eeg/sub-025_ses-03_task-smrbmi_channels.tsv,3157,False,True
ds004444,1.0.1,sub-025/ses-03/eeg/sub-025_ses-03_task-smrbmi_eeg.edf,111053536,True,True
ds004444,1.0.1,sub-025/ses-03/eeg/sub-025_ses-03_task-smrbmi_eeg.json,462,False,True
ds004444,1.0.1,sub-025/ses-03/eeg/sub-025_ses-03_task-smrbmi_electrodes.tsv,6170,False,True
ds004444,1.0.1,sub-025/ses-03/eeg/sub-025_ses-03_task-smrbmi_events.tsv,1603,False,True
ds004444,1.0.1,sub-025/ses-02/eeg/sub-025_ses-02_task-smrbmi_channels.tsv,3157,False,True
ds004444,1.0.1,sub-025/ses-02/eeg/sub-025_ses-02_task-smrbmi_eeg.edf,111053536,True,True
ds004444,1.0.1,sub-025/ses-02/eeg/sub-025_ses-02_task-smrbmi_eeg.json,463,False,True
ds004444,1.0.1,sub-025/ses-02/eeg/sub-025_ses-02_task-smrbmi_electrodes.tsv,6172,False,True
ds004444,1.0.1,sub-025/ses-02/eeg/sub-025_ses-02_task-smrbmi_events.tsv,1603,False,True
ds004444,1.0.1,sub-025/ses-01/eeg/sub-025_ses-01_task-smrbmi_channels.tsv,3157,False,True
ds004444,1.0.1,sub-025/ses-01/eeg/sub-025_ses-01_task-smrbmi_eeg.edf,113913536,True,True
ds004444,1.0.1,sub-025/ses-01/eeg/sub-025_ses-01_task-smrbmi_eeg.json,462,False,True
ds004444,1.0.1,sub-025/ses-01/eeg/sub-025_ses-01_task-smrbmi_electrodes.tsv,6172,False,True
ds004444,1.0.1,sub-025/ses-01/eeg/sub-025_ses-01_task-smrbmi_events.tsv,1606,False,True
ds004444,1.0.1,sub-024/ses-16/eeg/sub-024_ses-16_task-smrbmi_channels.tsv,3157,False,True
ds004444,1.0.1,sub-024/ses-16/eeg/sub-024_ses-16_task-smrbmi_eeg.edf,110793536,True,True
ds004444,1.0.1,sub-024/ses-16/eeg/sub-024_ses-16_task-smrbmi_eeg.json,463,False,True
ds004444,1.0.1,sub-024/ses-16/eeg/sub-024_ses-16_task-smrbmi_electrodes.tsv,6166,False,True
ds004444,1.0.1,sub-024/ses-16/eeg/sub-024_ses-16_task-smrbmi_events.tsv,1603,False,True
ds004444,1.0.1,sub-024/ses-15/eeg/sub-024_ses-15_task-smrbmi_channels.tsv,3157,False,True
ds004444,1.0.1,sub-024/ses-15/eeg/sub-024_ses-15_task-smrbmi_eeg.edf,111573536,True,True
ds004444,1.0.1,sub-024/ses-15/eeg/sub-024_ses-15_task-smrbmi_eeg.json,463,False,True
ds004444,1.0.1,sub-024/ses-15/eeg/sub-024_ses-15_task-smrbmi_electrodes.tsv,6150,False,True
ds004444,1.0.1,sub-024/ses-15/eeg/sub-024_ses-15_task-smrbmi_events.tsv,1603,False,True
ds004444,1.0.1,sub-024/ses-14/eeg/sub-024_ses-14_task-smrbmi_channels.tsv,3157,False,True
ds004444,1.0.1,sub-024/ses-14/eeg/sub-024_ses-14_task-smrbmi_eeg.edf,111573536,True,True
ds004444,1.0.1,sub-024/ses-14/eeg/sub-024_ses-14_task-smrbmi_eeg.json,463,False,True
ds004444,1.0.1,sub-024/ses-14/eeg/sub-024_ses-14_task-smrbmi_electrodes.tsv,6163,False,True
ds004444,1.0.1,sub-024/ses-14/eeg/sub-024_ses-14_task-smrbmi_events.tsv,1603,False,True
ds004444,1.0.1,sub-024/ses-13/eeg/sub-024_ses-13_task-smrbmi_channels.tsv,3157,False,True
ds004444,1.0.1,sub-024/ses-13/eeg/sub-024_ses-13_task-smrbmi_eeg.edf,111833536,True,True
ds004444,1.0.1,sub-024/ses-13/eeg/sub-024_ses-13_task-smrbmi_eeg.json,463,False,True
ds004444,1.0.1,sub-024/ses-13/eeg/sub-024_ses-13_task-smrbmi_electrodes.tsv,6171,False,True
ds004444,1.0.1,sub-024/ses-13/eeg/sub-024_ses-13_task-smrbmi_events.tsv,1603,False,True
ds004444,1.0.1,sub-024/ses-12/eeg/sub-024_ses-12_task-smrbmi_channels.tsv,3157,False,True
ds004444,1.0.1,sub-024/ses-12/eeg/sub-024_ses-12_task-smrbmi_eeg.edf,112093536,True,True
ds004444,1.0.1,sub-024/ses-12/eeg/sub-024_ses-12_task-smrbmi_eeg.json,463,False,True
ds004444,1.0.1,sub-024/ses-12/eeg/sub-024_ses-12_task-smrbmi_electrodes.tsv,6166,False,True
ds004444,1.0.1,sub-024/ses-12/eeg/sub-024_ses-12_task-smrbmi_events.tsv,1603,False,True
ds004444,1.0.1,sub-024/ses-11/eeg/sub-024_ses-11_task-smrbmi_channels.tsv,3157,False,True
ds004444,1.0.1,sub-024/ses-11/eeg/sub-024_ses-11_task-smrbmi_eeg.edf,112353536,True,True
ds004444,1.0.1,sub-024/ses-11/eeg/sub-024_ses-11_task-smrbmi_eeg.json,463,False,True
ds004444,1.0.1,sub-024/ses-11/eeg/sub-024_ses-11_task-smrbmi_electrodes.tsv,6161,False,True
ds004444,1.0.1,sub-024/ses-11/eeg/sub-024_ses-11_task-smrbmi_events.tsv,1604,False,True
ds004444,1.0.1,sub-024/ses-10/eeg/sub-024_ses-10_task-smrbmi_channels.tsv,3157,False,True
ds004444,1.0.1,sub-024/ses-10/eeg/sub-024_ses-10_task-smrbmi_eeg.edf,111573536,True,True
ds004444,1.0.1,sub-024/ses-10/eeg/sub-024_ses-10_task-smrbmi_eeg.json,463,False,True
ds004444,1.0.1,sub-024/ses-10/eeg/sub-024_ses-10_task-smrbmi_electrodes.tsv,6163,False,True
ds004444,1.0.1,sub-024/ses-10/eeg/sub-024_ses-10_task-smrbmi_events.tsv,1603,False,True
ds004444,1.0.1,sub-024/ses-09/eeg/sub-024_ses-09_task-smrbmi_channels.tsv,3157,False,True
ds004444,1.0.1,sub-024/ses-09/eeg/sub-024_ses-09_task-smrbmi_eeg.edf,113653536,True,True
ds004444,1.0.1,sub-024/ses-09/eeg/sub-024_ses-09_task-smrbmi_eeg.json,463,False,True
ds004444,1.0.1,sub-024/ses-09/eeg/sub-024_ses-09_task-smrbmi_electrodes.tsv,6170,False,True
ds004444,1.0.1,sub-024/ses-09/eeg/sub-024_ses-09_task-smrbmi_events.tsv,1606,False,True
ds004444,1.0.1,sub-024/ses-08/eeg/sub-024_ses-08_task-smrbmi_channels.tsv,3157,False,True
ds004444,1.0.1,sub-024/ses-08/eeg/sub-024_ses-08_task-smrbmi_eeg.edf,111313536,True,True
ds004444,1.0.1,sub-024/ses-08/eeg/sub-024_ses-08_task-smrbmi_eeg.json,462,False,True
ds004444,1.0.1,sub-024/ses-08/eeg/sub-024_ses-08_task-smrbmi_electrodes.tsv,6159,False,True
ds004444,1.0.1,sub-024/ses-08/eeg/sub-024_ses-08_task-smrbmi_events.tsv,1603,False,True
ds004444,1.0.1,sub-024/ses-07/eeg/sub-024_ses-07_task-smrbmi_channels.tsv,3157,False,True
ds004444,1.0.1,sub-024/ses-07/eeg/sub-024_ses-07_task-smrbmi_eeg.edf,112093536,True,True
ds004444,1.0.1,sub-024/ses-07/eeg/sub-024_ses-07_task-smrbmi_eeg.json,463,False,True
ds004444,1.0.1,sub-024/ses-07/eeg/sub-024_ses-07_task-smrbmi_electrodes.tsv,6158,False,True
ds004444,1.0.1,sub-024/ses-07/eeg/sub-024_ses-07_task-smrbmi_events.tsv,1603,False,True
ds004444,1.0.1,sub-024/ses-06/eeg/sub-024_ses-06_task-smrbmi_channels.tsv,3157,False,True
ds004444,1.0.1,sub-024/ses-06/eeg/sub-024_ses-06_task-smrbmi_eeg.edf,111573536,True,True
ds004444,1.0.1,sub-024/ses-06/eeg/sub-024_ses-06_task-smrbmi_eeg.json,463,False,True
ds004444,1.0.1,sub-024/ses-06/eeg/sub-024_ses-06_task-smrbmi_electrodes.tsv,6163,False,True
ds004444,1.0.1,sub-024/ses-06/eeg/sub-024_ses-06_task-smrbmi_events.tsv,1603,False,True
ds004444,1.0.1,sub-024/ses-05/eeg/sub-024_ses-05_task-smrbmi_channels.tsv,3157,False,True
ds004444,1.0.1,sub-024/ses-05/eeg/sub-024_ses-05_task-smrbmi_eeg.edf,111313536,True,True
ds004444,1.0.1,sub-024/ses-05/eeg/sub-024_ses-05_task-smrbmi_eeg.json,463,False,True
ds004444,1.0.1,sub-024/ses-05/eeg/sub-024_ses-05_task-smrbmi_electrodes.tsv,6167,False,True
ds004444,1.0.1,sub-024/ses-05/eeg/sub-024_ses-05_task-smrbmi_events.tsv,1603,False,True
ds004444,1.0.1,sub-024/ses-04/eeg/sub-024_ses-04_task-smrbmi_channels.tsv,3157,False,True
ds004444,1.0.1,sub-024/ses-04/eeg/sub-024_ses-04_task-smrbmi_eeg.edf,111573536,True,True
ds004444,1.0.1,sub-024/ses-04/eeg/sub-024_ses-04_task-smrbmi_eeg.json,463,False,True
ds004444,1.0.1,sub-024/ses-04/eeg/sub-024_ses-04_task-smrbmi_electrodes.tsv,6160,False,True
ds004444,1.0.1,sub-024/ses-04/eeg/sub-024_ses-04_task-smrbmi_events.tsv,1603,False,True
ds004444,1.0.1,sub-024/ses-03/eeg/sub-024_ses-03_task-smrbmi_channels.tsv,3157,False,True
ds004444,1.0.1,sub-024/ses-03/eeg/sub-024_ses-03_task-smrbmi_eeg.edf,111573536,True,True
ds004444,1.0.1,sub-024/ses-03/eeg/sub-024_ses-03_task-smrbmi_eeg.json,463,False,True
ds004444,1.0.1,sub-024/ses-03/eeg/sub-024_ses-03_task-smrbmi_electrodes.tsv,6166,False,True
ds004444,1.0.1,sub-024/ses-03/eeg/sub-024_ses-03_task-smrbmi_events.tsv,1603,False,True
ds004444,1.0.1,sub-024/ses-02/eeg/sub-024_ses-02_task-smrbmi_channels.tsv,3157,False,True
ds004444,1.0.1,sub-024/ses-02/eeg/sub-024_ses-02_task-smrbmi_eeg.edf,111313536,True,True
ds004444,1.0.1,sub-024/ses-02/eeg/sub-024_ses-02_task-smrbmi_eeg.json,463,False,True
ds004444,1.0.1,sub-024/ses-02/eeg/sub-024_ses-02_task-smrbmi_electrodes.tsv,6173,False,True
ds004444,1.0.1,sub-024/ses-02/eeg/sub-024_ses-02_task-smrbmi_events.tsv,1603,False,True
ds004444,1.0.1,sub-024/ses-01/eeg/sub-024_ses-01_task-smrbmi_channels.tsv,3157,False,True
ds004444,1.0.1,sub-024/ses-01/eeg/sub-024_ses-01_task-smrbmi_eeg.edf,111313536,True,True
ds004444,1.0.1,sub-024/ses-01/eeg/sub-024_ses-01_task-smrbmi_eeg.json,463,False,True
ds004444,1.0.1,sub-024/ses-01/eeg/sub-024_ses-01_task-smrbmi_electrodes.tsv,6158,False,True
ds004444,1.0.1,sub-024/ses-01/eeg/sub-024_ses-01_task-smrbmi_events.tsv,1603,False,True
ds004444,1.0.1,sub-023/ses-16/eeg/sub-023_ses-16_task-smrbmi_channels.tsv,3157,False,True
ds004444,1.0.1,sub-023/ses-16/eeg/sub-023_ses-16_task-smrbmi_eeg.edf,110793536,True,True
ds004444,1.0.1,sub-023/ses-16/eeg/sub-023_ses-16_task-smrbmi_eeg.json,463,False,True
ds004444,1.0.1,sub-023/ses-16/eeg/sub-023_ses-16_task-smrbmi_electrodes.tsv,6163,False,True
ds004444,1.0.1,sub-023/ses-16/eeg/sub-023_ses-16_task-smrbmi_events.tsv,1603,False,True
ds004444,1.0.1,sub-023/ses-15/eeg/sub-023_ses-15_task-smrbmi_channels.tsv,3157,False,True
ds004444,1.0.1,sub-023/ses-15/eeg/sub-023_ses-15_task-smrbmi_eeg.edf,111833536,True,True
ds004444,1.0.1,sub-023/ses-15/eeg/sub-023_ses-15_task-smrbmi_eeg.json,463,False,True
ds004444,1.0.1,sub-023/ses-15/eeg/sub-023_ses-15_task-smrbmi_electrodes.tsv,6157,False,True
ds004444,1.0.1,sub-023/ses-15/eeg/sub-023_ses-15_task-smrbmi_events.tsv,1603,False,True
ds004444,1.0.1,sub-023/ses-14/eeg/sub-023_ses-14_task-smrbmi_channels.tsv,3157,False,True
ds004444,1.0.1,sub-023/ses-14/eeg/sub-023_ses-14_task-smrbmi_eeg.edf,111313536,True,True
ds004444,1.0.1,sub-023/ses-14/eeg/sub-023_ses-14_task-smrbmi_eeg.json,463,False,True
ds004444,1.0.1,sub-023/ses-14/eeg/sub-023_ses-14_task-smrbmi_electrodes.tsv,6168,False,True
ds004444,1.0.1,sub-023/ses-14/eeg/sub-023_ses-14_task-smrbmi_events.tsv,1603,False,True
ds004444,1.0.1,sub-023/ses-13/eeg/sub-023_ses-13_task-smrbmi_channels.tsv,3157,False,True
ds004444,1.0.1,sub-023/ses-13/eeg/sub-023_ses-13_task-smrbmi_eeg.edf,114693536,True,True
ds004444,1.0.1,sub-023/ses-13/eeg/sub-023_ses-13_task-smrbmi_eeg.json,463,False,True
ds004444,1.0.1,sub-023/ses-13/eeg/sub-023_ses-13_task-smrbmi_electrodes.tsv,6169,False,True
ds004444,1.0.1,sub-023/ses-13/eeg/sub-023_ses-13_task-smrbmi_events.tsv,1603,False,True
ds004444,1.0.1,sub-023/ses-12/eeg/sub-023_ses-12_task-smrbmi_channels.tsv,3157,False,True
ds004444,1.0.1,sub-023/ses-12/eeg/sub-023_ses-12_task-smrbmi_eeg.edf,111313536,True,True
ds004444,1.0.1,sub-023/ses-12/eeg/sub-023_ses-12_task-smrbmi_eeg.json,463,False,True
ds004444,1.0.1,sub-023/ses-12/eeg/sub-023_ses-12_task-smrbmi_electrodes.tsv,6169,False,True
ds004444,1.0.1,sub-023/ses-12/eeg/sub-023_ses-12_task-smrbmi_events.tsv,1603,False,True
ds004444,1.0.1,sub-023/ses-11/eeg/sub-023_ses-11_task-smrbmi_channels.tsv,3157,False,True
ds004444,1.0.1,sub-023/ses-11/eeg/sub-023_ses-11_task-smrbmi_eeg.edf,111053536,True,True
ds004444,1.0.1,sub-023/ses-11/eeg/sub-023_ses-11_task-smrbmi_eeg.json,463,False,True
ds004444,1.0.1,sub-023/ses-11/eeg/sub-023_ses-11_task-smrbmi_electrodes.tsv,6167,False,True
ds004444,1.0.1,sub-023/ses-11/eeg/sub-023_ses-11_task-smrbmi_events.tsv,1603,False,True
ds004444,1.0.1,sub-023/ses-10/eeg/sub-023_ses-10_task-smrbmi_channels.tsv,3157,False,True
ds004444,1.0.1,sub-023/ses-10/eeg/sub-023_ses-10_task-smrbmi_eeg.edf,111313536,True,True
ds004444,1.0.1,sub-023/ses-10/eeg/sub-023_ses-10_task-smrbmi_eeg.json,463,False,True
ds004444,1.0.1,sub-023/ses-10/eeg/sub-023_ses-10_task-smrbmi_electrodes.tsv,6166,False,True
ds004444,1.0.1,sub-023/ses-10/eeg/sub-023_ses-10_task-smrbmi_events.tsv,1603,False,True
ds004444,1.0.1,sub-023/ses-09/eeg/sub-023_ses-09_task-smrbmi_channels.tsv,3157,False,True
ds004444,1.0.1,sub-023/ses-09/eeg/sub-023_ses-09_task-smrbmi_eeg.edf,115993536,True,True
ds004444,1.0.1,sub-023/ses-09/eeg/sub-023_ses-09_task-smrbmi_eeg.json,463,False,True
ds004444,1.0.1,sub-023/ses-09/eeg/sub-023_ses-09_task-smrbmi_electrodes.tsv,6169,False,True
ds004444,1.0.1,sub-023/ses-09/eeg/sub-023_ses-09_task-smrbmi_events.tsv,1608,False,True
ds004444,1.0.1,sub-023/ses-08/eeg/sub-023_ses-08_task-smrbmi_channels.tsv,3157,False,True
ds004444,1.0.1,sub-023/ses-08/eeg/sub-023_ses-08_task-smrbmi_eeg.edf,110533536,True,True
ds004444,1.0.1,sub-023/ses-08/eeg/sub-023_ses-08_task-smrbmi_eeg.json,463,False,True
ds004444,1.0.1,sub-023/ses-08/eeg/sub-023_ses-08_task-smrbmi_electrodes.tsv,6161,False,True
ds004444,1.0.1,sub-023/ses-08/eeg/sub-023_ses-08_task-smrbmi_events.tsv,1603,False,True
ds004444,1.0.1,sub-023/ses-07/eeg/sub-023_ses-07_task-smrbmi_channels.tsv,3157,False,True
ds004444,1.0.1,sub-023/ses-07/eeg/sub-023_ses-07_task-smrbmi_eeg.edf,111833536,True,True
ds004444,1.0.1,sub-023/ses-07/eeg/sub-023_ses-07_task-smrbmi_eeg.json,463,False,True
ds004444,1.0.1,sub-023/ses-07/eeg/sub-023_ses-07_task-smrbmi_electrodes.tsv,6168,False,True
ds004444,1.0.1,sub-023/ses-07/eeg/sub-023_ses-07_task-smrbmi_events.tsv,1603,False,True
ds004444,1.0.1,sub-023/ses-06/eeg/sub-023_ses-06_task-smrbmi_channels.tsv,3157,False,True
ds004444,1.0.1,sub-023/ses-06/eeg/sub-023_ses-06_task-smrbmi_eeg.edf,111573536,True,True
ds004444,1.0.1,sub-023/ses-06/eeg/sub-023_ses-06_task-smrbmi_eeg.json,463,False,True
ds004444,1.0.1,sub-023/ses-06/eeg/sub-023_ses-06_task-smrbmi_electrodes.tsv,6158,False,True
ds004444,1.0.1,sub-023/ses-06/eeg/sub-023_ses-06_task-smrbmi_events.tsv,1603,False,True
ds004444,1.0.1,sub-023/ses-05/eeg/sub-023_ses-05_task-smrbmi_channels.tsv,3157,False,True
ds004444,1.0.1,sub-023/ses-05/eeg/sub-023_ses-05_task-smrbmi_eeg.edf,111053536,True,True
ds004444,1.0.1,sub-023/ses-05/eeg/sub-023_ses-05_task-smrbmi_eeg.json,462,False,True
ds004444,1.0.1,sub-023/ses-05/eeg/sub-023_ses-05_task-smrbmi_electrodes.tsv,6163,False,True
ds004444,1.0.1,sub-023/ses-05/eeg/sub-023_ses-05_task-smrbmi_events.tsv,1603,False,True
ds004444,1.0.1,sub-023/ses-04/eeg/sub-023_ses-04_task-smrbmi_channels.tsv,3157,False,True
ds004444,1.0.1,sub-023/ses-04/eeg/sub-023_ses-04_task-smrbmi_eeg.edf,113653536,True,True
ds004444,1.0.1,sub-023/ses-04/eeg/sub-023_ses-04_task-smrbmi_eeg.json,463,False,True
ds004444,1.0.1,sub-023/ses-04/eeg/sub-023_ses-04_task-smrbmi_electrodes.tsv,6170,False,True
ds004444,1.0.1,sub-023/ses-04/eeg/sub-023_ses-04_task-smrbmi_events.tsv,1606,False,True
ds004444,1.0.1,sub-023/ses-03/eeg/sub-023_ses-03_task-smrbmi_channels.tsv,3157,False,True
ds004444,1.0.1,sub-023/ses-03/eeg/sub-023_ses-03_task-smrbmi_eeg.edf,110793536,True,True
ds004444,1.0.1,sub-023/ses-03/eeg/sub-023_ses-03_task-smrbmi_eeg.json,463,False,True
ds004444,1.0.1,sub-023/ses-03/eeg/sub-023_ses-03_task-smrbmi_electrodes.tsv,6169,False,True
ds004444,1.0.1,sub-023/ses-03/eeg/sub-023_ses-03_task-smrbmi_events.tsv,1603,False,True
ds004444,1.0.1,sub-023/ses-02/eeg/sub-023_ses-02_task-smrbmi_channels.tsv,3157,False,True
ds004444,1.0.1,sub-023/ses-02/eeg/sub-023_ses-02_task-smrbmi_eeg.edf,113133536,True,True
ds004444,1.0.1,sub-023/ses-02/eeg/sub-023_ses-02_task-smrbmi_eeg.json,463,False,True
ds004444,1.0.1,sub-023/ses-02/eeg/sub-023_ses-02_task-smrbmi_electrodes.tsv,6170,False,True
ds004444,1.0.1,sub-023/ses-02/eeg/sub-023_ses-02_task-smrbmi_events.tsv,1606,False,True
ds004444,1.0.1,sub-023/ses-01/eeg/sub-023_ses-01_task-smrbmi_channels.tsv,3157,False,True
ds004444,1.0.1,sub-023/ses-01/eeg/sub-023_ses-01_task-smrbmi_eeg.edf,114433536,True,True
ds004444,1.0.1,sub-023/ses-01/eeg/sub-023_ses-01_task-smrbmi_eeg.json,463,False,True
ds004444,1.0.1,sub-023/ses-01/eeg/sub-023_ses-01_task-smrbmi_electrodes.tsv,6163,False,True
ds004444,1.0.1,sub-023/ses-01/eeg/sub-023_ses-01_task-smrbmi_events.tsv,1606,False,True
ds004444,1.0.1,sub-022/ses-16/eeg/sub-022_ses-16_task-smrbmi_channels.tsv,3157,False,True
ds004444,1.0.1,sub-022/ses-16/eeg/sub-022_ses-16_task-smrbmi_eeg.edf,111313536,True,True
ds004444,1.0.1,sub-022/ses-16/eeg/sub-022_ses-16_task-smrbmi_eeg.json,463,False,True
ds004444,1.0.1,sub-022/ses-16/eeg/sub-022_ses-16_task-smrbmi_electrodes.tsv,6172,False,True
ds004444,1.0.1,sub-022/ses-16/eeg/sub-022_ses-16_task-smrbmi_events.tsv,1603,False,True
ds004444,1.0.1,sub-022/ses-15/eeg/sub-022_ses-15_task-smrbmi_channels.tsv,3157,False,True
ds004444,1.0.1,sub-022/ses-15/eeg/sub-022_ses-15_task-smrbmi_eeg.edf,112093536,True,True
ds004444,1.0.1,sub-022/ses-15/eeg/sub-022_ses-15_task-smrbmi_eeg.json,463,False,True
ds004444,1.0.1,sub-022/ses-15/eeg/sub-022_ses-15_task-smrbmi_electrodes.tsv,6170,False,True
ds004444,1.0.1,sub-022/ses-15/eeg/sub-022_ses-15_task-smrbmi_events.tsv,1603,False,True
ds004444,1.0.1,sub-022/ses-14/eeg/sub-022_ses-14_task-smrbmi_channels.tsv,3157,False,True
ds004444,1.0.1,sub-022/ses-14/eeg/sub-022_ses-14_task-smrbmi_eeg.edf,112093536,True,True
ds004444,1.0.1,sub-022/ses-14/eeg/sub-022_ses-14_task-smrbmi_eeg.json,463,False,True
ds004444,1.0.1,sub-022/ses-14/eeg/sub-022_ses-14_task-smrbmi_electrodes.tsv,6162,False,True
ds004444,1.0.1,sub-022/ses-14/eeg/sub-022_ses-14_task-smrbmi_events.tsv,1603,False,True
ds004444,1.0.1,sub-022/ses-13/eeg/sub-022_ses-13_task-smrbmi_channels.tsv,3157,False,True
ds004444,1.0.1,sub-022/ses-13/eeg/sub-022_ses-13_task-smrbmi_eeg.edf,111313536,True,True
ds004444,1.0.1,sub-022/ses-13/eeg/sub-022_ses-13_task-smrbmi_eeg.json,463,False,True
ds004444,1.0.1,sub-022/ses-13/eeg/sub-022_ses-13_task-smrbmi_electrodes.tsv,6168,False,True
ds004444,1.0.1,sub-022/ses-13/eeg/sub-022_ses-13_task-smrbmi_events.tsv,1603,False,True
ds004444,1.0.1,sub-022/ses-12/eeg/sub-022_ses-12_task-smrbmi_channels.tsv,3157,False,True
ds004444,1.0.1,sub-022/ses-12/eeg/sub-022_ses-12_task-smrbmi_eeg.edf,111053536,True,True
ds004444,1.0.1,sub-022/ses-12/eeg/sub-022_ses-12_task-smrbmi_eeg.json,463,False,True
ds004444,1.0.1,sub-022/ses-12/eeg/sub-022_ses-12_task-smrbmi_electrodes.tsv,6165,False,True
ds004444,1.0.1,sub-022/ses-12/eeg/sub-022_ses-12_task-smrbmi_events.tsv,1603,False,True
ds004444,1.0.1,sub-022/ses-11/eeg/sub-022_ses-11_task-smrbmi_channels.tsv,3157,False,True
ds004444,1.0.1,sub-022/ses-11/eeg/sub-022_ses-11_task-smrbmi_eeg.edf,110793536,True,True
ds004444,1.0.1,sub-022/ses-11/eeg/sub-022_ses-11_task-smrbmi_eeg.json,463,False,True
ds004444,1.0.1,sub-022/ses-11/eeg/sub-022_ses-11_task-smrbmi_electrodes.tsv,6169,False,True
ds004444,1.0.1,sub-022/ses-11/eeg/sub-022_ses-11_task-smrbmi_events.tsv,1603,False,True
ds004444,1.0.1,sub-022/ses-10/eeg/sub-022_ses-10_task-smrbmi_channels.tsv,3157,False,True
ds004444,1.0.1,sub-022/ses-10/eeg/sub-022_ses-10_task-smrbmi_eeg.edf,111833536,True,True
ds004444,1.0.1,sub-022/ses-10/eeg/sub-022_ses-10_task-smrbmi_eeg.json,462,False,True
ds004444,1.0.1,sub-022/ses-10/eeg/sub-022_ses-10_task-smrbmi_electrodes.tsv,6165,False,True
ds004444,1.0.1,sub-022/ses-10/eeg/sub-022_ses-10_task-smrbmi_events.tsv,1604,False,True
ds004444,1.0.1,sub-022/ses-09/eeg/sub-022_ses-09_task-smrbmi_channels.tsv,3157,False,True
ds004444,1.0.1,sub-022/ses-09/eeg/sub-022_ses-09_task-smrbmi_eeg.edf,113393536,True,True
ds004444,1.0.1,sub-022/ses-09/eeg/sub-022_ses-09_task-smrbmi_eeg.json,463,False,True
ds004444,1.0.1,sub-022/ses-09/eeg/sub-022_ses-09_task-smrbmi_electrodes.tsv,6166,False,True
ds004444,1.0.1,sub-022/ses-09/eeg/sub-022_ses-09_task-smrbmi_events.tsv,1606,False,True
ds004444,1.0.1,sub-022/ses-08/eeg/sub-022_ses-08_task-smrbmi_channels.tsv,3157,False,True
ds004444,1.0.1,sub-022/ses-08/eeg/sub-022_ses-08_task-smrbmi_eeg.edf,110793536,True,True
ds004444,1.0.1,sub-022/ses-08/eeg/sub-022_ses-08_task-smrbmi_eeg.json,462,False,True
ds004444,1.0.1,sub-022/ses-08/eeg/sub-022_ses-08_task-smrbmi_electrodes.tsv,6169,False,True
ds004444,1.0.1,sub-022/ses-08/eeg/sub-022_ses-08_task-smrbmi_events.tsv,1603,False,True
ds004444,1.0.1,sub-022/ses-07/eeg/sub-022_ses-07_task-smrbmi_channels.tsv,3157,False,True
ds004444,1.0.1,sub-022/ses-07/eeg/sub-022_ses-07_task-smrbmi_eeg.edf,111313536,True,True
ds004444,1.0.1,sub-022/ses-07/eeg/sub-022_ses-07_task-smrbmi_eeg.json,463,False,True
ds004444,1.0.1,sub-022/ses-07/eeg/sub-022_ses-07_task-smrbmi_electrodes.tsv,6163,False,True
ds004444,1.0.1,sub-022/ses-07/eeg/sub-022_ses-07_task-smrbmi_events.tsv,1603,False,True
ds004444,1.0.1,sub-022/ses-06/eeg/sub-022_ses-06_task-smrbmi_channels.tsv,3157,False,True
ds004444,1.0.1,sub-022/ses-06/eeg/sub-022_ses-06_task-smrbmi_eeg.edf,120153536,True,True
ds004444,1.0.1,sub-022/ses-06/eeg/sub-022_ses-06_task-smrbmi_eeg.json,463,False,True
ds004444,1.0.1,sub-022/ses-06/eeg/sub-022_ses-06_task-smrbmi_electrodes.tsv,6163,False,True
ds004444,1.0.1,sub-022/ses-06/eeg/sub-022_ses-06_task-smrbmi_events.tsv,1611,False,True
ds004444,1.0.1,sub-022/ses-05/eeg/sub-022_ses-05_task-smrbmi_channels.tsv,3157,False,True
ds004444,1.0.1,sub-022/ses-05/eeg/sub-022_ses-05_task-smrbmi_eeg.edf,111313536,True,True
ds004444,1.0.1,sub-022/ses-05/eeg/sub-022_ses-05_task-smrbmi_eeg.json,463,False,True
ds004444,1.0.1,sub-022/ses-05/eeg/sub-022_ses-05_task-smrbmi_electrodes.tsv,6163,False,True
ds004444,1.0.1,sub-022/ses-05/eeg/sub-022_ses-05_task-smrbmi_events.tsv,1603,False,True
ds004444,1.0.1,sub-022/ses-04/eeg/sub-022_ses-04_task-smrbmi_channels.tsv,3157,False,True
ds004444,1.0.1,sub-022/ses-04/eeg/sub-022_ses-04_task-smrbmi_eeg.edf,113653536,True,True
ds004444,1.0.1,sub-022/ses-04/eeg/sub-022_ses-04_task-smrbmi_eeg.json,463,False,True
ds004444,1.0.1,sub-022/ses-04/eeg/sub-022_ses-04_task-smrbmi_electrodes.tsv,6162,False,True
ds004444,1.0.1,sub-022/ses-04/eeg/sub-022_ses-04_task-smrbmi_events.tsv,1606,False,True
ds004444,1.0.1,sub-022/ses-03/eeg/sub-022_ses-03_task-smrbmi_channels.tsv,3157,False,True
ds004444,1.0.1,sub-022/ses-03/eeg/sub-022_ses-03_task-smrbmi_eeg.edf,111053536,True,True
ds004444,1.0.1,sub-022/ses-03/eeg/sub-022_ses-03_task-smrbmi_eeg.json,463,False,True
ds004444,1.0.1,sub-022/ses-03/eeg/sub-022_ses-03_task-smrbmi_electrodes.tsv,6167,False,True
ds004444,1.0.1,sub-022/ses-03/eeg/sub-022_ses-03_task-smrbmi_events.tsv,1603,False,True
ds004444,1.0.1,sub-022/ses-02/eeg/sub-022_ses-02_task-smrbmi_channels.tsv,3157,False,True
ds004444,1.0.1,sub-022/ses-02/eeg/sub-022_ses-02_task-smrbmi_eeg.edf,111313536,True,True
ds004444,1.0.1,sub-022/ses-02/eeg/sub-022_ses-02_task-smrbmi_eeg.json,463,False,True
ds004444,1.0.1,sub-022/ses-02/eeg/sub-022_ses-02_task-smrbmi_electrodes.tsv,6170,False,True
ds004444,1.0.1,sub-022/ses-02/eeg/sub-022_ses-02_task-smrbmi_events.tsv,1603,False,True
ds004444,1.0.1,sub-022/ses-01/eeg/sub-022_ses-01_task-smrbmi_channels.tsv,3157,False,True
ds004444,1.0.1,sub-022/ses-01/eeg/sub-022_ses-01_task-smrbmi_eeg.edf,114173536,True,True
ds004444,1.0.1,sub-022/ses-01/eeg/sub-022_ses-01_task-smrbmi_eeg.json,463,False,True
ds004444,1.0.1,sub-022/ses-01/eeg/sub-022_ses-01_task-smrbmi_electrodes.tsv,6168,False,True
ds004444,1.0.1,sub-022/ses-01/eeg/sub-022_ses-01_task-smrbmi_events.tsv,1607,False,True
ds004444,1.0.1,sub-021/ses-16/eeg/sub-021_ses-16_task-smrbmi_channels.tsv,3157,False,True
ds004444,1.0.1,sub-021/ses-16/eeg/sub-021_ses-16_task-smrbmi_eeg.edf,111833536,True,True
ds004444,1.0.1,sub-021/ses-16/eeg/sub-021_ses-16_task-smrbmi_eeg.json,463,False,True
ds004444,1.0.1,sub-021/ses-16/eeg/sub-021_ses-16_task-smrbmi_electrodes.tsv,6167,False,True
ds004444,1.0.1,sub-021/ses-16/eeg/sub-021_ses-16_task-smrbmi_events.tsv,1603,False,True
ds004444,1.0.1,sub-021/ses-15/eeg/sub-021_ses-15_task-smrbmi_channels.tsv,3157,False,True
ds004444,1.0.1,sub-021/ses-15/eeg/sub-021_ses-15_task-smrbmi_eeg.edf,111573536,True,True
ds004444,1.0.1,sub-021/ses-15/eeg/sub-021_ses-15_task-smrbmi_eeg.json,462,False,True
ds004444,1.0.1,sub-021/ses-15/eeg/sub-021_ses-15_task-smrbmi_electrodes.tsv,6155,False,True
ds004444,1.0.1,sub-021/ses-15/eeg/sub-021_ses-15_task-smrbmi_events.tsv,1603,False,True
ds004444,1.0.1,sub-021/ses-14/eeg/sub-021_ses-14_task-smrbmi_channels.tsv,3157,False,True
ds004444,1.0.1,sub-021/ses-14/eeg/sub-021_ses-14_task-smrbmi_eeg.edf,113653536,True,True
ds004444,1.0.1,sub-021/ses-14/eeg/sub-021_ses-14_task-smrbmi_eeg.json,463,False,True
ds004444,1.0.1,sub-021/ses-14/eeg/sub-021_ses-14_task-smrbmi_electrodes.tsv,6169,False,True
ds004444,1.0.1,sub-021/ses-14/eeg/sub-021_ses-14_task-smrbmi_events.tsv,1606,False,True
ds004444,1.0.1,sub-021/ses-13/eeg/sub-021_ses-13_task-smrbmi_channels.tsv,3157,False,True
ds004444,1.0.1,sub-021/ses-13/eeg/sub-021_ses-13_task-smrbmi_eeg.edf,111313536,True,True
ds004444,1.0.1,sub-021/ses-13/eeg/sub-021_ses-13_task-smrbmi_eeg.json,463,False,True
ds004444,1.0.1,sub-021/ses-13/eeg/sub-021_ses-13_task-smrbmi_electrodes.tsv,6169,False,True
ds004444,1.0.1,sub-021/ses-13/eeg/sub-021_ses-13_task-smrbmi_events.tsv,1603,False,True
ds004444,1.0.1,sub-021/ses-12/eeg/sub-021_ses-12_task-smrbmi_channels.tsv,3157,False,True
ds004444,1.0.1,sub-021/ses-12/eeg/sub-021_ses-12_task-smrbmi_eeg.edf,111833536,True,True
ds004444,1.0.1,sub-021/ses-12/eeg/sub-021_ses-12_task-smrbmi_eeg.json,463,False,True
ds004444,1.0.1,sub-021/ses-12/eeg/sub-021_ses-12_task-smrbmi_electrodes.tsv,6168,False,True
ds004444,1.0.1,sub-021/ses-12/eeg/sub-021_ses-12_task-smrbmi_events.tsv,1603,False,True
ds004444,1.0.1,sub-021/ses-11/eeg/sub-021_ses-11_task-smrbmi_channels.tsv,3157,False,True
ds004444,1.0.1,sub-021/ses-11/eeg/sub-021_ses-11_task-smrbmi_eeg.edf,111573536,True,True
ds004444,1.0.1,sub-021/ses-11/eeg/sub-021_ses-11_task-smrbmi_eeg.json,463,False,True
ds004444,1.0.1,sub-021/ses-11/eeg/sub-021_ses-11_task-smrbmi_electrodes.tsv,6166,False,True
ds004444,1.0.1,sub-021/ses-11/eeg/sub-021_ses-11_task-smrbmi_events.tsv,1603,False,True
ds004444,1.0.1,sub-021/ses-10/eeg/sub-021_ses-10_task-smrbmi_channels.tsv,3157,False,True
ds004444,1.0.1,sub-021/ses-10/eeg/sub-021_ses-10_task-smrbmi_eeg.edf,111313536,True,True
ds004444,1.0.1,sub-021/ses-10/eeg/sub-021_ses-10_task-smrbmi_eeg.json,462,False,True
ds004444,1.0.1,sub-021/ses-10/eeg/sub-021_ses-10_task-smrbmi_electrodes.tsv,6164,False,True
ds004444,1.0.1,sub-021/ses-10/eeg/sub-021_ses-10_task-smrbmi_events.tsv,1603,False,True
ds004444,1.0.1,sub-021/ses-09/eeg/sub-021_ses-09_task-smrbmi_channels.tsv,3157,False,True
ds004444,1.0.1,sub-021/ses-09/eeg/sub-021_ses-09_task-smrbmi_eeg.edf,116513536,True,True
ds004444,1.0.1,sub-021/ses-09/eeg/sub-021_ses-09_task-smrbmi_eeg.json,463,False,True
ds004444,1.0.1,sub-021/ses-09/eeg/sub-021_ses-09_task-smrbmi_electrodes.tsv,6170,False,True
ds004444,1.0.1,sub-021/ses-09/eeg/sub-021_ses-09_task-smrbmi_events.tsv,1608,False,True
ds004444,1.0.1,sub-021/ses-08/eeg/sub-021_ses-08_task-smrbmi_channels.tsv,3157,False,True
ds004444,1.0.1,sub-021/ses-08/eeg/sub-021_ses-08_task-smrbmi_eeg.edf,110793536,True,True
ds004444,1.0.1,sub-021/ses-08/eeg/sub-021_ses-08_task-smrbmi_eeg.json,463,False,True
ds004444,1.0.1,sub-021/ses-08/eeg/sub-021_ses-08_task-smrbmi_electrodes.tsv,6166,False,True
ds004444,1.0.1,sub-021/ses-08/eeg/sub-021_ses-08_task-smrbmi_events.tsv,1603,False,True
ds004444,1.0.1,sub-021/ses-07/eeg/sub-021_ses-07_task-smrbmi_channels.tsv,3157,False,True
ds004444,1.0.1,sub-021/ses-07/eeg/sub-021_ses-07_task-smrbmi_eeg.edf,111053536,True,True
ds004444,1.0.1,sub-021/ses-07/eeg/sub-021_ses-07_task-smrbmi_eeg.json,463,False,True
ds004444,1.0.1,sub-021/ses-07/eeg/sub-021_ses-07_task-smrbmi_electrodes.tsv,6167,False,True
ds004444,1.0.1,sub-021/ses-07/eeg/sub-021_ses-07_task-smrbmi_events.tsv,1603,False,True
ds004444,1.0.1,sub-021/ses-06/eeg/sub-021_ses-06_task-smrbmi_channels.tsv,3157,False,True
ds004444,1.0.1,sub-021/ses-06/eeg/sub-021_ses-06_task-smrbmi_eeg.edf,111053536,True,True
ds004444,1.0.1,sub-021/ses-06/eeg/sub-021_ses-06_task-smrbmi_eeg.json,462,False,True
ds004444,1.0.1,sub-021/ses-06/eeg/sub-021_ses-06_task-smrbmi_electrodes.tsv,6169,False,True
ds004444,1.0.1,sub-021/ses-06/eeg/sub-021_ses-06_task-smrbmi_events.tsv,1603,False,True
ds004444,1.0.1,sub-021/ses-05/eeg/sub-021_ses-05_task-smrbmi_channels.tsv,3157,False,True
ds004444,1.0.1,sub-021/ses-05/eeg/sub-021_ses-05_task-smrbmi_eeg.edf,111053536,True,True
ds004444,1.0.1,sub-021/ses-05/eeg/sub-021_ses-05_task-smrbmi_eeg.json,463,False,True
ds004444,1.0.1,sub-021/ses-05/eeg/sub-021_ses-05_task-smrbmi_electrodes.tsv,6169,False,True
ds004444,1.0.1,sub-021/ses-05/eeg/sub-021_ses-05_task-smrbmi_events.tsv,1603,False,True
ds004444,1.0.1,sub-021/ses-04/eeg/sub-021_ses-04_task-smrbmi_channels.tsv,3157,False,True
ds004444,1.0.1,sub-021/ses-04/eeg/sub-021_ses-04_task-smrbmi_eeg.edf,112093536,True,True
ds004444,1.0.1,sub-021/ses-04/eeg/sub-021_ses-04_task-smrbmi_eeg.json,463,False,True
ds004444,1.0.1,sub-021/ses-04/eeg/sub-021_ses-04_task-smrbmi_electrodes.tsv,6172,False,True
ds004444,1.0.1,sub-021/ses-04/eeg/sub-021_ses-04_task-smrbmi_events.tsv,1604,False,True
ds004444,1.0.1,sub-021/ses-03/eeg/sub-021_ses-03_task-smrbmi_channels.tsv,3157,False,True
ds004444,1.0.1,sub-021/ses-03/eeg/sub-021_ses-03_task-smrbmi_eeg.edf,112353536,True,True
ds004444,1.0.1,sub-021/ses-03/eeg/sub-021_ses-03_task-smrbmi_eeg.json,463,False,True
ds004444,1.0.1,sub-021/ses-03/eeg/sub-021_ses-03_task-smrbmi_electrodes.tsv,6163,False,True
ds004444,1.0.1,sub-021/ses-03/eeg/sub-021_ses-03_task-smrbmi_events.tsv,1605,False,True
ds004444,1.0.1,sub-021/ses-02/eeg/sub-021_ses-02_task-smrbmi_channels.tsv,3157,False,True
ds004444,1.0.1,sub-021/ses-02/eeg/sub-021_ses-02_task-smrbmi_eeg.edf,115733536,True,True
ds004444,1.0.1,sub-021/ses-02/eeg/sub-021_ses-02_task-smrbmi_eeg.json,463,False,True
ds004444,1.0.1,sub-021/ses-02/eeg/sub-021_ses-02_task-smrbmi_electrodes.tsv,6151,False,True
ds004444,1.0.1,sub-021/ses-02/eeg/sub-021_ses-02_task-smrbmi_events.tsv,1603,False,True
ds004444,1.0.1,sub-021/ses-01/eeg/sub-021_ses-01_task-smrbmi_channels.tsv,3157,False,True
ds004444,1.0.1,sub-021/ses-01/eeg/sub-021_ses-01_task-smrbmi_eeg.edf,114693536,True,True
ds004444,1.0.1,sub-021/ses-01/eeg/sub-021_ses-01_task-smrbmi_eeg.json,463,False,True
ds004444,1.0.1,sub-021/ses-01/eeg/sub-021_ses-01_task-smrbmi_electrodes.tsv,6167,False,True
ds004444,1.0.1,sub-021/ses-01/eeg/sub-021_ses-01_task-smrbmi_events.tsv,1606,False,True
ds004444,1.0.1,sub-020/ses-08/eeg/sub-020_ses-08_task-smrbmi_channels.tsv,3157,False,True
ds004444,1.0.1,sub-020/ses-08/eeg/sub-020_ses-08_task-smrbmi_eeg.edf,112353536,True,True
ds004444,1.0.1,sub-020/ses-08/eeg/sub-020_ses-08_task-smrbmi_eeg.json,463,False,True
ds004444,1.0.1,sub-020/ses-08/eeg/sub-020_ses-08_task-smrbmi_electrodes.tsv,6166,False,True
ds004444,1.0.1,sub-020/ses-08/eeg/sub-020_ses-08_task-smrbmi_events.tsv,1603,False,True
ds004444,1.0.1,sub-020/ses-07/eeg/sub-020_ses-07_task-smrbmi_channels.tsv,3157,False,True
ds004444,1.0.1,sub-020/ses-07/eeg/sub-020_ses-07_task-smrbmi_eeg.edf,115473536,True,True
ds004444,1.0.1,sub-020/ses-07/eeg/sub-020_ses-07_task-smrbmi_eeg.json,463,False,True
ds004444,1.0.1,sub-020/ses-07/eeg/sub-020_ses-07_task-smrbmi_electrodes.tsv,6163,False,True
ds004444,1.0.1,sub-020/ses-07/eeg/sub-020_ses-07_task-smrbmi_events.tsv,1607,False,True
ds004444,1.0.1,sub-020/ses-06/eeg/sub-020_ses-06_task-smrbmi_channels.tsv,3157,False,True
ds004444,1.0.1,sub-020/ses-06/eeg/sub-020_ses-06_task-smrbmi_eeg.edf,112353536,True,True
ds004444,1.0.1,sub-020/ses-06/eeg/sub-020_ses-06_task-smrbmi_eeg.json,463,False,True
ds004444,1.0.1,sub-020/ses-06/eeg/sub-020_ses-06_task-smrbmi_electrodes.tsv,6166,False,True
ds004444,1.0.1,sub-020/ses-06/eeg/sub-020_ses-06_task-smrbmi_events.tsv,1603,False,True
ds004444,1.0.1,sub-020/ses-05/eeg/sub-020_ses-05_task-smrbmi_channels.tsv,3157,False,True
ds004444,1.0.1,sub-020/ses-05/eeg/sub-020_ses-05_task-smrbmi_eeg.edf,111573536,True,True
ds004444,1.0.1,sub-020/ses-05/eeg/sub-020_ses-05_task-smrbmi_eeg.json,463,False,True
ds004444,1.0.1,sub-020/ses-05/eeg/sub-020_ses-05_task-smrbmi_electrodes.tsv,6170,False,True
ds004444,1.0.1,sub-020/ses-05/eeg/sub-020_ses-05_task-smrbmi_events.tsv,1603,False,True
ds004444,1.0.1,sub-020/ses-04/eeg/sub-020_ses-04_task-smrbmi_channels.tsv,3157,False,True
ds004444,1.0.1,sub-020/ses-04/eeg/sub-020_ses-04_task-smrbmi_eeg.edf,114173536,True,True
ds004444,1.0.1,sub-020/ses-04/eeg/sub-020_ses-04_task-smrbmi_eeg.json,463,False,True
ds004444,1.0.1,sub-020/ses-04/eeg/sub-020_ses-04_task-smrbmi_electrodes.tsv,6161,False,True
ds004444,1.0.1,sub-020/ses-04/eeg/sub-020_ses-04_task-smrbmi_events.tsv,1606,False,True
ds004444,1.0.1,sub-020/ses-03/eeg/sub-020_ses-03_task-smrbmi_channels.tsv,3157,False,True
ds004444,1.0.1,sub-020/ses-03/eeg/sub-020_ses-03_task-smrbmi_eeg.edf,113393536,True,True
ds004444,1.0.1,sub-020/ses-03/eeg/sub-020_ses-03_task-smrbmi_eeg.json,463,False,True
ds004444,1.0.1,sub-020/ses-03/eeg/sub-020_ses-03_task-smrbmi_electrodes.tsv,6161,False,True
ds004444,1.0.1,sub-020/ses-03/eeg/sub-020_ses-03_task-smrbmi_events.tsv,1606,False,True
ds004444,1.0.1,sub-020/ses-02/eeg/sub-020_ses-02_task-smrbmi_channels.tsv,3157,False,True
ds004444,1.0.1,sub-020/ses-02/eeg/sub-020_ses-02_task-smrbmi_eeg.edf,115733536,True,True
ds004444,1.0.1,sub-020/ses-02/eeg/sub-020_ses-02_task-smrbmi_eeg.json,463,False,True
ds004444,1.0.1,sub-020/ses-02/eeg/sub-020_ses-02_task-smrbmi_electrodes.tsv,6155,False,True
ds004444,1.0.1,sub-020/ses-02/eeg/sub-020_ses-02_task-smrbmi_events.tsv,1607,False,True
ds004444,1.0.1,sub-020/ses-01/eeg/sub-020_ses-01_task-smrbmi_channels.tsv,3157,False,True
ds004444,1.0.1,sub-020/ses-01/eeg/sub-020_ses-01_task-smrbmi_eeg.edf,111313536,True,True
ds004444,1.0.1,sub-020/ses-01/eeg/sub-020_ses-01_task-smrbmi_eeg.json,463,False,True
ds004444,1.0.1,sub-020/ses-01/eeg/sub-020_ses-01_task-smrbmi_electrodes.tsv,6164,False,True
ds004444,1.0.1,sub-020/ses-01/eeg/sub-020_ses-01_task-smrbmi_events.tsv,1603,False,True
ds004444,1.0.1,sub-019/ses-16/eeg/sub-019_ses-16_task-smrbmi_channels.tsv,3157,False,True
ds004444,1.0.1,sub-019/ses-16/eeg/sub-019_ses-16_task-smrbmi_eeg.edf,113393536,True,True
ds004444,1.0.1,sub-019/ses-16/eeg/sub-019_ses-16_task-smrbmi_eeg.json,463,False,True
ds004444,1.0.1,sub-019/ses-16/eeg/sub-019_ses-16_task-smrbmi_electrodes.tsv,6170,False,True
ds004444,1.0.1,sub-019/ses-16/eeg/sub-019_ses-16_task-smrbmi_events.tsv,1606,False,True
ds004444,1.0.1,sub-019/ses-15/eeg/sub-019_ses-15_task-smrbmi_channels.tsv,3157,False,True
ds004444,1.0.1,sub-019/ses-15/eeg/sub-019_ses-15_task-smrbmi_eeg.edf,111573536,True,True
ds004444,1.0.1,sub-019/ses-15/eeg/sub-019_ses-15_task-smrbmi_eeg.json,463,False,True
ds004444,1.0.1,sub-019/ses-15/eeg/sub-019_ses-15_task-smrbmi_electrodes.tsv,6164,False,True
ds004444,1.0.1,sub-019/ses-15/eeg/sub-019_ses-15_task-smrbmi_events.tsv,1603,False,True
ds004444,1.0.1,sub-019/ses-14/eeg/sub-019_ses-14_task-smrbmi_channels.tsv,3157,False,True
ds004444,1.0.1,sub-019/ses-14/eeg/sub-019_ses-14_task-smrbmi_eeg.edf,112873536,True,True
ds004444,1.0.1,sub-019/ses-14/eeg/sub-019_ses-14_task-smrbmi_eeg.json,463,False,True
ds004444,1.0.1,sub-019/ses-14/eeg/sub-019_ses-14_task-smrbmi_electrodes.tsv,6170,False,True
ds004444,1.0.1,sub-019/ses-14/eeg/sub-019_ses-14_task-smrbmi_events.tsv,1603,False,True
ds004444,1.0.1,sub-019/ses-13/eeg/sub-019_ses-13_task-smrbmi_channels.tsv,3157,False,True
ds004444,1.0.1,sub-019/ses-13/eeg/sub-019_ses-13_task-smrbmi_eeg.edf,112613536,True,True
ds004444,1.0.1,sub-019/ses-13/eeg/sub-019_ses-13_task-smrbmi_eeg.json,463,False,True
ds004444,1.0.1,sub-019/ses-13/eeg/sub-019_ses-13_task-smrbmi_electrodes.tsv,6174,False,True
ds004444,1.0.1,sub-019/ses-13/eeg/sub-019_ses-13_task-smrbmi_events.tsv,1603,False,True
ds004444,1.0.1,sub-019/ses-12/eeg/sub-019_ses-12_task-smrbmi_channels.tsv,3157,False,True
ds004444,1.0.1,sub-019/ses-12/eeg/sub-019_ses-12_task-smrbmi_eeg.edf,111573536,True,True
ds004444,1.0.1,sub-019/ses-12/eeg/sub-019_ses-12_task-smrbmi_eeg.json,463,False,True
ds004444,1.0.1,sub-019/ses-12/eeg/sub-019_ses-12_task-smrbmi_electrodes.tsv,6167,False,True
ds004444,1.0.1,sub-019/ses-12/eeg/sub-019_ses-12_task-smrbmi_events.tsv,1603,False,True
ds004444,1.0.1,sub-019/ses-11/eeg/sub-019_ses-11_task-smrbmi_channels.tsv,3157,False,True
ds004444,1.0.1,sub-019/ses-11/eeg/sub-019_ses-11_task-smrbmi_eeg.edf,113393536,True,True
ds004444,1.0.1,sub-019/ses-11/eeg/sub-019_ses-11_task-smrbmi_eeg.json,463,False,True
ds004444,1.0.1,sub-019/ses-11/eeg/sub-019_ses-11_task-smrbmi_electrodes.tsv,6159,False,True
ds004444,1.0.1,sub-019/ses-11/eeg/sub-019_ses-11_task-smrbmi_events.tsv,1603,False,True
ds004444,1.0.1,sub-019/ses-10/eeg/sub-019_ses-10_task-smrbmi_channels.tsv,3157,False,True
ds004444,1.0.1,sub-019/ses-10/eeg/sub-019_ses-10_task-smrbmi_eeg.edf,113653536,True,True
ds004444,1.0.1,sub-019/ses-10/eeg/sub-019_ses-10_task-smrbmi_eeg.json,463,False,True
ds004444,1.0.1,sub-019/ses-10/eeg/sub-019_ses-10_task-smrbmi_electrodes.tsv,6164,False,True
ds004444,1.0.1,sub-019/ses-10/eeg/sub-019_ses-10_task-smrbmi_events.tsv,1606,False,True
ds004444,1.0.1,sub-019/ses-09/eeg/sub-019_ses-09_task-smrbmi_channels.tsv,3157,False,True
ds004444,1.0.1,sub-019/ses-09/eeg/sub-019_ses-09_task-smrbmi_eeg.edf,114953536,True,True
ds004444,1.0.1,sub-019/ses-09/eeg/sub-019_ses-09_task-smrbmi_eeg.json,463,False,True
ds004444,1.0.1,sub-019/ses-09/eeg/sub-019_ses-09_task-smrbmi_electrodes.tsv,6162,False,True
ds004444,1.0.1,sub-019/ses-09/eeg/sub-019_ses-09_task-smrbmi_events.tsv,1607,False,True
ds004444,1.0.1,sub-019/ses-08/eeg/sub-019_ses-08_task-smrbmi_channels.tsv,3157,False,True
ds004444,1.0.1,sub-019/ses-08/eeg/sub-019_ses-08_task-smrbmi_eeg.edf,111053536,True,True
ds004444,1.0.1,sub-019/ses-08/eeg/sub-019_ses-08_task-smrbmi_eeg.json,463,False,True
ds004444,1.0.1,sub-019/ses-08/eeg/sub-019_ses-08_task-smrbmi_electrodes.tsv,6169,False,True
ds004444,1.0.1,sub-019/ses-08/eeg/sub-019_ses-08_task-smrbmi_events.tsv,1603,False,True
ds004444,1.0.1,sub-019/ses-07/eeg/sub-019_ses-07_task-smrbmi_channels.tsv,3157,False,True
ds004444,1.0.1,sub-019/ses-07/eeg/sub-019_ses-07_task-smrbmi_eeg.edf,113913536,True,True
ds004444,1.0.1,sub-019/ses-07/eeg/sub-019_ses-07_task-smrbmi_eeg.json,463,False,True
ds004444,1.0.1,sub-019/ses-07/eeg/sub-019_ses-07_task-smrbmi_electrodes.tsv,6173,False,True
ds004444,1.0.1,sub-019/ses-07/eeg/sub-019_ses-07_task-smrbmi_events.tsv,1603,False,True
ds004444,1.0.1,sub-019/ses-06/eeg/sub-019_ses-06_task-smrbmi_channels.tsv,3157,False,True
ds004444,1.0.1,sub-019/ses-06/eeg/sub-019_ses-06_task-smrbmi_eeg.edf,111053536,True,True
ds004444,1.0.1,sub-019/ses-06/eeg/sub-019_ses-06_task-smrbmi_eeg.json,463,False,True
ds004444,1.0.1,sub-019/ses-06/eeg/sub-019_ses-06_task-smrbmi_electrodes.tsv,6163,False,True
ds004444,1.0.1,sub-019/ses-06/eeg/sub-019_ses-06_task-smrbmi_events.tsv,1603,False,True
ds004444,1.0.1,sub-019/ses-05/eeg/sub-019_ses-05_task-smrbmi_channels.tsv,3157,False,True
ds004444,1.0.1,sub-019/ses-05/eeg/sub-019_ses-05_task-smrbmi_eeg.edf,112873536,True,True
ds004444,1.0.1,sub-019/ses-05/eeg/sub-019_ses-05_task-smrbmi_eeg.json,463,False,True
ds004444,1.0.1,sub-019/ses-05/eeg/sub-019_ses-05_task-smrbmi_electrodes.tsv,6169,False,True
ds004444,1.0.1,sub-019/ses-05/eeg/sub-019_ses-05_task-smrbmi_events.tsv,1606,False,True
ds004444,1.0.1,sub-019/ses-04/eeg/sub-019_ses-04_task-smrbmi_channels.tsv,3157,False,True
ds004444,1.0.1,sub-019/ses-04/eeg/sub-019_ses-04_task-smrbmi_eeg.edf,111833536,True,True
ds004444,1.0.1,sub-019/ses-04/eeg/sub-019_ses-04_task-smrbmi_eeg.json,463,False,True
ds004444,1.0.1,sub-019/ses-04/eeg/sub-019_ses-04_task-smrbmi_electrodes.tsv,6169,False,True
ds004444,1.0.1,sub-019/ses-04/eeg/sub-019_ses-04_task-smrbmi_events.tsv,1603,False,True
ds004444,1.0.1,sub-019/ses-03/eeg/sub-019_ses-03_task-smrbmi_channels.tsv,3157,False,True
ds004444,1.0.1,sub-019/ses-03/eeg/sub-019_ses-03_task-smrbmi_eeg.edf,113653536,True,True
ds004444,1.0.1,sub-019/ses-03/eeg/sub-019_ses-03_task-smrbmi_eeg.json,463,False,True
ds004444,1.0.1,sub-019/ses-03/eeg/sub-019_ses-03_task-smrbmi_electrodes.tsv,6161,False,True
ds004444,1.0.1,sub-019/ses-03/eeg/sub-019_ses-03_task-smrbmi_events.tsv,1606,False,True
ds004444,1.0.1,sub-019/ses-02/eeg/sub-019_ses-02_task-smrbmi_channels.tsv,3157,False,True
ds004444,1.0.1,sub-019/ses-02/eeg/sub-019_ses-02_task-smrbmi_eeg.edf,117553536,True,True
ds004444,1.0.1,sub-019/ses-02/eeg/sub-019_ses-02_task-smrbmi_eeg.json,463,False,True
ds004444,1.0.1,sub-019/ses-02/eeg/sub-019_ses-02_task-smrbmi_electrodes.tsv,6172,False,True
ds004444,1.0.1,sub-019/ses-02/eeg/sub-019_ses-02_task-smrbmi_events.tsv,1607,False,True
ds004444,1.0.1,sub-019/ses-01/eeg/sub-019_ses-01_task-smrbmi_channels.tsv,3157,False,True
ds004444,1.0.1,sub-019/ses-01/eeg/sub-019_ses-01_task-smrbmi_eeg.edf,111833536,True,True
ds004444,1.0.1,sub-019/ses-01/eeg/sub-019_ses-01_task-smrbmi_eeg.json,463,False,True
ds004444,1.0.1,sub-019/ses-01/eeg/sub-019_ses-01_task-smrbmi_electrodes.tsv,6168,False,True
ds004444,1.0.1,sub-019/ses-01/eeg/sub-019_ses-01_task-smrbmi_events.tsv,1603,False,True
ds004444,1.0.1,sub-018/ses-16/eeg/sub-018_ses-16_task-smrbmi_channels.tsv,3157,False,True
ds004444,1.0.1,sub-018/ses-16/eeg/sub-018_ses-16_task-smrbmi_eeg.edf,111833536,True,True
ds004444,1.0.1,sub-018/ses-16/eeg/sub-018_ses-16_task-smrbmi_eeg.json,463,False,True
ds004444,1.0.1,sub-018/ses-16/eeg/sub-018_ses-16_task-smrbmi_electrodes.tsv,6175,False,True
ds004444,1.0.1,sub-018/ses-16/eeg/sub-018_ses-16_task-smrbmi_events.tsv,1603,False,True
ds004444,1.0.1,sub-018/ses-15/eeg/sub-018_ses-15_task-smrbmi_channels.tsv,3157,False,True
ds004444,1.0.1,sub-018/ses-15/eeg/sub-018_ses-15_task-smrbmi_eeg.edf,112353536,True,True
ds004444,1.0.1,sub-018/ses-15/eeg/sub-018_ses-15_task-smrbmi_eeg.json,463,False,True
ds004444,1.0.1,sub-018/ses-15/eeg/sub-018_ses-15_task-smrbmi_electrodes.tsv,6169,False,True
ds004444,1.0.1,sub-018/ses-15/eeg/sub-018_ses-15_task-smrbmi_events.tsv,1603,False,True
ds004444,1.0.1,sub-018/ses-14/eeg/sub-018_ses-14_task-smrbmi_channels.tsv,3157,False,True
ds004444,1.0.1,sub-018/ses-14/eeg/sub-018_ses-14_task-smrbmi_eeg.edf,115993536,True,True
ds004444,1.0.1,sub-018/ses-14/eeg/sub-018_ses-14_task-smrbmi_eeg.json,463,False,True
ds004444,1.0.1,sub-018/ses-14/eeg/sub-018_ses-14_task-smrbmi_electrodes.tsv,6161,False,True
ds004444,1.0.1,sub-018/ses-14/eeg/sub-018_ses-14_task-smrbmi_events.tsv,1606,False,True
ds004444,1.0.1,sub-018/ses-13/eeg/sub-018_ses-13_task-smrbmi_channels.tsv,3157,False,True
ds004444,1.0.1,sub-018/ses-13/eeg/sub-018_ses-13_task-smrbmi_eeg.edf,111573536,True,True
ds004444,1.0.1,sub-018/ses-13/eeg/sub-018_ses-13_task-smrbmi_eeg.json,463,False,True
ds004444,1.0.1,sub-018/ses-13/eeg/sub-018_ses-13_task-smrbmi_electrodes.tsv,6163,False,True
ds004444,1.0.1,sub-018/ses-13/eeg/sub-018_ses-13_task-smrbmi_events.tsv,1603,False,True
ds004444,1.0.1,sub-018/ses-12/eeg/sub-018_ses-12_task-smrbmi_channels.tsv,3157,False,True
ds004444,1.0.1,sub-018/ses-12/eeg/sub-018_ses-12_task-smrbmi_eeg.edf,138613536,True,True
ds004444,1.0.1,sub-018/ses-12/eeg/sub-018_ses-12_task-smrbmi_eeg.json,463,False,True
ds004444,1.0.1,sub-018/ses-12/eeg/sub-018_ses-12_task-smrbmi_electrodes.tsv,6164,False,True
ds004444,1.0.1,sub-018/ses-12/eeg/sub-018_ses-12_task-smrbmi_events.tsv,1606,False,True
ds004444,1.0.1,sub-018/ses-11/eeg/sub-018_ses-11_task-smrbmi_channels.tsv,3157,False,True
ds004444,1.0.1,sub-018/ses-11/eeg/sub-018_ses-11_task-smrbmi_eeg.edf,112093536,True,True
ds004444,1.0.1,sub-018/ses-11/eeg/sub-018_ses-11_task-smrbmi_eeg.json,462,False,True
ds004444,1.0.1,sub-018/ses-11/eeg/sub-018_ses-11_task-smrbmi_electrodes.tsv,6159,False,True
ds004444,1.0.1,sub-018/ses-11/eeg/sub-018_ses-11_task-smrbmi_events.tsv,1603,False,True
ds004444,1.0.1,sub-018/ses-10/eeg/sub-018_ses-10_task-smrbmi_channels.tsv,3157,False,True
ds004444,1.0.1,sub-018/ses-10/eeg/sub-018_ses-10_task-smrbmi_eeg.edf,114693536,True,True
ds004444,1.0.1,sub-018/ses-10/eeg/sub-018_ses-10_task-smrbmi_eeg.json,463,False,True
ds004444,1.0.1,sub-018/ses-10/eeg/sub-018_ses-10_task-smrbmi_electrodes.tsv,6169,False,True
ds004444,1.0.1,sub-018/ses-10/eeg/sub-018_ses-10_task-smrbmi_events.tsv,1607,False,True
ds004444,1.0.1,sub-018/ses-09/eeg/sub-018_ses-09_task-smrbmi_channels.tsv,3157,False,True
ds004444,1.0.1,sub-018/ses-09/eeg/sub-018_ses-09_task-smrbmi_eeg.edf,114693536,True,True
ds004444,1.0.1,sub-018/ses-09/eeg/sub-018_ses-09_task-smrbmi_eeg.json,463,False,True
ds004444,1.0.1,sub-018/ses-09/eeg/sub-018_ses-09_task-smrbmi_electrodes.tsv,6167,False,True
ds004444,1.0.1,sub-018/ses-09/eeg/sub-018_ses-09_task-smrbmi_events.tsv,1607,False,True
ds004444,1.0.1,sub-018/ses-08/eeg/sub-018_ses-08_task-smrbmi_channels.tsv,3157,False,True
ds004444,1.0.1,sub-018/ses-08/eeg/sub-018_ses-08_task-smrbmi_eeg.edf,111053536,True,True
ds004444,1.0.1,sub-018/ses-08/eeg/sub-018_ses-08_task-smrbmi_eeg.json,463,False,True
ds004444,1.0.1,sub-018/ses-08/eeg/sub-018_ses-08_task-smrbmi_electrodes.tsv,6166,False,True
ds004444,1.0.1,sub-018/ses-08/eeg/sub-018_ses-08_task-smrbmi_events.tsv,1603,False,True
ds004444,1.0.1,sub-018/ses-07/eeg/sub-018_ses-07_task-smrbmi_channels.tsv,3157,False,True
ds004444,1.0.1,sub-018/ses-07/eeg/sub-018_ses-07_task-smrbmi_eeg.edf,112353536,True,True
ds004444,1.0.1,sub-018/ses-07/eeg/sub-018_ses-07_task-smrbmi_eeg.json,463,False,True
ds004444,1.0.1,sub-018/ses-07/eeg/sub-018_ses-07_task-smrbmi_electrodes.tsv,6167,False,True
ds004444,1.0.1,sub-018/ses-07/eeg/sub-018_ses-07_task-smrbmi_events.tsv,1604,False,True
ds004444,1.0.1,sub-018/ses-06/eeg/sub-018_ses-06_task-smrbmi_channels.tsv,3157,False,True
ds004444,1.0.1,sub-018/ses-06/eeg/sub-018_ses-06_task-smrbmi_eeg.edf,111573536,True,True
ds004444,1.0.1,sub-018/ses-06/eeg/sub-018_ses-06_task-smrbmi_eeg.json,463,False,True
ds004444,1.0.1,sub-018/ses-06/eeg/sub-018_ses-06_task-smrbmi_electrodes.tsv,6159,False,True
ds004444,1.0.1,sub-018/ses-06/eeg/sub-018_ses-06_task-smrbmi_events.tsv,1603,False,True
ds004444,1.0.1,sub-018/ses-05/eeg/sub-018_ses-05_task-smrbmi_channels.tsv,3157,False,True
ds004444,1.0.1,sub-018/ses-05/eeg/sub-018_ses-05_task-smrbmi_eeg.edf,112613536,True,True
ds004444,1.0.1,sub-018/ses-05/eeg/sub-018_ses-05_task-smrbmi_eeg.json,463,False,True
ds004444,1.0.1,sub-018/ses-05/eeg/sub-018_ses-05_task-smrbmi_electrodes.tsv,6167,False,True
ds004444,1.0.1,sub-018/ses-05/eeg/sub-018_ses-05_task-smrbmi_events.tsv,1606,False,True
ds004444,1.0.1,sub-018/ses-04/eeg/sub-018_ses-04_task-smrbmi_channels.tsv,3157,False,True
ds004444,1.0.1,sub-018/ses-04/eeg/sub-018_ses-04_task-smrbmi_eeg.edf,111833536,True,True
ds004444,1.0.1,sub-018/ses-04/eeg/sub-018_ses-04_task-smrbmi_eeg.json,463,False,True
ds004444,1.0.1,sub-018/ses-04/eeg/sub-018_ses-04_task-smrbmi_electrodes.tsv,6169,False,True
ds004444,1.0.1,sub-018/ses-04/eeg/sub-018_ses-04_task-smrbmi_events.tsv,1603,False,True
ds004444,1.0.1,sub-018/ses-03/eeg/sub-018_ses-03_task-smrbmi_channels.tsv,3157,False,True
ds004444,1.0.1,sub-018/ses-03/eeg/sub-018_ses-03_task-smrbmi_eeg.edf,111573536,True,True
ds004444,1.0.1,sub-018/ses-03/eeg/sub-018_ses-03_task-smrbmi_eeg.json,463,False,True
ds004444,1.0.1,sub-018/ses-03/eeg/sub-018_ses-03_task-smrbmi_electrodes.tsv,6159,False,True
ds004444,1.0.1,sub-018/ses-03/eeg/sub-018_ses-03_task-smrbmi_events.tsv,1603,False,True
ds004444,1.0.1,sub-018/ses-02/eeg/sub-018_ses-02_task-smrbmi_channels.tsv,3157,False,True
ds004444,1.0.1,sub-018/ses-02/eeg/sub-018_ses-02_task-smrbmi_eeg.edf,115733536,True,True
ds004444,1.0.1,sub-018/ses-02/eeg/sub-018_ses-02_task-smrbmi_eeg.json,462,False,True
ds004444,1.0.1,sub-018/ses-02/eeg/sub-018_ses-02_task-smrbmi_electrodes.tsv,6167,False,True
ds004444,1.0.1,sub-018/ses-02/eeg/sub-018_ses-02_task-smrbmi_events.tsv,1607,False,True
ds004444,1.0.1,sub-018/ses-01/eeg/sub-018_ses-01_task-smrbmi_channels.tsv,3157,False,True
ds004444,1.0.1,sub-018/ses-01/eeg/sub-018_ses-01_task-smrbmi_eeg.edf,111573536,True,True
ds004444,1.0.1,sub-018/ses-01/eeg/sub-018_ses-01_task-smrbmi_eeg.json,463,False,True
ds004444,1.0.1,sub-018/ses-01/eeg/sub-018_ses-01_task-smrbmi_electrodes.tsv,6165,False,True
ds004444,1.0.1,sub-018/ses-01/eeg/sub-018_ses-01_task-smrbmi_events.tsv,1603,False,True
ds004444,1.0.1,sub-017/ses-16/eeg/sub-017_ses-16_task-smrbmi_channels.tsv,3157,False,True
ds004444,1.0.1,sub-017/ses-16/eeg/sub-017_ses-16_task-smrbmi_eeg.edf,110533536,True,True
ds004444,1.0.1,sub-017/ses-16/eeg/sub-017_ses-16_task-smrbmi_eeg.json,463,False,True
ds004444,1.0.1,sub-017/ses-16/eeg/sub-017_ses-16_task-smrbmi_electrodes.tsv,6163,False,True
ds004444,1.0.1,sub-017/ses-16/eeg/sub-017_ses-16_task-smrbmi_events.tsv,1603,False,True
ds004444,1.0.1,sub-017/ses-15/eeg/sub-017_ses-15_task-smrbmi_channels.tsv,3157,False,True
ds004444,1.0.1,sub-017/ses-15/eeg/sub-017_ses-15_task-smrbmi_eeg.edf,111053536,True,True
ds004444,1.0.1,sub-017/ses-15/eeg/sub-017_ses-15_task-smrbmi_eeg.json,463,False,True
ds004444,1.0.1,sub-017/ses-15/eeg/sub-017_ses-15_task-smrbmi_electrodes.tsv,6166,False,True
ds004444,1.0.1,sub-017/ses-15/eeg/sub-017_ses-15_task-smrbmi_events.tsv,1603,False,True
ds004444,1.0.1,sub-017/ses-14/eeg/sub-017_ses-14_task-smrbmi_channels.tsv,3157,False,True
ds004444,1.0.1,sub-017/ses-14/eeg/sub-017_ses-14_task-smrbmi_eeg.edf,112353536,True,True
ds004444,1.0.1,sub-017/ses-14/eeg/sub-017_ses-14_task-smrbmi_eeg.json,462,False,True
ds004444,1.0.1,sub-017/ses-14/eeg/sub-017_ses-14_task-smrbmi_electrodes.tsv,6165,False,True
ds004444,1.0.1,sub-017/ses-14/eeg/sub-017_ses-14_task-smrbmi_events.tsv,1603,False,True
ds004444,1.0.1,sub-017/ses-13/eeg/sub-017_ses-13_task-smrbmi_channels.tsv,3157,False,True
ds004444,1.0.1,sub-017/ses-13/eeg/sub-017_ses-13_task-smrbmi_eeg.edf,111573536,True,True
ds004444,1.0.1,sub-017/ses-13/eeg/sub-017_ses-13_task-smrbmi_eeg.json,463,False,True
ds004444,1.0.1,sub-017/ses-13/eeg/sub-017_ses-13_task-smrbmi_electrodes.tsv,6169,False,True
ds004444,1.0.1,sub-017/ses-13/eeg/sub-017_ses-13_task-smrbmi_events.tsv,1603,False,True
ds004444,1.0.1,sub-017/ses-12/eeg/sub-017_ses-12_task-smrbmi_channels.tsv,3157,False,True
ds004444,1.0.1,sub-017/ses-12/eeg/sub-017_ses-12_task-smrbmi_eeg.edf,112093536,True,True
ds004444,1.0.1,sub-017/ses-12/eeg/sub-017_ses-12_task-smrbmi_eeg.json,463,False,True
ds004444,1.0.1,sub-017/ses-12/eeg/sub-017_ses-12_task-smrbmi_electrodes.tsv,6169,False,True
ds004444,1.0.1,sub-017/ses-12/eeg/sub-017_ses-12_task-smrbmi_events.tsv,1603,False,True
ds004444,1.0.1,sub-017/ses-11/eeg/sub-017_ses-11_task-smrbmi_channels.tsv,3157,False,True
ds004444,1.0.1,sub-017/ses-11/eeg/sub-017_ses-11_task-smrbmi_eeg.edf,111053536,True,True
ds004444,1.0.1,sub-017/ses-11/eeg/sub-017_ses-11_task-smrbmi_eeg.json,463,False,True
ds004444,1.0.1,sub-017/ses-11/eeg/sub-017_ses-11_task-smrbmi_electrodes.tsv,6169,False,True
ds004444,1.0.1,sub-017/ses-11/eeg/sub-017_ses-11_task-smrbmi_events.tsv,1603,False,True
ds004444,1.0.1,sub-017/ses-10/eeg/sub-017_ses-10_task-smrbmi_channels.tsv,3157,False,True
ds004444,1.0.1,sub-017/ses-10/eeg/sub-017_ses-10_task-smrbmi_eeg.edf,122233536,True,True
ds004444,1.0.1,sub-017/ses-10/eeg/sub-017_ses-10_task-smrbmi_eeg.json,463,False,True
ds004444,1.0.1,sub-017/ses-10/eeg/sub-017_ses-10_task-smrbmi_electrodes.tsv,6166,False,True
ds004444,1.0.1,sub-017/ses-10/eeg/sub-017_ses-10_task-smrbmi_events.tsv,1608,False,True
ds004444,1.0.1,sub-017/ses-09/eeg/sub-017_ses-09_task-smrbmi_channels.tsv,3157,False,True
ds004444,1.0.1,sub-017/ses-09/eeg/sub-017_ses-09_task-smrbmi_eeg.edf,114693536,True,True
ds004444,1.0.1,sub-017/ses-09/eeg/sub-017_ses-09_task-smrbmi_eeg.json,463,False,True
ds004444,1.0.1,sub-017/ses-09/eeg/sub-017_ses-09_task-smrbmi_electrodes.tsv,6165,False,True
ds004444,1.0.1,sub-017/ses-09/eeg/sub-017_ses-09_task-smrbmi_events.tsv,1607,False,True
ds004444,1.0.1,sub-017/ses-08/eeg/sub-017_ses-08_task-smrbmi_channels.tsv,3157,False,True
ds004444,1.0.1,sub-017/ses-08/eeg/sub-017_ses-08_task-smrbmi_eeg.edf,110793536,True,True
ds004444,1.0.1,sub-017/ses-08/eeg/sub-017_ses-08_task-smrbmi_eeg.json,463,False,True
ds004444,1.0.1,sub-017/ses-08/eeg/sub-017_ses-08_task-smrbmi_electrodes.tsv,6160,False,True
ds004444,1.0.1,sub-017/ses-08/eeg/sub-017_ses-08_task-smrbmi_events.tsv,1603,False,True
ds004444,1.0.1,sub-017/ses-07/eeg/sub-017_ses-07_task-smrbmi_channels.tsv,3157,False,True
ds004444,1.0.1,sub-017/ses-07/eeg/sub-017_ses-07_task-smrbmi_eeg.edf,111833536,True,True
ds004444,1.0.1,sub-017/ses-07/eeg/sub-017_ses-07_task-smrbmi_eeg.json,463,False,True
ds004444,1.0.1,sub-017/ses-07/eeg/sub-017_ses-07_task-smrbmi_electrodes.tsv,6164,False,True
ds004444,1.0.1,sub-017/ses-07/eeg/sub-017_ses-07_task-smrbmi_events.tsv,1603,False,True
ds004444,1.0.1,sub-017/ses-06/eeg/sub-017_ses-06_task-smrbmi_channels.tsv,3157,False,True
ds004444,1.0.1,sub-017/ses-06/eeg/sub-017_ses-06_task-smrbmi_eeg.edf,113653536,True,True
ds004444,1.0.1,sub-017/ses-06/eeg/sub-017_ses-06_task-smrbmi_eeg.json,463,False,True
ds004444,1.0.1,sub-017/ses-06/eeg/sub-017_ses-06_task-smrbmi_electrodes.tsv,6162,False,True
ds004444,1.0.1,sub-017/ses-06/eeg/sub-017_ses-06_task-smrbmi_events.tsv,1603,False,True
ds004444,1.0.1,sub-017/ses-05/eeg/sub-017_ses-05_task-smrbmi_channels.tsv,3157,False,True
ds004444,1.0.1,sub-017/ses-05/eeg/sub-017_ses-05_task-smrbmi_eeg.edf,113653536,True,True
ds004444,1.0.1,sub-017/ses-05/eeg/sub-017_ses-05_task-smrbmi_eeg.json,462,False,True
ds004444,1.0.1,sub-017/ses-05/eeg/sub-017_ses-05_task-smrbmi_electrodes.tsv,6160,False,True
ds004444,1.0.1,sub-017/ses-05/eeg/sub-017_ses-05_task-smrbmi_events.tsv,1604,False,True
ds004444,1.0.1,sub-017/ses-04/eeg/sub-017_ses-04_task-smrbmi_channels.tsv,3157,False,True
ds004444,1.0.1,sub-017/ses-04/eeg/sub-017_ses-04_task-smrbmi_eeg.edf,132113536,True,True
ds004444,1.0.1,sub-017/ses-04/eeg/sub-017_ses-04_task-smrbmi_eeg.json,463,False,True
ds004444,1.0.1,sub-017/ses-04/eeg/sub-017_ses-04_task-smrbmi_electrodes.tsv,6163,False,True
ds004444,1.0.1,sub-017/ses-04/eeg/sub-017_ses-04_task-smrbmi_events.tsv,1603,False,True
ds004444,1.0.1,sub-017/ses-03/eeg/sub-017_ses-03_task-smrbmi_channels.tsv,3157,False,True
ds004444,1.0.1,sub-017/ses-03/eeg/sub-017_ses-03_task-smrbmi_eeg.edf,111833536,True,True
ds004444,1.0.1,sub-017/ses-03/eeg/sub-017_ses-03_task-smrbmi_eeg.json,463,False,True
ds004444,1.0.1,sub-017/ses-03/eeg/sub-017_ses-03_task-smrbmi_electrodes.tsv,6165,False,True
ds004444,1.0.1,sub-017/ses-03/eeg/sub-017_ses-03_task-smrbmi_events.tsv,1603,False,True
ds004444,1.0.1,sub-017/ses-02/eeg/sub-017_ses-02_task-smrbmi_channels.tsv,3157,False,True
ds004444,1.0.1,sub-017/ses-02/eeg/sub-017_ses-02_task-smrbmi_eeg.edf,111573536,True,True
ds004444,1.0.1,sub-017/ses-02/eeg/sub-017_ses-02_task-smrbmi_eeg.json,462,False,True
ds004444,1.0.1,sub-017/ses-02/eeg/sub-017_ses-02_task-smrbmi_electrodes.tsv,6171,False,True
ds004444,1.0.1,sub-017/ses-02/eeg/sub-017_ses-02_task-smrbmi_events.tsv,1603,False,True
ds004444,1.0.1,sub-017/ses-01/eeg/sub-017_ses-01_task-smrbmi_channels.tsv,3157,False,True
ds004444,1.0.1,sub-017/ses-01/eeg/sub-017_ses-01_task-smrbmi_eeg.edf,111573536,True,True
ds004444,1.0.1,sub-017/ses-01/eeg/sub-017_ses-01_task-smrbmi_eeg.json,463,False,True
ds004444,1.0.1,sub-017/ses-01/eeg/sub-017_ses-01_task-smrbmi_electrodes.tsv,6169,False,True
ds004444,1.0.1,sub-017/ses-01/eeg/sub-017_ses-01_task-smrbmi_events.tsv,1603,False,True
ds004444,1.0.1,sub-016/ses-16/eeg/sub-016_ses-16_task-smrbmi_channels.tsv,3157,False,True
ds004444,1.0.1,sub-016/ses-16/eeg/sub-016_ses-16_task-smrbmi_eeg.edf,110533536,True,True
ds004444,1.0.1,sub-016/ses-16/eeg/sub-016_ses-16_task-smrbmi_eeg.json,463,False,True
ds004444,1.0.1,sub-016/ses-16/eeg/sub-016_ses-16_task-smrbmi_electrodes.tsv,6173,False,True
ds004444,1.0.1,sub-016/ses-16/eeg/sub-016_ses-16_task-smrbmi_events.tsv,1603,False,True
ds004444,1.0.1,sub-016/ses-15/eeg/sub-016_ses-15_task-smrbmi_channels.tsv,3157,False,True
ds004444,1.0.1,sub-016/ses-15/eeg/sub-016_ses-15_task-smrbmi_eeg.edf,111833536,True,True
ds004444,1.0.1,sub-016/ses-15/eeg/sub-016_ses-15_task-smrbmi_eeg.json,463,False,True
ds004444,1.0.1,sub-016/ses-15/eeg/sub-016_ses-15_task-smrbmi_electrodes.tsv,6160,False,True
ds004444,1.0.1,sub-016/ses-15/eeg/sub-016_ses-15_task-smrbmi_events.tsv,1603,False,True
ds004444,1.0.1,sub-016/ses-14/eeg/sub-016_ses-14_task-smrbmi_channels.tsv,3157,False,True
ds004444,1.0.1,sub-016/ses-14/eeg/sub-016_ses-14_task-smrbmi_eeg.edf,111313536,True,True
ds004444,1.0.1,sub-016/ses-14/eeg/sub-016_ses-14_task-smrbmi_eeg.json,463,False,True
ds004444,1.0.1,sub-016/ses-14/eeg/sub-016_ses-14_task-smrbmi_electrodes.tsv,6173,False,True
ds004444,1.0.1,sub-016/ses-14/eeg/sub-016_ses-14_task-smrbmi_events.tsv,1603,False,True
ds004444,1.0.1,sub-016/ses-13/eeg/sub-016_ses-13_task-smrbmi_channels.tsv,3157,False,True
ds004444,1.0.1,sub-016/ses-13/eeg/sub-016_ses-13_task-smrbmi_eeg.edf,111573536,True,True
ds004444,1.0.1,sub-016/ses-13/eeg/sub-016_ses-13_task-smrbmi_eeg.json,462,False,True
ds004444,1.0.1,sub-016/ses-13/eeg/sub-016_ses-13_task-smrbmi_electrodes.tsv,6170,False,True
ds004444,1.0.1,sub-016/ses-13/eeg/sub-016_ses-13_task-smrbmi_events.tsv,1603,False,True
ds004444,1.0.1,sub-016/ses-12/eeg/sub-016_ses-12_task-smrbmi_channels.tsv,3157,False,True
ds004444,1.0.1,sub-016/ses-12/eeg/sub-016_ses-12_task-smrbmi_eeg.edf,111573536,True,True
ds004444,1.0.1,sub-016/ses-12/eeg/sub-016_ses-12_task-smrbmi_eeg.json,463,False,True
ds004444,1.0.1,sub-016/ses-12/eeg/sub-016_ses-12_task-smrbmi_electrodes.tsv,6169,False,True
ds004444,1.0.1,sub-016/ses-12/eeg/sub-016_ses-12_task-smrbmi_events.tsv,1603,False,True
ds004444,1.0.1,sub-016/ses-11/eeg/sub-016_ses-11_task-smrbmi_channels.tsv,3157,False,True
ds004444,1.0.1,sub-016/ses-11/eeg/sub-016_ses-11_task-smrbmi_eeg.edf,110533536,True,True
ds004444,1.0.1,sub-016/ses-11/eeg/sub-016_ses-11_task-smrbmi_eeg.json,463,False,True
ds004444,1.0.1,sub-016/ses-11/eeg/sub-016_ses-11_task-smrbmi_electrodes.tsv,6167,False,True
ds004444,1.0.1,sub-016/ses-11/eeg/sub-016_ses-11_task-smrbmi_events.tsv,1603,False,True
ds004444,1.0.1,sub-016/ses-10/eeg/sub-016_ses-10_task-smrbmi_channels.tsv,3157,False,True
ds004444,1.0.1,sub-016/ses-10/eeg/sub-016_ses-10_task-smrbmi_eeg.edf,111313536,True,True
ds004444,1.0.1,sub-016/ses-10/eeg/sub-016_ses-10_task-smrbmi_eeg.json,463,False,True
ds004444,1.0.1,sub-016/ses-10/eeg/sub-016_ses-10_task-smrbmi_electrodes.tsv,6168,False,True
ds004444,1.0.1,sub-016/ses-10/eeg/sub-016_ses-10_task-smrbmi_events.tsv,1603,False,True
ds004444,1.0.1,sub-016/ses-09/eeg/sub-016_ses-09_task-smrbmi_channels.tsv,3157,False,True
ds004444,1.0.1,sub-016/ses-09/eeg/sub-016_ses-09_task-smrbmi_eeg.edf,112093536,True,True
ds004444,1.0.1,sub-016/ses-09/eeg/sub-016_ses-09_task-smrbmi_eeg.json,463,False,True
ds004444,1.0.1,sub-016/ses-09/eeg/sub-016_ses-09_task-smrbmi_electrodes.tsv,6162,False,True
ds004444,1.0.1,sub-016/ses-09/eeg/sub-016_ses-09_task-smrbmi_events.tsv,1604,False,True
ds004444,1.0.1,sub-016/ses-08/eeg/sub-016_ses-08_task-smrbmi_channels.tsv,3157,False,True
ds004444,1.0.1,sub-016/ses-08/eeg/sub-016_ses-08_task-smrbmi_eeg.edf,111053536,True,True
ds004444,1.0.1,sub-016/ses-08/eeg/sub-016_ses-08_task-smrbmi_eeg.json,463,False,True
ds004444,1.0.1,sub-016/ses-08/eeg/sub-016_ses-08_task-smrbmi_electrodes.tsv,6171,False,True
ds004444,1.0.1,sub-016/ses-08/eeg/sub-016_ses-08_task-smrbmi_events.tsv,1603,False,True
ds004444,1.0.1,sub-016/ses-07/eeg/sub-016_ses-07_task-smrbmi_channels.tsv,3157,False,True
ds004444,1.0.1,sub-016/ses-07/eeg/sub-016_ses-07_task-smrbmi_eeg.edf,111313536,True,True
ds004444,1.0.1,sub-016/ses-07/eeg/sub-016_ses-07_task-smrbmi_eeg.json,463,False,True
ds004444,1.0.1,sub-016/ses-07/eeg/sub-016_ses-07_task-smrbmi_electrodes.tsv,6164,False,True
ds004444,1.0.1,sub-016/ses-07/eeg/sub-016_ses-07_task-smrbmi_events.tsv,1603,False,True
ds004444,1.0.1,sub-016/ses-06/eeg/sub-016_ses-06_task-smrbmi_channels.tsv,3157,False,True
ds004444,1.0.1,sub-016/ses-06/eeg/sub-016_ses-06_task-smrbmi_eeg.edf,112093536,True,True
ds004444,1.0.1,sub-016/ses-06/eeg/sub-016_ses-06_task-smrbmi_eeg.json,462,False,True
ds004444,1.0.1,sub-016/ses-06/eeg/sub-016_ses-06_task-smrbmi_electrodes.tsv,6176,False,True
ds004444,1.0.1,sub-016/ses-06/eeg/sub-016_ses-06_task-smrbmi_events.tsv,1604,False,True
ds004444,1.0.1,sub-016/ses-05/eeg/sub-016_ses-05_task-smrbmi_channels.tsv,3157,False,True
ds004444,1.0.1,sub-016/ses-05/eeg/sub-016_ses-05_task-smrbmi_eeg.edf,112093536,True,True
ds004444,1.0.1,sub-016/ses-05/eeg/sub-016_ses-05_task-smrbmi_eeg.json,463,False,True
ds004444,1.0.1,sub-016/ses-05/eeg/sub-016_ses-05_task-smrbmi_electrodes.tsv,6167,False,True
ds004444,1.0.1,sub-016/ses-05/eeg/sub-016_ses-05_task-smrbmi_events.tsv,1603,False,True
ds004444,1.0.1,sub-016/ses-04/eeg/sub-016_ses-04_task-smrbmi_channels.tsv,3157,False,True
ds004444,1.0.1,sub-016/ses-04/eeg/sub-016_ses-04_task-smrbmi_eeg.edf,111053536,True,True
ds004444,1.0.1,sub-016/ses-04/eeg/sub-016_ses-04_task-smrbmi_eeg.json,463,False,True
ds004444,1.0.1,sub-016/ses-04/eeg/sub-016_ses-04_task-smrbmi_electrodes.tsv,6165,False,True
ds004444,1.0.1,sub-016/ses-04/eeg/sub-016_ses-04_task-smrbmi_events.tsv,1603,False,True
ds004444,1.0.1,sub-016/ses-03/eeg/sub-016_ses-03_task-smrbmi_channels.tsv,3157,False,True
ds004444,1.0.1,sub-016/ses-03/eeg/sub-016_ses-03_task-smrbmi_eeg.edf,111313536,True,True
ds004444,1.0.1,sub-016/ses-03/eeg/sub-016_ses-03_task-smrbmi_eeg.json,463,False,True
ds004444,1.0.1,sub-016/ses-03/eeg/sub-016_ses-03_task-smrbmi_electrodes.tsv,6162,False,True
ds004444,1.0.1,sub-016/ses-03/eeg/sub-016_ses-03_task-smrbmi_events.tsv,1603,False,True
ds004444,1.0.1,sub-016/ses-02/eeg/sub-016_ses-02_task-smrbmi_channels.tsv,3157,False,True
ds004444,1.0.1,sub-016/ses-02/eeg/sub-016_ses-02_task-smrbmi_eeg.edf,111053536,True,True
ds004444,1.0.1,sub-016/ses-02/eeg/sub-016_ses-02_task-smrbmi_eeg.json,462,False,True
ds004444,1.0.1,sub-016/ses-02/eeg/sub-016_ses-02_task-smrbmi_electrodes.tsv,6166,False,True
ds004444,1.0.1,sub-016/ses-02/eeg/sub-016_ses-02_task-smrbmi_events.tsv,1603,False,True
ds004444,1.0.1,sub-016/ses-01/eeg/sub-016_ses-01_task-smrbmi_channels.tsv,3157,False,True
ds004444,1.0.1,sub-016/ses-01/eeg/sub-016_ses-01_task-smrbmi_eeg.edf,111053536,True,True
ds004444,1.0.1,sub-016/ses-01/eeg/sub-016_ses-01_task-smrbmi_eeg.json,462,False,True
ds004444,1.0.1,sub-016/ses-01/eeg/sub-016_ses-01_task-smrbmi_electrodes.tsv,6169,False,True
ds004444,1.0.1,sub-016/ses-01/eeg/sub-016_ses-01_task-smrbmi_events.tsv,1603,False,True
ds004444,1.0.1,sub-015/ses-16/eeg/sub-015_ses-16_task-smrbmi_channels.tsv,3157,False,True
ds004444,1.0.1,sub-015/ses-16/eeg/sub-015_ses-16_task-smrbmi_eeg.edf,111573536,True,True
ds004444,1.0.1,sub-015/ses-16/eeg/sub-015_ses-16_task-smrbmi_eeg.json,463,False,True
ds004444,1.0.1,sub-015/ses-16/eeg/sub-015_ses-16_task-smrbmi_electrodes.tsv,6167,False,True
ds004444,1.0.1,sub-015/ses-16/eeg/sub-015_ses-16_task-smrbmi_events.tsv,1603,False,True
ds004444,1.0.1,sub-015/ses-15/eeg/sub-015_ses-15_task-smrbmi_channels.tsv,3157,False,True
ds004444,1.0.1,sub-015/ses-15/eeg/sub-015_ses-15_task-smrbmi_eeg.edf,111573536,True,True
ds004444,1.0.1,sub-015/ses-15/eeg/sub-015_ses-15_task-smrbmi_eeg.json,463,False,True
ds004444,1.0.1,sub-015/ses-15/eeg/sub-015_ses-15_task-smrbmi_electrodes.tsv,6169,False,True
ds004444,1.0.1,sub-015/ses-15/eeg/sub-015_ses-15_task-smrbmi_events.tsv,1603,False,True
ds004444,1.0.1,sub-015/ses-14/eeg/sub-015_ses-14_task-smrbmi_channels.tsv,3157,False,True
ds004444,1.0.1,sub-015/ses-14/eeg/sub-015_ses-14_task-smrbmi_eeg.edf,110793536,True,True
ds004444,1.0.1,sub-015/ses-14/eeg/sub-015_ses-14_task-smrbmi_eeg.json,462,False,True
ds004444,1.0.1,sub-015/ses-14/eeg/sub-015_ses-14_task-smrbmi_electrodes.tsv,6165,False,True
ds004444,1.0.1,sub-015/ses-14/eeg/sub-015_ses-14_task-smrbmi_events.tsv,1603,False,True
ds004444,1.0.1,sub-015/ses-13/eeg/sub-015_ses-13_task-smrbmi_channels.tsv,3157,False,True
ds004444,1.0.1,sub-015/ses-13/eeg/sub-015_ses-13_task-smrbmi_eeg.edf,112873536,True,True
ds004444,1.0.1,sub-015/ses-13/eeg/sub-015_ses-13_task-smrbmi_eeg.json,463,False,True
ds004444,1.0.1,sub-015/ses-13/eeg/sub-015_ses-13_task-smrbmi_electrodes.tsv,6165,False,True
ds004444,1.0.1,sub-015/ses-13/eeg/sub-015_ses-13_task-smrbmi_events.tsv,1604,False,True
ds004444,1.0.1,sub-015/ses-12/eeg/sub-015_ses-12_task-smrbmi_channels.tsv,3157,False,True
ds004444,1.0.1,sub-015/ses-12/eeg/sub-015_ses-12_task-smrbmi_eeg.edf,112093536,True,True
ds004444,1.0.1,sub-015/ses-12/eeg/sub-015_ses-12_task-smrbmi_eeg.json,463,False,True
ds004444,1.0.1,sub-015/ses-12/eeg/sub-015_ses-12_task-smrbmi_electrodes.tsv,6168,False,True
ds004444,1.0.1,sub-015/ses-12/eeg/sub-015_ses-12_task-smrbmi_events.tsv,1604,False,True
ds004444,1.0.1,sub-015/ses-11/eeg/sub-015_ses-11_task-smrbmi_channels.tsv,3157,False,True
ds004444,1.0.1,sub-015/ses-11/eeg/sub-015_ses-11_task-smrbmi_eeg.edf,111833536,True,True
ds004444,1.0.1,sub-015/ses-11/eeg/sub-015_ses-11_task-smrbmi_eeg.json,463,False,True
ds004444,1.0.1,sub-015/ses-11/eeg/sub-015_ses-11_task-smrbmi_electrodes.tsv,6169,False,True
ds004444,1.0.1,sub-015/ses-11/eeg/sub-015_ses-11_task-smrbmi_events.tsv,1603,False,True
ds004444,1.0.1,sub-015/ses-10/eeg/sub-015_ses-10_task-smrbmi_channels.tsv,3157,False,True
ds004444,1.0.1,sub-015/ses-10/eeg/sub-015_ses-10_task-smrbmi_eeg.edf,111313536,True,True
ds004444,1.0.1,sub-015/ses-10/eeg/sub-015_ses-10_task-smrbmi_eeg.json,463,False,True
ds004444,1.0.1,sub-015/ses-10/eeg/sub-015_ses-10_task-smrbmi_electrodes.tsv,6166,False,True
ds004444,1.0.1,sub-015/ses-10/eeg/sub-015_ses-10_task-smrbmi_events.tsv,1603,False,True
ds004444,1.0.1,sub-015/ses-09/eeg/sub-015_ses-09_task-smrbmi_channels.tsv,3157,False,True
ds004444,1.0.1,sub-015/ses-09/eeg/sub-015_ses-09_task-smrbmi_eeg.edf,112613536,True,True
ds004444,1.0.1,sub-015/ses-09/eeg/sub-015_ses-09_task-smrbmi_eeg.json,462,False,True
ds004444,1.0.1,sub-015/ses-09/eeg/sub-015_ses-09_task-smrbmi_electrodes.tsv,6171,False,True
ds004444,1.0.1,sub-015/ses-09/eeg/sub-015_ses-09_task-smrbmi_events.tsv,1606,False,True
ds004444,1.0.1,sub-015/ses-08/eeg/sub-015_ses-08_task-smrbmi_channels.tsv,3157,False,True
ds004444,1.0.1,sub-015/ses-08/eeg/sub-015_ses-08_task-smrbmi_eeg.edf,110533536,True,True
ds004444,1.0.1,sub-015/ses-08/eeg/sub-015_ses-08_task-smrbmi_eeg.json,462,False,True
ds004444,1.0.1,sub-015/ses-08/eeg/sub-015_ses-08_task-smrbmi_electrodes.tsv,6174,False,True
ds004444,1.0.1,sub-015/ses-08/eeg/sub-015_ses-08_task-smrbmi_events.tsv,1603,False,True
ds004444,1.0.1,sub-015/ses-07/eeg/sub-015_ses-07_task-smrbmi_channels.tsv,3157,False,True
ds004444,1.0.1,sub-015/ses-07/eeg/sub-015_ses-07_task-smrbmi_eeg.edf,112093536,True,True
ds004444,1.0.1,sub-015/ses-07/eeg/sub-015_ses-07_task-smrbmi_eeg.json,462,False,True
ds004444,1.0.1,sub-015/ses-07/eeg/sub-015_ses-07_task-smrbmi_electrodes.tsv,6163,False,True
ds004444,1.0.1,sub-015/ses-07/eeg/sub-015_ses-07_task-smrbmi_events.tsv,1603,False,True
ds004444,1.0.1,sub-015/ses-06/eeg/sub-015_ses-06_task-smrbmi_channels.tsv,3157,False,True
ds004444,1.0.1,sub-015/ses-06/eeg/sub-015_ses-06_task-smrbmi_eeg.edf,111053536,True,True
ds004444,1.0.1,sub-015/ses-06/eeg/sub-015_ses-06_task-smrbmi_eeg.json,463,False,True
ds004444,1.0.1,sub-015/ses-06/eeg/sub-015_ses-06_task-smrbmi_electrodes.tsv,6169,False,True
ds004444,1.0.1,sub-015/ses-06/eeg/sub-015_ses-06_task-smrbmi_events.tsv,1603,False,True
ds004444,1.0.1,sub-015/ses-05/eeg/sub-015_ses-05_task-smrbmi_channels.tsv,3157,False,True
ds004444,1.0.1,sub-015/ses-05/eeg/sub-015_ses-05_task-smrbmi_eeg.edf,111313536,True,True
ds004444,1.0.1,sub-015/ses-05/eeg/sub-015_ses-05_task-smrbmi_eeg.json,463,False,True
ds004444,1.0.1,sub-015/ses-05/eeg/sub-015_ses-05_task-smrbmi_electrodes.tsv,6168,False,True
ds004444,1.0.1,sub-015/ses-05/eeg/sub-015_ses-05_task-smrbmi_events.tsv,1603,False,True
ds004444,1.0.1,sub-015/ses-04/eeg/sub-015_ses-04_task-smrbmi_channels.tsv,3157,False,True
ds004444,1.0.1,sub-015/ses-04/eeg/sub-015_ses-04_task-smrbmi_eeg.edf,111053536,True,True
ds004444,1.0.1,sub-015/ses-04/eeg/sub-015_ses-04_task-smrbmi_eeg.json,463,False,True
ds004444,1.0.1,sub-015/ses-04/eeg/sub-015_ses-04_task-smrbmi_electrodes.tsv,6169,False,True
ds004444,1.0.1,sub-015/ses-04/eeg/sub-015_ses-04_task-smrbmi_events.tsv,1603,False,True
ds004444,1.0.1,sub-015/ses-03/eeg/sub-015_ses-03_task-smrbmi_channels.tsv,3157,False,True
ds004444,1.0.1,sub-015/ses-03/eeg/sub-015_ses-03_task-smrbmi_eeg.edf,110793536,True,True
ds004444,1.0.1,sub-015/ses-03/eeg/sub-015_ses-03_task-smrbmi_eeg.json,463,False,True
ds004444,1.0.1,sub-015/ses-03/eeg/sub-015_ses-03_task-smrbmi_electrodes.tsv,6165,False,True
ds004444,1.0.1,sub-015/ses-03/eeg/sub-015_ses-03_task-smrbmi_events.tsv,1603,False,True
ds004444,1.0.1,sub-015/ses-02/eeg/sub-015_ses-02_task-smrbmi_channels.tsv,3157,False,True
ds004444,1.0.1,sub-015/ses-02/eeg/sub-015_ses-02_task-smrbmi_eeg.edf,111313536,True,True
ds004444,1.0.1,sub-015/ses-02/eeg/sub-015_ses-02_task-smrbmi_eeg.json,463,False,True
ds004444,1.0.1,sub-015/ses-02/eeg/sub-015_ses-02_task-smrbmi_electrodes.tsv,6161,False,True
ds004444,1.0.1,sub-015/ses-02/eeg/sub-015_ses-02_task-smrbmi_events.tsv,1603,False,True
ds004444,1.0.1,sub-015/ses-01/eeg/sub-015_ses-01_task-smrbmi_channels.tsv,3157,False,True
ds004444,1.0.1,sub-015/ses-01/eeg/sub-015_ses-01_task-smrbmi_eeg.edf,110793536,True,True
ds004444,1.0.1,sub-015/ses-01/eeg/sub-015_ses-01_task-smrbmi_eeg.json,463,False,True
ds004444,1.0.1,sub-015/ses-01/eeg/sub-015_ses-01_task-smrbmi_electrodes.tsv,6162,False,True
ds004444,1.0.1,sub-015/ses-01/eeg/sub-015_ses-01_task-smrbmi_events.tsv,1603,False,True
ds004444,1.0.1,sub-014/ses-16/eeg/sub-014_ses-16_task-smrbmi_channels.tsv,3157,False,True
ds004444,1.0.1,sub-014/ses-16/eeg/sub-014_ses-16_task-smrbmi_eeg.edf,110793536,True,True
ds004444,1.0.1,sub-014/ses-16/eeg/sub-014_ses-16_task-smrbmi_eeg.json,463,False,True
ds004444,1.0.1,sub-014/ses-16/eeg/sub-014_ses-16_task-smrbmi_electrodes.tsv,6168,False,True
ds004444,1.0.1,sub-014/ses-16/eeg/sub-014_ses-16_task-smrbmi_events.tsv,1587,False,True
ds004444,1.0.1,sub-014/ses-15/eeg/sub-014_ses-15_task-smrbmi_channels.tsv,3157,False,True
ds004444,1.0.1,sub-014/ses-15/eeg/sub-014_ses-15_task-smrbmi_eeg.edf,111573536,True,True
ds004444,1.0.1,sub-014/ses-15/eeg/sub-014_ses-15_task-smrbmi_eeg.json,463,False,True
ds004444,1.0.1,sub-014/ses-15/eeg/sub-014_ses-15_task-smrbmi_electrodes.tsv,6168,False,True
ds004444,1.0.1,sub-014/ses-15/eeg/sub-014_ses-15_task-smrbmi_events.tsv,1603,False,True
ds004444,1.0.1,sub-014/ses-14/eeg/sub-014_ses-14_task-smrbmi_channels.tsv,3157,False,True
ds004444,1.0.1,sub-014/ses-14/eeg/sub-014_ses-14_task-smrbmi_eeg.edf,111313536,True,True
ds004444,1.0.1,sub-014/ses-14/eeg/sub-014_ses-14_task-smrbmi_eeg.json,463,False,True
ds004444,1.0.1,sub-014/ses-14/eeg/sub-014_ses-14_task-smrbmi_electrodes.tsv,6174,False,True
ds004444,1.0.1,sub-014/ses-14/eeg/sub-014_ses-14_task-smrbmi_events.tsv,1603,False,True
ds004444,1.0.1,sub-014/ses-13/eeg/sub-014_ses-13_task-smrbmi_channels.tsv,3157,False,True
ds004444,1.0.1,sub-014/ses-13/eeg/sub-014_ses-13_task-smrbmi_eeg.edf,111053536,True,True
ds004444,1.0.1,sub-014/ses-13/eeg/sub-014_ses-13_task-smrbmi_eeg.json,463,False,True
ds004444,1.0.1,sub-014/ses-13/eeg/sub-014_ses-13_task-smrbmi_electrodes.tsv,6170,False,True
ds004444,1.0.1,sub-014/ses-13/eeg/sub-014_ses-13_task-smrbmi_events.tsv,1603,False,True
ds004444,1.0.1,sub-014/ses-12/eeg/sub-014_ses-12_task-smrbmi_channels.tsv,3157,False,True
ds004444,1.0.1,sub-014/ses-12/eeg/sub-014_ses-12_task-smrbmi_eeg.edf,112353536,True,True
ds004444,1.0.1,sub-014/ses-12/eeg/sub-014_ses-12_task-smrbmi_eeg.json,463,False,True
ds004444,1.0.1,sub-014/ses-12/eeg/sub-014_ses-12_task-smrbmi_electrodes.tsv,6163,False,True
ds004444,1.0.1,sub-014/ses-12/eeg/sub-014_ses-12_task-smrbmi_events.tsv,1605,False,True
ds004444,1.0.1,sub-014/ses-11/eeg/sub-014_ses-11_task-smrbmi_channels.tsv,3157,False,True
ds004444,1.0.1,sub-014/ses-11/eeg/sub-014_ses-11_task-smrbmi_eeg.edf,111573536,True,True
ds004444,1.0.1,sub-014/ses-11/eeg/sub-014_ses-11_task-smrbmi_eeg.json,462,False,True
ds004444,1.0.1,sub-014/ses-11/eeg/sub-014_ses-11_task-smrbmi_electrodes.tsv,6160,False,True
ds004444,1.0.1,sub-014/ses-11/eeg/sub-014_ses-11_task-smrbmi_events.tsv,1603,False,True
ds004444,1.0.1,sub-014/ses-10/eeg/sub-014_ses-10_task-smrbmi_channels.tsv,3157,False,True
ds004444,1.0.1,sub-014/ses-10/eeg/sub-014_ses-10_task-smrbmi_eeg.edf,111573536,True,True
ds004444,1.0.1,sub-014/ses-10/eeg/sub-014_ses-10_task-smrbmi_eeg.json,463,False,True
ds004444,1.0.1,sub-014/ses-10/eeg/sub-014_ses-10_task-smrbmi_electrodes.tsv,6160,False,True
ds004444,1.0.1,sub-014/ses-10/eeg/sub-014_ses-10_task-smrbmi_events.tsv,1603,False,True
ds004444,1.0.1,sub-014/ses-09/eeg/sub-014_ses-09_task-smrbmi_channels.tsv,3157,False,True
ds004444,1.0.1,sub-014/ses-09/eeg/sub-014_ses-09_task-smrbmi_eeg.edf,114693536,True,True
ds004444,1.0.1,sub-014/ses-09/eeg/sub-014_ses-09_task-smrbmi_eeg.json,463,False,True
ds004444,1.0.1,sub-014/ses-09/eeg/sub-014_ses-09_task-smrbmi_electrodes.tsv,6166,False,True
ds004444,1.0.1,sub-014/ses-09/eeg/sub-014_ses-09_task-smrbmi_events.tsv,1607,False,True
ds004444,1.0.1,sub-014/ses-08/eeg/sub-014_ses-08_task-smrbmi_channels.tsv,3157,False,True
ds004444,1.0.1,sub-014/ses-08/eeg/sub-014_ses-08_task-smrbmi_eeg.edf,110533536,True,True
ds004444,1.0.1,sub-014/ses-08/eeg/sub-014_ses-08_task-smrbmi_eeg.json,463,False,True
ds004444,1.0.1,sub-014/ses-08/eeg/sub-014_ses-08_task-smrbmi_electrodes.tsv,6165,False,True
ds004444,1.0.1,sub-014/ses-08/eeg/sub-014_ses-08_task-smrbmi_events.tsv,1603,False,True
ds004444,1.0.1,sub-014/ses-07/eeg/sub-014_ses-07_task-smrbmi_channels.tsv,3157,False,True
ds004444,1.0.1,sub-014/ses-07/eeg/sub-014_ses-07_task-smrbmi_eeg.edf,111833536,True,True
ds004444,1.0.1,sub-014/ses-07/eeg/sub-014_ses-07_task-smrbmi_eeg.json,462,False,True
ds004444,1.0.1,sub-014/ses-07/eeg/sub-014_ses-07_task-smrbmi_electrodes.tsv,6167,False,True
ds004444,1.0.1,sub-014/ses-07/eeg/sub-014_ses-07_task-smrbmi_events.tsv,1603,False,True
ds004444,1.0.1,sub-014/ses-06/eeg/sub-014_ses-06_task-smrbmi_channels.tsv,3157,False,True
ds004444,1.0.1,sub-014/ses-06/eeg/sub-014_ses-06_task-smrbmi_eeg.edf,111833536,True,True
ds004444,1.0.1,sub-014/ses-06/eeg/sub-014_ses-06_task-smrbmi_eeg.json,463,False,True
ds004444,1.0.1,sub-014/ses-06/eeg/sub-014_ses-06_task-smrbmi_electrodes.tsv,6166,False,True
ds004444,1.0.1,sub-014/ses-06/eeg/sub-014_ses-06_task-smrbmi_events.tsv,1603,False,True
ds004444,1.0.1,sub-014/ses-05/eeg/sub-014_ses-05_task-smrbmi_channels.tsv,3157,False,True
ds004444,1.0.1,sub-014/ses-05/eeg/sub-014_ses-05_task-smrbmi_eeg.edf,113133536,True,True
ds004444,1.0.1,sub-014/ses-05/eeg/sub-014_ses-05_task-smrbmi_eeg.json,462,False,True
ds004444,1.0.1,sub-014/ses-05/eeg/sub-014_ses-05_task-smrbmi_electrodes.tsv,6165,False,True
ds004444,1.0.1,sub-014/ses-05/eeg/sub-014_ses-05_task-smrbmi_events.tsv,1604,False,True
ds004444,1.0.1,sub-014/ses-04/eeg/sub-014_ses-04_task-smrbmi_channels.tsv,3157,False,True
ds004444,1.0.1,sub-014/ses-04/eeg/sub-014_ses-04_task-smrbmi_eeg.edf,111573536,True,True
ds004444,1.0.1,sub-014/ses-04/eeg/sub-014_ses-04_task-smrbmi_eeg.json,463,False,True
ds004444,1.0.1,sub-014/ses-04/eeg/sub-014_ses-04_task-smrbmi_electrodes.tsv,6164,False,True
ds004444,1.0.1,sub-014/ses-04/eeg/sub-014_ses-04_task-smrbmi_events.tsv,1603,False,True
ds004444,1.0.1,sub-014/ses-03/eeg/sub-014_ses-03_task-smrbmi_channels.tsv,3157,False,True
ds004444,1.0.1,sub-014/ses-03/eeg/sub-014_ses-03_task-smrbmi_eeg.edf,112093536,True,True
ds004444,1.0.1,sub-014/ses-03/eeg/sub-014_ses-03_task-smrbmi_eeg.json,463,False,True
ds004444,1.0.1,sub-014/ses-03/eeg/sub-014_ses-03_task-smrbmi_electrodes.tsv,6170,False,True
ds004444,1.0.1,sub-014/ses-03/eeg/sub-014_ses-03_task-smrbmi_events.tsv,1603,False,True
ds004444,1.0.1,sub-014/ses-02/eeg/sub-014_ses-02_task-smrbmi_channels.tsv,3157,False,True
ds004444,1.0.1,sub-014/ses-02/eeg/sub-014_ses-02_task-smrbmi_eeg.edf,116253536,True,True
ds004444,1.0.1,sub-014/ses-02/eeg/sub-014_ses-02_task-smrbmi_eeg.json,463,False,True
ds004444,1.0.1,sub-014/ses-02/eeg/sub-014_ses-02_task-smrbmi_electrodes.tsv,6161,False,True
ds004444,1.0.1,sub-014/ses-02/eeg/sub-014_ses-02_task-smrbmi_events.tsv,1607,False,True
ds004444,1.0.1,sub-014/ses-01/eeg/sub-014_ses-01_task-smrbmi_channels.tsv,3157,False,True
ds004444,1.0.1,sub-014/ses-01/eeg/sub-014_ses-01_task-smrbmi_eeg.edf,112353536,True,True
ds004444,1.0.1,sub-014/ses-01/eeg/sub-014_ses-01_task-smrbmi_eeg.json,462,False,True
ds004444,1.0.1,sub-014/ses-01/eeg/sub-014_ses-01_task-smrbmi_electrodes.tsv,6167,False,True
ds004444,1.0.1,sub-014/ses-01/eeg/sub-014_ses-01_task-smrbmi_events.tsv,1603,False,True
ds004444,1.0.1,sub-013/ses-16/eeg/sub-013_ses-16_task-smrbmi_channels.tsv,3157,False,True
ds004444,1.0.1,sub-013/ses-16/eeg/sub-013_ses-16_task-smrbmi_eeg.edf,110793536,True,True
ds004444,1.0.1,sub-013/ses-16/eeg/sub-013_ses-16_task-smrbmi_eeg.json,463,False,True
ds004444,1.0.1,sub-013/ses-16/eeg/sub-013_ses-16_task-smrbmi_electrodes.tsv,6161,False,True
ds004444,1.0.1,sub-013/ses-16/eeg/sub-013_ses-16_task-smrbmi_events.tsv,1603,False,True
ds004444,1.0.1,sub-013/ses-15/eeg/sub-013_ses-15_task-smrbmi_channels.tsv,3157,False,True
ds004444,1.0.1,sub-013/ses-15/eeg/sub-013_ses-15_task-smrbmi_eeg.edf,111573536,True,True
ds004444,1.0.1,sub-013/ses-15/eeg/sub-013_ses-15_task-smrbmi_eeg.json,463,False,True
ds004444,1.0.1,sub-013/ses-15/eeg/sub-013_ses-15_task-smrbmi_electrodes.tsv,6172,False,True
ds004444,1.0.1,sub-013/ses-15/eeg/sub-013_ses-15_task-smrbmi_events.tsv,1603,False,True
ds004444,1.0.1,sub-013/ses-14/eeg/sub-013_ses-14_task-smrbmi_channels.tsv,3157,False,True
ds004444,1.0.1,sub-013/ses-14/eeg/sub-013_ses-14_task-smrbmi_eeg.edf,111053536,True,True
ds004444,1.0.1,sub-013/ses-14/eeg/sub-013_ses-14_task-smrbmi_eeg.json,463,False,True
ds004444,1.0.1,sub-013/ses-14/eeg/sub-013_ses-14_task-smrbmi_electrodes.tsv,6166,False,True
ds004444,1.0.1,sub-013/ses-14/eeg/sub-013_ses-14_task-smrbmi_events.tsv,1603,False,True
ds004444,1.0.1,sub-013/ses-13/eeg/sub-013_ses-13_task-smrbmi_channels.tsv,3157,False,True
ds004444,1.0.1,sub-013/ses-13/eeg/sub-013_ses-13_task-smrbmi_eeg.edf,111833536,True,True
ds004444,1.0.1,sub-013/ses-13/eeg/sub-013_ses-13_task-smrbmi_eeg.json,463,False,True
ds004444,1.0.1,sub-013/ses-13/eeg/sub-013_ses-13_task-smrbmi_electrodes.tsv,6166,False,True
ds004444,1.0.1,sub-013/ses-13/eeg/sub-013_ses-13_task-smrbmi_events.tsv,1603,False,True
ds004444,1.0.1,sub-013/ses-12/eeg/sub-013_ses-12_task-smrbmi_channels.tsv,3157,False,True
ds004444,1.0.1,sub-013/ses-12/eeg/sub-013_ses-12_task-smrbmi_eeg.edf,111573536,True,True
ds004444,1.0.1,sub-013/ses-12/eeg/sub-013_ses-12_task-smrbmi_eeg.json,463,False,True
ds004444,1.0.1,sub-013/ses-12/eeg/sub-013_ses-12_task-smrbmi_electrodes.tsv,6166,False,True
ds004444,1.0.1,sub-013/ses-12/eeg/sub-013_ses-12_task-smrbmi_events.tsv,1603,False,True
ds004444,1.0.1,sub-013/ses-11/eeg/sub-013_ses-11_task-smrbmi_channels.tsv,3157,False,True
ds004444,1.0.1,sub-013/ses-11/eeg/sub-013_ses-11_task-smrbmi_eeg.edf,111053536,True,True
ds004444,1.0.1,sub-013/ses-11/eeg/sub-013_ses-11_task-smrbmi_eeg.json,463,False,True
ds004444,1.0.1,sub-013/ses-11/eeg/sub-013_ses-11_task-smrbmi_electrodes.tsv,6169,False,True
ds004444,1.0.1,sub-013/ses-11/eeg/sub-013_ses-11_task-smrbmi_events.tsv,1603,False,True
ds004444,1.0.1,sub-013/ses-10/eeg/sub-013_ses-10_task-smrbmi_channels.tsv,3157,False,True
ds004444,1.0.1,sub-013/ses-10/eeg/sub-013_ses-10_task-smrbmi_eeg.edf,111833536,True,True
ds004444,1.0.1,sub-013/ses-10/eeg/sub-013_ses-10_task-smrbmi_eeg.json,463,False,True
ds004444,1.0.1,sub-013/ses-10/eeg/sub-013_ses-10_task-smrbmi_electrodes.tsv,6163,False,True
ds004444,1.0.1,sub-013/ses-10/eeg/sub-013_ses-10_task-smrbmi_events.tsv,1603,False,True
ds004444,1.0.1,sub-013/ses-09/eeg/sub-013_ses-09_task-smrbmi_channels.tsv,3157,False,True
ds004444,1.0.1,sub-013/ses-09/eeg/sub-013_ses-09_task-smrbmi_eeg.edf,115733536,True,True
ds004444,1.0.1,sub-013/ses-09/eeg/sub-013_ses-09_task-smrbmi_eeg.json,463,False,True
ds004444,1.0.1,sub-013/ses-09/eeg/sub-013_ses-09_task-smrbmi_electrodes.tsv,6170,False,True
ds004444,1.0.1,sub-013/ses-09/eeg/sub-013_ses-09_task-smrbmi_events.tsv,1607,False,True
ds004444,1.0.1,sub-013/ses-08/eeg/sub-013_ses-08_task-smrbmi_channels.tsv,3157,False,True
ds004444,1.0.1,sub-013/ses-08/eeg/sub-013_ses-08_task-smrbmi_eeg.edf,110793536,True,True
ds004444,1.0.1,sub-013/ses-08/eeg/sub-013_ses-08_task-smrbmi_eeg.json,463,False,True
ds004444,1.0.1,sub-013/ses-08/eeg/sub-013_ses-08_task-smrbmi_electrodes.tsv,6164,False,True
ds004444,1.0.1,sub-013/ses-08/eeg/sub-013_ses-08_task-smrbmi_events.tsv,1603,False,True
ds004444,1.0.1,sub-013/ses-07/eeg/sub-013_ses-07_task-smrbmi_channels.tsv,3157,False,True
ds004444,1.0.1,sub-013/ses-07/eeg/sub-013_ses-07_task-smrbmi_eeg.edf,111573536,True,True
ds004444,1.0.1,sub-013/ses-07/eeg/sub-013_ses-07_task-smrbmi_eeg.json,463,False,True
ds004444,1.0.1,sub-013/ses-07/eeg/sub-013_ses-07_task-smrbmi_electrodes.tsv,6165,False,True
ds004444,1.0.1,sub-013/ses-07/eeg/sub-013_ses-07_task-smrbmi_events.tsv,1603,False,True
ds004444,1.0.1,sub-013/ses-06/eeg/sub-013_ses-06_task-smrbmi_channels.tsv,3157,False,True
ds004444,1.0.1,sub-013/ses-06/eeg/sub-013_ses-06_task-smrbmi_eeg.edf,111313536,True,True
ds004444,1.0.1,sub-013/ses-06/eeg/sub-013_ses-06_task-smrbmi_eeg.json,462,False,True
ds004444,1.0.1,sub-013/ses-06/eeg/sub-013_ses-06_task-smrbmi_electrodes.tsv,6167,False,True
ds004444,1.0.1,sub-013/ses-06/eeg/sub-013_ses-06_task-smrbmi_events.tsv,1603,False,True
ds004444,1.0.1,sub-013/ses-05/eeg/sub-013_ses-05_task-smrbmi_channels.tsv,3157,False,True
ds004444,1.0.1,sub-013/ses-05/eeg/sub-013_ses-05_task-smrbmi_eeg.edf,114173536,True,True
ds004444,1.0.1,sub-013/ses-05/eeg/sub-013_ses-05_task-smrbmi_eeg.json,463,False,True
ds004444,1.0.1,sub-013/ses-05/eeg/sub-013_ses-05_task-smrbmi_electrodes.tsv,6164,False,True
ds004444,1.0.1,sub-013/ses-05/eeg/sub-013_ses-05_task-smrbmi_events.tsv,1603,False,True
ds004444,1.0.1,sub-013/ses-04/eeg/sub-013_ses-04_task-smrbmi_channels.tsv,3157,False,True
ds004444,1.0.1,sub-013/ses-04/eeg/sub-013_ses-04_task-smrbmi_eeg.edf,112093536,True,True
ds004444,1.0.1,sub-013/ses-04/eeg/sub-013_ses-04_task-smrbmi_eeg.json,463,False,True
ds004444,1.0.1,sub-013/ses-04/eeg/sub-013_ses-04_task-smrbmi_electrodes.tsv,6166,False,True
ds004444,1.0.1,sub-013/ses-04/eeg/sub-013_ses-04_task-smrbmi_events.tsv,1603,False,True
ds004444,1.0.1,sub-013/ses-03/eeg/sub-013_ses-03_task-smrbmi_channels.tsv,3157,False,True
ds004444,1.0.1,sub-013/ses-03/eeg/sub-013_ses-03_task-smrbmi_eeg.edf,112353536,True,True
ds004444,1.0.1,sub-013/ses-03/eeg/sub-013_ses-03_task-smrbmi_eeg.json,463,False,True
ds004444,1.0.1,sub-013/ses-03/eeg/sub-013_ses-03_task-smrbmi_electrodes.tsv,6167,False,True
ds004444,1.0.1,sub-013/ses-03/eeg/sub-013_ses-03_task-smrbmi_events.tsv,1603,False,True
ds004444,1.0.1,sub-013/ses-02/eeg/sub-013_ses-02_task-smrbmi_channels.tsv,3157,False,True
ds004444,1.0.1,sub-013/ses-02/eeg/sub-013_ses-02_task-smrbmi_eeg.edf,111573536,True,True
ds004444,1.0.1,sub-013/ses-02/eeg/sub-013_ses-02_task-smrbmi_eeg.json,463,False,True
ds004444,1.0.1,sub-013/ses-02/eeg/sub-013_ses-02_task-smrbmi_electrodes.tsv,6163,False,True
ds004444,1.0.1,sub-013/ses-02/eeg/sub-013_ses-02_task-smrbmi_events.tsv,1603,False,True
ds004444,1.0.1,sub-013/ses-01/eeg/sub-013_ses-01_task-smrbmi_channels.tsv,3157,False,True
ds004444,1.0.1,sub-013/ses-01/eeg/sub-013_ses-01_task-smrbmi_eeg.edf,114173536,True,True
ds004444,1.0.1,sub-013/ses-01/eeg/sub-013_ses-01_task-smrbmi_eeg.json,463,False,True
ds004444,1.0.1,sub-013/ses-01/eeg/sub-013_ses-01_task-smrbmi_electrodes.tsv,6168,False,True
ds004444,1.0.1,sub-013/ses-01/eeg/sub-013_ses-01_task-smrbmi_events.tsv,1607,False,True
ds004444,1.0.1,sub-012/ses-16/eeg/sub-012_ses-16_task-smrbmi_channels.tsv,3157,False,True
ds004444,1.0.1,sub-012/ses-16/eeg/sub-012_ses-16_task-smrbmi_eeg.edf,111573536,True,True
ds004444,1.0.1,sub-012/ses-16/eeg/sub-012_ses-16_task-smrbmi_eeg.json,463,False,True
ds004444,1.0.1,sub-012/ses-16/eeg/sub-012_ses-16_task-smrbmi_electrodes.tsv,6166,False,True
ds004444,1.0.1,sub-012/ses-16/eeg/sub-012_ses-16_task-smrbmi_events.tsv,1603,False,True
ds004444,1.0.1,sub-012/ses-15/eeg/sub-012_ses-15_task-smrbmi_channels.tsv,3157,False,True
ds004444,1.0.1,sub-012/ses-15/eeg/sub-012_ses-15_task-smrbmi_eeg.edf,113393536,True,True
ds004444,1.0.1,sub-012/ses-15/eeg/sub-012_ses-15_task-smrbmi_eeg.json,462,False,True
ds004444,1.0.1,sub-012/ses-15/eeg/sub-012_ses-15_task-smrbmi_electrodes.tsv,6166,False,True
ds004444,1.0.1,sub-012/ses-15/eeg/sub-012_ses-15_task-smrbmi_events.tsv,1606,False,True
ds004444,1.0.1,sub-012/ses-14/eeg/sub-012_ses-14_task-smrbmi_channels.tsv,3157,False,True
ds004444,1.0.1,sub-012/ses-14/eeg/sub-012_ses-14_task-smrbmi_eeg.edf,111573536,True,True
ds004444,1.0.1,sub-012/ses-14/eeg/sub-012_ses-14_task-smrbmi_eeg.json,462,False,True
ds004444,1.0.1,sub-012/ses-14/eeg/sub-012_ses-14_task-smrbmi_electrodes.tsv,6166,False,True
ds004444,1.0.1,sub-012/ses-14/eeg/sub-012_ses-14_task-smrbmi_events.tsv,1603,False,True
ds004444,1.0.1,sub-012/ses-13/eeg/sub-012_ses-13_task-smrbmi_channels.tsv,3157,False,True
ds004444,1.0.1,sub-012/ses-13/eeg/sub-012_ses-13_task-smrbmi_eeg.edf,112873536,True,True
ds004444,1.0.1,sub-012/ses-13/eeg/sub-012_ses-13_task-smrbmi_eeg.json,463,False,True
ds004444,1.0.1,sub-012/ses-13/eeg/sub-012_ses-13_task-smrbmi_electrodes.tsv,6168,False,True
ds004444,1.0.1,sub-012/ses-13/eeg/sub-012_ses-13_task-smrbmi_events.tsv,1606,False,True
ds004444,1.0.1,sub-012/ses-12/eeg/sub-012_ses-12_task-smrbmi_channels.tsv,3157,False,True
ds004444,1.0.1,sub-012/ses-12/eeg/sub-012_ses-12_task-smrbmi_eeg.edf,111053536,True,True
ds004444,1.0.1,sub-012/ses-12/eeg/sub-012_ses-12_task-smrbmi_eeg.json,463,False,True
ds004444,1.0.1,sub-012/ses-12/eeg/sub-012_ses-12_task-smrbmi_electrodes.tsv,6162,False,True
ds004444,1.0.1,sub-012/ses-12/eeg/sub-012_ses-12_task-smrbmi_events.tsv,1603,False,True
ds004444,1.0.1,sub-012/ses-11/eeg/sub-012_ses-11_task-smrbmi_channels.tsv,3157,False,True
ds004444,1.0.1,sub-012/ses-11/eeg/sub-012_ses-11_task-smrbmi_eeg.edf,115733536,True,True
ds004444,1.0.1,sub-012/ses-11/eeg/sub-012_ses-11_task-smrbmi_eeg.json,462,False,True
ds004444,1.0.1,sub-012/ses-11/eeg/sub-012_ses-11_task-smrbmi_electrodes.tsv,6173,False,True
ds004444,1.0.1,sub-012/ses-11/eeg/sub-012_ses-11_task-smrbmi_events.tsv,1607,False,True
ds004444,1.0.1,sub-012/ses-10/eeg/sub-012_ses-10_task-smrbmi_channels.tsv,3157,False,True
ds004444,1.0.1,sub-012/ses-10/eeg/sub-012_ses-10_task-smrbmi_eeg.edf,111833536,True,True
ds004444,1.0.1,sub-012/ses-10/eeg/sub-012_ses-10_task-smrbmi_eeg.json,463,False,True
ds004444,1.0.1,sub-012/ses-10/eeg/sub-012_ses-10_task-smrbmi_electrodes.tsv,6168,False,True
ds004444,1.0.1,sub-012/ses-10/eeg/sub-012_ses-10_task-smrbmi_events.tsv,1604,False,True
ds004444,1.0.1,sub-012/ses-09/eeg/sub-012_ses-09_task-smrbmi_channels.tsv,3157,False,True
ds004444,1.0.1,sub-012/ses-09/eeg/sub-012_ses-09_task-smrbmi_eeg.edf,111053536,True,True
ds004444,1.0.1,sub-012/ses-09/eeg/sub-012_ses-09_task-smrbmi_eeg.json,463,False,True
ds004444,1.0.1,sub-012/ses-09/eeg/sub-012_ses-09_task-smrbmi_electrodes.tsv,6163,False,True
ds004444,1.0.1,sub-012/ses-09/eeg/sub-012_ses-09_task-smrbmi_events.tsv,1603,False,True
ds004444,1.0.1,sub-012/ses-08/eeg/sub-012_ses-08_task-smrbmi_channels.tsv,3157,False,True
ds004444,1.0.1,sub-012/ses-08/eeg/sub-012_ses-08_task-smrbmi_eeg.edf,110533536,True,True
ds004444,1.0.1,sub-012/ses-08/eeg/sub-012_ses-08_task-smrbmi_eeg.json,462,False,True
ds004444,1.0.1,sub-012/ses-08/eeg/sub-012_ses-08_task-smrbmi_electrodes.tsv,6164,False,True
ds004444,1.0.1,sub-012/ses-08/eeg/sub-012_ses-08_task-smrbmi_events.tsv,1603,False,True
ds004444,1.0.1,sub-012/ses-07/eeg/sub-012_ses-07_task-smrbmi_channels.tsv,3157,False,True
ds004444,1.0.1,sub-012/ses-07/eeg/sub-012_ses-07_task-smrbmi_eeg.edf,110793536,True,True
ds004444,1.0.1,sub-012/ses-07/eeg/sub-012_ses-07_task-smrbmi_eeg.json,463,False,True
ds004444,1.0.1,sub-012/ses-07/eeg/sub-012_ses-07_task-smrbmi_electrodes.tsv,6161,False,True
ds004444,1.0.1,sub-012/ses-07/eeg/sub-012_ses-07_task-smrbmi_events.tsv,1603,False,True
ds004444,1.0.1,sub-012/ses-06/eeg/sub-012_ses-06_task-smrbmi_channels.tsv,3157,False,True
ds004444,1.0.1,sub-012/ses-06/eeg/sub-012_ses-06_task-smrbmi_eeg.edf,111053536,True,True
ds004444,1.0.1,sub-012/ses-06/eeg/sub-012_ses-06_task-smrbmi_eeg.json,463,False,True
ds004444,1.0.1,sub-012/ses-06/eeg/sub-012_ses-06_task-smrbmi_electrodes.tsv,6174,False,True
ds004444,1.0.1,sub-012/ses-06/eeg/sub-012_ses-06_task-smrbmi_events.tsv,1603,False,True
ds004444,1.0.1,sub-012/ses-05/eeg/sub-012_ses-05_task-smrbmi_channels.tsv,3157,False,True
ds004444,1.0.1,sub-012/ses-05/eeg/sub-012_ses-05_task-smrbmi_eeg.edf,111053536,True,True
ds004444,1.0.1,sub-012/ses-05/eeg/sub-012_ses-05_task-smrbmi_eeg.json,463,False,True
ds004444,1.0.1,sub-012/ses-05/eeg/sub-012_ses-05_task-smrbmi_electrodes.tsv,6163,False,True
ds004444,1.0.1,sub-012/ses-05/eeg/sub-012_ses-05_task-smrbmi_events.tsv,1603,False,True
ds004444,1.0.1,sub-012/ses-04/eeg/sub-012_ses-04_task-smrbmi_channels.tsv,3157,False,True
ds004444,1.0.1,sub-012/ses-04/eeg/sub-012_ses-04_task-smrbmi_eeg.edf,111053536,True,True
ds004444,1.0.1,sub-012/ses-04/eeg/sub-012_ses-04_task-smrbmi_eeg.json,462,False,True
ds004444,1.0.1,sub-012/ses-04/eeg/sub-012_ses-04_task-smrbmi_electrodes.tsv,6168,False,True
ds004444,1.0.1,sub-012/ses-04/eeg/sub-012_ses-04_task-smrbmi_events.tsv,1603,False,True
ds004444,1.0.1,sub-012/ses-03/eeg/sub-012_ses-03_task-smrbmi_channels.tsv,3157,False,True
ds004444,1.0.1,sub-012/ses-03/eeg/sub-012_ses-03_task-smrbmi_eeg.edf,111833536,True,True
ds004444,1.0.1,sub-012/ses-03/eeg/sub-012_ses-03_task-smrbmi_eeg.json,463,False,True
ds004444,1.0.1,sub-012/ses-03/eeg/sub-012_ses-03_task-smrbmi_electrodes.tsv,6166,False,True
ds004444,1.0.1,sub-012/ses-03/eeg/sub-012_ses-03_task-smrbmi_events.tsv,1603,False,True
ds004444,1.0.1,sub-012/ses-02/eeg/sub-012_ses-02_task-smrbmi_channels.tsv,3157,False,True
ds004444,1.0.1,sub-012/ses-02/eeg/sub-012_ses-02_task-smrbmi_eeg.edf,110793536,True,True
ds004444,1.0.1,sub-012/ses-02/eeg/sub-012_ses-02_task-smrbmi_eeg.json,463,False,True
ds004444,1.0.1,sub-012/ses-02/eeg/sub-012_ses-02_task-smrbmi_electrodes.tsv,6169,False,True
ds004444,1.0.1,sub-012/ses-02/eeg/sub-012_ses-02_task-smrbmi_events.tsv,1603,False,True
ds004444,1.0.1,sub-012/ses-01/eeg/sub-012_ses-01_task-smrbmi_channels.tsv,3157,False,True
ds004444,1.0.1,sub-012/ses-01/eeg/sub-012_ses-01_task-smrbmi_eeg.edf,113393536,True,True
ds004444,1.0.1,sub-012/ses-01/eeg/sub-012_ses-01_task-smrbmi_eeg.json,462,False,True
ds004444,1.0.1,sub-012/ses-01/eeg/sub-012_ses-01_task-smrbmi_electrodes.tsv,6169,False,True
ds004444,1.0.1,sub-012/ses-01/eeg/sub-012_ses-01_task-smrbmi_events.tsv,1606,False,True
ds004444,1.0.1,sub-011/ses-16/eeg/sub-011_ses-16_task-smrbmi_channels.tsv,3157,False,True
ds004444,1.0.1,sub-011/ses-16/eeg/sub-011_ses-16_task-smrbmi_eeg.edf,111053536,True,True
ds004444,1.0.1,sub-011/ses-16/eeg/sub-011_ses-16_task-smrbmi_eeg.json,463,False,True
ds004444,1.0.1,sub-011/ses-16/eeg/sub-011_ses-16_task-smrbmi_electrodes.tsv,6163,False,True
ds004444,1.0.1,sub-011/ses-16/eeg/sub-011_ses-16_task-smrbmi_events.tsv,1603,False,True
ds004444,1.0.1,sub-011/ses-15/eeg/sub-011_ses-15_task-smrbmi_channels.tsv,3157,False,True
ds004444,1.0.1,sub-011/ses-15/eeg/sub-011_ses-15_task-smrbmi_eeg.edf,111053536,True,True
ds004444,1.0.1,sub-011/ses-15/eeg/sub-011_ses-15_task-smrbmi_eeg.json,462,False,True
ds004444,1.0.1,sub-011/ses-15/eeg/sub-011_ses-15_task-smrbmi_electrodes.tsv,6170,False,True
ds004444,1.0.1,sub-011/ses-15/eeg/sub-011_ses-15_task-smrbmi_events.tsv,1603,False,True
ds004444,1.0.1,sub-011/ses-14/eeg/sub-011_ses-14_task-smrbmi_channels.tsv,3157,False,True
ds004444,1.0.1,sub-011/ses-14/eeg/sub-011_ses-14_task-smrbmi_eeg.edf,110533536,True,True
ds004444,1.0.1,sub-011/ses-14/eeg/sub-011_ses-14_task-smrbmi_eeg.json,463,False,True
ds004444,1.0.1,sub-011/ses-14/eeg/sub-011_ses-14_task-smrbmi_electrodes.tsv,6162,False,True
ds004444,1.0.1,sub-011/ses-14/eeg/sub-011_ses-14_task-smrbmi_events.tsv,1603,False,True
ds004444,1.0.1,sub-011/ses-13/eeg/sub-011_ses-13_task-smrbmi_channels.tsv,3157,False,True
ds004444,1.0.1,sub-011/ses-13/eeg/sub-011_ses-13_task-smrbmi_eeg.edf,110793536,True,True
ds004444,1.0.1,sub-011/ses-13/eeg/sub-011_ses-13_task-smrbmi_eeg.json,463,False,True
ds004444,1.0.1,sub-011/ses-13/eeg/sub-011_ses-13_task-smrbmi_electrodes.tsv,6162,False,True
ds004444,1.0.1,sub-011/ses-13/eeg/sub-011_ses-13_task-smrbmi_events.tsv,1603,False,True
ds004444,1.0.1,sub-011/ses-12/eeg/sub-011_ses-12_task-smrbmi_channels.tsv,3157,False,True
ds004444,1.0.1,sub-011/ses-12/eeg/sub-011_ses-12_task-smrbmi_eeg.edf,111313536,True,True
ds004444,1.0.1,sub-011/ses-12/eeg/sub-011_ses-12_task-smrbmi_eeg.json,463,False,True
ds004444,1.0.1,sub-011/ses-12/eeg/sub-011_ses-12_task-smrbmi_electrodes.tsv,6169,False,True
ds004444,1.0.1,sub-011/ses-12/eeg/sub-011_ses-12_task-smrbmi_events.tsv,1603,False,True
ds004444,1.0.1,sub-011/ses-11/eeg/sub-011_ses-11_task-smrbmi_channels.tsv,3157,False,True
ds004444,1.0.1,sub-011/ses-11/eeg/sub-011_ses-11_task-smrbmi_eeg.edf,111833536,True,True
ds004444,1.0.1,sub-011/ses-11/eeg/sub-011_ses-11_task-smrbmi_eeg.json,463,False,True
ds004444,1.0.1,sub-011/ses-11/eeg/sub-011_ses-11_task-smrbmi_electrodes.tsv,6163,False,True
ds004444,1.0.1,sub-011/ses-11/eeg/sub-011_ses-11_task-smrbmi_events.tsv,1603,False,True
ds004444,1.0.1,sub-011/ses-10/eeg/sub-011_ses-10_task-smrbmi_channels.tsv,3157,False,True
ds004444,1.0.1,sub-011/ses-10/eeg/sub-011_ses-10_task-smrbmi_eeg.edf,111573536,True,True
ds004444,1.0.1,sub-011/ses-10/eeg/sub-011_ses-10_task-smrbmi_eeg.json,463,False,True
ds004444,1.0.1,sub-011/ses-10/eeg/sub-011_ses-10_task-smrbmi_electrodes.tsv,6168,False,True
ds004444,1.0.1,sub-011/ses-10/eeg/sub-011_ses-10_task-smrbmi_events.tsv,1603,False,True
ds004444,1.0.1,sub-011/ses-09/eeg/sub-011_ses-09_task-smrbmi_channels.tsv,3157,False,True
ds004444,1.0.1,sub-011/ses-09/eeg/sub-011_ses-09_task-smrbmi_eeg.edf,114693536,True,True
ds004444,1.0.1,sub-011/ses-09/eeg/sub-011_ses-09_task-smrbmi_eeg.json,463,False,True
ds004444,1.0.1,sub-011/ses-09/eeg/sub-011_ses-09_task-smrbmi_electrodes.tsv,6170,False,True
ds004444,1.0.1,sub-011/ses-09/eeg/sub-011_ses-09_task-smrbmi_events.tsv,1607,False,True
ds004444,1.0.1,sub-011/ses-08/eeg/sub-011_ses-08_task-smrbmi_channels.tsv,3157,False,True
ds004444,1.0.1,sub-011/ses-08/eeg/sub-011_ses-08_task-smrbmi_eeg.edf,110793536,True,True
ds004444,1.0.1,sub-011/ses-08/eeg/sub-011_ses-08_task-smrbmi_eeg.json,463,False,True
ds004444,1.0.1,sub-011/ses-08/eeg/sub-011_ses-08_task-smrbmi_electrodes.tsv,6167,False,True
ds004444,1.0.1,sub-011/ses-08/eeg/sub-011_ses-08_task-smrbmi_events.tsv,1603,False,True
ds004444,1.0.1,sub-011/ses-07/eeg/sub-011_ses-07_task-smrbmi_channels.tsv,3157,False,True
ds004444,1.0.1,sub-011/ses-07/eeg/sub-011_ses-07_task-smrbmi_eeg.edf,110793536,True,True
ds004444,1.0.1,sub-011/ses-07/eeg/sub-011_ses-07_task-smrbmi_eeg.json,462,False,True
ds004444,1.0.1,sub-011/ses-07/eeg/sub-011_ses-07_task-smrbmi_electrodes.tsv,6165,False,True
ds004444,1.0.1,sub-011/ses-07/eeg/sub-011_ses-07_task-smrbmi_events.tsv,1603,False,True
ds004444,1.0.1,sub-011/ses-06/eeg/sub-011_ses-06_task-smrbmi_channels.tsv,3157,False,True
ds004444,1.0.1,sub-011/ses-06/eeg/sub-011_ses-06_task-smrbmi_eeg.edf,111053536,True,True
ds004444,1.0.1,sub-011/ses-06/eeg/sub-011_ses-06_task-smrbmi_eeg.json,463,False,True
ds004444,1.0.1,sub-011/ses-06/eeg/sub-011_ses-06_task-smrbmi_electrodes.tsv,6166,False,True
ds004444,1.0.1,sub-011/ses-06/eeg/sub-011_ses-06_task-smrbmi_events.tsv,1603,False,True
ds004444,1.0.1,sub-011/ses-05/eeg/sub-011_ses-05_task-smrbmi_channels.tsv,3157,False,True
ds004444,1.0.1,sub-011/ses-05/eeg/sub-011_ses-05_task-smrbmi_eeg.edf,112613536,True,True
ds004444,1.0.1,sub-011/ses-05/eeg/sub-011_ses-05_task-smrbmi_eeg.json,463,False,True
ds004444,1.0.1,sub-011/ses-05/eeg/sub-011_ses-05_task-smrbmi_electrodes.tsv,6156,False,True
ds004444,1.0.1,sub-011/ses-05/eeg/sub-011_ses-05_task-smrbmi_events.tsv,1604,False,True
ds004444,1.0.1,sub-011/ses-04/eeg/sub-011_ses-04_task-smrbmi_channels.tsv,3157,False,True
ds004444,1.0.1,sub-011/ses-04/eeg/sub-011_ses-04_task-smrbmi_eeg.edf,113393536,True,True
ds004444,1.0.1,sub-011/ses-04/eeg/sub-011_ses-04_task-smrbmi_eeg.json,463,False,True
ds004444,1.0.1,sub-011/ses-04/eeg/sub-011_ses-04_task-smrbmi_electrodes.tsv,6162,False,True
ds004444,1.0.1,sub-011/ses-04/eeg/sub-011_ses-04_task-smrbmi_events.tsv,1606,False,True
ds004444,1.0.1,sub-011/ses-03/eeg/sub-011_ses-03_task-smrbmi_channels.tsv,3157,False,True
ds004444,1.0.1,sub-011/ses-03/eeg/sub-011_ses-03_task-smrbmi_eeg.edf,111313536,True,True
ds004444,1.0.1,sub-011/ses-03/eeg/sub-011_ses-03_task-smrbmi_eeg.json,463,False,True
ds004444,1.0.1,sub-011/ses-03/eeg/sub-011_ses-03_task-smrbmi_electrodes.tsv,6162,False,True
ds004444,1.0.1,sub-011/ses-03/eeg/sub-011_ses-03_task-smrbmi_events.tsv,1603,False,True
ds004444,1.0.1,sub-011/ses-02/eeg/sub-011_ses-02_task-smrbmi_channels.tsv,3157,False,True
ds004444,1.0.1,sub-011/ses-02/eeg/sub-011_ses-02_task-smrbmi_eeg.edf,111053536,True,True
ds004444,1.0.1,sub-011/ses-02/eeg/sub-011_ses-02_task-smrbmi_eeg.json,463,False,True
ds004444,1.0.1,sub-011/ses-02/eeg/sub-011_ses-02_task-smrbmi_electrodes.tsv,6166,False,True
ds004444,1.0.1,sub-011/ses-02/eeg/sub-011_ses-02_task-smrbmi_events.tsv,1603,False,True
ds004444,1.0.1,sub-011/ses-01/eeg/sub-011_ses-01_task-smrbmi_channels.tsv,3157,False,True
ds004444,1.0.1,sub-011/ses-01/eeg/sub-011_ses-01_task-smrbmi_eeg.edf,113393536,True,True
ds004444,1.0.1,sub-011/ses-01/eeg/sub-011_ses-01_task-smrbmi_eeg.json,463,False,True
ds004444,1.0.1,sub-011/ses-01/eeg/sub-011_ses-01_task-smrbmi_electrodes.tsv,6169,False,True
ds004444,1.0.1,sub-011/ses-01/eeg/sub-011_ses-01_task-smrbmi_events.tsv,1606,False,True
ds004444,1.0.1,sub-010/ses-16/eeg/sub-010_ses-16_task-smrbmi_channels.tsv,3157,False,True
ds004444,1.0.1,sub-010/ses-16/eeg/sub-010_ses-16_task-smrbmi_eeg.edf,112093536,True,True
ds004444,1.0.1,sub-010/ses-16/eeg/sub-010_ses-16_task-smrbmi_eeg.json,462,False,True
ds004444,1.0.1,sub-010/ses-16/eeg/sub-010_ses-16_task-smrbmi_electrodes.tsv,6169,False,True
ds004444,1.0.1,sub-010/ses-16/eeg/sub-010_ses-16_task-smrbmi_events.tsv,1603,False,True
ds004444,1.0.1,sub-010/ses-15/eeg/sub-010_ses-15_task-smrbmi_channels.tsv,3157,False,True
ds004444,1.0.1,sub-010/ses-15/eeg/sub-010_ses-15_task-smrbmi_eeg.edf,111573536,True,True
ds004444,1.0.1,sub-010/ses-15/eeg/sub-010_ses-15_task-smrbmi_eeg.json,463,False,True
ds004444,1.0.1,sub-010/ses-15/eeg/sub-010_ses-15_task-smrbmi_electrodes.tsv,6173,False,True
ds004444,1.0.1,sub-010/ses-15/eeg/sub-010_ses-15_task-smrbmi_events.tsv,1603,False,True
ds004444,1.0.1,sub-010/ses-14/eeg/sub-010_ses-14_task-smrbmi_channels.tsv,3157,False,True
ds004444,1.0.1,sub-010/ses-14/eeg/sub-010_ses-14_task-smrbmi_eeg.edf,112093536,True,True
ds004444,1.0.1,sub-010/ses-14/eeg/sub-010_ses-14_task-smrbmi_eeg.json,462,False,True
ds004444,1.0.1,sub-010/ses-14/eeg/sub-010_ses-14_task-smrbmi_electrodes.tsv,6165,False,True
ds004444,1.0.1,sub-010/ses-14/eeg/sub-010_ses-14_task-smrbmi_events.tsv,1603,False,True
ds004444,1.0.1,sub-010/ses-13/eeg/sub-010_ses-13_task-smrbmi_channels.tsv,3157,False,True
ds004444,1.0.1,sub-010/ses-13/eeg/sub-010_ses-13_task-smrbmi_eeg.edf,112353536,True,True
ds004444,1.0.1,sub-010/ses-13/eeg/sub-010_ses-13_task-smrbmi_eeg.json,463,False,True
ds004444,1.0.1,sub-010/ses-13/eeg/sub-010_ses-13_task-smrbmi_electrodes.tsv,6163,False,True
ds004444,1.0.1,sub-010/ses-13/eeg/sub-010_ses-13_task-smrbmi_events.tsv,1603,False,True
ds004444,1.0.1,sub-010/ses-12/eeg/sub-010_ses-12_task-smrbmi_channels.tsv,3157,False,True
ds004444,1.0.1,sub-010/ses-12/eeg/sub-010_ses-12_task-smrbmi_eeg.edf,111053536,True,True
ds004444,1.0.1,sub-010/ses-12/eeg/sub-010_ses-12_task-smrbmi_eeg.json,463,False,True
ds004444,1.0.1,sub-010/ses-12/eeg/sub-010_ses-12_task-smrbmi_electrodes.tsv,6171,False,True
ds004444,1.0.1,sub-010/ses-12/eeg/sub-010_ses-12_task-smrbmi_events.tsv,1603,False,True
ds004444,1.0.1,sub-010/ses-11/eeg/sub-010_ses-11_task-smrbmi_channels.tsv,3157,False,True
ds004444,1.0.1,sub-010/ses-11/eeg/sub-010_ses-11_task-smrbmi_eeg.edf,111833536,True,True
ds004444,1.0.1,sub-010/ses-11/eeg/sub-010_ses-11_task-smrbmi_eeg.json,463,False,True
ds004444,1.0.1,sub-010/ses-11/eeg/sub-010_ses-11_task-smrbmi_electrodes.tsv,6169,False,True
ds004444,1.0.1,sub-010/ses-11/eeg/sub-010_ses-11_task-smrbmi_events.tsv,1603,False,True
ds004444,1.0.1,sub-010/ses-10/eeg/sub-010_ses-10_task-smrbmi_channels.tsv,3157,False,True
ds004444,1.0.1,sub-010/ses-10/eeg/sub-010_ses-10_task-smrbmi_eeg.edf,111053536,True,True
ds004444,1.0.1,sub-010/ses-10/eeg/sub-010_ses-10_task-smrbmi_eeg.json,463,False,True
ds004444,1.0.1,sub-010/ses-10/eeg/sub-010_ses-10_task-smrbmi_electrodes.tsv,6160,False,True
ds004444,1.0.1,sub-010/ses-10/eeg/sub-010_ses-10_task-smrbmi_events.tsv,1603,False,True
ds004444,1.0.1,sub-010/ses-09/eeg/sub-010_ses-09_task-smrbmi_channels.tsv,3157,False,True
ds004444,1.0.1,sub-010/ses-09/eeg/sub-010_ses-09_task-smrbmi_eeg.edf,117553536,True,True
ds004444,1.0.1,sub-010/ses-09/eeg/sub-010_ses-09_task-smrbmi_eeg.json,463,False,True
ds004444,1.0.1,sub-010/ses-09/eeg/sub-010_ses-09_task-smrbmi_electrodes.tsv,6168,False,True
ds004444,1.0.1,sub-010/ses-09/eeg/sub-010_ses-09_task-smrbmi_events.tsv,1609,False,True
ds004444,1.0.1,sub-010/ses-08/eeg/sub-010_ses-08_task-smrbmi_channels.tsv,3157,False,True
ds004444,1.0.1,sub-010/ses-08/eeg/sub-010_ses-08_task-smrbmi_eeg.edf,111053536,True,True
ds004444,1.0.1,sub-010/ses-08/eeg/sub-010_ses-08_task-smrbmi_eeg.json,463,False,True
ds004444,1.0.1,sub-010/ses-08/eeg/sub-010_ses-08_task-smrbmi_electrodes.tsv,6166,False,True
ds004444,1.0.1,sub-010/ses-08/eeg/sub-010_ses-08_task-smrbmi_events.tsv,1603,False,True
ds004444,1.0.1,sub-010/ses-07/eeg/sub-010_ses-07_task-smrbmi_channels.tsv,3157,False,True
ds004444,1.0.1,sub-010/ses-07/eeg/sub-010_ses-07_task-smrbmi_eeg.edf,114693536,True,True
ds004444,1.0.1,sub-010/ses-07/eeg/sub-010_ses-07_task-smrbmi_eeg.json,463,False,True
ds004444,1.0.1,sub-010/ses-07/eeg/sub-010_ses-07_task-smrbmi_electrodes.tsv,6171,False,True
ds004444,1.0.1,sub-010/ses-07/eeg/sub-010_ses-07_task-smrbmi_events.tsv,1603,False,True
ds004444,1.0.1,sub-010/ses-06/eeg/sub-010_ses-06_task-smrbmi_channels.tsv,3157,False,True
ds004444,1.0.1,sub-010/ses-06/eeg/sub-010_ses-06_task-smrbmi_eeg.edf,111313536,True,True
ds004444,1.0.1,sub-010/ses-06/eeg/sub-010_ses-06_task-smrbmi_eeg.json,463,False,True
ds004444,1.0.1,sub-010/ses-06/eeg/sub-010_ses-06_task-smrbmi_electrodes.tsv,6170,False,True
ds004444,1.0.1,sub-010/ses-06/eeg/sub-010_ses-06_task-smrbmi_events.tsv,1603,False,True
ds004444,1.0.1,sub-010/ses-05/eeg/sub-010_ses-05_task-smrbmi_channels.tsv,3157,False,True
ds004444,1.0.1,sub-010/ses-05/eeg/sub-010_ses-05_task-smrbmi_eeg.edf,111833536,True,True
ds004444,1.0.1,sub-010/ses-05/eeg/sub-010_ses-05_task-smrbmi_eeg.json,463,False,True
ds004444,1.0.1,sub-010/ses-05/eeg/sub-010_ses-05_task-smrbmi_electrodes.tsv,6161,False,True
ds004444,1.0.1,sub-010/ses-05/eeg/sub-010_ses-05_task-smrbmi_events.tsv,1603,False,True
ds004444,1.0.1,sub-010/ses-04/eeg/sub-010_ses-04_task-smrbmi_channels.tsv,3157,False,True
ds004444,1.0.1,sub-010/ses-04/eeg/sub-010_ses-04_task-smrbmi_eeg.edf,111573536,True,True
ds004444,1.0.1,sub-010/ses-04/eeg/sub-010_ses-04_task-smrbmi_eeg.json,463,False,True
ds004444,1.0.1,sub-010/ses-04/eeg/sub-010_ses-04_task-smrbmi_electrodes.tsv,6172,False,True
ds004444,1.0.1,sub-010/ses-04/eeg/sub-010_ses-04_task-smrbmi_events.tsv,1603,False,True
ds004444,1.0.1,sub-010/ses-03/eeg/sub-010_ses-03_task-smrbmi_channels.tsv,3157,False,True
ds004444,1.0.1,sub-010/ses-03/eeg/sub-010_ses-03_task-smrbmi_eeg.edf,111313536,True,True
ds004444,1.0.1,sub-010/ses-03/eeg/sub-010_ses-03_task-smrbmi_eeg.json,463,False,True
ds004444,1.0.1,sub-010/ses-03/eeg/sub-010_ses-03_task-smrbmi_electrodes.tsv,6163,False,True
ds004444,1.0.1,sub-010/ses-03/eeg/sub-010_ses-03_task-smrbmi_events.tsv,1603,False,True
ds004444,1.0.1,sub-010/ses-02/eeg/sub-010_ses-02_task-smrbmi_channels.tsv,3157,False,True
ds004444,1.0.1,sub-010/ses-02/eeg/sub-010_ses-02_task-smrbmi_eeg.edf,111313536,True,True
ds004444,1.0.1,sub-010/ses-02/eeg/sub-010_ses-02_task-smrbmi_eeg.json,463,False,True
ds004444,1.0.1,sub-010/ses-02/eeg/sub-010_ses-02_task-smrbmi_electrodes.tsv,6169,False,True
ds004444,1.0.1,sub-010/ses-02/eeg/sub-010_ses-02_task-smrbmi_events.tsv,1603,False,True
ds004444,1.0.1,sub-010/ses-01/eeg/sub-010_ses-01_task-smrbmi_channels.tsv,3157,False,True
ds004444,1.0.1,sub-010/ses-01/eeg/sub-010_ses-01_task-smrbmi_eeg.edf,111573536,True,True
ds004444,1.0.1,sub-010/ses-01/eeg/sub-010_ses-01_task-smrbmi_eeg.json,462,False,True
ds004444,1.0.1,sub-010/ses-01/eeg/sub-010_ses-01_task-smrbmi_electrodes.tsv,6163,False,True
ds004444,1.0.1,sub-010/ses-01/eeg/sub-010_ses-01_task-smrbmi_events.tsv,1603,False,True
ds004444,1.0.1,sub-009/ses-16/eeg/sub-009_ses-16_task-smrbmi_channels.tsv,3157,False,True
ds004444,1.0.1,sub-009/ses-16/eeg/sub-009_ses-16_task-smrbmi_eeg.edf,111573536,True,True
ds004444,1.0.1,sub-009/ses-16/eeg/sub-009_ses-16_task-smrbmi_eeg.json,463,False,True
ds004444,1.0.1,sub-009/ses-16/eeg/sub-009_ses-16_task-smrbmi_electrodes.tsv,6171,False,True
ds004444,1.0.1,sub-009/ses-16/eeg/sub-009_ses-16_task-smrbmi_events.tsv,1603,False,True
ds004444,1.0.1,sub-009/ses-15/eeg/sub-009_ses-15_task-smrbmi_channels.tsv,3157,False,True
ds004444,1.0.1,sub-009/ses-15/eeg/sub-009_ses-15_task-smrbmi_eeg.edf,112353536,True,True
ds004444,1.0.1,sub-009/ses-15/eeg/sub-009_ses-15_task-smrbmi_eeg.json,463,False,True
ds004444,1.0.1,sub-009/ses-15/eeg/sub-009_ses-15_task-smrbmi_electrodes.tsv,6171,False,True
ds004444,1.0.1,sub-009/ses-15/eeg/sub-009_ses-15_task-smrbmi_events.tsv,1606,False,True
ds004444,1.0.1,sub-009/ses-14/eeg/sub-009_ses-14_task-smrbmi_channels.tsv,3157,False,True
ds004444,1.0.1,sub-009/ses-14/eeg/sub-009_ses-14_task-smrbmi_eeg.edf,111313536,True,True
ds004444,1.0.1,sub-009/ses-14/eeg/sub-009_ses-14_task-smrbmi_eeg.json,463,False,True
ds004444,1.0.1,sub-009/ses-14/eeg/sub-009_ses-14_task-smrbmi_electrodes.tsv,6166,False,True
ds004444,1.0.1,sub-009/ses-14/eeg/sub-009_ses-14_task-smrbmi_events.tsv,1603,False,True
ds004444,1.0.1,sub-009/ses-13/eeg/sub-009_ses-13_task-smrbmi_channels.tsv,3157,False,True
ds004444,1.0.1,sub-009/ses-13/eeg/sub-009_ses-13_task-smrbmi_eeg.edf,118853536,True,True
ds004444,1.0.1,sub-009/ses-13/eeg/sub-009_ses-13_task-smrbmi_eeg.json,463,False,True
ds004444,1.0.1,sub-009/ses-13/eeg/sub-009_ses-13_task-smrbmi_electrodes.tsv,6171,False,True
ds004444,1.0.1,sub-009/ses-13/eeg/sub-009_ses-13_task-smrbmi_events.tsv,1606,False,True
ds004444,1.0.1,sub-009/ses-12/eeg/sub-009_ses-12_task-smrbmi_channels.tsv,3157,False,True
ds004444,1.0.1,sub-009/ses-12/eeg/sub-009_ses-12_task-smrbmi_eeg.edf,111313536,True,True
ds004444,1.0.1,sub-009/ses-12/eeg/sub-009_ses-12_task-smrbmi_eeg.json,463,False,True
ds004444,1.0.1,sub-009/ses-12/eeg/sub-009_ses-12_task-smrbmi_electrodes.tsv,6165,False,True
ds004444,1.0.1,sub-009/ses-12/eeg/sub-009_ses-12_task-smrbmi_events.tsv,1603,False,True
ds004444,1.0.1,sub-009/ses-11/eeg/sub-009_ses-11_task-smrbmi_channels.tsv,3157,False,True
ds004444,1.0.1,sub-009/ses-11/eeg/sub-009_ses-11_task-smrbmi_eeg.edf,112353536,True,True
ds004444,1.0.1,sub-009/ses-11/eeg/sub-009_ses-11_task-smrbmi_eeg.json,463,False,True
ds004444,1.0.1,sub-009/ses-11/eeg/sub-009_ses-11_task-smrbmi_electrodes.tsv,6169,False,True
ds004444,1.0.1,sub-009/ses-11/eeg/sub-009_ses-11_task-smrbmi_events.tsv,1606,False,True
ds004444,1.0.1,sub-009/ses-10/eeg/sub-009_ses-10_task-smrbmi_channels.tsv,3157,False,True
ds004444,1.0.1,sub-009/ses-10/eeg/sub-009_ses-10_task-smrbmi_eeg.edf,113133536,True,True
ds004444,1.0.1,sub-009/ses-10/eeg/sub-009_ses-10_task-smrbmi_eeg.json,463,False,True
ds004444,1.0.1,sub-009/ses-10/eeg/sub-009_ses-10_task-smrbmi_electrodes.tsv,6160,False,True
ds004444,1.0.1,sub-009/ses-10/eeg/sub-009_ses-10_task-smrbmi_events.tsv,1605,False,True
ds004444,1.0.1,sub-009/ses-09/eeg/sub-009_ses-09_task-smrbmi_channels.tsv,3157,False,True
ds004444,1.0.1,sub-009/ses-09/eeg/sub-009_ses-09_task-smrbmi_eeg.edf,115733536,True,True
ds004444,1.0.1,sub-009/ses-09/eeg/sub-009_ses-09_task-smrbmi_eeg.json,463,False,True
ds004444,1.0.1,sub-009/ses-09/eeg/sub-009_ses-09_task-smrbmi_electrodes.tsv,6161,False,True
ds004444,1.0.1,sub-009/ses-09/eeg/sub-009_ses-09_task-smrbmi_events.tsv,1607,False,True
ds004444,1.0.1,sub-009/ses-08/eeg/sub-009_ses-08_task-smrbmi_channels.tsv,3157,False,True
ds004444,1.0.1,sub-009/ses-08/eeg/sub-009_ses-08_task-smrbmi_eeg.edf,110793536,True,True
ds004444,1.0.1,sub-009/ses-08/eeg/sub-009_ses-08_task-smrbmi_eeg.json,462,False,True
ds004444,1.0.1,sub-009/ses-08/eeg/sub-009_ses-08_task-smrbmi_electrodes.tsv,6161,False,True
ds004444,1.0.1,sub-009/ses-08/eeg/sub-009_ses-08_task-smrbmi_events.tsv,1603,False,True
ds004444,1.0.1,sub-009/ses-07/eeg/sub-009_ses-07_task-smrbmi_channels.tsv,3157,False,True
ds004444,1.0.1,sub-009/ses-07/eeg/sub-009_ses-07_task-smrbmi_eeg.edf,113653536,True,True
ds004444,1.0.1,sub-009/ses-07/eeg/sub-009_ses-07_task-smrbmi_eeg.json,463,False,True
ds004444,1.0.1,sub-009/ses-07/eeg/sub-009_ses-07_task-smrbmi_electrodes.tsv,6167,False,True
ds004444,1.0.1,sub-009/ses-07/eeg/sub-009_ses-07_task-smrbmi_events.tsv,1606,False,True
ds004444,1.0.1,sub-009/ses-06/eeg/sub-009_ses-06_task-smrbmi_channels.tsv,3157,False,True
ds004444,1.0.1,sub-009/ses-06/eeg/sub-009_ses-06_task-smrbmi_eeg.edf,112353536,True,True
ds004444,1.0.1,sub-009/ses-06/eeg/sub-009_ses-06_task-smrbmi_eeg.json,462,False,True
ds004444,1.0.1,sub-009/ses-06/eeg/sub-009_ses-06_task-smrbmi_electrodes.tsv,6167,False,True
ds004444,1.0.1,sub-009/ses-06/eeg/sub-009_ses-06_task-smrbmi_events.tsv,1606,False,True
ds004444,1.0.1,sub-009/ses-05/eeg/sub-009_ses-05_task-smrbmi_channels.tsv,3157,False,True
ds004444,1.0.1,sub-009/ses-05/eeg/sub-009_ses-05_task-smrbmi_eeg.edf,111053536,True,True
ds004444,1.0.1,sub-009/ses-05/eeg/sub-009_ses-05_task-smrbmi_eeg.json,463,False,True
ds004444,1.0.1,sub-009/ses-05/eeg/sub-009_ses-05_task-smrbmi_electrodes.tsv,6160,False,True
ds004444,1.0.1,sub-009/ses-05/eeg/sub-009_ses-05_task-smrbmi_events.tsv,1603,False,True
ds004444,1.0.1,sub-009/ses-04/eeg/sub-009_ses-04_task-smrbmi_channels.tsv,3157,False,True
ds004444,1.0.1,sub-009/ses-04/eeg/sub-009_ses-04_task-smrbmi_eeg.edf,114173536,True,True
ds004444,1.0.1,sub-009/ses-04/eeg/sub-009_ses-04_task-smrbmi_eeg.json,463,False,True
ds004444,1.0.1,sub-009/ses-04/eeg/sub-009_ses-04_task-smrbmi_electrodes.tsv,6165,False,True
ds004444,1.0.1,sub-009/ses-04/eeg/sub-009_ses-04_task-smrbmi_events.tsv,1607,False,True
ds004444,1.0.1,sub-009/ses-03/eeg/sub-009_ses-03_task-smrbmi_channels.tsv,3157,False,True
ds004444,1.0.1,sub-009/ses-03/eeg/sub-009_ses-03_task-smrbmi_eeg.edf,112093536,True,True
ds004444,1.0.1,sub-009/ses-03/eeg/sub-009_ses-03_task-smrbmi_eeg.json,463,False,True
ds004444,1.0.1,sub-009/ses-03/eeg/sub-009_ses-03_task-smrbmi_electrodes.tsv,6164,False,True
ds004444,1.0.1,sub-009/ses-03/eeg/sub-009_ses-03_task-smrbmi_events.tsv,1605,False,True
ds004444,1.0.1,sub-009/ses-02/eeg/sub-009_ses-02_task-smrbmi_channels.tsv,3157,False,True
ds004444,1.0.1,sub-009/ses-02/eeg/sub-009_ses-02_task-smrbmi_eeg.edf,110793536,True,True
ds004444,1.0.1,sub-009/ses-02/eeg/sub-009_ses-02_task-smrbmi_eeg.json,463,False,True
ds004444,1.0.1,sub-009/ses-02/eeg/sub-009_ses-02_task-smrbmi_electrodes.tsv,6166,False,True
ds004444,1.0.1,sub-009/ses-02/eeg/sub-009_ses-02_task-smrbmi_events.tsv,1603,False,True
ds004444,1.0.1,sub-009/ses-01/eeg/sub-009_ses-01_task-smrbmi_channels.tsv,3157,False,True
ds004444,1.0.1,sub-009/ses-01/eeg/sub-009_ses-01_task-smrbmi_eeg.edf,112093536,True,True
ds004444,1.0.1,sub-009/ses-01/eeg/sub-009_ses-01_task-smrbmi_eeg.json,463,False,True
ds004444,1.0.1,sub-009/ses-01/eeg/sub-009_ses-01_task-smrbmi_electrodes.tsv,6168,False,True
ds004444,1.0.1,sub-009/ses-01/eeg/sub-009_ses-01_task-smrbmi_events.tsv,1604,False,True
ds004444,1.0.1,sub-008/ses-16/eeg/sub-008_ses-16_task-smrbmi_channels.tsv,3157,False,True
ds004444,1.0.1,sub-008/ses-16/eeg/sub-008_ses-16_task-smrbmi_eeg.edf,111313536,True,True
ds004444,1.0.1,sub-008/ses-16/eeg/sub-008_ses-16_task-smrbmi_eeg.json,463,False,True
ds004444,1.0.1,sub-008/ses-16/eeg/sub-008_ses-16_task-smrbmi_electrodes.tsv,6165,False,True
ds004444,1.0.1,sub-008/ses-16/eeg/sub-008_ses-16_task-smrbmi_events.tsv,1603,False,True
ds004444,1.0.1,sub-008/ses-15/eeg/sub-008_ses-15_task-smrbmi_channels.tsv,3157,False,True
ds004444,1.0.1,sub-008/ses-15/eeg/sub-008_ses-15_task-smrbmi_eeg.edf,112613536,True,True
ds004444,1.0.1,sub-008/ses-15/eeg/sub-008_ses-15_task-smrbmi_eeg.json,463,False,True
ds004444,1.0.1,sub-008/ses-15/eeg/sub-008_ses-15_task-smrbmi_electrodes.tsv,6166,False,True
ds004444,1.0.1,sub-008/ses-15/eeg/sub-008_ses-15_task-smrbmi_events.tsv,1603,False,True
ds004444,1.0.1,sub-008/ses-14/eeg/sub-008_ses-14_task-smrbmi_channels.tsv,3157,False,True
ds004444,1.0.1,sub-008/ses-14/eeg/sub-008_ses-14_task-smrbmi_eeg.edf,111053536,True,True
ds004444,1.0.1,sub-008/ses-14/eeg/sub-008_ses-14_task-smrbmi_eeg.json,463,False,True
ds004444,1.0.1,sub-008/ses-14/eeg/sub-008_ses-14_task-smrbmi_electrodes.tsv,6167,False,True
ds004444,1.0.1,sub-008/ses-14/eeg/sub-008_ses-14_task-smrbmi_events.tsv,1603,False,True
ds004444,1.0.1,sub-008/ses-13/eeg/sub-008_ses-13_task-smrbmi_channels.tsv,3157,False,True
ds004444,1.0.1,sub-008/ses-13/eeg/sub-008_ses-13_task-smrbmi_eeg.edf,111573536,True,True
ds004444,1.0.1,sub-008/ses-13/eeg/sub-008_ses-13_task-smrbmi_eeg.json,463,False,True
ds004444,1.0.1,sub-008/ses-13/eeg/sub-008_ses-13_task-smrbmi_electrodes.tsv,6164,False,True
ds004444,1.0.1,sub-008/ses-13/eeg/sub-008_ses-13_task-smrbmi_events.tsv,1603,False,True
ds004444,1.0.1,sub-008/ses-12/eeg/sub-008_ses-12_task-smrbmi_channels.tsv,3157,False,True
ds004444,1.0.1,sub-008/ses-12/eeg/sub-008_ses-12_task-smrbmi_eeg.edf,113913536,True,True
ds004444,1.0.1,sub-008/ses-12/eeg/sub-008_ses-12_task-smrbmi_eeg.json,463,False,True
ds004444,1.0.1,sub-008/ses-12/eeg/sub-008_ses-12_task-smrbmi_electrodes.tsv,6163,False,True
ds004444,1.0.1,sub-008/ses-12/eeg/sub-008_ses-12_task-smrbmi_events.tsv,1603,False,True
ds004444,1.0.1,sub-008/ses-11/eeg/sub-008_ses-11_task-smrbmi_channels.tsv,3157,False,True
ds004444,1.0.1,sub-008/ses-11/eeg/sub-008_ses-11_task-smrbmi_eeg.edf,111573536,True,True
ds004444,1.0.1,sub-008/ses-11/eeg/sub-008_ses-11_task-smrbmi_eeg.json,462,False,True
ds004444,1.0.1,sub-008/ses-11/eeg/sub-008_ses-11_task-smrbmi_electrodes.tsv,6164,False,True
ds004444,1.0.1,sub-008/ses-11/eeg/sub-008_ses-11_task-smrbmi_events.tsv,1603,False,True
ds004444,1.0.1,sub-008/ses-10/eeg/sub-008_ses-10_task-smrbmi_channels.tsv,3157,False,True
ds004444,1.0.1,sub-008/ses-10/eeg/sub-008_ses-10_task-smrbmi_eeg.edf,111573536,True,True
ds004444,1.0.1,sub-008/ses-10/eeg/sub-008_ses-10_task-smrbmi_eeg.json,463,False,True
ds004444,1.0.1,sub-008/ses-10/eeg/sub-008_ses-10_task-smrbmi_electrodes.tsv,6164,False,True
ds004444,1.0.1,sub-008/ses-10/eeg/sub-008_ses-10_task-smrbmi_events.tsv,1603,False,True
ds004444,1.0.1,sub-008/ses-09/eeg/sub-008_ses-09_task-smrbmi_channels.tsv,3157,False,True
ds004444,1.0.1,sub-008/ses-09/eeg/sub-008_ses-09_task-smrbmi_eeg.edf,113393536,True,True
ds004444,1.0.1,sub-008/ses-09/eeg/sub-008_ses-09_task-smrbmi_eeg.json,463,False,True
ds004444,1.0.1,sub-008/ses-09/eeg/sub-008_ses-09_task-smrbmi_electrodes.tsv,6168,False,True
ds004444,1.0.1,sub-008/ses-09/eeg/sub-008_ses-09_task-smrbmi_events.tsv,1606,False,True
ds004444,1.0.1,sub-008/ses-08/eeg/sub-008_ses-08_task-smrbmi_channels.tsv,3157,False,True
ds004444,1.0.1,sub-008/ses-08/eeg/sub-008_ses-08_task-smrbmi_eeg.edf,110273536,True,True
ds004444,1.0.1,sub-008/ses-08/eeg/sub-008_ses-08_task-smrbmi_eeg.json,463,False,True
ds004444,1.0.1,sub-008/ses-08/eeg/sub-008_ses-08_task-smrbmi_electrodes.tsv,6168,False,True
ds004444,1.0.1,sub-008/ses-08/eeg/sub-008_ses-08_task-smrbmi_events.tsv,1603,False,True
ds004444,1.0.1,sub-008/ses-07/eeg/sub-008_ses-07_task-smrbmi_channels.tsv,3157,False,True
ds004444,1.0.1,sub-008/ses-07/eeg/sub-008_ses-07_task-smrbmi_eeg.edf,111053536,True,True
ds004444,1.0.1,sub-008/ses-07/eeg/sub-008_ses-07_task-smrbmi_eeg.json,463,False,True
ds004444,1.0.1,sub-008/ses-07/eeg/sub-008_ses-07_task-smrbmi_electrodes.tsv,6171,False,True
ds004444,1.0.1,sub-008/ses-07/eeg/sub-008_ses-07_task-smrbmi_events.tsv,1603,False,True
ds004444,1.0.1,sub-008/ses-06/eeg/sub-008_ses-06_task-smrbmi_channels.tsv,3157,False,True
ds004444,1.0.1,sub-008/ses-06/eeg/sub-008_ses-06_task-smrbmi_eeg.edf,110533536,True,True
ds004444,1.0.1,sub-008/ses-06/eeg/sub-008_ses-06_task-smrbmi_eeg.json,463,False,True
ds004444,1.0.1,sub-008/ses-06/eeg/sub-008_ses-06_task-smrbmi_electrodes.tsv,6161,False,True
ds004444,1.0.1,sub-008/ses-06/eeg/sub-008_ses-06_task-smrbmi_events.tsv,1603,False,True
ds004444,1.0.1,sub-008/ses-05/eeg/sub-008_ses-05_task-smrbmi_channels.tsv,3157,False,True
ds004444,1.0.1,sub-008/ses-05/eeg/sub-008_ses-05_task-smrbmi_eeg.edf,111053536,True,True
ds004444,1.0.1,sub-008/ses-05/eeg/sub-008_ses-05_task-smrbmi_eeg.json,463,False,True
ds004444,1.0.1,sub-008/ses-05/eeg/sub-008_ses-05_task-smrbmi_electrodes.tsv,6166,False,True
ds004444,1.0.1,sub-008/ses-05/eeg/sub-008_ses-05_task-smrbmi_events.tsv,1603,False,True
ds004444,1.0.1,sub-008/ses-04/eeg/sub-008_ses-04_task-smrbmi_channels.tsv,3157,False,True
ds004444,1.0.1,sub-008/ses-04/eeg/sub-008_ses-04_task-smrbmi_eeg.edf,111313536,True,True
ds004444,1.0.1,sub-008/ses-04/eeg/sub-008_ses-04_task-smrbmi_eeg.json,463,False,True
ds004444,1.0.1,sub-008/ses-04/eeg/sub-008_ses-04_task-smrbmi_electrodes.tsv,6167,False,True
ds004444,1.0.1,sub-008/ses-04/eeg/sub-008_ses-04_task-smrbmi_events.tsv,1603,False,True
ds004444,1.0.1,sub-008/ses-03/eeg/sub-008_ses-03_task-smrbmi_channels.tsv,3157,False,True
ds004444,1.0.1,sub-008/ses-03/eeg/sub-008_ses-03_task-smrbmi_eeg.edf,111573536,True,True
ds004444,1.0.1,sub-008/ses-03/eeg/sub-008_ses-03_task-smrbmi_eeg.json,462,False,True
ds004444,1.0.1,sub-008/ses-03/eeg/sub-008_ses-03_task-smrbmi_electrodes.tsv,6163,False,True
ds004444,1.0.1,sub-008/ses-03/eeg/sub-008_ses-03_task-smrbmi_events.tsv,1603,False,True
ds004444,1.0.1,sub-008/ses-02/eeg/sub-008_ses-02_task-smrbmi_channels.tsv,3157,False,True
ds004444,1.0.1,sub-008/ses-02/eeg/sub-008_ses-02_task-smrbmi_eeg.edf,110533536,True,True
ds004444,1.0.1,sub-008/ses-02/eeg/sub-008_ses-02_task-smrbmi_eeg.json,463,False,True
ds004444,1.0.1,sub-008/ses-02/eeg/sub-008_ses-02_task-smrbmi_electrodes.tsv,6164,False,True
ds004444,1.0.1,sub-008/ses-02/eeg/sub-008_ses-02_task-smrbmi_events.tsv,1603,False,True
ds004444,1.0.1,sub-008/ses-01/eeg/sub-008_ses-01_task-smrbmi_channels.tsv,3157,False,True
ds004444,1.0.1,sub-008/ses-01/eeg/sub-008_ses-01_task-smrbmi_eeg.edf,111313536,True,True
ds004444,1.0.1,sub-008/ses-01/eeg/sub-008_ses-01_task-smrbmi_eeg.json,463,False,True
ds004444,1.0.1,sub-008/ses-01/eeg/sub-008_ses-01_task-smrbmi_electrodes.tsv,6167,False,True
ds004444,1.0.1,sub-008/ses-01/eeg/sub-008_ses-01_task-smrbmi_events.tsv,1603,False,True
ds004444,1.0.1,sub-007/ses-16/eeg/sub-007_ses-16_task-smrbmi_channels.tsv,3157,False,True
ds004444,1.0.1,sub-007/ses-16/eeg/sub-007_ses-16_task-smrbmi_eeg.edf,110793536,True,True
ds004444,1.0.1,sub-007/ses-16/eeg/sub-007_ses-16_task-smrbmi_eeg.json,462,False,True
ds004444,1.0.1,sub-007/ses-16/eeg/sub-007_ses-16_task-smrbmi_electrodes.tsv,6157,False,True
ds004444,1.0.1,sub-007/ses-16/eeg/sub-007_ses-16_task-smrbmi_events.tsv,1603,False,True
ds004444,1.0.1,sub-007/ses-15/eeg/sub-007_ses-15_task-smrbmi_channels.tsv,3157,False,True
ds004444,1.0.1,sub-007/ses-15/eeg/sub-007_ses-15_task-smrbmi_eeg.edf,111573536,True,True
ds004444,1.0.1,sub-007/ses-15/eeg/sub-007_ses-15_task-smrbmi_eeg.json,463,False,True
ds004444,1.0.1,sub-007/ses-15/eeg/sub-007_ses-15_task-smrbmi_electrodes.tsv,6165,False,True
ds004444,1.0.1,sub-007/ses-15/eeg/sub-007_ses-15_task-smrbmi_events.tsv,1603,False,True
ds004444,1.0.1,sub-007/ses-14/eeg/sub-007_ses-14_task-smrbmi_channels.tsv,3157,False,True
ds004444,1.0.1,sub-007/ses-14/eeg/sub-007_ses-14_task-smrbmi_eeg.edf,111053536,True,True
ds004444,1.0.1,sub-007/ses-14/eeg/sub-007_ses-14_task-smrbmi_eeg.json,463,False,True
ds004444,1.0.1,sub-007/ses-14/eeg/sub-007_ses-14_task-smrbmi_electrodes.tsv,6167,False,True
ds004444,1.0.1,sub-007/ses-14/eeg/sub-007_ses-14_task-smrbmi_events.tsv,1603,False,True
ds004444,1.0.1,sub-007/ses-13/eeg/sub-007_ses-13_task-smrbmi_channels.tsv,3157,False,True
ds004444,1.0.1,sub-007/ses-13/eeg/sub-007_ses-13_task-smrbmi_eeg.edf,112353536,True,True
ds004444,1.0.1,sub-007/ses-13/eeg/sub-007_ses-13_task-smrbmi_eeg.json,463,False,True
ds004444,1.0.1,sub-007/ses-13/eeg/sub-007_ses-13_task-smrbmi_electrodes.tsv,6161,False,True
ds004444,1.0.1,sub-007/ses-13/eeg/sub-007_ses-13_task-smrbmi_events.tsv,1606,False,True
ds004444,1.0.1,sub-007/ses-12/eeg/sub-007_ses-12_task-smrbmi_channels.tsv,3157,False,True
ds004444,1.0.1,sub-007/ses-12/eeg/sub-007_ses-12_task-smrbmi_eeg.edf,111313536,True,True
ds004444,1.0.1,sub-007/ses-12/eeg/sub-007_ses-12_task-smrbmi_eeg.json,463,False,True
ds004444,1.0.1,sub-007/ses-12/eeg/sub-007_ses-12_task-smrbmi_electrodes.tsv,6164,False,True
ds004444,1.0.1,sub-007/ses-12/eeg/sub-007_ses-12_task-smrbmi_events.tsv,1603,False,True
ds004444,1.0.1,sub-007/ses-11/eeg/sub-007_ses-11_task-smrbmi_channels.tsv,3157,False,True
ds004444,1.0.1,sub-007/ses-11/eeg/sub-007_ses-11_task-smrbmi_eeg.edf,114953536,True,True
ds004444,1.0.1,sub-007/ses-11/eeg/sub-007_ses-11_task-smrbmi_eeg.json,463,False,True
ds004444,1.0.1,sub-007/ses-11/eeg/sub-007_ses-11_task-smrbmi_electrodes.tsv,6174,False,True
ds004444,1.0.1,sub-007/ses-11/eeg/sub-007_ses-11_task-smrbmi_events.tsv,1603,False,True
ds004444,1.0.1,sub-007/ses-10/eeg/sub-007_ses-10_task-smrbmi_channels.tsv,3157,False,True
ds004444,1.0.1,sub-007/ses-10/eeg/sub-007_ses-10_task-smrbmi_eeg.edf,112353536,True,True
ds004444,1.0.1,sub-007/ses-10/eeg/sub-007_ses-10_task-smrbmi_eeg.json,463,False,True
ds004444,1.0.1,sub-007/ses-10/eeg/sub-007_ses-10_task-smrbmi_electrodes.tsv,6165,False,True
ds004444,1.0.1,sub-007/ses-10/eeg/sub-007_ses-10_task-smrbmi_events.tsv,1603,False,True
ds004444,1.0.1,sub-007/ses-09/eeg/sub-007_ses-09_task-smrbmi_channels.tsv,3157,False,True
ds004444,1.0.1,sub-007/ses-09/eeg/sub-007_ses-09_task-smrbmi_eeg.edf,110793536,True,True
ds004444,1.0.1,sub-007/ses-09/eeg/sub-007_ses-09_task-smrbmi_eeg.json,463,False,True
ds004444,1.0.1,sub-007/ses-09/eeg/sub-007_ses-09_task-smrbmi_electrodes.tsv,6163,False,True
ds004444,1.0.1,sub-007/ses-09/eeg/sub-007_ses-09_task-smrbmi_events.tsv,1603,False,True
ds004444,1.0.1,sub-007/ses-08/eeg/sub-007_ses-08_task-smrbmi_channels.tsv,3157,False,True
ds004444,1.0.1,sub-007/ses-08/eeg/sub-007_ses-08_task-smrbmi_eeg.edf,111313536,True,True
ds004444,1.0.1,sub-007/ses-08/eeg/sub-007_ses-08_task-smrbmi_eeg.json,463,False,True
ds004444,1.0.1,sub-007/ses-08/eeg/sub-007_ses-08_task-smrbmi_electrodes.tsv,6165,False,True
ds004444,1.0.1,sub-007/ses-08/eeg/sub-007_ses-08_task-smrbmi_events.tsv,1603,False,True
ds004444,1.0.1,sub-007/ses-07/eeg/sub-007_ses-07_task-smrbmi_channels.tsv,3157,False,True
ds004444,1.0.1,sub-007/ses-07/eeg/sub-007_ses-07_task-smrbmi_eeg.edf,111833536,True,True
ds004444,1.0.1,sub-007/ses-07/eeg/sub-007_ses-07_task-smrbmi_eeg.json,463,False,True
ds004444,1.0.1,sub-007/ses-07/eeg/sub-007_ses-07_task-smrbmi_electrodes.tsv,6163,False,True
ds004444,1.0.1,sub-007/ses-07/eeg/sub-007_ses-07_task-smrbmi_events.tsv,1603,False,True
ds004444,1.0.1,sub-007/ses-06/eeg/sub-007_ses-06_task-smrbmi_channels.tsv,3157,False,True
ds004444,1.0.1,sub-007/ses-06/eeg/sub-007_ses-06_task-smrbmi_eeg.edf,112093536,True,True
ds004444,1.0.1,sub-007/ses-06/eeg/sub-007_ses-06_task-smrbmi_eeg.json,462,False,True
ds004444,1.0.1,sub-007/ses-06/eeg/sub-007_ses-06_task-smrbmi_electrodes.tsv,6173,False,True
ds004444,1.0.1,sub-007/ses-06/eeg/sub-007_ses-06_task-smrbmi_events.tsv,1603,False,True
ds004444,1.0.1,sub-007/ses-05/eeg/sub-007_ses-05_task-smrbmi_channels.tsv,3157,False,True
ds004444,1.0.1,sub-007/ses-05/eeg/sub-007_ses-05_task-smrbmi_eeg.edf,110793536,True,True
ds004444,1.0.1,sub-007/ses-05/eeg/sub-007_ses-05_task-smrbmi_eeg.json,463,False,True
ds004444,1.0.1,sub-007/ses-05/eeg/sub-007_ses-05_task-smrbmi_electrodes.tsv,6170,False,True
ds004444,1.0.1,sub-007/ses-05/eeg/sub-007_ses-05_task-smrbmi_events.tsv,1603,False,True
ds004444,1.0.1,sub-007/ses-04/eeg/sub-007_ses-04_task-smrbmi_channels.tsv,3157,False,True
ds004444,1.0.1,sub-007/ses-04/eeg/sub-007_ses-04_task-smrbmi_eeg.edf,113653536,True,True
ds004444,1.0.1,sub-007/ses-04/eeg/sub-007_ses-04_task-smrbmi_eeg.json,463,False,True
ds004444,1.0.1,sub-007/ses-04/eeg/sub-007_ses-04_task-smrbmi_electrodes.tsv,6170,False,True
ds004444,1.0.1,sub-007/ses-04/eeg/sub-007_ses-04_task-smrbmi_events.tsv,1603,False,True
ds004444,1.0.1,sub-007/ses-03/eeg/sub-007_ses-03_task-smrbmi_channels.tsv,3157,False,True
ds004444,1.0.1,sub-007/ses-03/eeg/sub-007_ses-03_task-smrbmi_eeg.edf,111573536,True,True
ds004444,1.0.1,sub-007/ses-03/eeg/sub-007_ses-03_task-smrbmi_eeg.json,463,False,True
ds004444,1.0.1,sub-007/ses-03/eeg/sub-007_ses-03_task-smrbmi_electrodes.tsv,6167,False,True
ds004444,1.0.1,sub-007/ses-03/eeg/sub-007_ses-03_task-smrbmi_events.tsv,1603,False,True
ds004444,1.0.1,sub-007/ses-02/eeg/sub-007_ses-02_task-smrbmi_channels.tsv,3157,False,True
ds004444,1.0.1,sub-007/ses-02/eeg/sub-007_ses-02_task-smrbmi_eeg.edf,111053536,True,True
ds004444,1.0.1,sub-007/ses-02/eeg/sub-007_ses-02_task-smrbmi_eeg.json,463,False,True
ds004444,1.0.1,sub-007/ses-02/eeg/sub-007_ses-02_task-smrbmi_electrodes.tsv,6169,False,True
ds004444,1.0.1,sub-007/ses-02/eeg/sub-007_ses-02_task-smrbmi_events.tsv,1603,False,True
ds004444,1.0.1,sub-007/ses-01/eeg/sub-007_ses-01_task-smrbmi_channels.tsv,3157,False,True
ds004444,1.0.1,sub-007/ses-01/eeg/sub-007_ses-01_task-smrbmi_eeg.edf,111053536,True,True
ds004444,1.0.1,sub-007/ses-01/eeg/sub-007_ses-01_task-smrbmi_eeg.json,463,False,True
ds004444,1.0.1,sub-007/ses-01/eeg/sub-007_ses-01_task-smrbmi_electrodes.tsv,6170,False,True
ds004444,1.0.1,sub-007/ses-01/eeg/sub-007_ses-01_task-smrbmi_events.tsv,1603,False,True
ds004444,1.0.1,sub-006/ses-16/eeg/sub-006_ses-16_task-smrbmi_channels.tsv,3157,False,True
ds004444,1.0.1,sub-006/ses-16/eeg/sub-006_ses-16_task-smrbmi_eeg.edf,110793536,True,True
ds004444,1.0.1,sub-006/ses-16/eeg/sub-006_ses-16_task-smrbmi_eeg.json,463,False,True
ds004444,1.0.1,sub-006/ses-16/eeg/sub-006_ses-16_task-smrbmi_electrodes.tsv,6166,False,True
ds004444,1.0.1,sub-006/ses-16/eeg/sub-006_ses-16_task-smrbmi_events.tsv,1603,False,True
ds004444,1.0.1,sub-006/ses-15/eeg/sub-006_ses-15_task-smrbmi_channels.tsv,3157,False,True
ds004444,1.0.1,sub-006/ses-15/eeg/sub-006_ses-15_task-smrbmi_eeg.edf,112093536,True,True
ds004444,1.0.1,sub-006/ses-15/eeg/sub-006_ses-15_task-smrbmi_eeg.json,462,False,True
ds004444,1.0.1,sub-006/ses-15/eeg/sub-006_ses-15_task-smrbmi_electrodes.tsv,6172,False,True
ds004444,1.0.1,sub-006/ses-15/eeg/sub-006_ses-15_task-smrbmi_events.tsv,1604,False,True
ds004444,1.0.1,sub-006/ses-14/eeg/sub-006_ses-14_task-smrbmi_channels.tsv,3157,False,True
ds004444,1.0.1,sub-006/ses-14/eeg/sub-006_ses-14_task-smrbmi_eeg.edf,110533536,True,True
ds004444,1.0.1,sub-006/ses-14/eeg/sub-006_ses-14_task-smrbmi_eeg.json,463,False,True
ds004444,1.0.1,sub-006/ses-14/eeg/sub-006_ses-14_task-smrbmi_electrodes.tsv,6162,False,True
ds004444,1.0.1,sub-006/ses-14/eeg/sub-006_ses-14_task-smrbmi_events.tsv,1603,False,True
ds004444,1.0.1,sub-006/ses-13/eeg/sub-006_ses-13_task-smrbmi_channels.tsv,3157,False,True
ds004444,1.0.1,sub-006/ses-13/eeg/sub-006_ses-13_task-smrbmi_eeg.edf,113393536,True,True
ds004444,1.0.1,sub-006/ses-13/eeg/sub-006_ses-13_task-smrbmi_eeg.json,463,False,True
ds004444,1.0.1,sub-006/ses-13/eeg/sub-006_ses-13_task-smrbmi_electrodes.tsv,6171,False,True
ds004444,1.0.1,sub-006/ses-13/eeg/sub-006_ses-13_task-smrbmi_events.tsv,1606,False,True
ds004444,1.0.1,sub-006/ses-12/eeg/sub-006_ses-12_task-smrbmi_channels.tsv,3157,False,True
ds004444,1.0.1,sub-006/ses-12/eeg/sub-006_ses-12_task-smrbmi_eeg.edf,110793536,True,True
ds004444,1.0.1,sub-006/ses-12/eeg/sub-006_ses-12_task-smrbmi_eeg.json,463,False,True
ds004444,1.0.1,sub-006/ses-12/eeg/sub-006_ses-12_task-smrbmi_electrodes.tsv,6167,False,True
ds004444,1.0.1,sub-006/ses-12/eeg/sub-006_ses-12_task-smrbmi_events.tsv,1603,False,True
ds004444,1.0.1,sub-006/ses-11/eeg/sub-006_ses-11_task-smrbmi_channels.tsv,3157,False,True
ds004444,1.0.1,sub-006/ses-11/eeg/sub-006_ses-11_task-smrbmi_eeg.edf,111833536,True,True
ds004444,1.0.1,sub-006/ses-11/eeg/sub-006_ses-11_task-smrbmi_eeg.json,463,False,True
ds004444,1.0.1,sub-006/ses-11/eeg/sub-006_ses-11_task-smrbmi_electrodes.tsv,6161,False,True
ds004444,1.0.1,sub-006/ses-11/eeg/sub-006_ses-11_task-smrbmi_events.tsv,1604,False,True
ds004444,1.0.1,sub-006/ses-10/eeg/sub-006_ses-10_task-smrbmi_channels.tsv,3157,False,True
ds004444,1.0.1,sub-006/ses-10/eeg/sub-006_ses-10_task-smrbmi_eeg.edf,111833536,True,True
ds004444,1.0.1,sub-006/ses-10/eeg/sub-006_ses-10_task-smrbmi_eeg.json,462,False,True
ds004444,1.0.1,sub-006/ses-10/eeg/sub-006_ses-10_task-smrbmi_electrodes.tsv,6163,False,True
ds004444,1.0.1,sub-006/ses-10/eeg/sub-006_ses-10_task-smrbmi_events.tsv,1603,False,True
ds004444,1.0.1,sub-006/ses-09/eeg/sub-006_ses-09_task-smrbmi_channels.tsv,3157,False,True
ds004444,1.0.1,sub-006/ses-09/eeg/sub-006_ses-09_task-smrbmi_eeg.edf,114173536,True,True
ds004444,1.0.1,sub-006/ses-09/eeg/sub-006_ses-09_task-smrbmi_eeg.json,463,False,True
ds004444,1.0.1,sub-006/ses-09/eeg/sub-006_ses-09_task-smrbmi_electrodes.tsv,6165,False,True
ds004444,1.0.1,sub-006/ses-09/eeg/sub-006_ses-09_task-smrbmi_events.tsv,1607,False,True
ds004444,1.0.1,sub-006/ses-08/eeg/sub-006_ses-08_task-smrbmi_channels.tsv,3157,False,True
ds004444,1.0.1,sub-006/ses-08/eeg/sub-006_ses-08_task-smrbmi_eeg.edf,110793536,True,True
ds004444,1.0.1,sub-006/ses-08/eeg/sub-006_ses-08_task-smrbmi_eeg.json,463,False,True
ds004444,1.0.1,sub-006/ses-08/eeg/sub-006_ses-08_task-smrbmi_electrodes.tsv,6161,False,True
ds004444,1.0.1,sub-006/ses-08/eeg/sub-006_ses-08_task-smrbmi_events.tsv,1603,False,True
ds004444,1.0.1,sub-006/ses-07/eeg/sub-006_ses-07_task-smrbmi_channels.tsv,3157,False,True
ds004444,1.0.1,sub-006/ses-07/eeg/sub-006_ses-07_task-smrbmi_eeg.edf,111833536,True,True
ds004444,1.0.1,sub-006/ses-07/eeg/sub-006_ses-07_task-smrbmi_eeg.json,463,False,True
ds004444,1.0.1,sub-006/ses-07/eeg/sub-006_ses-07_task-smrbmi_electrodes.tsv,6164,False,True
ds004444,1.0.1,sub-006/ses-07/eeg/sub-006_ses-07_task-smrbmi_events.tsv,1603,False,True
ds004444,1.0.1,sub-006/ses-06/eeg/sub-006_ses-06_task-smrbmi_channels.tsv,3157,False,True
ds004444,1.0.1,sub-006/ses-06/eeg/sub-006_ses-06_task-smrbmi_eeg.edf,113653536,True,True
ds004444,1.0.1,sub-006/ses-06/eeg/sub-006_ses-06_task-smrbmi_eeg.json,463,False,True
ds004444,1.0.1,sub-006/ses-06/eeg/sub-006_ses-06_task-smrbmi_electrodes.tsv,6161,False,True
ds004444,1.0.1,sub-006/ses-06/eeg/sub-006_ses-06_task-smrbmi_events.tsv,1606,False,True
ds004444,1.0.1,sub-006/ses-05/eeg/sub-006_ses-05_task-smrbmi_channels.tsv,3157,False,True
ds004444,1.0.1,sub-006/ses-05/eeg/sub-006_ses-05_task-smrbmi_eeg.edf,110793536,True,True
ds004444,1.0.1,sub-006/ses-05/eeg/sub-006_ses-05_task-smrbmi_eeg.json,463,False,True
ds004444,1.0.1,sub-006/ses-05/eeg/sub-006_ses-05_task-smrbmi_electrodes.tsv,6171,False,True
ds004444,1.0.1,sub-006/ses-05/eeg/sub-006_ses-05_task-smrbmi_events.tsv,1603,False,True
ds004444,1.0.1,sub-006/ses-04/eeg/sub-006_ses-04_task-smrbmi_channels.tsv,3157,False,True
ds004444,1.0.1,sub-006/ses-04/eeg/sub-006_ses-04_task-smrbmi_eeg.edf,111313536,True,True
ds004444,1.0.1,sub-006/ses-04/eeg/sub-006_ses-04_task-smrbmi_eeg.json,463,False,True
ds004444,1.0.1,sub-006/ses-04/eeg/sub-006_ses-04_task-smrbmi_electrodes.tsv,6170,False,True
ds004444,1.0.1,sub-006/ses-04/eeg/sub-006_ses-04_task-smrbmi_events.tsv,1603,False,True
ds004444,1.0.1,sub-006/ses-03/eeg/sub-006_ses-03_task-smrbmi_channels.tsv,3157,False,True
ds004444,1.0.1,sub-006/ses-03/eeg/sub-006_ses-03_task-smrbmi_eeg.edf,111313536,True,True
ds004444,1.0.1,sub-006/ses-03/eeg/sub-006_ses-03_task-smrbmi_eeg.json,463,False,True
ds004444,1.0.1,sub-006/ses-03/eeg/sub-006_ses-03_task-smrbmi_electrodes.tsv,6166,False,True
ds004444,1.0.1,sub-006/ses-03/eeg/sub-006_ses-03_task-smrbmi_events.tsv,1603,False,True
ds004444,1.0.1,sub-006/ses-02/eeg/sub-006_ses-02_task-smrbmi_channels.tsv,3157,False,True
ds004444,1.0.1,sub-006/ses-02/eeg/sub-006_ses-02_task-smrbmi_eeg.edf,111573536,True,True
ds004444,1.0.1,sub-006/ses-02/eeg/sub-006_ses-02_task-smrbmi_eeg.json,462,False,True
ds004444,1.0.1,sub-006/ses-02/eeg/sub-006_ses-02_task-smrbmi_electrodes.tsv,6166,False,True
ds004444,1.0.1,sub-006/ses-02/eeg/sub-006_ses-02_task-smrbmi_events.tsv,1603,False,True
ds004444,1.0.1,sub-006/ses-01/eeg/sub-006_ses-01_task-smrbmi_channels.tsv,3157,False,True
ds004444,1.0.1,sub-006/ses-01/eeg/sub-006_ses-01_task-smrbmi_eeg.edf,112093536,True,True
ds004444,1.0.1,sub-006/ses-01/eeg/sub-006_ses-01_task-smrbmi_eeg.json,463,False,True
ds004444,1.0.1,sub-006/ses-01/eeg/sub-006_ses-01_task-smrbmi_electrodes.tsv,6160,False,True
ds004444,1.0.1,sub-006/ses-01/eeg/sub-006_ses-01_task-smrbmi_events.tsv,1603,False,True
ds004444,1.0.1,sub-005/ses-16/eeg/sub-005_ses-16_task-smrbmi_channels.tsv,3157,False,True
ds004444,1.0.1,sub-005/ses-16/eeg/sub-005_ses-16_task-smrbmi_eeg.edf,111833536,True,True
ds004444,1.0.1,sub-005/ses-16/eeg/sub-005_ses-16_task-smrbmi_eeg.json,463,False,True
ds004444,1.0.1,sub-005/ses-16/eeg/sub-005_ses-16_task-smrbmi_electrodes.tsv,6163,False,True
ds004444,1.0.1,sub-005/ses-16/eeg/sub-005_ses-16_task-smrbmi_events.tsv,1603,False,True
ds004444,1.0.1,sub-005/ses-15/eeg/sub-005_ses-15_task-smrbmi_channels.tsv,3157,False,True
ds004444,1.0.1,sub-005/ses-15/eeg/sub-005_ses-15_task-smrbmi_eeg.edf,110793536,True,True
ds004444,1.0.1,sub-005/ses-15/eeg/sub-005_ses-15_task-smrbmi_eeg.json,463,False,True
ds004444,1.0.1,sub-005/ses-15/eeg/sub-005_ses-15_task-smrbmi_electrodes.tsv,6163,False,True
ds004444,1.0.1,sub-005/ses-15/eeg/sub-005_ses-15_task-smrbmi_events.tsv,1603,False,True
ds004444,1.0.1,sub-005/ses-14/eeg/sub-005_ses-14_task-smrbmi_channels.tsv,3157,False,True
ds004444,1.0.1,sub-005/ses-14/eeg/sub-005_ses-14_task-smrbmi_eeg.edf,111313536,True,True
ds004444,1.0.1,sub-005/ses-14/eeg/sub-005_ses-14_task-smrbmi_eeg.json,463,False,True
ds004444,1.0.1,sub-005/ses-14/eeg/sub-005_ses-14_task-smrbmi_electrodes.tsv,6170,False,True
ds004444,1.0.1,sub-005/ses-14/eeg/sub-005_ses-14_task-smrbmi_events.tsv,1603,False,True
ds004444,1.0.1,sub-005/ses-13/eeg/sub-005_ses-13_task-smrbmi_channels.tsv,3157,False,True
ds004444,1.0.1,sub-005/ses-13/eeg/sub-005_ses-13_task-smrbmi_eeg.edf,110793536,True,True
ds004444,1.0.1,sub-005/ses-13/eeg/sub-005_ses-13_task-smrbmi_eeg.json,463,False,True
ds004444,1.0.1,sub-005/ses-13/eeg/sub-005_ses-13_task-smrbmi_electrodes.tsv,6165,False,True
ds004444,1.0.1,sub-005/ses-13/eeg/sub-005_ses-13_task-smrbmi_events.tsv,1603,False,True
ds004444,1.0.1,sub-005/ses-12/eeg/sub-005_ses-12_task-smrbmi_channels.tsv,3157,False,True
ds004444,1.0.1,sub-005/ses-12/eeg/sub-005_ses-12_task-smrbmi_eeg.edf,111053536,True,True
ds004444,1.0.1,sub-005/ses-12/eeg/sub-005_ses-12_task-smrbmi_eeg.json,463,False,True
ds004444,1.0.1,sub-005/ses-12/eeg/sub-005_ses-12_task-smrbmi_electrodes.tsv,6167,False,True
ds004444,1.0.1,sub-005/ses-12/eeg/sub-005_ses-12_task-smrbmi_events.tsv,1603,False,True
ds004444,1.0.1,sub-005/ses-11/eeg/sub-005_ses-11_task-smrbmi_channels.tsv,3157,False,True
ds004444,1.0.1,sub-005/ses-11/eeg/sub-005_ses-11_task-smrbmi_eeg.edf,111313536,True,True
ds004444,1.0.1,sub-005/ses-11/eeg/sub-005_ses-11_task-smrbmi_eeg.json,463,False,True
ds004444,1.0.1,sub-005/ses-11/eeg/sub-005_ses-11_task-smrbmi_electrodes.tsv,6164,False,True
ds004444,1.0.1,sub-005/ses-11/eeg/sub-005_ses-11_task-smrbmi_events.tsv,1603,False,True
ds004444,1.0.1,sub-005/ses-10/eeg/sub-005_ses-10_task-smrbmi_channels.tsv,3157,False,True
ds004444,1.0.1,sub-005/ses-10/eeg/sub-005_ses-10_task-smrbmi_eeg.edf,112093536,True,True
ds004444,1.0.1,sub-005/ses-10/eeg/sub-005_ses-10_task-smrbmi_eeg.json,463,False,True
ds004444,1.0.1,sub-005/ses-10/eeg/sub-005_ses-10_task-smrbmi_electrodes.tsv,6170,False,True
ds004444,1.0.1,sub-005/ses-10/eeg/sub-005_ses-10_task-smrbmi_events.tsv,1603,False,True
ds004444,1.0.1,sub-005/ses-09/eeg/sub-005_ses-09_task-smrbmi_channels.tsv,3157,False,True
ds004444,1.0.1,sub-005/ses-09/eeg/sub-005_ses-09_task-smrbmi_eeg.edf,113913536,True,True
ds004444,1.0.1,sub-005/ses-09/eeg/sub-005_ses-09_task-smrbmi_eeg.json,463,False,True
ds004444,1.0.1,sub-005/ses-09/eeg/sub-005_ses-09_task-smrbmi_electrodes.tsv,6164,False,True
ds004444,1.0.1,sub-005/ses-09/eeg/sub-005_ses-09_task-smrbmi_events.tsv,1607,False,True
ds004444,1.0.1,sub-005/ses-08/eeg/sub-005_ses-08_task-smrbmi_channels.tsv,3157,False,True
ds004444,1.0.1,sub-005/ses-08/eeg/sub-005_ses-08_task-smrbmi_eeg.edf,110793536,True,True
ds004444,1.0.1,sub-005/ses-08/eeg/sub-005_ses-08_task-smrbmi_eeg.json,463,False,True
ds004444,1.0.1,sub-005/ses-08/eeg/sub-005_ses-08_task-smrbmi_electrodes.tsv,6168,False,True
ds004444,1.0.1,sub-005/ses-08/eeg/sub-005_ses-08_task-smrbmi_events.tsv,1603,False,True
ds004444,1.0.1,sub-005/ses-07/eeg/sub-005_ses-07_task-smrbmi_channels.tsv,3157,False,True
ds004444,1.0.1,sub-005/ses-07/eeg/sub-005_ses-07_task-smrbmi_eeg.edf,111573536,True,True
ds004444,1.0.1,sub-005/ses-07/eeg/sub-005_ses-07_task-smrbmi_eeg.json,463,False,True
ds004444,1.0.1,sub-005/ses-07/eeg/sub-005_ses-07_task-smrbmi_electrodes.tsv,6165,False,True
ds004444,1.0.1,sub-005/ses-07/eeg/sub-005_ses-07_task-smrbmi_events.tsv,1603,False,True
ds004444,1.0.1,sub-005/ses-06/eeg/sub-005_ses-06_task-smrbmi_channels.tsv,3157,False,True
ds004444,1.0.1,sub-005/ses-06/eeg/sub-005_ses-06_task-smrbmi_eeg.edf,111313536,True,True
ds004444,1.0.1,sub-005/ses-06/eeg/sub-005_ses-06_task-smrbmi_eeg.json,463,False,True
ds004444,1.0.1,sub-005/ses-06/eeg/sub-005_ses-06_task-smrbmi_electrodes.tsv,6168,False,True
ds004444,1.0.1,sub-005/ses-06/eeg/sub-005_ses-06_task-smrbmi_events.tsv,1603,False,True
ds004444,1.0.1,sub-005/ses-05/eeg/sub-005_ses-05_task-smrbmi_channels.tsv,3157,False,True
ds004444,1.0.1,sub-005/ses-05/eeg/sub-005_ses-05_task-smrbmi_eeg.edf,110793536,True,True
ds004444,1.0.1,sub-005/ses-05/eeg/sub-005_ses-05_task-smrbmi_eeg.json,463,False,True
ds004444,1.0.1,sub-005/ses-05/eeg/sub-005_ses-05_task-smrbmi_electrodes.tsv,6169,False,True
ds004444,1.0.1,sub-005/ses-05/eeg/sub-005_ses-05_task-smrbmi_events.tsv,1603,False,True
ds004444,1.0.1,sub-005/ses-04/eeg/sub-005_ses-04_task-smrbmi_channels.tsv,3157,False,True
ds004444,1.0.1,sub-005/ses-04/eeg/sub-005_ses-04_task-smrbmi_eeg.edf,110793536,True,True
ds004444,1.0.1,sub-005/ses-04/eeg/sub-005_ses-04_task-smrbmi_eeg.json,463,False,True
ds004444,1.0.1,sub-005/ses-04/eeg/sub-005_ses-04_task-smrbmi_electrodes.tsv,6170,False,True
ds004444,1.0.1,sub-005/ses-04/eeg/sub-005_ses-04_task-smrbmi_events.tsv,1603,False,True
ds004444,1.0.1,sub-005/ses-03/eeg/sub-005_ses-03_task-smrbmi_channels.tsv,3157,False,True
ds004444,1.0.1,sub-005/ses-03/eeg/sub-005_ses-03_task-smrbmi_eeg.edf,111573536,True,True
ds004444,1.0.1,sub-005/ses-03/eeg/sub-005_ses-03_task-smrbmi_eeg.json,462,False,True
ds004444,1.0.1,sub-005/ses-03/eeg/sub-005_ses-03_task-smrbmi_electrodes.tsv,6165,False,True
ds004444,1.0.1,sub-005/ses-03/eeg/sub-005_ses-03_task-smrbmi_events.tsv,1603,False,True
ds004444,1.0.1,sub-005/ses-02/eeg/sub-005_ses-02_task-smrbmi_channels.tsv,3157,False,True
ds004444,1.0.1,sub-005/ses-02/eeg/sub-005_ses-02_task-smrbmi_eeg.edf,111313536,True,True
ds004444,1.0.1,sub-005/ses-02/eeg/sub-005_ses-02_task-smrbmi_eeg.json,463,False,True
ds004444,1.0.1,sub-005/ses-02/eeg/sub-005_ses-02_task-smrbmi_electrodes.tsv,6170,False,True
ds004444,1.0.1,sub-005/ses-02/eeg/sub-005_ses-02_task-smrbmi_events.tsv,1603,False,True
ds004444,1.0.1,sub-005/ses-01/eeg/sub-005_ses-01_task-smrbmi_channels.tsv,3157,False,True
ds004444,1.0.1,sub-005/ses-01/eeg/sub-005_ses-01_task-smrbmi_eeg.edf,112873536,True,True
ds004444,1.0.1,sub-005/ses-01/eeg/sub-005_ses-01_task-smrbmi_eeg.json,463,False,True
ds004444,1.0.1,sub-005/ses-01/eeg/sub-005_ses-01_task-smrbmi_electrodes.tsv,6156,False,True
ds004444,1.0.1,sub-005/ses-01/eeg/sub-005_ses-01_task-smrbmi_events.tsv,1604,False,True
ds004444,1.0.1,sub-004/ses-16/eeg/sub-004_ses-16_task-smrbmi_channels.tsv,3157,False,True
ds004444,1.0.1,sub-004/ses-16/eeg/sub-004_ses-16_task-smrbmi_eeg.edf,111313536,True,True
ds004444,1.0.1,sub-004/ses-16/eeg/sub-004_ses-16_task-smrbmi_eeg.json,463,False,True
ds004444,1.0.1,sub-004/ses-16/eeg/sub-004_ses-16_task-smrbmi_electrodes.tsv,6159,False,True
ds004444,1.0.1,sub-004/ses-16/eeg/sub-004_ses-16_task-smrbmi_events.tsv,1603,False,True
ds004444,1.0.1,sub-004/ses-15/eeg/sub-004_ses-15_task-smrbmi_channels.tsv,3157,False,True
ds004444,1.0.1,sub-004/ses-15/eeg/sub-004_ses-15_task-smrbmi_eeg.edf,111573536,True,True
ds004444,1.0.1,sub-004/ses-15/eeg/sub-004_ses-15_task-smrbmi_eeg.json,463,False,True
ds004444,1.0.1,sub-004/ses-15/eeg/sub-004_ses-15_task-smrbmi_electrodes.tsv,6164,False,True
ds004444,1.0.1,sub-004/ses-15/eeg/sub-004_ses-15_task-smrbmi_events.tsv,1603,False,True
ds004444,1.0.1,sub-004/ses-14/eeg/sub-004_ses-14_task-smrbmi_channels.tsv,3157,False,True
ds004444,1.0.1,sub-004/ses-14/eeg/sub-004_ses-14_task-smrbmi_eeg.edf,114173536,True,True
ds004444,1.0.1,sub-004/ses-14/eeg/sub-004_ses-14_task-smrbmi_eeg.json,463,False,True
ds004444,1.0.1,sub-004/ses-14/eeg/sub-004_ses-14_task-smrbmi_electrodes.tsv,6161,False,True
ds004444,1.0.1,sub-004/ses-14/eeg/sub-004_ses-14_task-smrbmi_events.tsv,1607,False,True
ds004444,1.0.1,sub-004/ses-13/eeg/sub-004_ses-13_task-smrbmi_channels.tsv,3157,False,True
ds004444,1.0.1,sub-004/ses-13/eeg/sub-004_ses-13_task-smrbmi_eeg.edf,111833536,True,True
ds004444,1.0.1,sub-004/ses-13/eeg/sub-004_ses-13_task-smrbmi_eeg.json,463,False,True
ds004444,1.0.1,sub-004/ses-13/eeg/sub-004_ses-13_task-smrbmi_electrodes.tsv,6165,False,True
ds004444,1.0.1,sub-004/ses-13/eeg/sub-004_ses-13_task-smrbmi_events.tsv,1603,False,True
ds004444,1.0.1,sub-004/ses-12/eeg/sub-004_ses-12_task-smrbmi_channels.tsv,3157,False,True
ds004444,1.0.1,sub-004/ses-12/eeg/sub-004_ses-12_task-smrbmi_eeg.edf,114433536,True,True
ds004444,1.0.1,sub-004/ses-12/eeg/sub-004_ses-12_task-smrbmi_eeg.json,463,False,True
ds004444,1.0.1,sub-004/ses-12/eeg/sub-004_ses-12_task-smrbmi_electrodes.tsv,6174,False,True
ds004444,1.0.1,sub-004/ses-12/eeg/sub-004_ses-12_task-smrbmi_events.tsv,1607,False,True
ds004444,1.0.1,sub-004/ses-11/eeg/sub-004_ses-11_task-smrbmi_channels.tsv,3157,False,True
ds004444,1.0.1,sub-004/ses-11/eeg/sub-004_ses-11_task-smrbmi_eeg.edf,113653536,True,True
ds004444,1.0.1,sub-004/ses-11/eeg/sub-004_ses-11_task-smrbmi_eeg.json,463,False,True
ds004444,1.0.1,sub-004/ses-11/eeg/sub-004_ses-11_task-smrbmi_electrodes.tsv,6165,False,True
ds004444,1.0.1,sub-004/ses-11/eeg/sub-004_ses-11_task-smrbmi_events.tsv,1603,False,True
ds004444,1.0.1,sub-004/ses-10/eeg/sub-004_ses-10_task-smrbmi_channels.tsv,3157,False,True
ds004444,1.0.1,sub-004/ses-10/eeg/sub-004_ses-10_task-smrbmi_eeg.edf,111313536,True,True
ds004444,1.0.1,sub-004/ses-10/eeg/sub-004_ses-10_task-smrbmi_eeg.json,463,False,True
ds004444,1.0.1,sub-004/ses-10/eeg/sub-004_ses-10_task-smrbmi_electrodes.tsv,6166,False,True
ds004444,1.0.1,sub-004/ses-10/eeg/sub-004_ses-10_task-smrbmi_events.tsv,1603,False,True
ds004444,1.0.1,sub-004/ses-09/eeg/sub-004_ses-09_task-smrbmi_channels.tsv,3157,False,True
ds004444,1.0.1,sub-004/ses-09/eeg/sub-004_ses-09_task-smrbmi_eeg.edf,112873536,True,True
ds004444,1.0.1,sub-004/ses-09/eeg/sub-004_ses-09_task-smrbmi_eeg.json,463,False,True
ds004444,1.0.1,sub-004/ses-09/eeg/sub-004_ses-09_task-smrbmi_electrodes.tsv,6165,False,True
ds004444,1.0.1,sub-004/ses-09/eeg/sub-004_ses-09_task-smrbmi_events.tsv,1606,False,True
ds004444,1.0.1,sub-004/ses-08/eeg/sub-004_ses-08_task-smrbmi_channels.tsv,3157,False,True
ds004444,1.0.1,sub-004/ses-08/eeg/sub-004_ses-08_task-smrbmi_eeg.edf,111313536,True,True
ds004444,1.0.1,sub-004/ses-08/eeg/sub-004_ses-08_task-smrbmi_eeg.json,463,False,True
ds004444,1.0.1,sub-004/ses-08/eeg/sub-004_ses-08_task-smrbmi_electrodes.tsv,6165,False,True
ds004444,1.0.1,sub-004/ses-08/eeg/sub-004_ses-08_task-smrbmi_events.tsv,1603,False,True
ds004444,1.0.1,sub-004/ses-07/eeg/sub-004_ses-07_task-smrbmi_channels.tsv,3157,False,True
ds004444,1.0.1,sub-004/ses-07/eeg/sub-004_ses-07_task-smrbmi_eeg.edf,111053536,True,True
ds004444,1.0.1,sub-004/ses-07/eeg/sub-004_ses-07_task-smrbmi_eeg.json,463,False,True
ds004444,1.0.1,sub-004/ses-07/eeg/sub-004_ses-07_task-smrbmi_electrodes.tsv,6163,False,True
ds004444,1.0.1,sub-004/ses-07/eeg/sub-004_ses-07_task-smrbmi_events.tsv,1603,False,True
ds004444,1.0.1,sub-004/ses-06/eeg/sub-004_ses-06_task-smrbmi_channels.tsv,3157,False,True
ds004444,1.0.1,sub-004/ses-06/eeg/sub-004_ses-06_task-smrbmi_eeg.edf,111313536,True,True
ds004444,1.0.1,sub-004/ses-06/eeg/sub-004_ses-06_task-smrbmi_eeg.json,463,False,True
ds004444,1.0.1,sub-004/ses-06/eeg/sub-004_ses-06_task-smrbmi_electrodes.tsv,6168,False,True
ds004444,1.0.1,sub-004/ses-06/eeg/sub-004_ses-06_task-smrbmi_events.tsv,1603,False,True
ds004444,1.0.1,sub-004/ses-05/eeg/sub-004_ses-05_task-smrbmi_channels.tsv,3157,False,True
ds004444,1.0.1,sub-004/ses-05/eeg/sub-004_ses-05_task-smrbmi_eeg.edf,112353536,True,True
ds004444,1.0.1,sub-004/ses-05/eeg/sub-004_ses-05_task-smrbmi_eeg.json,463,False,True
ds004444,1.0.1,sub-004/ses-05/eeg/sub-004_ses-05_task-smrbmi_electrodes.tsv,6172,False,True
ds004444,1.0.1,sub-004/ses-05/eeg/sub-004_ses-05_task-smrbmi_events.tsv,1603,False,True
ds004444,1.0.1,sub-004/ses-04/eeg/sub-004_ses-04_task-smrbmi_channels.tsv,3157,False,True
ds004444,1.0.1,sub-004/ses-04/eeg/sub-004_ses-04_task-smrbmi_eeg.edf,114173536,True,True
ds004444,1.0.1,sub-004/ses-04/eeg/sub-004_ses-04_task-smrbmi_eeg.json,463,False,True
ds004444,1.0.1,sub-004/ses-04/eeg/sub-004_ses-04_task-smrbmi_electrodes.tsv,6163,False,True
ds004444,1.0.1,sub-004/ses-04/eeg/sub-004_ses-04_task-smrbmi_events.tsv,1607,False,True
ds004444,1.0.1,sub-004/ses-03/eeg/sub-004_ses-03_task-smrbmi_channels.tsv,3157,False,True
ds004444,1.0.1,sub-004/ses-03/eeg/sub-004_ses-03_task-smrbmi_eeg.edf,112613536,True,True
ds004444,1.0.1,sub-004/ses-03/eeg/sub-004_ses-03_task-smrbmi_eeg.json,463,False,True
ds004444,1.0.1,sub-004/ses-03/eeg/sub-004_ses-03_task-smrbmi_electrodes.tsv,6163,False,True
ds004444,1.0.1,sub-004/ses-03/eeg/sub-004_ses-03_task-smrbmi_events.tsv,1603,False,True
ds004444,1.0.1,sub-004/ses-02/eeg/sub-004_ses-02_task-smrbmi_channels.tsv,3157,False,True
ds004444,1.0.1,sub-004/ses-02/eeg/sub-004_ses-02_task-smrbmi_eeg.edf,111833536,True,True
ds004444,1.0.1,sub-004/ses-02/eeg/sub-004_ses-02_task-smrbmi_eeg.json,463,False,True
ds004444,1.0.1,sub-004/ses-02/eeg/sub-004_ses-02_task-smrbmi_electrodes.tsv,6104,False,True
ds004444,1.0.1,sub-004/ses-02/eeg/sub-004_ses-02_task-smrbmi_events.tsv,1603,False,True
ds004444,1.0.1,sub-004/ses-01/eeg/sub-004_ses-01_task-smrbmi_channels.tsv,3157,False,True
ds004444,1.0.1,sub-004/ses-01/eeg/sub-004_ses-01_task-smrbmi_eeg.edf,117033536,True,True
ds004444,1.0.1,sub-004/ses-01/eeg/sub-004_ses-01_task-smrbmi_eeg.json,463,False,True
ds004444,1.0.1,sub-004/ses-01/eeg/sub-004_ses-01_task-smrbmi_electrodes.tsv,6165,False,True
ds004444,1.0.1,sub-004/ses-01/eeg/sub-004_ses-01_task-smrbmi_events.tsv,1608,False,True
ds004444,1.0.1,sub-003/ses-16/eeg/sub-003_ses-16_task-smrbmi_channels.tsv,3157,False,True
ds004444,1.0.1,sub-003/ses-16/eeg/sub-003_ses-16_task-smrbmi_eeg.edf,113133536,True,True
ds004444,1.0.1,sub-003/ses-16/eeg/sub-003_ses-16_task-smrbmi_eeg.json,463,False,True
ds004444,1.0.1,sub-003/ses-16/eeg/sub-003_ses-16_task-smrbmi_electrodes.tsv,6169,False,True
ds004444,1.0.1,sub-003/ses-16/eeg/sub-003_ses-16_task-smrbmi_events.tsv,1606,False,True
ds004444,1.0.1,sub-003/ses-15/eeg/sub-003_ses-15_task-smrbmi_channels.tsv,3157,False,True
ds004444,1.0.1,sub-003/ses-15/eeg/sub-003_ses-15_task-smrbmi_eeg.edf,111573536,True,True
ds004444,1.0.1,sub-003/ses-15/eeg/sub-003_ses-15_task-smrbmi_eeg.json,463,False,True
ds004444,1.0.1,sub-003/ses-15/eeg/sub-003_ses-15_task-smrbmi_electrodes.tsv,6164,False,True
ds004444,1.0.1,sub-003/ses-15/eeg/sub-003_ses-15_task-smrbmi_events.tsv,1603,False,True
ds004444,1.0.1,sub-003/ses-14/eeg/sub-003_ses-14_task-smrbmi_channels.tsv,3157,False,True
ds004444,1.0.1,sub-003/ses-14/eeg/sub-003_ses-14_task-smrbmi_eeg.edf,111573536,True,True
ds004444,1.0.1,sub-003/ses-14/eeg/sub-003_ses-14_task-smrbmi_eeg.json,463,False,True
ds004444,1.0.1,sub-003/ses-14/eeg/sub-003_ses-14_task-smrbmi_electrodes.tsv,6168,False,True
ds004444,1.0.1,sub-003/ses-14/eeg/sub-003_ses-14_task-smrbmi_events.tsv,1603,False,True
ds004444,1.0.1,sub-003/ses-13/eeg/sub-003_ses-13_task-smrbmi_channels.tsv,3157,False,True
ds004444,1.0.1,sub-003/ses-13/eeg/sub-003_ses-13_task-smrbmi_eeg.edf,111573536,True,True
ds004444,1.0.1,sub-003/ses-13/eeg/sub-003_ses-13_task-smrbmi_eeg.json,463,False,True
ds004444,1.0.1,sub-003/ses-13/eeg/sub-003_ses-13_task-smrbmi_electrodes.tsv,6169,False,True
ds004444,1.0.1,sub-003/ses-13/eeg/sub-003_ses-13_task-smrbmi_events.tsv,1603,False,True
ds004444,1.0.1,sub-003/ses-12/eeg/sub-003_ses-12_task-smrbmi_channels.tsv,3157,False,True
ds004444,1.0.1,sub-003/ses-12/eeg/sub-003_ses-12_task-smrbmi_eeg.edf,111313536,True,True
ds004444,1.0.1,sub-003/ses-12/eeg/sub-003_ses-12_task-smrbmi_eeg.json,463,False,True
ds004444,1.0.1,sub-003/ses-12/eeg/sub-003_ses-12_task-smrbmi_electrodes.tsv,6167,False,True
ds004444,1.0.1,sub-003/ses-12/eeg/sub-003_ses-12_task-smrbmi_events.tsv,1603,False,True
ds004444,1.0.1,sub-003/ses-11/eeg/sub-003_ses-11_task-smrbmi_channels.tsv,3157,False,True
ds004444,1.0.1,sub-003/ses-11/eeg/sub-003_ses-11_task-smrbmi_eeg.edf,111573536,True,True
ds004444,1.0.1,sub-003/ses-11/eeg/sub-003_ses-11_task-smrbmi_eeg.json,463,False,True
ds004444,1.0.1,sub-003/ses-11/eeg/sub-003_ses-11_task-smrbmi_electrodes.tsv,6160,False,True
ds004444,1.0.1,sub-003/ses-11/eeg/sub-003_ses-11_task-smrbmi_events.tsv,1603,False,True
ds004444,1.0.1,sub-003/ses-10/eeg/sub-003_ses-10_task-smrbmi_channels.tsv,3157,False,True
ds004444,1.0.1,sub-003/ses-10/eeg/sub-003_ses-10_task-smrbmi_eeg.edf,111833536,True,True
ds004444,1.0.1,sub-003/ses-10/eeg/sub-003_ses-10_task-smrbmi_eeg.json,463,False,True
ds004444,1.0.1,sub-003/ses-10/eeg/sub-003_ses-10_task-smrbmi_electrodes.tsv,6167,False,True
ds004444,1.0.1,sub-003/ses-10/eeg/sub-003_ses-10_task-smrbmi_events.tsv,1603,False,True
ds004444,1.0.1,sub-003/ses-09/eeg/sub-003_ses-09_task-smrbmi_channels.tsv,3157,False,True
ds004444,1.0.1,sub-003/ses-09/eeg/sub-003_ses-09_task-smrbmi_eeg.edf,116253536,True,True
ds004444,1.0.1,sub-003/ses-09/eeg/sub-003_ses-09_task-smrbmi_eeg.json,463,False,True
ds004444,1.0.1,sub-003/ses-09/eeg/sub-003_ses-09_task-smrbmi_electrodes.tsv,6163,False,True
ds004444,1.0.1,sub-003/ses-09/eeg/sub-003_ses-09_task-smrbmi_events.tsv,1607,False,True
ds004444,1.0.1,sub-003/ses-08/eeg/sub-003_ses-08_task-smrbmi_channels.tsv,3157,False,True
ds004444,1.0.1,sub-003/ses-08/eeg/sub-003_ses-08_task-smrbmi_eeg.edf,111053536,True,True
ds004444,1.0.1,sub-003/ses-08/eeg/sub-003_ses-08_task-smrbmi_eeg.json,463,False,True
ds004444,1.0.1,sub-003/ses-08/eeg/sub-003_ses-08_task-smrbmi_electrodes.tsv,6165,False,True
ds004444,1.0.1,sub-003/ses-08/eeg/sub-003_ses-08_task-smrbmi_events.tsv,1603,False,True
ds004444,1.0.1,sub-003/ses-07/eeg/sub-003_ses-07_task-smrbmi_channels.tsv,3157,False,True
ds004444,1.0.1,sub-003/ses-07/eeg/sub-003_ses-07_task-smrbmi_eeg.edf,111573536,True,True
ds004444,1.0.1,sub-003/ses-07/eeg/sub-003_ses-07_task-smrbmi_eeg.json,463,False,True
ds004444,1.0.1,sub-003/ses-07/eeg/sub-003_ses-07_task-smrbmi_electrodes.tsv,6165,False,True
ds004444,1.0.1,sub-003/ses-07/eeg/sub-003_ses-07_task-smrbmi_events.tsv,1603,False,True
ds004444,1.0.1,sub-003/ses-06/eeg/sub-003_ses-06_task-smrbmi_channels.tsv,3157,False,True
ds004444,1.0.1,sub-003/ses-06/eeg/sub-003_ses-06_task-smrbmi_eeg.edf,111833536,True,True
ds004444,1.0.1,sub-003/ses-06/eeg/sub-003_ses-06_task-smrbmi_eeg.json,463,False,True
ds004444,1.0.1,sub-003/ses-06/eeg/sub-003_ses-06_task-smrbmi_electrodes.tsv,6168,False,True
ds004444,1.0.1,sub-003/ses-06/eeg/sub-003_ses-06_task-smrbmi_events.tsv,1603,False,True
ds004444,1.0.1,sub-003/ses-05/eeg/sub-003_ses-05_task-smrbmi_channels.tsv,3157,False,True
ds004444,1.0.1,sub-003/ses-05/eeg/sub-003_ses-05_task-smrbmi_eeg.edf,111573536,True,True
ds004444,1.0.1,sub-003/ses-05/eeg/sub-003_ses-05_task-smrbmi_eeg.json,463,False,True
ds004444,1.0.1,sub-003/ses-05/eeg/sub-003_ses-05_task-smrbmi_electrodes.tsv,6164,False,True
ds004444,1.0.1,sub-003/ses-05/eeg/sub-003_ses-05_task-smrbmi_events.tsv,1603,False,True
ds004444,1.0.1,sub-003/ses-04/eeg/sub-003_ses-04_task-smrbmi_channels.tsv,3157,False,True
ds004444,1.0.1,sub-003/ses-04/eeg/sub-003_ses-04_task-smrbmi_eeg.edf,119113536,True,True
ds004444,1.0.1,sub-003/ses-04/eeg/sub-003_ses-04_task-smrbmi_eeg.json,463,False,True
ds004444,1.0.1,sub-003/ses-04/eeg/sub-003_ses-04_task-smrbmi_electrodes.tsv,6173,False,True
ds004444,1.0.1,sub-003/ses-04/eeg/sub-003_ses-04_task-smrbmi_events.tsv,1603,False,True
ds004444,1.0.1,sub-003/ses-03/eeg/sub-003_ses-03_task-smrbmi_channels.tsv,3157,False,True
ds004444,1.0.1,sub-003/ses-03/eeg/sub-003_ses-03_task-smrbmi_eeg.edf,111573536,True,True
ds004444,1.0.1,sub-003/ses-03/eeg/sub-003_ses-03_task-smrbmi_eeg.json,463,False,True
ds004444,1.0.1,sub-003/ses-03/eeg/sub-003_ses-03_task-smrbmi_electrodes.tsv,6162,False,True
ds004444,1.0.1,sub-003/ses-03/eeg/sub-003_ses-03_task-smrbmi_events.tsv,1603,False,True
ds004444,1.0.1,sub-003/ses-02/eeg/sub-003_ses-02_task-smrbmi_channels.tsv,3157,False,True
ds004444,1.0.1,sub-003/ses-02/eeg/sub-003_ses-02_task-smrbmi_eeg.edf,111573536,True,True
ds004444,1.0.1,sub-003/ses-02/eeg/sub-003_ses-02_task-smrbmi_eeg.json,463,False,True
ds004444,1.0.1,sub-003/ses-02/eeg/sub-003_ses-02_task-smrbmi_electrodes.tsv,6169,False,True
ds004444,1.0.1,sub-003/ses-02/eeg/sub-003_ses-02_task-smrbmi_events.tsv,1603,False,True
ds004444,1.0.1,sub-003/ses-01/eeg/sub-003_ses-01_task-smrbmi_channels.tsv,3157,False,True
ds004444,1.0.1,sub-003/ses-01/eeg/sub-003_ses-01_task-smrbmi_eeg.edf,112093536,True,True
ds004444,1.0.1,sub-003/ses-01/eeg/sub-003_ses-01_task-smrbmi_eeg.json,463,False,True
ds004444,1.0.1,sub-003/ses-01/eeg/sub-003_ses-01_task-smrbmi_electrodes.tsv,6170,False,True
ds004444,1.0.1,sub-003/ses-01/eeg/sub-003_ses-01_task-smrbmi_events.tsv,1606,False,True
ds004444,1.0.1,sub-002/ses-16/eeg/sub-002_ses-16_task-smrbmi_channels.tsv,3157,False,True
ds004444,1.0.1,sub-002/ses-16/eeg/sub-002_ses-16_task-smrbmi_eeg.edf,111053536,True,True
ds004444,1.0.1,sub-002/ses-16/eeg/sub-002_ses-16_task-smrbmi_eeg.json,463,False,True
ds004444,1.0.1,sub-002/ses-16/eeg/sub-002_ses-16_task-smrbmi_electrodes.tsv,6159,False,True
ds004444,1.0.1,sub-002/ses-16/eeg/sub-002_ses-16_task-smrbmi_events.tsv,1603,False,True
ds004444,1.0.1,sub-002/ses-15/eeg/sub-002_ses-15_task-smrbmi_channels.tsv,3157,False,True
ds004444,1.0.1,sub-002/ses-15/eeg/sub-002_ses-15_task-smrbmi_eeg.edf,111053536,True,True
ds004444,1.0.1,sub-002/ses-15/eeg/sub-002_ses-15_task-smrbmi_eeg.json,463,False,True
ds004444,1.0.1,sub-002/ses-15/eeg/sub-002_ses-15_task-smrbmi_electrodes.tsv,6164,False,True
ds004444,1.0.1,sub-002/ses-15/eeg/sub-002_ses-15_task-smrbmi_events.tsv,1603,False,True
ds004444,1.0.1,sub-002/ses-14/eeg/sub-002_ses-14_task-smrbmi_channels.tsv,3157,False,True
ds004444,1.0.1,sub-002/ses-14/eeg/sub-002_ses-14_task-smrbmi_eeg.edf,110793536,True,True
ds004444,1.0.1,sub-002/ses-14/eeg/sub-002_ses-14_task-smrbmi_eeg.json,463,False,True
ds004444,1.0.1,sub-002/ses-14/eeg/sub-002_ses-14_task-smrbmi_electrodes.tsv,6168,False,True
ds004444,1.0.1,sub-002/ses-14/eeg/sub-002_ses-14_task-smrbmi_events.tsv,1603,False,True
ds004444,1.0.1,sub-002/ses-13/eeg/sub-002_ses-13_task-smrbmi_channels.tsv,3157,False,True
ds004444,1.0.1,sub-002/ses-13/eeg/sub-002_ses-13_task-smrbmi_eeg.edf,111053536,True,True
ds004444,1.0.1,sub-002/ses-13/eeg/sub-002_ses-13_task-smrbmi_eeg.json,462,False,True
ds004444,1.0.1,sub-002/ses-13/eeg/sub-002_ses-13_task-smrbmi_electrodes.tsv,6163,False,True
ds004444,1.0.1,sub-002/ses-13/eeg/sub-002_ses-13_task-smrbmi_events.tsv,1603,False,True
ds004444,1.0.1,sub-002/ses-12/eeg/sub-002_ses-12_task-smrbmi_channels.tsv,3157,False,True
ds004444,1.0.1,sub-002/ses-12/eeg/sub-002_ses-12_task-smrbmi_eeg.edf,111053536,True,True
ds004444,1.0.1,sub-002/ses-12/eeg/sub-002_ses-12_task-smrbmi_eeg.json,463,False,True
ds004444,1.0.1,sub-002/ses-12/eeg/sub-002_ses-12_task-smrbmi_electrodes.tsv,6159,False,True
ds004444,1.0.1,sub-002/ses-12/eeg/sub-002_ses-12_task-smrbmi_events.tsv,1603,False,True
ds004444,1.0.1,sub-002/ses-11/eeg/sub-002_ses-11_task-smrbmi_channels.tsv,3157,False,True
ds004444,1.0.1,sub-002/ses-11/eeg/sub-002_ses-11_task-smrbmi_eeg.edf,111313536,True,True
ds004444,1.0.1,sub-002/ses-11/eeg/sub-002_ses-11_task-smrbmi_eeg.json,463,False,True
ds004444,1.0.1,sub-002/ses-11/eeg/sub-002_ses-11_task-smrbmi_electrodes.tsv,6171,False,True
ds004444,1.0.1,sub-002/ses-11/eeg/sub-002_ses-11_task-smrbmi_events.tsv,1603,False,True
ds004444,1.0.1,sub-002/ses-10/eeg/sub-002_ses-10_task-smrbmi_channels.tsv,3157,False,True
ds004444,1.0.1,sub-002/ses-10/eeg/sub-002_ses-10_task-smrbmi_eeg.edf,111053536,True,True
ds004444,1.0.1,sub-002/ses-10/eeg/sub-002_ses-10_task-smrbmi_eeg.json,463,False,True
ds004444,1.0.1,sub-002/ses-10/eeg/sub-002_ses-10_task-smrbmi_electrodes.tsv,6155,False,True
ds004444,1.0.1,sub-002/ses-10/eeg/sub-002_ses-10_task-smrbmi_events.tsv,1603,False,True
ds004444,1.0.1,sub-002/ses-09/eeg/sub-002_ses-09_task-smrbmi_channels.tsv,3157,False,True
ds004444,1.0.1,sub-002/ses-09/eeg/sub-002_ses-09_task-smrbmi_eeg.edf,111053536,True,True
ds004444,1.0.1,sub-002/ses-09/eeg/sub-002_ses-09_task-smrbmi_eeg.json,463,False,True
ds004444,1.0.1,sub-002/ses-09/eeg/sub-002_ses-09_task-smrbmi_electrodes.tsv,6173,False,True
ds004444,1.0.1,sub-002/ses-09/eeg/sub-002_ses-09_task-smrbmi_events.tsv,1603,False,True
ds004444,1.0.1,sub-002/ses-08/eeg/sub-002_ses-08_task-smrbmi_channels.tsv,3157,False,True
ds004444,1.0.1,sub-002/ses-08/eeg/sub-002_ses-08_task-smrbmi_eeg.edf,112613536,True,True
ds004444,1.0.1,sub-002/ses-08/eeg/sub-002_ses-08_task-smrbmi_eeg.json,463,False,True
ds004444,1.0.1,sub-002/ses-08/eeg/sub-002_ses-08_task-smrbmi_electrodes.tsv,6168,False,True
ds004444,1.0.1,sub-002/ses-08/eeg/sub-002_ses-08_task-smrbmi_events.tsv,1603,False,True
ds004444,1.0.1,sub-002/ses-07/eeg/sub-002_ses-07_task-smrbmi_channels.tsv,3157,False,True
ds004444,1.0.1,sub-002/ses-07/eeg/sub-002_ses-07_task-smrbmi_eeg.edf,111313536,True,True
ds004444,1.0.1,sub-002/ses-07/eeg/sub-002_ses-07_task-smrbmi_eeg.json,463,False,True
ds004444,1.0.1,sub-002/ses-07/eeg/sub-002_ses-07_task-smrbmi_electrodes.tsv,6168,False,True
ds004444,1.0.1,sub-002/ses-07/eeg/sub-002_ses-07_task-smrbmi_events.tsv,1603,False,True
ds004444,1.0.1,sub-002/ses-06/eeg/sub-002_ses-06_task-smrbmi_channels.tsv,3157,False,True
ds004444,1.0.1,sub-002/ses-06/eeg/sub-002_ses-06_task-smrbmi_eeg.edf,111313536,True,True
ds004444,1.0.1,sub-002/ses-06/eeg/sub-002_ses-06_task-smrbmi_eeg.json,463,False,True
ds004444,1.0.1,sub-002/ses-06/eeg/sub-002_ses-06_task-smrbmi_electrodes.tsv,6166,False,True
ds004444,1.0.1,sub-002/ses-06/eeg/sub-002_ses-06_task-smrbmi_events.tsv,1603,False,True
ds004444,1.0.1,sub-002/ses-05/eeg/sub-002_ses-05_task-smrbmi_channels.tsv,3157,False,True
ds004444,1.0.1,sub-002/ses-05/eeg/sub-002_ses-05_task-smrbmi_eeg.edf,111053536,True,True
ds004444,1.0.1,sub-002/ses-05/eeg/sub-002_ses-05_task-smrbmi_eeg.json,463,False,True
ds004444,1.0.1,sub-002/ses-05/eeg/sub-002_ses-05_task-smrbmi_electrodes.tsv,6166,False,True
ds004444,1.0.1,sub-002/ses-05/eeg/sub-002_ses-05_task-smrbmi_events.tsv,1603,False,True
ds004444,1.0.1,sub-002/ses-04/eeg/sub-002_ses-04_task-smrbmi_channels.tsv,3157,False,True
ds004444,1.0.1,sub-002/ses-04/eeg/sub-002_ses-04_task-smrbmi_eeg.edf,111573536,True,True
ds004444,1.0.1,sub-002/ses-04/eeg/sub-002_ses-04_task-smrbmi_eeg.json,463,False,True
ds004444,1.0.1,sub-002/ses-04/eeg/sub-002_ses-04_task-smrbmi_electrodes.tsv,6160,False,True
ds004444,1.0.1,sub-002/ses-04/eeg/sub-002_ses-04_task-smrbmi_events.tsv,1603,False,True
ds004444,1.0.1,sub-002/ses-03/eeg/sub-002_ses-03_task-smrbmi_channels.tsv,3157,False,True
ds004444,1.0.1,sub-002/ses-03/eeg/sub-002_ses-03_task-smrbmi_eeg.edf,111313536,True,True
ds004444,1.0.1,sub-002/ses-03/eeg/sub-002_ses-03_task-smrbmi_eeg.json,462,False,True
ds004444,1.0.1,sub-002/ses-03/eeg/sub-002_ses-03_task-smrbmi_electrodes.tsv,6162,False,True
ds004444,1.0.1,sub-002/ses-03/eeg/sub-002_ses-03_task-smrbmi_events.tsv,1603,False,True
ds004444,1.0.1,sub-002/ses-02/eeg/sub-002_ses-02_task-smrbmi_channels.tsv,3157,False,True
ds004444,1.0.1,sub-002/ses-02/eeg/sub-002_ses-02_task-smrbmi_eeg.edf,111313536,True,True
ds004444,1.0.1,sub-002/ses-02/eeg/sub-002_ses-02_task-smrbmi_eeg.json,463,False,True
ds004444,1.0.1,sub-002/ses-02/eeg/sub-002_ses-02_task-smrbmi_electrodes.tsv,6165,False,True
ds004444,1.0.1,sub-002/ses-02/eeg/sub-002_ses-02_task-smrbmi_events.tsv,1603,False,True
ds004444,1.0.1,sub-002/ses-01/eeg/sub-002_ses-01_task-smrbmi_channels.tsv,3157,False,True
ds004444,1.0.1,sub-002/ses-01/eeg/sub-002_ses-01_task-smrbmi_eeg.edf,113133536,True,True
ds004444,1.0.1,sub-002/ses-01/eeg/sub-002_ses-01_task-smrbmi_eeg.json,463,False,True
ds004444,1.0.1,sub-002/ses-01/eeg/sub-002_ses-01_task-smrbmi_electrodes.tsv,6164,False,True
ds004444,1.0.1,sub-002/ses-01/eeg/sub-002_ses-01_task-smrbmi_events.tsv,1606,False,True
ds004444,1.0.1,sub-001/ses-16/eeg/sub-001_ses-16_task-smrbmi_channels.tsv,3157,False,True
ds004444,1.0.1,sub-001/ses-16/eeg/sub-001_ses-16_task-smrbmi_eeg.edf,110793536,True,True
ds004444,1.0.1,sub-001/ses-16/eeg/sub-001_ses-16_task-smrbmi_eeg.json,463,False,True
ds004444,1.0.1,sub-001/ses-16/eeg/sub-001_ses-16_task-smrbmi_electrodes.tsv,6170,False,True
ds004444,1.0.1,sub-001/ses-16/eeg/sub-001_ses-16_task-smrbmi_events.tsv,1603,False,True
ds004444,1.0.1,sub-001/ses-15/eeg/sub-001_ses-15_task-smrbmi_channels.tsv,3157,False,True
ds004444,1.0.1,sub-001/ses-15/eeg/sub-001_ses-15_task-smrbmi_eeg.edf,110533536,True,True
ds004444,1.0.1,sub-001/ses-15/eeg/sub-001_ses-15_task-smrbmi_eeg.json,462,False,True
ds004444,1.0.1,sub-001/ses-15/eeg/sub-001_ses-15_task-smrbmi_electrodes.tsv,6165,False,True
ds004444,1.0.1,sub-001/ses-15/eeg/sub-001_ses-15_task-smrbmi_events.tsv,1603,False,True
ds004444,1.0.1,sub-001/ses-14/eeg/sub-001_ses-14_task-smrbmi_channels.tsv,3157,False,True
ds004444,1.0.1,sub-001/ses-14/eeg/sub-001_ses-14_task-smrbmi_eeg.edf,111053536,True,True
ds004444,1.0.1,sub-001/ses-14/eeg/sub-001_ses-14_task-smrbmi_eeg.json,463,False,True
ds004444,1.0.1,sub-001/ses-14/eeg/sub-001_ses-14_task-smrbmi_electrodes.tsv,6169,False,True
ds004444,1.0.1,sub-001/ses-14/eeg/sub-001_ses-14_task-smrbmi_events.tsv,1603,False,True
ds004444,1.0.1,sub-001/ses-13/eeg/sub-001_ses-13_task-smrbmi_channels.tsv,3157,False,True
ds004444,1.0.1,sub-001/ses-13/eeg/sub-001_ses-13_task-smrbmi_eeg.edf,111313536,True,True
ds004444,1.0.1,sub-001/ses-13/eeg/sub-001_ses-13_task-smrbmi_eeg.json,463,False,True
ds004444,1.0.1,sub-001/ses-13/eeg/sub-001_ses-13_task-smrbmi_electrodes.tsv,6171,False,True
ds004444,1.0.1,sub-001/ses-13/eeg/sub-001_ses-13_task-smrbmi_events.tsv,1603,False,True
ds004444,1.0.1,sub-001/ses-12/eeg/sub-001_ses-12_task-smrbmi_channels.tsv,3157,False,True
ds004444,1.0.1,sub-001/ses-12/eeg/sub-001_ses-12_task-smrbmi_eeg.edf,111313536,True,True
ds004444,1.0.1,sub-001/ses-12/eeg/sub-001_ses-12_task-smrbmi_eeg.json,463,False,True
ds004444,1.0.1,sub-001/ses-12/eeg/sub-001_ses-12_task-smrbmi_electrodes.tsv,6169,False,True
ds004444,1.0.1,sub-001/ses-12/eeg/sub-001_ses-12_task-smrbmi_events.tsv,1603,False,True
ds004444,1.0.1,sub-001/ses-11/eeg/sub-001_ses-11_task-smrbmi_channels.tsv,3157,False,True
ds004444,1.0.1,sub-001/ses-11/eeg/sub-001_ses-11_task-smrbmi_eeg.edf,111053536,True,True
ds004444,1.0.1,sub-001/ses-11/eeg/sub-001_ses-11_task-smrbmi_eeg.json,463,False,True
ds004444,1.0.1,sub-001/ses-11/eeg/sub-001_ses-11_task-smrbmi_electrodes.tsv,6167,False,True
ds004444,1.0.1,sub-001/ses-11/eeg/sub-001_ses-11_task-smrbmi_events.tsv,1603,False,True
ds004444,1.0.1,sub-001/ses-10/eeg/sub-001_ses-10_task-smrbmi_channels.tsv,3157,False,True
ds004444,1.0.1,sub-001/ses-10/eeg/sub-001_ses-10_task-smrbmi_eeg.edf,111053536,True,True
ds004444,1.0.1,sub-001/ses-10/eeg/sub-001_ses-10_task-smrbmi_eeg.json,463,False,True
ds004444,1.0.1,sub-001/ses-10/eeg/sub-001_ses-10_task-smrbmi_electrodes.tsv,6173,False,True
ds004444,1.0.1,sub-001/ses-10/eeg/sub-001_ses-10_task-smrbmi_events.tsv,1603,False,True
ds004444,1.0.1,sub-001/ses-09/eeg/sub-001_ses-09_task-smrbmi_channels.tsv,3157,False,True
ds004444,1.0.1,sub-001/ses-09/eeg/sub-001_ses-09_task-smrbmi_eeg.edf,113393536,True,True
ds004444,1.0.1,sub-001/ses-09/eeg/sub-001_ses-09_task-smrbmi_eeg.json,463,False,True
ds004444,1.0.1,sub-001/ses-09/eeg/sub-001_ses-09_task-smrbmi_electrodes.tsv,6157,False,True
ds004444,1.0.1,sub-001/ses-09/eeg/sub-001_ses-09_task-smrbmi_events.tsv,1606,False,True
ds004444,1.0.1,sub-001/ses-08/eeg/sub-001_ses-08_task-smrbmi_channels.tsv,3157,False,True
ds004444,1.0.1,sub-001/ses-08/eeg/sub-001_ses-08_task-smrbmi_eeg.edf,114173536,True,True
ds004444,1.0.1,sub-001/ses-08/eeg/sub-001_ses-08_task-smrbmi_eeg.json,463,False,True
ds004444,1.0.1,sub-001/ses-08/eeg/sub-001_ses-08_task-smrbmi_electrodes.tsv,6169,False,True
ds004444,1.0.1,sub-001/ses-08/eeg/sub-001_ses-08_task-smrbmi_events.tsv,1607,False,True
ds004444,1.0.1,sub-001/ses-07/eeg/sub-001_ses-07_task-smrbmi_channels.tsv,3157,False,True
ds004444,1.0.1,sub-001/ses-07/eeg/sub-001_ses-07_task-smrbmi_eeg.edf,111053536,True,True
ds004444,1.0.1,sub-001/ses-07/eeg/sub-001_ses-07_task-smrbmi_eeg.json,463,False,True
ds004444,1.0.1,sub-001/ses-07/eeg/sub-001_ses-07_task-smrbmi_electrodes.tsv,6161,False,True
ds004444,1.0.1,sub-001/ses-07/eeg/sub-001_ses-07_task-smrbmi_events.tsv,1603,False,True
ds004444,1.0.1,sub-001/ses-06/eeg/sub-001_ses-06_task-smrbmi_channels.tsv,3157,False,True
ds004444,1.0.1,sub-001/ses-06/eeg/sub-001_ses-06_task-smrbmi_eeg.edf,114693536,True,True
ds004444,1.0.1,sub-001/ses-06/eeg/sub-001_ses-06_task-smrbmi_eeg.json,462,False,True
ds004444,1.0.1,sub-001/ses-06/eeg/sub-001_ses-06_task-smrbmi_electrodes.tsv,6164,False,True
ds004444,1.0.1,sub-001/ses-06/eeg/sub-001_ses-06_task-smrbmi_events.tsv,1603,False,True
ds004444,1.0.1,sub-001/ses-05/eeg/sub-001_ses-05_task-smrbmi_channels.tsv,3157,False,True
ds004444,1.0.1,sub-001/ses-05/eeg/sub-001_ses-05_task-smrbmi_eeg.edf,111313536,True,True
ds004444,1.0.1,sub-001/ses-05/eeg/sub-001_ses-05_task-smrbmi_eeg.json,463,False,True
ds004444,1.0.1,sub-001/ses-05/eeg/sub-001_ses-05_task-smrbmi_electrodes.tsv,6167,False,True
ds004444,1.0.1,sub-001/ses-05/eeg/sub-001_ses-05_task-smrbmi_events.tsv,1603,False,True
ds004444,1.0.1,sub-001/ses-04/eeg/sub-001_ses-04_task-smrbmi_channels.tsv,3157,False,True
ds004444,1.0.1,sub-001/ses-04/eeg/sub-001_ses-04_task-smrbmi_eeg.edf,112353536,True,True
ds004444,1.0.1,sub-001/ses-04/eeg/sub-001_ses-04_task-smrbmi_eeg.json,463,False,True
ds004444,1.0.1,sub-001/ses-04/eeg/sub-001_ses-04_task-smrbmi_electrodes.tsv,6165,False,True
ds004444,1.0.1,sub-001/ses-04/eeg/sub-001_ses-04_task-smrbmi_events.tsv,1603,False,True
ds004444,1.0.1,sub-001/ses-03/eeg/sub-001_ses-03_task-smrbmi_channels.tsv,3157,False,True
ds004444,1.0.1,sub-001/ses-03/eeg/sub-001_ses-03_task-smrbmi_eeg.edf,111313536,True,True
ds004444,1.0.1,sub-001/ses-03/eeg/sub-001_ses-03_task-smrbmi_eeg.json,463,False,True
ds004444,1.0.1,sub-001/ses-03/eeg/sub-001_ses-03_task-smrbmi_electrodes.tsv,6168,False,True
ds004444,1.0.1,sub-001/ses-03/eeg/sub-001_ses-03_task-smrbmi_events.tsv,1603,False,True
ds004444,1.0.1,sub-001/ses-02/eeg/sub-001_ses-02_task-smrbmi_channels.tsv,3157,False,True
ds004444,1.0.1,sub-001/ses-02/eeg/sub-001_ses-02_task-smrbmi_eeg.edf,111573536,True,True
ds004444,1.0.1,sub-001/ses-02/eeg/sub-001_ses-02_task-smrbmi_eeg.json,463,False,True
ds004444,1.0.1,sub-001/ses-02/eeg/sub-001_ses-02_task-smrbmi_electrodes.tsv,6167,False,True
ds004444,1.0.1,sub-001/ses-02/eeg/sub-001_ses-02_task-smrbmi_events.tsv,1603,False,True
ds004444,1.0.1,sub-001/ses-01/eeg/sub-001_ses-01_task-smrbmi_channels.tsv,3157,False,True
ds004444,1.0.1,sub-001/ses-01/eeg/sub-001_ses-01_task-smrbmi_eeg.edf,112873536,True,True
ds004444,1.0.1,sub-001/ses-01/eeg/sub-001_ses-01_task-smrbmi_eeg.json,463,False,True
ds004444,1.0.1,sub-001/ses-01/eeg/sub-001_ses-01_task-smrbmi_electrodes.tsv,6163,False,True
ds004444,1.0.1,sub-001/ses-01/eeg/sub-001_ses-01_task-smrbmi_events.tsv,1606,False,True
ds004444,1.0.1,.datalad/config,63,False,True
