dataset_id,snapshot_tag,filename,size_bytes,annexed,url_available
ds004447,1.0.1,CHANGES,69,False,True
ds004447,1.0.1,README,319,False,True
ds004447,1.0.1,dataset_description.json,490,False,True
ds004447,1.0.1,.gitattributes,385,False,True
ds004447,1.0.1,participants.json,334,False,True
ds004447,1.0.1,participants.tsv,706,False,True
ds004447,1.0.1,task-smrbmi_eeg.json,854,False,True
ds004447,1.0.1,task-smrbmi_events.json,563,False,True
ds004447,1.0.1,sub-022/ses-19/eeg/sub-022_ses-19_task-smrbmi_channels.tsv,3157,False,True
ds004447,1.0.1,sub-022/ses-19/eeg/sub-022_ses-19_task-smrbmi_eeg.edf,43713536,True,True
ds004447,1.0.1,sub-022/ses-19/eeg/sub-022_ses-19_task-smrbmi_eeg.json,463,False,True
ds004447,1.0.1,sub-022/ses-19/eeg/sub-022_ses-19_task-smrbmi_electrodes.tsv,6169,False,True
ds004447,1.0.1,sub-022/ses-19/eeg/sub-022_ses-19_task-smrbmi_events.tsv,790,False,True
ds004447,1.0.1,sub-022/ses-18/eeg/sub-022_ses-18_task-smrbmi_channels.tsv,3157,False,True
ds004447,1.0.1,sub-022/ses-18/eeg/sub-022_ses-18_task-smrbmi_eeg.edf,50213536,True,True
ds004447,1.0.1,sub-022/ses-18/eeg/sub-022_ses-18_task-smrbmi_eeg.json,463,False,True
ds004447,1.0.1,sub-022/ses-18/eeg/sub-022_ses-18_task-smrbmi_electrodes.tsv,6149,False,True
ds004447,1.0.1,sub-022/ses-18/eeg/sub-022_ses-18_task-smrbmi_events.tsv,405,False,True
ds004447,1.0.1,sub-022/ses-17/eeg/sub-022_ses-17_task-smrbmi_channels.tsv,3157,False,True
ds004447,1.0.1,sub-022/ses-17/eeg/sub-022_ses-17_task-smrbmi_eeg.edf,57233536,True,True
ds004447,1.0.1,sub-022/ses-17/eeg/sub-022_ses-17_task-smrbmi_eeg.json,462,False,True
ds004447,1.0.1,sub-022/ses-17/eeg/sub-022_ses-17_task-smrbmi_electrodes.tsv,6164,False,True
ds004447,1.0.1,sub-022/ses-17/eeg/sub-022_ses-17_task-smrbmi_events.tsv,412,False,True
ds004447,1.0.1,sub-022/ses-16/eeg/sub-022_ses-16_task-smrbmi_channels.tsv,3157,False,True
ds004447,1.0.1,sub-022/ses-16/eeg/sub-022_ses-16_task-smrbmi_eeg.edf,54373536,True,True
ds004447,1.0.1,sub-022/ses-16/eeg/sub-022_ses-16_task-smrbmi_eeg.json,463,False,True
ds004447,1.0.1,sub-022/ses-16/eeg/sub-022_ses-16_task-smrbmi_electrodes.tsv,6158,False,True
ds004447,1.0.1,sub-022/ses-16/eeg/sub-022_ses-16_task-smrbmi_events.tsv,407,False,True
ds004447,1.0.1,sub-022/ses-15/eeg/sub-022_ses-15_task-smrbmi_channels.tsv,3157,False,True
ds004447,1.0.1,sub-022/ses-15/eeg/sub-022_ses-15_task-smrbmi_eeg.edf,59833536,True,True
ds004447,1.0.1,sub-022/ses-15/eeg/sub-022_ses-15_task-smrbmi_eeg.json,463,False,True
ds004447,1.0.1,sub-022/ses-15/eeg/sub-022_ses-15_task-smrbmi_electrodes.tsv,6152,False,True
ds004447,1.0.1,sub-022/ses-15/eeg/sub-022_ses-15_task-smrbmi_events.tsv,412,False,True
ds004447,1.0.1,sub-022/ses-14/eeg/sub-022_ses-14_task-smrbmi_channels.tsv,3157,False,True
ds004447,1.0.1,sub-022/ses-14/eeg/sub-022_ses-14_task-smrbmi_eeg.edf,60613536,True,True
ds004447,1.0.1,sub-022/ses-14/eeg/sub-022_ses-14_task-smrbmi_eeg.json,462,False,True
ds004447,1.0.1,sub-022/ses-14/eeg/sub-022_ses-14_task-smrbmi_electrodes.tsv,6169,False,True
ds004447,1.0.1,sub-022/ses-14/eeg/sub-022_ses-14_task-smrbmi_events.tsv,412,False,True
ds004447,1.0.1,sub-022/ses-13/eeg/sub-022_ses-13_task-smrbmi_channels.tsv,3157,False,True
ds004447,1.0.1,sub-022/ses-13/eeg/sub-022_ses-13_task-smrbmi_eeg.edf,44233536,True,True
ds004447,1.0.1,sub-022/ses-13/eeg/sub-022_ses-13_task-smrbmi_eeg.json,463,False,True
ds004447,1.0.1,sub-022/ses-13/eeg/sub-022_ses-13_task-smrbmi_electrodes.tsv,6159,False,True
ds004447,1.0.1,sub-022/ses-13/eeg/sub-022_ses-13_task-smrbmi_events.tsv,790,False,True
ds004447,1.0.1,sub-022/ses-12/eeg/sub-022_ses-12_task-smrbmi_channels.tsv,3157,False,True
ds004447,1.0.1,sub-022/ses-12/eeg/sub-022_ses-12_task-smrbmi_eeg.edf,54113536,True,True
ds004447,1.0.1,sub-022/ses-12/eeg/sub-022_ses-12_task-smrbmi_eeg.json,463,False,True
ds004447,1.0.1,sub-022/ses-12/eeg/sub-022_ses-12_task-smrbmi_electrodes.tsv,6167,False,True
ds004447,1.0.1,sub-022/ses-12/eeg/sub-022_ses-12_task-smrbmi_events.tsv,410,False,True
ds004447,1.0.1,sub-022/ses-11/eeg/sub-022_ses-11_task-smrbmi_channels.tsv,3157,False,True
ds004447,1.0.1,sub-022/ses-11/eeg/sub-022_ses-11_task-smrbmi_eeg.edf,58793536,True,True
ds004447,1.0.1,sub-022/ses-11/eeg/sub-022_ses-11_task-smrbmi_eeg.json,463,False,True
ds004447,1.0.1,sub-022/ses-11/eeg/sub-022_ses-11_task-smrbmi_electrodes.tsv,6165,False,True
ds004447,1.0.1,sub-022/ses-11/eeg/sub-022_ses-11_task-smrbmi_events.tsv,412,False,True
ds004447,1.0.1,sub-022/ses-10/eeg/sub-022_ses-10_task-smrbmi_channels.tsv,3157,False,True
ds004447,1.0.1,sub-022/ses-10/eeg/sub-022_ses-10_task-smrbmi_eeg.edf,58013536,True,True
ds004447,1.0.1,sub-022/ses-10/eeg/sub-022_ses-10_task-smrbmi_eeg.json,463,False,True
ds004447,1.0.1,sub-022/ses-10/eeg/sub-022_ses-10_task-smrbmi_electrodes.tsv,6162,False,True
ds004447,1.0.1,sub-022/ses-10/eeg/sub-022_ses-10_task-smrbmi_events.tsv,411,False,True
ds004447,1.0.1,sub-022/ses-09/eeg/sub-022_ses-09_task-smrbmi_channels.tsv,3157,False,True
ds004447,1.0.1,sub-022/ses-09/eeg/sub-022_ses-09_task-smrbmi_eeg.edf,52553536,True,True
ds004447,1.0.1,sub-022/ses-09/eeg/sub-022_ses-09_task-smrbmi_eeg.json,463,False,True
ds004447,1.0.1,sub-022/ses-09/eeg/sub-022_ses-09_task-smrbmi_electrodes.tsv,6158,False,True
ds004447,1.0.1,sub-022/ses-09/eeg/sub-022_ses-09_task-smrbmi_events.tsv,407,False,True
ds004447,1.0.1,sub-022/ses-08/eeg/sub-022_ses-08_task-smrbmi_channels.tsv,3157,False,True
ds004447,1.0.1,sub-022/ses-08/eeg/sub-022_ses-08_task-smrbmi_eeg.edf,57233536,True,True
ds004447,1.0.1,sub-022/ses-08/eeg/sub-022_ses-08_task-smrbmi_eeg.json,463,False,True
ds004447,1.0.1,sub-022/ses-08/eeg/sub-022_ses-08_task-smrbmi_electrodes.tsv,6164,False,True
ds004447,1.0.1,sub-022/ses-08/eeg/sub-022_ses-08_task-smrbmi_events.tsv,411,False,True
ds004447,1.0.1,sub-022/ses-07/eeg/sub-022_ses-07_task-smrbmi_channels.tsv,3157,False,True
ds004447,1.0.1,sub-022/ses-07/eeg/sub-022_ses-07_task-smrbmi_eeg.edf,44493536,True,True
ds004447,1.0.1,sub-022/ses-07/eeg/sub-022_ses-07_task-smrbmi_eeg.json,463,False,True
ds004447,1.0.1,sub-022/ses-07/eeg/sub-022_ses-07_task-smrbmi_electrodes.tsv,6165,False,True
ds004447,1.0.1,sub-022/ses-07/eeg/sub-022_ses-07_task-smrbmi_events.tsv,790,False,True
ds004447,1.0.1,sub-022/ses-06/eeg/sub-022_ses-06_task-smrbmi_channels.tsv,3157,False,True
ds004447,1.0.1,sub-022/ses-06/eeg/sub-022_ses-06_task-smrbmi_eeg.edf,58793536,True,True
ds004447,1.0.1,sub-022/ses-06/eeg/sub-022_ses-06_task-smrbmi_eeg.json,463,False,True
ds004447,1.0.1,sub-022/ses-06/eeg/sub-022_ses-06_task-smrbmi_electrodes.tsv,6165,False,True
ds004447,1.0.1,sub-022/ses-06/eeg/sub-022_ses-06_task-smrbmi_events.tsv,413,False,True
ds004447,1.0.1,sub-022/ses-05/eeg/sub-022_ses-05_task-smrbmi_channels.tsv,3157,False,True
ds004447,1.0.1,sub-022/ses-05/eeg/sub-022_ses-05_task-smrbmi_eeg.edf,51773536,True,True
ds004447,1.0.1,sub-022/ses-05/eeg/sub-022_ses-05_task-smrbmi_eeg.json,463,False,True
ds004447,1.0.1,sub-022/ses-05/eeg/sub-022_ses-05_task-smrbmi_electrodes.tsv,6171,False,True
ds004447,1.0.1,sub-022/ses-05/eeg/sub-022_ses-05_task-smrbmi_events.tsv,407,False,True
ds004447,1.0.1,sub-022/ses-04/eeg/sub-022_ses-04_task-smrbmi_channels.tsv,3157,False,True
ds004447,1.0.1,sub-022/ses-04/eeg/sub-022_ses-04_task-smrbmi_eeg.edf,55933536,True,True
ds004447,1.0.1,sub-022/ses-04/eeg/sub-022_ses-04_task-smrbmi_eeg.json,463,False,True
ds004447,1.0.1,sub-022/ses-04/eeg/sub-022_ses-04_task-smrbmi_electrodes.tsv,6170,False,True
ds004447,1.0.1,sub-022/ses-04/eeg/sub-022_ses-04_task-smrbmi_events.tsv,410,False,True
ds004447,1.0.1,sub-022/ses-03/eeg/sub-022_ses-03_task-smrbmi_channels.tsv,3157,False,True
ds004447,1.0.1,sub-022/ses-03/eeg/sub-022_ses-03_task-smrbmi_eeg.edf,55933536,True,True
ds004447,1.0.1,sub-022/ses-03/eeg/sub-022_ses-03_task-smrbmi_eeg.json,463,False,True
ds004447,1.0.1,sub-022/ses-03/eeg/sub-022_ses-03_task-smrbmi_electrodes.tsv,6170,False,True
ds004447,1.0.1,sub-022/ses-03/eeg/sub-022_ses-03_task-smrbmi_events.tsv,410,False,True
ds004447,1.0.1,sub-022/ses-02/eeg/sub-022_ses-02_task-smrbmi_channels.tsv,3157,False,True
ds004447,1.0.1,sub-022/ses-02/eeg/sub-022_ses-02_task-smrbmi_eeg.edf,58273536,True,True
ds004447,1.0.1,sub-022/ses-02/eeg/sub-022_ses-02_task-smrbmi_eeg.json,463,False,True
ds004447,1.0.1,sub-022/ses-02/eeg/sub-022_ses-02_task-smrbmi_electrodes.tsv,6166,False,True
ds004447,1.0.1,sub-022/ses-02/eeg/sub-022_ses-02_task-smrbmi_events.tsv,413,False,True
ds004447,1.0.1,sub-022/ses-01/eeg/sub-022_ses-01_task-smrbmi_channels.tsv,3157,False,True
ds004447,1.0.1,sub-022/ses-01/eeg/sub-022_ses-01_task-smrbmi_eeg.edf,42413536,True,True
ds004447,1.0.1,sub-022/ses-01/eeg/sub-022_ses-01_task-smrbmi_eeg.json,463,False,True
ds004447,1.0.1,sub-022/ses-01/eeg/sub-022_ses-01_task-smrbmi_electrodes.tsv,6164,False,True
ds004447,1.0.1,sub-022/ses-01/eeg/sub-022_ses-01_task-smrbmi_events.tsv,787,False,True
ds004447,1.0.1,sub-021/ses-19/eeg/sub-021_ses-19_task-smrbmi_channels.tsv,3157,False,True
ds004447,1.0.1,sub-021/ses-19/eeg/sub-021_ses-19_task-smrbmi_eeg.edf,44493536,True,True
ds004447,1.0.1,sub-021/ses-19/eeg/sub-021_ses-19_task-smrbmi_eeg.json,463,False,True
ds004447,1.0.1,sub-021/ses-19/eeg/sub-021_ses-19_task-smrbmi_electrodes.tsv,6157,False,True
ds004447,1.0.1,sub-021/ses-19/eeg/sub-021_ses-19_task-smrbmi_events.tsv,790,False,True
ds004447,1.0.1,sub-021/ses-18/eeg/sub-021_ses-18_task-smrbmi_channels.tsv,3157,False,True
ds004447,1.0.1,sub-021/ses-18/eeg/sub-021_ses-18_task-smrbmi_eeg.edf,62953536,True,True
ds004447,1.0.1,sub-021/ses-18/eeg/sub-021_ses-18_task-smrbmi_eeg.json,463,False,True
ds004447,1.0.1,sub-021/ses-18/eeg/sub-021_ses-18_task-smrbmi_electrodes.tsv,6157,False,True
ds004447,1.0.1,sub-021/ses-18/eeg/sub-021_ses-18_task-smrbmi_events.tsv,414,False,True
ds004447,1.0.1,sub-021/ses-17/eeg/sub-021_ses-17_task-smrbmi_channels.tsv,3157,False,True
ds004447,1.0.1,sub-021/ses-17/eeg/sub-021_ses-17_task-smrbmi_eeg.edf,51513536,True,True
ds004447,1.0.1,sub-021/ses-17/eeg/sub-021_ses-17_task-smrbmi_eeg.json,462,False,True
ds004447,1.0.1,sub-021/ses-17/eeg/sub-021_ses-17_task-smrbmi_electrodes.tsv,6151,False,True
ds004447,1.0.1,sub-021/ses-17/eeg/sub-021_ses-17_task-smrbmi_events.tsv,408,False,True
ds004447,1.0.1,sub-021/ses-16/eeg/sub-021_ses-16_task-smrbmi_channels.tsv,3157,False,True
ds004447,1.0.1,sub-021/ses-16/eeg/sub-021_ses-16_task-smrbmi_eeg.edf,62173536,True,True
ds004447,1.0.1,sub-021/ses-16/eeg/sub-021_ses-16_task-smrbmi_eeg.json,462,False,True
ds004447,1.0.1,sub-021/ses-16/eeg/sub-021_ses-16_task-smrbmi_electrodes.tsv,6143,False,True
ds004447,1.0.1,sub-021/ses-16/eeg/sub-021_ses-16_task-smrbmi_events.tsv,414,False,True
ds004447,1.0.1,sub-021/ses-15/eeg/sub-021_ses-15_task-smrbmi_channels.tsv,3157,False,True
ds004447,1.0.1,sub-021/ses-15/eeg/sub-021_ses-15_task-smrbmi_eeg.edf,55933536,True,True
ds004447,1.0.1,sub-021/ses-15/eeg/sub-021_ses-15_task-smrbmi_eeg.json,463,False,True
ds004447,1.0.1,sub-021/ses-15/eeg/sub-021_ses-15_task-smrbmi_electrodes.tsv,6162,False,True
ds004447,1.0.1,sub-021/ses-15/eeg/sub-021_ses-15_task-smrbmi_events.tsv,409,False,True
ds004447,1.0.1,sub-021/ses-14/eeg/sub-021_ses-14_task-smrbmi_channels.tsv,3157,False,True
ds004447,1.0.1,sub-021/ses-14/eeg/sub-021_ses-14_task-smrbmi_eeg.edf,57233536,True,True
ds004447,1.0.1,sub-021/ses-14/eeg/sub-021_ses-14_task-smrbmi_eeg.json,463,False,True
ds004447,1.0.1,sub-021/ses-14/eeg/sub-021_ses-14_task-smrbmi_electrodes.tsv,6141,False,True
ds004447,1.0.1,sub-021/ses-14/eeg/sub-021_ses-14_task-smrbmi_events.tsv,411,False,True
ds004447,1.0.1,sub-021/ses-13/eeg/sub-021_ses-13_task-smrbmi_channels.tsv,3157,False,True
ds004447,1.0.1,sub-021/ses-13/eeg/sub-021_ses-13_task-smrbmi_eeg.edf,43973536,True,True
ds004447,1.0.1,sub-021/ses-13/eeg/sub-021_ses-13_task-smrbmi_eeg.json,463,False,True
ds004447,1.0.1,sub-021/ses-13/eeg/sub-021_ses-13_task-smrbmi_electrodes.tsv,6150,False,True
ds004447,1.0.1,sub-021/ses-13/eeg/sub-021_ses-13_task-smrbmi_events.tsv,790,False,True
ds004447,1.0.1,sub-021/ses-12/eeg/sub-021_ses-12_task-smrbmi_channels.tsv,3157,False,True
ds004447,1.0.1,sub-021/ses-12/eeg/sub-021_ses-12_task-smrbmi_eeg.edf,53593536,True,True
ds004447,1.0.1,sub-021/ses-12/eeg/sub-021_ses-12_task-smrbmi_eeg.json,463,False,True
ds004447,1.0.1,sub-021/ses-12/eeg/sub-021_ses-12_task-smrbmi_electrodes.tsv,6156,False,True
ds004447,1.0.1,sub-021/ses-12/eeg/sub-021_ses-12_task-smrbmi_events.tsv,410,False,True
ds004447,1.0.1,sub-021/ses-11/eeg/sub-021_ses-11_task-smrbmi_channels.tsv,3157,False,True
ds004447,1.0.1,sub-021/ses-11/eeg/sub-021_ses-11_task-smrbmi_eeg.edf,58273536,True,True
ds004447,1.0.1,sub-021/ses-11/eeg/sub-021_ses-11_task-smrbmi_eeg.json,463,False,True
ds004447,1.0.1,sub-021/ses-11/eeg/sub-021_ses-11_task-smrbmi_electrodes.tsv,6157,False,True
ds004447,1.0.1,sub-021/ses-11/eeg/sub-021_ses-11_task-smrbmi_events.tsv,410,False,True
ds004447,1.0.1,sub-021/ses-10/eeg/sub-021_ses-10_task-smrbmi_channels.tsv,3157,False,True
ds004447,1.0.1,sub-021/ses-10/eeg/sub-021_ses-10_task-smrbmi_eeg.edf,47613536,True,True
ds004447,1.0.1,sub-021/ses-10/eeg/sub-021_ses-10_task-smrbmi_eeg.json,463,False,True
ds004447,1.0.1,sub-021/ses-10/eeg/sub-021_ses-10_task-smrbmi_electrodes.tsv,6153,False,True
ds004447,1.0.1,sub-021/ses-10/eeg/sub-021_ses-10_task-smrbmi_events.tsv,404,False,True
ds004447,1.0.1,sub-021/ses-09/eeg/sub-021_ses-09_task-smrbmi_channels.tsv,3157,False,True
ds004447,1.0.1,sub-021/ses-09/eeg/sub-021_ses-09_task-smrbmi_eeg.edf,49953536,True,True
ds004447,1.0.1,sub-021/ses-09/eeg/sub-021_ses-09_task-smrbmi_eeg.json,463,False,True
ds004447,1.0.1,sub-021/ses-09/eeg/sub-021_ses-09_task-smrbmi_electrodes.tsv,6151,False,True
ds004447,1.0.1,sub-021/ses-09/eeg/sub-021_ses-09_task-smrbmi_events.tsv,403,False,True
ds004447,1.0.1,sub-021/ses-08/eeg/sub-021_ses-08_task-smrbmi_channels.tsv,3157,False,True
ds004447,1.0.1,sub-021/ses-08/eeg/sub-021_ses-08_task-smrbmi_eeg.edf,45273536,True,True
ds004447,1.0.1,sub-021/ses-08/eeg/sub-021_ses-08_task-smrbmi_eeg.json,463,False,True
ds004447,1.0.1,sub-021/ses-08/eeg/sub-021_ses-08_task-smrbmi_electrodes.tsv,6159,False,True
ds004447,1.0.1,sub-021/ses-08/eeg/sub-021_ses-08_task-smrbmi_events.tsv,399,False,True
ds004447,1.0.1,sub-021/ses-07/eeg/sub-021_ses-07_task-smrbmi_channels.tsv,3157,False,True
ds004447,1.0.1,sub-021/ses-07/eeg/sub-021_ses-07_task-smrbmi_eeg.edf,43713536,True,True
ds004447,1.0.1,sub-021/ses-07/eeg/sub-021_ses-07_task-smrbmi_eeg.json,463,False,True
ds004447,1.0.1,sub-021/ses-07/eeg/sub-021_ses-07_task-smrbmi_electrodes.tsv,6154,False,True
ds004447,1.0.1,sub-021/ses-07/eeg/sub-021_ses-07_task-smrbmi_events.tsv,790,False,True
ds004447,1.0.1,sub-021/ses-06/eeg/sub-021_ses-06_task-smrbmi_channels.tsv,3157,False,True
ds004447,1.0.1,sub-021/ses-06/eeg/sub-021_ses-06_task-smrbmi_eeg.edf,54893536,True,True
ds004447,1.0.1,sub-021/ses-06/eeg/sub-021_ses-06_task-smrbmi_eeg.json,463,False,True
ds004447,1.0.1,sub-021/ses-06/eeg/sub-021_ses-06_task-smrbmi_electrodes.tsv,6158,False,True
ds004447,1.0.1,sub-021/ses-06/eeg/sub-021_ses-06_task-smrbmi_events.tsv,410,False,True
ds004447,1.0.1,sub-021/ses-05/eeg/sub-021_ses-05_task-smrbmi_channels.tsv,3157,False,True
ds004447,1.0.1,sub-021/ses-05/eeg/sub-021_ses-05_task-smrbmi_eeg.edf,61393536,True,True
ds004447,1.0.1,sub-021/ses-05/eeg/sub-021_ses-05_task-smrbmi_eeg.json,463,False,True
ds004447,1.0.1,sub-021/ses-05/eeg/sub-021_ses-05_task-smrbmi_electrodes.tsv,6158,False,True
ds004447,1.0.1,sub-021/ses-05/eeg/sub-021_ses-05_task-smrbmi_events.tsv,413,False,True
ds004447,1.0.1,sub-021/ses-04/eeg/sub-021_ses-04_task-smrbmi_channels.tsv,3157,False,True
ds004447,1.0.1,sub-021/ses-04/eeg/sub-021_ses-04_task-smrbmi_eeg.edf,62433536,True,True
ds004447,1.0.1,sub-021/ses-04/eeg/sub-021_ses-04_task-smrbmi_eeg.json,463,False,True
ds004447,1.0.1,sub-021/ses-04/eeg/sub-021_ses-04_task-smrbmi_electrodes.tsv,6153,False,True
ds004447,1.0.1,sub-021/ses-04/eeg/sub-021_ses-04_task-smrbmi_events.tsv,413,False,True
ds004447,1.0.1,sub-021/ses-03/eeg/sub-021_ses-03_task-smrbmi_channels.tsv,3157,False,True
ds004447,1.0.1,sub-021/ses-03/eeg/sub-021_ses-03_task-smrbmi_eeg.edf,58273536,True,True
ds004447,1.0.1,sub-021/ses-03/eeg/sub-021_ses-03_task-smrbmi_eeg.json,462,False,True
ds004447,1.0.1,sub-021/ses-03/eeg/sub-021_ses-03_task-smrbmi_electrodes.tsv,6153,False,True
ds004447,1.0.1,sub-021/ses-03/eeg/sub-021_ses-03_task-smrbmi_events.tsv,412,False,True
ds004447,1.0.1,sub-021/ses-02/eeg/sub-021_ses-02_task-smrbmi_channels.tsv,3157,False,True
ds004447,1.0.1,sub-021/ses-02/eeg/sub-021_ses-02_task-smrbmi_eeg.edf,54893536,True,True
ds004447,1.0.1,sub-021/ses-02/eeg/sub-021_ses-02_task-smrbmi_eeg.json,463,False,True
ds004447,1.0.1,sub-021/ses-02/eeg/sub-021_ses-02_task-smrbmi_electrodes.tsv,6156,False,True
ds004447,1.0.1,sub-021/ses-02/eeg/sub-021_ses-02_task-smrbmi_events.tsv,410,False,True
ds004447,1.0.1,sub-021/ses-01/eeg/sub-021_ses-01_task-smrbmi_channels.tsv,3157,False,True
ds004447,1.0.1,sub-021/ses-01/eeg/sub-021_ses-01_task-smrbmi_eeg.edf,43973536,True,True
ds004447,1.0.1,sub-021/ses-01/eeg/sub-021_ses-01_task-smrbmi_eeg.json,463,False,True
ds004447,1.0.1,sub-021/ses-01/eeg/sub-021_ses-01_task-smrbmi_electrodes.tsv,6168,False,True
ds004447,1.0.1,sub-021/ses-01/eeg/sub-021_ses-01_task-smrbmi_events.tsv,790,False,True
ds004447,1.0.1,sub-020/ses-19/eeg/sub-020_ses-19_task-smrbmi_channels.tsv,3157,False,True
ds004447,1.0.1,sub-020/ses-19/eeg/sub-020_ses-19_task-smrbmi_eeg.edf,43453536,True,True
ds004447,1.0.1,sub-020/ses-19/eeg/sub-020_ses-19_task-smrbmi_eeg.json,463,False,True
ds004447,1.0.1,sub-020/ses-19/eeg/sub-020_ses-19_task-smrbmi_electrodes.tsv,6168,False,True
ds004447,1.0.1,sub-020/ses-19/eeg/sub-020_ses-19_task-smrbmi_events.tsv,789,False,True
ds004447,1.0.1,sub-020/ses-18/eeg/sub-020_ses-18_task-smrbmi_channels.tsv,3157,False,True
ds004447,1.0.1,sub-020/ses-18/eeg/sub-020_ses-18_task-smrbmi_eeg.edf,56973536,True,True
ds004447,1.0.1,sub-020/ses-18/eeg/sub-020_ses-18_task-smrbmi_eeg.json,463,False,True
ds004447,1.0.1,sub-020/ses-18/eeg/sub-020_ses-18_task-smrbmi_electrodes.tsv,6172,False,True
ds004447,1.0.1,sub-020/ses-18/eeg/sub-020_ses-18_task-smrbmi_events.tsv,412,False,True
ds004447,1.0.1,sub-020/ses-17/eeg/sub-020_ses-17_task-smrbmi_channels.tsv,3157,False,True
ds004447,1.0.1,sub-020/ses-17/eeg/sub-020_ses-17_task-smrbmi_eeg.edf,53593536,True,True
ds004447,1.0.1,sub-020/ses-17/eeg/sub-020_ses-17_task-smrbmi_eeg.json,463,False,True
ds004447,1.0.1,sub-020/ses-17/eeg/sub-020_ses-17_task-smrbmi_electrodes.tsv,6165,False,True
ds004447,1.0.1,sub-020/ses-17/eeg/sub-020_ses-17_task-smrbmi_events.tsv,409,False,True
ds004447,1.0.1,sub-020/ses-16/eeg/sub-020_ses-16_task-smrbmi_channels.tsv,3157,False,True
ds004447,1.0.1,sub-020/ses-16/eeg/sub-020_ses-16_task-smrbmi_eeg.edf,53853536,True,True
ds004447,1.0.1,sub-020/ses-16/eeg/sub-020_ses-16_task-smrbmi_eeg.json,463,False,True
ds004447,1.0.1,sub-020/ses-16/eeg/sub-020_ses-16_task-smrbmi_electrodes.tsv,6167,False,True
ds004447,1.0.1,sub-020/ses-16/eeg/sub-020_ses-16_task-smrbmi_events.tsv,409,False,True
ds004447,1.0.1,sub-020/ses-15/eeg/sub-020_ses-15_task-smrbmi_channels.tsv,3157,False,True
ds004447,1.0.1,sub-020/ses-15/eeg/sub-020_ses-15_task-smrbmi_eeg.edf,59053536,True,True
ds004447,1.0.1,sub-020/ses-15/eeg/sub-020_ses-15_task-smrbmi_eeg.json,463,False,True
ds004447,1.0.1,sub-020/ses-15/eeg/sub-020_ses-15_task-smrbmi_electrodes.tsv,6168,False,True
ds004447,1.0.1,sub-020/ses-15/eeg/sub-020_ses-15_task-smrbmi_events.tsv,412,False,True
ds004447,1.0.1,sub-020/ses-14/eeg/sub-020_ses-14_task-smrbmi_channels.tsv,3157,False,True
ds004447,1.0.1,sub-020/ses-14/eeg/sub-020_ses-14_task-smrbmi_eeg.edf,65813536,True,True
ds004447,1.0.1,sub-020/ses-14/eeg/sub-020_ses-14_task-smrbmi_eeg.json,463,False,True
ds004447,1.0.1,sub-020/ses-14/eeg/sub-020_ses-14_task-smrbmi_electrodes.tsv,6173,False,True
ds004447,1.0.1,sub-020/ses-14/eeg/sub-020_ses-14_task-smrbmi_events.tsv,415,False,True
ds004447,1.0.1,sub-020/ses-13/eeg/sub-020_ses-13_task-smrbmi_channels.tsv,3157,False,True
ds004447,1.0.1,sub-020/ses-13/eeg/sub-020_ses-13_task-smrbmi_eeg.edf,48913536,True,True
ds004447,1.0.1,sub-020/ses-13/eeg/sub-020_ses-13_task-smrbmi_eeg.json,463,False,True
ds004447,1.0.1,sub-020/ses-13/eeg/sub-020_ses-13_task-smrbmi_electrodes.tsv,6167,False,True
ds004447,1.0.1,sub-020/ses-13/eeg/sub-020_ses-13_task-smrbmi_events.tsv,795,False,True
ds004447,1.0.1,sub-020/ses-12/eeg/sub-020_ses-12_task-smrbmi_channels.tsv,3157,False,True
ds004447,1.0.1,sub-020/ses-12/eeg/sub-020_ses-12_task-smrbmi_eeg.edf,48913536,True,True
ds004447,1.0.1,sub-020/ses-12/eeg/sub-020_ses-12_task-smrbmi_eeg.json,463,False,True
ds004447,1.0.1,sub-020/ses-12/eeg/sub-020_ses-12_task-smrbmi_electrodes.tsv,6167,False,True
ds004447,1.0.1,sub-020/ses-12/eeg/sub-020_ses-12_task-smrbmi_events.tsv,403,False,True
ds004447,1.0.1,sub-020/ses-11/eeg/sub-020_ses-11_task-smrbmi_channels.tsv,3157,False,True
ds004447,1.0.1,sub-020/ses-11/eeg/sub-020_ses-11_task-smrbmi_eeg.edf,48913536,True,True
ds004447,1.0.1,sub-020/ses-11/eeg/sub-020_ses-11_task-smrbmi_eeg.json,463,False,True
ds004447,1.0.1,sub-020/ses-11/eeg/sub-020_ses-11_task-smrbmi_electrodes.tsv,6169,False,True
ds004447,1.0.1,sub-020/ses-11/eeg/sub-020_ses-11_task-smrbmi_events.tsv,403,False,True
ds004447,1.0.1,sub-020/ses-10/eeg/sub-020_ses-10_task-smrbmi_channels.tsv,3157,False,True
ds004447,1.0.1,sub-020/ses-10/eeg/sub-020_ses-10_task-smrbmi_eeg.edf,52553536,True,True
ds004447,1.0.1,sub-020/ses-10/eeg/sub-020_ses-10_task-smrbmi_eeg.json,463,False,True
ds004447,1.0.1,sub-020/ses-10/eeg/sub-020_ses-10_task-smrbmi_electrodes.tsv,6158,False,True
ds004447,1.0.1,sub-020/ses-10/eeg/sub-020_ses-10_task-smrbmi_events.tsv,409,False,True
ds004447,1.0.1,sub-020/ses-09/eeg/sub-020_ses-09_task-smrbmi_channels.tsv,3157,False,True
ds004447,1.0.1,sub-020/ses-09/eeg/sub-020_ses-09_task-smrbmi_eeg.edf,48393536,True,True
ds004447,1.0.1,sub-020/ses-09/eeg/sub-020_ses-09_task-smrbmi_eeg.json,463,False,True
ds004447,1.0.1,sub-020/ses-09/eeg/sub-020_ses-09_task-smrbmi_electrodes.tsv,6160,False,True
ds004447,1.0.1,sub-020/ses-09/eeg/sub-020_ses-09_task-smrbmi_events.tsv,404,False,True
ds004447,1.0.1,sub-020/ses-08/eeg/sub-020_ses-08_task-smrbmi_channels.tsv,3157,False,True
ds004447,1.0.1,sub-020/ses-08/eeg/sub-020_ses-08_task-smrbmi_eeg.edf,47353536,True,True
ds004447,1.0.1,sub-020/ses-08/eeg/sub-020_ses-08_task-smrbmi_eeg.json,463,False,True
ds004447,1.0.1,sub-020/ses-08/eeg/sub-020_ses-08_task-smrbmi_electrodes.tsv,6167,False,True
ds004447,1.0.1,sub-020/ses-08/eeg/sub-020_ses-08_task-smrbmi_events.tsv,402,False,True
ds004447,1.0.1,sub-020/ses-07/eeg/sub-020_ses-07_task-smrbmi_channels.tsv,3157,False,True
ds004447,1.0.1,sub-020/ses-07/eeg/sub-020_ses-07_task-smrbmi_eeg.edf,48913536,True,True
ds004447,1.0.1,sub-020/ses-07/eeg/sub-020_ses-07_task-smrbmi_eeg.json,463,False,True
ds004447,1.0.1,sub-020/ses-07/eeg/sub-020_ses-07_task-smrbmi_electrodes.tsv,6169,False,True
ds004447,1.0.1,sub-020/ses-07/eeg/sub-020_ses-07_task-smrbmi_events.tsv,794,False,True
ds004447,1.0.1,sub-020/ses-06/eeg/sub-020_ses-06_task-smrbmi_channels.tsv,3157,False,True
ds004447,1.0.1,sub-020/ses-06/eeg/sub-020_ses-06_task-smrbmi_eeg.edf,55153536,True,True
ds004447,1.0.1,sub-020/ses-06/eeg/sub-020_ses-06_task-smrbmi_eeg.json,463,False,True
ds004447,1.0.1,sub-020/ses-06/eeg/sub-020_ses-06_task-smrbmi_electrodes.tsv,6161,False,True
ds004447,1.0.1,sub-020/ses-06/eeg/sub-020_ses-06_task-smrbmi_events.tsv,408,False,True
ds004447,1.0.1,sub-020/ses-05/eeg/sub-020_ses-05_task-smrbmi_channels.tsv,3157,False,True
ds004447,1.0.1,sub-020/ses-05/eeg/sub-020_ses-05_task-smrbmi_eeg.edf,55413536,True,True
ds004447,1.0.1,sub-020/ses-05/eeg/sub-020_ses-05_task-smrbmi_eeg.json,463,False,True
ds004447,1.0.1,sub-020/ses-05/eeg/sub-020_ses-05_task-smrbmi_electrodes.tsv,6161,False,True
ds004447,1.0.1,sub-020/ses-05/eeg/sub-020_ses-05_task-smrbmi_events.tsv,410,False,True
ds004447,1.0.1,sub-020/ses-04/eeg/sub-020_ses-04_task-smrbmi_channels.tsv,3157,False,True
ds004447,1.0.1,sub-020/ses-04/eeg/sub-020_ses-04_task-smrbmi_eeg.edf,55933536,True,True
ds004447,1.0.1,sub-020/ses-04/eeg/sub-020_ses-04_task-smrbmi_eeg.json,463,False,True
ds004447,1.0.1,sub-020/ses-04/eeg/sub-020_ses-04_task-smrbmi_electrodes.tsv,6160,False,True
ds004447,1.0.1,sub-020/ses-04/eeg/sub-020_ses-04_task-smrbmi_events.tsv,411,False,True
ds004447,1.0.1,sub-020/ses-03/eeg/sub-020_ses-03_task-smrbmi_channels.tsv,3157,False,True
ds004447,1.0.1,sub-020/ses-03/eeg/sub-020_ses-03_task-smrbmi_eeg.edf,57493536,True,True
ds004447,1.0.1,sub-020/ses-03/eeg/sub-020_ses-03_task-smrbmi_eeg.json,463,False,True
ds004447,1.0.1,sub-020/ses-03/eeg/sub-020_ses-03_task-smrbmi_electrodes.tsv,6163,False,True
ds004447,1.0.1,sub-020/ses-03/eeg/sub-020_ses-03_task-smrbmi_events.tsv,409,False,True
ds004447,1.0.1,sub-020/ses-02/eeg/sub-020_ses-02_task-smrbmi_channels.tsv,3157,False,True
ds004447,1.0.1,sub-020/ses-02/eeg/sub-020_ses-02_task-smrbmi_eeg.edf,57233536,True,True
ds004447,1.0.1,sub-020/ses-02/eeg/sub-020_ses-02_task-smrbmi_eeg.json,462,False,True
ds004447,1.0.1,sub-020/ses-02/eeg/sub-020_ses-02_task-smrbmi_electrodes.tsv,6168,False,True
ds004447,1.0.1,sub-020/ses-02/eeg/sub-020_ses-02_task-smrbmi_events.tsv,411,False,True
ds004447,1.0.1,sub-020/ses-01/eeg/sub-020_ses-01_task-smrbmi_channels.tsv,3157,False,True
ds004447,1.0.1,sub-020/ses-01/eeg/sub-020_ses-01_task-smrbmi_eeg.edf,49953536,True,True
ds004447,1.0.1,sub-020/ses-01/eeg/sub-020_ses-01_task-smrbmi_eeg.json,463,False,True
ds004447,1.0.1,sub-020/ses-01/eeg/sub-020_ses-01_task-smrbmi_electrodes.tsv,6166,False,True
ds004447,1.0.1,sub-020/ses-01/eeg/sub-020_ses-01_task-smrbmi_events.tsv,796,False,True
ds004447,1.0.1,sub-019/ses-19/eeg/sub-019_ses-19_task-smrbmi_channels.tsv,3157,False,True
ds004447,1.0.1,sub-019/ses-19/eeg/sub-019_ses-19_task-smrbmi_eeg.edf,43713536,True,True
ds004447,1.0.1,sub-019/ses-19/eeg/sub-019_ses-19_task-smrbmi_eeg.json,463,False,True
ds004447,1.0.1,sub-019/ses-19/eeg/sub-019_ses-19_task-smrbmi_electrodes.tsv,6152,False,True
ds004447,1.0.1,sub-019/ses-19/eeg/sub-019_ses-19_task-smrbmi_events.tsv,790,False,True
ds004447,1.0.1,sub-019/ses-18/eeg/sub-019_ses-18_task-smrbmi_channels.tsv,3157,False,True
ds004447,1.0.1,sub-019/ses-18/eeg/sub-019_ses-18_task-smrbmi_eeg.edf,69973536,True,True
ds004447,1.0.1,sub-019/ses-18/eeg/sub-019_ses-18_task-smrbmi_eeg.json,463,False,True
ds004447,1.0.1,sub-019/ses-18/eeg/sub-019_ses-18_task-smrbmi_electrodes.tsv,6147,False,True
ds004447,1.0.1,sub-019/ses-18/eeg/sub-019_ses-18_task-smrbmi_events.tsv,416,False,True
ds004447,1.0.1,sub-019/ses-17/eeg/sub-019_ses-17_task-smrbmi_channels.tsv,3157,False,True
ds004447,1.0.1,sub-019/ses-17/eeg/sub-019_ses-17_task-smrbmi_eeg.edf,50213536,True,True
ds004447,1.0.1,sub-019/ses-17/eeg/sub-019_ses-17_task-smrbmi_eeg.json,463,False,True
ds004447,1.0.1,sub-019/ses-17/eeg/sub-019_ses-17_task-smrbmi_electrodes.tsv,6144,False,True
ds004447,1.0.1,sub-019/ses-17/eeg/sub-019_ses-17_task-smrbmi_events.tsv,405,False,True
ds004447,1.0.1,sub-019/ses-16/eeg/sub-019_ses-16_task-smrbmi_channels.tsv,3157,False,True
ds004447,1.0.1,sub-019/ses-16/eeg/sub-019_ses-16_task-smrbmi_eeg.edf,56193536,True,True
ds004447,1.0.1,sub-019/ses-16/eeg/sub-019_ses-16_task-smrbmi_eeg.json,463,False,True
ds004447,1.0.1,sub-019/ses-16/eeg/sub-019_ses-16_task-smrbmi_electrodes.tsv,6144,False,True
ds004447,1.0.1,sub-019/ses-16/eeg/sub-019_ses-16_task-smrbmi_events.tsv,410,False,True
ds004447,1.0.1,sub-019/ses-15/eeg/sub-019_ses-15_task-smrbmi_channels.tsv,3157,False,True
ds004447,1.0.1,sub-019/ses-15/eeg/sub-019_ses-15_task-smrbmi_eeg.edf,53593536,True,True
ds004447,1.0.1,sub-019/ses-15/eeg/sub-019_ses-15_task-smrbmi_eeg.json,463,False,True
ds004447,1.0.1,sub-019/ses-15/eeg/sub-019_ses-15_task-smrbmi_electrodes.tsv,6144,False,True
ds004447,1.0.1,sub-019/ses-15/eeg/sub-019_ses-15_task-smrbmi_events.tsv,409,False,True
ds004447,1.0.1,sub-019/ses-14/eeg/sub-019_ses-14_task-smrbmi_channels.tsv,3157,False,True
ds004447,1.0.1,sub-019/ses-14/eeg/sub-019_ses-14_task-smrbmi_eeg.edf,55673536,True,True
ds004447,1.0.1,sub-019/ses-14/eeg/sub-019_ses-14_task-smrbmi_eeg.json,463,False,True
ds004447,1.0.1,sub-019/ses-14/eeg/sub-019_ses-14_task-smrbmi_electrodes.tsv,6141,False,True
ds004447,1.0.1,sub-019/ses-14/eeg/sub-019_ses-14_task-smrbmi_events.tsv,411,False,True
ds004447,1.0.1,sub-019/ses-13/eeg/sub-019_ses-13_task-smrbmi_channels.tsv,3157,False,True
ds004447,1.0.1,sub-019/ses-13/eeg/sub-019_ses-13_task-smrbmi_eeg.edf,43713536,True,True
ds004447,1.0.1,sub-019/ses-13/eeg/sub-019_ses-13_task-smrbmi_eeg.json,463,False,True
ds004447,1.0.1,sub-019/ses-13/eeg/sub-019_ses-13_task-smrbmi_electrodes.tsv,6133,False,True
ds004447,1.0.1,sub-019/ses-13/eeg/sub-019_ses-13_task-smrbmi_events.tsv,790,False,True
ds004447,1.0.1,sub-019/ses-12/eeg/sub-019_ses-12_task-smrbmi_channels.tsv,3157,False,True
ds004447,1.0.1,sub-019/ses-12/eeg/sub-019_ses-12_task-smrbmi_eeg.edf,57493536,True,True
ds004447,1.0.1,sub-019/ses-12/eeg/sub-019_ses-12_task-smrbmi_eeg.json,463,False,True
ds004447,1.0.1,sub-019/ses-12/eeg/sub-019_ses-12_task-smrbmi_electrodes.tsv,6148,False,True
ds004447,1.0.1,sub-019/ses-12/eeg/sub-019_ses-12_task-smrbmi_events.tsv,411,False,True
ds004447,1.0.1,sub-019/ses-11/eeg/sub-019_ses-11_task-smrbmi_channels.tsv,3157,False,True
ds004447,1.0.1,sub-019/ses-11/eeg/sub-019_ses-11_task-smrbmi_eeg.edf,56193536,True,True
ds004447,1.0.1,sub-019/ses-11/eeg/sub-019_ses-11_task-smrbmi_eeg.json,463,False,True
ds004447,1.0.1,sub-019/ses-11/eeg/sub-019_ses-11_task-smrbmi_electrodes.tsv,6144,False,True
ds004447,1.0.1,sub-019/ses-11/eeg/sub-019_ses-11_task-smrbmi_events.tsv,411,False,True
ds004447,1.0.1,sub-019/ses-10/eeg/sub-019_ses-10_task-smrbmi_channels.tsv,3157,False,True
ds004447,1.0.1,sub-019/ses-10/eeg/sub-019_ses-10_task-smrbmi_eeg.edf,53853536,True,True
ds004447,1.0.1,sub-019/ses-10/eeg/sub-019_ses-10_task-smrbmi_eeg.json,463,False,True
ds004447,1.0.1,sub-019/ses-10/eeg/sub-019_ses-10_task-smrbmi_electrodes.tsv,6128,False,True
ds004447,1.0.1,sub-019/ses-10/eeg/sub-019_ses-10_task-smrbmi_events.tsv,409,False,True
ds004447,1.0.1,sub-019/ses-09/eeg/sub-019_ses-09_task-smrbmi_channels.tsv,3157,False,True
ds004447,1.0.1,sub-019/ses-09/eeg/sub-019_ses-09_task-smrbmi_eeg.edf,57233536,True,True
ds004447,1.0.1,sub-019/ses-09/eeg/sub-019_ses-09_task-smrbmi_eeg.json,463,False,True
ds004447,1.0.1,sub-019/ses-09/eeg/sub-019_ses-09_task-smrbmi_electrodes.tsv,6147,False,True
ds004447,1.0.1,sub-019/ses-09/eeg/sub-019_ses-09_task-smrbmi_events.tsv,412,False,True
ds004447,1.0.1,sub-019/ses-08/eeg/sub-019_ses-08_task-smrbmi_channels.tsv,3157,False,True
ds004447,1.0.1,sub-019/ses-08/eeg/sub-019_ses-08_task-smrbmi_eeg.edf,56973536,True,True
ds004447,1.0.1,sub-019/ses-08/eeg/sub-019_ses-08_task-smrbmi_eeg.json,463,False,True
ds004447,1.0.1,sub-019/ses-08/eeg/sub-019_ses-08_task-smrbmi_electrodes.tsv,6158,False,True
ds004447,1.0.1,sub-019/ses-08/eeg/sub-019_ses-08_task-smrbmi_events.tsv,411,False,True
ds004447,1.0.1,sub-019/ses-07/eeg/sub-019_ses-07_task-smrbmi_channels.tsv,3157,False,True
ds004447,1.0.1,sub-019/ses-07/eeg/sub-019_ses-07_task-smrbmi_eeg.edf,43973536,True,True
ds004447,1.0.1,sub-019/ses-07/eeg/sub-019_ses-07_task-smrbmi_eeg.json,463,False,True
ds004447,1.0.1,sub-019/ses-07/eeg/sub-019_ses-07_task-smrbmi_electrodes.tsv,6158,False,True
ds004447,1.0.1,sub-019/ses-07/eeg/sub-019_ses-07_task-smrbmi_events.tsv,790,False,True
ds004447,1.0.1,sub-019/ses-06/eeg/sub-019_ses-06_task-smrbmi_channels.tsv,3157,False,True
ds004447,1.0.1,sub-019/ses-06/eeg/sub-019_ses-06_task-smrbmi_eeg.edf,45013536,True,True
ds004447,1.0.1,sub-019/ses-06/eeg/sub-019_ses-06_task-smrbmi_eeg.json,463,False,True
ds004447,1.0.1,sub-019/ses-06/eeg/sub-019_ses-06_task-smrbmi_electrodes.tsv,6144,False,True
ds004447,1.0.1,sub-019/ses-06/eeg/sub-019_ses-06_task-smrbmi_events.tsv,404,False,True
ds004447,1.0.1,sub-019/ses-05/eeg/sub-019_ses-05_task-smrbmi_channels.tsv,3157,False,True
ds004447,1.0.1,sub-019/ses-05/eeg/sub-019_ses-05_task-smrbmi_eeg.edf,42153536,True,True
ds004447,1.0.1,sub-019/ses-05/eeg/sub-019_ses-05_task-smrbmi_eeg.json,463,False,True
ds004447,1.0.1,sub-019/ses-05/eeg/sub-019_ses-05_task-smrbmi_electrodes.tsv,6141,False,True
ds004447,1.0.1,sub-019/ses-05/eeg/sub-019_ses-05_task-smrbmi_events.tsv,399,False,True
ds004447,1.0.1,sub-019/ses-04/eeg/sub-019_ses-04_task-smrbmi_channels.tsv,3157,False,True
ds004447,1.0.1,sub-019/ses-04/eeg/sub-019_ses-04_task-smrbmi_eeg.edf,55933536,True,True
ds004447,1.0.1,sub-019/ses-04/eeg/sub-019_ses-04_task-smrbmi_eeg.json,463,False,True
ds004447,1.0.1,sub-019/ses-04/eeg/sub-019_ses-04_task-smrbmi_electrodes.tsv,6170,False,True
ds004447,1.0.1,sub-019/ses-04/eeg/sub-019_ses-04_task-smrbmi_events.tsv,407,False,True
ds004447,1.0.1,sub-019/ses-03/eeg/sub-019_ses-03_task-smrbmi_channels.tsv,3157,False,True
ds004447,1.0.1,sub-019/ses-03/eeg/sub-019_ses-03_task-smrbmi_eeg.edf,55933536,True,True
ds004447,1.0.1,sub-019/ses-03/eeg/sub-019_ses-03_task-smrbmi_eeg.json,462,False,True
ds004447,1.0.1,sub-019/ses-03/eeg/sub-019_ses-03_task-smrbmi_electrodes.tsv,6169,False,True
ds004447,1.0.1,sub-019/ses-03/eeg/sub-019_ses-03_task-smrbmi_events.tsv,410,False,True
ds004447,1.0.1,sub-019/ses-02/eeg/sub-019_ses-02_task-smrbmi_channels.tsv,3157,False,True
ds004447,1.0.1,sub-019/ses-02/eeg/sub-019_ses-02_task-smrbmi_eeg.edf,51253536,True,True
ds004447,1.0.1,sub-019/ses-02/eeg/sub-019_ses-02_task-smrbmi_eeg.json,462,False,True
ds004447,1.0.1,sub-019/ses-02/eeg/sub-019_ses-02_task-smrbmi_electrodes.tsv,6165,False,True
ds004447,1.0.1,sub-019/ses-02/eeg/sub-019_ses-02_task-smrbmi_events.tsv,407,False,True
ds004447,1.0.1,sub-019/ses-01/eeg/sub-019_ses-01_task-smrbmi_channels.tsv,3157,False,True
ds004447,1.0.1,sub-019/ses-01/eeg/sub-019_ses-01_task-smrbmi_eeg.edf,50213536,True,True
ds004447,1.0.1,sub-019/ses-01/eeg/sub-019_ses-01_task-smrbmi_eeg.json,463,False,True
ds004447,1.0.1,sub-019/ses-01/eeg/sub-019_ses-01_task-smrbmi_electrodes.tsv,6170,False,True
ds004447,1.0.1,sub-019/ses-01/eeg/sub-019_ses-01_task-smrbmi_events.tsv,796,False,True
ds004447,1.0.1,sub-018/ses-19/eeg/sub-018_ses-19_task-smrbmi_channels.tsv,3157,False,True
ds004447,1.0.1,sub-018/ses-19/eeg/sub-018_ses-19_task-smrbmi_eeg.edf,52293536,True,True
ds004447,1.0.1,sub-018/ses-19/eeg/sub-018_ses-19_task-smrbmi_eeg.json,463,False,True
ds004447,1.0.1,sub-018/ses-19/eeg/sub-018_ses-19_task-smrbmi_electrodes.tsv,6167,False,True
ds004447,1.0.1,sub-018/ses-19/eeg/sub-018_ses-19_task-smrbmi_events.tsv,798,False,True
ds004447,1.0.1,sub-018/ses-18/eeg/sub-018_ses-18_task-smrbmi_channels.tsv,3157,False,True
ds004447,1.0.1,sub-018/ses-18/eeg/sub-018_ses-18_task-smrbmi_eeg.edf,51253536,True,True
ds004447,1.0.1,sub-018/ses-18/eeg/sub-018_ses-18_task-smrbmi_eeg.json,463,False,True
ds004447,1.0.1,sub-018/ses-18/eeg/sub-018_ses-18_task-smrbmi_electrodes.tsv,6150,False,True
ds004447,1.0.1,sub-018/ses-18/eeg/sub-018_ses-18_task-smrbmi_events.tsv,406,False,True
ds004447,1.0.1,sub-018/ses-17/eeg/sub-018_ses-17_task-smrbmi_channels.tsv,3157,False,True
ds004447,1.0.1,sub-018/ses-17/eeg/sub-018_ses-17_task-smrbmi_eeg.edf,55673536,True,True
ds004447,1.0.1,sub-018/ses-17/eeg/sub-018_ses-17_task-smrbmi_eeg.json,462,False,True
ds004447,1.0.1,sub-018/ses-17/eeg/sub-018_ses-17_task-smrbmi_electrodes.tsv,6151,False,True
ds004447,1.0.1,sub-018/ses-17/eeg/sub-018_ses-17_task-smrbmi_events.tsv,410,False,True
ds004447,1.0.1,sub-018/ses-16/eeg/sub-018_ses-16_task-smrbmi_channels.tsv,3157,False,True
ds004447,1.0.1,sub-018/ses-16/eeg/sub-018_ses-16_task-smrbmi_eeg.edf,66333536,True,True
ds004447,1.0.1,sub-018/ses-16/eeg/sub-018_ses-16_task-smrbmi_eeg.json,463,False,True
ds004447,1.0.1,sub-018/ses-16/eeg/sub-018_ses-16_task-smrbmi_electrodes.tsv,6158,False,True
ds004447,1.0.1,sub-018/ses-16/eeg/sub-018_ses-16_task-smrbmi_events.tsv,415,False,True
ds004447,1.0.1,sub-018/ses-15/eeg/sub-018_ses-15_task-smrbmi_channels.tsv,3157,False,True
ds004447,1.0.1,sub-018/ses-15/eeg/sub-018_ses-15_task-smrbmi_eeg.edf,57493536,True,True
ds004447,1.0.1,sub-018/ses-15/eeg/sub-018_ses-15_task-smrbmi_eeg.json,463,False,True
ds004447,1.0.1,sub-018/ses-15/eeg/sub-018_ses-15_task-smrbmi_electrodes.tsv,6167,False,True
ds004447,1.0.1,sub-018/ses-15/eeg/sub-018_ses-15_task-smrbmi_events.tsv,411,False,True
ds004447,1.0.1,sub-018/ses-14/eeg/sub-018_ses-14_task-smrbmi_channels.tsv,3157,False,True
ds004447,1.0.1,sub-018/ses-14/eeg/sub-018_ses-14_task-smrbmi_eeg.edf,54113536,True,True
ds004447,1.0.1,sub-018/ses-14/eeg/sub-018_ses-14_task-smrbmi_eeg.json,463,False,True
ds004447,1.0.1,sub-018/ses-14/eeg/sub-018_ses-14_task-smrbmi_electrodes.tsv,6162,False,True
ds004447,1.0.1,sub-018/ses-14/eeg/sub-018_ses-14_task-smrbmi_events.tsv,409,False,True
ds004447,1.0.1,sub-018/ses-13/eeg/sub-018_ses-13_task-smrbmi_channels.tsv,3157,False,True
ds004447,1.0.1,sub-018/ses-13/eeg/sub-018_ses-13_task-smrbmi_eeg.edf,49173536,True,True
ds004447,1.0.1,sub-018/ses-13/eeg/sub-018_ses-13_task-smrbmi_eeg.json,463,False,True
ds004447,1.0.1,sub-018/ses-13/eeg/sub-018_ses-13_task-smrbmi_electrodes.tsv,6162,False,True
ds004447,1.0.1,sub-018/ses-13/eeg/sub-018_ses-13_task-smrbmi_events.tsv,795,False,True
ds004447,1.0.1,sub-018/ses-12/eeg/sub-018_ses-12_task-smrbmi_channels.tsv,3157,False,True
ds004447,1.0.1,sub-018/ses-12/eeg/sub-018_ses-12_task-smrbmi_eeg.edf,56973536,True,True
ds004447,1.0.1,sub-018/ses-12/eeg/sub-018_ses-12_task-smrbmi_eeg.json,463,False,True
ds004447,1.0.1,sub-018/ses-12/eeg/sub-018_ses-12_task-smrbmi_electrodes.tsv,6162,False,True
ds004447,1.0.1,sub-018/ses-12/eeg/sub-018_ses-12_task-smrbmi_events.tsv,412,False,True
ds004447,1.0.1,sub-018/ses-11/eeg/sub-018_ses-11_task-smrbmi_channels.tsv,3157,False,True
ds004447,1.0.1,sub-018/ses-11/eeg/sub-018_ses-11_task-smrbmi_eeg.edf,53593536,True,True
ds004447,1.0.1,sub-018/ses-11/eeg/sub-018_ses-11_task-smrbmi_eeg.json,463,False,True
ds004447,1.0.1,sub-018/ses-11/eeg/sub-018_ses-11_task-smrbmi_electrodes.tsv,6163,False,True
ds004447,1.0.1,sub-018/ses-11/eeg/sub-018_ses-11_task-smrbmi_events.tsv,407,False,True
ds004447,1.0.1,sub-018/ses-10/eeg/sub-018_ses-10_task-smrbmi_channels.tsv,3157,False,True
ds004447,1.0.1,sub-018/ses-10/eeg/sub-018_ses-10_task-smrbmi_eeg.edf,53593536,True,True
ds004447,1.0.1,sub-018/ses-10/eeg/sub-018_ses-10_task-smrbmi_eeg.json,463,False,True
ds004447,1.0.1,sub-018/ses-10/eeg/sub-018_ses-10_task-smrbmi_electrodes.tsv,6161,False,True
ds004447,1.0.1,sub-018/ses-10/eeg/sub-018_ses-10_task-smrbmi_events.tsv,410,False,True
ds004447,1.0.1,sub-018/ses-09/eeg/sub-018_ses-09_task-smrbmi_channels.tsv,3157,False,True
ds004447,1.0.1,sub-018/ses-09/eeg/sub-018_ses-09_task-smrbmi_eeg.edf,56453536,True,True
ds004447,1.0.1,sub-018/ses-09/eeg/sub-018_ses-09_task-smrbmi_eeg.json,463,False,True
ds004447,1.0.1,sub-018/ses-09/eeg/sub-018_ses-09_task-smrbmi_electrodes.tsv,6164,False,True
ds004447,1.0.1,sub-018/ses-09/eeg/sub-018_ses-09_task-smrbmi_events.tsv,410,False,True
ds004447,1.0.1,sub-018/ses-08/eeg/sub-018_ses-08_task-smrbmi_channels.tsv,3157,False,True
ds004447,1.0.1,sub-018/ses-08/eeg/sub-018_ses-08_task-smrbmi_eeg.edf,57493536,True,True
ds004447,1.0.1,sub-018/ses-08/eeg/sub-018_ses-08_task-smrbmi_eeg.json,462,False,True
ds004447,1.0.1,sub-018/ses-08/eeg/sub-018_ses-08_task-smrbmi_electrodes.tsv,6161,False,True
ds004447,1.0.1,sub-018/ses-08/eeg/sub-018_ses-08_task-smrbmi_events.tsv,412,False,True
ds004447,1.0.1,sub-018/ses-07/eeg/sub-018_ses-07_task-smrbmi_channels.tsv,3157,False,True
ds004447,1.0.1,sub-018/ses-07/eeg/sub-018_ses-07_task-smrbmi_eeg.edf,45533536,True,True
ds004447,1.0.1,sub-018/ses-07/eeg/sub-018_ses-07_task-smrbmi_eeg.json,463,False,True
ds004447,1.0.1,sub-018/ses-07/eeg/sub-018_ses-07_task-smrbmi_electrodes.tsv,6156,False,True
ds004447,1.0.1,sub-018/ses-07/eeg/sub-018_ses-07_task-smrbmi_events.tsv,792,False,True
ds004447,1.0.1,sub-018/ses-06/eeg/sub-018_ses-06_task-smrbmi_channels.tsv,3157,False,True
ds004447,1.0.1,sub-018/ses-06/eeg/sub-018_ses-06_task-smrbmi_eeg.edf,57233536,True,True
ds004447,1.0.1,sub-018/ses-06/eeg/sub-018_ses-06_task-smrbmi_eeg.json,463,False,True
ds004447,1.0.1,sub-018/ses-06/eeg/sub-018_ses-06_task-smrbmi_electrodes.tsv,6162,False,True
ds004447,1.0.1,sub-018/ses-06/eeg/sub-018_ses-06_task-smrbmi_events.tsv,411,False,True
ds004447,1.0.1,sub-018/ses-05/eeg/sub-018_ses-05_task-smrbmi_channels.tsv,3157,False,True
ds004447,1.0.1,sub-018/ses-05/eeg/sub-018_ses-05_task-smrbmi_eeg.edf,55673536,True,True
ds004447,1.0.1,sub-018/ses-05/eeg/sub-018_ses-05_task-smrbmi_eeg.json,463,False,True
ds004447,1.0.1,sub-018/ses-05/eeg/sub-018_ses-05_task-smrbmi_electrodes.tsv,6166,False,True
ds004447,1.0.1,sub-018/ses-05/eeg/sub-018_ses-05_task-smrbmi_events.tsv,411,False,True
ds004447,1.0.1,sub-018/ses-04/eeg/sub-018_ses-04_task-smrbmi_channels.tsv,3157,False,True
ds004447,1.0.1,sub-018/ses-04/eeg/sub-018_ses-04_task-smrbmi_eeg.edf,54633536,True,True
ds004447,1.0.1,sub-018/ses-04/eeg/sub-018_ses-04_task-smrbmi_eeg.json,463,False,True
ds004447,1.0.1,sub-018/ses-04/eeg/sub-018_ses-04_task-smrbmi_electrodes.tsv,6160,False,True
ds004447,1.0.1,sub-018/ses-04/eeg/sub-018_ses-04_task-smrbmi_events.tsv,410,False,True
ds004447,1.0.1,sub-018/ses-03/eeg/sub-018_ses-03_task-smrbmi_channels.tsv,3157,False,True
ds004447,1.0.1,sub-018/ses-03/eeg/sub-018_ses-03_task-smrbmi_eeg.edf,54113536,True,True
ds004447,1.0.1,sub-018/ses-03/eeg/sub-018_ses-03_task-smrbmi_eeg.json,463,False,True
ds004447,1.0.1,sub-018/ses-03/eeg/sub-018_ses-03_task-smrbmi_electrodes.tsv,6166,False,True
ds004447,1.0.1,sub-018/ses-03/eeg/sub-018_ses-03_task-smrbmi_events.tsv,409,False,True
ds004447,1.0.1,sub-018/ses-02/eeg/sub-018_ses-02_task-smrbmi_channels.tsv,3157,False,True
ds004447,1.0.1,sub-018/ses-02/eeg/sub-018_ses-02_task-smrbmi_eeg.edf,57753536,True,True
ds004447,1.0.1,sub-018/ses-02/eeg/sub-018_ses-02_task-smrbmi_eeg.json,463,False,True
ds004447,1.0.1,sub-018/ses-02/eeg/sub-018_ses-02_task-smrbmi_electrodes.tsv,6162,False,True
ds004447,1.0.1,sub-018/ses-02/eeg/sub-018_ses-02_task-smrbmi_events.tsv,409,False,True
ds004447,1.0.1,sub-018/ses-01/eeg/sub-018_ses-01_task-smrbmi_channels.tsv,3157,False,True
ds004447,1.0.1,sub-018/ses-01/eeg/sub-018_ses-01_task-smrbmi_eeg.edf,42413536,True,True
ds004447,1.0.1,sub-018/ses-01/eeg/sub-018_ses-01_task-smrbmi_eeg.json,462,False,True
ds004447,1.0.1,sub-018/ses-01/eeg/sub-018_ses-01_task-smrbmi_electrodes.tsv,6167,False,True
ds004447,1.0.1,sub-018/ses-01/eeg/sub-018_ses-01_task-smrbmi_events.tsv,787,False,True
ds004447,1.0.1,sub-017/ses-19/eeg/sub-017_ses-19_task-smrbmi_channels.tsv,3157,False,True
ds004447,1.0.1,sub-017/ses-19/eeg/sub-017_ses-19_task-smrbmi_eeg.edf,42933536,True,True
ds004447,1.0.1,sub-017/ses-19/eeg/sub-017_ses-19_task-smrbmi_eeg.json,463,False,True
ds004447,1.0.1,sub-017/ses-19/eeg/sub-017_ses-19_task-smrbmi_electrodes.tsv,6161,False,True
ds004447,1.0.1,sub-017/ses-19/eeg/sub-017_ses-19_task-smrbmi_events.tsv,787,False,True
ds004447,1.0.1,sub-017/ses-18/eeg/sub-017_ses-18_task-smrbmi_channels.tsv,3157,False,True
ds004447,1.0.1,sub-017/ses-18/eeg/sub-017_ses-18_task-smrbmi_eeg.edf,59573536,True,True
ds004447,1.0.1,sub-017/ses-18/eeg/sub-017_ses-18_task-smrbmi_eeg.json,462,False,True
ds004447,1.0.1,sub-017/ses-18/eeg/sub-017_ses-18_task-smrbmi_electrodes.tsv,6161,False,True
ds004447,1.0.1,sub-017/ses-18/eeg/sub-017_ses-18_task-smrbmi_events.tsv,413,False,True
ds004447,1.0.1,sub-017/ses-17/eeg/sub-017_ses-17_task-smrbmi_channels.tsv,3157,False,True
ds004447,1.0.1,sub-017/ses-17/eeg/sub-017_ses-17_task-smrbmi_eeg.edf,59053536,True,True
ds004447,1.0.1,sub-017/ses-17/eeg/sub-017_ses-17_task-smrbmi_eeg.json,463,False,True
ds004447,1.0.1,sub-017/ses-17/eeg/sub-017_ses-17_task-smrbmi_electrodes.tsv,6150,False,True
ds004447,1.0.1,sub-017/ses-17/eeg/sub-017_ses-17_task-smrbmi_events.tsv,413,False,True
ds004447,1.0.1,sub-017/ses-16/eeg/sub-017_ses-16_task-smrbmi_channels.tsv,3157,False,True
ds004447,1.0.1,sub-017/ses-16/eeg/sub-017_ses-16_task-smrbmi_eeg.edf,58793536,True,True
ds004447,1.0.1,sub-017/ses-16/eeg/sub-017_ses-16_task-smrbmi_eeg.json,463,False,True
ds004447,1.0.1,sub-017/ses-16/eeg/sub-017_ses-16_task-smrbmi_electrodes.tsv,6151,False,True
ds004447,1.0.1,sub-017/ses-16/eeg/sub-017_ses-16_task-smrbmi_events.tsv,413,False,True
ds004447,1.0.1,sub-017/ses-15/eeg/sub-017_ses-15_task-smrbmi_channels.tsv,3157,False,True
ds004447,1.0.1,sub-017/ses-15/eeg/sub-017_ses-15_task-smrbmi_eeg.edf,58533536,True,True
ds004447,1.0.1,sub-017/ses-15/eeg/sub-017_ses-15_task-smrbmi_eeg.json,463,False,True
ds004447,1.0.1,sub-017/ses-15/eeg/sub-017_ses-15_task-smrbmi_electrodes.tsv,6153,False,True
ds004447,1.0.1,sub-017/ses-15/eeg/sub-017_ses-15_task-smrbmi_events.tsv,413,False,True
ds004447,1.0.1,sub-017/ses-14/eeg/sub-017_ses-14_task-smrbmi_channels.tsv,3157,False,True
ds004447,1.0.1,sub-017/ses-14/eeg/sub-017_ses-14_task-smrbmi_eeg.edf,59313536,True,True
ds004447,1.0.1,sub-017/ses-14/eeg/sub-017_ses-14_task-smrbmi_eeg.json,463,False,True
ds004447,1.0.1,sub-017/ses-14/eeg/sub-017_ses-14_task-smrbmi_electrodes.tsv,6159,False,True
ds004447,1.0.1,sub-017/ses-14/eeg/sub-017_ses-14_task-smrbmi_events.tsv,413,False,True
ds004447,1.0.1,sub-017/ses-13/eeg/sub-017_ses-13_task-smrbmi_channels.tsv,3157,False,True
ds004447,1.0.1,sub-017/ses-13/eeg/sub-017_ses-13_task-smrbmi_eeg.edf,43453536,True,True
ds004447,1.0.1,sub-017/ses-13/eeg/sub-017_ses-13_task-smrbmi_eeg.json,463,False,True
ds004447,1.0.1,sub-017/ses-13/eeg/sub-017_ses-13_task-smrbmi_electrodes.tsv,6164,False,True
ds004447,1.0.1,sub-017/ses-13/eeg/sub-017_ses-13_task-smrbmi_events.tsv,790,False,True
ds004447,1.0.1,sub-017/ses-12/eeg/sub-017_ses-12_task-smrbmi_channels.tsv,3157,False,True
ds004447,1.0.1,sub-017/ses-12/eeg/sub-017_ses-12_task-smrbmi_eeg.edf,62433536,True,True
ds004447,1.0.1,sub-017/ses-12/eeg/sub-017_ses-12_task-smrbmi_eeg.json,463,False,True
ds004447,1.0.1,sub-017/ses-12/eeg/sub-017_ses-12_task-smrbmi_electrodes.tsv,6162,False,True
ds004447,1.0.1,sub-017/ses-12/eeg/sub-017_ses-12_task-smrbmi_events.tsv,414,False,True
ds004447,1.0.1,sub-017/ses-11/eeg/sub-017_ses-11_task-smrbmi_channels.tsv,3157,False,True
ds004447,1.0.1,sub-017/ses-11/eeg/sub-017_ses-11_task-smrbmi_eeg.edf,63473536,True,True
ds004447,1.0.1,sub-017/ses-11/eeg/sub-017_ses-11_task-smrbmi_eeg.json,463,False,True
ds004447,1.0.1,sub-017/ses-11/eeg/sub-017_ses-11_task-smrbmi_electrodes.tsv,6166,False,True
ds004447,1.0.1,sub-017/ses-11/eeg/sub-017_ses-11_task-smrbmi_events.tsv,414,False,True
ds004447,1.0.1,sub-017/ses-10/eeg/sub-017_ses-10_task-smrbmi_channels.tsv,3157,False,True
ds004447,1.0.1,sub-017/ses-10/eeg/sub-017_ses-10_task-smrbmi_eeg.edf,58013536,True,True
ds004447,1.0.1,sub-017/ses-10/eeg/sub-017_ses-10_task-smrbmi_eeg.json,463,False,True
ds004447,1.0.1,sub-017/ses-10/eeg/sub-017_ses-10_task-smrbmi_electrodes.tsv,6162,False,True
ds004447,1.0.1,sub-017/ses-10/eeg/sub-017_ses-10_task-smrbmi_events.tsv,412,False,True
ds004447,1.0.1,sub-017/ses-09/eeg/sub-017_ses-09_task-smrbmi_channels.tsv,3157,False,True
ds004447,1.0.1,sub-017/ses-09/eeg/sub-017_ses-09_task-smrbmi_eeg.edf,58533536,True,True
ds004447,1.0.1,sub-017/ses-09/eeg/sub-017_ses-09_task-smrbmi_eeg.json,463,False,True
ds004447,1.0.1,sub-017/ses-09/eeg/sub-017_ses-09_task-smrbmi_electrodes.tsv,6171,False,True
ds004447,1.0.1,sub-017/ses-09/eeg/sub-017_ses-09_task-smrbmi_events.tsv,413,False,True
ds004447,1.0.1,sub-017/ses-08/eeg/sub-017_ses-08_task-smrbmi_channels.tsv,3157,False,True
ds004447,1.0.1,sub-017/ses-08/eeg/sub-017_ses-08_task-smrbmi_eeg.edf,67633536,True,True
ds004447,1.0.1,sub-017/ses-08/eeg/sub-017_ses-08_task-smrbmi_eeg.json,463,False,True
ds004447,1.0.1,sub-017/ses-08/eeg/sub-017_ses-08_task-smrbmi_electrodes.tsv,6162,False,True
ds004447,1.0.1,sub-017/ses-08/eeg/sub-017_ses-08_task-smrbmi_events.tsv,416,False,True
ds004447,1.0.1,sub-017/ses-07/eeg/sub-017_ses-07_task-smrbmi_channels.tsv,3157,False,True
ds004447,1.0.1,sub-017/ses-07/eeg/sub-017_ses-07_task-smrbmi_eeg.edf,45013536,True,True
ds004447,1.0.1,sub-017/ses-07/eeg/sub-017_ses-07_task-smrbmi_eeg.json,463,False,True
ds004447,1.0.1,sub-017/ses-07/eeg/sub-017_ses-07_task-smrbmi_electrodes.tsv,6147,False,True
ds004447,1.0.1,sub-017/ses-07/eeg/sub-017_ses-07_task-smrbmi_events.tsv,790,False,True
ds004447,1.0.1,sub-017/ses-06/eeg/sub-017_ses-06_task-smrbmi_channels.tsv,3157,False,True
ds004447,1.0.1,sub-017/ses-06/eeg/sub-017_ses-06_task-smrbmi_eeg.edf,49693536,True,True
ds004447,1.0.1,sub-017/ses-06/eeg/sub-017_ses-06_task-smrbmi_eeg.json,463,False,True
ds004447,1.0.1,sub-017/ses-06/eeg/sub-017_ses-06_task-smrbmi_electrodes.tsv,6168,False,True
ds004447,1.0.1,sub-017/ses-06/eeg/sub-017_ses-06_task-smrbmi_events.tsv,403,False,True
ds004447,1.0.1,sub-017/ses-05/eeg/sub-017_ses-05_task-smrbmi_channels.tsv,3157,False,True
ds004447,1.0.1,sub-017/ses-05/eeg/sub-017_ses-05_task-smrbmi_eeg.edf,53593536,True,True
ds004447,1.0.1,sub-017/ses-05/eeg/sub-017_ses-05_task-smrbmi_eeg.json,463,False,True
ds004447,1.0.1,sub-017/ses-05/eeg/sub-017_ses-05_task-smrbmi_electrodes.tsv,6172,False,True
ds004447,1.0.1,sub-017/ses-05/eeg/sub-017_ses-05_task-smrbmi_events.tsv,407,False,True
ds004447,1.0.1,sub-017/ses-04/eeg/sub-017_ses-04_task-smrbmi_channels.tsv,3157,False,True
ds004447,1.0.1,sub-017/ses-04/eeg/sub-017_ses-04_task-smrbmi_eeg.edf,54113536,True,True
ds004447,1.0.1,sub-017/ses-04/eeg/sub-017_ses-04_task-smrbmi_eeg.json,463,False,True
ds004447,1.0.1,sub-017/ses-04/eeg/sub-017_ses-04_task-smrbmi_electrodes.tsv,6165,False,True
ds004447,1.0.1,sub-017/ses-04/eeg/sub-017_ses-04_task-smrbmi_events.tsv,406,False,True
ds004447,1.0.1,sub-017/ses-03/eeg/sub-017_ses-03_task-smrbmi_channels.tsv,3157,False,True
ds004447,1.0.1,sub-017/ses-03/eeg/sub-017_ses-03_task-smrbmi_eeg.edf,57493536,True,True
ds004447,1.0.1,sub-017/ses-03/eeg/sub-017_ses-03_task-smrbmi_eeg.json,463,False,True
ds004447,1.0.1,sub-017/ses-03/eeg/sub-017_ses-03_task-smrbmi_electrodes.tsv,6150,False,True
ds004447,1.0.1,sub-017/ses-03/eeg/sub-017_ses-03_task-smrbmi_events.tsv,412,False,True
ds004447,1.0.1,sub-017/ses-02/eeg/sub-017_ses-02_task-smrbmi_channels.tsv,3157,False,True
ds004447,1.0.1,sub-017/ses-02/eeg/sub-017_ses-02_task-smrbmi_eeg.edf,59053536,True,True
ds004447,1.0.1,sub-017/ses-02/eeg/sub-017_ses-02_task-smrbmi_eeg.json,463,False,True
ds004447,1.0.1,sub-017/ses-02/eeg/sub-017_ses-02_task-smrbmi_electrodes.tsv,6156,False,True
ds004447,1.0.1,sub-017/ses-02/eeg/sub-017_ses-02_task-smrbmi_events.tsv,413,False,True
ds004447,1.0.1,sub-017/ses-01/eeg/sub-017_ses-01_task-smrbmi_channels.tsv,3157,False,True
ds004447,1.0.1,sub-017/ses-01/eeg/sub-017_ses-01_task-smrbmi_eeg.edf,44493536,True,True
ds004447,1.0.1,sub-017/ses-01/eeg/sub-017_ses-01_task-smrbmi_eeg.json,463,False,True
ds004447,1.0.1,sub-017/ses-01/eeg/sub-017_ses-01_task-smrbmi_electrodes.tsv,6170,False,True
ds004447,1.0.1,sub-017/ses-01/eeg/sub-017_ses-01_task-smrbmi_events.tsv,790,False,True
ds004447,1.0.1,sub-016/ses-18/eeg/sub-016_ses-18_task-smrbmi_channels.tsv,3157,False,True
ds004447,1.0.1,sub-016/ses-18/eeg/sub-016_ses-18_task-smrbmi_eeg.edf,43973536,True,True
ds004447,1.0.1,sub-016/ses-18/eeg/sub-016_ses-18_task-smrbmi_eeg.json,463,False,True
ds004447,1.0.1,sub-016/ses-18/eeg/sub-016_ses-18_task-smrbmi_electrodes.tsv,6140,False,True
ds004447,1.0.1,sub-016/ses-18/eeg/sub-016_ses-18_task-smrbmi_events.tsv,790,False,True
ds004447,1.0.1,sub-016/ses-17/eeg/sub-016_ses-17_task-smrbmi_channels.tsv,3157,False,True
ds004447,1.0.1,sub-016/ses-17/eeg/sub-016_ses-17_task-smrbmi_eeg.edf,56713536,True,True
ds004447,1.0.1,sub-016/ses-17/eeg/sub-016_ses-17_task-smrbmi_eeg.json,463,False,True
ds004447,1.0.1,sub-016/ses-17/eeg/sub-016_ses-17_task-smrbmi_electrodes.tsv,6140,False,True
ds004447,1.0.1,sub-016/ses-17/eeg/sub-016_ses-17_task-smrbmi_events.tsv,411,False,True
ds004447,1.0.1,sub-016/ses-16/eeg/sub-016_ses-16_task-smrbmi_channels.tsv,3157,False,True
ds004447,1.0.1,sub-016/ses-16/eeg/sub-016_ses-16_task-smrbmi_eeg.edf,58793536,True,True
ds004447,1.0.1,sub-016/ses-16/eeg/sub-016_ses-16_task-smrbmi_eeg.json,463,False,True
ds004447,1.0.1,sub-016/ses-16/eeg/sub-016_ses-16_task-smrbmi_electrodes.tsv,6140,False,True
ds004447,1.0.1,sub-016/ses-16/eeg/sub-016_ses-16_task-smrbmi_events.tsv,413,False,True
ds004447,1.0.1,sub-016/ses-15/eeg/sub-016_ses-15_task-smrbmi_channels.tsv,3157,False,True
ds004447,1.0.1,sub-016/ses-15/eeg/sub-016_ses-15_task-smrbmi_eeg.edf,57493536,True,True
ds004447,1.0.1,sub-016/ses-15/eeg/sub-016_ses-15_task-smrbmi_eeg.json,463,False,True
ds004447,1.0.1,sub-016/ses-15/eeg/sub-016_ses-15_task-smrbmi_electrodes.tsv,6140,False,True
ds004447,1.0.1,sub-016/ses-15/eeg/sub-016_ses-15_task-smrbmi_events.tsv,411,False,True
ds004447,1.0.1,sub-016/ses-14/eeg/sub-016_ses-14_task-smrbmi_channels.tsv,3157,False,True
ds004447,1.0.1,sub-016/ses-14/eeg/sub-016_ses-14_task-smrbmi_eeg.edf,53333536,True,True
ds004447,1.0.1,sub-016/ses-14/eeg/sub-016_ses-14_task-smrbmi_eeg.json,462,False,True
ds004447,1.0.1,sub-016/ses-14/eeg/sub-016_ses-14_task-smrbmi_electrodes.tsv,6142,False,True
ds004447,1.0.1,sub-016/ses-14/eeg/sub-016_ses-14_task-smrbmi_events.tsv,408,False,True
ds004447,1.0.1,sub-016/ses-13/eeg/sub-016_ses-13_task-smrbmi_channels.tsv,3157,False,True
ds004447,1.0.1,sub-016/ses-13/eeg/sub-016_ses-13_task-smrbmi_eeg.edf,56453536,True,True
ds004447,1.0.1,sub-016/ses-13/eeg/sub-016_ses-13_task-smrbmi_eeg.json,463,False,True
ds004447,1.0.1,sub-016/ses-13/eeg/sub-016_ses-13_task-smrbmi_electrodes.tsv,6144,False,True
ds004447,1.0.1,sub-016/ses-13/eeg/sub-016_ses-13_task-smrbmi_events.tsv,410,False,True
ds004447,1.0.1,sub-016/ses-12/eeg/sub-016_ses-12_task-smrbmi_channels.tsv,3157,False,True
ds004447,1.0.1,sub-016/ses-12/eeg/sub-016_ses-12_task-smrbmi_eeg.edf,43453536,True,True
ds004447,1.0.1,sub-016/ses-12/eeg/sub-016_ses-12_task-smrbmi_eeg.json,462,False,True
ds004447,1.0.1,sub-016/ses-12/eeg/sub-016_ses-12_task-smrbmi_electrodes.tsv,6142,False,True
ds004447,1.0.1,sub-016/ses-12/eeg/sub-016_ses-12_task-smrbmi_events.tsv,790,False,True
ds004447,1.0.1,sub-016/ses-11/eeg/sub-016_ses-11_task-smrbmi_channels.tsv,3157,False,True
ds004447,1.0.1,sub-016/ses-11/eeg/sub-016_ses-11_task-smrbmi_eeg.edf,46313536,True,True
ds004447,1.0.1,sub-016/ses-11/eeg/sub-016_ses-11_task-smrbmi_eeg.json,463,False,True
ds004447,1.0.1,sub-016/ses-11/eeg/sub-016_ses-11_task-smrbmi_electrodes.tsv,6143,False,True
ds004447,1.0.1,sub-016/ses-11/eeg/sub-016_ses-11_task-smrbmi_events.tsv,401,False,True
ds004447,1.0.1,sub-016/ses-10/eeg/sub-016_ses-10_task-smrbmi_channels.tsv,3157,False,True
ds004447,1.0.1,sub-016/ses-10/eeg/sub-016_ses-10_task-smrbmi_eeg.edf,45793536,True,True
ds004447,1.0.1,sub-016/ses-10/eeg/sub-016_ses-10_task-smrbmi_eeg.json,463,False,True
ds004447,1.0.1,sub-016/ses-10/eeg/sub-016_ses-10_task-smrbmi_electrodes.tsv,6146,False,True
ds004447,1.0.1,sub-016/ses-10/eeg/sub-016_ses-10_task-smrbmi_events.tsv,402,False,True
ds004447,1.0.1,sub-016/ses-09/eeg/sub-016_ses-09_task-smrbmi_channels.tsv,3157,False,True
ds004447,1.0.1,sub-016/ses-09/eeg/sub-016_ses-09_task-smrbmi_eeg.edf,53333536,True,True
ds004447,1.0.1,sub-016/ses-09/eeg/sub-016_ses-09_task-smrbmi_eeg.json,463,False,True
ds004447,1.0.1,sub-016/ses-09/eeg/sub-016_ses-09_task-smrbmi_electrodes.tsv,6143,False,True
ds004447,1.0.1,sub-016/ses-09/eeg/sub-016_ses-09_task-smrbmi_events.tsv,408,False,True
ds004447,1.0.1,sub-016/ses-08/eeg/sub-016_ses-08_task-smrbmi_channels.tsv,3157,False,True
ds004447,1.0.1,sub-016/ses-08/eeg/sub-016_ses-08_task-smrbmi_eeg.edf,58273536,True,True
ds004447,1.0.1,sub-016/ses-08/eeg/sub-016_ses-08_task-smrbmi_eeg.json,463,False,True
ds004447,1.0.1,sub-016/ses-08/eeg/sub-016_ses-08_task-smrbmi_electrodes.tsv,6153,False,True
ds004447,1.0.1,sub-016/ses-08/eeg/sub-016_ses-08_task-smrbmi_events.tsv,412,False,True
ds004447,1.0.1,sub-016/ses-07/eeg/sub-016_ses-07_task-smrbmi_channels.tsv,3157,False,True
ds004447,1.0.1,sub-016/ses-07/eeg/sub-016_ses-07_task-smrbmi_eeg.edf,45533536,True,True
ds004447,1.0.1,sub-016/ses-07/eeg/sub-016_ses-07_task-smrbmi_eeg.json,463,False,True
ds004447,1.0.1,sub-016/ses-07/eeg/sub-016_ses-07_task-smrbmi_electrodes.tsv,6143,False,True
ds004447,1.0.1,sub-016/ses-07/eeg/sub-016_ses-07_task-smrbmi_events.tsv,792,False,True
ds004447,1.0.1,sub-016/ses-06/eeg/sub-016_ses-06_task-smrbmi_channels.tsv,3157,False,True
ds004447,1.0.1,sub-016/ses-06/eeg/sub-016_ses-06_task-smrbmi_eeg.edf,47353536,True,True
ds004447,1.0.1,sub-016/ses-06/eeg/sub-016_ses-06_task-smrbmi_eeg.json,463,False,True
ds004447,1.0.1,sub-016/ses-06/eeg/sub-016_ses-06_task-smrbmi_electrodes.tsv,6143,False,True
ds004447,1.0.1,sub-016/ses-06/eeg/sub-016_ses-06_task-smrbmi_events.tsv,401,False,True
ds004447,1.0.1,sub-016/ses-05/eeg/sub-016_ses-05_task-smrbmi_channels.tsv,3157,False,True
ds004447,1.0.1,sub-016/ses-05/eeg/sub-016_ses-05_task-smrbmi_eeg.edf,56973536,True,True
ds004447,1.0.1,sub-016/ses-05/eeg/sub-016_ses-05_task-smrbmi_eeg.json,463,False,True
ds004447,1.0.1,sub-016/ses-05/eeg/sub-016_ses-05_task-smrbmi_electrodes.tsv,6138,False,True
ds004447,1.0.1,sub-016/ses-05/eeg/sub-016_ses-05_task-smrbmi_events.tsv,411,False,True
ds004447,1.0.1,sub-016/ses-04/eeg/sub-016_ses-04_task-smrbmi_channels.tsv,3157,False,True
ds004447,1.0.1,sub-016/ses-04/eeg/sub-016_ses-04_task-smrbmi_eeg.edf,59053536,True,True
ds004447,1.0.1,sub-016/ses-04/eeg/sub-016_ses-04_task-smrbmi_eeg.json,463,False,True
ds004447,1.0.1,sub-016/ses-04/eeg/sub-016_ses-04_task-smrbmi_electrodes.tsv,6141,False,True
ds004447,1.0.1,sub-016/ses-04/eeg/sub-016_ses-04_task-smrbmi_events.tsv,411,False,True
ds004447,1.0.1,sub-016/ses-03/eeg/sub-016_ses-03_task-smrbmi_channels.tsv,3157,False,True
ds004447,1.0.1,sub-016/ses-03/eeg/sub-016_ses-03_task-smrbmi_eeg.edf,56193536,True,True
ds004447,1.0.1,sub-016/ses-03/eeg/sub-016_ses-03_task-smrbmi_eeg.json,463,False,True
ds004447,1.0.1,sub-016/ses-03/eeg/sub-016_ses-03_task-smrbmi_electrodes.tsv,6146,False,True
ds004447,1.0.1,sub-016/ses-03/eeg/sub-016_ses-03_task-smrbmi_events.tsv,412,False,True
ds004447,1.0.1,sub-016/ses-02/eeg/sub-016_ses-02_task-smrbmi_channels.tsv,3157,False,True
ds004447,1.0.1,sub-016/ses-02/eeg/sub-016_ses-02_task-smrbmi_eeg.edf,47353536,True,True
ds004447,1.0.1,sub-016/ses-02/eeg/sub-016_ses-02_task-smrbmi_eeg.json,462,False,True
ds004447,1.0.1,sub-016/ses-02/eeg/sub-016_ses-02_task-smrbmi_electrodes.tsv,6138,False,True
ds004447,1.0.1,sub-016/ses-02/eeg/sub-016_ses-02_task-smrbmi_events.tsv,403,False,True
ds004447,1.0.1,sub-016/ses-01/eeg/sub-016_ses-01_task-smrbmi_channels.tsv,3157,False,True
ds004447,1.0.1,sub-016/ses-01/eeg/sub-016_ses-01_task-smrbmi_eeg.edf,43713536,True,True
ds004447,1.0.1,sub-016/ses-01/eeg/sub-016_ses-01_task-smrbmi_eeg.json,463,False,True
ds004447,1.0.1,sub-016/ses-01/eeg/sub-016_ses-01_task-smrbmi_electrodes.tsv,6152,False,True
ds004447,1.0.1,sub-016/ses-01/eeg/sub-016_ses-01_task-smrbmi_events.tsv,790,False,True
ds004447,1.0.1,sub-015/ses-19/eeg/sub-015_ses-19_task-smrbmi_channels.tsv,3157,False,True
ds004447,1.0.1,sub-015/ses-19/eeg/sub-015_ses-19_task-smrbmi_eeg.edf,42673536,True,True
ds004447,1.0.1,sub-015/ses-19/eeg/sub-015_ses-19_task-smrbmi_eeg.json,463,False,True
ds004447,1.0.1,sub-015/ses-19/eeg/sub-015_ses-19_task-smrbmi_electrodes.tsv,6156,False,True
ds004447,1.0.1,sub-015/ses-19/eeg/sub-015_ses-19_task-smrbmi_events.tsv,788,False,True
ds004447,1.0.1,sub-015/ses-18/eeg/sub-015_ses-18_task-smrbmi_channels.tsv,3157,False,True
ds004447,1.0.1,sub-015/ses-18/eeg/sub-015_ses-18_task-smrbmi_eeg.edf,43713536,True,True
ds004447,1.0.1,sub-015/ses-18/eeg/sub-015_ses-18_task-smrbmi_eeg.json,463,False,True
ds004447,1.0.1,sub-015/ses-18/eeg/sub-015_ses-18_task-smrbmi_electrodes.tsv,6164,False,True
ds004447,1.0.1,sub-015/ses-18/eeg/sub-015_ses-18_task-smrbmi_events.tsv,400,False,True
ds004447,1.0.1,sub-015/ses-17/eeg/sub-015_ses-17_task-smrbmi_channels.tsv,3157,False,True
ds004447,1.0.1,sub-015/ses-17/eeg/sub-015_ses-17_task-smrbmi_eeg.edf,39553536,True,True
ds004447,1.0.1,sub-015/ses-17/eeg/sub-015_ses-17_task-smrbmi_eeg.json,463,False,True
ds004447,1.0.1,sub-015/ses-17/eeg/sub-015_ses-17_task-smrbmi_electrodes.tsv,6165,False,True
ds004447,1.0.1,sub-015/ses-17/eeg/sub-015_ses-17_task-smrbmi_events.tsv,398,False,True
ds004447,1.0.1,sub-015/ses-16/eeg/sub-015_ses-16_task-smrbmi_channels.tsv,3157,False,True
ds004447,1.0.1,sub-015/ses-16/eeg/sub-015_ses-16_task-smrbmi_eeg.edf,53073536,True,True
ds004447,1.0.1,sub-015/ses-16/eeg/sub-015_ses-16_task-smrbmi_eeg.json,463,False,True
ds004447,1.0.1,sub-015/ses-16/eeg/sub-015_ses-16_task-smrbmi_electrodes.tsv,6148,False,True
ds004447,1.0.1,sub-015/ses-16/eeg/sub-015_ses-16_task-smrbmi_events.tsv,407,False,True
ds004447,1.0.1,sub-015/ses-15/eeg/sub-015_ses-15_task-smrbmi_channels.tsv,3157,False,True
ds004447,1.0.1,sub-015/ses-15/eeg/sub-015_ses-15_task-smrbmi_eeg.edf,48393536,True,True
ds004447,1.0.1,sub-015/ses-15/eeg/sub-015_ses-15_task-smrbmi_eeg.json,463,False,True
ds004447,1.0.1,sub-015/ses-15/eeg/sub-015_ses-15_task-smrbmi_electrodes.tsv,6165,False,True
ds004447,1.0.1,sub-015/ses-15/eeg/sub-015_ses-15_task-smrbmi_events.tsv,405,False,True
ds004447,1.0.1,sub-015/ses-14/eeg/sub-015_ses-14_task-smrbmi_channels.tsv,3157,False,True
ds004447,1.0.1,sub-015/ses-14/eeg/sub-015_ses-14_task-smrbmi_eeg.edf,47353536,True,True
ds004447,1.0.1,sub-015/ses-14/eeg/sub-015_ses-14_task-smrbmi_eeg.json,463,False,True
ds004447,1.0.1,sub-015/ses-14/eeg/sub-015_ses-14_task-smrbmi_electrodes.tsv,6162,False,True
ds004447,1.0.1,sub-015/ses-14/eeg/sub-015_ses-14_task-smrbmi_events.tsv,404,False,True
ds004447,1.0.1,sub-015/ses-13/eeg/sub-015_ses-13_task-smrbmi_channels.tsv,3157,False,True
ds004447,1.0.1,sub-015/ses-13/eeg/sub-015_ses-13_task-smrbmi_eeg.edf,43713536,True,True
ds004447,1.0.1,sub-015/ses-13/eeg/sub-015_ses-13_task-smrbmi_eeg.json,463,False,True
ds004447,1.0.1,sub-015/ses-13/eeg/sub-015_ses-13_task-smrbmi_electrodes.tsv,6159,False,True
ds004447,1.0.1,sub-015/ses-13/eeg/sub-015_ses-13_task-smrbmi_events.tsv,790,False,True
ds004447,1.0.1,sub-015/ses-12/eeg/sub-015_ses-12_task-smrbmi_channels.tsv,3157,False,True
ds004447,1.0.1,sub-015/ses-12/eeg/sub-015_ses-12_task-smrbmi_eeg.edf,52033536,True,True
ds004447,1.0.1,sub-015/ses-12/eeg/sub-015_ses-12_task-smrbmi_eeg.json,463,False,True
ds004447,1.0.1,sub-015/ses-12/eeg/sub-015_ses-12_task-smrbmi_electrodes.tsv,6169,False,True
ds004447,1.0.1,sub-015/ses-12/eeg/sub-015_ses-12_task-smrbmi_events.tsv,407,False,True
ds004447,1.0.1,sub-015/ses-11/eeg/sub-015_ses-11_task-smrbmi_channels.tsv,3157,False,True
ds004447,1.0.1,sub-015/ses-11/eeg/sub-015_ses-11_task-smrbmi_eeg.edf,54373536,True,True
ds004447,1.0.1,sub-015/ses-11/eeg/sub-015_ses-11_task-smrbmi_eeg.json,462,False,True
ds004447,1.0.1,sub-015/ses-11/eeg/sub-015_ses-11_task-smrbmi_electrodes.tsv,6165,False,True
ds004447,1.0.1,sub-015/ses-11/eeg/sub-015_ses-11_task-smrbmi_events.tsv,407,False,True
ds004447,1.0.1,sub-015/ses-10/eeg/sub-015_ses-10_task-smrbmi_channels.tsv,3157,False,True
ds004447,1.0.1,sub-015/ses-10/eeg/sub-015_ses-10_task-smrbmi_eeg.edf,49693536,True,True
ds004447,1.0.1,sub-015/ses-10/eeg/sub-015_ses-10_task-smrbmi_eeg.json,463,False,True
ds004447,1.0.1,sub-015/ses-10/eeg/sub-015_ses-10_task-smrbmi_electrodes.tsv,6170,False,True
ds004447,1.0.1,sub-015/ses-10/eeg/sub-015_ses-10_task-smrbmi_events.tsv,403,False,True
ds004447,1.0.1,sub-015/ses-09/eeg/sub-015_ses-09_task-smrbmi_channels.tsv,3157,False,True
ds004447,1.0.1,sub-015/ses-09/eeg/sub-015_ses-09_task-smrbmi_eeg.edf,51253536,True,True
ds004447,1.0.1,sub-015/ses-09/eeg/sub-015_ses-09_task-smrbmi_eeg.json,463,False,True
ds004447,1.0.1,sub-015/ses-09/eeg/sub-015_ses-09_task-smrbmi_electrodes.tsv,6164,False,True
ds004447,1.0.1,sub-015/ses-09/eeg/sub-015_ses-09_task-smrbmi_events.tsv,406,False,True
ds004447,1.0.1,sub-015/ses-08/eeg/sub-015_ses-08_task-smrbmi_channels.tsv,3157,False,True
ds004447,1.0.1,sub-015/ses-08/eeg/sub-015_ses-08_task-smrbmi_eeg.edf,53333536,True,True
ds004447,1.0.1,sub-015/ses-08/eeg/sub-015_ses-08_task-smrbmi_eeg.json,463,False,True
ds004447,1.0.1,sub-015/ses-08/eeg/sub-015_ses-08_task-smrbmi_electrodes.tsv,6173,False,True
ds004447,1.0.1,sub-015/ses-08/eeg/sub-015_ses-08_task-smrbmi_events.tsv,408,False,True
ds004447,1.0.1,sub-015/ses-07/eeg/sub-015_ses-07_task-smrbmi_channels.tsv,3157,False,True
ds004447,1.0.1,sub-015/ses-07/eeg/sub-015_ses-07_task-smrbmi_eeg.edf,42413536,True,True
ds004447,1.0.1,sub-015/ses-07/eeg/sub-015_ses-07_task-smrbmi_eeg.json,463,False,True
ds004447,1.0.1,sub-015/ses-07/eeg/sub-015_ses-07_task-smrbmi_electrodes.tsv,6172,False,True
ds004447,1.0.1,sub-015/ses-07/eeg/sub-015_ses-07_task-smrbmi_events.tsv,787,False,True
ds004447,1.0.1,sub-015/ses-06/eeg/sub-015_ses-06_task-smrbmi_channels.tsv,3157,False,True
ds004447,1.0.1,sub-015/ses-06/eeg/sub-015_ses-06_task-smrbmi_eeg.edf,54113536,True,True
ds004447,1.0.1,sub-015/ses-06/eeg/sub-015_ses-06_task-smrbmi_eeg.json,463,False,True
ds004447,1.0.1,sub-015/ses-06/eeg/sub-015_ses-06_task-smrbmi_electrodes.tsv,6162,False,True
ds004447,1.0.1,sub-015/ses-06/eeg/sub-015_ses-06_task-smrbmi_events.tsv,410,False,True
ds004447,1.0.1,sub-015/ses-05/eeg/sub-015_ses-05_task-smrbmi_channels.tsv,3157,False,True
ds004447,1.0.1,sub-015/ses-05/eeg/sub-015_ses-05_task-smrbmi_eeg.edf,52553536,True,True
ds004447,1.0.1,sub-015/ses-05/eeg/sub-015_ses-05_task-smrbmi_eeg.json,463,False,True
ds004447,1.0.1,sub-015/ses-05/eeg/sub-015_ses-05_task-smrbmi_electrodes.tsv,6171,False,True
ds004447,1.0.1,sub-015/ses-05/eeg/sub-015_ses-05_task-smrbmi_events.tsv,408,False,True
ds004447,1.0.1,sub-015/ses-04/eeg/sub-015_ses-04_task-smrbmi_channels.tsv,3157,False,True
ds004447,1.0.1,sub-015/ses-04/eeg/sub-015_ses-04_task-smrbmi_eeg.edf,51773536,True,True
ds004447,1.0.1,sub-015/ses-04/eeg/sub-015_ses-04_task-smrbmi_eeg.json,463,False,True
ds004447,1.0.1,sub-015/ses-04/eeg/sub-015_ses-04_task-smrbmi_electrodes.tsv,6155,False,True
ds004447,1.0.1,sub-015/ses-04/eeg/sub-015_ses-04_task-smrbmi_events.tsv,407,False,True
ds004447,1.0.1,sub-015/ses-03/eeg/sub-015_ses-03_task-smrbmi_channels.tsv,3157,False,True
ds004447,1.0.1,sub-015/ses-03/eeg/sub-015_ses-03_task-smrbmi_eeg.edf,53853536,True,True
ds004447,1.0.1,sub-015/ses-03/eeg/sub-015_ses-03_task-smrbmi_eeg.json,463,False,True
ds004447,1.0.1,sub-015/ses-03/eeg/sub-015_ses-03_task-smrbmi_electrodes.tsv,6164,False,True
ds004447,1.0.1,sub-015/ses-03/eeg/sub-015_ses-03_task-smrbmi_events.tsv,410,False,True
ds004447,1.0.1,sub-015/ses-02/eeg/sub-015_ses-02_task-smrbmi_channels.tsv,3157,False,True
ds004447,1.0.1,sub-015/ses-02/eeg/sub-015_ses-02_task-smrbmi_eeg.edf,52293536,True,True
ds004447,1.0.1,sub-015/ses-02/eeg/sub-015_ses-02_task-smrbmi_eeg.json,463,False,True
ds004447,1.0.1,sub-015/ses-02/eeg/sub-015_ses-02_task-smrbmi_electrodes.tsv,6173,False,True
ds004447,1.0.1,sub-015/ses-02/eeg/sub-015_ses-02_task-smrbmi_events.tsv,409,False,True
ds004447,1.0.1,sub-015/ses-01/eeg/sub-015_ses-01_task-smrbmi_channels.tsv,3157,False,True
ds004447,1.0.1,sub-015/ses-01/eeg/sub-015_ses-01_task-smrbmi_eeg.edf,42933536,True,True
ds004447,1.0.1,sub-015/ses-01/eeg/sub-015_ses-01_task-smrbmi_eeg.json,463,False,True
ds004447,1.0.1,sub-015/ses-01/eeg/sub-015_ses-01_task-smrbmi_electrodes.tsv,6162,False,True
ds004447,1.0.1,sub-015/ses-01/eeg/sub-015_ses-01_task-smrbmi_events.tsv,788,False,True
ds004447,1.0.1,sub-014/ses-19/eeg/sub-014_ses-19_task-smrbmi_channels.tsv,3157,False,True
ds004447,1.0.1,sub-014/ses-19/eeg/sub-014_ses-19_task-smrbmi_eeg.edf,43453536,True,True
ds004447,1.0.1,sub-014/ses-19/eeg/sub-014_ses-19_task-smrbmi_eeg.json,463,False,True
ds004447,1.0.1,sub-014/ses-19/eeg/sub-014_ses-19_task-smrbmi_electrodes.tsv,6165,False,True
ds004447,1.0.1,sub-014/ses-19/eeg/sub-014_ses-19_task-smrbmi_events.tsv,790,False,True
ds004447,1.0.1,sub-014/ses-18/eeg/sub-014_ses-18_task-smrbmi_channels.tsv,3157,False,True
ds004447,1.0.1,sub-014/ses-18/eeg/sub-014_ses-18_task-smrbmi_eeg.edf,54633536,True,True
ds004447,1.0.1,sub-014/ses-18/eeg/sub-014_ses-18_task-smrbmi_eeg.json,463,False,True
ds004447,1.0.1,sub-014/ses-18/eeg/sub-014_ses-18_task-smrbmi_electrodes.tsv,6172,False,True
ds004447,1.0.1,sub-014/ses-18/eeg/sub-014_ses-18_task-smrbmi_events.tsv,408,False,True
ds004447,1.0.1,sub-014/ses-17/eeg/sub-014_ses-17_task-smrbmi_channels.tsv,3157,False,True
ds004447,1.0.1,sub-014/ses-17/eeg/sub-014_ses-17_task-smrbmi_eeg.edf,55153536,True,True
ds004447,1.0.1,sub-014/ses-17/eeg/sub-014_ses-17_task-smrbmi_eeg.json,463,False,True
ds004447,1.0.1,sub-014/ses-17/eeg/sub-014_ses-17_task-smrbmi_electrodes.tsv,6167,False,True
ds004447,1.0.1,sub-014/ses-17/eeg/sub-014_ses-17_task-smrbmi_events.tsv,409,False,True
ds004447,1.0.1,sub-014/ses-16/eeg/sub-014_ses-16_task-smrbmi_channels.tsv,3157,False,True
ds004447,1.0.1,sub-014/ses-16/eeg/sub-014_ses-16_task-smrbmi_eeg.edf,56713536,True,True
ds004447,1.0.1,sub-014/ses-16/eeg/sub-014_ses-16_task-smrbmi_eeg.json,463,False,True
ds004447,1.0.1,sub-014/ses-16/eeg/sub-014_ses-16_task-smrbmi_electrodes.tsv,6171,False,True
ds004447,1.0.1,sub-014/ses-16/eeg/sub-014_ses-16_task-smrbmi_events.tsv,412,False,True
ds004447,1.0.1,sub-014/ses-15/eeg/sub-014_ses-15_task-smrbmi_channels.tsv,3157,False,True
ds004447,1.0.1,sub-014/ses-15/eeg/sub-014_ses-15_task-smrbmi_eeg.edf,54633536,True,True
ds004447,1.0.1,sub-014/ses-15/eeg/sub-014_ses-15_task-smrbmi_eeg.json,463,False,True
ds004447,1.0.1,sub-014/ses-15/eeg/sub-014_ses-15_task-smrbmi_electrodes.tsv,6164,False,True
ds004447,1.0.1,sub-014/ses-15/eeg/sub-014_ses-15_task-smrbmi_events.tsv,410,False,True
ds004447,1.0.1,sub-014/ses-14/eeg/sub-014_ses-14_task-smrbmi_channels.tsv,3157,False,True
ds004447,1.0.1,sub-014/ses-14/eeg/sub-014_ses-14_task-smrbmi_eeg.edf,54373536,True,True
ds004447,1.0.1,sub-014/ses-14/eeg/sub-014_ses-14_task-smrbmi_eeg.json,463,False,True
ds004447,1.0.1,sub-014/ses-14/eeg/sub-014_ses-14_task-smrbmi_electrodes.tsv,6171,False,True
ds004447,1.0.1,sub-014/ses-14/eeg/sub-014_ses-14_task-smrbmi_events.tsv,409,False,True
ds004447,1.0.1,sub-014/ses-13/eeg/sub-014_ses-13_task-smrbmi_channels.tsv,3157,False,True
ds004447,1.0.1,sub-014/ses-13/eeg/sub-014_ses-13_task-smrbmi_eeg.edf,42153536,True,True
ds004447,1.0.1,sub-014/ses-13/eeg/sub-014_ses-13_task-smrbmi_eeg.json,463,False,True
ds004447,1.0.1,sub-014/ses-13/eeg/sub-014_ses-13_task-smrbmi_electrodes.tsv,6163,False,True
ds004447,1.0.1,sub-014/ses-13/eeg/sub-014_ses-13_task-smrbmi_events.tsv,787,False,True
ds004447,1.0.1,sub-014/ses-12/eeg/sub-014_ses-12_task-smrbmi_channels.tsv,3157,False,True
ds004447,1.0.1,sub-014/ses-12/eeg/sub-014_ses-12_task-smrbmi_eeg.edf,58533536,True,True
ds004447,1.0.1,sub-014/ses-12/eeg/sub-014_ses-12_task-smrbmi_eeg.json,462,False,True
ds004447,1.0.1,sub-014/ses-12/eeg/sub-014_ses-12_task-smrbmi_electrodes.tsv,6166,False,True
ds004447,1.0.1,sub-014/ses-12/eeg/sub-014_ses-12_task-smrbmi_events.tsv,411,False,True
ds004447,1.0.1,sub-014/ses-11/eeg/sub-014_ses-11_task-smrbmi_channels.tsv,3157,False,True
ds004447,1.0.1,sub-014/ses-11/eeg/sub-014_ses-11_task-smrbmi_eeg.edf,52813536,True,True
ds004447,1.0.1,sub-014/ses-11/eeg/sub-014_ses-11_task-smrbmi_eeg.json,463,False,True
ds004447,1.0.1,sub-014/ses-11/eeg/sub-014_ses-11_task-smrbmi_electrodes.tsv,6172,False,True
ds004447,1.0.1,sub-014/ses-11/eeg/sub-014_ses-11_task-smrbmi_events.tsv,408,False,True
ds004447,1.0.1,sub-014/ses-10/eeg/sub-014_ses-10_task-smrbmi_channels.tsv,3157,False,True
ds004447,1.0.1,sub-014/ses-10/eeg/sub-014_ses-10_task-smrbmi_eeg.edf,60873536,True,True
ds004447,1.0.1,sub-014/ses-10/eeg/sub-014_ses-10_task-smrbmi_eeg.json,463,False,True
ds004447,1.0.1,sub-014/ses-10/eeg/sub-014_ses-10_task-smrbmi_electrodes.tsv,6165,False,True
ds004447,1.0.1,sub-014/ses-10/eeg/sub-014_ses-10_task-smrbmi_events.tsv,413,False,True
ds004447,1.0.1,sub-014/ses-09/eeg/sub-014_ses-09_task-smrbmi_channels.tsv,3157,False,True
ds004447,1.0.1,sub-014/ses-09/eeg/sub-014_ses-09_task-smrbmi_eeg.edf,54113536,True,True
ds004447,1.0.1,sub-014/ses-09/eeg/sub-014_ses-09_task-smrbmi_eeg.json,463,False,True
ds004447,1.0.1,sub-014/ses-09/eeg/sub-014_ses-09_task-smrbmi_electrodes.tsv,6161,False,True
ds004447,1.0.1,sub-014/ses-09/eeg/sub-014_ses-09_task-smrbmi_events.tsv,408,False,True
ds004447,1.0.1,sub-014/ses-08/eeg/sub-014_ses-08_task-smrbmi_channels.tsv,3157,False,True
ds004447,1.0.1,sub-014/ses-08/eeg/sub-014_ses-08_task-smrbmi_eeg.edf,50473536,True,True
ds004447,1.0.1,sub-014/ses-08/eeg/sub-014_ses-08_task-smrbmi_eeg.json,463,False,True
ds004447,1.0.1,sub-014/ses-08/eeg/sub-014_ses-08_task-smrbmi_electrodes.tsv,6170,False,True
ds004447,1.0.1,sub-014/ses-08/eeg/sub-014_ses-08_task-smrbmi_events.tsv,405,False,True
ds004447,1.0.1,sub-014/ses-07/eeg/sub-014_ses-07_task-smrbmi_channels.tsv,3157,False,True
ds004447,1.0.1,sub-014/ses-07/eeg/sub-014_ses-07_task-smrbmi_eeg.edf,48393536,True,True
ds004447,1.0.1,sub-014/ses-07/eeg/sub-014_ses-07_task-smrbmi_eeg.json,463,False,True
ds004447,1.0.1,sub-014/ses-07/eeg/sub-014_ses-07_task-smrbmi_electrodes.tsv,6164,False,True
ds004447,1.0.1,sub-014/ses-07/eeg/sub-014_ses-07_task-smrbmi_events.tsv,794,False,True
ds004447,1.0.1,sub-014/ses-06/eeg/sub-014_ses-06_task-smrbmi_channels.tsv,3157,False,True
ds004447,1.0.1,sub-014/ses-06/eeg/sub-014_ses-06_task-smrbmi_eeg.edf,55933536,True,True
ds004447,1.0.1,sub-014/ses-06/eeg/sub-014_ses-06_task-smrbmi_eeg.json,462,False,True
ds004447,1.0.1,sub-014/ses-06/eeg/sub-014_ses-06_task-smrbmi_electrodes.tsv,6162,False,True
ds004447,1.0.1,sub-014/ses-06/eeg/sub-014_ses-06_task-smrbmi_events.tsv,410,False,True
ds004447,1.0.1,sub-014/ses-05/eeg/sub-014_ses-05_task-smrbmi_channels.tsv,3157,False,True
ds004447,1.0.1,sub-014/ses-05/eeg/sub-014_ses-05_task-smrbmi_eeg.edf,58013536,True,True
ds004447,1.0.1,sub-014/ses-05/eeg/sub-014_ses-05_task-smrbmi_eeg.json,463,False,True
ds004447,1.0.1,sub-014/ses-05/eeg/sub-014_ses-05_task-smrbmi_electrodes.tsv,6159,False,True
ds004447,1.0.1,sub-014/ses-05/eeg/sub-014_ses-05_task-smrbmi_events.tsv,412,False,True
ds004447,1.0.1,sub-014/ses-04/eeg/sub-014_ses-04_task-smrbmi_channels.tsv,3157,False,True
ds004447,1.0.1,sub-014/ses-04/eeg/sub-014_ses-04_task-smrbmi_eeg.edf,53333536,True,True
ds004447,1.0.1,sub-014/ses-04/eeg/sub-014_ses-04_task-smrbmi_eeg.json,463,False,True
ds004447,1.0.1,sub-014/ses-04/eeg/sub-014_ses-04_task-smrbmi_electrodes.tsv,6175,False,True
ds004447,1.0.1,sub-014/ses-04/eeg/sub-014_ses-04_task-smrbmi_events.tsv,408,False,True
ds004447,1.0.1,sub-014/ses-03/eeg/sub-014_ses-03_task-smrbmi_channels.tsv,3157,False,True
ds004447,1.0.1,sub-014/ses-03/eeg/sub-014_ses-03_task-smrbmi_eeg.edf,52813536,True,True
ds004447,1.0.1,sub-014/ses-03/eeg/sub-014_ses-03_task-smrbmi_eeg.json,463,False,True
ds004447,1.0.1,sub-014/ses-03/eeg/sub-014_ses-03_task-smrbmi_electrodes.tsv,6160,False,True
ds004447,1.0.1,sub-014/ses-03/eeg/sub-014_ses-03_task-smrbmi_events.tsv,408,False,True
ds004447,1.0.1,sub-014/ses-02/eeg/sub-014_ses-02_task-smrbmi_channels.tsv,3157,False,True
ds004447,1.0.1,sub-014/ses-02/eeg/sub-014_ses-02_task-smrbmi_eeg.edf,58793536,True,True
ds004447,1.0.1,sub-014/ses-02/eeg/sub-014_ses-02_task-smrbmi_eeg.json,463,False,True
ds004447,1.0.1,sub-014/ses-02/eeg/sub-014_ses-02_task-smrbmi_electrodes.tsv,6167,False,True
ds004447,1.0.1,sub-014/ses-02/eeg/sub-014_ses-02_task-smrbmi_events.tsv,413,False,True
ds004447,1.0.1,sub-014/ses-01/eeg/sub-014_ses-01_task-smrbmi_channels.tsv,3157,False,True
ds004447,1.0.1,sub-014/ses-01/eeg/sub-014_ses-01_task-smrbmi_eeg.edf,43973536,True,True
ds004447,1.0.1,sub-014/ses-01/eeg/sub-014_ses-01_task-smrbmi_eeg.json,463,False,True
ds004447,1.0.1,sub-014/ses-01/eeg/sub-014_ses-01_task-smrbmi_electrodes.tsv,6169,False,True
ds004447,1.0.1,sub-014/ses-01/eeg/sub-014_ses-01_task-smrbmi_events.tsv,790,False,True
ds004447,1.0.1,sub-013/ses-20/eeg/sub-013_ses-20_task-smrbmi_channels.tsv,3157,False,True
ds004447,1.0.1,sub-013/ses-20/eeg/sub-013_ses-20_task-smrbmi_eeg.edf,42673536,True,True
ds004447,1.0.1,sub-013/ses-20/eeg/sub-013_ses-20_task-smrbmi_eeg.json,463,False,True
ds004447,1.0.1,sub-013/ses-20/eeg/sub-013_ses-20_task-smrbmi_electrodes.tsv,6153,False,True
ds004447,1.0.1,sub-013/ses-20/eeg/sub-013_ses-20_task-smrbmi_events.tsv,788,False,True
ds004447,1.0.1,sub-013/ses-19/eeg/sub-013_ses-19_task-smrbmi_channels.tsv,3157,False,True
ds004447,1.0.1,sub-013/ses-19/eeg/sub-013_ses-19_task-smrbmi_eeg.edf,46833536,True,True
ds004447,1.0.1,sub-013/ses-19/eeg/sub-013_ses-19_task-smrbmi_eeg.json,463,False,True
ds004447,1.0.1,sub-013/ses-19/eeg/sub-013_ses-19_task-smrbmi_electrodes.tsv,6160,False,True
ds004447,1.0.1,sub-013/ses-19/eeg/sub-013_ses-19_task-smrbmi_events.tsv,792,False,True
ds004447,1.0.1,sub-013/ses-18/eeg/sub-013_ses-18_task-smrbmi_channels.tsv,3157,False,True
ds004447,1.0.1,sub-013/ses-18/eeg/sub-013_ses-18_task-smrbmi_eeg.edf,56453536,True,True
ds004447,1.0.1,sub-013/ses-18/eeg/sub-013_ses-18_task-smrbmi_eeg.json,462,False,True
ds004447,1.0.1,sub-013/ses-18/eeg/sub-013_ses-18_task-smrbmi_electrodes.tsv,6156,False,True
ds004447,1.0.1,sub-013/ses-18/eeg/sub-013_ses-18_task-smrbmi_events.tsv,411,False,True
ds004447,1.0.1,sub-013/ses-17/eeg/sub-013_ses-17_task-smrbmi_channels.tsv,3157,False,True
ds004447,1.0.1,sub-013/ses-17/eeg/sub-013_ses-17_task-smrbmi_eeg.edf,54373536,True,True
ds004447,1.0.1,sub-013/ses-17/eeg/sub-013_ses-17_task-smrbmi_eeg.json,463,False,True
ds004447,1.0.1,sub-013/ses-17/eeg/sub-013_ses-17_task-smrbmi_electrodes.tsv,6149,False,True
ds004447,1.0.1,sub-013/ses-17/eeg/sub-013_ses-17_task-smrbmi_events.tsv,408,False,True
ds004447,1.0.1,sub-013/ses-16/eeg/sub-013_ses-16_task-smrbmi_channels.tsv,3157,False,True
ds004447,1.0.1,sub-013/ses-16/eeg/sub-013_ses-16_task-smrbmi_eeg.edf,58013536,True,True
ds004447,1.0.1,sub-013/ses-16/eeg/sub-013_ses-16_task-smrbmi_eeg.json,462,False,True
ds004447,1.0.1,sub-013/ses-16/eeg/sub-013_ses-16_task-smrbmi_electrodes.tsv,6157,False,True
ds004447,1.0.1,sub-013/ses-16/eeg/sub-013_ses-16_task-smrbmi_events.tsv,411,False,True
ds004447,1.0.1,sub-013/ses-15/eeg/sub-013_ses-15_task-smrbmi_channels.tsv,3157,False,True
ds004447,1.0.1,sub-013/ses-15/eeg/sub-013_ses-15_task-smrbmi_eeg.edf,53333536,True,True
ds004447,1.0.1,sub-013/ses-15/eeg/sub-013_ses-15_task-smrbmi_eeg.json,463,False,True
ds004447,1.0.1,sub-013/ses-15/eeg/sub-013_ses-15_task-smrbmi_electrodes.tsv,6154,False,True
ds004447,1.0.1,sub-013/ses-15/eeg/sub-013_ses-15_task-smrbmi_events.tsv,410,False,True
ds004447,1.0.1,sub-013/ses-14/eeg/sub-013_ses-14_task-smrbmi_channels.tsv,3157,False,True
ds004447,1.0.1,sub-013/ses-14/eeg/sub-013_ses-14_task-smrbmi_eeg.edf,48653536,True,True
ds004447,1.0.1,sub-013/ses-14/eeg/sub-013_ses-14_task-smrbmi_eeg.json,463,False,True
ds004447,1.0.1,sub-013/ses-14/eeg/sub-013_ses-14_task-smrbmi_electrodes.tsv,6145,False,True
ds004447,1.0.1,sub-013/ses-14/eeg/sub-013_ses-14_task-smrbmi_events.tsv,405,False,True
ds004447,1.0.1,sub-013/ses-13/eeg/sub-013_ses-13_task-smrbmi_channels.tsv,3157,False,True
ds004447,1.0.1,sub-013/ses-13/eeg/sub-013_ses-13_task-smrbmi_eeg.edf,46573536,True,True
ds004447,1.0.1,sub-013/ses-13/eeg/sub-013_ses-13_task-smrbmi_eeg.json,463,False,True
ds004447,1.0.1,sub-013/ses-13/eeg/sub-013_ses-13_task-smrbmi_electrodes.tsv,6156,False,True
ds004447,1.0.1,sub-013/ses-13/eeg/sub-013_ses-13_task-smrbmi_events.tsv,793,False,True
ds004447,1.0.1,sub-013/ses-12/eeg/sub-013_ses-12_task-smrbmi_channels.tsv,3157,False,True
ds004447,1.0.1,sub-013/ses-12/eeg/sub-013_ses-12_task-smrbmi_eeg.edf,55673536,True,True
ds004447,1.0.1,sub-013/ses-12/eeg/sub-013_ses-12_task-smrbmi_eeg.json,463,False,True
ds004447,1.0.1,sub-013/ses-12/eeg/sub-013_ses-12_task-smrbmi_electrodes.tsv,6154,False,True
ds004447,1.0.1,sub-013/ses-12/eeg/sub-013_ses-12_task-smrbmi_events.tsv,407,False,True
ds004447,1.0.1,sub-013/ses-11/eeg/sub-013_ses-11_task-smrbmi_channels.tsv,3157,False,True
ds004447,1.0.1,sub-013/ses-11/eeg/sub-013_ses-11_task-smrbmi_eeg.edf,46573536,True,True
ds004447,1.0.1,sub-013/ses-11/eeg/sub-013_ses-11_task-smrbmi_eeg.json,463,False,True
ds004447,1.0.1,sub-013/ses-11/eeg/sub-013_ses-11_task-smrbmi_electrodes.tsv,6152,False,True
ds004447,1.0.1,sub-013/ses-11/eeg/sub-013_ses-11_task-smrbmi_events.tsv,400,False,True
ds004447,1.0.1,sub-013/ses-10/eeg/sub-013_ses-10_task-smrbmi_channels.tsv,3157,False,True
ds004447,1.0.1,sub-013/ses-10/eeg/sub-013_ses-10_task-smrbmi_eeg.edf,50993536,True,True
ds004447,1.0.1,sub-013/ses-10/eeg/sub-013_ses-10_task-smrbmi_eeg.json,463,False,True
ds004447,1.0.1,sub-013/ses-10/eeg/sub-013_ses-10_task-smrbmi_electrodes.tsv,6153,False,True
ds004447,1.0.1,sub-013/ses-10/eeg/sub-013_ses-10_task-smrbmi_events.tsv,407,False,True
ds004447,1.0.1,sub-013/ses-09/eeg/sub-013_ses-09_task-smrbmi_channels.tsv,3157,False,True
ds004447,1.0.1,sub-013/ses-09/eeg/sub-013_ses-09_task-smrbmi_eeg.edf,47353536,True,True
ds004447,1.0.1,sub-013/ses-09/eeg/sub-013_ses-09_task-smrbmi_eeg.json,463,False,True
ds004447,1.0.1,sub-013/ses-09/eeg/sub-013_ses-09_task-smrbmi_electrodes.tsv,6152,False,True
ds004447,1.0.1,sub-013/ses-09/eeg/sub-013_ses-09_task-smrbmi_events.tsv,403,False,True
ds004447,1.0.1,sub-013/ses-08/eeg/sub-013_ses-08_task-smrbmi_channels.tsv,3157,False,True
ds004447,1.0.1,sub-013/ses-08/eeg/sub-013_ses-08_task-smrbmi_eeg.edf,50213536,True,True
ds004447,1.0.1,sub-013/ses-08/eeg/sub-013_ses-08_task-smrbmi_eeg.json,463,False,True
ds004447,1.0.1,sub-013/ses-08/eeg/sub-013_ses-08_task-smrbmi_electrodes.tsv,6160,False,True
ds004447,1.0.1,sub-013/ses-08/eeg/sub-013_ses-08_task-smrbmi_events.tsv,405,False,True
ds004447,1.0.1,sub-013/ses-07/eeg/sub-013_ses-07_task-smrbmi_channels.tsv,3157,False,True
ds004447,1.0.1,sub-013/ses-07/eeg/sub-013_ses-07_task-smrbmi_eeg.edf,50733536,True,True
ds004447,1.0.1,sub-013/ses-07/eeg/sub-013_ses-07_task-smrbmi_eeg.json,463,False,True
ds004447,1.0.1,sub-013/ses-07/eeg/sub-013_ses-07_task-smrbmi_electrodes.tsv,6157,False,True
ds004447,1.0.1,sub-013/ses-07/eeg/sub-013_ses-07_task-smrbmi_events.tsv,796,False,True
ds004447,1.0.1,sub-013/ses-06/eeg/sub-013_ses-06_task-smrbmi_channels.tsv,3157,False,True
ds004447,1.0.1,sub-013/ses-06/eeg/sub-013_ses-06_task-smrbmi_eeg.edf,67113536,True,True
ds004447,1.0.1,sub-013/ses-06/eeg/sub-013_ses-06_task-smrbmi_eeg.json,463,False,True
ds004447,1.0.1,sub-013/ses-06/eeg/sub-013_ses-06_task-smrbmi_electrodes.tsv,6150,False,True
ds004447,1.0.1,sub-013/ses-06/eeg/sub-013_ses-06_task-smrbmi_events.tsv,415,False,True
ds004447,1.0.1,sub-013/ses-05/eeg/sub-013_ses-05_task-smrbmi_channels.tsv,3157,False,True
ds004447,1.0.1,sub-013/ses-05/eeg/sub-013_ses-05_task-smrbmi_eeg.edf,62693536,True,True
ds004447,1.0.1,sub-013/ses-05/eeg/sub-013_ses-05_task-smrbmi_eeg.json,463,False,True
ds004447,1.0.1,sub-013/ses-05/eeg/sub-013_ses-05_task-smrbmi_electrodes.tsv,6157,False,True
ds004447,1.0.1,sub-013/ses-05/eeg/sub-013_ses-05_task-smrbmi_events.tsv,413,False,True
ds004447,1.0.1,sub-013/ses-04/eeg/sub-013_ses-04_task-smrbmi_channels.tsv,3157,False,True
ds004447,1.0.1,sub-013/ses-04/eeg/sub-013_ses-04_task-smrbmi_eeg.edf,56193536,True,True
ds004447,1.0.1,sub-013/ses-04/eeg/sub-013_ses-04_task-smrbmi_eeg.json,463,False,True
ds004447,1.0.1,sub-013/ses-04/eeg/sub-013_ses-04_task-smrbmi_electrodes.tsv,6153,False,True
ds004447,1.0.1,sub-013/ses-04/eeg/sub-013_ses-04_task-smrbmi_events.tsv,409,False,True
ds004447,1.0.1,sub-013/ses-03/eeg/sub-013_ses-03_task-smrbmi_channels.tsv,3157,False,True
ds004447,1.0.1,sub-013/ses-03/eeg/sub-013_ses-03_task-smrbmi_eeg.edf,58533536,True,True
ds004447,1.0.1,sub-013/ses-03/eeg/sub-013_ses-03_task-smrbmi_eeg.json,463,False,True
ds004447,1.0.1,sub-013/ses-03/eeg/sub-013_ses-03_task-smrbmi_electrodes.tsv,6166,False,True
ds004447,1.0.1,sub-013/ses-03/eeg/sub-013_ses-03_task-smrbmi_events.tsv,409,False,True
ds004447,1.0.1,sub-013/ses-02/eeg/sub-013_ses-02_task-smrbmi_channels.tsv,3157,False,True
ds004447,1.0.1,sub-013/ses-02/eeg/sub-013_ses-02_task-smrbmi_eeg.edf,57233536,True,True
ds004447,1.0.1,sub-013/ses-02/eeg/sub-013_ses-02_task-smrbmi_eeg.json,463,False,True
ds004447,1.0.1,sub-013/ses-02/eeg/sub-013_ses-02_task-smrbmi_electrodes.tsv,6154,False,True
ds004447,1.0.1,sub-013/ses-02/eeg/sub-013_ses-02_task-smrbmi_events.tsv,409,False,True
ds004447,1.0.1,sub-013/ses-01/eeg/sub-013_ses-01_task-smrbmi_channels.tsv,3157,False,True
ds004447,1.0.1,sub-013/ses-01/eeg/sub-013_ses-01_task-smrbmi_eeg.edf,44493536,True,True
ds004447,1.0.1,sub-013/ses-01/eeg/sub-013_ses-01_task-smrbmi_eeg.json,462,False,True
ds004447,1.0.1,sub-013/ses-01/eeg/sub-013_ses-01_task-smrbmi_electrodes.tsv,6167,False,True
ds004447,1.0.1,sub-013/ses-01/eeg/sub-013_ses-01_task-smrbmi_events.tsv,790,False,True
ds004447,1.0.1,sub-012/ses-19/eeg/sub-012_ses-19_task-smrbmi_channels.tsv,3157,False,True
ds004447,1.0.1,sub-012/ses-19/eeg/sub-012_ses-19_task-smrbmi_eeg.edf,41373536,True,True
ds004447,1.0.1,sub-012/ses-19/eeg/sub-012_ses-19_task-smrbmi_eeg.json,463,False,True
ds004447,1.0.1,sub-012/ses-19/eeg/sub-012_ses-19_task-smrbmi_electrodes.tsv,6168,False,True
ds004447,1.0.1,sub-012/ses-19/eeg/sub-012_ses-19_task-smrbmi_events.tsv,785,False,True
ds004447,1.0.1,sub-012/ses-18/eeg/sub-012_ses-18_task-smrbmi_channels.tsv,3157,False,True
ds004447,1.0.1,sub-012/ses-18/eeg/sub-012_ses-18_task-smrbmi_eeg.edf,50993536,True,True
ds004447,1.0.1,sub-012/ses-18/eeg/sub-012_ses-18_task-smrbmi_eeg.json,463,False,True
ds004447,1.0.1,sub-012/ses-18/eeg/sub-012_ses-18_task-smrbmi_electrodes.tsv,6165,False,True
ds004447,1.0.1,sub-012/ses-18/eeg/sub-012_ses-18_task-smrbmi_events.tsv,405,False,True
ds004447,1.0.1,sub-012/ses-17/eeg/sub-012_ses-17_task-smrbmi_channels.tsv,3157,False,True
ds004447,1.0.1,sub-012/ses-17/eeg/sub-012_ses-17_task-smrbmi_eeg.edf,48393536,True,True
ds004447,1.0.1,sub-012/ses-17/eeg/sub-012_ses-17_task-smrbmi_eeg.json,463,False,True
ds004447,1.0.1,sub-012/ses-17/eeg/sub-012_ses-17_task-smrbmi_electrodes.tsv,6164,False,True
ds004447,1.0.1,sub-012/ses-17/eeg/sub-012_ses-17_task-smrbmi_events.tsv,402,False,True
ds004447,1.0.1,sub-012/ses-16/eeg/sub-012_ses-16_task-smrbmi_channels.tsv,3157,False,True
ds004447,1.0.1,sub-012/ses-16/eeg/sub-012_ses-16_task-smrbmi_eeg.edf,48653536,True,True
ds004447,1.0.1,sub-012/ses-16/eeg/sub-012_ses-16_task-smrbmi_eeg.json,463,False,True
ds004447,1.0.1,sub-012/ses-16/eeg/sub-012_ses-16_task-smrbmi_electrodes.tsv,6162,False,True
ds004447,1.0.1,sub-012/ses-16/eeg/sub-012_ses-16_task-smrbmi_events.tsv,404,False,True
ds004447,1.0.1,sub-012/ses-15/eeg/sub-012_ses-15_task-smrbmi_channels.tsv,3157,False,True
ds004447,1.0.1,sub-012/ses-15/eeg/sub-012_ses-15_task-smrbmi_eeg.edf,46313536,True,True
ds004447,1.0.1,sub-012/ses-15/eeg/sub-012_ses-15_task-smrbmi_eeg.json,463,False,True
ds004447,1.0.1,sub-012/ses-15/eeg/sub-012_ses-15_task-smrbmi_electrodes.tsv,6161,False,True
ds004447,1.0.1,sub-012/ses-15/eeg/sub-012_ses-15_task-smrbmi_events.tsv,402,False,True
ds004447,1.0.1,sub-012/ses-14/eeg/sub-012_ses-14_task-smrbmi_channels.tsv,3157,False,True
ds004447,1.0.1,sub-012/ses-14/eeg/sub-012_ses-14_task-smrbmi_eeg.edf,43973536,True,True
ds004447,1.0.1,sub-012/ses-14/eeg/sub-012_ses-14_task-smrbmi_eeg.json,463,False,True
ds004447,1.0.1,sub-012/ses-14/eeg/sub-012_ses-14_task-smrbmi_electrodes.tsv,6170,False,True
ds004447,1.0.1,sub-012/ses-14/eeg/sub-012_ses-14_task-smrbmi_events.tsv,401,False,True
ds004447,1.0.1,sub-012/ses-13/eeg/sub-012_ses-13_task-smrbmi_channels.tsv,3157,False,True
ds004447,1.0.1,sub-012/ses-13/eeg/sub-012_ses-13_task-smrbmi_eeg.edf,45533536,True,True
ds004447,1.0.1,sub-012/ses-13/eeg/sub-012_ses-13_task-smrbmi_eeg.json,462,False,True
ds004447,1.0.1,sub-012/ses-13/eeg/sub-012_ses-13_task-smrbmi_electrodes.tsv,6167,False,True
ds004447,1.0.1,sub-012/ses-13/eeg/sub-012_ses-13_task-smrbmi_events.tsv,792,False,True
ds004447,1.0.1,sub-012/ses-12/eeg/sub-012_ses-12_task-smrbmi_channels.tsv,3157,False,True
ds004447,1.0.1,sub-012/ses-12/eeg/sub-012_ses-12_task-smrbmi_eeg.edf,55153536,True,True
ds004447,1.0.1,sub-012/ses-12/eeg/sub-012_ses-12_task-smrbmi_eeg.json,463,False,True
ds004447,1.0.1,sub-012/ses-12/eeg/sub-012_ses-12_task-smrbmi_electrodes.tsv,6158,False,True
ds004447,1.0.1,sub-012/ses-12/eeg/sub-012_ses-12_task-smrbmi_events.tsv,410,False,True
ds004447,1.0.1,sub-012/ses-11/eeg/sub-012_ses-11_task-smrbmi_channels.tsv,3157,False,True
ds004447,1.0.1,sub-012/ses-11/eeg/sub-012_ses-11_task-smrbmi_eeg.edf,56973536,True,True
ds004447,1.0.1,sub-012/ses-11/eeg/sub-012_ses-11_task-smrbmi_eeg.json,463,False,True
ds004447,1.0.1,sub-012/ses-11/eeg/sub-012_ses-11_task-smrbmi_electrodes.tsv,6148,False,True
ds004447,1.0.1,sub-012/ses-11/eeg/sub-012_ses-11_task-smrbmi_events.tsv,412,False,True
ds004447,1.0.1,sub-012/ses-10/eeg/sub-012_ses-10_task-smrbmi_channels.tsv,3157,False,True
ds004447,1.0.1,sub-012/ses-10/eeg/sub-012_ses-10_task-smrbmi_eeg.edf,62693536,True,True
ds004447,1.0.1,sub-012/ses-10/eeg/sub-012_ses-10_task-smrbmi_eeg.json,463,False,True
ds004447,1.0.1,sub-012/ses-10/eeg/sub-012_ses-10_task-smrbmi_electrodes.tsv,6155,False,True
ds004447,1.0.1,sub-012/ses-10/eeg/sub-012_ses-10_task-smrbmi_events.tsv,413,False,True
ds004447,1.0.1,sub-012/ses-09/eeg/sub-012_ses-09_task-smrbmi_channels.tsv,3157,False,True
ds004447,1.0.1,sub-012/ses-09/eeg/sub-012_ses-09_task-smrbmi_eeg.edf,51773536,True,True
ds004447,1.0.1,sub-012/ses-09/eeg/sub-012_ses-09_task-smrbmi_eeg.json,463,False,True
ds004447,1.0.1,sub-012/ses-09/eeg/sub-012_ses-09_task-smrbmi_electrodes.tsv,6153,False,True
ds004447,1.0.1,sub-012/ses-09/eeg/sub-012_ses-09_task-smrbmi_events.tsv,406,False,True
ds004447,1.0.1,sub-012/ses-08/eeg/sub-012_ses-08_task-smrbmi_channels.tsv,3157,False,True
ds004447,1.0.1,sub-012/ses-08/eeg/sub-012_ses-08_task-smrbmi_eeg.edf,59833536,True,True
ds004447,1.0.1,sub-012/ses-08/eeg/sub-012_ses-08_task-smrbmi_eeg.json,463,False,True
ds004447,1.0.1,sub-012/ses-08/eeg/sub-012_ses-08_task-smrbmi_electrodes.tsv,6156,False,True
ds004447,1.0.1,sub-012/ses-08/eeg/sub-012_ses-08_task-smrbmi_events.tsv,410,False,True
ds004447,1.0.1,sub-012/ses-07/eeg/sub-012_ses-07_task-smrbmi_channels.tsv,3157,False,True
ds004447,1.0.1,sub-012/ses-07/eeg/sub-012_ses-07_task-smrbmi_eeg.edf,48913536,True,True
ds004447,1.0.1,sub-012/ses-07/eeg/sub-012_ses-07_task-smrbmi_eeg.json,463,False,True
ds004447,1.0.1,sub-012/ses-07/eeg/sub-012_ses-07_task-smrbmi_electrodes.tsv,6151,False,True
ds004447,1.0.1,sub-012/ses-07/eeg/sub-012_ses-07_task-smrbmi_events.tsv,795,False,True
ds004447,1.0.1,sub-012/ses-06/eeg/sub-012_ses-06_task-smrbmi_channels.tsv,3157,False,True
ds004447,1.0.1,sub-012/ses-06/eeg/sub-012_ses-06_task-smrbmi_eeg.edf,57233536,True,True
ds004447,1.0.1,sub-012/ses-06/eeg/sub-012_ses-06_task-smrbmi_eeg.json,463,False,True
ds004447,1.0.1,sub-012/ses-06/eeg/sub-012_ses-06_task-smrbmi_electrodes.tsv,6168,False,True
ds004447,1.0.1,sub-012/ses-06/eeg/sub-012_ses-06_task-smrbmi_events.tsv,411,False,True
ds004447,1.0.1,sub-012/ses-05/eeg/sub-012_ses-05_task-smrbmi_channels.tsv,3157,False,True
ds004447,1.0.1,sub-012/ses-05/eeg/sub-012_ses-05_task-smrbmi_eeg.edf,56193536,True,True
ds004447,1.0.1,sub-012/ses-05/eeg/sub-012_ses-05_task-smrbmi_eeg.json,463,False,True
ds004447,1.0.1,sub-012/ses-05/eeg/sub-012_ses-05_task-smrbmi_electrodes.tsv,6165,False,True
ds004447,1.0.1,sub-012/ses-05/eeg/sub-012_ses-05_task-smrbmi_events.tsv,411,False,True
ds004447,1.0.1,sub-012/ses-04/eeg/sub-012_ses-04_task-smrbmi_channels.tsv,3157,False,True
ds004447,1.0.1,sub-012/ses-04/eeg/sub-012_ses-04_task-smrbmi_eeg.edf,52553536,True,True
ds004447,1.0.1,sub-012/ses-04/eeg/sub-012_ses-04_task-smrbmi_eeg.json,462,False,True
ds004447,1.0.1,sub-012/ses-04/eeg/sub-012_ses-04_task-smrbmi_electrodes.tsv,6173,False,True
ds004447,1.0.1,sub-012/ses-04/eeg/sub-012_ses-04_task-smrbmi_events.tsv,408,False,True
ds004447,1.0.1,sub-012/ses-03/eeg/sub-012_ses-03_task-smrbmi_channels.tsv,3157,False,True
ds004447,1.0.1,sub-012/ses-03/eeg/sub-012_ses-03_task-smrbmi_eeg.edf,59573536,True,True
ds004447,1.0.1,sub-012/ses-03/eeg/sub-012_ses-03_task-smrbmi_eeg.json,463,False,True
ds004447,1.0.1,sub-012/ses-03/eeg/sub-012_ses-03_task-smrbmi_electrodes.tsv,6169,False,True
ds004447,1.0.1,sub-012/ses-03/eeg/sub-012_ses-03_task-smrbmi_events.tsv,409,False,True
ds004447,1.0.1,sub-012/ses-02/eeg/sub-012_ses-02_task-smrbmi_channels.tsv,3157,False,True
ds004447,1.0.1,sub-012/ses-02/eeg/sub-012_ses-02_task-smrbmi_eeg.edf,54893536,True,True
ds004447,1.0.1,sub-012/ses-02/eeg/sub-012_ses-02_task-smrbmi_eeg.json,463,False,True
ds004447,1.0.1,sub-012/ses-02/eeg/sub-012_ses-02_task-smrbmi_electrodes.tsv,6165,False,True
ds004447,1.0.1,sub-012/ses-02/eeg/sub-012_ses-02_task-smrbmi_events.tsv,410,False,True
ds004447,1.0.1,sub-012/ses-01/eeg/sub-012_ses-01_task-smrbmi_channels.tsv,3157,False,True
ds004447,1.0.1,sub-012/ses-01/eeg/sub-012_ses-01_task-smrbmi_eeg.edf,44493536,True,True
ds004447,1.0.1,sub-012/ses-01/eeg/sub-012_ses-01_task-smrbmi_eeg.json,462,False,True
ds004447,1.0.1,sub-012/ses-01/eeg/sub-012_ses-01_task-smrbmi_electrodes.tsv,6172,False,True
ds004447,1.0.1,sub-012/ses-01/eeg/sub-012_ses-01_task-smrbmi_events.tsv,790,False,True
ds004447,1.0.1,sub-011/ses-19/eeg/sub-011_ses-19_task-smrbmi_channels.tsv,3157,False,True
ds004447,1.0.1,sub-011/ses-19/eeg/sub-011_ses-19_task-smrbmi_eeg.edf,41373536,True,True
ds004447,1.0.1,sub-011/ses-19/eeg/sub-011_ses-19_task-smrbmi_electrodes.tsv,6168,False,True
ds004447,1.0.1,sub-011/ses-19/eeg/sub-011_ses-19_task-smrbmi_events.tsv,785,False,True
ds004447,1.0.1,sub-011/ses-18/eeg/sub-011_ses-18_task-smrbmi_channels.tsv,3157,False,True
ds004447,1.0.1,sub-011/ses-18/eeg/sub-011_ses-18_task-smrbmi_eeg.edf,50993536,True,True
ds004447,1.0.1,sub-011/ses-18/eeg/sub-011_ses-18_task-smrbmi_electrodes.tsv,6165,False,True
ds004447,1.0.1,sub-011/ses-18/eeg/sub-011_ses-18_task-smrbmi_events.tsv,405,False,True
ds004447,1.0.1,sub-011/ses-17/eeg/sub-011_ses-17_task-smrbmi_channels.tsv,3157,False,True
ds004447,1.0.1,sub-011/ses-17/eeg/sub-011_ses-17_task-smrbmi_eeg.edf,43193536,True,True
ds004447,1.0.1,sub-011/ses-17/eeg/sub-011_ses-17_task-smrbmi_eeg.json,463,False,True
ds004447,1.0.1,sub-011/ses-17/eeg/sub-011_ses-17_task-smrbmi_electrodes.tsv,6161,False,True
ds004447,1.0.1,sub-011/ses-17/eeg/sub-011_ses-17_task-smrbmi_events.tsv,789,False,True
ds004447,1.0.1,sub-011/ses-16/eeg/sub-011_ses-16_task-smrbmi_channels.tsv,3157,False,True
ds004447,1.0.1,sub-011/ses-16/eeg/sub-011_ses-16_task-smrbmi_eeg.edf,58013536,True,True
ds004447,1.0.1,sub-011/ses-16/eeg/sub-011_ses-16_task-smrbmi_eeg.json,463,False,True
ds004447,1.0.1,sub-011/ses-16/eeg/sub-011_ses-16_task-smrbmi_electrodes.tsv,6153,False,True
ds004447,1.0.1,sub-011/ses-16/eeg/sub-011_ses-16_task-smrbmi_events.tsv,411,False,True
ds004447,1.0.1,sub-011/ses-15/eeg/sub-011_ses-15_task-smrbmi_channels.tsv,3157,False,True
ds004447,1.0.1,sub-011/ses-15/eeg/sub-011_ses-15_task-smrbmi_eeg.edf,37733536,True,True
ds004447,1.0.1,sub-011/ses-15/eeg/sub-011_ses-15_task-smrbmi_eeg.json,463,False,True
ds004447,1.0.1,sub-011/ses-15/eeg/sub-011_ses-15_task-smrbmi_electrodes.tsv,6148,False,True
ds004447,1.0.1,sub-011/ses-15/eeg/sub-011_ses-15_task-smrbmi_events.tsv,397,False,True
ds004447,1.0.1,sub-011/ses-14/eeg/sub-011_ses-14_task-smrbmi_channels.tsv,3157,False,True
ds004447,1.0.1,sub-011/ses-14/eeg/sub-011_ses-14_task-smrbmi_eeg.edf,58013536,True,True
ds004447,1.0.1,sub-011/ses-14/eeg/sub-011_ses-14_task-smrbmi_eeg.json,463,False,True
ds004447,1.0.1,sub-011/ses-14/eeg/sub-011_ses-14_task-smrbmi_electrodes.tsv,6151,False,True
ds004447,1.0.1,sub-011/ses-14/eeg/sub-011_ses-14_task-smrbmi_events.tsv,412,False,True
ds004447,1.0.1,sub-011/ses-13/eeg/sub-011_ses-13_task-smrbmi_channels.tsv,3157,False,True
ds004447,1.0.1,sub-011/ses-13/eeg/sub-011_ses-13_task-smrbmi_eeg.edf,45533536,True,True
ds004447,1.0.1,sub-011/ses-13/eeg/sub-011_ses-13_task-smrbmi_eeg.json,463,False,True
ds004447,1.0.1,sub-011/ses-13/eeg/sub-011_ses-13_task-smrbmi_electrodes.tsv,6153,False,True
ds004447,1.0.1,sub-011/ses-13/eeg/sub-011_ses-13_task-smrbmi_events.tsv,792,False,True
ds004447,1.0.1,sub-011/ses-12/eeg/sub-011_ses-12_task-smrbmi_channels.tsv,3157,False,True
ds004447,1.0.1,sub-011/ses-12/eeg/sub-011_ses-12_task-smrbmi_eeg.edf,58533536,True,True
ds004447,1.0.1,sub-011/ses-12/eeg/sub-011_ses-12_task-smrbmi_eeg.json,463,False,True
ds004447,1.0.1,sub-011/ses-12/eeg/sub-011_ses-12_task-smrbmi_electrodes.tsv,6155,False,True
ds004447,1.0.1,sub-011/ses-12/eeg/sub-011_ses-12_task-smrbmi_events.tsv,413,False,True
ds004447,1.0.1,sub-011/ses-11/eeg/sub-011_ses-11_task-smrbmi_channels.tsv,3157,False,True
ds004447,1.0.1,sub-011/ses-11/eeg/sub-011_ses-11_task-smrbmi_eeg.edf,52813536,True,True
ds004447,1.0.1,sub-011/ses-11/eeg/sub-011_ses-11_task-smrbmi_eeg.json,462,False,True
ds004447,1.0.1,sub-011/ses-11/eeg/sub-011_ses-11_task-smrbmi_electrodes.tsv,6154,False,True
ds004447,1.0.1,sub-011/ses-11/eeg/sub-011_ses-11_task-smrbmi_events.tsv,407,False,True
ds004447,1.0.1,sub-011/ses-10/eeg/sub-011_ses-10_task-smrbmi_channels.tsv,3157,False,True
ds004447,1.0.1,sub-011/ses-10/eeg/sub-011_ses-10_task-smrbmi_eeg.edf,52293536,True,True
ds004447,1.0.1,sub-011/ses-10/eeg/sub-011_ses-10_task-smrbmi_eeg.json,463,False,True
ds004447,1.0.1,sub-011/ses-10/eeg/sub-011_ses-10_task-smrbmi_electrodes.tsv,6148,False,True
ds004447,1.0.1,sub-011/ses-10/eeg/sub-011_ses-10_task-smrbmi_events.tsv,408,False,True
ds004447,1.0.1,sub-011/ses-09/eeg/sub-011_ses-09_task-smrbmi_channels.tsv,3157,False,True
ds004447,1.0.1,sub-011/ses-09/eeg/sub-011_ses-09_task-smrbmi_eeg.edf,58273536,True,True
ds004447,1.0.1,sub-011/ses-09/eeg/sub-011_ses-09_task-smrbmi_eeg.json,463,False,True
ds004447,1.0.1,sub-011/ses-09/eeg/sub-011_ses-09_task-smrbmi_electrodes.tsv,6158,False,True
ds004447,1.0.1,sub-011/ses-09/eeg/sub-011_ses-09_task-smrbmi_events.tsv,411,False,True
ds004447,1.0.1,sub-011/ses-08/eeg/sub-011_ses-08_task-smrbmi_channels.tsv,3157,False,True
ds004447,1.0.1,sub-011/ses-08/eeg/sub-011_ses-08_task-smrbmi_eeg.edf,64513536,True,True
ds004447,1.0.1,sub-011/ses-08/eeg/sub-011_ses-08_task-smrbmi_eeg.json,463,False,True
ds004447,1.0.1,sub-011/ses-08/eeg/sub-011_ses-08_task-smrbmi_electrodes.tsv,6159,False,True
ds004447,1.0.1,sub-011/ses-08/eeg/sub-011_ses-08_task-smrbmi_events.tsv,413,False,True
ds004447,1.0.1,sub-011/ses-07/eeg/sub-011_ses-07_task-smrbmi_channels.tsv,3157,False,True
ds004447,1.0.1,sub-011/ses-07/eeg/sub-011_ses-07_task-smrbmi_eeg.edf,49173536,True,True
ds004447,1.0.1,sub-011/ses-07/eeg/sub-011_ses-07_task-smrbmi_eeg.json,463,False,True
ds004447,1.0.1,sub-011/ses-07/eeg/sub-011_ses-07_task-smrbmi_electrodes.tsv,6146,False,True
ds004447,1.0.1,sub-011/ses-07/eeg/sub-011_ses-07_task-smrbmi_events.tsv,795,False,True
ds004447,1.0.1,sub-011/ses-06/eeg/sub-011_ses-06_task-smrbmi_channels.tsv,3157,False,True
ds004447,1.0.1,sub-011/ses-06/eeg/sub-011_ses-06_task-smrbmi_eeg.edf,48133536,True,True
ds004447,1.0.1,sub-011/ses-06/eeg/sub-011_ses-06_task-smrbmi_eeg.json,463,False,True
ds004447,1.0.1,sub-011/ses-06/eeg/sub-011_ses-06_task-smrbmi_electrodes.tsv,6154,False,True
ds004447,1.0.1,sub-011/ses-06/eeg/sub-011_ses-06_task-smrbmi_events.tsv,404,False,True
ds004447,1.0.1,sub-011/ses-05/eeg/sub-011_ses-05_task-smrbmi_channels.tsv,3157,False,True
ds004447,1.0.1,sub-011/ses-05/eeg/sub-011_ses-05_task-smrbmi_eeg.edf,57233536,True,True
ds004447,1.0.1,sub-011/ses-05/eeg/sub-011_ses-05_task-smrbmi_eeg.json,463,False,True
ds004447,1.0.1,sub-011/ses-05/eeg/sub-011_ses-05_task-smrbmi_electrodes.tsv,6154,False,True
ds004447,1.0.1,sub-011/ses-05/eeg/sub-011_ses-05_task-smrbmi_events.tsv,411,False,True
ds004447,1.0.1,sub-011/ses-04/eeg/sub-011_ses-04_task-smrbmi_channels.tsv,3157,False,True
ds004447,1.0.1,sub-011/ses-04/eeg/sub-011_ses-04_task-smrbmi_eeg.edf,56193536,True,True
ds004447,1.0.1,sub-011/ses-04/eeg/sub-011_ses-04_task-smrbmi_eeg.json,463,False,True
ds004447,1.0.1,sub-011/ses-04/eeg/sub-011_ses-04_task-smrbmi_electrodes.tsv,6155,False,True
ds004447,1.0.1,sub-011/ses-04/eeg/sub-011_ses-04_task-smrbmi_events.tsv,412,False,True
ds004447,1.0.1,sub-011/ses-03/eeg/sub-011_ses-03_task-smrbmi_channels.tsv,3157,False,True
ds004447,1.0.1,sub-011/ses-03/eeg/sub-011_ses-03_task-smrbmi_eeg.edf,53853536,True,True
ds004447,1.0.1,sub-011/ses-03/eeg/sub-011_ses-03_task-smrbmi_eeg.json,463,False,True
ds004447,1.0.1,sub-011/ses-03/eeg/sub-011_ses-03_task-smrbmi_electrodes.tsv,6156,False,True
ds004447,1.0.1,sub-011/ses-03/eeg/sub-011_ses-03_task-smrbmi_events.tsv,408,False,True
ds004447,1.0.1,sub-011/ses-02/eeg/sub-011_ses-02_task-smrbmi_channels.tsv,3157,False,True
ds004447,1.0.1,sub-011/ses-02/eeg/sub-011_ses-02_task-smrbmi_eeg.edf,39033536,True,True
ds004447,1.0.1,sub-011/ses-02/eeg/sub-011_ses-02_task-smrbmi_eeg.json,463,False,True
ds004447,1.0.1,sub-011/ses-02/eeg/sub-011_ses-02_task-smrbmi_electrodes.tsv,6165,False,True
ds004447,1.0.1,sub-011/ses-02/eeg/sub-011_ses-02_task-smrbmi_events.tsv,397,False,True
ds004447,1.0.1,sub-011/ses-01/eeg/sub-011_ses-01_task-smrbmi_channels.tsv,3157,False,True
ds004447,1.0.1,sub-011/ses-01/eeg/sub-011_ses-01_task-smrbmi_eeg.edf,42413536,True,True
ds004447,1.0.1,sub-011/ses-01/eeg/sub-011_ses-01_task-smrbmi_eeg.json,463,False,True
ds004447,1.0.1,sub-011/ses-01/eeg/sub-011_ses-01_task-smrbmi_electrodes.tsv,6168,False,True
ds004447,1.0.1,sub-011/ses-01/eeg/sub-011_ses-01_task-smrbmi_events.tsv,787,False,True
ds004447,1.0.1,sub-010/ses-19/eeg/sub-010_ses-19_task-smrbmi_channels.tsv,3157,False,True
ds004447,1.0.1,sub-010/ses-19/eeg/sub-010_ses-19_task-smrbmi_eeg.edf,50213536,True,True
ds004447,1.0.1,sub-010/ses-19/eeg/sub-010_ses-19_task-smrbmi_eeg.json,463,False,True
ds004447,1.0.1,sub-010/ses-19/eeg/sub-010_ses-19_task-smrbmi_electrodes.tsv,6124,False,True
ds004447,1.0.1,sub-010/ses-19/eeg/sub-010_ses-19_task-smrbmi_events.tsv,796,False,True
ds004447,1.0.1,sub-010/ses-18/eeg/sub-010_ses-18_task-smrbmi_channels.tsv,3157,False,True
ds004447,1.0.1,sub-010/ses-18/eeg/sub-010_ses-18_task-smrbmi_eeg.edf,56973536,True,True
ds004447,1.0.1,sub-010/ses-18/eeg/sub-010_ses-18_task-smrbmi_eeg.json,463,False,True
ds004447,1.0.1,sub-010/ses-18/eeg/sub-010_ses-18_task-smrbmi_electrodes.tsv,6126,False,True
ds004447,1.0.1,sub-010/ses-18/eeg/sub-010_ses-18_task-smrbmi_events.tsv,407,False,True
ds004447,1.0.1,sub-010/ses-17/eeg/sub-010_ses-17_task-smrbmi_channels.tsv,3157,False,True
ds004447,1.0.1,sub-010/ses-17/eeg/sub-010_ses-17_task-smrbmi_eeg.edf,62693536,True,True
ds004447,1.0.1,sub-010/ses-17/eeg/sub-010_ses-17_task-smrbmi_eeg.json,463,False,True
ds004447,1.0.1,sub-010/ses-17/eeg/sub-010_ses-17_task-smrbmi_electrodes.tsv,6144,False,True
ds004447,1.0.1,sub-010/ses-17/eeg/sub-010_ses-17_task-smrbmi_events.tsv,413,False,True
ds004447,1.0.1,sub-010/ses-16/eeg/sub-010_ses-16_task-smrbmi_channels.tsv,3157,False,True
ds004447,1.0.1,sub-010/ses-16/eeg/sub-010_ses-16_task-smrbmi_eeg.edf,58013536,True,True
ds004447,1.0.1,sub-010/ses-16/eeg/sub-010_ses-16_task-smrbmi_eeg.json,463,False,True
ds004447,1.0.1,sub-010/ses-16/eeg/sub-010_ses-16_task-smrbmi_electrodes.tsv,6137,False,True
ds004447,1.0.1,sub-010/ses-16/eeg/sub-010_ses-16_task-smrbmi_events.tsv,408,False,True
ds004447,1.0.1,sub-010/ses-15/eeg/sub-010_ses-15_task-smrbmi_channels.tsv,3157,False,True
ds004447,1.0.1,sub-010/ses-15/eeg/sub-010_ses-15_task-smrbmi_eeg.edf,51513536,True,True
ds004447,1.0.1,sub-010/ses-15/eeg/sub-010_ses-15_task-smrbmi_eeg.json,463,False,True
ds004447,1.0.1,sub-010/ses-15/eeg/sub-010_ses-15_task-smrbmi_electrodes.tsv,6129,False,True
ds004447,1.0.1,sub-010/ses-15/eeg/sub-010_ses-15_task-smrbmi_events.tsv,405,False,True
ds004447,1.0.1,sub-010/ses-14/eeg/sub-010_ses-14_task-smrbmi_channels.tsv,3157,False,True
ds004447,1.0.1,sub-010/ses-14/eeg/sub-010_ses-14_task-smrbmi_eeg.edf,52033536,True,True
ds004447,1.0.1,sub-010/ses-14/eeg/sub-010_ses-14_task-smrbmi_eeg.json,463,False,True
ds004447,1.0.1,sub-010/ses-14/eeg/sub-010_ses-14_task-smrbmi_electrodes.tsv,6125,False,True
ds004447,1.0.1,sub-010/ses-14/eeg/sub-010_ses-14_task-smrbmi_events.tsv,401,False,True
ds004447,1.0.1,sub-010/ses-13/eeg/sub-010_ses-13_task-smrbmi_channels.tsv,3157,False,True
ds004447,1.0.1,sub-010/ses-13/eeg/sub-010_ses-13_task-smrbmi_eeg.edf,45013536,True,True
ds004447,1.0.1,sub-010/ses-13/eeg/sub-010_ses-13_task-smrbmi_eeg.json,463,False,True
ds004447,1.0.1,sub-010/ses-13/eeg/sub-010_ses-13_task-smrbmi_electrodes.tsv,6131,False,True
ds004447,1.0.1,sub-010/ses-13/eeg/sub-010_ses-13_task-smrbmi_events.tsv,790,False,True
ds004447,1.0.1,sub-010/ses-12/eeg/sub-010_ses-12_task-smrbmi_channels.tsv,3157,False,True
ds004447,1.0.1,sub-010/ses-12/eeg/sub-010_ses-12_task-smrbmi_eeg.edf,58273536,True,True
ds004447,1.0.1,sub-010/ses-12/eeg/sub-010_ses-12_task-smrbmi_eeg.json,462,False,True
ds004447,1.0.1,sub-010/ses-12/eeg/sub-010_ses-12_task-smrbmi_electrodes.tsv,6131,False,True
ds004447,1.0.1,sub-010/ses-12/eeg/sub-010_ses-12_task-smrbmi_events.tsv,411,False,True
ds004447,1.0.1,sub-010/ses-11/eeg/sub-010_ses-11_task-smrbmi_channels.tsv,3157,False,True
ds004447,1.0.1,sub-010/ses-11/eeg/sub-010_ses-11_task-smrbmi_eeg.edf,56713536,True,True
ds004447,1.0.1,sub-010/ses-11/eeg/sub-010_ses-11_task-smrbmi_eeg.json,463,False,True
ds004447,1.0.1,sub-010/ses-11/eeg/sub-010_ses-11_task-smrbmi_electrodes.tsv,6134,False,True
ds004447,1.0.1,sub-010/ses-11/eeg/sub-010_ses-11_task-smrbmi_events.tsv,410,False,True
ds004447,1.0.1,sub-010/ses-10/eeg/sub-010_ses-10_task-smrbmi_channels.tsv,3157,False,True
ds004447,1.0.1,sub-010/ses-10/eeg/sub-010_ses-10_task-smrbmi_eeg.edf,58013536,True,True
ds004447,1.0.1,sub-010/ses-10/eeg/sub-010_ses-10_task-smrbmi_eeg.json,462,False,True
ds004447,1.0.1,sub-010/ses-10/eeg/sub-010_ses-10_task-smrbmi_electrodes.tsv,6139,False,True
ds004447,1.0.1,sub-010/ses-10/eeg/sub-010_ses-10_task-smrbmi_events.tsv,412,False,True
ds004447,1.0.1,sub-010/ses-09/eeg/sub-010_ses-09_task-smrbmi_channels.tsv,3157,False,True
ds004447,1.0.1,sub-010/ses-09/eeg/sub-010_ses-09_task-smrbmi_eeg.edf,58533536,True,True
ds004447,1.0.1,sub-010/ses-09/eeg/sub-010_ses-09_task-smrbmi_eeg.json,463,False,True
ds004447,1.0.1,sub-010/ses-09/eeg/sub-010_ses-09_task-smrbmi_electrodes.tsv,6140,False,True
ds004447,1.0.1,sub-010/ses-09/eeg/sub-010_ses-09_task-smrbmi_events.tsv,412,False,True
ds004447,1.0.1,sub-010/ses-08/eeg/sub-010_ses-08_task-smrbmi_channels.tsv,3157,False,True
ds004447,1.0.1,sub-010/ses-08/eeg/sub-010_ses-08_task-smrbmi_eeg.edf,55413536,True,True
ds004447,1.0.1,sub-010/ses-08/eeg/sub-010_ses-08_task-smrbmi_eeg.json,463,False,True
ds004447,1.0.1,sub-010/ses-08/eeg/sub-010_ses-08_task-smrbmi_electrodes.tsv,6149,False,True
ds004447,1.0.1,sub-010/ses-08/eeg/sub-010_ses-08_task-smrbmi_events.tsv,408,False,True
ds004447,1.0.1,sub-010/ses-07/eeg/sub-010_ses-07_task-smrbmi_channels.tsv,3157,False,True
ds004447,1.0.1,sub-010/ses-07/eeg/sub-010_ses-07_task-smrbmi_eeg.edf,44493536,True,True
ds004447,1.0.1,sub-010/ses-07/eeg/sub-010_ses-07_task-smrbmi_eeg.json,463,False,True
ds004447,1.0.1,sub-010/ses-07/eeg/sub-010_ses-07_task-smrbmi_electrodes.tsv,6162,False,True
ds004447,1.0.1,sub-010/ses-07/eeg/sub-010_ses-07_task-smrbmi_events.tsv,790,False,True
ds004447,1.0.1,sub-010/ses-06/eeg/sub-010_ses-06_task-smrbmi_channels.tsv,3157,False,True
ds004447,1.0.1,sub-010/ses-06/eeg/sub-010_ses-06_task-smrbmi_eeg.edf,55673536,True,True
ds004447,1.0.1,sub-010/ses-06/eeg/sub-010_ses-06_task-smrbmi_eeg.json,463,False,True
ds004447,1.0.1,sub-010/ses-06/eeg/sub-010_ses-06_task-smrbmi_electrodes.tsv,6169,False,True
ds004447,1.0.1,sub-010/ses-06/eeg/sub-010_ses-06_task-smrbmi_events.tsv,410,False,True
ds004447,1.0.1,sub-010/ses-05/eeg/sub-010_ses-05_task-smrbmi_channels.tsv,3157,False,True
ds004447,1.0.1,sub-010/ses-05/eeg/sub-010_ses-05_task-smrbmi_eeg.edf,60353536,True,True
ds004447,1.0.1,sub-010/ses-05/eeg/sub-010_ses-05_task-smrbmi_eeg.json,463,False,True
ds004447,1.0.1,sub-010/ses-05/eeg/sub-010_ses-05_task-smrbmi_electrodes.tsv,6163,False,True
ds004447,1.0.1,sub-010/ses-05/eeg/sub-010_ses-05_task-smrbmi_events.tsv,413,False,True
ds004447,1.0.1,sub-010/ses-04/eeg/sub-010_ses-04_task-smrbmi_channels.tsv,3157,False,True
ds004447,1.0.1,sub-010/ses-04/eeg/sub-010_ses-04_task-smrbmi_eeg.edf,57753536,True,True
ds004447,1.0.1,sub-010/ses-04/eeg/sub-010_ses-04_task-smrbmi_eeg.json,462,False,True
ds004447,1.0.1,sub-010/ses-04/eeg/sub-010_ses-04_task-smrbmi_electrodes.tsv,6167,False,True
ds004447,1.0.1,sub-010/ses-04/eeg/sub-010_ses-04_task-smrbmi_events.tsv,411,False,True
ds004447,1.0.1,sub-010/ses-03/eeg/sub-010_ses-03_task-smrbmi_channels.tsv,3157,False,True
ds004447,1.0.1,sub-010/ses-03/eeg/sub-010_ses-03_task-smrbmi_eeg.edf,52293536,True,True
ds004447,1.0.1,sub-010/ses-03/eeg/sub-010_ses-03_task-smrbmi_eeg.json,463,False,True
ds004447,1.0.1,sub-010/ses-03/eeg/sub-010_ses-03_task-smrbmi_electrodes.tsv,6164,False,True
ds004447,1.0.1,sub-010/ses-03/eeg/sub-010_ses-03_task-smrbmi_events.tsv,406,False,True
ds004447,1.0.1,sub-010/ses-02/eeg/sub-010_ses-02_task-smrbmi_channels.tsv,3157,False,True
ds004447,1.0.1,sub-010/ses-02/eeg/sub-010_ses-02_task-smrbmi_eeg.edf,56973536,True,True
ds004447,1.0.1,sub-010/ses-02/eeg/sub-010_ses-02_task-smrbmi_eeg.json,463,False,True
ds004447,1.0.1,sub-010/ses-02/eeg/sub-010_ses-02_task-smrbmi_electrodes.tsv,6169,False,True
ds004447,1.0.1,sub-010/ses-02/eeg/sub-010_ses-02_task-smrbmi_events.tsv,410,False,True
ds004447,1.0.1,sub-010/ses-01/eeg/sub-010_ses-01_task-smrbmi_channels.tsv,3157,False,True
ds004447,1.0.1,sub-010/ses-01/eeg/sub-010_ses-01_task-smrbmi_eeg.edf,52813536,True,True
ds004447,1.0.1,sub-010/ses-01/eeg/sub-010_ses-01_task-smrbmi_eeg.json,463,False,True
ds004447,1.0.1,sub-010/ses-01/eeg/sub-010_ses-01_task-smrbmi_electrodes.tsv,6159,False,True
ds004447,1.0.1,sub-010/ses-01/eeg/sub-010_ses-01_task-smrbmi_events.tsv,799,False,True
ds004447,1.0.1,sub-009/ses-19/eeg/sub-009_ses-19_task-smrbmi_channels.tsv,3157,False,True
ds004447,1.0.1,sub-009/ses-19/eeg/sub-009_ses-19_task-smrbmi_eeg.edf,45013536,True,True
ds004447,1.0.1,sub-009/ses-19/eeg/sub-009_ses-19_task-smrbmi_eeg.json,463,False,True
ds004447,1.0.1,sub-009/ses-19/eeg/sub-009_ses-19_task-smrbmi_electrodes.tsv,6160,False,True
ds004447,1.0.1,sub-009/ses-19/eeg/sub-009_ses-19_task-smrbmi_events.tsv,790,False,True
ds004447,1.0.1,sub-009/ses-18/eeg/sub-009_ses-18_task-smrbmi_channels.tsv,3157,False,True
ds004447,1.0.1,sub-009/ses-18/eeg/sub-009_ses-18_task-smrbmi_eeg.edf,59833536,True,True
ds004447,1.0.1,sub-009/ses-18/eeg/sub-009_ses-18_task-smrbmi_eeg.json,463,False,True
ds004447,1.0.1,sub-009/ses-18/eeg/sub-009_ses-18_task-smrbmi_electrodes.tsv,6153,False,True
ds004447,1.0.1,sub-009/ses-18/eeg/sub-009_ses-18_task-smrbmi_events.tsv,410,False,True
ds004447,1.0.1,sub-009/ses-17/eeg/sub-009_ses-17_task-smrbmi_channels.tsv,3157,False,True
ds004447,1.0.1,sub-009/ses-17/eeg/sub-009_ses-17_task-smrbmi_eeg.edf,55673536,True,True
ds004447,1.0.1,sub-009/ses-17/eeg/sub-009_ses-17_task-smrbmi_eeg.json,463,False,True
ds004447,1.0.1,sub-009/ses-17/eeg/sub-009_ses-17_task-smrbmi_electrodes.tsv,6161,False,True
ds004447,1.0.1,sub-009/ses-17/eeg/sub-009_ses-17_task-smrbmi_events.tsv,410,False,True
ds004447,1.0.1,sub-009/ses-16/eeg/sub-009_ses-16_task-smrbmi_channels.tsv,3157,False,True
ds004447,1.0.1,sub-009/ses-16/eeg/sub-009_ses-16_task-smrbmi_eeg.edf,42413536,True,True
ds004447,1.0.1,sub-009/ses-16/eeg/sub-009_ses-16_task-smrbmi_eeg.json,463,False,True
ds004447,1.0.1,sub-009/ses-16/eeg/sub-009_ses-16_task-smrbmi_electrodes.tsv,6148,False,True
ds004447,1.0.1,sub-009/ses-16/eeg/sub-009_ses-16_task-smrbmi_events.tsv,401,False,True
ds004447,1.0.1,sub-009/ses-15/eeg/sub-009_ses-15_task-smrbmi_channels.tsv,3157,False,True
ds004447,1.0.1,sub-009/ses-15/eeg/sub-009_ses-15_task-smrbmi_eeg.edf,49693536,True,True
ds004447,1.0.1,sub-009/ses-15/eeg/sub-009_ses-15_task-smrbmi_eeg.json,462,False,True
ds004447,1.0.1,sub-009/ses-15/eeg/sub-009_ses-15_task-smrbmi_electrodes.tsv,6156,False,True
ds004447,1.0.1,sub-009/ses-15/eeg/sub-009_ses-15_task-smrbmi_events.tsv,406,False,True
ds004447,1.0.1,sub-009/ses-14/eeg/sub-009_ses-14_task-smrbmi_channels.tsv,3157,False,True
ds004447,1.0.1,sub-009/ses-14/eeg/sub-009_ses-14_task-smrbmi_eeg.edf,54113536,True,True
ds004447,1.0.1,sub-009/ses-14/eeg/sub-009_ses-14_task-smrbmi_eeg.json,463,False,True
ds004447,1.0.1,sub-009/ses-14/eeg/sub-009_ses-14_task-smrbmi_electrodes.tsv,6151,False,True
ds004447,1.0.1,sub-009/ses-14/eeg/sub-009_ses-14_task-smrbmi_events.tsv,407,False,True
ds004447,1.0.1,sub-009/ses-13/eeg/sub-009_ses-13_task-smrbmi_channels.tsv,3157,False,True
ds004447,1.0.1,sub-009/ses-13/eeg/sub-009_ses-13_task-smrbmi_eeg.edf,44233536,True,True
ds004447,1.0.1,sub-009/ses-13/eeg/sub-009_ses-13_task-smrbmi_eeg.json,463,False,True
ds004447,1.0.1,sub-009/ses-13/eeg/sub-009_ses-13_task-smrbmi_electrodes.tsv,6151,False,True
ds004447,1.0.1,sub-009/ses-13/eeg/sub-009_ses-13_task-smrbmi_events.tsv,790,False,True
ds004447,1.0.1,sub-009/ses-12/eeg/sub-009_ses-12_task-smrbmi_channels.tsv,3157,False,True
ds004447,1.0.1,sub-009/ses-12/eeg/sub-009_ses-12_task-smrbmi_eeg.edf,49693536,True,True
ds004447,1.0.1,sub-009/ses-12/eeg/sub-009_ses-12_task-smrbmi_eeg.json,463,False,True
ds004447,1.0.1,sub-009/ses-12/eeg/sub-009_ses-12_task-smrbmi_electrodes.tsv,6151,False,True
ds004447,1.0.1,sub-009/ses-12/eeg/sub-009_ses-12_task-smrbmi_events.tsv,402,False,True
ds004447,1.0.1,sub-009/ses-11/eeg/sub-009_ses-11_task-smrbmi_channels.tsv,3157,False,True
ds004447,1.0.1,sub-009/ses-11/eeg/sub-009_ses-11_task-smrbmi_eeg.edf,47613536,True,True
ds004447,1.0.1,sub-009/ses-11/eeg/sub-009_ses-11_task-smrbmi_eeg.json,463,False,True
ds004447,1.0.1,sub-009/ses-11/eeg/sub-009_ses-11_task-smrbmi_electrodes.tsv,6145,False,True
ds004447,1.0.1,sub-009/ses-11/eeg/sub-009_ses-11_task-smrbmi_events.tsv,404,False,True
ds004447,1.0.1,sub-009/ses-10/eeg/sub-009_ses-10_task-smrbmi_channels.tsv,3157,False,True
ds004447,1.0.1,sub-009/ses-10/eeg/sub-009_ses-10_task-smrbmi_eeg.edf,49173536,True,True
ds004447,1.0.1,sub-009/ses-10/eeg/sub-009_ses-10_task-smrbmi_eeg.json,463,False,True
ds004447,1.0.1,sub-009/ses-10/eeg/sub-009_ses-10_task-smrbmi_electrodes.tsv,6153,False,True
ds004447,1.0.1,sub-009/ses-10/eeg/sub-009_ses-10_task-smrbmi_events.tsv,401,False,True
ds004447,1.0.1,sub-009/ses-09/eeg/sub-009_ses-09_task-smrbmi_channels.tsv,3157,False,True
ds004447,1.0.1,sub-009/ses-09/eeg/sub-009_ses-09_task-smrbmi_eeg.edf,49433536,True,True
ds004447,1.0.1,sub-009/ses-09/eeg/sub-009_ses-09_task-smrbmi_eeg.json,463,False,True
ds004447,1.0.1,sub-009/ses-09/eeg/sub-009_ses-09_task-smrbmi_electrodes.tsv,6155,False,True
ds004447,1.0.1,sub-009/ses-09/eeg/sub-009_ses-09_task-smrbmi_events.tsv,402,False,True
ds004447,1.0.1,sub-009/ses-08/eeg/sub-009_ses-08_task-smrbmi_channels.tsv,3157,False,True
ds004447,1.0.1,sub-009/ses-08/eeg/sub-009_ses-08_task-smrbmi_eeg.edf,54633536,True,True
ds004447,1.0.1,sub-009/ses-08/eeg/sub-009_ses-08_task-smrbmi_eeg.json,462,False,True
ds004447,1.0.1,sub-009/ses-08/eeg/sub-009_ses-08_task-smrbmi_electrodes.tsv,6157,False,True
ds004447,1.0.1,sub-009/ses-08/eeg/sub-009_ses-08_task-smrbmi_events.tsv,409,False,True
ds004447,1.0.1,sub-009/ses-07/eeg/sub-009_ses-07_task-smrbmi_channels.tsv,3157,False,True
ds004447,1.0.1,sub-009/ses-07/eeg/sub-009_ses-07_task-smrbmi_eeg.edf,45273536,True,True
ds004447,1.0.1,sub-009/ses-07/eeg/sub-009_ses-07_task-smrbmi_eeg.json,463,False,True
ds004447,1.0.1,sub-009/ses-07/eeg/sub-009_ses-07_task-smrbmi_electrodes.tsv,6162,False,True
ds004447,1.0.1,sub-009/ses-07/eeg/sub-009_ses-07_task-smrbmi_events.tsv,791,False,True
ds004447,1.0.1,sub-009/ses-06/eeg/sub-009_ses-06_task-smrbmi_channels.tsv,3157,False,True
ds004447,1.0.1,sub-009/ses-06/eeg/sub-009_ses-06_task-smrbmi_eeg.edf,59053536,True,True
ds004447,1.0.1,sub-009/ses-06/eeg/sub-009_ses-06_task-smrbmi_eeg.json,463,False,True
ds004447,1.0.1,sub-009/ses-06/eeg/sub-009_ses-06_task-smrbmi_electrodes.tsv,6155,False,True
ds004447,1.0.1,sub-009/ses-06/eeg/sub-009_ses-06_task-smrbmi_events.tsv,413,False,True
ds004447,1.0.1,sub-009/ses-05/eeg/sub-009_ses-05_task-smrbmi_channels.tsv,3157,False,True
ds004447,1.0.1,sub-009/ses-05/eeg/sub-009_ses-05_task-smrbmi_eeg.edf,55413536,True,True
ds004447,1.0.1,sub-009/ses-05/eeg/sub-009_ses-05_task-smrbmi_eeg.json,463,False,True
ds004447,1.0.1,sub-009/ses-05/eeg/sub-009_ses-05_task-smrbmi_electrodes.tsv,6154,False,True
ds004447,1.0.1,sub-009/ses-05/eeg/sub-009_ses-05_task-smrbmi_events.tsv,409,False,True
ds004447,1.0.1,sub-009/ses-04/eeg/sub-009_ses-04_task-smrbmi_channels.tsv,3157,False,True
ds004447,1.0.1,sub-009/ses-04/eeg/sub-009_ses-04_task-smrbmi_eeg.edf,52553536,True,True
ds004447,1.0.1,sub-009/ses-04/eeg/sub-009_ses-04_task-smrbmi_eeg.json,463,False,True
ds004447,1.0.1,sub-009/ses-04/eeg/sub-009_ses-04_task-smrbmi_electrodes.tsv,6156,False,True
ds004447,1.0.1,sub-009/ses-04/eeg/sub-009_ses-04_task-smrbmi_events.tsv,405,False,True
ds004447,1.0.1,sub-009/ses-03/eeg/sub-009_ses-03_task-smrbmi_channels.tsv,3157,False,True
ds004447,1.0.1,sub-009/ses-03/eeg/sub-009_ses-03_task-smrbmi_eeg.edf,63733536,True,True
ds004447,1.0.1,sub-009/ses-03/eeg/sub-009_ses-03_task-smrbmi_eeg.json,463,False,True
ds004447,1.0.1,sub-009/ses-03/eeg/sub-009_ses-03_task-smrbmi_electrodes.tsv,6170,False,True
ds004447,1.0.1,sub-009/ses-03/eeg/sub-009_ses-03_task-smrbmi_events.tsv,414,False,True
ds004447,1.0.1,sub-009/ses-02/eeg/sub-009_ses-02_task-smrbmi_channels.tsv,3157,False,True
ds004447,1.0.1,sub-009/ses-02/eeg/sub-009_ses-02_task-smrbmi_eeg.edf,55153536,True,True
ds004447,1.0.1,sub-009/ses-02/eeg/sub-009_ses-02_task-smrbmi_eeg.json,463,False,True
ds004447,1.0.1,sub-009/ses-02/eeg/sub-009_ses-02_task-smrbmi_electrodes.tsv,6162,False,True
ds004447,1.0.1,sub-009/ses-02/eeg/sub-009_ses-02_task-smrbmi_events.tsv,408,False,True
ds004447,1.0.1,sub-009/ses-01/eeg/sub-009_ses-01_task-smrbmi_channels.tsv,3157,False,True
ds004447,1.0.1,sub-009/ses-01/eeg/sub-009_ses-01_task-smrbmi_eeg.edf,73093536,True,True
ds004447,1.0.1,sub-009/ses-01/eeg/sub-009_ses-01_task-smrbmi_eeg.json,463,False,True
ds004447,1.0.1,sub-009/ses-01/eeg/sub-009_ses-01_task-smrbmi_electrodes.tsv,6169,False,True
ds004447,1.0.1,sub-009/ses-01/eeg/sub-009_ses-01_task-smrbmi_events.tsv,813,False,True
ds004447,1.0.1,sub-008/ses-19/eeg/sub-008_ses-19_task-smrbmi_channels.tsv,3157,False,True
ds004447,1.0.1,sub-008/ses-19/eeg/sub-008_ses-19_task-smrbmi_eeg.edf,43973536,True,True
ds004447,1.0.1,sub-008/ses-19/eeg/sub-008_ses-19_task-smrbmi_eeg.json,463,False,True
ds004447,1.0.1,sub-008/ses-19/eeg/sub-008_ses-19_task-smrbmi_electrodes.tsv,6158,False,True
ds004447,1.0.1,sub-008/ses-19/eeg/sub-008_ses-19_task-smrbmi_events.tsv,790,False,True
ds004447,1.0.1,sub-008/ses-18/eeg/sub-008_ses-18_task-smrbmi_channels.tsv,3157,False,True
ds004447,1.0.1,sub-008/ses-18/eeg/sub-008_ses-18_task-smrbmi_eeg.edf,55153536,True,True
ds004447,1.0.1,sub-008/ses-18/eeg/sub-008_ses-18_task-smrbmi_eeg.json,463,False,True
ds004447,1.0.1,sub-008/ses-18/eeg/sub-008_ses-18_task-smrbmi_electrodes.tsv,6162,False,True
ds004447,1.0.1,sub-008/ses-18/eeg/sub-008_ses-18_task-smrbmi_events.tsv,411,False,True
ds004447,1.0.1,sub-008/ses-17/eeg/sub-008_ses-17_task-smrbmi_channels.tsv,3157,False,True
ds004447,1.0.1,sub-008/ses-17/eeg/sub-008_ses-17_task-smrbmi_eeg.edf,53333536,True,True
ds004447,1.0.1,sub-008/ses-17/eeg/sub-008_ses-17_task-smrbmi_eeg.json,463,False,True
ds004447,1.0.1,sub-008/ses-17/eeg/sub-008_ses-17_task-smrbmi_electrodes.tsv,6168,False,True
ds004447,1.0.1,sub-008/ses-17/eeg/sub-008_ses-17_task-smrbmi_events.tsv,406,False,True
ds004447,1.0.1,sub-008/ses-16/eeg/sub-008_ses-16_task-smrbmi_channels.tsv,3157,False,True
ds004447,1.0.1,sub-008/ses-16/eeg/sub-008_ses-16_task-smrbmi_eeg.edf,53593536,True,True
ds004447,1.0.1,sub-008/ses-16/eeg/sub-008_ses-16_task-smrbmi_eeg.json,463,False,True
ds004447,1.0.1,sub-008/ses-16/eeg/sub-008_ses-16_task-smrbmi_electrodes.tsv,6172,False,True
ds004447,1.0.1,sub-008/ses-16/eeg/sub-008_ses-16_task-smrbmi_events.tsv,407,False,True
ds004447,1.0.1,sub-008/ses-15/eeg/sub-008_ses-15_task-smrbmi_channels.tsv,3157,False,True
ds004447,1.0.1,sub-008/ses-15/eeg/sub-008_ses-15_task-smrbmi_eeg.edf,58013536,True,True
ds004447,1.0.1,sub-008/ses-15/eeg/sub-008_ses-15_task-smrbmi_eeg.json,463,False,True
ds004447,1.0.1,sub-008/ses-15/eeg/sub-008_ses-15_task-smrbmi_electrodes.tsv,6165,False,True
ds004447,1.0.1,sub-008/ses-15/eeg/sub-008_ses-15_task-smrbmi_events.tsv,412,False,True
ds004447,1.0.1,sub-008/ses-14/eeg/sub-008_ses-14_task-smrbmi_channels.tsv,3157,False,True
ds004447,1.0.1,sub-008/ses-14/eeg/sub-008_ses-14_task-smrbmi_eeg.edf,62173536,True,True
ds004447,1.0.1,sub-008/ses-14/eeg/sub-008_ses-14_task-smrbmi_eeg.json,463,False,True
ds004447,1.0.1,sub-008/ses-14/eeg/sub-008_ses-14_task-smrbmi_electrodes.tsv,6172,False,True
ds004447,1.0.1,sub-008/ses-14/eeg/sub-008_ses-14_task-smrbmi_events.tsv,414,False,True
ds004447,1.0.1,sub-008/ses-13/eeg/sub-008_ses-13_task-smrbmi_channels.tsv,3157,False,True
ds004447,1.0.1,sub-008/ses-13/eeg/sub-008_ses-13_task-smrbmi_eeg.edf,43973536,True,True
ds004447,1.0.1,sub-008/ses-13/eeg/sub-008_ses-13_task-smrbmi_eeg.json,463,False,True
ds004447,1.0.1,sub-008/ses-13/eeg/sub-008_ses-13_task-smrbmi_electrodes.tsv,6160,False,True
ds004447,1.0.1,sub-008/ses-13/eeg/sub-008_ses-13_task-smrbmi_events.tsv,790,False,True
ds004447,1.0.1,sub-008/ses-12/eeg/sub-008_ses-12_task-smrbmi_channels.tsv,3157,False,True
ds004447,1.0.1,sub-008/ses-12/eeg/sub-008_ses-12_task-smrbmi_eeg.edf,56453536,True,True
ds004447,1.0.1,sub-008/ses-12/eeg/sub-008_ses-12_task-smrbmi_eeg.json,463,False,True
ds004447,1.0.1,sub-008/ses-12/eeg/sub-008_ses-12_task-smrbmi_electrodes.tsv,6175,False,True
ds004447,1.0.1,sub-008/ses-12/eeg/sub-008_ses-12_task-smrbmi_events.tsv,408,False,True
ds004447,1.0.1,sub-008/ses-11/eeg/sub-008_ses-11_task-smrbmi_channels.tsv,3157,False,True
ds004447,1.0.1,sub-008/ses-11/eeg/sub-008_ses-11_task-smrbmi_eeg.edf,56713536,True,True
ds004447,1.0.1,sub-008/ses-11/eeg/sub-008_ses-11_task-smrbmi_eeg.json,463,False,True
ds004447,1.0.1,sub-008/ses-11/eeg/sub-008_ses-11_task-smrbmi_electrodes.tsv,6166,False,True
ds004447,1.0.1,sub-008/ses-11/eeg/sub-008_ses-11_task-smrbmi_events.tsv,409,False,True
ds004447,1.0.1,sub-008/ses-10/eeg/sub-008_ses-10_task-smrbmi_channels.tsv,3157,False,True
ds004447,1.0.1,sub-008/ses-10/eeg/sub-008_ses-10_task-smrbmi_eeg.edf,72053536,True,True
ds004447,1.0.1,sub-008/ses-10/eeg/sub-008_ses-10_task-smrbmi_eeg.json,463,False,True
ds004447,1.0.1,sub-008/ses-10/eeg/sub-008_ses-10_task-smrbmi_electrodes.tsv,6168,False,True
ds004447,1.0.1,sub-008/ses-10/eeg/sub-008_ses-10_task-smrbmi_events.tsv,418,False,True
ds004447,1.0.1,sub-008/ses-09/eeg/sub-008_ses-09_task-smrbmi_channels.tsv,3157,False,True
ds004447,1.0.1,sub-008/ses-09/eeg/sub-008_ses-09_task-smrbmi_eeg.edf,58533536,True,True
ds004447,1.0.1,sub-008/ses-09/eeg/sub-008_ses-09_task-smrbmi_eeg.json,463,False,True
ds004447,1.0.1,sub-008/ses-09/eeg/sub-008_ses-09_task-smrbmi_electrodes.tsv,6168,False,True
ds004447,1.0.1,sub-008/ses-09/eeg/sub-008_ses-09_task-smrbmi_events.tsv,413,False,True
ds004447,1.0.1,sub-008/ses-08/eeg/sub-008_ses-08_task-smrbmi_channels.tsv,3157,False,True
ds004447,1.0.1,sub-008/ses-08/eeg/sub-008_ses-08_task-smrbmi_eeg.edf,62433536,True,True
ds004447,1.0.1,sub-008/ses-08/eeg/sub-008_ses-08_task-smrbmi_eeg.json,463,False,True
ds004447,1.0.1,sub-008/ses-08/eeg/sub-008_ses-08_task-smrbmi_electrodes.tsv,6166,False,True
ds004447,1.0.1,sub-008/ses-08/eeg/sub-008_ses-08_task-smrbmi_events.tsv,414,False,True
ds004447,1.0.1,sub-008/ses-07/eeg/sub-008_ses-07_task-smrbmi_channels.tsv,3157,False,True
ds004447,1.0.1,sub-008/ses-07/eeg/sub-008_ses-07_task-smrbmi_eeg.edf,46053536,True,True
ds004447,1.0.1,sub-008/ses-07/eeg/sub-008_ses-07_task-smrbmi_eeg.json,463,False,True
ds004447,1.0.1,sub-008/ses-07/eeg/sub-008_ses-07_task-smrbmi_electrodes.tsv,6172,False,True
ds004447,1.0.1,sub-008/ses-07/eeg/sub-008_ses-07_task-smrbmi_events.tsv,792,False,True
ds004447,1.0.1,sub-008/ses-06/eeg/sub-008_ses-06_task-smrbmi_channels.tsv,3157,False,True
ds004447,1.0.1,sub-008/ses-06/eeg/sub-008_ses-06_task-smrbmi_eeg.edf,57493536,True,True
ds004447,1.0.1,sub-008/ses-06/eeg/sub-008_ses-06_task-smrbmi_eeg.json,463,False,True
ds004447,1.0.1,sub-008/ses-06/eeg/sub-008_ses-06_task-smrbmi_electrodes.tsv,6164,False,True
ds004447,1.0.1,sub-008/ses-06/eeg/sub-008_ses-06_task-smrbmi_events.tsv,411,False,True
ds004447,1.0.1,sub-008/ses-05/eeg/sub-008_ses-05_task-smrbmi_channels.tsv,3157,False,True
ds004447,1.0.1,sub-008/ses-05/eeg/sub-008_ses-05_task-smrbmi_eeg.edf,65813536,True,True
ds004447,1.0.1,sub-008/ses-05/eeg/sub-008_ses-05_task-smrbmi_eeg.json,463,False,True
ds004447,1.0.1,sub-008/ses-05/eeg/sub-008_ses-05_task-smrbmi_electrodes.tsv,6169,False,True
ds004447,1.0.1,sub-008/ses-05/eeg/sub-008_ses-05_task-smrbmi_events.tsv,413,False,True
ds004447,1.0.1,sub-008/ses-04/eeg/sub-008_ses-04_task-smrbmi_channels.tsv,3157,False,True
ds004447,1.0.1,sub-008/ses-04/eeg/sub-008_ses-04_task-smrbmi_eeg.edf,56453536,True,True
ds004447,1.0.1,sub-008/ses-04/eeg/sub-008_ses-04_task-smrbmi_eeg.json,463,False,True
ds004447,1.0.1,sub-008/ses-04/eeg/sub-008_ses-04_task-smrbmi_electrodes.tsv,6170,False,True
ds004447,1.0.1,sub-008/ses-04/eeg/sub-008_ses-04_task-smrbmi_events.tsv,408,False,True
ds004447,1.0.1,sub-008/ses-03/eeg/sub-008_ses-03_task-smrbmi_channels.tsv,3157,False,True
ds004447,1.0.1,sub-008/ses-03/eeg/sub-008_ses-03_task-smrbmi_eeg.edf,61653536,True,True
ds004447,1.0.1,sub-008/ses-03/eeg/sub-008_ses-03_task-smrbmi_eeg.json,463,False,True
ds004447,1.0.1,sub-008/ses-03/eeg/sub-008_ses-03_task-smrbmi_electrodes.tsv,6166,False,True
ds004447,1.0.1,sub-008/ses-03/eeg/sub-008_ses-03_task-smrbmi_events.tsv,413,False,True
ds004447,1.0.1,sub-008/ses-02/eeg/sub-008_ses-02_task-smrbmi_channels.tsv,3157,False,True
ds004447,1.0.1,sub-008/ses-02/eeg/sub-008_ses-02_task-smrbmi_eeg.edf,58533536,True,True
ds004447,1.0.1,sub-008/ses-02/eeg/sub-008_ses-02_task-smrbmi_eeg.json,463,False,True
ds004447,1.0.1,sub-008/ses-02/eeg/sub-008_ses-02_task-smrbmi_electrodes.tsv,6162,False,True
ds004447,1.0.1,sub-008/ses-02/eeg/sub-008_ses-02_task-smrbmi_events.tsv,412,False,True
ds004447,1.0.1,sub-008/ses-01/eeg/sub-008_ses-01_task-smrbmi_channels.tsv,3157,False,True
ds004447,1.0.1,sub-008/ses-01/eeg/sub-008_ses-01_task-smrbmi_eeg.edf,42413536,True,True
ds004447,1.0.1,sub-008/ses-01/eeg/sub-008_ses-01_task-smrbmi_eeg.json,463,False,True
ds004447,1.0.1,sub-008/ses-01/eeg/sub-008_ses-01_task-smrbmi_electrodes.tsv,6165,False,True
ds004447,1.0.1,sub-008/ses-01/eeg/sub-008_ses-01_task-smrbmi_events.tsv,787,False,True
ds004447,1.0.1,sub-007/ses-19/eeg/sub-007_ses-19_task-smrbmi_channels.tsv,3157,False,True
ds004447,1.0.1,sub-007/ses-19/eeg/sub-007_ses-19_task-smrbmi_eeg.edf,43453536,True,True
ds004447,1.0.1,sub-007/ses-19/eeg/sub-007_ses-19_task-smrbmi_eeg.json,462,False,True
ds004447,1.0.1,sub-007/ses-19/eeg/sub-007_ses-19_task-smrbmi_electrodes.tsv,6162,False,True
ds004447,1.0.1,sub-007/ses-19/eeg/sub-007_ses-19_task-smrbmi_events.tsv,789,False,True
ds004447,1.0.1,sub-007/ses-18/eeg/sub-007_ses-18_task-smrbmi_channels.tsv,3157,False,True
ds004447,1.0.1,sub-007/ses-18/eeg/sub-007_ses-18_task-smrbmi_eeg.edf,56973536,True,True
ds004447,1.0.1,sub-007/ses-18/eeg/sub-007_ses-18_task-smrbmi_eeg.json,462,False,True
ds004447,1.0.1,sub-007/ses-18/eeg/sub-007_ses-18_task-smrbmi_electrodes.tsv,6171,False,True
ds004447,1.0.1,sub-007/ses-18/eeg/sub-007_ses-18_task-smrbmi_events.tsv,412,False,True
ds004447,1.0.1,sub-007/ses-17/eeg/sub-007_ses-17_task-smrbmi_channels.tsv,3157,False,True
ds004447,1.0.1,sub-007/ses-17/eeg/sub-007_ses-17_task-smrbmi_eeg.edf,66333536,True,True
ds004447,1.0.1,sub-007/ses-17/eeg/sub-007_ses-17_task-smrbmi_eeg.json,463,False,True
ds004447,1.0.1,sub-007/ses-17/eeg/sub-007_ses-17_task-smrbmi_electrodes.tsv,6168,False,True
ds004447,1.0.1,sub-007/ses-17/eeg/sub-007_ses-17_task-smrbmi_events.tsv,415,False,True
ds004447,1.0.1,sub-007/ses-16/eeg/sub-007_ses-16_task-smrbmi_channels.tsv,3157,False,True
ds004447,1.0.1,sub-007/ses-16/eeg/sub-007_ses-16_task-smrbmi_eeg.edf,58273536,True,True
ds004447,1.0.1,sub-007/ses-16/eeg/sub-007_ses-16_task-smrbmi_eeg.json,462,False,True
ds004447,1.0.1,sub-007/ses-16/eeg/sub-007_ses-16_task-smrbmi_electrodes.tsv,6161,False,True
ds004447,1.0.1,sub-007/ses-16/eeg/sub-007_ses-16_task-smrbmi_events.tsv,411,False,True
ds004447,1.0.1,sub-007/ses-15/eeg/sub-007_ses-15_task-smrbmi_channels.tsv,3157,False,True
ds004447,1.0.1,sub-007/ses-15/eeg/sub-007_ses-15_task-smrbmi_eeg.edf,60353536,True,True
ds004447,1.0.1,sub-007/ses-15/eeg/sub-007_ses-15_task-smrbmi_eeg.json,462,False,True
ds004447,1.0.1,sub-007/ses-15/eeg/sub-007_ses-15_task-smrbmi_electrodes.tsv,6173,False,True
ds004447,1.0.1,sub-007/ses-15/eeg/sub-007_ses-15_task-smrbmi_events.tsv,412,False,True
ds004447,1.0.1,sub-007/ses-14/eeg/sub-007_ses-14_task-smrbmi_channels.tsv,3157,False,True
ds004447,1.0.1,sub-007/ses-14/eeg/sub-007_ses-14_task-smrbmi_eeg.edf,61913536,True,True
ds004447,1.0.1,sub-007/ses-14/eeg/sub-007_ses-14_task-smrbmi_eeg.json,463,False,True
ds004447,1.0.1,sub-007/ses-14/eeg/sub-007_ses-14_task-smrbmi_electrodes.tsv,6161,False,True
ds004447,1.0.1,sub-007/ses-14/eeg/sub-007_ses-14_task-smrbmi_events.tsv,413,False,True
ds004447,1.0.1,sub-007/ses-13/eeg/sub-007_ses-13_task-smrbmi_channels.tsv,3157,False,True
ds004447,1.0.1,sub-007/ses-13/eeg/sub-007_ses-13_task-smrbmi_eeg.edf,43193536,True,True
ds004447,1.0.1,sub-007/ses-13/eeg/sub-007_ses-13_task-smrbmi_eeg.json,463,False,True
ds004447,1.0.1,sub-007/ses-13/eeg/sub-007_ses-13_task-smrbmi_electrodes.tsv,6170,False,True
ds004447,1.0.1,sub-007/ses-13/eeg/sub-007_ses-13_task-smrbmi_events.tsv,790,False,True
ds004447,1.0.1,sub-007/ses-12/eeg/sub-007_ses-12_task-smrbmi_channels.tsv,3157,False,True
ds004447,1.0.1,sub-007/ses-12/eeg/sub-007_ses-12_task-smrbmi_eeg.edf,59313536,True,True
ds004447,1.0.1,sub-007/ses-12/eeg/sub-007_ses-12_task-smrbmi_eeg.json,462,False,True
ds004447,1.0.1,sub-007/ses-12/eeg/sub-007_ses-12_task-smrbmi_electrodes.tsv,6170,False,True
ds004447,1.0.1,sub-007/ses-12/eeg/sub-007_ses-12_task-smrbmi_events.tsv,413,False,True
ds004447,1.0.1,sub-007/ses-11/eeg/sub-007_ses-11_task-smrbmi_channels.tsv,3157,False,True
ds004447,1.0.1,sub-007/ses-11/eeg/sub-007_ses-11_task-smrbmi_eeg.edf,57753536,True,True
ds004447,1.0.1,sub-007/ses-11/eeg/sub-007_ses-11_task-smrbmi_eeg.json,463,False,True
ds004447,1.0.1,sub-007/ses-11/eeg/sub-007_ses-11_task-smrbmi_electrodes.tsv,6168,False,True
ds004447,1.0.1,sub-007/ses-11/eeg/sub-007_ses-11_task-smrbmi_events.tsv,412,False,True
ds004447,1.0.1,sub-007/ses-10/eeg/sub-007_ses-10_task-smrbmi_channels.tsv,3157,False,True
ds004447,1.0.1,sub-007/ses-10/eeg/sub-007_ses-10_task-smrbmi_eeg.edf,63213536,True,True
ds004447,1.0.1,sub-007/ses-10/eeg/sub-007_ses-10_task-smrbmi_eeg.json,463,False,True
ds004447,1.0.1,sub-007/ses-10/eeg/sub-007_ses-10_task-smrbmi_electrodes.tsv,6163,False,True
ds004447,1.0.1,sub-007/ses-10/eeg/sub-007_ses-10_task-smrbmi_events.tsv,414,False,True
ds004447,1.0.1,sub-007/ses-09/eeg/sub-007_ses-09_task-smrbmi_channels.tsv,3157,False,True
ds004447,1.0.1,sub-007/ses-09/eeg/sub-007_ses-09_task-smrbmi_eeg.edf,59313536,True,True
ds004447,1.0.1,sub-007/ses-09/eeg/sub-007_ses-09_task-smrbmi_eeg.json,463,False,True
ds004447,1.0.1,sub-007/ses-09/eeg/sub-007_ses-09_task-smrbmi_electrodes.tsv,6170,False,True
ds004447,1.0.1,sub-007/ses-09/eeg/sub-007_ses-09_task-smrbmi_events.tsv,413,False,True
ds004447,1.0.1,sub-007/ses-08/eeg/sub-007_ses-08_task-smrbmi_channels.tsv,3157,False,True
ds004447,1.0.1,sub-007/ses-08/eeg/sub-007_ses-08_task-smrbmi_eeg.edf,59833536,True,True
ds004447,1.0.1,sub-007/ses-08/eeg/sub-007_ses-08_task-smrbmi_eeg.json,463,False,True
ds004447,1.0.1,sub-007/ses-08/eeg/sub-007_ses-08_task-smrbmi_electrodes.tsv,6159,False,True
ds004447,1.0.1,sub-007/ses-08/eeg/sub-007_ses-08_task-smrbmi_events.tsv,413,False,True
ds004447,1.0.1,sub-007/ses-07/eeg/sub-007_ses-07_task-smrbmi_channels.tsv,3157,False,True
ds004447,1.0.1,sub-007/ses-07/eeg/sub-007_ses-07_task-smrbmi_eeg.edf,42413536,True,True
ds004447,1.0.1,sub-007/ses-07/eeg/sub-007_ses-07_task-smrbmi_eeg.json,463,False,True
ds004447,1.0.1,sub-007/ses-07/eeg/sub-007_ses-07_task-smrbmi_electrodes.tsv,6160,False,True
ds004447,1.0.1,sub-007/ses-07/eeg/sub-007_ses-07_task-smrbmi_events.tsv,787,False,True
ds004447,1.0.1,sub-007/ses-06/eeg/sub-007_ses-06_task-smrbmi_channels.tsv,3157,False,True
ds004447,1.0.1,sub-007/ses-06/eeg/sub-007_ses-06_task-smrbmi_eeg.edf,57233536,True,True
ds004447,1.0.1,sub-007/ses-06/eeg/sub-007_ses-06_task-smrbmi_eeg.json,463,False,True
ds004447,1.0.1,sub-007/ses-06/eeg/sub-007_ses-06_task-smrbmi_electrodes.tsv,6166,False,True
ds004447,1.0.1,sub-007/ses-06/eeg/sub-007_ses-06_task-smrbmi_events.tsv,410,False,True
ds004447,1.0.1,sub-007/ses-05/eeg/sub-007_ses-05_task-smrbmi_channels.tsv,3157,False,True
ds004447,1.0.1,sub-007/ses-05/eeg/sub-007_ses-05_task-smrbmi_eeg.edf,59053536,True,True
ds004447,1.0.1,sub-007/ses-05/eeg/sub-007_ses-05_task-smrbmi_eeg.json,463,False,True
ds004447,1.0.1,sub-007/ses-05/eeg/sub-007_ses-05_task-smrbmi_electrodes.tsv,6170,False,True
ds004447,1.0.1,sub-007/ses-05/eeg/sub-007_ses-05_task-smrbmi_events.tsv,413,False,True
ds004447,1.0.1,sub-007/ses-04/eeg/sub-007_ses-04_task-smrbmi_channels.tsv,3157,False,True
ds004447,1.0.1,sub-007/ses-04/eeg/sub-007_ses-04_task-smrbmi_eeg.edf,72313536,True,True
ds004447,1.0.1,sub-007/ses-04/eeg/sub-007_ses-04_task-smrbmi_eeg.json,463,False,True
ds004447,1.0.1,sub-007/ses-04/eeg/sub-007_ses-04_task-smrbmi_electrodes.tsv,6165,False,True
ds004447,1.0.1,sub-007/ses-04/eeg/sub-007_ses-04_task-smrbmi_events.tsv,418,False,True
ds004447,1.0.1,sub-007/ses-03/eeg/sub-007_ses-03_task-smrbmi_channels.tsv,3157,False,True
ds004447,1.0.1,sub-007/ses-03/eeg/sub-007_ses-03_task-smrbmi_eeg.edf,58793536,True,True
ds004447,1.0.1,sub-007/ses-03/eeg/sub-007_ses-03_task-smrbmi_eeg.json,463,False,True
ds004447,1.0.1,sub-007/ses-03/eeg/sub-007_ses-03_task-smrbmi_electrodes.tsv,6160,False,True
ds004447,1.0.1,sub-007/ses-03/eeg/sub-007_ses-03_task-smrbmi_events.tsv,413,False,True
ds004447,1.0.1,sub-007/ses-02/eeg/sub-007_ses-02_task-smrbmi_channels.tsv,3157,False,True
ds004447,1.0.1,sub-007/ses-02/eeg/sub-007_ses-02_task-smrbmi_eeg.edf,68413536,True,True
ds004447,1.0.1,sub-007/ses-02/eeg/sub-007_ses-02_task-smrbmi_eeg.json,463,False,True
ds004447,1.0.1,sub-007/ses-02/eeg/sub-007_ses-02_task-smrbmi_electrodes.tsv,6170,False,True
ds004447,1.0.1,sub-007/ses-02/eeg/sub-007_ses-02_task-smrbmi_events.tsv,415,False,True
ds004447,1.0.1,sub-007/ses-01/eeg/sub-007_ses-01_task-smrbmi_channels.tsv,3157,False,True
ds004447,1.0.1,sub-007/ses-01/eeg/sub-007_ses-01_task-smrbmi_eeg.edf,42413536,True,True
ds004447,1.0.1,sub-007/ses-01/eeg/sub-007_ses-01_task-smrbmi_eeg.json,463,False,True
ds004447,1.0.1,sub-007/ses-01/eeg/sub-007_ses-01_task-smrbmi_electrodes.tsv,6171,False,True
ds004447,1.0.1,sub-007/ses-01/eeg/sub-007_ses-01_task-smrbmi_events.tsv,787,False,True
ds004447,1.0.1,sub-006/ses-19/eeg/sub-006_ses-19_task-smrbmi_channels.tsv,3157,False,True
ds004447,1.0.1,sub-006/ses-19/eeg/sub-006_ses-19_task-smrbmi_eeg.edf,45013536,True,True
ds004447,1.0.1,sub-006/ses-19/eeg/sub-006_ses-19_task-smrbmi_eeg.json,463,False,True
ds004447,1.0.1,sub-006/ses-19/eeg/sub-006_ses-19_task-smrbmi_electrodes.tsv,6168,False,True
ds004447,1.0.1,sub-006/ses-19/eeg/sub-006_ses-19_task-smrbmi_events.tsv,791,False,True
ds004447,1.0.1,sub-006/ses-18/eeg/sub-006_ses-18_task-smrbmi_channels.tsv,3157,False,True
ds004447,1.0.1,sub-006/ses-18/eeg/sub-006_ses-18_task-smrbmi_eeg.edf,47873536,True,True
ds004447,1.0.1,sub-006/ses-18/eeg/sub-006_ses-18_task-smrbmi_eeg.json,462,False,True
ds004447,1.0.1,sub-006/ses-18/eeg/sub-006_ses-18_task-smrbmi_electrodes.tsv,6162,False,True
ds004447,1.0.1,sub-006/ses-18/eeg/sub-006_ses-18_task-smrbmi_events.tsv,404,False,True
ds004447,1.0.1,sub-006/ses-17/eeg/sub-006_ses-17_task-smrbmi_channels.tsv,3157,False,True
ds004447,1.0.1,sub-006/ses-17/eeg/sub-006_ses-17_task-smrbmi_eeg.edf,56193536,True,True
ds004447,1.0.1,sub-006/ses-17/eeg/sub-006_ses-17_task-smrbmi_eeg.json,463,False,True
ds004447,1.0.1,sub-006/ses-17/eeg/sub-006_ses-17_task-smrbmi_electrodes.tsv,6152,False,True
ds004447,1.0.1,sub-006/ses-17/eeg/sub-006_ses-17_task-smrbmi_events.tsv,408,False,True
ds004447,1.0.1,sub-006/ses-16/eeg/sub-006_ses-16_task-smrbmi_channels.tsv,3157,False,True
ds004447,1.0.1,sub-006/ses-16/eeg/sub-006_ses-16_task-smrbmi_eeg.edf,53073536,True,True
ds004447,1.0.1,sub-006/ses-16/eeg/sub-006_ses-16_task-smrbmi_eeg.json,462,False,True
ds004447,1.0.1,sub-006/ses-16/eeg/sub-006_ses-16_task-smrbmi_electrodes.tsv,6156,False,True
ds004447,1.0.1,sub-006/ses-16/eeg/sub-006_ses-16_task-smrbmi_events.tsv,409,False,True
ds004447,1.0.1,sub-006/ses-15/eeg/sub-006_ses-15_task-smrbmi_channels.tsv,3157,False,True
ds004447,1.0.1,sub-006/ses-15/eeg/sub-006_ses-15_task-smrbmi_eeg.edf,58273536,True,True
ds004447,1.0.1,sub-006/ses-15/eeg/sub-006_ses-15_task-smrbmi_eeg.json,463,False,True
ds004447,1.0.1,sub-006/ses-15/eeg/sub-006_ses-15_task-smrbmi_electrodes.tsv,6153,False,True
ds004447,1.0.1,sub-006/ses-15/eeg/sub-006_ses-15_task-smrbmi_events.tsv,411,False,True
ds004447,1.0.1,sub-006/ses-14/eeg/sub-006_ses-14_task-smrbmi_channels.tsv,3157,False,True
ds004447,1.0.1,sub-006/ses-14/eeg/sub-006_ses-14_task-smrbmi_eeg.edf,60613536,True,True
ds004447,1.0.1,sub-006/ses-14/eeg/sub-006_ses-14_task-smrbmi_eeg.json,463,False,True
ds004447,1.0.1,sub-006/ses-14/eeg/sub-006_ses-14_task-smrbmi_electrodes.tsv,6151,False,True
ds004447,1.0.1,sub-006/ses-14/eeg/sub-006_ses-14_task-smrbmi_events.tsv,411,False,True
ds004447,1.0.1,sub-006/ses-13/eeg/sub-006_ses-13_task-smrbmi_channels.tsv,3157,False,True
ds004447,1.0.1,sub-006/ses-13/eeg/sub-006_ses-13_task-smrbmi_eeg.edf,43193536,True,True
ds004447,1.0.1,sub-006/ses-13/eeg/sub-006_ses-13_task-smrbmi_eeg.json,463,False,True
ds004447,1.0.1,sub-006/ses-13/eeg/sub-006_ses-13_task-smrbmi_electrodes.tsv,6167,False,True
ds004447,1.0.1,sub-006/ses-13/eeg/sub-006_ses-13_task-smrbmi_events.tsv,790,False,True
ds004447,1.0.1,sub-006/ses-12/eeg/sub-006_ses-12_task-smrbmi_channels.tsv,3157,False,True
ds004447,1.0.1,sub-006/ses-12/eeg/sub-006_ses-12_task-smrbmi_eeg.edf,48653536,True,True
ds004447,1.0.1,sub-006/ses-12/eeg/sub-006_ses-12_task-smrbmi_eeg.json,463,False,True
ds004447,1.0.1,sub-006/ses-12/eeg/sub-006_ses-12_task-smrbmi_electrodes.tsv,6146,False,True
ds004447,1.0.1,sub-006/ses-12/eeg/sub-006_ses-12_task-smrbmi_events.tsv,405,False,True
ds004447,1.0.1,sub-006/ses-11/eeg/sub-006_ses-11_task-smrbmi_channels.tsv,3157,False,True
ds004447,1.0.1,sub-006/ses-11/eeg/sub-006_ses-11_task-smrbmi_eeg.edf,58013536,True,True
ds004447,1.0.1,sub-006/ses-11/eeg/sub-006_ses-11_task-smrbmi_eeg.json,463,False,True
ds004447,1.0.1,sub-006/ses-11/eeg/sub-006_ses-11_task-smrbmi_electrodes.tsv,6168,False,True
ds004447,1.0.1,sub-006/ses-11/eeg/sub-006_ses-11_task-smrbmi_events.tsv,410,False,True
ds004447,1.0.1,sub-006/ses-10/eeg/sub-006_ses-10_task-smrbmi_channels.tsv,3157,False,True
ds004447,1.0.1,sub-006/ses-10/eeg/sub-006_ses-10_task-smrbmi_eeg.edf,61653536,True,True
ds004447,1.0.1,sub-006/ses-10/eeg/sub-006_ses-10_task-smrbmi_eeg.json,463,False,True
ds004447,1.0.1,sub-006/ses-10/eeg/sub-006_ses-10_task-smrbmi_electrodes.tsv,6162,False,True
ds004447,1.0.1,sub-006/ses-10/eeg/sub-006_ses-10_task-smrbmi_events.tsv,411,False,True
ds004447,1.0.1,sub-006/ses-09/eeg/sub-006_ses-09_task-smrbmi_channels.tsv,3157,False,True
ds004447,1.0.1,sub-006/ses-09/eeg/sub-006_ses-09_task-smrbmi_eeg.edf,55153536,True,True
ds004447,1.0.1,sub-006/ses-09/eeg/sub-006_ses-09_task-smrbmi_eeg.json,463,False,True
ds004447,1.0.1,sub-006/ses-09/eeg/sub-006_ses-09_task-smrbmi_electrodes.tsv,6159,False,True
ds004447,1.0.1,sub-006/ses-09/eeg/sub-006_ses-09_task-smrbmi_events.tsv,405,False,True
ds004447,1.0.1,sub-006/ses-08/eeg/sub-006_ses-08_task-smrbmi_channels.tsv,3157,False,True
ds004447,1.0.1,sub-006/ses-08/eeg/sub-006_ses-08_task-smrbmi_eeg.edf,55153536,True,True
ds004447,1.0.1,sub-006/ses-08/eeg/sub-006_ses-08_task-smrbmi_eeg.json,463,False,True
ds004447,1.0.1,sub-006/ses-08/eeg/sub-006_ses-08_task-smrbmi_electrodes.tsv,6167,False,True
ds004447,1.0.1,sub-006/ses-08/eeg/sub-006_ses-08_task-smrbmi_events.tsv,411,False,True
ds004447,1.0.1,sub-006/ses-07/eeg/sub-006_ses-07_task-smrbmi_channels.tsv,3157,False,True
ds004447,1.0.1,sub-006/ses-07/eeg/sub-006_ses-07_task-smrbmi_eeg.edf,46573536,True,True
ds004447,1.0.1,sub-006/ses-07/eeg/sub-006_ses-07_task-smrbmi_eeg.json,463,False,True
ds004447,1.0.1,sub-006/ses-07/eeg/sub-006_ses-07_task-smrbmi_electrodes.tsv,6170,False,True
ds004447,1.0.1,sub-006/ses-07/eeg/sub-006_ses-07_task-smrbmi_events.tsv,790,False,True
ds004447,1.0.1,sub-006/ses-06/eeg/sub-006_ses-06_task-smrbmi_channels.tsv,3157,False,True
ds004447,1.0.1,sub-006/ses-06/eeg/sub-006_ses-06_task-smrbmi_eeg.edf,61393536,True,True
ds004447,1.0.1,sub-006/ses-06/eeg/sub-006_ses-06_task-smrbmi_eeg.json,463,False,True
ds004447,1.0.1,sub-006/ses-06/eeg/sub-006_ses-06_task-smrbmi_electrodes.tsv,6150,False,True
ds004447,1.0.1,sub-006/ses-06/eeg/sub-006_ses-06_task-smrbmi_events.tsv,414,False,True
ds004447,1.0.1,sub-006/ses-05/eeg/sub-006_ses-05_task-smrbmi_channels.tsv,3157,False,True
ds004447,1.0.1,sub-006/ses-05/eeg/sub-006_ses-05_task-smrbmi_eeg.edf,52813536,True,True
ds004447,1.0.1,sub-006/ses-05/eeg/sub-006_ses-05_task-smrbmi_eeg.json,463,False,True
ds004447,1.0.1,sub-006/ses-05/eeg/sub-006_ses-05_task-smrbmi_electrodes.tsv,6161,False,True
ds004447,1.0.1,sub-006/ses-05/eeg/sub-006_ses-05_task-smrbmi_events.tsv,409,False,True
ds004447,1.0.1,sub-006/ses-04/eeg/sub-006_ses-04_task-smrbmi_channels.tsv,3157,False,True
ds004447,1.0.1,sub-006/ses-04/eeg/sub-006_ses-04_task-smrbmi_eeg.edf,59573536,True,True
ds004447,1.0.1,sub-006/ses-04/eeg/sub-006_ses-04_task-smrbmi_eeg.json,463,False,True
ds004447,1.0.1,sub-006/ses-04/eeg/sub-006_ses-04_task-smrbmi_electrodes.tsv,6163,False,True
ds004447,1.0.1,sub-006/ses-04/eeg/sub-006_ses-04_task-smrbmi_events.tsv,411,False,True
ds004447,1.0.1,sub-006/ses-03/eeg/sub-006_ses-03_task-smrbmi_channels.tsv,3157,False,True
ds004447,1.0.1,sub-006/ses-03/eeg/sub-006_ses-03_task-smrbmi_eeg.edf,60093536,True,True
ds004447,1.0.1,sub-006/ses-03/eeg/sub-006_ses-03_task-smrbmi_eeg.json,463,False,True
ds004447,1.0.1,sub-006/ses-03/eeg/sub-006_ses-03_task-smrbmi_electrodes.tsv,6167,False,True
ds004447,1.0.1,sub-006/ses-03/eeg/sub-006_ses-03_task-smrbmi_events.tsv,411,False,True
ds004447,1.0.1,sub-006/ses-02/eeg/sub-006_ses-02_task-smrbmi_channels.tsv,3157,False,True
ds004447,1.0.1,sub-006/ses-02/eeg/sub-006_ses-02_task-smrbmi_eeg.edf,56713536,True,True
ds004447,1.0.1,sub-006/ses-02/eeg/sub-006_ses-02_task-smrbmi_eeg.json,463,False,True
ds004447,1.0.1,sub-006/ses-02/eeg/sub-006_ses-02_task-smrbmi_electrodes.tsv,6171,False,True
ds004447,1.0.1,sub-006/ses-02/eeg/sub-006_ses-02_task-smrbmi_events.tsv,411,False,True
ds004447,1.0.1,sub-006/ses-01/eeg/sub-006_ses-01_task-smrbmi_channels.tsv,3157,False,True
ds004447,1.0.1,sub-006/ses-01/eeg/sub-006_ses-01_task-smrbmi_eeg.edf,59053536,True,True
ds004447,1.0.1,sub-006/ses-01/eeg/sub-006_ses-01_task-smrbmi_eeg.json,463,False,True
ds004447,1.0.1,sub-006/ses-01/eeg/sub-006_ses-01_task-smrbmi_electrodes.tsv,6164,False,True
ds004447,1.0.1,sub-006/ses-01/eeg/sub-006_ses-01_task-smrbmi_events.tsv,806,False,True
ds004447,1.0.1,sub-005/ses-19/eeg/sub-005_ses-19_task-smrbmi_channels.tsv,3157,False,True
ds004447,1.0.1,sub-005/ses-19/eeg/sub-005_ses-19_task-smrbmi_eeg.edf,45273536,True,True
ds004447,1.0.1,sub-005/ses-19/eeg/sub-005_ses-19_task-smrbmi_eeg.json,463,False,True
ds004447,1.0.1,sub-005/ses-19/eeg/sub-005_ses-19_task-smrbmi_electrodes.tsv,6170,False,True
ds004447,1.0.1,sub-005/ses-19/eeg/sub-005_ses-19_task-smrbmi_events.tsv,791,False,True
ds004447,1.0.1,sub-005/ses-18/eeg/sub-005_ses-18_task-smrbmi_channels.tsv,3157,False,True
ds004447,1.0.1,sub-005/ses-18/eeg/sub-005_ses-18_task-smrbmi_eeg.edf,54893536,True,True
ds004447,1.0.1,sub-005/ses-18/eeg/sub-005_ses-18_task-smrbmi_eeg.json,463,False,True
ds004447,1.0.1,sub-005/ses-18/eeg/sub-005_ses-18_task-smrbmi_electrodes.tsv,6167,False,True
ds004447,1.0.1,sub-005/ses-18/eeg/sub-005_ses-18_task-smrbmi_events.tsv,409,False,True
ds004447,1.0.1,sub-005/ses-17/eeg/sub-005_ses-17_task-smrbmi_channels.tsv,3157,False,True
ds004447,1.0.1,sub-005/ses-17/eeg/sub-005_ses-17_task-smrbmi_eeg.edf,52033536,True,True
ds004447,1.0.1,sub-005/ses-17/eeg/sub-005_ses-17_task-smrbmi_eeg.json,463,False,True
ds004447,1.0.1,sub-005/ses-17/eeg/sub-005_ses-17_task-smrbmi_electrodes.tsv,6165,False,True
ds004447,1.0.1,sub-005/ses-17/eeg/sub-005_ses-17_task-smrbmi_events.tsv,408,False,True
ds004447,1.0.1,sub-005/ses-16/eeg/sub-005_ses-16_task-smrbmi_channels.tsv,3157,False,True
ds004447,1.0.1,sub-005/ses-16/eeg/sub-005_ses-16_task-smrbmi_eeg.edf,55153536,True,True
ds004447,1.0.1,sub-005/ses-16/eeg/sub-005_ses-16_task-smrbmi_eeg.json,463,False,True
ds004447,1.0.1,sub-005/ses-16/eeg/sub-005_ses-16_task-smrbmi_electrodes.tsv,6168,False,True
ds004447,1.0.1,sub-005/ses-16/eeg/sub-005_ses-16_task-smrbmi_events.tsv,410,False,True
ds004447,1.0.1,sub-005/ses-15/eeg/sub-005_ses-15_task-smrbmi_channels.tsv,3157,False,True
ds004447,1.0.1,sub-005/ses-15/eeg/sub-005_ses-15_task-smrbmi_eeg.edf,50733536,True,True
ds004447,1.0.1,sub-005/ses-15/eeg/sub-005_ses-15_task-smrbmi_eeg.json,463,False,True
ds004447,1.0.1,sub-005/ses-15/eeg/sub-005_ses-15_task-smrbmi_electrodes.tsv,6166,False,True
ds004447,1.0.1,sub-005/ses-15/eeg/sub-005_ses-15_task-smrbmi_events.tsv,408,False,True
ds004447,1.0.1,sub-005/ses-14/eeg/sub-005_ses-14_task-smrbmi_channels.tsv,3157,False,True
ds004447,1.0.1,sub-005/ses-14/eeg/sub-005_ses-14_task-smrbmi_eeg.edf,55673536,True,True
ds004447,1.0.1,sub-005/ses-14/eeg/sub-005_ses-14_task-smrbmi_eeg.json,463,False,True
ds004447,1.0.1,sub-005/ses-14/eeg/sub-005_ses-14_task-smrbmi_electrodes.tsv,6166,False,True
ds004447,1.0.1,sub-005/ses-14/eeg/sub-005_ses-14_task-smrbmi_events.tsv,408,False,True
ds004447,1.0.1,sub-005/ses-13/eeg/sub-005_ses-13_task-smrbmi_channels.tsv,3157,False,True
ds004447,1.0.1,sub-005/ses-13/eeg/sub-005_ses-13_task-smrbmi_eeg.edf,51513536,True,True
ds004447,1.0.1,sub-005/ses-13/eeg/sub-005_ses-13_task-smrbmi_eeg.json,463,False,True
ds004447,1.0.1,sub-005/ses-13/eeg/sub-005_ses-13_task-smrbmi_electrodes.tsv,6161,False,True
ds004447,1.0.1,sub-005/ses-13/eeg/sub-005_ses-13_task-smrbmi_events.tsv,798,False,True
ds004447,1.0.1,sub-005/ses-12/eeg/sub-005_ses-12_task-smrbmi_channels.tsv,3157,False,True
ds004447,1.0.1,sub-005/ses-12/eeg/sub-005_ses-12_task-smrbmi_eeg.edf,55933536,True,True
ds004447,1.0.1,sub-005/ses-12/eeg/sub-005_ses-12_task-smrbmi_eeg.json,463,False,True
ds004447,1.0.1,sub-005/ses-12/eeg/sub-005_ses-12_task-smrbmi_electrodes.tsv,6159,False,True
ds004447,1.0.1,sub-005/ses-12/eeg/sub-005_ses-12_task-smrbmi_events.tsv,410,False,True
ds004447,1.0.1,sub-005/ses-11/eeg/sub-005_ses-11_task-smrbmi_channels.tsv,3157,False,True
ds004447,1.0.1,sub-005/ses-11/eeg/sub-005_ses-11_task-smrbmi_eeg.edf,63993536,True,True
ds004447,1.0.1,sub-005/ses-11/eeg/sub-005_ses-11_task-smrbmi_eeg.json,463,False,True
ds004447,1.0.1,sub-005/ses-11/eeg/sub-005_ses-11_task-smrbmi_electrodes.tsv,6170,False,True
ds004447,1.0.1,sub-005/ses-11/eeg/sub-005_ses-11_task-smrbmi_events.tsv,412,False,True
ds004447,1.0.1,sub-005/ses-10/eeg/sub-005_ses-10_task-smrbmi_channels.tsv,3157,False,True
ds004447,1.0.1,sub-005/ses-10/eeg/sub-005_ses-10_task-smrbmi_eeg.edf,65293536,True,True
ds004447,1.0.1,sub-005/ses-10/eeg/sub-005_ses-10_task-smrbmi_eeg.json,463,False,True
ds004447,1.0.1,sub-005/ses-10/eeg/sub-005_ses-10_task-smrbmi_electrodes.tsv,6168,False,True
ds004447,1.0.1,sub-005/ses-10/eeg/sub-005_ses-10_task-smrbmi_events.tsv,411,False,True
ds004447,1.0.1,sub-005/ses-09/eeg/sub-005_ses-09_task-smrbmi_channels.tsv,3157,False,True
ds004447,1.0.1,sub-005/ses-09/eeg/sub-005_ses-09_task-smrbmi_eeg.edf,52293536,True,True
ds004447,1.0.1,sub-005/ses-09/eeg/sub-005_ses-09_task-smrbmi_eeg.json,463,False,True
ds004447,1.0.1,sub-005/ses-09/eeg/sub-005_ses-09_task-smrbmi_electrodes.tsv,6166,False,True
ds004447,1.0.1,sub-005/ses-09/eeg/sub-005_ses-09_task-smrbmi_events.tsv,407,False,True
ds004447,1.0.1,sub-005/ses-08/eeg/sub-005_ses-08_task-smrbmi_channels.tsv,3157,False,True
ds004447,1.0.1,sub-005/ses-08/eeg/sub-005_ses-08_task-smrbmi_eeg.edf,56193536,True,True
ds004447,1.0.1,sub-005/ses-08/eeg/sub-005_ses-08_task-smrbmi_eeg.json,463,False,True
ds004447,1.0.1,sub-005/ses-08/eeg/sub-005_ses-08_task-smrbmi_electrodes.tsv,6166,False,True
ds004447,1.0.1,sub-005/ses-08/eeg/sub-005_ses-08_task-smrbmi_events.tsv,411,False,True
ds004447,1.0.1,sub-005/ses-07/eeg/sub-005_ses-07_task-smrbmi_channels.tsv,3157,False,True
ds004447,1.0.1,sub-005/ses-07/eeg/sub-005_ses-07_task-smrbmi_eeg.edf,46573536,True,True
ds004447,1.0.1,sub-005/ses-07/eeg/sub-005_ses-07_task-smrbmi_eeg.json,463,False,True
ds004447,1.0.1,sub-005/ses-07/eeg/sub-005_ses-07_task-smrbmi_electrodes.tsv,6163,False,True
ds004447,1.0.1,sub-005/ses-07/eeg/sub-005_ses-07_task-smrbmi_events.tsv,792,False,True
ds004447,1.0.1,sub-005/ses-06/eeg/sub-005_ses-06_task-smrbmi_channels.tsv,3157,False,True
ds004447,1.0.1,sub-005/ses-06/eeg/sub-005_ses-06_task-smrbmi_eeg.edf,48133536,True,True
ds004447,1.0.1,sub-005/ses-06/eeg/sub-005_ses-06_task-smrbmi_eeg.json,462,False,True
ds004447,1.0.1,sub-005/ses-06/eeg/sub-005_ses-06_task-smrbmi_electrodes.tsv,6163,False,True
ds004447,1.0.1,sub-005/ses-06/eeg/sub-005_ses-06_task-smrbmi_events.tsv,406,False,True
ds004447,1.0.1,sub-005/ses-05/eeg/sub-005_ses-05_task-smrbmi_channels.tsv,3157,False,True
ds004447,1.0.1,sub-005/ses-05/eeg/sub-005_ses-05_task-smrbmi_eeg.edf,52813536,True,True
ds004447,1.0.1,sub-005/ses-05/eeg/sub-005_ses-05_task-smrbmi_eeg.json,463,False,True
ds004447,1.0.1,sub-005/ses-05/eeg/sub-005_ses-05_task-smrbmi_electrodes.tsv,6161,False,True
ds004447,1.0.1,sub-005/ses-05/eeg/sub-005_ses-05_task-smrbmi_events.tsv,410,False,True
ds004447,1.0.1,sub-005/ses-04/eeg/sub-005_ses-04_task-smrbmi_channels.tsv,3157,False,True
ds004447,1.0.1,sub-005/ses-04/eeg/sub-005_ses-04_task-smrbmi_eeg.edf,57233536,True,True
ds004447,1.0.1,sub-005/ses-04/eeg/sub-005_ses-04_task-smrbmi_eeg.json,463,False,True
ds004447,1.0.1,sub-005/ses-04/eeg/sub-005_ses-04_task-smrbmi_electrodes.tsv,6169,False,True
ds004447,1.0.1,sub-005/ses-04/eeg/sub-005_ses-04_task-smrbmi_events.tsv,410,False,True
ds004447,1.0.1,sub-005/ses-03/eeg/sub-005_ses-03_task-smrbmi_channels.tsv,3157,False,True
ds004447,1.0.1,sub-005/ses-03/eeg/sub-005_ses-03_task-smrbmi_eeg.edf,49433536,True,True
ds004447,1.0.1,sub-005/ses-03/eeg/sub-005_ses-03_task-smrbmi_eeg.json,463,False,True
ds004447,1.0.1,sub-005/ses-03/eeg/sub-005_ses-03_task-smrbmi_electrodes.tsv,6165,False,True
ds004447,1.0.1,sub-005/ses-03/eeg/sub-005_ses-03_task-smrbmi_events.tsv,404,False,True
ds004447,1.0.1,sub-005/ses-02/eeg/sub-005_ses-02_task-smrbmi_channels.tsv,3157,False,True
ds004447,1.0.1,sub-005/ses-02/eeg/sub-005_ses-02_task-smrbmi_eeg.edf,55933536,True,True
ds004447,1.0.1,sub-005/ses-02/eeg/sub-005_ses-02_task-smrbmi_eeg.json,462,False,True
ds004447,1.0.1,sub-005/ses-02/eeg/sub-005_ses-02_task-smrbmi_electrodes.tsv,6170,False,True
ds004447,1.0.1,sub-005/ses-02/eeg/sub-005_ses-02_task-smrbmi_events.tsv,409,False,True
ds004447,1.0.1,sub-005/ses-01/eeg/sub-005_ses-01_task-smrbmi_channels.tsv,3157,False,True
ds004447,1.0.1,sub-005/ses-01/eeg/sub-005_ses-01_task-smrbmi_eeg.edf,44753536,True,True
ds004447,1.0.1,sub-005/ses-01/eeg/sub-005_ses-01_task-smrbmi_eeg.json,463,False,True
ds004447,1.0.1,sub-005/ses-01/eeg/sub-005_ses-01_task-smrbmi_electrodes.tsv,6169,False,True
ds004447,1.0.1,sub-005/ses-01/eeg/sub-005_ses-01_task-smrbmi_events.tsv,790,False,True
ds004447,1.0.1,sub-004/ses-19/eeg/sub-004_ses-19_task-smrbmi_channels.tsv,3157,False,True
ds004447,1.0.1,sub-004/ses-19/eeg/sub-004_ses-19_task-smrbmi_eeg.edf,43973536,True,True
ds004447,1.0.1,sub-004/ses-19/eeg/sub-004_ses-19_task-smrbmi_eeg.json,463,False,True
ds004447,1.0.1,sub-004/ses-19/eeg/sub-004_ses-19_task-smrbmi_electrodes.tsv,6167,False,True
ds004447,1.0.1,sub-004/ses-19/eeg/sub-004_ses-19_task-smrbmi_events.tsv,790,False,True
ds004447,1.0.1,sub-004/ses-18/eeg/sub-004_ses-18_task-smrbmi_channels.tsv,3157,False,True
ds004447,1.0.1,sub-004/ses-18/eeg/sub-004_ses-18_task-smrbmi_eeg.edf,53073536,True,True
ds004447,1.0.1,sub-004/ses-18/eeg/sub-004_ses-18_task-smrbmi_eeg.json,463,False,True
ds004447,1.0.1,sub-004/ses-18/eeg/sub-004_ses-18_task-smrbmi_electrodes.tsv,6167,False,True
ds004447,1.0.1,sub-004/ses-18/eeg/sub-004_ses-18_task-smrbmi_events.tsv,408,False,True
ds004447,1.0.1,sub-004/ses-17/eeg/sub-004_ses-17_task-smrbmi_channels.tsv,3157,False,True
ds004447,1.0.1,sub-004/ses-17/eeg/sub-004_ses-17_task-smrbmi_eeg.edf,59053536,True,True
ds004447,1.0.1,sub-004/ses-17/eeg/sub-004_ses-17_task-smrbmi_eeg.json,463,False,True
ds004447,1.0.1,sub-004/ses-17/eeg/sub-004_ses-17_task-smrbmi_electrodes.tsv,6164,False,True
ds004447,1.0.1,sub-004/ses-17/eeg/sub-004_ses-17_task-smrbmi_events.tsv,412,False,True
ds004447,1.0.1,sub-004/ses-16/eeg/sub-004_ses-16_task-smrbmi_channels.tsv,3157,False,True
ds004447,1.0.1,sub-004/ses-16/eeg/sub-004_ses-16_task-smrbmi_eeg.edf,55933536,True,True
ds004447,1.0.1,sub-004/ses-16/eeg/sub-004_ses-16_task-smrbmi_eeg.json,463,False,True
ds004447,1.0.1,sub-004/ses-16/eeg/sub-004_ses-16_task-smrbmi_electrodes.tsv,6169,False,True
ds004447,1.0.1,sub-004/ses-16/eeg/sub-004_ses-16_task-smrbmi_events.tsv,409,False,True
ds004447,1.0.1,sub-004/ses-15/eeg/sub-004_ses-15_task-smrbmi_channels.tsv,3157,False,True
ds004447,1.0.1,sub-004/ses-15/eeg/sub-004_ses-15_task-smrbmi_eeg.edf,54893536,True,True
ds004447,1.0.1,sub-004/ses-15/eeg/sub-004_ses-15_task-smrbmi_eeg.json,463,False,True
ds004447,1.0.1,sub-004/ses-15/eeg/sub-004_ses-15_task-smrbmi_electrodes.tsv,6167,False,True
ds004447,1.0.1,sub-004/ses-15/eeg/sub-004_ses-15_task-smrbmi_events.tsv,408,False,True
ds004447,1.0.1,sub-004/ses-14/eeg/sub-004_ses-14_task-smrbmi_channels.tsv,3157,False,True
ds004447,1.0.1,sub-004/ses-14/eeg/sub-004_ses-14_task-smrbmi_eeg.edf,62173536,True,True
ds004447,1.0.1,sub-004/ses-14/eeg/sub-004_ses-14_task-smrbmi_eeg.json,463,False,True
ds004447,1.0.1,sub-004/ses-14/eeg/sub-004_ses-14_task-smrbmi_electrodes.tsv,6159,False,True
ds004447,1.0.1,sub-004/ses-14/eeg/sub-004_ses-14_task-smrbmi_events.tsv,413,False,True
ds004447,1.0.1,sub-004/ses-13/eeg/sub-004_ses-13_task-smrbmi_channels.tsv,3157,False,True
ds004447,1.0.1,sub-004/ses-13/eeg/sub-004_ses-13_task-smrbmi_eeg.edf,47613536,True,True
ds004447,1.0.1,sub-004/ses-13/eeg/sub-004_ses-13_task-smrbmi_eeg.json,463,False,True
ds004447,1.0.1,sub-004/ses-13/eeg/sub-004_ses-13_task-smrbmi_electrodes.tsv,6159,False,True
ds004447,1.0.1,sub-004/ses-13/eeg/sub-004_ses-13_task-smrbmi_events.tsv,789,False,True
ds004447,1.0.1,sub-004/ses-12/eeg/sub-004_ses-12_task-smrbmi_channels.tsv,3157,False,True
ds004447,1.0.1,sub-004/ses-12/eeg/sub-004_ses-12_task-smrbmi_eeg.edf,50473536,True,True
ds004447,1.0.1,sub-004/ses-12/eeg/sub-004_ses-12_task-smrbmi_eeg.json,463,False,True
ds004447,1.0.1,sub-004/ses-12/eeg/sub-004_ses-12_task-smrbmi_electrodes.tsv,6169,False,True
ds004447,1.0.1,sub-004/ses-12/eeg/sub-004_ses-12_task-smrbmi_events.tsv,404,False,True
ds004447,1.0.1,sub-004/ses-11/eeg/sub-004_ses-11_task-smrbmi_channels.tsv,3157,False,True
ds004447,1.0.1,sub-004/ses-11/eeg/sub-004_ses-11_task-smrbmi_eeg.edf,52813536,True,True
ds004447,1.0.1,sub-004/ses-11/eeg/sub-004_ses-11_task-smrbmi_eeg.json,463,False,True
ds004447,1.0.1,sub-004/ses-11/eeg/sub-004_ses-11_task-smrbmi_electrodes.tsv,6170,False,True
ds004447,1.0.1,sub-004/ses-11/eeg/sub-004_ses-11_task-smrbmi_events.tsv,407,False,True
ds004447,1.0.1,sub-004/ses-10/eeg/sub-004_ses-10_task-smrbmi_channels.tsv,3157,False,True
ds004447,1.0.1,sub-004/ses-10/eeg/sub-004_ses-10_task-smrbmi_eeg.edf,48913536,True,True
ds004447,1.0.1,sub-004/ses-10/eeg/sub-004_ses-10_task-smrbmi_eeg.json,463,False,True
ds004447,1.0.1,sub-004/ses-10/eeg/sub-004_ses-10_task-smrbmi_electrodes.tsv,6165,False,True
ds004447,1.0.1,sub-004/ses-10/eeg/sub-004_ses-10_task-smrbmi_events.tsv,406,False,True
ds004447,1.0.1,sub-004/ses-09/eeg/sub-004_ses-09_task-smrbmi_channels.tsv,3157,False,True
ds004447,1.0.1,sub-004/ses-09/eeg/sub-004_ses-09_task-smrbmi_eeg.edf,49693536,True,True
ds004447,1.0.1,sub-004/ses-09/eeg/sub-004_ses-09_task-smrbmi_eeg.json,463,False,True
ds004447,1.0.1,sub-004/ses-09/eeg/sub-004_ses-09_task-smrbmi_electrodes.tsv,6160,False,True
ds004447,1.0.1,sub-004/ses-09/eeg/sub-004_ses-09_task-smrbmi_events.tsv,405,False,True
ds004447,1.0.1,sub-004/ses-08/eeg/sub-004_ses-08_task-smrbmi_channels.tsv,3157,False,True
ds004447,1.0.1,sub-004/ses-08/eeg/sub-004_ses-08_task-smrbmi_eeg.edf,59053536,True,True
ds004447,1.0.1,sub-004/ses-08/eeg/sub-004_ses-08_task-smrbmi_eeg.json,463,False,True
ds004447,1.0.1,sub-004/ses-08/eeg/sub-004_ses-08_task-smrbmi_electrodes.tsv,6169,False,True
ds004447,1.0.1,sub-004/ses-08/eeg/sub-004_ses-08_task-smrbmi_events.tsv,412,False,True
ds004447,1.0.1,sub-004/ses-07/eeg/sub-004_ses-07_task-smrbmi_channels.tsv,3157,False,True
ds004447,1.0.1,sub-004/ses-07/eeg/sub-004_ses-07_task-smrbmi_eeg.edf,42933536,True,True
ds004447,1.0.1,sub-004/ses-07/eeg/sub-004_ses-07_task-smrbmi_eeg.json,463,False,True
ds004447,1.0.1,sub-004/ses-07/eeg/sub-004_ses-07_task-smrbmi_electrodes.tsv,6172,False,True
ds004447,1.0.1,sub-004/ses-07/eeg/sub-004_ses-07_task-smrbmi_events.tsv,787,False,True
ds004447,1.0.1,sub-004/ses-06/eeg/sub-004_ses-06_task-smrbmi_channels.tsv,3157,False,True
ds004447,1.0.1,sub-004/ses-06/eeg/sub-004_ses-06_task-smrbmi_eeg.edf,52033536,True,True
ds004447,1.0.1,sub-004/ses-06/eeg/sub-004_ses-06_task-smrbmi_eeg.json,463,False,True
ds004447,1.0.1,sub-004/ses-06/eeg/sub-004_ses-06_task-smrbmi_electrodes.tsv,6170,False,True
ds004447,1.0.1,sub-004/ses-06/eeg/sub-004_ses-06_task-smrbmi_events.tsv,407,False,True
ds004447,1.0.1,sub-004/ses-05/eeg/sub-004_ses-05_task-smrbmi_channels.tsv,3157,False,True
ds004447,1.0.1,sub-004/ses-05/eeg/sub-004_ses-05_task-smrbmi_eeg.edf,56453536,True,True
ds004447,1.0.1,sub-004/ses-05/eeg/sub-004_ses-05_task-smrbmi_eeg.json,463,False,True
ds004447,1.0.1,sub-004/ses-05/eeg/sub-004_ses-05_task-smrbmi_electrodes.tsv,6168,False,True
ds004447,1.0.1,sub-004/ses-05/eeg/sub-004_ses-05_task-smrbmi_events.tsv,408,False,True
ds004447,1.0.1,sub-004/ses-04/eeg/sub-004_ses-04_task-smrbmi_channels.tsv,3157,False,True
ds004447,1.0.1,sub-004/ses-04/eeg/sub-004_ses-04_task-smrbmi_eeg.edf,56193536,True,True
ds004447,1.0.1,sub-004/ses-04/eeg/sub-004_ses-04_task-smrbmi_eeg.json,463,False,True
ds004447,1.0.1,sub-004/ses-04/eeg/sub-004_ses-04_task-smrbmi_electrodes.tsv,6165,False,True
ds004447,1.0.1,sub-004/ses-04/eeg/sub-004_ses-04_task-smrbmi_events.tsv,405,False,True
ds004447,1.0.1,sub-004/ses-03/eeg/sub-004_ses-03_task-smrbmi_channels.tsv,3157,False,True
ds004447,1.0.1,sub-004/ses-03/eeg/sub-004_ses-03_task-smrbmi_eeg.edf,54113536,True,True
ds004447,1.0.1,sub-004/ses-03/eeg/sub-004_ses-03_task-smrbmi_eeg.json,463,False,True
ds004447,1.0.1,sub-004/ses-03/eeg/sub-004_ses-03_task-smrbmi_electrodes.tsv,6166,False,True
ds004447,1.0.1,sub-004/ses-03/eeg/sub-004_ses-03_task-smrbmi_events.tsv,409,False,True
ds004447,1.0.1,sub-004/ses-02/eeg/sub-004_ses-02_task-smrbmi_channels.tsv,3157,False,True
ds004447,1.0.1,sub-004/ses-02/eeg/sub-004_ses-02_task-smrbmi_eeg.edf,57233536,True,True
ds004447,1.0.1,sub-004/ses-02/eeg/sub-004_ses-02_task-smrbmi_eeg.json,463,False,True
ds004447,1.0.1,sub-004/ses-02/eeg/sub-004_ses-02_task-smrbmi_electrodes.tsv,6168,False,True
ds004447,1.0.1,sub-004/ses-02/eeg/sub-004_ses-02_task-smrbmi_events.tsv,410,False,True
ds004447,1.0.1,sub-004/ses-01/eeg/sub-004_ses-01_task-smrbmi_channels.tsv,3157,False,True
ds004447,1.0.1,sub-004/ses-01/eeg/sub-004_ses-01_task-smrbmi_eeg.edf,47353536,True,True
ds004447,1.0.1,sub-004/ses-01/eeg/sub-004_ses-01_task-smrbmi_eeg.json,463,False,True
ds004447,1.0.1,sub-004/ses-01/eeg/sub-004_ses-01_task-smrbmi_electrodes.tsv,6173,False,True
ds004447,1.0.1,sub-004/ses-01/eeg/sub-004_ses-01_task-smrbmi_events.tsv,794,False,True
ds004447,1.0.1,sub-003/ses-19/eeg/sub-003_ses-19_task-smrbmi_channels.tsv,3157,False,True
ds004447,1.0.1,sub-003/ses-19/eeg/sub-003_ses-19_task-smrbmi_eeg.edf,42153536,True,True
ds004447,1.0.1,sub-003/ses-19/eeg/sub-003_ses-19_task-smrbmi_eeg.json,463,False,True
ds004447,1.0.1,sub-003/ses-19/eeg/sub-003_ses-19_task-smrbmi_electrodes.tsv,6164,False,True
ds004447,1.0.1,sub-003/ses-19/eeg/sub-003_ses-19_task-smrbmi_events.tsv,787,False,True
ds004447,1.0.1,sub-003/ses-18/eeg/sub-003_ses-18_task-smrbmi_channels.tsv,3157,False,True
ds004447,1.0.1,sub-003/ses-18/eeg/sub-003_ses-18_task-smrbmi_eeg.edf,51513536,True,True
ds004447,1.0.1,sub-003/ses-18/eeg/sub-003_ses-18_task-smrbmi_eeg.json,463,False,True
ds004447,1.0.1,sub-003/ses-18/eeg/sub-003_ses-18_task-smrbmi_electrodes.tsv,6173,False,True
ds004447,1.0.1,sub-003/ses-18/eeg/sub-003_ses-18_task-smrbmi_events.tsv,408,False,True
ds004447,1.0.1,sub-003/ses-17/eeg/sub-003_ses-17_task-smrbmi_channels.tsv,3157,False,True
ds004447,1.0.1,sub-003/ses-17/eeg/sub-003_ses-17_task-smrbmi_eeg.edf,50733536,True,True
ds004447,1.0.1,sub-003/ses-17/eeg/sub-003_ses-17_task-smrbmi_eeg.json,463,False,True
ds004447,1.0.1,sub-003/ses-17/eeg/sub-003_ses-17_task-smrbmi_electrodes.tsv,6167,False,True
ds004447,1.0.1,sub-003/ses-17/eeg/sub-003_ses-17_task-smrbmi_events.tsv,407,False,True
ds004447,1.0.1,sub-003/ses-16/eeg/sub-003_ses-16_task-smrbmi_channels.tsv,3157,False,True
ds004447,1.0.1,sub-003/ses-16/eeg/sub-003_ses-16_task-smrbmi_eeg.edf,52813536,True,True
ds004447,1.0.1,sub-003/ses-16/eeg/sub-003_ses-16_task-smrbmi_eeg.json,463,False,True
ds004447,1.0.1,sub-003/ses-16/eeg/sub-003_ses-16_task-smrbmi_electrodes.tsv,6164,False,True
ds004447,1.0.1,sub-003/ses-16/eeg/sub-003_ses-16_task-smrbmi_events.tsv,406,False,True
ds004447,1.0.1,sub-003/ses-15/eeg/sub-003_ses-15_task-smrbmi_channels.tsv,3157,False,True
ds004447,1.0.1,sub-003/ses-15/eeg/sub-003_ses-15_task-smrbmi_eeg.edf,52033536,True,True
ds004447,1.0.1,sub-003/ses-15/eeg/sub-003_ses-15_task-smrbmi_eeg.json,463,False,True
ds004447,1.0.1,sub-003/ses-15/eeg/sub-003_ses-15_task-smrbmi_electrodes.tsv,6172,False,True
ds004447,1.0.1,sub-003/ses-15/eeg/sub-003_ses-15_task-smrbmi_events.tsv,404,False,True
ds004447,1.0.1,sub-003/ses-14/eeg/sub-003_ses-14_task-smrbmi_channels.tsv,3157,False,True
ds004447,1.0.1,sub-003/ses-14/eeg/sub-003_ses-14_task-smrbmi_eeg.edf,56193536,True,True
ds004447,1.0.1,sub-003/ses-14/eeg/sub-003_ses-14_task-smrbmi_eeg.json,463,False,True
ds004447,1.0.1,sub-003/ses-14/eeg/sub-003_ses-14_task-smrbmi_electrodes.tsv,6171,False,True
ds004447,1.0.1,sub-003/ses-14/eeg/sub-003_ses-14_task-smrbmi_events.tsv,411,False,True
ds004447,1.0.1,sub-003/ses-13/eeg/sub-003_ses-13_task-smrbmi_channels.tsv,3157,False,True
ds004447,1.0.1,sub-003/ses-13/eeg/sub-003_ses-13_task-smrbmi_eeg.edf,44493536,True,True
ds004447,1.0.1,sub-003/ses-13/eeg/sub-003_ses-13_task-smrbmi_eeg.json,463,False,True
ds004447,1.0.1,sub-003/ses-13/eeg/sub-003_ses-13_task-smrbmi_electrodes.tsv,6160,False,True
ds004447,1.0.1,sub-003/ses-13/eeg/sub-003_ses-13_task-smrbmi_events.tsv,790,False,True
ds004447,1.0.1,sub-003/ses-12/eeg/sub-003_ses-12_task-smrbmi_channels.tsv,3157,False,True
ds004447,1.0.1,sub-003/ses-12/eeg/sub-003_ses-12_task-smrbmi_eeg.edf,58013536,True,True
ds004447,1.0.1,sub-003/ses-12/eeg/sub-003_ses-12_task-smrbmi_eeg.json,462,False,True
ds004447,1.0.1,sub-003/ses-12/eeg/sub-003_ses-12_task-smrbmi_electrodes.tsv,6146,False,True
ds004447,1.0.1,sub-003/ses-12/eeg/sub-003_ses-12_task-smrbmi_events.tsv,412,False,True
ds004447,1.0.1,sub-003/ses-11/eeg/sub-003_ses-11_task-smrbmi_channels.tsv,3157,False,True
ds004447,1.0.1,sub-003/ses-11/eeg/sub-003_ses-11_task-smrbmi_eeg.edf,61133536,True,True
ds004447,1.0.1,sub-003/ses-11/eeg/sub-003_ses-11_task-smrbmi_eeg.json,463,False,True
ds004447,1.0.1,sub-003/ses-11/eeg/sub-003_ses-11_task-smrbmi_electrodes.tsv,6170,False,True
ds004447,1.0.1,sub-003/ses-11/eeg/sub-003_ses-11_task-smrbmi_events.tsv,413,False,True
ds004447,1.0.1,sub-003/ses-10/eeg/sub-003_ses-10_task-smrbmi_channels.tsv,3157,False,True
ds004447,1.0.1,sub-003/ses-10/eeg/sub-003_ses-10_task-smrbmi_eeg.edf,58533536,True,True
ds004447,1.0.1,sub-003/ses-10/eeg/sub-003_ses-10_task-smrbmi_eeg.json,463,False,True
ds004447,1.0.1,sub-003/ses-10/eeg/sub-003_ses-10_task-smrbmi_electrodes.tsv,6174,False,True
ds004447,1.0.1,sub-003/ses-10/eeg/sub-003_ses-10_task-smrbmi_events.tsv,412,False,True
ds004447,1.0.1,sub-003/ses-09/eeg/sub-003_ses-09_task-smrbmi_channels.tsv,3157,False,True
ds004447,1.0.1,sub-003/ses-09/eeg/sub-003_ses-09_task-smrbmi_eeg.edf,59573536,True,True
ds004447,1.0.1,sub-003/ses-09/eeg/sub-003_ses-09_task-smrbmi_eeg.json,463,False,True
ds004447,1.0.1,sub-003/ses-09/eeg/sub-003_ses-09_task-smrbmi_electrodes.tsv,6168,False,True
ds004447,1.0.1,sub-003/ses-09/eeg/sub-003_ses-09_task-smrbmi_events.tsv,412,False,True
ds004447,1.0.1,sub-003/ses-08/eeg/sub-003_ses-08_task-smrbmi_channels.tsv,3157,False,True
ds004447,1.0.1,sub-003/ses-08/eeg/sub-003_ses-08_task-smrbmi_eeg.edf,58013536,True,True
ds004447,1.0.1,sub-003/ses-08/eeg/sub-003_ses-08_task-smrbmi_eeg.json,463,False,True
ds004447,1.0.1,sub-003/ses-08/eeg/sub-003_ses-08_task-smrbmi_electrodes.tsv,6166,False,True
ds004447,1.0.1,sub-003/ses-08/eeg/sub-003_ses-08_task-smrbmi_events.tsv,412,False,True
ds004447,1.0.1,sub-003/ses-07/eeg/sub-003_ses-07_task-smrbmi_channels.tsv,3157,False,True
ds004447,1.0.1,sub-003/ses-07/eeg/sub-003_ses-07_task-smrbmi_eeg.edf,45013536,True,True
ds004447,1.0.1,sub-003/ses-07/eeg/sub-003_ses-07_task-smrbmi_eeg.json,463,False,True
ds004447,1.0.1,sub-003/ses-07/eeg/sub-003_ses-07_task-smrbmi_electrodes.tsv,6173,False,True
ds004447,1.0.1,sub-003/ses-07/eeg/sub-003_ses-07_task-smrbmi_events.tsv,790,False,True
ds004447,1.0.1,sub-003/ses-06/eeg/sub-003_ses-06_task-smrbmi_channels.tsv,3157,False,True
ds004447,1.0.1,sub-003/ses-06/eeg/sub-003_ses-06_task-smrbmi_eeg.edf,48133536,True,True
ds004447,1.0.1,sub-003/ses-06/eeg/sub-003_ses-06_task-smrbmi_eeg.json,463,False,True
ds004447,1.0.1,sub-003/ses-06/eeg/sub-003_ses-06_task-smrbmi_electrodes.tsv,6166,False,True
ds004447,1.0.1,sub-003/ses-06/eeg/sub-003_ses-06_task-smrbmi_events.tsv,402,False,True
ds004447,1.0.1,sub-003/ses-05/eeg/sub-003_ses-05_task-smrbmi_channels.tsv,3157,False,True
ds004447,1.0.1,sub-003/ses-05/eeg/sub-003_ses-05_task-smrbmi_eeg.edf,50473536,True,True
ds004447,1.0.1,sub-003/ses-05/eeg/sub-003_ses-05_task-smrbmi_eeg.json,463,False,True
ds004447,1.0.1,sub-003/ses-05/eeg/sub-003_ses-05_task-smrbmi_electrodes.tsv,6165,False,True
ds004447,1.0.1,sub-003/ses-05/eeg/sub-003_ses-05_task-smrbmi_events.tsv,406,False,True
ds004447,1.0.1,sub-003/ses-04/eeg/sub-003_ses-04_task-smrbmi_channels.tsv,3157,False,True
ds004447,1.0.1,sub-003/ses-04/eeg/sub-003_ses-04_task-smrbmi_eeg.edf,49433536,True,True
ds004447,1.0.1,sub-003/ses-04/eeg/sub-003_ses-04_task-smrbmi_eeg.json,463,False,True
ds004447,1.0.1,sub-003/ses-04/eeg/sub-003_ses-04_task-smrbmi_electrodes.tsv,6169,False,True
ds004447,1.0.1,sub-003/ses-04/eeg/sub-003_ses-04_task-smrbmi_events.tsv,404,False,True
ds004447,1.0.1,sub-003/ses-03/eeg/sub-003_ses-03_task-smrbmi_channels.tsv,3157,False,True
ds004447,1.0.1,sub-003/ses-03/eeg/sub-003_ses-03_task-smrbmi_eeg.edf,47353536,True,True
ds004447,1.0.1,sub-003/ses-03/eeg/sub-003_ses-03_task-smrbmi_eeg.json,462,False,True
ds004447,1.0.1,sub-003/ses-03/eeg/sub-003_ses-03_task-smrbmi_electrodes.tsv,6171,False,True
ds004447,1.0.1,sub-003/ses-03/eeg/sub-003_ses-03_task-smrbmi_events.tsv,403,False,True
ds004447,1.0.1,sub-003/ses-02/eeg/sub-003_ses-02_task-smrbmi_channels.tsv,3157,False,True
ds004447,1.0.1,sub-003/ses-02/eeg/sub-003_ses-02_task-smrbmi_eeg.edf,65293536,True,True
ds004447,1.0.1,sub-003/ses-02/eeg/sub-003_ses-02_task-smrbmi_eeg.json,463,False,True
ds004447,1.0.1,sub-003/ses-02/eeg/sub-003_ses-02_task-smrbmi_electrodes.tsv,6167,False,True
ds004447,1.0.1,sub-003/ses-02/eeg/sub-003_ses-02_task-smrbmi_events.tsv,411,False,True
ds004447,1.0.1,sub-003/ses-01/eeg/sub-003_ses-01_task-smrbmi_channels.tsv,3157,False,True
ds004447,1.0.1,sub-003/ses-01/eeg/sub-003_ses-01_task-smrbmi_eeg.edf,52813536,True,True
ds004447,1.0.1,sub-003/ses-01/eeg/sub-003_ses-01_task-smrbmi_eeg.json,462,False,True
ds004447,1.0.1,sub-003/ses-01/eeg/sub-003_ses-01_task-smrbmi_electrodes.tsv,6162,False,True
ds004447,1.0.1,sub-003/ses-01/eeg/sub-003_ses-01_task-smrbmi_events.tsv,799,False,True
ds004447,1.0.1,sub-002/ses-19/eeg/sub-002_ses-19_task-smrbmi_channels.tsv,3157,False,True
ds004447,1.0.1,sub-002/ses-19/eeg/sub-002_ses-19_task-smrbmi_eeg.edf,43713536,True,True
ds004447,1.0.1,sub-002/ses-19/eeg/sub-002_ses-19_task-smrbmi_eeg.json,463,False,True
ds004447,1.0.1,sub-002/ses-19/eeg/sub-002_ses-19_task-smrbmi_electrodes.tsv,6161,False,True
ds004447,1.0.1,sub-002/ses-19/eeg/sub-002_ses-19_task-smrbmi_events.tsv,790,False,True
ds004447,1.0.1,sub-002/ses-18/eeg/sub-002_ses-18_task-smrbmi_channels.tsv,3157,False,True
ds004447,1.0.1,sub-002/ses-18/eeg/sub-002_ses-18_task-smrbmi_eeg.edf,50733536,True,True
ds004447,1.0.1,sub-002/ses-18/eeg/sub-002_ses-18_task-smrbmi_eeg.json,463,False,True
ds004447,1.0.1,sub-002/ses-18/eeg/sub-002_ses-18_task-smrbmi_electrodes.tsv,6162,False,True
ds004447,1.0.1,sub-002/ses-18/eeg/sub-002_ses-18_task-smrbmi_events.tsv,406,False,True
ds004447,1.0.1,sub-002/ses-17/eeg/sub-002_ses-17_task-smrbmi_channels.tsv,3157,False,True
ds004447,1.0.1,sub-002/ses-17/eeg/sub-002_ses-17_task-smrbmi_eeg.edf,56713536,True,True
ds004447,1.0.1,sub-002/ses-17/eeg/sub-002_ses-17_task-smrbmi_eeg.json,463,False,True
ds004447,1.0.1,sub-002/ses-17/eeg/sub-002_ses-17_task-smrbmi_electrodes.tsv,6167,False,True
ds004447,1.0.1,sub-002/ses-17/eeg/sub-002_ses-17_task-smrbmi_events.tsv,410,False,True
ds004447,1.0.1,sub-002/ses-16/eeg/sub-002_ses-16_task-smrbmi_channels.tsv,3157,False,True
ds004447,1.0.1,sub-002/ses-16/eeg/sub-002_ses-16_task-smrbmi_eeg.edf,53073536,True,True
ds004447,1.0.1,sub-002/ses-16/eeg/sub-002_ses-16_task-smrbmi_eeg.json,463,False,True
ds004447,1.0.1,sub-002/ses-16/eeg/sub-002_ses-16_task-smrbmi_electrodes.tsv,6166,False,True
ds004447,1.0.1,sub-002/ses-16/eeg/sub-002_ses-16_task-smrbmi_events.tsv,404,False,True
ds004447,1.0.1,sub-002/ses-15/eeg/sub-002_ses-15_task-smrbmi_channels.tsv,3157,False,True
ds004447,1.0.1,sub-002/ses-15/eeg/sub-002_ses-15_task-smrbmi_eeg.edf,51773536,True,True
ds004447,1.0.1,sub-002/ses-15/eeg/sub-002_ses-15_task-smrbmi_eeg.json,463,False,True
ds004447,1.0.1,sub-002/ses-15/eeg/sub-002_ses-15_task-smrbmi_electrodes.tsv,6161,False,True
ds004447,1.0.1,sub-002/ses-15/eeg/sub-002_ses-15_task-smrbmi_events.tsv,401,False,True
ds004447,1.0.1,sub-002/ses-14/eeg/sub-002_ses-14_task-smrbmi_channels.tsv,3157,False,True
ds004447,1.0.1,sub-002/ses-14/eeg/sub-002_ses-14_task-smrbmi_eeg.edf,58013536,True,True
ds004447,1.0.1,sub-002/ses-14/eeg/sub-002_ses-14_task-smrbmi_eeg.json,463,False,True
ds004447,1.0.1,sub-002/ses-14/eeg/sub-002_ses-14_task-smrbmi_electrodes.tsv,6168,False,True
ds004447,1.0.1,sub-002/ses-14/eeg/sub-002_ses-14_task-smrbmi_events.tsv,407,False,True
ds004447,1.0.1,sub-002/ses-13/eeg/sub-002_ses-13_task-smrbmi_channels.tsv,3157,False,True
ds004447,1.0.1,sub-002/ses-13/eeg/sub-002_ses-13_task-smrbmi_eeg.edf,42933536,True,True
ds004447,1.0.1,sub-002/ses-13/eeg/sub-002_ses-13_task-smrbmi_eeg.json,463,False,True
ds004447,1.0.1,sub-002/ses-13/eeg/sub-002_ses-13_task-smrbmi_electrodes.tsv,6170,False,True
ds004447,1.0.1,sub-002/ses-13/eeg/sub-002_ses-13_task-smrbmi_events.tsv,788,False,True
ds004447,1.0.1,sub-002/ses-12/eeg/sub-002_ses-12_task-smrbmi_channels.tsv,3157,False,True
ds004447,1.0.1,sub-002/ses-12/eeg/sub-002_ses-12_task-smrbmi_eeg.edf,49433536,True,True
ds004447,1.0.1,sub-002/ses-12/eeg/sub-002_ses-12_task-smrbmi_eeg.json,463,False,True
ds004447,1.0.1,sub-002/ses-12/eeg/sub-002_ses-12_task-smrbmi_electrodes.tsv,6162,False,True
ds004447,1.0.1,sub-002/ses-12/eeg/sub-002_ses-12_task-smrbmi_events.tsv,401,False,True
ds004447,1.0.1,sub-002/ses-11/eeg/sub-002_ses-11_task-smrbmi_channels.tsv,3157,False,True
ds004447,1.0.1,sub-002/ses-11/eeg/sub-002_ses-11_task-smrbmi_eeg.edf,44753536,True,True
ds004447,1.0.1,sub-002/ses-11/eeg/sub-002_ses-11_task-smrbmi_eeg.json,463,False,True
ds004447,1.0.1,sub-002/ses-11/eeg/sub-002_ses-11_task-smrbmi_electrodes.tsv,6165,False,True
ds004447,1.0.1,sub-002/ses-11/eeg/sub-002_ses-11_task-smrbmi_events.tsv,396,False,True
ds004447,1.0.1,sub-002/ses-10/eeg/sub-002_ses-10_task-smrbmi_channels.tsv,3157,False,True
ds004447,1.0.1,sub-002/ses-10/eeg/sub-002_ses-10_task-smrbmi_eeg.edf,43973536,True,True
ds004447,1.0.1,sub-002/ses-10/eeg/sub-002_ses-10_task-smrbmi_eeg.json,463,False,True
ds004447,1.0.1,sub-002/ses-10/eeg/sub-002_ses-10_task-smrbmi_electrodes.tsv,6162,False,True
ds004447,1.0.1,sub-002/ses-10/eeg/sub-002_ses-10_task-smrbmi_events.tsv,398,False,True
ds004447,1.0.1,sub-002/ses-09/eeg/sub-002_ses-09_task-smrbmi_channels.tsv,3157,False,True
ds004447,1.0.1,sub-002/ses-09/eeg/sub-002_ses-09_task-smrbmi_eeg.edf,53853536,True,True
ds004447,1.0.1,sub-002/ses-09/eeg/sub-002_ses-09_task-smrbmi_eeg.json,463,False,True
ds004447,1.0.1,sub-002/ses-09/eeg/sub-002_ses-09_task-smrbmi_electrodes.tsv,6169,False,True
ds004447,1.0.1,sub-002/ses-09/eeg/sub-002_ses-09_task-smrbmi_events.tsv,406,False,True
ds004447,1.0.1,sub-002/ses-08/eeg/sub-002_ses-08_task-smrbmi_channels.tsv,3157,False,True
ds004447,1.0.1,sub-002/ses-08/eeg/sub-002_ses-08_task-smrbmi_eeg.edf,51773536,True,True
ds004447,1.0.1,sub-002/ses-08/eeg/sub-002_ses-08_task-smrbmi_eeg.json,462,False,True
ds004447,1.0.1,sub-002/ses-08/eeg/sub-002_ses-08_task-smrbmi_electrodes.tsv,6170,False,True
ds004447,1.0.1,sub-002/ses-08/eeg/sub-002_ses-08_task-smrbmi_events.tsv,406,False,True
ds004447,1.0.1,sub-002/ses-07/eeg/sub-002_ses-07_task-smrbmi_channels.tsv,3157,False,True
ds004447,1.0.1,sub-002/ses-07/eeg/sub-002_ses-07_task-smrbmi_eeg.edf,42153536,True,True
ds004447,1.0.1,sub-002/ses-07/eeg/sub-002_ses-07_task-smrbmi_eeg.json,463,False,True
ds004447,1.0.1,sub-002/ses-07/eeg/sub-002_ses-07_task-smrbmi_electrodes.tsv,6160,False,True
ds004447,1.0.1,sub-002/ses-07/eeg/sub-002_ses-07_task-smrbmi_events.tsv,787,False,True
ds004447,1.0.1,sub-002/ses-06/eeg/sub-002_ses-06_task-smrbmi_channels.tsv,3157,False,True
ds004447,1.0.1,sub-002/ses-06/eeg/sub-002_ses-06_task-smrbmi_eeg.edf,52033536,True,True
ds004447,1.0.1,sub-002/ses-06/eeg/sub-002_ses-06_task-smrbmi_eeg.json,463,False,True
ds004447,1.0.1,sub-002/ses-06/eeg/sub-002_ses-06_task-smrbmi_electrodes.tsv,6169,False,True
ds004447,1.0.1,sub-002/ses-06/eeg/sub-002_ses-06_task-smrbmi_events.tsv,405,False,True
ds004447,1.0.1,sub-002/ses-05/eeg/sub-002_ses-05_task-smrbmi_channels.tsv,3157,False,True
ds004447,1.0.1,sub-002/ses-05/eeg/sub-002_ses-05_task-smrbmi_eeg.edf,53853536,True,True
ds004447,1.0.1,sub-002/ses-05/eeg/sub-002_ses-05_task-smrbmi_eeg.json,463,False,True
ds004447,1.0.1,sub-002/ses-05/eeg/sub-002_ses-05_task-smrbmi_electrodes.tsv,6164,False,True
ds004447,1.0.1,sub-002/ses-05/eeg/sub-002_ses-05_task-smrbmi_events.tsv,407,False,True
ds004447,1.0.1,sub-002/ses-04/eeg/sub-002_ses-04_task-smrbmi_channels.tsv,3157,False,True
ds004447,1.0.1,sub-002/ses-04/eeg/sub-002_ses-04_task-smrbmi_eeg.edf,54373536,True,True
ds004447,1.0.1,sub-002/ses-04/eeg/sub-002_ses-04_task-smrbmi_eeg.json,463,False,True
ds004447,1.0.1,sub-002/ses-04/eeg/sub-002_ses-04_task-smrbmi_electrodes.tsv,6169,False,True
ds004447,1.0.1,sub-002/ses-04/eeg/sub-002_ses-04_task-smrbmi_events.tsv,407,False,True
ds004447,1.0.1,sub-002/ses-03/eeg/sub-002_ses-03_task-smrbmi_channels.tsv,3157,False,True
ds004447,1.0.1,sub-002/ses-03/eeg/sub-002_ses-03_task-smrbmi_eeg.edf,57233536,True,True
ds004447,1.0.1,sub-002/ses-03/eeg/sub-002_ses-03_task-smrbmi_eeg.json,463,False,True
ds004447,1.0.1,sub-002/ses-03/eeg/sub-002_ses-03_task-smrbmi_electrodes.tsv,6169,False,True
ds004447,1.0.1,sub-002/ses-03/eeg/sub-002_ses-03_task-smrbmi_events.tsv,409,False,True
ds004447,1.0.1,sub-002/ses-02/eeg/sub-002_ses-02_task-smrbmi_channels.tsv,3157,False,True
ds004447,1.0.1,sub-002/ses-02/eeg/sub-002_ses-02_task-smrbmi_eeg.edf,49693536,True,True
ds004447,1.0.1,sub-002/ses-02/eeg/sub-002_ses-02_task-smrbmi_eeg.json,463,False,True
ds004447,1.0.1,sub-002/ses-02/eeg/sub-002_ses-02_task-smrbmi_electrodes.tsv,6164,False,True
ds004447,1.0.1,sub-002/ses-02/eeg/sub-002_ses-02_task-smrbmi_events.tsv,405,False,True
ds004447,1.0.1,sub-002/ses-01/eeg/sub-002_ses-01_task-smrbmi_channels.tsv,3157,False,True
ds004447,1.0.1,sub-002/ses-01/eeg/sub-002_ses-01_task-smrbmi_eeg.edf,42153536,True,True
ds004447,1.0.1,sub-002/ses-01/eeg/sub-002_ses-01_task-smrbmi_eeg.json,463,False,True
ds004447,1.0.1,sub-002/ses-01/eeg/sub-002_ses-01_task-smrbmi_electrodes.tsv,6166,False,True
ds004447,1.0.1,sub-002/ses-01/eeg/sub-002_ses-01_task-smrbmi_events.tsv,787,False,True
ds004447,1.0.1,sub-001/ses-19/eeg/sub-001_ses-19_task-smrbmi_channels.tsv,3157,False,True
ds004447,1.0.1,sub-001/ses-19/eeg/sub-001_ses-19_task-smrbmi_eeg.edf,43713536,True,True
ds004447,1.0.1,sub-001/ses-19/eeg/sub-001_ses-19_task-smrbmi_electrodes.tsv,6161,False,True
ds004447,1.0.1,sub-001/ses-19/eeg/sub-001_ses-19_task-smrbmi_events.tsv,790,False,True
ds004447,1.0.1,sub-001/ses-18/eeg/sub-001_ses-18_task-smrbmi_channels.tsv,3157,False,True
ds004447,1.0.1,sub-001/ses-18/eeg/sub-001_ses-18_task-smrbmi_eeg.edf,43713536,True,True
ds004447,1.0.1,sub-001/ses-18/eeg/sub-001_ses-18_task-smrbmi_eeg.json,462,False,True
ds004447,1.0.1,sub-001/ses-18/eeg/sub-001_ses-18_task-smrbmi_electrodes.tsv,6149,False,True
ds004447,1.0.1,sub-001/ses-18/eeg/sub-001_ses-18_task-smrbmi_events.tsv,790,False,True
ds004447,1.0.1,sub-001/ses-17/eeg/sub-001_ses-17_task-smrbmi_channels.tsv,3157,False,True
ds004447,1.0.1,sub-001/ses-17/eeg/sub-001_ses-17_task-smrbmi_eeg.edf,62433536,True,True
ds004447,1.0.1,sub-001/ses-17/eeg/sub-001_ses-17_task-smrbmi_eeg.json,463,False,True
ds004447,1.0.1,sub-001/ses-17/eeg/sub-001_ses-17_task-smrbmi_electrodes.tsv,6165,False,True
ds004447,1.0.1,sub-001/ses-17/eeg/sub-001_ses-17_task-smrbmi_events.tsv,414,False,True
ds004447,1.0.1,sub-001/ses-16/eeg/sub-001_ses-16_task-smrbmi_channels.tsv,3157,False,True
ds004447,1.0.1,sub-001/ses-16/eeg/sub-001_ses-16_task-smrbmi_eeg.edf,57493536,True,True
ds004447,1.0.1,sub-001/ses-16/eeg/sub-001_ses-16_task-smrbmi_eeg.json,463,False,True
ds004447,1.0.1,sub-001/ses-16/eeg/sub-001_ses-16_task-smrbmi_electrodes.tsv,6169,False,True
ds004447,1.0.1,sub-001/ses-16/eeg/sub-001_ses-16_task-smrbmi_events.tsv,412,False,True
ds004447,1.0.1,sub-001/ses-15/eeg/sub-001_ses-15_task-smrbmi_channels.tsv,3157,False,True
ds004447,1.0.1,sub-001/ses-15/eeg/sub-001_ses-15_task-smrbmi_eeg.edf,62693536,True,True
ds004447,1.0.1,sub-001/ses-15/eeg/sub-001_ses-15_task-smrbmi_eeg.json,463,False,True
ds004447,1.0.1,sub-001/ses-15/eeg/sub-001_ses-15_task-smrbmi_electrodes.tsv,6165,False,True
ds004447,1.0.1,sub-001/ses-15/eeg/sub-001_ses-15_task-smrbmi_events.tsv,413,False,True
ds004447,1.0.1,sub-001/ses-14/eeg/sub-001_ses-14_task-smrbmi_channels.tsv,3157,False,True
ds004447,1.0.1,sub-001/ses-14/eeg/sub-001_ses-14_task-smrbmi_eeg.edf,56453536,True,True
ds004447,1.0.1,sub-001/ses-14/eeg/sub-001_ses-14_task-smrbmi_eeg.json,463,False,True
ds004447,1.0.1,sub-001/ses-14/eeg/sub-001_ses-14_task-smrbmi_electrodes.tsv,6171,False,True
ds004447,1.0.1,sub-001/ses-14/eeg/sub-001_ses-14_task-smrbmi_events.tsv,411,False,True
ds004447,1.0.1,sub-001/ses-13/eeg/sub-001_ses-13_task-smrbmi_channels.tsv,3157,False,True
ds004447,1.0.1,sub-001/ses-13/eeg/sub-001_ses-13_task-smrbmi_eeg.edf,54633536,True,True
ds004447,1.0.1,sub-001/ses-13/eeg/sub-001_ses-13_task-smrbmi_eeg.json,463,False,True
ds004447,1.0.1,sub-001/ses-13/eeg/sub-001_ses-13_task-smrbmi_electrodes.tsv,6166,False,True
ds004447,1.0.1,sub-001/ses-13/eeg/sub-001_ses-13_task-smrbmi_events.tsv,801,False,True
ds004447,1.0.1,sub-001/ses-12/eeg/sub-001_ses-12_task-smrbmi_channels.tsv,3157,False,True
ds004447,1.0.1,sub-001/ses-12/eeg/sub-001_ses-12_task-smrbmi_eeg.edf,58013536,True,True
ds004447,1.0.1,sub-001/ses-12/eeg/sub-001_ses-12_task-smrbmi_eeg.json,463,False,True
ds004447,1.0.1,sub-001/ses-12/eeg/sub-001_ses-12_task-smrbmi_electrodes.tsv,6162,False,True
ds004447,1.0.1,sub-001/ses-12/eeg/sub-001_ses-12_task-smrbmi_events.tsv,410,False,True
ds004447,1.0.1,sub-001/ses-11/eeg/sub-001_ses-11_task-smrbmi_channels.tsv,3157,False,True
ds004447,1.0.1,sub-001/ses-11/eeg/sub-001_ses-11_task-smrbmi_eeg.edf,61393536,True,True
ds004447,1.0.1,sub-001/ses-11/eeg/sub-001_ses-11_task-smrbmi_eeg.json,463,False,True
ds004447,1.0.1,sub-001/ses-11/eeg/sub-001_ses-11_task-smrbmi_electrodes.tsv,6165,False,True
ds004447,1.0.1,sub-001/ses-11/eeg/sub-001_ses-11_task-smrbmi_events.tsv,412,False,True
ds004447,1.0.1,sub-001/ses-10/eeg/sub-001_ses-10_task-smrbmi_channels.tsv,3157,False,True
ds004447,1.0.1,sub-001/ses-10/eeg/sub-001_ses-10_task-smrbmi_eeg.edf,60873536,True,True
ds004447,1.0.1,sub-001/ses-10/eeg/sub-001_ses-10_task-smrbmi_eeg.json,463,False,True
ds004447,1.0.1,sub-001/ses-10/eeg/sub-001_ses-10_task-smrbmi_electrodes.tsv,6163,False,True
ds004447,1.0.1,sub-001/ses-10/eeg/sub-001_ses-10_task-smrbmi_events.tsv,413,False,True
ds004447,1.0.1,sub-001/ses-09/eeg/sub-001_ses-09_task-smrbmi_channels.tsv,3157,False,True
ds004447,1.0.1,sub-001/ses-09/eeg/sub-001_ses-09_task-smrbmi_eeg.edf,55153536,True,True
ds004447,1.0.1,sub-001/ses-09/eeg/sub-001_ses-09_task-smrbmi_eeg.json,463,False,True
ds004447,1.0.1,sub-001/ses-09/eeg/sub-001_ses-09_task-smrbmi_electrodes.tsv,6164,False,True
ds004447,1.0.1,sub-001/ses-09/eeg/sub-001_ses-09_task-smrbmi_events.tsv,409,False,True
ds004447,1.0.1,sub-001/ses-08/eeg/sub-001_ses-08_task-smrbmi_channels.tsv,3157,False,True
ds004447,1.0.1,sub-001/ses-08/eeg/sub-001_ses-08_task-smrbmi_eeg.edf,58533536,True,True
ds004447,1.0.1,sub-001/ses-08/eeg/sub-001_ses-08_task-smrbmi_eeg.json,463,False,True
ds004447,1.0.1,sub-001/ses-08/eeg/sub-001_ses-08_task-smrbmi_electrodes.tsv,6165,False,True
ds004447,1.0.1,sub-001/ses-08/eeg/sub-001_ses-08_task-smrbmi_events.tsv,412,False,True
ds004447,1.0.1,sub-001/ses-07/eeg/sub-001_ses-07_task-smrbmi_channels.tsv,3157,False,True
ds004447,1.0.1,sub-001/ses-07/eeg/sub-001_ses-07_task-smrbmi_eeg.edf,42153536,True,True
ds004447,1.0.1,sub-001/ses-07/eeg/sub-001_ses-07_task-smrbmi_eeg.json,463,False,True
ds004447,1.0.1,sub-001/ses-07/eeg/sub-001_ses-07_task-smrbmi_electrodes.tsv,6163,False,True
ds004447,1.0.1,sub-001/ses-07/eeg/sub-001_ses-07_task-smrbmi_events.tsv,787,False,True
ds004447,1.0.1,sub-001/ses-06/eeg/sub-001_ses-06_task-smrbmi_channels.tsv,3157,False,True
ds004447,1.0.1,sub-001/ses-06/eeg/sub-001_ses-06_task-smrbmi_eeg.edf,52293536,True,True
ds004447,1.0.1,sub-001/ses-06/eeg/sub-001_ses-06_task-smrbmi_eeg.json,463,False,True
ds004447,1.0.1,sub-001/ses-06/eeg/sub-001_ses-06_task-smrbmi_electrodes.tsv,6162,False,True
ds004447,1.0.1,sub-001/ses-06/eeg/sub-001_ses-06_task-smrbmi_events.tsv,408,False,True
ds004447,1.0.1,sub-001/ses-05/eeg/sub-001_ses-05_task-smrbmi_channels.tsv,3157,False,True
ds004447,1.0.1,sub-001/ses-05/eeg/sub-001_ses-05_task-smrbmi_eeg.edf,54633536,True,True
ds004447,1.0.1,sub-001/ses-05/eeg/sub-001_ses-05_task-smrbmi_eeg.json,463,False,True
ds004447,1.0.1,sub-001/ses-05/eeg/sub-001_ses-05_task-smrbmi_electrodes.tsv,6168,False,True
ds004447,1.0.1,sub-001/ses-05/eeg/sub-001_ses-05_task-smrbmi_events.tsv,409,False,True
ds004447,1.0.1,sub-001/ses-04/eeg/sub-001_ses-04_task-smrbmi_channels.tsv,3157,False,True
ds004447,1.0.1,sub-001/ses-04/eeg/sub-001_ses-04_task-smrbmi_eeg.edf,57493536,True,True
ds004447,1.0.1,sub-001/ses-04/eeg/sub-001_ses-04_task-smrbmi_eeg.json,463,False,True
ds004447,1.0.1,sub-001/ses-04/eeg/sub-001_ses-04_task-smrbmi_electrodes.tsv,6168,False,True
ds004447,1.0.1,sub-001/ses-04/eeg/sub-001_ses-04_task-smrbmi_events.tsv,411,False,True
ds004447,1.0.1,sub-001/ses-03/eeg/sub-001_ses-03_task-smrbmi_channels.tsv,3157,False,True
ds004447,1.0.1,sub-001/ses-03/eeg/sub-001_ses-03_task-smrbmi_eeg.edf,56453536,True,True
ds004447,1.0.1,sub-001/ses-03/eeg/sub-001_ses-03_task-smrbmi_eeg.json,463,False,True
ds004447,1.0.1,sub-001/ses-03/eeg/sub-001_ses-03_task-smrbmi_electrodes.tsv,6168,False,True
ds004447,1.0.1,sub-001/ses-03/eeg/sub-001_ses-03_task-smrbmi_events.tsv,411,False,True
ds004447,1.0.1,sub-001/ses-02/eeg/sub-001_ses-02_task-smrbmi_channels.tsv,3157,False,True
ds004447,1.0.1,sub-001/ses-02/eeg/sub-001_ses-02_task-smrbmi_eeg.edf,49173536,True,True
ds004447,1.0.1,sub-001/ses-02/eeg/sub-001_ses-02_task-smrbmi_eeg.json,463,False,True
ds004447,1.0.1,sub-001/ses-02/eeg/sub-001_ses-02_task-smrbmi_electrodes.tsv,6167,False,True
ds004447,1.0.1,sub-001/ses-02/eeg/sub-001_ses-02_task-smrbmi_events.tsv,404,False,True
ds004447,1.0.1,sub-001/ses-01/eeg/sub-001_ses-01_task-smrbmi_channels.tsv,3157,False,True
ds004447,1.0.1,sub-001/ses-01/eeg/sub-001_ses-01_task-smrbmi_eeg.edf,42933536,True,True
ds004447,1.0.1,sub-001/ses-01/eeg/sub-001_ses-01_task-smrbmi_eeg.json,463,False,True
ds004447,1.0.1,sub-001/ses-01/eeg/sub-001_ses-01_task-smrbmi_electrodes.tsv,6171,False,True
ds004447,1.0.1,sub-001/ses-01/eeg/sub-001_ses-01_task-smrbmi_events.tsv,787,False,True
ds004447,1.0.1,.datalad/config,63,False,True
