dataset,subject,session,family,severity,R0_response,R1_response,R2_response,n
ds004444,sub-001,ses-01,D0_unchanged,0,0.0,0.0,0.0,10
ds004444,sub-001,ses-01,D1_single_channel_broadband,1,0.2,0.0,0.0,10
ds004444,sub-001,ses-01,D1_single_channel_broadband,2,0.3,0.2,0.2,10
ds004444,sub-001,ses-01,D1_single_channel_broadband,3,0.7,0.5,0.6,10
ds004444,sub-001,ses-01,D1_single_channel_broadband,4,0.9,0.7,0.6,10
ds004444,sub-001,ses-01,D2_common_mode_broadband,1,0.7,0.5,0.4,10
ds004444,sub-001,ses-01,D2_common_mode_broadband,2,1.0,1.0,1.0,10
ds004444,sub-001,ses-01,D2_common_mode_broadband,3,1.0,1.0,1.0,10
ds004444,sub-001,ses-01,D2_common_mode_broadband,4,1.0,1.0,1.0,10
ds004444,sub-001,ses-01,D3_narrowband_35_45,1,1.0,1.0,1.0,10
ds004444,sub-001,ses-01,D3_narrowband_35_45,2,1.0,1.0,1.0,10
ds004444,sub-001,ses-01,D3_narrowband_35_45,3,1.0,1.0,1.0,10
ds004444,sub-001,ses-01,D3_narrowband_35_45,4,1.0,1.0,1.0,10
ds004444,sub-001,ses-01,D4_narrowband_20_30,1,1.0,0.4,0.7,10
ds004444,sub-001,ses-01,D4_narrowband_20_30,2,1.0,0.5,0.9,10
ds004444,sub-001,ses-01,D4_narrowband_20_30,3,1.0,0.6,0.9,10
ds004444,sub-001,ses-01,D4_narrowband_20_30,4,1.0,0.6,1.0,10
ds004444,sub-001,ses-01,D5_transient_impulse,1,0.4,0.0,0.0,10
ds004444,sub-001,ses-01,D5_transient_impulse,2,0.5,0.3,0.3,10
ds004444,sub-001,ses-01,D5_transient_impulse,3,0.9,0.8,0.7,10
ds004444,sub-001,ses-01,D5_transient_impulse,4,1.0,1.0,1.0,10
ds004444,sub-001,ses-01,D6_clipping,1,0.0,0.0,0.0,10
ds004444,sub-001,ses-01,D6_clipping,2,0.0,0.0,0.0,10
ds004444,sub-001,ses-01,D6_clipping,3,0.1,0.0,0.0,10
ds004444,sub-001,ses-01,D6_clipping,4,0.0,0.0,0.0,10
ds004444,sub-001,ses-01,D7_partial_channel_freeze,1,0.1,0.0,0.0,10
ds004444,sub-001,ses-01,D7_partial_channel_freeze,2,0.4,0.1,0.0,10
ds004444,sub-001,ses-01,D7_partial_channel_freeze,3,0.6,0.0,0.0,10
ds004444,sub-001,ses-01,D7_partial_channel_freeze,4,0.7,0.0,0.0,10
ds004444,sub-001,ses-01,D8_full_channel_variance_collapse,1,0.2,0.0,0.0,10
ds004444,sub-001,ses-01,D8_full_channel_variance_collapse,2,0.5,0.0,0.0,10
ds004444,sub-001,ses-01,D8_full_channel_variance_collapse,3,0.6,0.0,0.0,10
ds004444,sub-001,ses-01,D8_full_channel_variance_collapse,4,0.7,0.0,0.0,10
ds004444,sub-001,ses-01,D9_missing_channel,1,1.0,1.0,1.0,10
ds004444,sub-001,ses-16,D0_unchanged,0,0.0,0.0,0.0,10
ds004444,sub-001,ses-16,D1_single_channel_broadband,1,0.1,0.0,0.0,10
ds004444,sub-001,ses-16,D1_single_channel_broadband,2,0.4,0.0,0.0,10
ds004444,sub-001,ses-16,D1_single_channel_broadband,3,0.6,0.1,0.1,10
ds004444,sub-001,ses-16,D1_single_channel_broadband,4,1.0,0.4,0.4,10
ds004444,sub-001,ses-16,D2_common_mode_broadband,1,0.6,0.1,0.1,10
ds004444,sub-001,ses-16,D2_common_mode_broadband,2,1.0,0.9,1.0,10
ds004444,sub-001,ses-16,D2_common_mode_broadband,3,1.0,1.0,1.0,10
ds004444,sub-001,ses-16,D2_common_mode_broadband,4,1.0,1.0,1.0,10
ds004444,sub-001,ses-16,D3_narrowband_35_45,1,1.0,0.8,1.0,10
ds004444,sub-001,ses-16,D3_narrowband_35_45,2,1.0,1.0,1.0,10
ds004444,sub-001,ses-16,D3_narrowband_35_45,3,1.0,1.0,1.0,10
ds004444,sub-001,ses-16,D3_narrowband_35_45,4,1.0,1.0,1.0,10
ds004444,sub-001,ses-16,D4_narrowband_20_30,1,1.0,0.6,0.8,10
ds004444,sub-001,ses-16,D4_narrowband_20_30,2,1.0,0.6,0.9,10
ds004444,sub-001,ses-16,D4_narrowband_20_30,3,1.0,0.7,0.9,10
ds004444,sub-001,ses-16,D4_narrowband_20_30,4,1.0,0.7,1.0,10
ds004444,sub-001,ses-16,D5_transient_impulse,1,0.1,0.0,0.0,10
ds004444,sub-001,ses-16,D5_transient_impulse,2,0.3,0.0,0.0,10
ds004444,sub-001,ses-16,D5_transient_impulse,3,1.0,0.8,0.8,10
ds004444,sub-001,ses-16,D5_transient_impulse,4,1.0,0.9,1.0,10
ds004444,sub-001,ses-16,D6_clipping,1,0.0,0.0,0.0,10
ds004444,sub-001,ses-16,D6_clipping,2,0.1,0.0,0.0,10
ds004444,sub-001,ses-16,D6_clipping,3,0.1,0.0,0.0,10
ds004444,sub-001,ses-16,D6_clipping,4,0.0,0.0,0.0,10
ds004444,sub-001,ses-16,D7_partial_channel_freeze,1,0.0,0.0,0.0,10
ds004444,sub-001,ses-16,D7_partial_channel_freeze,2,0.1,0.0,0.0,10
ds004444,sub-001,ses-16,D7_partial_channel_freeze,3,0.4,0.0,0.0,10
ds004444,sub-001,ses-16,D7_partial_channel_freeze,4,0.5,0.0,0.0,10
ds004444,sub-001,ses-16,D8_full_channel_variance_collapse,1,0.0,0.0,0.0,10
ds004444,sub-001,ses-16,D8_full_channel_variance_collapse,2,0.1,0.0,0.0,10
ds004444,sub-001,ses-16,D8_full_channel_variance_collapse,3,0.4,0.0,0.0,10
ds004444,sub-001,ses-16,D8_full_channel_variance_collapse,4,0.5,0.0,0.0,10
ds004444,sub-001,ses-16,D9_missing_channel,1,1.0,1.0,1.0,10
ds004444,sub-002,ses-01,D0_unchanged,0,0.0,0.0,0.0,10
ds004444,sub-002,ses-01,D1_single_channel_broadband,1,0.1,0.0,0.0,10
ds004444,sub-002,ses-01,D1_single_channel_broadband,2,0.4,0.1,0.1,10
ds004444,sub-002,ses-01,D1_single_channel_broadband,3,0.4,0.1,0.1,10
ds004444,sub-002,ses-01,D1_single_channel_broadband,4,0.9,0.1,0.1,10
ds004444,sub-002,ses-01,D2_common_mode_broadband,1,0.5,0.1,0.1,10
ds004444,sub-002,ses-01,D2_common_mode_broadband,2,0.9,0.2,0.2,10
ds004444,sub-002,ses-01,D2_common_mode_broadband,3,1.0,0.5,0.5,10
ds004444,sub-002,ses-01,D2_common_mode_broadband,4,1.0,0.8,0.8,10
ds004444,sub-002,ses-01,D3_narrowband_35_45,1,1.0,0.3,0.3,10
ds004444,sub-002,ses-01,D3_narrowband_35_45,2,1.0,0.5,0.9,10
ds004444,sub-002,ses-01,D3_narrowband_35_45,3,1.0,0.8,1.0,10
ds004444,sub-002,ses-01,D3_narrowband_35_45,4,1.0,0.9,1.0,10
ds004444,sub-002,ses-01,D4_narrowband_20_30,1,1.0,0.3,0.3,10
ds004444,sub-002,ses-01,D4_narrowband_20_30,2,1.0,0.3,0.7,10
ds004444,sub-002,ses-01,D4_narrowband_20_30,3,1.0,0.5,0.7,10
ds004444,sub-002,ses-01,D4_narrowband_20_30,4,1.0,0.5,0.8,10
ds004444,sub-002,ses-01,D5_transient_impulse,1,0.1,0.0,0.0,10
ds004444,sub-002,ses-01,D5_transient_impulse,2,0.2,0.1,0.1,10
ds004444,sub-002,ses-01,D5_transient_impulse,3,0.3,0.1,0.1,10
ds004444,sub-002,ses-01,D5_transient_impulse,4,1.0,0.9,0.9,10
ds004444,sub-002,ses-01,D6_clipping,1,0.0,0.0,0.0,10
ds004444,sub-002,ses-01,D6_clipping,2,0.0,0.0,0.0,10
ds004444,sub-002,ses-01,D6_clipping,3,0.0,0.0,0.0,10
ds004444,sub-002,ses-01,D6_clipping,4,0.0,0.0,0.0,10
ds004444,sub-002,ses-01,D7_partial_channel_freeze,1,0.1,0.0,0.0,10
ds004444,sub-002,ses-01,D7_partial_channel_freeze,2,0.2,0.0,0.0,10
ds004444,sub-002,ses-01,D7_partial_channel_freeze,3,0.5,0.0,0.0,10
ds004444,sub-002,ses-01,D7_partial_channel_freeze,4,0.6,0.0,0.0,10
ds004444,sub-002,ses-01,D8_full_channel_variance_collapse,1,0.1,0.0,0.0,10
ds004444,sub-002,ses-01,D8_full_channel_variance_collapse,2,0.2,0.0,0.0,10
ds004444,sub-002,ses-01,D8_full_channel_variance_collapse,3,0.3,0.0,0.0,10
ds004444,sub-002,ses-01,D8_full_channel_variance_collapse,4,0.6,0.0,0.0,10
ds004444,sub-002,ses-01,D9_missing_channel,1,1.0,1.0,1.0,10
ds004444,sub-002,ses-16,D0_unchanged,0,0.0,0.0,0.0,10
ds004444,sub-002,ses-16,D1_single_channel_broadband,1,0.1,0.1,0.1,10
ds004444,sub-002,ses-16,D1_single_channel_broadband,2,0.3,0.1,0.1,10
ds004444,sub-002,ses-16,D1_single_channel_broadband,3,0.4,0.1,0.1,10
ds004444,sub-002,ses-16,D1_single_channel_broadband,4,0.4,0.1,0.1,10
ds004444,sub-002,ses-16,D2_common_mode_broadband,1,0.4,0.1,0.1,10
ds004444,sub-002,ses-16,D2_common_mode_broadband,2,0.6,0.1,0.1,10
ds004444,sub-002,ses-16,D2_common_mode_broadband,3,1.0,0.6,0.6,10
ds004444,sub-002,ses-16,D2_common_mode_broadband,4,1.0,0.7,0.7,10
ds004444,sub-002,ses-16,D3_narrowband_35_45,1,1.0,0.1,0.1,10
ds004444,sub-002,ses-16,D3_narrowband_35_45,2,1.0,0.1,0.3,10
ds004444,sub-002,ses-16,D3_narrowband_35_45,3,1.0,0.5,1.0,10
ds004444,sub-002,ses-16,D3_narrowband_35_45,4,1.0,0.9,1.0,10
ds004444,sub-002,ses-16,D4_narrowband_20_30,1,1.0,0.1,0.1,10
ds004444,sub-002,ses-16,D4_narrowband_20_30,2,1.0,0.2,0.4,10
ds004444,sub-002,ses-16,D4_narrowband_20_30,3,1.0,0.4,0.6,10
ds004444,sub-002,ses-16,D4_narrowband_20_30,4,1.0,0.5,0.6,10
ds004444,sub-002,ses-16,D5_transient_impulse,1,0.2,0.1,0.1,10
ds004444,sub-002,ses-16,D5_transient_impulse,2,0.3,0.1,0.1,10
ds004444,sub-002,ses-16,D5_transient_impulse,3,0.5,0.1,0.1,10
ds004444,sub-002,ses-16,D5_transient_impulse,4,1.0,0.6,0.6,10
ds004444,sub-002,ses-16,D6_clipping,1,0.0,0.0,0.0,10
ds004444,sub-002,ses-16,D6_clipping,2,0.0,0.0,0.0,10
ds004444,sub-002,ses-16,D6_clipping,3,0.0,0.0,0.0,10
ds004444,sub-002,ses-16,D6_clipping,4,0.0,0.0,0.0,10
ds004444,sub-002,ses-16,D7_partial_channel_freeze,1,0.1,0.0,0.0,10
ds004444,sub-002,ses-16,D7_partial_channel_freeze,2,0.1,0.0,0.0,10
ds004444,sub-002,ses-16,D7_partial_channel_freeze,3,0.1,0.0,0.0,10
ds004444,sub-002,ses-16,D7_partial_channel_freeze,4,0.1,0.0,0.0,10
ds004444,sub-002,ses-16,D8_full_channel_variance_collapse,1,0.1,0.0,0.0,10
ds004444,sub-002,ses-16,D8_full_channel_variance_collapse,2,0.1,0.0,0.0,10
ds004444,sub-002,ses-16,D8_full_channel_variance_collapse,3,0.1,0.0,0.0,10
ds004444,sub-002,ses-16,D8_full_channel_variance_collapse,4,0.1,0.0,0.0,10
ds004444,sub-002,ses-16,D9_missing_channel,1,1.0,1.0,1.0,10
ds004444,sub-003,ses-01,D0_unchanged,0,0.0,0.0,0.0,10
ds004444,sub-003,ses-01,D1_single_channel_broadband,1,0.1,0.0,0.0,10
ds004444,sub-003,ses-01,D1_single_channel_broadband,2,0.4,0.1,0.1,10
ds004444,sub-003,ses-01,D1_single_channel_broadband,3,0.8,0.4,0.4,10
ds004444,sub-003,ses-01,D1_single_channel_broadband,4,1.0,0.7,0.8,10
ds004444,sub-003,ses-01,D2_common_mode_broadband,1,0.7,0.1,0.1,10
ds004444,sub-003,ses-01,D2_common_mode_broadband,2,1.0,0.6,0.6,10
ds004444,sub-003,ses-01,D2_common_mode_broadband,3,1.0,1.0,1.0,10
ds004444,sub-003,ses-01,D2_common_mode_broadband,4,1.0,1.0,1.0,10
ds004444,sub-003,ses-01,D3_narrowband_35_45,1,1.0,0.8,0.8,10
ds004444,sub-003,ses-01,D3_narrowband_35_45,2,1.0,0.9,1.0,10
ds004444,sub-003,ses-01,D3_narrowband_35_45,3,1.0,1.0,1.0,10
ds004444,sub-003,ses-01,D3_narrowband_35_45,4,1.0,1.0,1.0,10
ds004444,sub-003,ses-01,D4_narrowband_20_30,1,1.0,0.3,0.4,10
ds004444,sub-003,ses-01,D4_narrowband_20_30,2,1.0,0.6,0.7,10
ds004444,sub-003,ses-01,D4_narrowband_20_30,3,1.0,0.6,0.8,10
ds004444,sub-003,ses-01,D4_narrowband_20_30,4,1.0,0.7,0.9,10
ds004444,sub-003,ses-01,D5_transient_impulse,1,0.2,0.0,0.0,10
ds004444,sub-003,ses-01,D5_transient_impulse,2,0.4,0.3,0.2,10
ds004444,sub-003,ses-01,D5_transient_impulse,3,1.0,0.7,0.7,10
ds004444,sub-003,ses-01,D5_transient_impulse,4,1.0,1.0,1.0,10
ds004444,sub-003,ses-01,D6_clipping,1,0.0,0.0,0.0,10
ds004444,sub-003,ses-01,D6_clipping,2,0.0,0.0,0.0,10
ds004444,sub-003,ses-01,D6_clipping,3,0.0,0.0,0.0,10
ds004444,sub-003,ses-01,D6_clipping,4,0.0,0.0,0.0,10
ds004444,sub-003,ses-01,D7_partial_channel_freeze,1,0.0,0.0,0.0,10
ds004444,sub-003,ses-01,D7_partial_channel_freeze,2,0.0,0.0,0.0,10
ds004444,sub-003,ses-01,D7_partial_channel_freeze,3,0.2,0.0,0.0,10
ds004444,sub-003,ses-01,D7_partial_channel_freeze,4,0.3,0.0,0.0,10
ds004444,sub-003,ses-01,D8_full_channel_variance_collapse,1,0.0,0.0,0.0,10
ds004444,sub-003,ses-01,D8_full_channel_variance_collapse,2,0.1,0.0,0.0,10
ds004444,sub-003,ses-01,D8_full_channel_variance_collapse,3,0.2,0.0,0.0,10
ds004444,sub-003,ses-01,D8_full_channel_variance_collapse,4,0.3,0.0,0.0,10
ds004444,sub-003,ses-01,D9_missing_channel,1,1.0,1.0,1.0,10
ds004444,sub-003,ses-16,D0_unchanged,0,0.0,0.0,0.0,10
ds004444,sub-003,ses-16,D1_single_channel_broadband,1,0.3,0.0,0.0,10
ds004444,sub-003,ses-16,D1_single_channel_broadband,2,0.7,0.1,0.1,10
ds004444,sub-003,ses-16,D1_single_channel_broadband,3,1.0,0.5,0.6,10
ds004444,sub-003,ses-16,D1_single_channel_broadband,4,1.0,0.9,1.0,10
ds004444,sub-003,ses-16,D2_common_mode_broadband,1,0.8,0.1,0.1,10
ds004444,sub-003,ses-16,D2_common_mode_broadband,2,1.0,0.8,0.8,10
ds004444,sub-003,ses-16,D2_common_mode_broadband,3,1.0,1.0,1.0,10
ds004444,sub-003,ses-16,D2_common_mode_broadband,4,1.0,1.0,1.0,10
ds004444,sub-003,ses-16,D3_narrowband_35_45,1,1.0,0.6,0.7,10
ds004444,sub-003,ses-16,D3_narrowband_35_45,2,1.0,0.9,1.0,10
ds004444,sub-003,ses-16,D3_narrowband_35_45,3,1.0,1.0,1.0,10
ds004444,sub-003,ses-16,D3_narrowband_35_45,4,1.0,1.0,1.0,10
ds004444,sub-003,ses-16,D4_narrowband_20_30,1,1.0,0.2,0.3,10
ds004444,sub-003,ses-16,D4_narrowband_20_30,2,1.0,0.4,0.7,10
ds004444,sub-003,ses-16,D4_narrowband_20_30,3,1.0,0.5,0.8,10
ds004444,sub-003,ses-16,D4_narrowband_20_30,4,1.0,0.8,0.9,10
ds004444,sub-003,ses-16,D5_transient_impulse,1,0.5,0.0,0.0,10
ds004444,sub-003,ses-16,D5_transient_impulse,2,0.8,0.3,0.3,10
ds004444,sub-003,ses-16,D5_transient_impulse,3,1.0,0.8,0.9,10
ds004444,sub-003,ses-16,D5_transient_impulse,4,1.0,1.0,1.0,10
ds004444,sub-003,ses-16,D6_clipping,1,0.0,0.0,0.0,10
ds004444,sub-003,ses-16,D6_clipping,2,0.0,0.0,0.0,10
ds004444,sub-003,ses-16,D6_clipping,3,0.0,0.0,0.0,10
ds004444,sub-003,ses-16,D6_clipping,4,0.0,0.0,0.0,10
ds004444,sub-003,ses-16,D7_partial_channel_freeze,1,0.0,0.0,0.0,10
ds004444,sub-003,ses-16,D7_partial_channel_freeze,2,0.1,0.0,0.0,10
ds004444,sub-003,ses-16,D7_partial_channel_freeze,3,0.5,0.0,0.0,10
ds004444,sub-003,ses-16,D7_partial_channel_freeze,4,0.5,0.0,0.0,10
ds004444,sub-003,ses-16,D8_full_channel_variance_collapse,1,0.0,0.0,0.0,10
ds004444,sub-003,ses-16,D8_full_channel_variance_collapse,2,0.1,0.0,0.0,10
ds004444,sub-003,ses-16,D8_full_channel_variance_collapse,3,0.2,0.0,0.0,10
ds004444,sub-003,ses-16,D8_full_channel_variance_collapse,4,0.5,0.0,0.0,10
ds004444,sub-003,ses-16,D9_missing_channel,1,1.0,1.0,1.0,10
ds004444,sub-004,ses-01,D0_unchanged,0,0.0,0.0,0.0,10
ds004444,sub-004,ses-01,D1_single_channel_broadband,1,1.0,0.7,0.5,10
ds004444,sub-004,ses-01,D1_single_channel_broadband,2,1.0,1.0,1.0,10
ds004444,sub-004,ses-01,D1_single_channel_broadband,3,1.0,1.0,1.0,10
ds004444,sub-004,ses-01,D1_single_channel_broadband,4,1.0,1.0,1.0,10
ds004444,sub-004,ses-01,D2_common_mode_broadband,1,1.0,1.0,1.0,10
ds004444,sub-004,ses-01,D2_common_mode_broadband,2,1.0,1.0,1.0,10
ds004444,sub-004,ses-01,D2_common_mode_broadband,3,1.0,1.0,1.0,10
ds004444,sub-004,ses-01,D2_common_mode_broadband,4,1.0,1.0,1.0,10
ds004444,sub-004,ses-01,D3_narrowband_35_45,1,1.0,1.0,1.0,10
ds004444,sub-004,ses-01,D3_narrowband_35_45,2,1.0,1.0,1.0,10
ds004444,sub-004,ses-01,D3_narrowband_35_45,3,1.0,1.0,1.0,10
ds004444,sub-004,ses-01,D3_narrowband_35_45,4,1.0,1.0,1.0,10
ds004444,sub-004,ses-01,D4_narrowband_20_30,1,1.0,0.5,0.7,10
ds004444,sub-004,ses-01,D4_narrowband_20_30,2,1.0,0.7,1.0,10
ds004444,sub-004,ses-01,D4_narrowband_20_30,3,1.0,0.7,1.0,10
ds004444,sub-004,ses-01,D4_narrowband_20_30,4,1.0,0.8,1.0,10
ds004444,sub-004,ses-01,D5_transient_impulse,1,0.8,0.6,0.6,10
ds004444,sub-004,ses-01,D5_transient_impulse,2,1.0,1.0,1.0,10
ds004444,sub-004,ses-01,D5_transient_impulse,3,1.0,1.0,1.0,10
ds004444,sub-004,ses-01,D5_transient_impulse,4,1.0,1.0,1.0,10
ds004444,sub-004,ses-01,D6_clipping,1,0.0,0.0,0.0,10
ds004444,sub-004,ses-01,D6_clipping,2,0.0,0.0,0.0,10
ds004444,sub-004,ses-01,D6_clipping,3,0.0,0.0,0.0,10
ds004444,sub-004,ses-01,D6_clipping,4,0.0,0.0,0.0,10
ds004444,sub-004,ses-01,D7_partial_channel_freeze,1,0.1,0.0,0.0,10
ds004444,sub-004,ses-01,D7_partial_channel_freeze,2,0.2,0.1,0.1,10
ds004444,sub-004,ses-01,D7_partial_channel_freeze,3,0.1,0.0,0.0,10
ds004444,sub-004,ses-01,D7_partial_channel_freeze,4,0.3,0.0,0.0,10
ds004444,sub-004,ses-01,D8_full_channel_variance_collapse,1,0.0,0.0,0.0,10
ds004444,sub-004,ses-01,D8_full_channel_variance_collapse,2,0.2,0.0,0.0,10
ds004444,sub-004,ses-01,D8_full_channel_variance_collapse,3,0.2,0.0,0.0,10
ds004444,sub-004,ses-01,D8_full_channel_variance_collapse,4,0.3,0.0,0.0,10
ds004444,sub-004,ses-01,D9_missing_channel,1,1.0,1.0,1.0,10
ds004444,sub-004,ses-16,D0_unchanged,0,0.0,0.0,0.0,10
ds004444,sub-004,ses-16,D1_single_channel_broadband,1,0.4,0.0,0.0,10
ds004444,sub-004,ses-16,D1_single_channel_broadband,2,1.0,0.6,0.7,10
ds004444,sub-004,ses-16,D1_single_channel_broadband,3,1.0,1.0,1.0,10
ds004444,sub-004,ses-16,D1_single_channel_broadband,4,1.0,1.0,1.0,10
ds004444,sub-004,ses-16,D2_common_mode_broadband,1,1.0,0.8,0.8,10
ds004444,sub-004,ses-16,D2_common_mode_broadband,2,1.0,1.0,1.0,10
ds004444,sub-004,ses-16,D2_common_mode_broadband,3,1.0,1.0,1.0,10
ds004444,sub-004,ses-16,D2_common_mode_broadband,4,1.0,1.0,1.0,10
ds004444,sub-004,ses-16,D3_narrowband_35_45,1,1.0,0.9,1.0,10
ds004444,sub-004,ses-16,D3_narrowband_35_45,2,1.0,1.0,1.0,10
ds004444,sub-004,ses-16,D3_narrowband_35_45,3,1.0,1.0,1.0,10
ds004444,sub-004,ses-16,D3_narrowband_35_45,4,1.0,1.0,1.0,10
ds004444,sub-004,ses-16,D4_narrowband_20_30,1,1.0,0.2,0.4,10
ds004444,sub-004,ses-16,D4_narrowband_20_30,2,1.0,0.3,0.7,10
ds004444,sub-004,ses-16,D4_narrowband_20_30,3,1.0,0.3,1.0,10
ds004444,sub-004,ses-16,D4_narrowband_20_30,4,1.0,0.4,1.0,10
ds004444,sub-004,ses-16,D5_transient_impulse,1,0.2,0.0,0.0,10
ds004444,sub-004,ses-16,D5_transient_impulse,2,1.0,0.6,0.8,10
ds004444,sub-004,ses-16,D5_transient_impulse,3,1.0,1.0,1.0,10
ds004444,sub-004,ses-16,D5_transient_impulse,4,1.0,1.0,1.0,10
ds004444,sub-004,ses-16,D6_clipping,1,0.0,0.0,0.0,10
ds004444,sub-004,ses-16,D6_clipping,2,0.0,0.0,0.0,10
ds004444,sub-004,ses-16,D6_clipping,3,0.3,0.0,0.0,10
ds004444,sub-004,ses-16,D6_clipping,4,1.0,0.0,0.0,10
ds004444,sub-004,ses-16,D7_partial_channel_freeze,1,0.0,0.0,0.0,10
ds004444,sub-004,ses-16,D7_partial_channel_freeze,2,0.1,0.0,0.0,10
ds004444,sub-004,ses-16,D7_partial_channel_freeze,3,0.8,0.0,0.0,10
ds004444,sub-004,ses-16,D7_partial_channel_freeze,4,0.8,0.0,0.0,10
ds004444,sub-004,ses-16,D8_full_channel_variance_collapse,1,0.2,0.0,0.0,10
ds004444,sub-004,ses-16,D8_full_channel_variance_collapse,2,0.6,0.0,0.0,10
ds004444,sub-004,ses-16,D8_full_channel_variance_collapse,3,0.7,0.0,0.0,10
ds004444,sub-004,ses-16,D8_full_channel_variance_collapse,4,0.8,0.0,0.0,10
ds004444,sub-004,ses-16,D9_missing_channel,1,1.0,1.0,1.0,10
ds004444,sub-005,ses-01,D0_unchanged,0,0.0,0.0,0.0,10
ds004444,sub-005,ses-01,D1_single_channel_broadband,1,1.0,1.0,1.0,10
ds004444,sub-005,ses-01,D1_single_channel_broadband,2,1.0,1.0,1.0,10
ds004444,sub-005,ses-01,D1_single_channel_broadband,3,1.0,1.0,1.0,10
ds004444,sub-005,ses-01,D1_single_channel_broadband,4,1.0,1.0,1.0,10
ds004444,sub-005,ses-01,D2_common_mode_broadband,1,1.0,1.0,1.0,10
ds004444,sub-005,ses-01,D2_common_mode_broadband,2,1.0,1.0,1.0,10
ds004444,sub-005,ses-01,D2_common_mode_broadband,3,1.0,1.0,1.0,10
ds004444,sub-005,ses-01,D2_common_mode_broadband,4,1.0,1.0,1.0,10
ds004444,sub-005,ses-01,D3_narrowband_35_45,1,1.0,1.0,1.0,10
ds004444,sub-005,ses-01,D3_narrowband_35_45,2,1.0,1.0,1.0,10
ds004444,sub-005,ses-01,D3_narrowband_35_45,3,1.0,1.0,1.0,10
ds004444,sub-005,ses-01,D3_narrowband_35_45,4,1.0,1.0,1.0,10
ds004444,sub-005,ses-01,D4_narrowband_20_30,1,1.0,0.8,1.0,10
ds004444,sub-005,ses-01,D4_narrowband_20_30,2,1.0,0.8,1.0,10
ds004444,sub-005,ses-01,D4_narrowband_20_30,3,1.0,0.8,1.0,10
ds004444,sub-005,ses-01,D4_narrowband_20_30,4,1.0,0.8,1.0,10
ds004444,sub-005,ses-01,D5_transient_impulse,1,1.0,1.0,1.0,10
ds004444,sub-005,ses-01,D5_transient_impulse,2,1.0,1.0,1.0,10
ds004444,sub-005,ses-01,D5_transient_impulse,3,1.0,1.0,1.0,10
ds004444,sub-005,ses-01,D5_transient_impulse,4,1.0,1.0,1.0,10
ds004444,sub-005,ses-01,D6_clipping,1,0.0,0.0,0.0,10
ds004444,sub-005,ses-01,D6_clipping,2,0.0,0.0,0.0,10
ds004444,sub-005,ses-01,D6_clipping,3,0.0,0.0,0.0,10
ds004444,sub-005,ses-01,D6_clipping,4,0.0,0.0,0.0,10
ds004444,sub-005,ses-01,D7_partial_channel_freeze,1,0.9,0.6,0.7,10
ds004444,sub-005,ses-01,D7_partial_channel_freeze,2,1.0,1.0,1.0,10
ds004444,sub-005,ses-01,D7_partial_channel_freeze,3,0.9,0.5,0.7,10
ds004444,sub-005,ses-01,D7_partial_channel_freeze,4,0.0,0.0,0.0,10
ds004444,sub-005,ses-01,D8_full_channel_variance_collapse,1,0.1,0.0,0.0,10
ds004444,sub-005,ses-01,D8_full_channel_variance_collapse,2,0.2,0.0,0.0,10
ds004444,sub-005,ses-01,D8_full_channel_variance_collapse,3,0.3,0.0,0.0,10
ds004444,sub-005,ses-01,D8_full_channel_variance_collapse,4,0.3,0.0,0.0,10
ds004444,sub-005,ses-01,D9_missing_channel,1,1.0,1.0,1.0,10
ds004444,sub-005,ses-16,D0_unchanged,0,0.0,0.0,0.0,10
ds004444,sub-005,ses-16,D1_single_channel_broadband,1,1.0,1.0,1.0,10
ds004444,sub-005,ses-16,D1_single_channel_broadband,2,1.0,1.0,1.0,10
ds004444,sub-005,ses-16,D1_single_channel_broadband,3,1.0,1.0,1.0,10
ds004444,sub-005,ses-16,D1_single_channel_broadband,4,1.0,1.0,1.0,10
ds004444,sub-005,ses-16,D2_common_mode_broadband,1,1.0,1.0,1.0,10
ds004444,sub-005,ses-16,D2_common_mode_broadband,2,1.0,1.0,1.0,10
ds004444,sub-005,ses-16,D2_common_mode_broadband,3,1.0,1.0,1.0,10
ds004444,sub-005,ses-16,D2_common_mode_broadband,4,1.0,1.0,1.0,10
ds004444,sub-005,ses-16,D3_narrowband_35_45,1,1.0,1.0,1.0,10
ds004444,sub-005,ses-16,D3_narrowband_35_45,2,1.0,1.0,1.0,10
ds004444,sub-005,ses-16,D3_narrowband_35_45,3,1.0,1.0,1.0,10
ds004444,sub-005,ses-16,D3_narrowband_35_45,4,1.0,1.0,1.0,10
ds004444,sub-005,ses-16,D4_narrowband_20_30,1,1.0,0.9,1.0,10
ds004444,sub-005,ses-16,D4_narrowband_20_30,2,1.0,1.0,1.0,10
ds004444,sub-005,ses-16,D4_narrowband_20_30,3,1.0,1.0,1.0,10
ds004444,sub-005,ses-16,D4_narrowband_20_30,4,1.0,1.0,1.0,10
ds004444,sub-005,ses-16,D5_transient_impulse,1,1.0,1.0,1.0,10
ds004444,sub-005,ses-16,D5_transient_impulse,2,1.0,1.0,1.0,10
ds004444,sub-005,ses-16,D5_transient_impulse,3,1.0,1.0,1.0,10
ds004444,sub-005,ses-16,D5_transient_impulse,4,1.0,1.0,1.0,10
ds004444,sub-005,ses-16,D6_clipping,1,0.4,0.0,0.0,10
ds004444,sub-005,ses-16,D6_clipping,2,1.0,0.0,0.0,10
ds004444,sub-005,ses-16,D6_clipping,3,1.0,0.0,0.0,10
ds004444,sub-005,ses-16,D6_clipping,4,1.0,0.0,0.0,10
ds004444,sub-005,ses-16,D7_partial_channel_freeze,1,0.6,0.3,0.3,10
ds004444,sub-005,ses-16,D7_partial_channel_freeze,2,1.0,1.0,1.0,10
ds004444,sub-005,ses-16,D7_partial_channel_freeze,3,0.6,0.3,0.3,10
ds004444,sub-005,ses-16,D7_partial_channel_freeze,4,0.3,0.0,0.0,10
ds004444,sub-005,ses-16,D8_full_channel_variance_collapse,1,0.0,0.0,0.0,10
ds004444,sub-005,ses-16,D8_full_channel_variance_collapse,2,0.3,0.0,0.0,10
ds004444,sub-005,ses-16,D8_full_channel_variance_collapse,3,0.3,0.0,0.0,10
ds004444,sub-005,ses-16,D8_full_channel_variance_collapse,4,0.4,0.0,0.0,10
ds004444,sub-005,ses-16,D9_missing_channel,1,1.0,1.0,1.0,10
ds004444,sub-006,ses-01,D0_unchanged,0,0.0,0.0,0.0,10
ds004444,sub-006,ses-01,D1_single_channel_broadband,1,0.9,0.4,0.4,10
ds004444,sub-006,ses-01,D1_single_channel_broadband,2,1.0,0.9,0.9,10
ds004444,sub-006,ses-01,D1_single_channel_broadband,3,1.0,0.9,0.9,10
ds004444,sub-006,ses-01,D1_single_channel_broadband,4,1.0,1.0,1.0,10
ds004444,sub-006,ses-01,D2_common_mode_broadband,1,1.0,1.0,1.0,10
ds004444,sub-006,ses-01,D2_common_mode_broadband,2,1.0,1.0,1.0,10
ds004444,sub-006,ses-01,D2_common_mode_broadband,3,1.0,1.0,1.0,10
ds004444,sub-006,ses-01,D2_common_mode_broadband,4,1.0,1.0,1.0,10
ds004444,sub-006,ses-01,D3_narrowband_35_45,1,1.0,1.0,1.0,10
ds004444,sub-006,ses-01,D3_narrowband_35_45,2,1.0,1.0,1.0,10
ds004444,sub-006,ses-01,D3_narrowband_35_45,3,1.0,1.0,1.0,10
ds004444,sub-006,ses-01,D3_narrowband_35_45,4,1.0,1.0,1.0,10
ds004444,sub-006,ses-01,D4_narrowband_20_30,1,1.0,0.3,0.7,10
ds004444,sub-006,ses-01,D4_narrowband_20_30,2,1.0,0.4,0.7,10
ds004444,sub-006,ses-01,D4_narrowband_20_30,3,1.0,0.4,0.8,10
ds004444,sub-006,ses-01,D4_narrowband_20_30,4,1.0,0.5,1.0,10
ds004444,sub-006,ses-01,D5_transient_impulse,1,0.8,0.2,0.4,10
ds004444,sub-006,ses-01,D5_transient_impulse,2,1.0,0.9,0.9,10
ds004444,sub-006,ses-01,D5_transient_impulse,3,1.0,1.0,1.0,10
ds004444,sub-006,ses-01,D5_transient_impulse,4,1.0,1.0,1.0,10
ds004444,sub-006,ses-01,D6_clipping,1,0.2,0.0,0.0,10
ds004444,sub-006,ses-01,D6_clipping,2,0.8,0.0,0.0,10
ds004444,sub-006,ses-01,D6_clipping,3,1.0,0.0,0.0,10
ds004444,sub-006,ses-01,D6_clipping,4,1.0,0.0,0.0,10
ds004444,sub-006,ses-01,D7_partial_channel_freeze,1,0.0,0.0,0.0,10
ds004444,sub-006,ses-01,D7_partial_channel_freeze,2,0.1,0.0,0.0,10
ds004444,sub-006,ses-01,D7_partial_channel_freeze,3,0.5,0.0,0.0,10
ds004444,sub-006,ses-01,D7_partial_channel_freeze,4,0.5,0.0,0.0,10
ds004444,sub-006,ses-01,D8_full_channel_variance_collapse,1,0.5,0.0,0.0,10
ds004444,sub-006,ses-01,D8_full_channel_variance_collapse,2,0.5,0.0,0.0,10
ds004444,sub-006,ses-01,D8_full_channel_variance_collapse,3,0.5,0.0,0.0,10
ds004444,sub-006,ses-01,D8_full_channel_variance_collapse,4,0.5,0.0,0.0,10
ds004444,sub-006,ses-01,D9_missing_channel,1,1.0,1.0,1.0,10
ds004444,sub-006,ses-16,D0_unchanged,0,0.0,0.0,0.0,10
ds004444,sub-006,ses-16,D1_single_channel_broadband,1,1.0,0.8,0.8,10
ds004444,sub-006,ses-16,D1_single_channel_broadband,2,1.0,1.0,1.0,10
ds004444,sub-006,ses-16,D1_single_channel_broadband,3,1.0,1.0,1.0,10
ds004444,sub-006,ses-16,D1_single_channel_broadband,4,1.0,1.0,1.0,10
ds004444,sub-006,ses-16,D2_common_mode_broadband,1,1.0,1.0,1.0,10
ds004444,sub-006,ses-16,D2_common_mode_broadband,2,1.0,1.0,1.0,10
ds004444,sub-006,ses-16,D2_common_mode_broadband,3,1.0,1.0,1.0,10
ds004444,sub-006,ses-16,D2_common_mode_broadband,4,1.0,1.0,1.0,10
ds004444,sub-006,ses-16,D3_narrowband_35_45,1,1.0,1.0,1.0,10
ds004444,sub-006,ses-16,D3_narrowband_35_45,2,1.0,1.0,1.0,10
ds004444,sub-006,ses-16,D3_narrowband_35_45,3,1.0,1.0,1.0,10
ds004444,sub-006,ses-16,D3_narrowband_35_45,4,1.0,1.0,1.0,10
ds004444,sub-006,ses-16,D4_narrowband_20_30,1,1.0,0.1,0.5,10
ds004444,sub-006,ses-16,D4_narrowband_20_30,2,1.0,0.2,0.7,10
ds004444,sub-006,ses-16,D4_narrowband_20_30,3,1.0,0.4,1.0,10
ds004444,sub-006,ses-16,D4_narrowband_20_30,4,1.0,0.5,1.0,10
ds004444,sub-006,ses-16,D5_transient_impulse,1,1.0,0.7,0.7,10
ds004444,sub-006,ses-16,D5_transient_impulse,2,1.0,1.0,1.0,10
ds004444,sub-006,ses-16,D5_transient_impulse,3,1.0,1.0,1.0,10
ds004444,sub-006,ses-16,D5_transient_impulse,4,1.0,1.0,1.0,10
ds004444,sub-006,ses-16,D6_clipping,1,0.0,0.0,0.0,10
ds004444,sub-006,ses-16,D6_clipping,2,0.0,0.0,0.0,10
ds004444,sub-006,ses-16,D6_clipping,3,0.0,0.0,0.0,10
ds004444,sub-006,ses-16,D6_clipping,4,0.0,0.0,0.0,10
ds004444,sub-006,ses-16,D7_partial_channel_freeze,1,0.0,0.0,0.0,10
ds004444,sub-006,ses-16,D7_partial_channel_freeze,2,0.5,0.0,0.0,10
ds004444,sub-006,ses-16,D7_partial_channel_freeze,3,0.1,0.0,0.0,10
ds004444,sub-006,ses-16,D7_partial_channel_freeze,4,0.3,0.0,0.0,10
ds004444,sub-006,ses-16,D8_full_channel_variance_collapse,1,0.0,0.0,0.0,10
ds004444,sub-006,ses-16,D8_full_channel_variance_collapse,2,0.0,0.0,0.0,10
ds004444,sub-006,ses-16,D8_full_channel_variance_collapse,3,0.3,0.0,0.0,10
ds004444,sub-006,ses-16,D8_full_channel_variance_collapse,4,0.3,0.0,0.0,10
ds004444,sub-006,ses-16,D9_missing_channel,1,1.0,1.0,1.0,10
ds004444,sub-007,ses-01,D0_unchanged,0,0.0,0.0,0.0,10
ds004444,sub-007,ses-01,D1_single_channel_broadband,1,0.9,0.4,0.4,10
ds004444,sub-007,ses-01,D1_single_channel_broadband,2,1.0,0.9,0.9,10
ds004444,sub-007,ses-01,D1_single_channel_broadband,3,1.0,1.0,1.0,10
ds004444,sub-007,ses-01,D1_single_channel_broadband,4,1.0,0.9,0.9,10
ds004444,sub-007,ses-01,D2_common_mode_broadband,1,1.0,1.0,1.0,10
ds004444,sub-007,ses-01,D2_common_mode_broadband,2,1.0,1.0,1.0,10
ds004444,sub-007,ses-01,D2_common_mode_broadband,3,1.0,1.0,1.0,10
ds004444,sub-007,ses-01,D2_common_mode_broadband,4,1.0,1.0,1.0,10
ds004444,sub-007,ses-01,D3_narrowband_35_45,1,1.0,1.0,1.0,10
ds004444,sub-007,ses-01,D3_narrowband_35_45,2,1.0,1.0,1.0,10
ds004444,sub-007,ses-01,D3_narrowband_35_45,3,1.0,1.0,1.0,10
ds004444,sub-007,ses-01,D3_narrowband_35_45,4,1.0,1.0,1.0,10
ds004444,sub-007,ses-01,D4_narrowband_20_30,1,1.0,0.2,0.8,10
ds004444,sub-007,ses-01,D4_narrowband_20_30,2,1.0,0.6,1.0,10
ds004444,sub-007,ses-01,D4_narrowband_20_30,3,1.0,0.6,1.0,10
ds004444,sub-007,ses-01,D4_narrowband_20_30,4,1.0,0.8,1.0,10
ds004444,sub-007,ses-01,D5_transient_impulse,1,0.9,0.3,0.4,10
ds004444,sub-007,ses-01,D5_transient_impulse,2,1.0,0.7,0.7,10
ds004444,sub-007,ses-01,D5_transient_impulse,3,1.0,1.0,1.0,10
ds004444,sub-007,ses-01,D5_transient_impulse,4,1.0,1.0,1.0,10
ds004444,sub-007,ses-01,D6_clipping,1,0.1,0.0,0.0,10
ds004444,sub-007,ses-01,D6_clipping,2,0.2,0.0,0.0,10
ds004444,sub-007,ses-01,D6_clipping,3,0.2,0.0,0.0,10
ds004444,sub-007,ses-01,D6_clipping,4,0.0,0.0,0.0,10
ds004444,sub-007,ses-01,D7_partial_channel_freeze,1,0.0,0.0,0.0,10
ds004444,sub-007,ses-01,D7_partial_channel_freeze,2,0.2,0.0,0.0,10
ds004444,sub-007,ses-01,D7_partial_channel_freeze,3,0.2,0.0,0.0,10
ds004444,sub-007,ses-01,D7_partial_channel_freeze,4,0.2,0.0,0.0,10
ds004444,sub-007,ses-01,D8_full_channel_variance_collapse,1,0.0,0.0,0.0,10
ds004444,sub-007,ses-01,D8_full_channel_variance_collapse,2,0.0,0.0,0.0,10
ds004444,sub-007,ses-01,D8_full_channel_variance_collapse,3,0.2,0.0,0.0,10
ds004444,sub-007,ses-01,D8_full_channel_variance_collapse,4,0.2,0.0,0.0,10
ds004444,sub-007,ses-01,D9_missing_channel,1,1.0,1.0,1.0,10
ds004444,sub-007,ses-16,D0_unchanged,0,0.0,0.0,0.0,10
ds004444,sub-007,ses-16,D1_single_channel_broadband,1,0.0,0.0,0.0,10
ds004444,sub-007,ses-16,D1_single_channel_broadband,2,0.1,0.0,0.0,10
ds004444,sub-007,ses-16,D1_single_channel_broadband,3,0.3,0.2,0.1,10
ds004444,sub-007,ses-16,D1_single_channel_broadband,4,0.7,0.3,0.3,10
ds004444,sub-007,ses-16,D2_common_mode_broadband,1,0.3,0.0,0.0,10
ds004444,sub-007,ses-16,D2_common_mode_broadband,2,1.0,0.7,0.7,10
ds004444,sub-007,ses-16,D2_common_mode_broadband,3,1.0,1.0,1.0,10
ds004444,sub-007,ses-16,D2_common_mode_broadband,4,1.0,1.0,1.0,10
ds004444,sub-007,ses-16,D3_narrowband_35_45,1,1.0,0.8,0.8,10
ds004444,sub-007,ses-16,D3_narrowband_35_45,2,1.0,1.0,1.0,10
ds004444,sub-007,ses-16,D3_narrowband_35_45,3,1.0,1.0,1.0,10
ds004444,sub-007,ses-16,D3_narrowband_35_45,4,1.0,1.0,1.0,10
ds004444,sub-007,ses-16,D4_narrowband_20_30,1,1.0,0.2,0.6,10
ds004444,sub-007,ses-16,D4_narrowband_20_30,2,1.0,0.2,0.7,10
ds004444,sub-007,ses-16,D4_narrowband_20_30,3,1.0,0.5,0.7,10
ds004444,sub-007,ses-16,D4_narrowband_20_30,4,1.0,0.6,0.7,10
ds004444,sub-007,ses-16,D5_transient_impulse,1,0.0,0.0,0.0,10
ds004444,sub-007,ses-16,D5_transient_impulse,2,0.0,0.0,0.0,10
ds004444,sub-007,ses-16,D5_transient_impulse,3,0.8,0.2,0.3,10
ds004444,sub-007,ses-16,D5_transient_impulse,4,1.0,1.0,1.0,10
ds004444,sub-007,ses-16,D6_clipping,1,0.0,0.0,0.0,10
ds004444,sub-007,ses-16,D6_clipping,2,0.0,0.0,0.0,10
ds004444,sub-007,ses-16,D6_clipping,3,0.0,0.0,0.0,10
ds004444,sub-007,ses-16,D6_clipping,4,0.6,0.0,0.0,10
ds004444,sub-007,ses-16,D7_partial_channel_freeze,1,0.0,0.0,0.0,10
ds004444,sub-007,ses-16,D7_partial_channel_freeze,2,0.3,0.0,0.0,10
ds004444,sub-007,ses-16,D7_partial_channel_freeze,3,0.3,0.0,0.0,10
ds004444,sub-007,ses-16,D7_partial_channel_freeze,4,0.3,0.0,0.0,10
ds004444,sub-007,ses-16,D8_full_channel_variance_collapse,1,0.3,0.0,0.0,10
ds004444,sub-007,ses-16,D8_full_channel_variance_collapse,2,0.3,0.0,0.0,10
ds004444,sub-007,ses-16,D8_full_channel_variance_collapse,3,0.3,0.0,0.0,10
ds004444,sub-007,ses-16,D8_full_channel_variance_collapse,4,0.3,0.0,0.0,10
ds004444,sub-007,ses-16,D9_missing_channel,1,1.0,1.0,1.0,10
ds004444,sub-008,ses-01,D0_unchanged,0,0.0,0.0,0.0,10
ds004444,sub-008,ses-01,D1_single_channel_broadband,1,0.2,0.0,0.0,10
ds004444,sub-008,ses-01,D1_single_channel_broadband,2,0.6,0.2,0.2,10
ds004444,sub-008,ses-01,D1_single_channel_broadband,3,0.6,0.5,0.4,10
ds004444,sub-008,ses-01,D1_single_channel_broadband,4,0.9,0.5,0.5,10
ds004444,sub-008,ses-01,D2_common_mode_broadband,1,0.5,0.1,0.1,10
ds004444,sub-008,ses-01,D2_common_mode_broadband,2,1.0,0.9,0.9,10
ds004444,sub-008,ses-01,D2_common_mode_broadband,3,1.0,1.0,1.0,10
ds004444,sub-008,ses-01,D2_common_mode_broadband,4,1.0,1.0,1.0,10
ds004444,sub-008,ses-01,D3_narrowband_35_45,1,1.0,0.9,0.9,10
ds004444,sub-008,ses-01,D3_narrowband_35_45,2,1.0,1.0,1.0,10
ds004444,sub-008,ses-01,D3_narrowband_35_45,3,1.0,1.0,1.0,10
ds004444,sub-008,ses-01,D3_narrowband_35_45,4,1.0,1.0,1.0,10
ds004444,sub-008,ses-01,D4_narrowband_20_30,1,1.0,0.5,0.8,10
ds004444,sub-008,ses-01,D4_narrowband_20_30,2,1.0,0.6,1.0,10
ds004444,sub-008,ses-01,D4_narrowband_20_30,3,1.0,0.8,1.0,10
ds004444,sub-008,ses-01,D4_narrowband_20_30,4,1.0,1.0,1.0,10
ds004444,sub-008,ses-01,D5_transient_impulse,1,0.3,0.0,0.0,10
ds004444,sub-008,ses-01,D5_transient_impulse,2,0.3,0.2,0.2,10
ds004444,sub-008,ses-01,D5_transient_impulse,3,1.0,0.8,0.7,10
ds004444,sub-008,ses-01,D5_transient_impulse,4,1.0,1.0,1.0,10
ds004444,sub-008,ses-01,D6_clipping,1,0.0,0.0,0.0,10
ds004444,sub-008,ses-01,D6_clipping,2,0.1,0.0,0.0,10
ds004444,sub-008,ses-01,D6_clipping,3,0.1,0.0,0.0,10
ds004444,sub-008,ses-01,D6_clipping,4,0.9,0.0,0.0,10
ds004444,sub-008,ses-01,D7_partial_channel_freeze,1,0.0,0.0,0.0,10
ds004444,sub-008,ses-01,D7_partial_channel_freeze,2,0.0,0.0,0.0,10
ds004444,sub-008,ses-01,D7_partial_channel_freeze,3,0.0,0.0,0.0,10
ds004444,sub-008,ses-01,D7_partial_channel_freeze,4,0.0,0.0,0.0,10
ds004444,sub-008,ses-01,D8_full_channel_variance_collapse,1,0.0,0.0,0.0,10
ds004444,sub-008,ses-01,D8_full_channel_variance_collapse,2,0.0,0.0,0.0,10
ds004444,sub-008,ses-01,D8_full_channel_variance_collapse,3,0.0,0.0,0.0,10
ds004444,sub-008,ses-01,D8_full_channel_variance_collapse,4,0.0,0.0,0.0,10
ds004444,sub-008,ses-01,D9_missing_channel,1,1.0,1.0,1.0,10
ds004444,sub-008,ses-16,D0_unchanged,0,0.0,0.0,0.0,10
ds004444,sub-008,ses-16,D1_single_channel_broadband,1,0.1,0.0,0.0,10
ds004444,sub-008,ses-16,D1_single_channel_broadband,2,0.6,0.1,0.1,10
ds004444,sub-008,ses-16,D1_single_channel_broadband,3,1.0,0.8,0.8,10
ds004444,sub-008,ses-16,D1_single_channel_broadband,4,0.8,0.9,0.9,10
ds004444,sub-008,ses-16,D2_common_mode_broadband,1,1.0,0.6,0.5,10
ds004444,sub-008,ses-16,D2_common_mode_broadband,2,1.0,1.0,1.0,10
ds004444,sub-008,ses-16,D2_common_mode_broadband,3,1.0,1.0,1.0,10
ds004444,sub-008,ses-16,D2_common_mode_broadband,4,1.0,1.0,1.0,10
ds004444,sub-008,ses-16,D3_narrowband_35_45,1,1.0,0.5,0.9,10
ds004444,sub-008,ses-16,D3_narrowband_35_45,2,1.0,1.0,1.0,10
ds004444,sub-008,ses-16,D3_narrowband_35_45,3,1.0,1.0,1.0,10
ds004444,sub-008,ses-16,D3_narrowband_35_45,4,1.0,1.0,1.0,10
ds004444,sub-008,ses-16,D4_narrowband_20_30,1,1.0,0.4,0.5,10
ds004444,sub-008,ses-16,D4_narrowband_20_30,2,1.0,0.8,1.0,10
ds004444,sub-008,ses-16,D4_narrowband_20_30,3,1.0,1.0,1.0,10
ds004444,sub-008,ses-16,D4_narrowband_20_30,4,1.0,1.0,1.0,10
ds004444,sub-008,ses-16,D5_transient_impulse,1,0.3,0.1,0.1,10
ds004444,sub-008,ses-16,D5_transient_impulse,2,0.5,0.5,0.3,10
ds004444,sub-008,ses-16,D5_transient_impulse,3,1.0,1.0,1.0,10
ds004444,sub-008,ses-16,D5_transient_impulse,4,1.0,1.0,1.0,10
ds004444,sub-008,ses-16,D6_clipping,1,0.0,0.0,0.0,10
ds004444,sub-008,ses-16,D6_clipping,2,0.0,0.0,0.0,10
ds004444,sub-008,ses-16,D6_clipping,3,0.0,0.0,0.0,10
ds004444,sub-008,ses-16,D6_clipping,4,0.0,0.0,0.0,10
ds004444,sub-008,ses-16,D7_partial_channel_freeze,1,0.1,0.0,0.0,10
ds004444,sub-008,ses-16,D7_partial_channel_freeze,2,0.2,0.0,0.0,10
ds004444,sub-008,ses-16,D7_partial_channel_freeze,3,0.4,0.0,0.0,10
ds004444,sub-008,ses-16,D7_partial_channel_freeze,4,0.4,0.0,0.0,10
ds004444,sub-008,ses-16,D8_full_channel_variance_collapse,1,0.0,0.0,0.0,10
ds004444,sub-008,ses-16,D8_full_channel_variance_collapse,2,0.1,0.0,0.0,10
ds004444,sub-008,ses-16,D8_full_channel_variance_collapse,3,0.3,0.0,0.0,10
ds004444,sub-008,ses-16,D8_full_channel_variance_collapse,4,0.4,0.0,0.0,10
ds004444,sub-008,ses-16,D9_missing_channel,1,1.0,1.0,1.0,10
ds004444,sub-009,ses-01,D0_unchanged,0,0.0,0.0,0.0,10
ds004444,sub-009,ses-01,D1_single_channel_broadband,1,1.0,0.8,0.8,10
ds004444,sub-009,ses-01,D1_single_channel_broadband,2,1.0,1.0,1.0,10
ds004444,sub-009,ses-01,D1_single_channel_broadband,3,1.0,1.0,1.0,10
ds004444,sub-009,ses-01,D1_single_channel_broadband,4,1.0,1.0,1.0,10
ds004444,sub-009,ses-01,D2_common_mode_broadband,1,1.0,1.0,1.0,10
ds004444,sub-009,ses-01,D2_common_mode_broadband,2,1.0,1.0,1.0,10
ds004444,sub-009,ses-01,D2_common_mode_broadband,3,1.0,1.0,1.0,10
ds004444,sub-009,ses-01,D2_common_mode_broadband,4,1.0,1.0,1.0,10
ds004444,sub-009,ses-01,D3_narrowband_35_45,1,1.0,1.0,1.0,10
ds004444,sub-009,ses-01,D3_narrowband_35_45,2,1.0,1.0,1.0,10
ds004444,sub-009,ses-01,D3_narrowband_35_45,3,1.0,1.0,1.0,10
ds004444,sub-009,ses-01,D3_narrowband_35_45,4,1.0,1.0,1.0,10
ds004444,sub-009,ses-01,D4_narrowband_20_30,1,1.0,0.4,0.7,10
ds004444,sub-009,ses-01,D4_narrowband_20_30,2,1.0,0.6,1.0,10
ds004444,sub-009,ses-01,D4_narrowband_20_30,3,1.0,0.6,1.0,10
ds004444,sub-009,ses-01,D4_narrowband_20_30,4,1.0,0.7,1.0,10
ds004444,sub-009,ses-01,D5_transient_impulse,1,1.0,0.9,0.9,10
ds004444,sub-009,ses-01,D5_transient_impulse,2,1.0,1.0,1.0,10
ds004444,sub-009,ses-01,D5_transient_impulse,3,1.0,1.0,1.0,10
ds004444,sub-009,ses-01,D5_transient_impulse,4,1.0,1.0,1.0,10
ds004444,sub-009,ses-01,D6_clipping,1,0.0,0.0,0.0,10
ds004444,sub-009,ses-01,D6_clipping,2,0.0,0.0,0.0,10
ds004444,sub-009,ses-01,D6_clipping,3,0.0,0.0,0.0,10
ds004444,sub-009,ses-01,D6_clipping,4,0.0,0.0,0.0,10
ds004444,sub-009,ses-01,D7_partial_channel_freeze,1,0.4,0.0,0.0,10
ds004444,sub-009,ses-01,D7_partial_channel_freeze,2,0.8,0.1,0.0,10
ds004444,sub-009,ses-01,D7_partial_channel_freeze,3,0.0,0.0,0.0,10
ds004444,sub-009,ses-01,D7_partial_channel_freeze,4,0.1,0.0,0.0,10
ds004444,sub-009,ses-01,D8_full_channel_variance_collapse,1,0.0,0.0,0.0,10
ds004444,sub-009,ses-01,D8_full_channel_variance_collapse,2,0.0,0.0,0.0,10
ds004444,sub-009,ses-01,D8_full_channel_variance_collapse,3,0.1,0.0,0.0,10
ds004444,sub-009,ses-01,D8_full_channel_variance_collapse,4,0.2,0.0,0.0,10
ds004444,sub-009,ses-01,D9_missing_channel,1,1.0,1.0,1.0,10
ds004444,sub-009,ses-16,D0_unchanged,0,0.0,0.0,0.0,10
ds004444,sub-009,ses-16,D1_single_channel_broadband,1,0.5,0.1,0.1,10
ds004444,sub-009,ses-16,D1_single_channel_broadband,2,1.0,0.7,0.8,10
ds004444,sub-009,ses-16,D1_single_channel_broadband,3,1.0,1.0,1.0,10
ds004444,sub-009,ses-16,D1_single_channel_broadband,4,1.0,1.0,1.0,10
ds004444,sub-009,ses-16,D2_common_mode_broadband,1,1.0,0.9,0.9,10
ds004444,sub-009,ses-16,D2_common_mode_broadband,2,1.0,1.0,1.0,10
ds004444,sub-009,ses-16,D2_common_mode_broadband,3,1.0,1.0,1.0,10
ds004444,sub-009,ses-16,D2_common_mode_broadband,4,1.0,1.0,1.0,10
ds004444,sub-009,ses-16,D3_narrowband_35_45,1,1.0,0.9,1.0,10
ds004444,sub-009,ses-16,D3_narrowband_35_45,2,1.0,1.0,1.0,10
ds004444,sub-009,ses-16,D3_narrowband_35_45,3,1.0,1.0,1.0,10
ds004444,sub-009,ses-16,D3_narrowband_35_45,4,1.0,1.0,1.0,10
ds004444,sub-009,ses-16,D4_narrowband_20_30,1,1.0,0.1,0.2,10
ds004444,sub-009,ses-16,D4_narrowband_20_30,2,1.0,0.1,0.8,10
ds004444,sub-009,ses-16,D4_narrowband_20_30,3,1.0,0.3,0.8,10
ds004444,sub-009,ses-16,D4_narrowband_20_30,4,1.0,0.4,1.0,10
ds004444,sub-009,ses-16,D5_transient_impulse,1,0.9,0.1,0.0,10
ds004444,sub-009,ses-16,D5_transient_impulse,2,1.0,0.9,1.0,10
ds004444,sub-009,ses-16,D5_transient_impulse,3,1.0,1.0,1.0,10
ds004444,sub-009,ses-16,D5_transient_impulse,4,1.0,1.0,1.0,10
ds004444,sub-009,ses-16,D6_clipping,1,0.1,0.0,0.0,10
ds004444,sub-009,ses-16,D6_clipping,2,0.7,0.0,0.0,10
ds004444,sub-009,ses-16,D6_clipping,3,1.0,0.0,0.0,10
ds004444,sub-009,ses-16,D6_clipping,4,1.0,0.0,0.0,10
ds004444,sub-009,ses-16,D7_partial_channel_freeze,1,0.1,0.0,0.0,10
ds004444,sub-009,ses-16,D7_partial_channel_freeze,2,0.1,0.0,0.0,10
ds004444,sub-009,ses-16,D7_partial_channel_freeze,3,0.5,0.0,0.0,10
ds004444,sub-009,ses-16,D7_partial_channel_freeze,4,0.5,0.0,0.0,10
ds004444,sub-009,ses-16,D8_full_channel_variance_collapse,1,0.3,0.0,0.0,10
ds004444,sub-009,ses-16,D8_full_channel_variance_collapse,2,0.4,0.0,0.0,10
ds004444,sub-009,ses-16,D8_full_channel_variance_collapse,3,0.5,0.0,0.0,10
ds004444,sub-009,ses-16,D8_full_channel_variance_collapse,4,0.5,0.0,0.0,10
ds004444,sub-009,ses-16,D9_missing_channel,1,1.0,1.0,1.0,10
ds004444,sub-010,ses-01,D0_unchanged,0,0.0,0.0,0.0,10
ds004444,sub-010,ses-01,D1_single_channel_broadband,1,1.0,1.0,1.0,10
ds004444,sub-010,ses-01,D1_single_channel_broadband,2,1.0,1.0,1.0,10
ds004444,sub-010,ses-01,D1_single_channel_broadband,3,1.0,1.0,1.0,10
ds004444,sub-010,ses-01,D1_single_channel_broadband,4,1.0,1.0,1.0,10
ds004444,sub-010,ses-01,D2_common_mode_broadband,1,1.0,1.0,1.0,10
ds004444,sub-010,ses-01,D2_common_mode_broadband,2,1.0,1.0,1.0,10
ds004444,sub-010,ses-01,D2_common_mode_broadband,3,1.0,1.0,1.0,10
ds004444,sub-010,ses-01,D2_common_mode_broadband,4,1.0,1.0,1.0,10
ds004444,sub-010,ses-01,D3_narrowband_35_45,1,1.0,1.0,1.0,10
ds004444,sub-010,ses-01,D3_narrowband_35_45,2,1.0,1.0,1.0,10
ds004444,sub-010,ses-01,D3_narrowband_35_45,3,1.0,1.0,1.0,10
ds004444,sub-010,ses-01,D3_narrowband_35_45,4,1.0,1.0,1.0,10
ds004444,sub-010,ses-01,D4_narrowband_20_30,1,1.0,1.0,1.0,10
ds004444,sub-010,ses-01,D4_narrowband_20_30,2,1.0,1.0,1.0,10
ds004444,sub-010,ses-01,D4_narrowband_20_30,3,1.0,1.0,1.0,10
ds004444,sub-010,ses-01,D4_narrowband_20_30,4,1.0,1.0,1.0,10
ds004444,sub-010,ses-01,D5_transient_impulse,1,1.0,1.0,1.0,10
ds004444,sub-010,ses-01,D5_transient_impulse,2,1.0,1.0,1.0,10
ds004444,sub-010,ses-01,D5_transient_impulse,3,1.0,1.0,1.0,10
ds004444,sub-010,ses-01,D5_transient_impulse,4,1.0,1.0,1.0,10
ds004444,sub-010,ses-01,D6_clipping,1,0.0,0.0,0.0,10
ds004444,sub-010,ses-01,D6_clipping,2,0.0,0.0,0.0,10
ds004444,sub-010,ses-01,D6_clipping,3,0.0,0.0,0.0,10
ds004444,sub-010,ses-01,D6_clipping,4,0.0,0.0,0.0,10
ds004444,sub-010,ses-01,D7_partial_channel_freeze,1,1.0,1.0,1.0,10
ds004444,sub-010,ses-01,D7_partial_channel_freeze,2,1.0,1.0,1.0,10
ds004444,sub-010,ses-01,D7_partial_channel_freeze,3,1.0,0.8,0.9,10
ds004444,sub-010,ses-01,D7_partial_channel_freeze,4,0.6,0.0,0.0,10
ds004444,sub-010,ses-01,D8_full_channel_variance_collapse,1,0.4,0.0,0.0,10
ds004444,sub-010,ses-01,D8_full_channel_variance_collapse,2,0.5,0.0,0.0,10
ds004444,sub-010,ses-01,D8_full_channel_variance_collapse,3,0.6,0.0,0.0,10
ds004444,sub-010,ses-01,D8_full_channel_variance_collapse,4,0.9,0.0,0.0,10
ds004444,sub-010,ses-01,D9_missing_channel,1,1.0,1.0,1.0,10
ds004444,sub-010,ses-16,D0_unchanged,0,0.0,0.0,0.0,10
ds004444,sub-010,ses-16,D1_single_channel_broadband,1,1.0,1.0,1.0,10
ds004444,sub-010,ses-16,D1_single_channel_broadband,2,1.0,1.0,1.0,10
ds004444,sub-010,ses-16,D1_single_channel_broadband,3,1.0,1.0,1.0,10
ds004444,sub-010,ses-16,D1_single_channel_broadband,4,1.0,1.0,1.0,10
ds004444,sub-010,ses-16,D2_common_mode_broadband,1,1.0,1.0,1.0,10
ds004444,sub-010,ses-16,D2_common_mode_broadband,2,1.0,1.0,1.0,10
ds004444,sub-010,ses-16,D2_common_mode_broadband,3,1.0,1.0,1.0,10
ds004444,sub-010,ses-16,D2_common_mode_broadband,4,1.0,1.0,1.0,10
ds004444,sub-010,ses-16,D3_narrowband_35_45,1,1.0,1.0,1.0,10
ds004444,sub-010,ses-16,D3_narrowband_35_45,2,1.0,1.0,1.0,10
ds004444,sub-010,ses-16,D3_narrowband_35_45,3,1.0,1.0,1.0,10
ds004444,sub-010,ses-16,D3_narrowband_35_45,4,1.0,1.0,1.0,10
ds004444,sub-010,ses-16,D4_narrowband_20_30,1,1.0,0.7,1.0,10
ds004444,sub-010,ses-16,D4_narrowband_20_30,2,1.0,0.7,1.0,10
ds004444,sub-010,ses-16,D4_narrowband_20_30,3,1.0,0.7,1.0,10
ds004444,sub-010,ses-16,D4_narrowband_20_30,4,1.0,0.7,1.0,10
ds004444,sub-010,ses-16,D5_transient_impulse,1,1.0,1.0,1.0,10
ds004444,sub-010,ses-16,D5_transient_impulse,2,1.0,1.0,1.0,10
ds004444,sub-010,ses-16,D5_transient_impulse,3,1.0,1.0,1.0,10
ds004444,sub-010,ses-16,D5_transient_impulse,4,1.0,1.0,1.0,10
ds004444,sub-010,ses-16,D6_clipping,1,0.0,0.0,0.0,10
ds004444,sub-010,ses-16,D6_clipping,2,0.0,0.0,0.0,10
ds004444,sub-010,ses-16,D6_clipping,3,0.0,0.0,0.0,10
ds004444,sub-010,ses-16,D6_clipping,4,0.0,0.0,0.0,10
ds004444,sub-010,ses-16,D7_partial_channel_freeze,1,1.0,1.0,1.0,10
ds004444,sub-010,ses-16,D7_partial_channel_freeze,2,1.0,1.0,1.0,10
ds004444,sub-010,ses-16,D7_partial_channel_freeze,3,1.0,1.0,1.0,10
ds004444,sub-010,ses-16,D7_partial_channel_freeze,4,1.0,0.0,0.5,10
ds004444,sub-010,ses-16,D8_full_channel_variance_collapse,1,0.5,0.0,0.0,10
ds004444,sub-010,ses-16,D8_full_channel_variance_collapse,2,0.9,0.0,0.0,10
ds004444,sub-010,ses-16,D8_full_channel_variance_collapse,3,1.0,0.0,0.0,10
ds004444,sub-010,ses-16,D8_full_channel_variance_collapse,4,1.0,0.0,0.0,10
ds004444,sub-010,ses-16,D9_missing_channel,1,1.0,1.0,1.0,10
ds004444,sub-011,ses-01,D0_unchanged,0,0.0,0.0,0.0,10
ds004444,sub-011,ses-01,D1_single_channel_broadband,1,0.1,0.0,0.0,10
ds004444,sub-011,ses-01,D1_single_channel_broadband,2,0.3,0.0,0.0,10
ds004444,sub-011,ses-01,D1_single_channel_broadband,3,0.5,0.2,0.2,10
ds004444,sub-011,ses-01,D1_single_channel_broadband,4,0.5,0.2,0.1,10
ds004444,sub-011,ses-01,D2_common_mode_broadband,1,0.4,0.0,0.0,10
ds004444,sub-011,ses-01,D2_common_mode_broadband,2,0.8,0.2,0.1,10
ds004444,sub-011,ses-01,D2_common_mode_broadband,3,1.0,0.6,0.6,10
ds004444,sub-011,ses-01,D2_common_mode_broadband,4,1.0,0.8,0.8,10
ds004444,sub-011,ses-01,D3_narrowband_35_45,1,1.0,0.4,0.4,10
ds004444,sub-011,ses-01,D3_narrowband_35_45,2,1.0,0.9,1.0,10
ds004444,sub-011,ses-01,D3_narrowband_35_45,3,1.0,1.0,1.0,10
ds004444,sub-011,ses-01,D3_narrowband_35_45,4,1.0,1.0,1.0,10
ds004444,sub-011,ses-01,D4_narrowband_20_30,1,1.0,0.0,0.0,10
ds004444,sub-011,ses-01,D4_narrowband_20_30,2,1.0,0.3,0.6,10
ds004444,sub-011,ses-01,D4_narrowband_20_30,3,1.0,0.4,0.8,10
ds004444,sub-011,ses-01,D4_narrowband_20_30,4,1.0,0.5,0.8,10
ds004444,sub-011,ses-01,D5_transient_impulse,1,0.2,0.0,0.0,10
ds004444,sub-011,ses-01,D5_transient_impulse,2,0.3,0.1,0.1,10
ds004444,sub-011,ses-01,D5_transient_impulse,3,0.7,0.4,0.3,10
ds004444,sub-011,ses-01,D5_transient_impulse,4,1.0,0.8,0.8,10
ds004444,sub-011,ses-01,D6_clipping,1,0.1,0.0,0.0,10
ds004444,sub-011,ses-01,D6_clipping,2,0.4,0.0,0.0,10
ds004444,sub-011,ses-01,D6_clipping,3,1.0,0.0,0.0,10
ds004444,sub-011,ses-01,D6_clipping,4,1.0,0.0,0.0,10
ds004444,sub-011,ses-01,D7_partial_channel_freeze,1,0.0,0.0,0.0,10
ds004444,sub-011,ses-01,D7_partial_channel_freeze,2,0.1,0.0,0.0,10
ds004444,sub-011,ses-01,D7_partial_channel_freeze,3,0.2,0.0,0.0,10
ds004444,sub-011,ses-01,D7_partial_channel_freeze,4,0.2,0.0,0.0,10
ds004444,sub-011,ses-01,D8_full_channel_variance_collapse,1,0.2,0.0,0.0,10
ds004444,sub-011,ses-01,D8_full_channel_variance_collapse,2,0.2,0.0,0.0,10
ds004444,sub-011,ses-01,D8_full_channel_variance_collapse,3,0.2,0.0,0.0,10
ds004444,sub-011,ses-01,D8_full_channel_variance_collapse,4,0.2,0.0,0.0,10
ds004444,sub-011,ses-01,D9_missing_channel,1,1.0,1.0,1.0,10
ds004444,sub-011,ses-16,D0_unchanged,0,0.0,0.0,0.0,10
ds004444,sub-011,ses-16,D1_single_channel_broadband,1,0.1,0.0,0.0,10
ds004444,sub-011,ses-16,D1_single_channel_broadband,2,0.4,0.0,0.1,10
ds004444,sub-011,ses-16,D1_single_channel_broadband,3,0.7,0.3,0.3,10
ds004444,sub-011,ses-16,D1_single_channel_broadband,4,0.9,0.4,0.3,10
ds004444,sub-011,ses-16,D2_common_mode_broadband,1,0.4,0.1,0.1,10
ds004444,sub-011,ses-16,D2_common_mode_broadband,2,1.0,0.6,0.7,10
ds004444,sub-011,ses-16,D2_common_mode_broadband,3,1.0,1.0,1.0,10
ds004444,sub-011,ses-16,D2_common_mode_broadband,4,1.0,1.0,1.0,10
ds004444,sub-011,ses-16,D3_narrowband_35_45,1,1.0,0.3,0.6,10
ds004444,sub-011,ses-16,D3_narrowband_35_45,2,1.0,0.6,1.0,10
ds004444,sub-011,ses-16,D3_narrowband_35_45,3,1.0,0.7,1.0,10
ds004444,sub-011,ses-16,D3_narrowband_35_45,4,1.0,0.9,1.0,10
ds004444,sub-011,ses-16,D4_narrowband_20_30,1,1.0,0.2,0.3,10
ds004444,sub-011,ses-16,D4_narrowband_20_30,2,1.0,0.3,0.4,10
ds004444,sub-011,ses-16,D4_narrowband_20_30,3,1.0,0.3,0.6,10
ds004444,sub-011,ses-16,D4_narrowband_20_30,4,1.0,0.4,0.7,10
ds004444,sub-011,ses-16,D5_transient_impulse,1,0.0,0.0,0.0,10
ds004444,sub-011,ses-16,D5_transient_impulse,2,0.3,0.1,0.0,10
ds004444,sub-011,ses-16,D5_transient_impulse,3,0.8,0.3,0.3,10
ds004444,sub-011,ses-16,D5_transient_impulse,4,1.0,0.9,0.9,10
ds004444,sub-011,ses-16,D6_clipping,1,0.0,0.0,0.0,10
ds004444,sub-011,ses-16,D6_clipping,2,0.0,0.0,0.0,10
ds004444,sub-011,ses-16,D6_clipping,3,0.0,0.0,0.0,10
ds004444,sub-011,ses-16,D6_clipping,4,0.0,0.0,0.0,10
ds004444,sub-011,ses-16,D7_partial_channel_freeze,1,0.0,0.0,0.0,10
ds004444,sub-011,ses-16,D7_partial_channel_freeze,2,0.1,0.0,0.0,10
ds004444,sub-011,ses-16,D7_partial_channel_freeze,3,0.2,0.0,0.0,10
ds004444,sub-011,ses-16,D7_partial_channel_freeze,4,0.3,0.0,0.0,10
ds004444,sub-011,ses-16,D8_full_channel_variance_collapse,1,0.0,0.0,0.0,10
ds004444,sub-011,ses-16,D8_full_channel_variance_collapse,2,0.0,0.0,0.0,10
ds004444,sub-011,ses-16,D8_full_channel_variance_collapse,3,0.2,0.0,0.0,10
ds004444,sub-011,ses-16,D8_full_channel_variance_collapse,4,0.3,0.0,0.0,10
ds004444,sub-011,ses-16,D9_missing_channel,1,1.0,1.0,1.0,10
ds004444,sub-012,ses-01,D0_unchanged,0,0.0,0.0,0.0,10
ds004444,sub-012,ses-01,D1_single_channel_broadband,1,0.0,0.0,0.0,10
ds004444,sub-012,ses-01,D1_single_channel_broadband,2,0.3,0.0,0.0,10
ds004444,sub-012,ses-01,D1_single_channel_broadband,3,0.5,0.0,0.0,10
ds004444,sub-012,ses-01,D1_single_channel_broadband,4,0.5,0.3,0.3,10
ds004444,sub-012,ses-01,D2_common_mode_broadband,1,0.4,0.0,0.0,10
ds004444,sub-012,ses-01,D2_common_mode_broadband,2,1.0,0.0,0.1,10
ds004444,sub-012,ses-01,D2_common_mode_broadband,3,1.0,0.5,0.5,10
ds004444,sub-012,ses-01,D2_common_mode_broadband,4,1.0,0.7,0.9,10
ds004444,sub-012,ses-01,D3_narrowband_35_45,1,1.0,0.0,0.0,10
ds004444,sub-012,ses-01,D3_narrowband_35_45,2,1.0,0.4,0.5,10
ds004444,sub-012,ses-01,D3_narrowband_35_45,3,1.0,0.9,1.0,10
ds004444,sub-012,ses-01,D3_narrowband_35_45,4,1.0,1.0,1.0,10
ds004444,sub-012,ses-01,D4_narrowband_20_30,1,0.9,0.1,0.1,10
ds004444,sub-012,ses-01,D4_narrowband_20_30,2,1.0,0.4,0.4,10
ds004444,sub-012,ses-01,D4_narrowband_20_30,3,1.0,0.5,0.8,10
ds004444,sub-012,ses-01,D4_narrowband_20_30,4,1.0,0.5,0.8,10
ds004444,sub-012,ses-01,D5_transient_impulse,1,0.0,0.0,0.0,10
ds004444,sub-012,ses-01,D5_transient_impulse,2,0.2,0.0,0.0,10
ds004444,sub-012,ses-01,D5_transient_impulse,3,0.7,0.3,0.3,10
ds004444,sub-012,ses-01,D5_transient_impulse,4,1.0,0.9,0.9,10
ds004444,sub-012,ses-01,D6_clipping,1,0.2,0.0,0.0,10
ds004444,sub-012,ses-01,D6_clipping,2,0.4,0.0,0.0,10
ds004444,sub-012,ses-01,D6_clipping,3,0.6,0.0,0.0,10
ds004444,sub-012,ses-01,D6_clipping,4,1.0,0.0,0.0,10
ds004444,sub-012,ses-01,D7_partial_channel_freeze,1,0.0,0.0,0.0,10
ds004444,sub-012,ses-01,D7_partial_channel_freeze,2,0.2,0.0,0.0,10
ds004444,sub-012,ses-01,D7_partial_channel_freeze,3,0.2,0.0,0.0,10
ds004444,sub-012,ses-01,D7_partial_channel_freeze,4,0.2,0.0,0.0,10
ds004444,sub-012,ses-01,D8_full_channel_variance_collapse,1,0.2,0.0,0.0,10
ds004444,sub-012,ses-01,D8_full_channel_variance_collapse,2,0.2,0.0,0.0,10
ds004444,sub-012,ses-01,D8_full_channel_variance_collapse,3,0.2,0.0,0.0,10
ds004444,sub-012,ses-01,D8_full_channel_variance_collapse,4,0.2,0.0,0.0,10
ds004444,sub-012,ses-01,D9_missing_channel,1,1.0,1.0,1.0,10
ds004444,sub-012,ses-16,D0_unchanged,0,0.0,0.0,0.0,10
ds004444,sub-012,ses-16,D1_single_channel_broadband,1,0.4,0.1,0.1,10
ds004444,sub-012,ses-16,D1_single_channel_broadband,2,0.4,0.0,0.0,10
ds004444,sub-012,ses-16,D1_single_channel_broadband,3,0.8,0.2,0.3,10
ds004444,sub-012,ses-16,D1_single_channel_broadband,4,1.0,0.6,0.5,10
ds004444,sub-012,ses-16,D2_common_mode_broadband,1,0.9,0.3,0.2,10
ds004444,sub-012,ses-16,D2_common_mode_broadband,2,1.0,0.7,0.7,10
ds004444,sub-012,ses-16,D2_common_mode_broadband,3,1.0,1.0,1.0,10
ds004444,sub-012,ses-16,D2_common_mode_broadband,4,1.0,1.0,1.0,10
ds004444,sub-012,ses-16,D3_narrowband_35_45,1,1.0,0.5,0.7,10
ds004444,sub-012,ses-16,D3_narrowband_35_45,2,1.0,0.8,1.0,10
ds004444,sub-012,ses-16,D3_narrowband_35_45,3,1.0,1.0,1.0,10
ds004444,sub-012,ses-16,D3_narrowband_35_45,4,1.0,1.0,1.0,10
ds004444,sub-012,ses-16,D4_narrowband_20_30,1,1.0,0.3,0.6,10
ds004444,sub-012,ses-16,D4_narrowband_20_30,2,1.0,0.4,0.6,10
ds004444,sub-012,ses-16,D4_narrowband_20_30,3,1.0,0.4,0.6,10
ds004444,sub-012,ses-16,D4_narrowband_20_30,4,1.0,0.6,0.6,10
ds004444,sub-012,ses-16,D5_transient_impulse,1,0.3,0.1,0.1,10
ds004444,sub-012,ses-16,D5_transient_impulse,2,0.7,0.1,0.1,10
ds004444,sub-012,ses-16,D5_transient_impulse,3,0.9,0.6,0.6,10
ds004444,sub-012,ses-16,D5_transient_impulse,4,1.0,0.9,1.0,10
ds004444,sub-012,ses-16,D6_clipping,1,0.1,0.0,0.0,10
ds004444,sub-012,ses-16,D6_clipping,2,0.2,0.0,0.0,10
ds004444,sub-012,ses-16,D6_clipping,3,0.1,0.0,0.0,10
ds004444,sub-012,ses-16,D6_clipping,4,0.1,0.0,0.0,10
ds004444,sub-012,ses-16,D7_partial_channel_freeze,1,0.1,0.0,0.0,10
ds004444,sub-012,ses-16,D7_partial_channel_freeze,2,0.1,0.0,0.0,10
ds004444,sub-012,ses-16,D7_partial_channel_freeze,3,0.4,0.0,0.0,10
ds004444,sub-012,ses-16,D7_partial_channel_freeze,4,0.4,0.0,0.0,10
ds004444,sub-012,ses-16,D8_full_channel_variance_collapse,1,0.1,0.0,0.0,10
ds004444,sub-012,ses-16,D8_full_channel_variance_collapse,2,0.2,0.0,0.0,10
ds004444,sub-012,ses-16,D8_full_channel_variance_collapse,3,0.2,0.0,0.0,10
ds004444,sub-012,ses-16,D8_full_channel_variance_collapse,4,0.4,0.0,0.0,10
ds004444,sub-012,ses-16,D9_missing_channel,1,1.0,1.0,1.0,10
ds004444,sub-013,ses-01,D0_unchanged,0,0.0,0.0,0.0,10
ds004444,sub-013,ses-01,D1_single_channel_broadband,1,0.3,0.0,0.0,10
ds004444,sub-013,ses-01,D1_single_channel_broadband,2,0.8,0.2,0.2,10
ds004444,sub-013,ses-01,D1_single_channel_broadband,3,1.0,0.9,0.9,10
ds004444,sub-013,ses-01,D1_single_channel_broadband,4,1.0,1.0,1.0,10
ds004444,sub-013,ses-01,D2_common_mode_broadband,1,1.0,1.0,1.0,10
ds004444,sub-013,ses-01,D2_common_mode_broadband,2,1.0,1.0,1.0,10
ds004444,sub-013,ses-01,D2_common_mode_broadband,3,1.0,1.0,1.0,10
ds004444,sub-013,ses-01,D2_common_mode_broadband,4,1.0,1.0,1.0,10
ds004444,sub-013,ses-01,D3_narrowband_35_45,1,1.0,1.0,1.0,10
ds004444,sub-013,ses-01,D3_narrowband_35_45,2,1.0,1.0,1.0,10
ds004444,sub-013,ses-01,D3_narrowband_35_45,3,1.0,1.0,1.0,10
ds004444,sub-013,ses-01,D3_narrowband_35_45,4,1.0,1.0,1.0,10
ds004444,sub-013,ses-01,D4_narrowband_20_30,1,1.0,0.4,0.7,10
ds004444,sub-013,ses-01,D4_narrowband_20_30,2,1.0,0.6,0.8,10
ds004444,sub-013,ses-01,D4_narrowband_20_30,3,1.0,0.7,0.9,10
ds004444,sub-013,ses-01,D4_narrowband_20_30,4,1.0,0.7,1.0,10
ds004444,sub-013,ses-01,D5_transient_impulse,1,0.4,0.0,0.0,10
ds004444,sub-013,ses-01,D5_transient_impulse,2,0.9,0.6,0.7,10
ds004444,sub-013,ses-01,D5_transient_impulse,3,1.0,0.9,0.9,10
ds004444,sub-013,ses-01,D5_transient_impulse,4,1.0,1.0,1.0,10
ds004444,sub-013,ses-01,D6_clipping,1,0.0,0.0,0.0,10
ds004444,sub-013,ses-01,D6_clipping,2,0.0,0.0,0.0,10
ds004444,sub-013,ses-01,D6_clipping,3,0.0,0.0,0.0,10
ds004444,sub-013,ses-01,D6_clipping,4,0.9,0.0,0.0,10
ds004444,sub-013,ses-01,D7_partial_channel_freeze,1,0.0,0.0,0.0,10
ds004444,sub-013,ses-01,D7_partial_channel_freeze,2,0.1,0.0,0.0,10
ds004444,sub-013,ses-01,D7_partial_channel_freeze,3,0.4,0.0,0.0,10
ds004444,sub-013,ses-01,D7_partial_channel_freeze,4,0.4,0.0,0.0,10
ds004444,sub-013,ses-01,D8_full_channel_variance_collapse,1,0.1,0.0,0.0,10
ds004444,sub-013,ses-01,D8_full_channel_variance_collapse,2,0.4,0.0,0.0,10
ds004444,sub-013,ses-01,D8_full_channel_variance_collapse,3,0.4,0.0,0.0,10
ds004444,sub-013,ses-01,D8_full_channel_variance_collapse,4,0.4,0.0,0.0,10
ds004444,sub-013,ses-01,D9_missing_channel,1,1.0,1.0,1.0,10
ds004444,sub-013,ses-16,D0_unchanged,0,0.0,0.0,0.0,10
ds004444,sub-013,ses-16,D1_single_channel_broadband,1,0.1,0.1,0.0,10
ds004444,sub-013,ses-16,D1_single_channel_broadband,2,0.9,0.4,0.5,10
ds004444,sub-013,ses-16,D1_single_channel_broadband,3,1.0,0.6,0.6,10
ds004444,sub-013,ses-16,D1_single_channel_broadband,4,1.0,0.7,0.7,10
ds004444,sub-013,ses-16,D2_common_mode_broadband,1,0.8,0.7,0.7,10
ds004444,sub-013,ses-16,D2_common_mode_broadband,2,1.0,1.0,1.0,10
ds004444,sub-013,ses-16,D2_common_mode_broadband,3,1.0,1.0,1.0,10
ds004444,sub-013,ses-16,D2_common_mode_broadband,4,1.0,1.0,1.0,10
ds004444,sub-013,ses-16,D3_narrowband_35_45,1,1.0,1.0,1.0,10
ds004444,sub-013,ses-16,D3_narrowband_35_45,2,1.0,1.0,1.0,10
ds004444,sub-013,ses-16,D3_narrowband_35_45,3,1.0,1.0,1.0,10
ds004444,sub-013,ses-16,D3_narrowband_35_45,4,1.0,1.0,1.0,10
ds004444,sub-013,ses-16,D4_narrowband_20_30,1,1.0,0.4,0.7,10
ds004444,sub-013,ses-16,D4_narrowband_20_30,2,1.0,0.4,0.8,10
ds004444,sub-013,ses-16,D4_narrowband_20_30,3,1.0,0.4,1.0,10
ds004444,sub-013,ses-16,D4_narrowband_20_30,4,1.0,0.5,1.0,10
ds004444,sub-013,ses-16,D5_transient_impulse,1,0.3,0.1,0.1,10
ds004444,sub-013,ses-16,D5_transient_impulse,2,0.8,0.5,0.4,10
ds004444,sub-013,ses-16,D5_transient_impulse,3,1.0,0.6,0.6,10
ds004444,sub-013,ses-16,D5_transient_impulse,4,1.0,1.0,1.0,10
ds004444,sub-013,ses-16,D6_clipping,1,0.0,0.0,0.0,10
ds004444,sub-013,ses-16,D6_clipping,2,0.0,0.0,0.0,10
ds004444,sub-013,ses-16,D6_clipping,3,0.0,0.0,0.0,10
ds004444,sub-013,ses-16,D6_clipping,4,0.0,0.0,0.0,10
ds004444,sub-013,ses-16,D7_partial_channel_freeze,1,0.0,0.0,0.0,10
ds004444,sub-013,ses-16,D7_partial_channel_freeze,2,0.1,0.0,0.0,10
ds004444,sub-013,ses-16,D7_partial_channel_freeze,3,0.2,0.0,0.0,10
ds004444,sub-013,ses-16,D7_partial_channel_freeze,4,0.2,0.0,0.0,10
ds004444,sub-013,ses-16,D8_full_channel_variance_collapse,1,0.0,0.0,0.0,10
ds004444,sub-013,ses-16,D8_full_channel_variance_collapse,2,0.0,0.0,0.0,10
ds004444,sub-013,ses-16,D8_full_channel_variance_collapse,3,0.1,0.0,0.0,10
ds004444,sub-013,ses-16,D8_full_channel_variance_collapse,4,0.2,0.0,0.0,10
ds004444,sub-013,ses-16,D9_missing_channel,1,1.0,1.0,1.0,10
ds004444,sub-014,ses-01,D0_unchanged,0,0.0,0.0,0.0,10
ds004444,sub-014,ses-01,D1_single_channel_broadband,1,0.5,0.2,0.2,10
ds004444,sub-014,ses-01,D1_single_channel_broadband,2,0.9,0.6,0.6,10
ds004444,sub-014,ses-01,D1_single_channel_broadband,3,1.0,0.9,0.9,10
ds004444,sub-014,ses-01,D1_single_channel_broadband,4,1.0,1.0,1.0,10
ds004444,sub-014,ses-01,D2_common_mode_broadband,1,1.0,0.8,1.0,10
ds004444,sub-014,ses-01,D2_common_mode_broadband,2,1.0,1.0,1.0,10
ds004444,sub-014,ses-01,D2_common_mode_broadband,3,1.0,1.0,1.0,10
ds004444,sub-014,ses-01,D2_common_mode_broadband,4,1.0,1.0,1.0,10
ds004444,sub-014,ses-01,D3_narrowband_35_45,1,1.0,1.0,1.0,10
ds004444,sub-014,ses-01,D3_narrowband_35_45,2,1.0,1.0,1.0,10
ds004444,sub-014,ses-01,D3_narrowband_35_45,3,1.0,1.0,1.0,10
ds004444,sub-014,ses-01,D3_narrowband_35_45,4,1.0,1.0,1.0,10
ds004444,sub-014,ses-01,D4_narrowband_20_30,1,1.0,0.4,0.6,10
ds004444,sub-014,ses-01,D4_narrowband_20_30,2,1.0,0.6,0.6,10
ds004444,sub-014,ses-01,D4_narrowband_20_30,3,1.0,0.6,0.8,10
ds004444,sub-014,ses-01,D4_narrowband_20_30,4,1.0,0.6,1.0,10
ds004444,sub-014,ses-01,D5_transient_impulse,1,0.7,0.1,0.1,10
ds004444,sub-014,ses-01,D5_transient_impulse,2,1.0,0.7,0.7,10
ds004444,sub-014,ses-01,D5_transient_impulse,3,1.0,1.0,1.0,10
ds004444,sub-014,ses-01,D5_transient_impulse,4,1.0,1.0,1.0,10
ds004444,sub-014,ses-01,D6_clipping,1,0.0,0.0,0.0,10
ds004444,sub-014,ses-01,D6_clipping,2,0.4,0.0,0.0,10
ds004444,sub-014,ses-01,D6_clipping,3,0.8,0.0,0.0,10
ds004444,sub-014,ses-01,D6_clipping,4,1.0,0.0,0.0,10
ds004444,sub-014,ses-01,D7_partial_channel_freeze,1,0.0,0.0,0.0,10
ds004444,sub-014,ses-01,D7_partial_channel_freeze,2,0.3,0.0,0.0,10
ds004444,sub-014,ses-01,D7_partial_channel_freeze,3,0.5,0.0,0.0,10
ds004444,sub-014,ses-01,D7_partial_channel_freeze,4,0.5,0.0,0.0,10
ds004444,sub-014,ses-01,D8_full_channel_variance_collapse,1,0.3,0.0,0.0,10
ds004444,sub-014,ses-01,D8_full_channel_variance_collapse,2,0.4,0.0,0.0,10
ds004444,sub-014,ses-01,D8_full_channel_variance_collapse,3,0.4,0.0,0.0,10
ds004444,sub-014,ses-01,D8_full_channel_variance_collapse,4,0.5,0.0,0.0,10
ds004444,sub-014,ses-01,D9_missing_channel,1,1.0,1.0,1.0,10
ds004444,sub-014,ses-16,D0_unchanged,0,0.0,0.0,0.0,10
ds004444,sub-014,ses-16,D1_single_channel_broadband,1,1.0,0.4,0.3,10
ds004444,sub-014,ses-16,D1_single_channel_broadband,2,1.0,1.0,1.0,10
ds004444,sub-014,ses-16,D1_single_channel_broadband,3,1.0,1.0,1.0,10
ds004444,sub-014,ses-16,D1_single_channel_broadband,4,1.0,1.0,1.0,10
ds004444,sub-014,ses-16,D2_common_mode_broadband,1,1.0,1.0,1.0,10
ds004444,sub-014,ses-16,D2_common_mode_broadband,2,1.0,1.0,1.0,10
ds004444,sub-014,ses-16,D2_common_mode_broadband,3,1.0,1.0,1.0,10
ds004444,sub-014,ses-16,D2_common_mode_broadband,4,1.0,1.0,1.0,10
ds004444,sub-014,ses-16,D3_narrowband_35_45,1,1.0,1.0,1.0,10
ds004444,sub-014,ses-16,D3_narrowband_35_45,2,1.0,1.0,1.0,10
ds004444,sub-014,ses-16,D3_narrowband_35_45,3,1.0,1.0,1.0,10
ds004444,sub-014,ses-16,D3_narrowband_35_45,4,1.0,1.0,1.0,10
ds004444,sub-014,ses-16,D4_narrowband_20_30,1,1.0,0.6,0.9,10
ds004444,sub-014,ses-16,D4_narrowband_20_30,2,1.0,0.9,1.0,10
ds004444,sub-014,ses-16,D4_narrowband_20_30,3,1.0,0.9,1.0,10
ds004444,sub-014,ses-16,D4_narrowband_20_30,4,1.0,0.9,1.0,10
ds004444,sub-014,ses-16,D5_transient_impulse,1,0.9,0.1,0.2,10
ds004444,sub-014,ses-16,D5_transient_impulse,2,1.0,1.0,1.0,10
ds004444,sub-014,ses-16,D5_transient_impulse,3,1.0,1.0,1.0,10
ds004444,sub-014,ses-16,D5_transient_impulse,4,1.0,1.0,1.0,10
ds004444,sub-014,ses-16,D6_clipping,1,0.2,0.0,0.0,10
ds004444,sub-014,ses-16,D6_clipping,2,0.4,0.0,0.0,10
ds004444,sub-014,ses-16,D6_clipping,3,1.0,0.0,0.0,10
ds004444,sub-014,ses-16,D6_clipping,4,1.0,0.0,0.0,10
ds004444,sub-014,ses-16,D7_partial_channel_freeze,1,0.0,0.0,0.0,10
ds004444,sub-014,ses-16,D7_partial_channel_freeze,2,0.3,0.0,0.0,10
ds004444,sub-014,ses-16,D7_partial_channel_freeze,3,0.8,0.0,0.0,10
ds004444,sub-014,ses-16,D7_partial_channel_freeze,4,0.8,0.0,0.0,10
ds004444,sub-014,ses-16,D8_full_channel_variance_collapse,1,0.5,0.0,0.0,10
ds004444,sub-014,ses-16,D8_full_channel_variance_collapse,2,0.8,0.0,0.0,10
ds004444,sub-014,ses-16,D8_full_channel_variance_collapse,3,0.8,0.0,0.0,10
ds004444,sub-014,ses-16,D8_full_channel_variance_collapse,4,0.8,0.0,0.0,10
ds004444,sub-014,ses-16,D9_missing_channel,1,1.0,1.0,1.0,10
ds004444,sub-015,ses-01,D0_unchanged,0,0.0,0.0,0.0,10
ds004444,sub-015,ses-01,D1_single_channel_broadband,1,0.9,0.9,0.9,10
ds004444,sub-015,ses-01,D1_single_channel_broadband,2,1.0,1.0,1.0,10
ds004444,sub-015,ses-01,D1_single_channel_broadband,3,1.0,1.0,1.0,10
ds004444,sub-015,ses-01,D1_single_channel_broadband,4,1.0,1.0,1.0,10
ds004444,sub-015,ses-01,D2_common_mode_broadband,1,1.0,1.0,1.0,10
ds004444,sub-015,ses-01,D2_common_mode_broadband,2,1.0,1.0,1.0,10
ds004444,sub-015,ses-01,D2_common_mode_broadband,3,1.0,1.0,1.0,10
ds004444,sub-015,ses-01,D2_common_mode_broadband,4,1.0,1.0,1.0,10
ds004444,sub-015,ses-01,D3_narrowband_35_45,1,1.0,1.0,1.0,10
ds004444,sub-015,ses-01,D3_narrowband_35_45,2,1.0,1.0,1.0,10
ds004444,sub-015,ses-01,D3_narrowband_35_45,3,1.0,1.0,1.0,10
ds004444,sub-015,ses-01,D3_narrowband_35_45,4,1.0,1.0,1.0,10
ds004444,sub-015,ses-01,D4_narrowband_20_30,1,1.0,1.0,1.0,10
ds004444,sub-015,ses-01,D4_narrowband_20_30,2,1.0,1.0,1.0,10
ds004444,sub-015,ses-01,D4_narrowband_20_30,3,1.0,1.0,1.0,10
ds004444,sub-015,ses-01,D4_narrowband_20_30,4,1.0,1.0,1.0,10
ds004444,sub-015,ses-01,D5_transient_impulse,1,1.0,1.0,1.0,10
ds004444,sub-015,ses-01,D5_transient_impulse,2,1.0,1.0,1.0,10
ds004444,sub-015,ses-01,D5_transient_impulse,3,1.0,1.0,1.0,10
ds004444,sub-015,ses-01,D5_transient_impulse,4,1.0,1.0,1.0,10
ds004444,sub-015,ses-01,D6_clipping,1,0.0,0.0,0.0,10
ds004444,sub-015,ses-01,D6_clipping,2,0.0,0.0,0.0,10
ds004444,sub-015,ses-01,D6_clipping,3,0.0,0.0,0.0,10
ds004444,sub-015,ses-01,D6_clipping,4,0.0,0.0,0.0,10
ds004444,sub-015,ses-01,D7_partial_channel_freeze,1,0.5,0.0,0.1,10
ds004444,sub-015,ses-01,D7_partial_channel_freeze,2,0.6,0.3,0.4,10
ds004444,sub-015,ses-01,D7_partial_channel_freeze,3,0.5,0.0,0.0,10
ds004444,sub-015,ses-01,D7_partial_channel_freeze,4,0.3,0.0,0.0,10
ds004444,sub-015,ses-01,D8_full_channel_variance_collapse,1,0.1,0.0,0.0,10
ds004444,sub-015,ses-01,D8_full_channel_variance_collapse,2,0.2,0.0,0.0,10
ds004444,sub-015,ses-01,D8_full_channel_variance_collapse,3,0.2,0.0,0.0,10
ds004444,sub-015,ses-01,D8_full_channel_variance_collapse,4,0.4,0.0,0.0,10
ds004444,sub-015,ses-01,D9_missing_channel,1,1.0,1.0,1.0,10
ds004444,sub-015,ses-16,D0_unchanged,0,0.0,0.0,0.0,10
ds004444,sub-015,ses-16,D1_single_channel_broadband,1,1.0,0.9,0.9,10
ds004444,sub-015,ses-16,D1_single_channel_broadband,2,1.0,1.0,1.0,10
ds004444,sub-015,ses-16,D1_single_channel_broadband,3,1.0,1.0,1.0,10
ds004444,sub-015,ses-16,D1_single_channel_broadband,4,1.0,1.0,1.0,10
ds004444,sub-015,ses-16,D2_common_mode_broadband,1,1.0,1.0,1.0,10
ds004444,sub-015,ses-16,D2_common_mode_broadband,2,1.0,1.0,1.0,10
ds004444,sub-015,ses-16,D2_common_mode_broadband,3,1.0,1.0,1.0,10
ds004444,sub-015,ses-16,D2_common_mode_broadband,4,1.0,1.0,1.0,10
ds004444,sub-015,ses-16,D3_narrowband_35_45,1,1.0,1.0,1.0,10
ds004444,sub-015,ses-16,D3_narrowband_35_45,2,1.0,1.0,1.0,10
ds004444,sub-015,ses-16,D3_narrowband_35_45,3,1.0,1.0,1.0,10
ds004444,sub-015,ses-16,D3_narrowband_35_45,4,1.0,1.0,1.0,10
ds004444,sub-015,ses-16,D4_narrowband_20_30,1,1.0,0.9,1.0,10
ds004444,sub-015,ses-16,D4_narrowband_20_30,2,1.0,1.0,1.0,10
ds004444,sub-015,ses-16,D4_narrowband_20_30,3,1.0,1.0,1.0,10
ds004444,sub-015,ses-16,D4_narrowband_20_30,4,1.0,1.0,1.0,10
ds004444,sub-015,ses-16,D5_transient_impulse,1,1.0,0.8,0.8,10
ds004444,sub-015,ses-16,D5_transient_impulse,2,1.0,1.0,1.0,10
ds004444,sub-015,ses-16,D5_transient_impulse,3,1.0,1.0,1.0,10
ds004444,sub-015,ses-16,D5_transient_impulse,4,1.0,1.0,1.0,10
ds004444,sub-015,ses-16,D6_clipping,1,0.0,0.0,0.0,10
ds004444,sub-015,ses-16,D6_clipping,2,0.1,0.0,0.0,10
ds004444,sub-015,ses-16,D6_clipping,3,0.0,0.0,0.0,10
ds004444,sub-015,ses-16,D6_clipping,4,0.0,0.0,0.0,10
ds004444,sub-015,ses-16,D7_partial_channel_freeze,1,0.3,0.1,0.1,10
ds004444,sub-015,ses-16,D7_partial_channel_freeze,2,0.6,0.1,0.1,10
ds004444,sub-015,ses-16,D7_partial_channel_freeze,3,0.2,0.0,0.0,10
ds004444,sub-015,ses-16,D7_partial_channel_freeze,4,0.4,0.0,0.0,10
ds004444,sub-015,ses-16,D8_full_channel_variance_collapse,1,0.2,0.0,0.0,10
ds004444,sub-015,ses-16,D8_full_channel_variance_collapse,2,0.2,0.0,0.0,10
ds004444,sub-015,ses-16,D8_full_channel_variance_collapse,3,0.3,0.0,0.0,10
ds004444,sub-015,ses-16,D8_full_channel_variance_collapse,4,0.5,0.0,0.0,10
ds004444,sub-015,ses-16,D9_missing_channel,1,1.0,1.0,1.0,10
ds004444,sub-016,ses-01,D0_unchanged,0,0.0,0.0,0.0,10
ds004444,sub-016,ses-01,D1_single_channel_broadband,1,1.0,1.0,1.0,10
ds004444,sub-016,ses-01,D1_single_channel_broadband,2,1.0,1.0,1.0,10
ds004444,sub-016,ses-01,D1_single_channel_broadband,3,1.0,1.0,1.0,10
ds004444,sub-016,ses-01,D1_single_channel_broadband,4,1.0,1.0,1.0,10
ds004444,sub-016,ses-01,D2_common_mode_broadband,1,1.0,1.0,1.0,10
ds004444,sub-016,ses-01,D2_common_mode_broadband,2,1.0,1.0,1.0,10
ds004444,sub-016,ses-01,D2_common_mode_broadband,3,1.0,1.0,1.0,10
ds004444,sub-016,ses-01,D2_common_mode_broadband,4,1.0,1.0,1.0,10
ds004444,sub-016,ses-01,D3_narrowband_35_45,1,1.0,1.0,1.0,10
ds004444,sub-016,ses-01,D3_narrowband_35_45,2,1.0,1.0,1.0,10
ds004444,sub-016,ses-01,D3_narrowband_35_45,3,1.0,1.0,1.0,10
ds004444,sub-016,ses-01,D3_narrowband_35_45,4,1.0,1.0,1.0,10
ds004444,sub-016,ses-01,D4_narrowband_20_30,1,1.0,1.0,1.0,10
ds004444,sub-016,ses-01,D4_narrowband_20_30,2,1.0,1.0,1.0,10
ds004444,sub-016,ses-01,D4_narrowband_20_30,3,1.0,1.0,1.0,10
ds004444,sub-016,ses-01,D4_narrowband_20_30,4,1.0,1.0,1.0,10
ds004444,sub-016,ses-01,D5_transient_impulse,1,1.0,1.0,1.0,10
ds004444,sub-016,ses-01,D5_transient_impulse,2,1.0,1.0,1.0,10
ds004444,sub-016,ses-01,D5_transient_impulse,3,1.0,1.0,1.0,10
ds004444,sub-016,ses-01,D5_transient_impulse,4,1.0,1.0,1.0,10
ds004444,sub-016,ses-01,D6_clipping,1,0.5,0.0,0.0,10
ds004444,sub-016,ses-01,D6_clipping,2,0.0,0.0,0.0,10
ds004444,sub-016,ses-01,D6_clipping,3,0.0,0.0,0.0,10
ds004444,sub-016,ses-01,D6_clipping,4,0.0,0.0,0.0,10
ds004444,sub-016,ses-01,D7_partial_channel_freeze,1,0.8,0.6,0.6,10
ds004444,sub-016,ses-01,D7_partial_channel_freeze,2,1.0,0.6,0.6,10
ds004444,sub-016,ses-01,D7_partial_channel_freeze,3,0.7,0.4,0.4,10
ds004444,sub-016,ses-01,D7_partial_channel_freeze,4,0.4,0.0,0.0,10
ds004444,sub-016,ses-01,D8_full_channel_variance_collapse,1,0.2,0.0,0.0,10
ds004444,sub-016,ses-01,D8_full_channel_variance_collapse,2,0.4,0.0,0.0,10
ds004444,sub-016,ses-01,D8_full_channel_variance_collapse,3,0.4,0.0,0.0,10
ds004444,sub-016,ses-01,D8_full_channel_variance_collapse,4,0.4,0.0,0.0,10
ds004444,sub-016,ses-01,D9_missing_channel,1,1.0,1.0,1.0,10
ds004444,sub-016,ses-16,D0_unchanged,0,0.0,0.0,0.0,10
ds004444,sub-016,ses-16,D1_single_channel_broadband,1,1.0,1.0,1.0,10
ds004444,sub-016,ses-16,D1_single_channel_broadband,2,1.0,1.0,1.0,10
ds004444,sub-016,ses-16,D1_single_channel_broadband,3,1.0,1.0,1.0,10
ds004444,sub-016,ses-16,D1_single_channel_broadband,4,1.0,1.0,1.0,10
ds004444,sub-016,ses-16,D2_common_mode_broadband,1,1.0,1.0,1.0,10
ds004444,sub-016,ses-16,D2_common_mode_broadband,2,1.0,1.0,1.0,10
ds004444,sub-016,ses-16,D2_common_mode_broadband,3,1.0,1.0,1.0,10
ds004444,sub-016,ses-16,D2_common_mode_broadband,4,1.0,1.0,1.0,10
ds004444,sub-016,ses-16,D3_narrowband_35_45,1,1.0,1.0,1.0,10
ds004444,sub-016,ses-16,D3_narrowband_35_45,2,1.0,1.0,1.0,10
ds004444,sub-016,ses-16,D3_narrowband_35_45,3,1.0,1.0,1.0,10
ds004444,sub-016,ses-16,D3_narrowband_35_45,4,1.0,1.0,1.0,10
ds004444,sub-016,ses-16,D4_narrowband_20_30,1,1.0,0.6,1.0,10
ds004444,sub-016,ses-16,D4_narrowband_20_30,2,1.0,0.8,1.0,10
ds004444,sub-016,ses-16,D4_narrowband_20_30,3,1.0,0.9,1.0,10
ds004444,sub-016,ses-16,D4_narrowband_20_30,4,1.0,1.0,1.0,10
ds004444,sub-016,ses-16,D5_transient_impulse,1,1.0,1.0,1.0,10
ds004444,sub-016,ses-16,D5_transient_impulse,2,1.0,1.0,1.0,10
ds004444,sub-016,ses-16,D5_transient_impulse,3,1.0,1.0,1.0,10
ds004444,sub-016,ses-16,D5_transient_impulse,4,1.0,1.0,1.0,10
ds004444,sub-016,ses-16,D6_clipping,1,0.0,0.0,0.0,10
ds004444,sub-016,ses-16,D6_clipping,2,0.0,0.0,0.0,10
ds004444,sub-016,ses-16,D6_clipping,3,0.0,0.0,0.0,10
ds004444,sub-016,ses-16,D6_clipping,4,0.0,0.0,0.0,10
ds004444,sub-016,ses-16,D7_partial_channel_freeze,1,0.5,0.2,0.1,10
ds004444,sub-016,ses-16,D7_partial_channel_freeze,2,0.8,0.5,0.6,10
ds004444,sub-016,ses-16,D7_partial_channel_freeze,3,0.4,0.0,0.0,10
ds004444,sub-016,ses-16,D7_partial_channel_freeze,4,0.4,0.0,0.0,10
ds004444,sub-016,ses-16,D8_full_channel_variance_collapse,1,0.0,0.0,0.0,10
ds004444,sub-016,ses-16,D8_full_channel_variance_collapse,2,0.1,0.0,0.0,10
ds004444,sub-016,ses-16,D8_full_channel_variance_collapse,3,0.2,0.0,0.0,10
ds004444,sub-016,ses-16,D8_full_channel_variance_collapse,4,0.6,0.0,0.0,10
ds004444,sub-016,ses-16,D9_missing_channel,1,1.0,1.0,1.0,10
ds004444,sub-017,ses-01,D0_unchanged,0,0.0,0.0,0.0,10
ds004444,sub-017,ses-01,D1_single_channel_broadband,1,0.4,0.1,0.1,10
ds004444,sub-017,ses-01,D1_single_channel_broadband,2,0.6,0.6,0.5,10
ds004444,sub-017,ses-01,D1_single_channel_broadband,3,0.8,0.8,0.8,10
ds004444,sub-017,ses-01,D1_single_channel_broadband,4,0.8,0.8,0.8,10
ds004444,sub-017,ses-01,D2_common_mode_broadband,1,1.0,0.7,0.8,10
ds004444,sub-017,ses-01,D2_common_mode_broadband,2,1.0,1.0,1.0,10
ds004444,sub-017,ses-01,D2_common_mode_broadband,3,1.0,1.0,1.0,10
ds004444,sub-017,ses-01,D2_common_mode_broadband,4,1.0,1.0,1.0,10
ds004444,sub-017,ses-01,D3_narrowband_35_45,1,1.0,1.0,1.0,10
ds004444,sub-017,ses-01,D3_narrowband_35_45,2,1.0,1.0,1.0,10
ds004444,sub-017,ses-01,D3_narrowband_35_45,3,1.0,1.0,1.0,10
ds004444,sub-017,ses-01,D3_narrowband_35_45,4,1.0,1.0,1.0,10
ds004444,sub-017,ses-01,D4_narrowband_20_30,1,1.0,0.7,0.9,10
ds004444,sub-017,ses-01,D4_narrowband_20_30,2,1.0,0.9,1.0,10
ds004444,sub-017,ses-01,D4_narrowband_20_30,3,1.0,0.9,1.0,10
ds004444,sub-017,ses-01,D4_narrowband_20_30,4,1.0,0.9,1.0,10
ds004444,sub-017,ses-01,D5_transient_impulse,1,0.3,0.2,0.0,10
ds004444,sub-017,ses-01,D5_transient_impulse,2,0.6,0.5,0.5,10
ds004444,sub-017,ses-01,D5_transient_impulse,3,0.9,0.8,0.8,10
ds004444,sub-017,ses-01,D5_transient_impulse,4,1.0,0.9,0.8,10
ds004444,sub-017,ses-01,D6_clipping,1,0.5,0.0,0.0,10
ds004444,sub-017,ses-01,D6_clipping,2,0.9,0.0,0.0,10
ds004444,sub-017,ses-01,D6_clipping,3,1.0,0.0,0.0,10
ds004444,sub-017,ses-01,D6_clipping,4,1.0,0.0,0.0,10
ds004444,sub-017,ses-01,D7_partial_channel_freeze,1,0.0,0.0,0.0,10
ds004444,sub-017,ses-01,D7_partial_channel_freeze,2,0.2,0.0,0.0,10
ds004444,sub-017,ses-01,D7_partial_channel_freeze,3,0.2,0.0,0.0,10
ds004444,sub-017,ses-01,D7_partial_channel_freeze,4,0.2,0.0,0.0,10
ds004444,sub-017,ses-01,D8_full_channel_variance_collapse,1,0.2,0.0,0.0,10
ds004444,sub-017,ses-01,D8_full_channel_variance_collapse,2,0.2,0.0,0.0,10
ds004444,sub-017,ses-01,D8_full_channel_variance_collapse,3,0.2,0.0,0.0,10
ds004444,sub-017,ses-01,D8_full_channel_variance_collapse,4,0.2,0.0,0.0,10
ds004444,sub-017,ses-01,D9_missing_channel,1,1.0,1.0,1.0,10
ds004444,sub-017,ses-16,D0_unchanged,0,0.0,0.0,0.0,10
ds004444,sub-017,ses-16,D1_single_channel_broadband,1,1.0,0.9,0.9,10
ds004444,sub-017,ses-16,D1_single_channel_broadband,2,1.0,1.0,1.0,10
ds004444,sub-017,ses-16,D1_single_channel_broadband,3,1.0,1.0,1.0,10
ds004444,sub-017,ses-16,D1_single_channel_broadband,4,1.0,1.0,1.0,10
ds004444,sub-017,ses-16,D2_common_mode_broadband,1,1.0,1.0,1.0,10
ds004444,sub-017,ses-16,D2_common_mode_broadband,2,1.0,1.0,1.0,10
ds004444,sub-017,ses-16,D2_common_mode_broadband,3,1.0,1.0,1.0,10
ds004444,sub-017,ses-16,D2_common_mode_broadband,4,1.0,1.0,1.0,10
ds004444,sub-017,ses-16,D3_narrowband_35_45,1,1.0,1.0,1.0,10
ds004444,sub-017,ses-16,D3_narrowband_35_45,2,1.0,1.0,1.0,10
ds004444,sub-017,ses-16,D3_narrowband_35_45,3,1.0,1.0,1.0,10
ds004444,sub-017,ses-16,D3_narrowband_35_45,4,1.0,1.0,1.0,10
ds004444,sub-017,ses-16,D4_narrowband_20_30,1,1.0,0.6,1.0,10
ds004444,sub-017,ses-16,D4_narrowband_20_30,2,1.0,0.7,1.0,10
ds004444,sub-017,ses-16,D4_narrowband_20_30,3,1.0,0.7,1.0,10
ds004444,sub-017,ses-16,D4_narrowband_20_30,4,1.0,0.7,1.0,10
ds004444,sub-017,ses-16,D5_transient_impulse,1,1.0,0.9,0.9,10
ds004444,sub-017,ses-16,D5_transient_impulse,2,1.0,1.0,1.0,10
ds004444,sub-017,ses-16,D5_transient_impulse,3,1.0,1.0,1.0,10
ds004444,sub-017,ses-16,D5_transient_impulse,4,1.0,1.0,1.0,10
ds004444,sub-017,ses-16,D6_clipping,1,0.0,0.0,0.0,10
ds004444,sub-017,ses-16,D6_clipping,2,0.0,0.0,0.0,10
ds004444,sub-017,ses-16,D6_clipping,3,0.0,0.0,0.0,10
ds004444,sub-017,ses-16,D6_clipping,4,0.0,0.0,0.0,10
ds004444,sub-017,ses-16,D7_partial_channel_freeze,1,0.4,0.0,0.1,10
ds004444,sub-017,ses-16,D7_partial_channel_freeze,2,0.6,0.1,0.1,10
ds004444,sub-017,ses-16,D7_partial_channel_freeze,3,0.4,0.0,0.0,10
ds004444,sub-017,ses-16,D7_partial_channel_freeze,4,0.5,0.0,0.0,10
ds004444,sub-017,ses-16,D8_full_channel_variance_collapse,1,0.0,0.0,0.0,10
ds004444,sub-017,ses-16,D8_full_channel_variance_collapse,2,0.1,0.0,0.0,10
ds004444,sub-017,ses-16,D8_full_channel_variance_collapse,3,0.5,0.0,0.0,10
ds004444,sub-017,ses-16,D8_full_channel_variance_collapse,4,0.5,0.0,0.0,10
ds004444,sub-017,ses-16,D9_missing_channel,1,1.0,1.0,1.0,10
ds004444,sub-018,ses-01,D0_unchanged,0,0.0,0.0,0.0,10
ds004444,sub-018,ses-01,D1_single_channel_broadband,1,0.5,0.1,0.2,10
ds004444,sub-018,ses-01,D1_single_channel_broadband,2,1.0,0.7,0.7,10
ds004444,sub-018,ses-01,D1_single_channel_broadband,3,1.0,1.0,1.0,10
ds004444,sub-018,ses-01,D1_single_channel_broadband,4,1.0,1.0,1.0,10
ds004444,sub-018,ses-01,D2_common_mode_broadband,1,1.0,0.8,0.9,10
ds004444,sub-018,ses-01,D2_common_mode_broadband,2,1.0,1.0,1.0,10
ds004444,sub-018,ses-01,D2_common_mode_broadband,3,1.0,1.0,1.0,10
ds004444,sub-018,ses-01,D2_common_mode_broadband,4,1.0,1.0,1.0,10
ds004444,sub-018,ses-01,D3_narrowband_35_45,1,1.0,1.0,1.0,10
ds004444,sub-018,ses-01,D3_narrowband_35_45,2,1.0,1.0,1.0,10
ds004444,sub-018,ses-01,D3_narrowband_35_45,3,1.0,1.0,1.0,10
ds004444,sub-018,ses-01,D3_narrowband_35_45,4,1.0,1.0,1.0,10
ds004444,sub-018,ses-01,D4_narrowband_20_30,1,1.0,0.7,0.8,10
ds004444,sub-018,ses-01,D4_narrowband_20_30,2,1.0,0.7,0.8,10
ds004444,sub-018,ses-01,D4_narrowband_20_30,3,1.0,0.8,1.0,10
ds004444,sub-018,ses-01,D4_narrowband_20_30,4,1.0,0.9,1.0,10
ds004444,sub-018,ses-01,D5_transient_impulse,1,0.5,0.1,0.1,10
ds004444,sub-018,ses-01,D5_transient_impulse,2,0.8,0.8,0.9,10
ds004444,sub-018,ses-01,D5_transient_impulse,3,1.0,1.0,1.0,10
ds004444,sub-018,ses-01,D5_transient_impulse,4,1.0,1.0,1.0,10
ds004444,sub-018,ses-01,D6_clipping,1,0.0,0.0,0.0,10
ds004444,sub-018,ses-01,D6_clipping,2,0.0,0.0,0.0,10
ds004444,sub-018,ses-01,D6_clipping,3,0.0,0.0,0.0,10
ds004444,sub-018,ses-01,D6_clipping,4,0.0,0.0,0.0,10
ds004444,sub-018,ses-01,D7_partial_channel_freeze,1,0.0,0.0,0.0,10
ds004444,sub-018,ses-01,D7_partial_channel_freeze,2,0.2,0.0,0.0,10
ds004444,sub-018,ses-01,D7_partial_channel_freeze,3,0.4,0.0,0.0,10
ds004444,sub-018,ses-01,D7_partial_channel_freeze,4,0.5,0.0,0.0,10
ds004444,sub-018,ses-01,D8_full_channel_variance_collapse,1,0.2,0.0,0.0,10
ds004444,sub-018,ses-01,D8_full_channel_variance_collapse,2,0.2,0.0,0.0,10
ds004444,sub-018,ses-01,D8_full_channel_variance_collapse,3,0.4,0.0,0.0,10
ds004444,sub-018,ses-01,D8_full_channel_variance_collapse,4,0.5,0.0,0.0,10
ds004444,sub-018,ses-01,D9_missing_channel,1,1.0,1.0,1.0,10
ds004444,sub-018,ses-16,D0_unchanged,0,0.0,0.0,0.0,10
ds004444,sub-018,ses-16,D1_single_channel_broadband,1,0.0,0.0,0.0,10
ds004444,sub-018,ses-16,D1_single_channel_broadband,2,0.3,0.1,0.1,10
ds004444,sub-018,ses-16,D1_single_channel_broadband,3,0.6,0.3,0.3,10
ds004444,sub-018,ses-16,D1_single_channel_broadband,4,0.9,0.7,0.7,10
ds004444,sub-018,ses-16,D2_common_mode_broadband,1,0.6,0.2,0.2,10
ds004444,sub-018,ses-16,D2_common_mode_broadband,2,1.0,0.5,0.5,10
ds004444,sub-018,ses-16,D2_common_mode_broadband,3,1.0,1.0,1.0,10
ds004444,sub-018,ses-16,D2_common_mode_broadband,4,1.0,1.0,1.0,10
ds004444,sub-018,ses-16,D3_narrowband_35_45,1,1.0,0.4,0.9,10
ds004444,sub-018,ses-16,D3_narrowband_35_45,2,1.0,0.8,1.0,10
ds004444,sub-018,ses-16,D3_narrowband_35_45,3,1.0,1.0,1.0,10
ds004444,sub-018,ses-16,D3_narrowband_35_45,4,1.0,1.0,1.0,10
ds004444,sub-018,ses-16,D4_narrowband_20_30,1,1.0,0.3,0.4,10
ds004444,sub-018,ses-16,D4_narrowband_20_30,2,1.0,0.3,0.9,10
ds004444,sub-018,ses-16,D4_narrowband_20_30,3,1.0,0.4,0.9,10
ds004444,sub-018,ses-16,D4_narrowband_20_30,4,1.0,0.4,0.9,10
ds004444,sub-018,ses-16,D5_transient_impulse,1,0.1,0.0,0.0,10
ds004444,sub-018,ses-16,D5_transient_impulse,2,0.2,0.0,0.0,10
ds004444,sub-018,ses-16,D5_transient_impulse,3,0.9,0.7,0.7,10
ds004444,sub-018,ses-16,D5_transient_impulse,4,1.0,1.0,1.0,10
ds004444,sub-018,ses-16,D6_clipping,1,0.0,0.0,0.0,10
ds004444,sub-018,ses-16,D6_clipping,2,0.0,0.0,0.0,10
ds004444,sub-018,ses-16,D6_clipping,3,0.1,0.0,0.0,10
ds004444,sub-018,ses-16,D6_clipping,4,0.7,0.0,0.0,10
ds004444,sub-018,ses-16,D7_partial_channel_freeze,1,0.1,0.0,0.0,10
ds004444,sub-018,ses-16,D7_partial_channel_freeze,2,0.1,0.0,0.0,10
ds004444,sub-018,ses-16,D7_partial_channel_freeze,3,0.7,0.0,0.0,10
ds004444,sub-018,ses-16,D7_partial_channel_freeze,4,0.7,0.0,0.0,10
ds004444,sub-018,ses-16,D8_full_channel_variance_collapse,1,0.1,0.0,0.0,10
ds004444,sub-018,ses-16,D8_full_channel_variance_collapse,2,0.5,0.0,0.0,10
ds004444,sub-018,ses-16,D8_full_channel_variance_collapse,3,0.6,0.0,0.0,10
ds004444,sub-018,ses-16,D8_full_channel_variance_collapse,4,0.7,0.0,0.0,10
ds004444,sub-018,ses-16,D9_missing_channel,1,1.0,1.0,1.0,10
ds004444,sub-019,ses-01,D0_unchanged,0,0.0,0.0,0.0,10
ds004444,sub-019,ses-01,D1_single_channel_broadband,1,0.5,0.5,0.5,10
ds004444,sub-019,ses-01,D1_single_channel_broadband,2,0.8,0.5,0.5,10
ds004444,sub-019,ses-01,D1_single_channel_broadband,3,1.0,0.7,0.7,10
ds004444,sub-019,ses-01,D1_single_channel_broadband,4,1.0,0.9,0.9,10
ds004444,sub-019,ses-01,D2_common_mode_broadband,1,1.0,1.0,1.0,10
ds004444,sub-019,ses-01,D2_common_mode_broadband,2,1.0,1.0,1.0,10
ds004444,sub-019,ses-01,D2_common_mode_broadband,3,1.0,1.0,1.0,10
ds004444,sub-019,ses-01,D2_common_mode_broadband,4,1.0,1.0,1.0,10
ds004444,sub-019,ses-01,D3_narrowband_35_45,1,1.0,1.0,1.0,10
ds004444,sub-019,ses-01,D3_narrowband_35_45,2,1.0,1.0,1.0,10
ds004444,sub-019,ses-01,D3_narrowband_35_45,3,1.0,1.0,1.0,10
ds004444,sub-019,ses-01,D3_narrowband_35_45,4,1.0,1.0,1.0,10
ds004444,sub-019,ses-01,D4_narrowband_20_30,1,1.0,0.7,0.9,10
ds004444,sub-019,ses-01,D4_narrowband_20_30,2,1.0,0.7,1.0,10
ds004444,sub-019,ses-01,D4_narrowband_20_30,3,1.0,0.7,1.0,10
ds004444,sub-019,ses-01,D4_narrowband_20_30,4,1.0,0.7,1.0,10
ds004444,sub-019,ses-01,D5_transient_impulse,1,0.7,0.4,0.4,10
ds004444,sub-019,ses-01,D5_transient_impulse,2,0.9,0.5,0.5,10
ds004444,sub-019,ses-01,D5_transient_impulse,3,1.0,0.9,1.0,10
ds004444,sub-019,ses-01,D5_transient_impulse,4,1.0,1.0,1.0,10
ds004444,sub-019,ses-01,D6_clipping,1,0.9,0.0,0.0,10
ds004444,sub-019,ses-01,D6_clipping,2,1.0,0.0,0.0,10
ds004444,sub-019,ses-01,D6_clipping,3,1.0,0.0,0.0,10
ds004444,sub-019,ses-01,D6_clipping,4,1.0,0.0,0.0,10
ds004444,sub-019,ses-01,D7_partial_channel_freeze,1,0.1,0.0,0.0,10
ds004444,sub-019,ses-01,D7_partial_channel_freeze,2,0.3,0.1,0.1,10
ds004444,sub-019,ses-01,D7_partial_channel_freeze,3,0.1,0.0,0.0,10
ds004444,sub-019,ses-01,D7_partial_channel_freeze,4,0.4,0.0,0.0,10
ds004444,sub-019,ses-01,D8_full_channel_variance_collapse,1,0.0,0.0,0.0,10
ds004444,sub-019,ses-01,D8_full_channel_variance_collapse,2,0.4,0.0,0.0,10
ds004444,sub-019,ses-01,D8_full_channel_variance_collapse,3,0.4,0.0,0.0,10
ds004444,sub-019,ses-01,D8_full_channel_variance_collapse,4,0.4,0.0,0.0,10
ds004444,sub-019,ses-01,D9_missing_channel,1,1.0,1.0,1.0,10
ds004444,sub-019,ses-16,D0_unchanged,0,0.0,0.0,0.0,10
ds004444,sub-019,ses-16,D1_single_channel_broadband,1,0.9,0.5,0.5,10
ds004444,sub-019,ses-16,D1_single_channel_broadband,2,1.0,0.7,0.7,10
ds004444,sub-019,ses-16,D1_single_channel_broadband,3,1.0,0.9,0.9,10
ds004444,sub-019,ses-16,D1_single_channel_broadband,4,1.0,1.0,1.0,10
ds004444,sub-019,ses-16,D2_common_mode_broadband,1,1.0,1.0,1.0,10
ds004444,sub-019,ses-16,D2_common_mode_broadband,2,1.0,1.0,1.0,10
ds004444,sub-019,ses-16,D2_common_mode_broadband,3,1.0,1.0,1.0,10
ds004444,sub-019,ses-16,D2_common_mode_broadband,4,1.0,1.0,1.0,10
ds004444,sub-019,ses-16,D3_narrowband_35_45,1,1.0,1.0,1.0,10
ds004444,sub-019,ses-16,D3_narrowband_35_45,2,1.0,1.0,1.0,10
ds004444,sub-019,ses-16,D3_narrowband_35_45,3,1.0,1.0,1.0,10
ds004444,sub-019,ses-16,D3_narrowband_35_45,4,1.0,1.0,1.0,10
ds004444,sub-019,ses-16,D4_narrowband_20_30,1,1.0,0.6,1.0,10
ds004444,sub-019,ses-16,D4_narrowband_20_30,2,1.0,0.8,1.0,10
ds004444,sub-019,ses-16,D4_narrowband_20_30,3,1.0,1.0,1.0,10
ds004444,sub-019,ses-16,D4_narrowband_20_30,4,1.0,1.0,1.0,10
ds004444,sub-019,ses-16,D5_transient_impulse,1,0.8,0.6,0.6,10
ds004444,sub-019,ses-16,D5_transient_impulse,2,1.0,0.6,0.7,10
ds004444,sub-019,ses-16,D5_transient_impulse,3,1.0,1.0,1.0,10
ds004444,sub-019,ses-16,D5_transient_impulse,4,1.0,1.0,1.0,10
ds004444,sub-019,ses-16,D6_clipping,1,0.0,0.0,0.0,10
ds004444,sub-019,ses-16,D6_clipping,2,0.1,0.0,0.0,10
ds004444,sub-019,ses-16,D6_clipping,3,0.1,0.0,0.0,10
ds004444,sub-019,ses-16,D6_clipping,4,0.0,0.0,0.0,10
ds004444,sub-019,ses-16,D7_partial_channel_freeze,1,0.1,0.0,0.0,10
ds004444,sub-019,ses-16,D7_partial_channel_freeze,2,0.1,0.0,0.0,10
ds004444,sub-019,ses-16,D7_partial_channel_freeze,3,0.2,0.0,0.0,10
ds004444,sub-019,ses-16,D7_partial_channel_freeze,4,0.2,0.0,0.0,10
ds004444,sub-019,ses-16,D8_full_channel_variance_collapse,1,0.0,0.0,0.0,10
ds004444,sub-019,ses-16,D8_full_channel_variance_collapse,2,0.1,0.0,0.0,10
ds004444,sub-019,ses-16,D8_full_channel_variance_collapse,3,0.2,0.0,0.0,10
ds004444,sub-019,ses-16,D8_full_channel_variance_collapse,4,0.2,0.0,0.0,10
ds004444,sub-019,ses-16,D9_missing_channel,1,1.0,1.0,1.0,10
ds004444,sub-020,ses-01,D0_unchanged,0,0.0,0.0,0.0,10
ds004444,sub-020,ses-01,D1_single_channel_broadband,1,0.0,0.0,0.0,10
ds004444,sub-020,ses-01,D1_single_channel_broadband,2,0.4,0.2,0.2,10
ds004444,sub-020,ses-01,D1_single_channel_broadband,3,0.6,0.3,0.3,10
ds004444,sub-020,ses-01,D1_single_channel_broadband,4,0.9,0.5,0.5,10
ds004444,sub-020,ses-01,D2_common_mode_broadband,1,0.6,0.3,0.3,10
ds004444,sub-020,ses-01,D2_common_mode_broadband,2,1.0,0.7,0.7,10
ds004444,sub-020,ses-01,D2_common_mode_broadband,3,1.0,0.9,0.9,10
ds004444,sub-020,ses-01,D2_common_mode_broadband,4,1.0,1.0,1.0,10
ds004444,sub-020,ses-01,D3_narrowband_35_45,1,1.0,0.5,0.7,10
ds004444,sub-020,ses-01,D3_narrowband_35_45,2,1.0,0.8,1.0,10
ds004444,sub-020,ses-01,D3_narrowband_35_45,3,1.0,1.0,1.0,10
ds004444,sub-020,ses-01,D3_narrowband_35_45,4,1.0,1.0,1.0,10
ds004444,sub-020,ses-01,D4_narrowband_20_30,1,1.0,0.3,0.5,10
ds004444,sub-020,ses-01,D4_narrowband_20_30,2,1.0,0.4,0.8,10
ds004444,sub-020,ses-01,D4_narrowband_20_30,3,1.0,0.4,0.9,10
ds004444,sub-020,ses-01,D4_narrowband_20_30,4,1.0,0.5,0.9,10
ds004444,sub-020,ses-01,D5_transient_impulse,1,0.2,0.0,0.0,10
ds004444,sub-020,ses-01,D5_transient_impulse,2,0.5,0.2,0.1,10
ds004444,sub-020,ses-01,D5_transient_impulse,3,0.9,0.5,0.6,10
ds004444,sub-020,ses-01,D5_transient_impulse,4,1.0,1.0,1.0,10
ds004444,sub-020,ses-01,D6_clipping,1,0.0,0.0,0.0,10
ds004444,sub-020,ses-01,D6_clipping,2,0.0,0.0,0.0,10
ds004444,sub-020,ses-01,D6_clipping,3,0.0,0.0,0.0,10
ds004444,sub-020,ses-01,D6_clipping,4,0.0,0.0,0.0,10
ds004444,sub-020,ses-01,D7_partial_channel_freeze,1,0.0,0.0,0.0,10
ds004444,sub-020,ses-01,D7_partial_channel_freeze,2,0.0,0.0,0.0,10
ds004444,sub-020,ses-01,D7_partial_channel_freeze,3,0.1,0.0,0.0,10
ds004444,sub-020,ses-01,D7_partial_channel_freeze,4,0.1,0.0,0.0,10
ds004444,sub-020,ses-01,D8_full_channel_variance_collapse,1,0.0,0.0,0.0,10
ds004444,sub-020,ses-01,D8_full_channel_variance_collapse,2,0.0,0.0,0.0,10
ds004444,sub-020,ses-01,D8_full_channel_variance_collapse,3,0.1,0.0,0.0,10
ds004444,sub-020,ses-01,D8_full_channel_variance_collapse,4,0.1,0.0,0.0,10
ds004444,sub-020,ses-01,D9_missing_channel,1,1.0,1.0,1.0,10
ds004444,sub-020,ses-08,D0_unchanged,0,0.0,0.0,0.0,10
ds004444,sub-020,ses-08,D1_single_channel_broadband,1,0.2,0.1,0.1,10
ds004444,sub-020,ses-08,D1_single_channel_broadband,2,0.4,0.2,0.2,10
ds004444,sub-020,ses-08,D1_single_channel_broadband,3,0.7,0.4,0.3,10
ds004444,sub-020,ses-08,D1_single_channel_broadband,4,0.7,0.4,0.5,10
ds004444,sub-020,ses-08,D2_common_mode_broadband,1,1.0,0.2,0.1,10
ds004444,sub-020,ses-08,D2_common_mode_broadband,2,1.0,0.7,0.8,10
ds004444,sub-020,ses-08,D2_common_mode_broadband,3,1.0,0.9,1.0,10
ds004444,sub-020,ses-08,D2_common_mode_broadband,4,1.0,1.0,1.0,10
ds004444,sub-020,ses-08,D3_narrowband_35_45,1,1.0,0.4,0.7,10
ds004444,sub-020,ses-08,D3_narrowband_35_45,2,1.0,0.9,1.0,10
ds004444,sub-020,ses-08,D3_narrowband_35_45,3,1.0,1.0,1.0,10
ds004444,sub-020,ses-08,D3_narrowband_35_45,4,1.0,1.0,1.0,10
ds004444,sub-020,ses-08,D4_narrowband_20_30,1,1.0,0.1,0.6,10
ds004444,sub-020,ses-08,D4_narrowband_20_30,2,1.0,0.4,0.8,10
ds004444,sub-020,ses-08,D4_narrowband_20_30,3,1.0,0.5,0.8,10
ds004444,sub-020,ses-08,D4_narrowband_20_30,4,1.0,0.5,1.0,10
ds004444,sub-020,ses-08,D5_transient_impulse,1,0.3,0.1,0.1,10
ds004444,sub-020,ses-08,D5_transient_impulse,2,0.6,0.2,0.2,10
ds004444,sub-020,ses-08,D5_transient_impulse,3,1.0,0.7,0.7,10
ds004444,sub-020,ses-08,D5_transient_impulse,4,1.0,1.0,1.0,10
ds004444,sub-020,ses-08,D6_clipping,1,0.0,0.0,0.0,10
ds004444,sub-020,ses-08,D6_clipping,2,0.0,0.0,0.0,10
ds004444,sub-020,ses-08,D6_clipping,3,0.0,0.0,0.0,10
ds004444,sub-020,ses-08,D6_clipping,4,0.8,0.0,0.0,10
ds004444,sub-020,ses-08,D7_partial_channel_freeze,1,0.0,0.0,0.0,10
ds004444,sub-020,ses-08,D7_partial_channel_freeze,2,0.0,0.0,0.0,10
ds004444,sub-020,ses-08,D7_partial_channel_freeze,3,0.0,0.0,0.0,10
ds004444,sub-020,ses-08,D7_partial_channel_freeze,4,0.0,0.0,0.0,10
ds004444,sub-020,ses-08,D8_full_channel_variance_collapse,1,0.0,0.0,0.0,10
ds004444,sub-020,ses-08,D8_full_channel_variance_collapse,2,0.0,0.0,0.0,10
ds004444,sub-020,ses-08,D8_full_channel_variance_collapse,3,0.0,0.0,0.0,10
ds004444,sub-020,ses-08,D8_full_channel_variance_collapse,4,0.0,0.0,0.0,10
ds004444,sub-020,ses-08,D9_missing_channel,1,1.0,1.0,1.0,10
ds004444,sub-021,ses-01,D0_unchanged,0,0.0,0.0,0.0,10
ds004444,sub-021,ses-01,D1_single_channel_broadband,1,0.0,0.0,0.0,10
ds004444,sub-021,ses-01,D1_single_channel_broadband,2,0.3,0.0,0.0,10
ds004444,sub-021,ses-01,D1_single_channel_broadband,3,0.3,0.0,0.0,10
ds004444,sub-021,ses-01,D1_single_channel_broadband,4,0.7,0.3,0.3,10
ds004444,sub-021,ses-01,D2_common_mode_broadband,1,0.2,0.0,0.0,10
ds004444,sub-021,ses-01,D2_common_mode_broadband,2,0.8,0.1,0.1,10
ds004444,sub-021,ses-01,D2_common_mode_broadband,3,0.9,0.6,0.6,10
ds004444,sub-021,ses-01,D2_common_mode_broadband,4,1.0,0.9,0.9,10
ds004444,sub-021,ses-01,D3_narrowband_35_45,1,1.0,0.3,0.3,10
ds004444,sub-021,ses-01,D3_narrowband_35_45,2,1.0,0.7,1.0,10
ds004444,sub-021,ses-01,D3_narrowband_35_45,3,1.0,0.8,1.0,10
ds004444,sub-021,ses-01,D3_narrowband_35_45,4,1.0,0.9,1.0,10
ds004444,sub-021,ses-01,D4_narrowband_20_30,1,0.9,0.1,0.1,10
ds004444,sub-021,ses-01,D4_narrowband_20_30,2,1.0,0.2,0.5,10
ds004444,sub-021,ses-01,D4_narrowband_20_30,3,1.0,0.3,0.5,10
ds004444,sub-021,ses-01,D4_narrowband_20_30,4,1.0,0.3,0.5,10
ds004444,sub-021,ses-01,D5_transient_impulse,1,0.2,0.0,0.0,10
ds004444,sub-021,ses-01,D5_transient_impulse,2,0.3,0.0,0.0,10
ds004444,sub-021,ses-01,D5_transient_impulse,3,0.6,0.3,0.3,10
ds004444,sub-021,ses-01,D5_transient_impulse,4,1.0,0.8,0.9,10
ds004444,sub-021,ses-01,D6_clipping,1,0.0,0.0,0.0,10
ds004444,sub-021,ses-01,D6_clipping,2,0.0,0.0,0.0,10
ds004444,sub-021,ses-01,D6_clipping,3,0.0,0.0,0.0,10
ds004444,sub-021,ses-01,D6_clipping,4,0.0,0.0,0.0,10
ds004444,sub-021,ses-01,D7_partial_channel_freeze,1,0.0,0.0,0.0,10
ds004444,sub-021,ses-01,D7_partial_channel_freeze,2,0.0,0.0,0.0,10
ds004444,sub-021,ses-01,D7_partial_channel_freeze,3,0.1,0.0,0.0,10
ds004444,sub-021,ses-01,D7_partial_channel_freeze,4,0.1,0.0,0.0,10
ds004444,sub-021,ses-01,D8_full_channel_variance_collapse,1,0.0,0.0,0.0,10
ds004444,sub-021,ses-01,D8_full_channel_variance_collapse,2,0.0,0.0,0.0,10
ds004444,sub-021,ses-01,D8_full_channel_variance_collapse,3,0.1,0.0,0.0,10
ds004444,sub-021,ses-01,D8_full_channel_variance_collapse,4,0.1,0.0,0.0,10
ds004444,sub-021,ses-01,D9_missing_channel,1,1.0,1.0,1.0,10
ds004444,sub-021,ses-16,D0_unchanged,0,0.0,0.0,0.0,10
ds004444,sub-021,ses-16,D1_single_channel_broadband,1,0.1,0.0,0.0,10
ds004444,sub-021,ses-16,D1_single_channel_broadband,2,0.1,0.0,0.0,10
ds004444,sub-021,ses-16,D1_single_channel_broadband,3,0.3,0.2,0.1,10
ds004444,sub-021,ses-16,D1_single_channel_broadband,4,0.4,0.3,0.2,10
ds004444,sub-021,ses-16,D2_common_mode_broadband,1,0.3,0.0,0.0,10
ds004444,sub-021,ses-16,D2_common_mode_broadband,2,0.6,0.1,0.1,10
ds004444,sub-021,ses-16,D2_common_mode_broadband,3,1.0,0.8,0.7,10
ds004444,sub-021,ses-16,D2_common_mode_broadband,4,1.0,1.0,1.0,10
ds004444,sub-021,ses-16,D3_narrowband_35_45,1,1.0,0.3,0.3,10
ds004444,sub-021,ses-16,D3_narrowband_35_45,2,1.0,0.8,1.0,10
ds004444,sub-021,ses-16,D3_narrowband_35_45,3,1.0,1.0,1.0,10
ds004444,sub-021,ses-16,D3_narrowband_35_45,4,1.0,1.0,1.0,10
ds004444,sub-021,ses-16,D4_narrowband_20_30,1,1.0,0.1,0.3,10
ds004444,sub-021,ses-16,D4_narrowband_20_30,2,1.0,0.4,0.8,10
ds004444,sub-021,ses-16,D4_narrowband_20_30,3,1.0,0.6,0.9,10
ds004444,sub-021,ses-16,D4_narrowband_20_30,4,1.0,0.7,1.0,10
ds004444,sub-021,ses-16,D5_transient_impulse,1,0.2,0.0,0.0,10
ds004444,sub-021,ses-16,D5_transient_impulse,2,0.2,0.0,0.0,10
ds004444,sub-021,ses-16,D5_transient_impulse,3,0.8,0.4,0.4,10
ds004444,sub-021,ses-16,D5_transient_impulse,4,1.0,0.9,1.0,10
ds004444,sub-021,ses-16,D6_clipping,1,0.1,0.0,0.0,10
ds004444,sub-021,ses-16,D6_clipping,2,0.3,0.0,0.0,10
ds004444,sub-021,ses-16,D6_clipping,3,0.8,0.0,0.0,10
ds004444,sub-021,ses-16,D6_clipping,4,1.0,0.0,0.0,10
ds004444,sub-021,ses-16,D7_partial_channel_freeze,1,0.0,0.0,0.0,10
ds004444,sub-021,ses-16,D7_partial_channel_freeze,2,0.4,0.0,0.0,10
ds004444,sub-021,ses-16,D7_partial_channel_freeze,3,0.4,0.0,0.0,10
ds004444,sub-021,ses-16,D7_partial_channel_freeze,4,0.4,0.0,0.0,10
ds004444,sub-021,ses-16,D8_full_channel_variance_collapse,1,0.4,0.0,0.0,10
ds004444,sub-021,ses-16,D8_full_channel_variance_collapse,2,0.4,0.0,0.0,10
ds004444,sub-021,ses-16,D8_full_channel_variance_collapse,3,0.4,0.0,0.0,10
ds004444,sub-021,ses-16,D8_full_channel_variance_collapse,4,0.4,0.0,0.0,10
ds004444,sub-021,ses-16,D9_missing_channel,1,1.0,1.0,1.0,10
ds004444,sub-022,ses-01,D0_unchanged,0,0.0,0.0,0.0,10
ds004444,sub-022,ses-01,D1_single_channel_broadband,1,0.1,0.0,0.0,10
ds004444,sub-022,ses-01,D1_single_channel_broadband,2,0.2,0.1,0.0,10
ds004444,sub-022,ses-01,D1_single_channel_broadband,3,0.7,0.2,0.0,10
ds004444,sub-022,ses-01,D1_single_channel_broadband,4,0.8,0.3,0.3,10
ds004444,sub-022,ses-01,D2_common_mode_broadband,1,0.4,0.0,0.0,10
ds004444,sub-022,ses-01,D2_common_mode_broadband,2,0.9,0.5,0.5,10
ds004444,sub-022,ses-01,D2_common_mode_broadband,3,1.0,1.0,1.0,10
ds004444,sub-022,ses-01,D2_common_mode_broadband,4,1.0,1.0,1.0,10
ds004444,sub-022,ses-01,D3_narrowband_35_45,1,1.0,0.4,0.9,10
ds004444,sub-022,ses-01,D3_narrowband_35_45,2,1.0,0.8,1.0,10
ds004444,sub-022,ses-01,D3_narrowband_35_45,3,1.0,1.0,1.0,10
ds004444,sub-022,ses-01,D3_narrowband_35_45,4,1.0,1.0,1.0,10
ds004444,sub-022,ses-01,D4_narrowband_20_30,1,1.0,0.2,0.3,10
ds004444,sub-022,ses-01,D4_narrowband_20_30,2,1.0,0.2,0.6,10
ds004444,sub-022,ses-01,D4_narrowband_20_30,3,1.0,0.2,0.7,10
ds004444,sub-022,ses-01,D4_narrowband_20_30,4,1.0,0.4,0.7,10
ds004444,sub-022,ses-01,D5_transient_impulse,1,0.1,0.0,0.0,10
ds004444,sub-022,ses-01,D5_transient_impulse,2,0.2,0.0,0.0,10
ds004444,sub-022,ses-01,D5_transient_impulse,3,0.9,0.4,0.4,10
ds004444,sub-022,ses-01,D5_transient_impulse,4,1.0,0.8,0.8,10
ds004444,sub-022,ses-01,D6_clipping,1,0.0,0.0,0.0,10
ds004444,sub-022,ses-01,D6_clipping,2,0.0,0.0,0.0,10
ds004444,sub-022,ses-01,D6_clipping,3,0.0,0.0,0.0,10
ds004444,sub-022,ses-01,D6_clipping,4,0.2,0.0,0.0,10
ds004444,sub-022,ses-01,D7_partial_channel_freeze,1,0.0,0.0,0.0,10
ds004444,sub-022,ses-01,D7_partial_channel_freeze,2,0.0,0.0,0.0,10
ds004444,sub-022,ses-01,D7_partial_channel_freeze,3,0.2,0.0,0.0,10
ds004444,sub-022,ses-01,D7_partial_channel_freeze,4,0.2,0.0,0.0,10
ds004444,sub-022,ses-01,D8_full_channel_variance_collapse,1,0.0,0.0,0.0,10
ds004444,sub-022,ses-01,D8_full_channel_variance_collapse,2,0.2,0.0,0.0,10
ds004444,sub-022,ses-01,D8_full_channel_variance_collapse,3,0.2,0.0,0.0,10
ds004444,sub-022,ses-01,D8_full_channel_variance_collapse,4,0.2,0.0,0.0,10
ds004444,sub-022,ses-01,D9_missing_channel,1,1.0,1.0,1.0,10
ds004444,sub-022,ses-16,D0_unchanged,0,0.0,0.0,0.0,10
ds004444,sub-022,ses-16,D1_single_channel_broadband,1,1.0,0.9,0.9,10
ds004444,sub-022,ses-16,D1_single_channel_broadband,2,1.0,1.0,1.0,10
ds004444,sub-022,ses-16,D1_single_channel_broadband,3,1.0,1.0,1.0,10
ds004444,sub-022,ses-16,D1_single_channel_broadband,4,1.0,1.0,1.0,10
ds004444,sub-022,ses-16,D2_common_mode_broadband,1,1.0,1.0,1.0,10
ds004444,sub-022,ses-16,D2_common_mode_broadband,2,1.0,1.0,1.0,10
ds004444,sub-022,ses-16,D2_common_mode_broadband,3,1.0,1.0,1.0,10
ds004444,sub-022,ses-16,D2_common_mode_broadband,4,1.0,1.0,1.0,10
ds004444,sub-022,ses-16,D3_narrowband_35_45,1,1.0,1.0,1.0,10
ds004444,sub-022,ses-16,D3_narrowband_35_45,2,1.0,1.0,1.0,10
ds004444,sub-022,ses-16,D3_narrowband_35_45,3,1.0,1.0,1.0,10
ds004444,sub-022,ses-16,D3_narrowband_35_45,4,1.0,1.0,1.0,10
ds004444,sub-022,ses-16,D4_narrowband_20_30,1,1.0,0.1,1.0,10
ds004444,sub-022,ses-16,D4_narrowband_20_30,2,1.0,0.3,1.0,10
ds004444,sub-022,ses-16,D4_narrowband_20_30,3,1.0,0.4,1.0,10
ds004444,sub-022,ses-16,D4_narrowband_20_30,4,1.0,0.6,1.0,10
ds004444,sub-022,ses-16,D5_transient_impulse,1,1.0,0.6,0.7,10
ds004444,sub-022,ses-16,D5_transient_impulse,2,1.0,1.0,1.0,10
ds004444,sub-022,ses-16,D5_transient_impulse,3,1.0,1.0,1.0,10
ds004444,sub-022,ses-16,D5_transient_impulse,4,1.0,1.0,1.0,10
ds004444,sub-022,ses-16,D6_clipping,1,0.0,0.0,0.0,10
ds004444,sub-022,ses-16,D6_clipping,2,0.0,0.0,0.0,10
ds004444,sub-022,ses-16,D6_clipping,3,0.0,0.0,0.0,10
ds004444,sub-022,ses-16,D6_clipping,4,0.0,0.0,0.0,10
ds004444,sub-022,ses-16,D7_partial_channel_freeze,1,0.0,0.0,0.0,10
ds004444,sub-022,ses-16,D7_partial_channel_freeze,2,0.2,0.0,0.0,10
ds004444,sub-022,ses-16,D7_partial_channel_freeze,3,0.2,0.0,0.0,10
ds004444,sub-022,ses-16,D7_partial_channel_freeze,4,0.4,0.0,0.0,10
ds004444,sub-022,ses-16,D8_full_channel_variance_collapse,1,0.0,0.0,0.0,10
ds004444,sub-022,ses-16,D8_full_channel_variance_collapse,2,0.3,0.0,0.0,10
ds004444,sub-022,ses-16,D8_full_channel_variance_collapse,3,0.3,0.0,0.0,10
ds004444,sub-022,ses-16,D8_full_channel_variance_collapse,4,0.4,0.0,0.0,10
ds004444,sub-022,ses-16,D9_missing_channel,1,1.0,1.0,1.0,10
ds004444,sub-023,ses-01,D0_unchanged,0,0.0,0.0,0.0,10
ds004444,sub-023,ses-01,D1_single_channel_broadband,1,0.1,0.0,0.0,10
ds004444,sub-023,ses-01,D1_single_channel_broadband,2,0.2,0.2,0.2,10
ds004444,sub-023,ses-01,D1_single_channel_broadband,3,0.5,0.3,0.3,10
ds004444,sub-023,ses-01,D1_single_channel_broadband,4,0.9,0.4,0.5,10
ds004444,sub-023,ses-01,D2_common_mode_broadband,1,0.5,0.1,0.2,10
ds004444,sub-023,ses-01,D2_common_mode_broadband,2,1.0,0.3,0.4,10
ds004444,sub-023,ses-01,D2_common_mode_broadband,3,1.0,0.7,1.0,10
ds004444,sub-023,ses-01,D2_common_mode_broadband,4,1.0,1.0,1.0,10
ds004444,sub-023,ses-01,D3_narrowband_35_45,1,1.0,0.3,0.3,10
ds004444,sub-023,ses-01,D3_narrowband_35_45,2,1.0,0.5,1.0,10
ds004444,sub-023,ses-01,D3_narrowband_35_45,3,1.0,0.7,1.0,10
ds004444,sub-023,ses-01,D3_narrowband_35_45,4,1.0,1.0,1.0,10
ds004444,sub-023,ses-01,D4_narrowband_20_30,1,1.0,0.0,0.2,10
ds004444,sub-023,ses-01,D4_narrowband_20_30,2,1.0,0.0,0.4,10
ds004444,sub-023,ses-01,D4_narrowband_20_30,3,1.0,0.0,0.5,10
ds004444,sub-023,ses-01,D4_narrowband_20_30,4,1.0,0.1,0.5,10
ds004444,sub-023,ses-01,D5_transient_impulse,1,0.1,0.0,0.0,10
ds004444,sub-023,ses-01,D5_transient_impulse,2,0.4,0.1,0.1,10
ds004444,sub-023,ses-01,D5_transient_impulse,3,0.7,0.6,0.5,10
ds004444,sub-023,ses-01,D5_transient_impulse,4,1.0,1.0,1.0,10
ds004444,sub-023,ses-01,D6_clipping,1,0.0,0.0,0.0,10
ds004444,sub-023,ses-01,D6_clipping,2,0.0,0.0,0.0,10
ds004444,sub-023,ses-01,D6_clipping,3,0.0,0.0,0.0,10
ds004444,sub-023,ses-01,D6_clipping,4,0.0,0.0,0.0,10
ds004444,sub-023,ses-01,D7_partial_channel_freeze,1,0.0,0.0,0.0,10
ds004444,sub-023,ses-01,D7_partial_channel_freeze,2,0.0,0.0,0.0,10
ds004444,sub-023,ses-01,D7_partial_channel_freeze,3,0.1,0.0,0.0,10
ds004444,sub-023,ses-01,D7_partial_channel_freeze,4,0.1,0.0,0.0,10
ds004444,sub-023,ses-01,D8_full_channel_variance_collapse,1,0.0,0.0,0.0,10
ds004444,sub-023,ses-01,D8_full_channel_variance_collapse,2,0.0,0.0,0.0,10
ds004444,sub-023,ses-01,D8_full_channel_variance_collapse,3,0.0,0.0,0.0,10
ds004444,sub-023,ses-01,D8_full_channel_variance_collapse,4,0.1,0.0,0.0,10
ds004444,sub-023,ses-01,D9_missing_channel,1,1.0,1.0,1.0,10
ds004444,sub-023,ses-16,D0_unchanged,0,0.0,0.0,0.0,10
ds004444,sub-023,ses-16,D1_single_channel_broadband,1,0.0,0.0,0.0,10
ds004444,sub-023,ses-16,D1_single_channel_broadband,2,0.3,0.0,0.0,10
ds004444,sub-023,ses-16,D1_single_channel_broadband,3,0.7,0.1,0.1,10
ds004444,sub-023,ses-16,D1_single_channel_broadband,4,0.8,0.3,0.2,10
ds004444,sub-023,ses-16,D2_common_mode_broadband,1,0.6,0.1,0.1,10
ds004444,sub-023,ses-16,D2_common_mode_broadband,2,1.0,0.6,0.6,10
ds004444,sub-023,ses-16,D2_common_mode_broadband,3,1.0,0.7,0.7,10
ds004444,sub-023,ses-16,D2_common_mode_broadband,4,1.0,1.0,1.0,10
ds004444,sub-023,ses-16,D3_narrowband_35_45,1,1.0,0.4,0.4,10
ds004444,sub-023,ses-16,D3_narrowband_35_45,2,1.0,0.8,0.9,10
ds004444,sub-023,ses-16,D3_narrowband_35_45,3,1.0,0.9,1.0,10
ds004444,sub-023,ses-16,D3_narrowband_35_45,4,1.0,0.9,1.0,10
ds004444,sub-023,ses-16,D4_narrowband_20_30,1,1.0,0.2,0.2,10
ds004444,sub-023,ses-16,D4_narrowband_20_30,2,1.0,0.4,0.4,10
ds004444,sub-023,ses-16,D4_narrowband_20_30,3,1.0,0.4,0.4,10
ds004444,sub-023,ses-16,D4_narrowband_20_30,4,1.0,0.4,0.8,10
ds004444,sub-023,ses-16,D5_transient_impulse,1,0.0,0.0,0.0,10
ds004444,sub-023,ses-16,D5_transient_impulse,2,0.2,0.0,0.0,10
ds004444,sub-023,ses-16,D5_transient_impulse,3,0.5,0.3,0.3,10
ds004444,sub-023,ses-16,D5_transient_impulse,4,1.0,1.0,1.0,10
ds004444,sub-023,ses-16,D6_clipping,1,0.0,0.0,0.0,10
ds004444,sub-023,ses-16,D6_clipping,2,0.0,0.0,0.0,10
ds004444,sub-023,ses-16,D6_clipping,3,0.0,0.0,0.0,10
ds004444,sub-023,ses-16,D6_clipping,4,0.0,0.0,0.0,10
ds004444,sub-023,ses-16,D7_partial_channel_freeze,1,0.0,0.0,0.0,10
ds004444,sub-023,ses-16,D7_partial_channel_freeze,2,0.1,0.0,0.0,10
ds004444,sub-023,ses-16,D7_partial_channel_freeze,3,0.3,0.1,0.0,10
ds004444,sub-023,ses-16,D7_partial_channel_freeze,4,0.3,0.1,0.0,10
ds004444,sub-023,ses-16,D8_full_channel_variance_collapse,1,0.0,0.0,0.0,10
ds004444,sub-023,ses-16,D8_full_channel_variance_collapse,2,0.0,0.0,0.0,10
ds004444,sub-023,ses-16,D8_full_channel_variance_collapse,3,0.2,0.0,0.0,10
ds004444,sub-023,ses-16,D8_full_channel_variance_collapse,4,0.3,0.1,0.0,10
ds004444,sub-023,ses-16,D9_missing_channel,1,1.0,1.0,1.0,10
ds004444,sub-024,ses-01,D0_unchanged,0,0.0,0.0,0.0,10
ds004444,sub-024,ses-01,D1_single_channel_broadband,1,0.1,0.0,0.0,10
ds004444,sub-024,ses-01,D1_single_channel_broadband,2,0.4,0.1,0.1,10
ds004444,sub-024,ses-01,D1_single_channel_broadband,3,0.5,0.1,0.1,10
ds004444,sub-024,ses-01,D1_single_channel_broadband,4,0.9,0.3,0.3,10
ds004444,sub-024,ses-01,D2_common_mode_broadband,1,0.6,0.0,0.0,10
ds004444,sub-024,ses-01,D2_common_mode_broadband,2,1.0,0.7,0.8,10
ds004444,sub-024,ses-01,D2_common_mode_broadband,3,1.0,0.9,0.9,10
ds004444,sub-024,ses-01,D2_common_mode_broadband,4,1.0,1.0,1.0,10
ds004444,sub-024,ses-01,D3_narrowband_35_45,1,1.0,0.4,0.7,10
ds004444,sub-024,ses-01,D3_narrowband_35_45,2,1.0,0.8,1.0,10
ds004444,sub-024,ses-01,D3_narrowband_35_45,3,1.0,1.0,1.0,10
ds004444,sub-024,ses-01,D3_narrowband_35_45,4,1.0,1.0,1.0,10
ds004444,sub-024,ses-01,D4_narrowband_20_30,1,1.0,0.0,0.5,10
ds004444,sub-024,ses-01,D4_narrowband_20_30,2,1.0,0.1,0.7,10
ds004444,sub-024,ses-01,D4_narrowband_20_30,3,1.0,0.2,0.8,10
ds004444,sub-024,ses-01,D4_narrowband_20_30,4,1.0,0.3,0.8,10
ds004444,sub-024,ses-01,D5_transient_impulse,1,0.1,0.0,0.0,10
ds004444,sub-024,ses-01,D5_transient_impulse,2,0.3,0.0,0.0,10
ds004444,sub-024,ses-01,D5_transient_impulse,3,0.7,0.3,0.3,10
ds004444,sub-024,ses-01,D5_transient_impulse,4,1.0,0.8,1.0,10
ds004444,sub-024,ses-01,D6_clipping,1,0.0,0.0,0.0,10
ds004444,sub-024,ses-01,D6_clipping,2,0.0,0.0,0.0,10
ds004444,sub-024,ses-01,D6_clipping,3,0.1,0.0,0.0,10
ds004444,sub-024,ses-01,D6_clipping,4,0.5,0.0,0.0,10
ds004444,sub-024,ses-01,D7_partial_channel_freeze,1,0.0,0.0,0.0,10
ds004444,sub-024,ses-01,D7_partial_channel_freeze,2,0.3,0.0,0.0,10
ds004444,sub-024,ses-01,D7_partial_channel_freeze,3,0.5,0.0,0.0,10
ds004444,sub-024,ses-01,D7_partial_channel_freeze,4,0.5,0.0,0.0,10
ds004444,sub-024,ses-01,D8_full_channel_variance_collapse,1,0.2,0.0,0.0,10
ds004444,sub-024,ses-01,D8_full_channel_variance_collapse,2,0.4,0.0,0.0,10
ds004444,sub-024,ses-01,D8_full_channel_variance_collapse,3,0.5,0.0,0.0,10
ds004444,sub-024,ses-01,D8_full_channel_variance_collapse,4,0.5,0.0,0.0,10
ds004444,sub-024,ses-01,D9_missing_channel,1,1.0,1.0,1.0,10
ds004444,sub-024,ses-16,D0_unchanged,0,0.0,0.0,0.0,10
ds004444,sub-024,ses-16,D1_single_channel_broadband,1,0.0,0.0,0.0,10
ds004444,sub-024,ses-16,D1_single_channel_broadband,2,0.1,0.0,0.0,10
ds004444,sub-024,ses-16,D1_single_channel_broadband,3,0.8,0.1,0.1,10
ds004444,sub-024,ses-16,D1_single_channel_broadband,4,0.9,0.5,0.5,10
ds004444,sub-024,ses-16,D2_common_mode_broadband,1,0.4,0.2,0.2,10
ds004444,sub-024,ses-16,D2_common_mode_broadband,2,1.0,0.5,0.6,10
ds004444,sub-024,ses-16,D2_common_mode_broadband,3,1.0,1.0,1.0,10
ds004444,sub-024,ses-16,D2_common_mode_broadband,4,1.0,1.0,1.0,10
ds004444,sub-024,ses-16,D3_narrowband_35_45,1,1.0,0.2,0.5,10
ds004444,sub-024,ses-16,D3_narrowband_35_45,2,1.0,0.5,1.0,10
ds004444,sub-024,ses-16,D3_narrowband_35_45,3,1.0,0.8,1.0,10
ds004444,sub-024,ses-16,D3_narrowband_35_45,4,1.0,0.9,1.0,10
ds004444,sub-024,ses-16,D4_narrowband_20_30,1,1.0,0.2,0.4,10
ds004444,sub-024,ses-16,D4_narrowband_20_30,2,1.0,0.2,0.5,10
ds004444,sub-024,ses-16,D4_narrowband_20_30,3,1.0,0.2,0.5,10
ds004444,sub-024,ses-16,D4_narrowband_20_30,4,1.0,0.5,0.6,10
ds004444,sub-024,ses-16,D5_transient_impulse,1,0.0,0.0,0.0,10
ds004444,sub-024,ses-16,D5_transient_impulse,2,0.3,0.0,0.0,10
ds004444,sub-024,ses-16,D5_transient_impulse,3,1.0,0.5,0.6,10
ds004444,sub-024,ses-16,D5_transient_impulse,4,1.0,1.0,1.0,10
ds004444,sub-024,ses-16,D6_clipping,1,0.0,0.0,0.0,10
ds004444,sub-024,ses-16,D6_clipping,2,0.0,0.0,0.0,10
ds004444,sub-024,ses-16,D6_clipping,3,0.0,0.0,0.0,10
ds004444,sub-024,ses-16,D6_clipping,4,0.0,0.0,0.0,10
ds004444,sub-024,ses-16,D7_partial_channel_freeze,1,0.0,0.0,0.0,10
ds004444,sub-024,ses-16,D7_partial_channel_freeze,2,0.1,0.0,0.0,10
ds004444,sub-024,ses-16,D7_partial_channel_freeze,3,0.2,0.0,0.0,10
ds004444,sub-024,ses-16,D7_partial_channel_freeze,4,0.3,0.0,0.0,10
ds004444,sub-024,ses-16,D8_full_channel_variance_collapse,1,0.1,0.0,0.0,10
ds004444,sub-024,ses-16,D8_full_channel_variance_collapse,2,0.1,0.0,0.0,10
ds004444,sub-024,ses-16,D8_full_channel_variance_collapse,3,0.2,0.0,0.0,10
ds004444,sub-024,ses-16,D8_full_channel_variance_collapse,4,0.3,0.0,0.0,10
ds004444,sub-024,ses-16,D9_missing_channel,1,1.0,1.0,1.0,10
ds004444,sub-025,ses-01,D0_unchanged,0,0.0,0.0,0.0,10
ds004444,sub-025,ses-01,D1_single_channel_broadband,1,0.3,0.1,0.1,10
ds004444,sub-025,ses-01,D1_single_channel_broadband,2,0.9,0.4,0.4,10
ds004444,sub-025,ses-01,D1_single_channel_broadband,3,1.0,0.6,0.6,10
ds004444,sub-025,ses-01,D1_single_channel_broadband,4,1.0,0.8,0.9,10
ds004444,sub-025,ses-01,D2_common_mode_broadband,1,1.0,0.5,0.6,10
ds004444,sub-025,ses-01,D2_common_mode_broadband,2,1.0,1.0,1.0,10
ds004444,sub-025,ses-01,D2_common_mode_broadband,3,1.0,1.0,1.0,10
ds004444,sub-025,ses-01,D2_common_mode_broadband,4,1.0,1.0,1.0,10
ds004444,sub-025,ses-01,D3_narrowband_35_45,1,1.0,0.8,1.0,10
ds004444,sub-025,ses-01,D3_narrowband_35_45,2,1.0,1.0,1.0,10
ds004444,sub-025,ses-01,D3_narrowband_35_45,3,1.0,1.0,1.0,10
ds004444,sub-025,ses-01,D3_narrowband_35_45,4,1.0,1.0,1.0,10
ds004444,sub-025,ses-01,D4_narrowband_20_30,1,1.0,0.3,0.6,10
ds004444,sub-025,ses-01,D4_narrowband_20_30,2,1.0,0.5,0.7,10
ds004444,sub-025,ses-01,D4_narrowband_20_30,3,1.0,0.5,0.9,10
ds004444,sub-025,ses-01,D4_narrowband_20_30,4,1.0,0.6,1.0,10
ds004444,sub-025,ses-01,D5_transient_impulse,1,0.3,0.1,0.0,10
ds004444,sub-025,ses-01,D5_transient_impulse,2,0.8,0.6,0.6,10
ds004444,sub-025,ses-01,D5_transient_impulse,3,1.0,0.7,0.9,10
ds004444,sub-025,ses-01,D5_transient_impulse,4,1.0,1.0,1.0,10
ds004444,sub-025,ses-01,D6_clipping,1,0.0,0.0,0.0,10
ds004444,sub-025,ses-01,D6_clipping,2,0.0,0.0,0.0,10
ds004444,sub-025,ses-01,D6_clipping,3,0.0,0.0,0.0,10
ds004444,sub-025,ses-01,D6_clipping,4,0.0,0.0,0.0,10
ds004444,sub-025,ses-01,D7_partial_channel_freeze,1,0.1,0.0,0.0,10
ds004444,sub-025,ses-01,D7_partial_channel_freeze,2,0.0,0.0,0.0,10
ds004444,sub-025,ses-01,D7_partial_channel_freeze,3,0.5,0.0,0.0,10
ds004444,sub-025,ses-01,D7_partial_channel_freeze,4,0.5,0.0,0.0,10
ds004444,sub-025,ses-01,D8_full_channel_variance_collapse,1,0.0,0.0,0.0,10
ds004444,sub-025,ses-01,D8_full_channel_variance_collapse,2,0.2,0.0,0.0,10
ds004444,sub-025,ses-01,D8_full_channel_variance_collapse,3,0.3,0.0,0.0,10
ds004444,sub-025,ses-01,D8_full_channel_variance_collapse,4,0.5,0.0,0.0,10
ds004444,sub-025,ses-01,D9_missing_channel,1,1.0,1.0,1.0,10
ds004444,sub-025,ses-16,D0_unchanged,0,0.0,0.0,0.0,10
ds004444,sub-025,ses-16,D1_single_channel_broadband,1,0.2,0.0,0.0,10
ds004444,sub-025,ses-16,D1_single_channel_broadband,2,0.1,0.0,0.0,10
ds004444,sub-025,ses-16,D1_single_channel_broadband,3,0.3,0.0,0.0,10
ds004444,sub-025,ses-16,D1_single_channel_broadband,4,0.5,0.2,0.1,10
ds004444,sub-025,ses-16,D2_common_mode_broadband,1,0.3,0.0,0.0,10
ds004444,sub-025,ses-16,D2_common_mode_broadband,2,0.6,0.2,0.1,10
ds004444,sub-025,ses-16,D2_common_mode_broadband,3,1.0,0.4,0.4,10
ds004444,sub-025,ses-16,D2_common_mode_broadband,4,1.0,0.9,0.9,10
ds004444,sub-025,ses-16,D3_narrowband_35_45,1,1.0,0.3,0.3,10
ds004444,sub-025,ses-16,D3_narrowband_35_45,2,1.0,0.8,1.0,10
ds004444,sub-025,ses-16,D3_narrowband_35_45,3,1.0,1.0,1.0,10
ds004444,sub-025,ses-16,D3_narrowband_35_45,4,1.0,1.0,1.0,10
ds004444,sub-025,ses-16,D4_narrowband_20_30,1,1.0,0.1,0.2,10
ds004444,sub-025,ses-16,D4_narrowband_20_30,2,1.0,0.4,0.5,10
ds004444,sub-025,ses-16,D4_narrowband_20_30,3,1.0,0.4,0.7,10
ds004444,sub-025,ses-16,D4_narrowband_20_30,4,1.0,0.4,0.7,10
ds004444,sub-025,ses-16,D5_transient_impulse,1,0.2,0.0,0.0,10
ds004444,sub-025,ses-16,D5_transient_impulse,2,0.3,0.0,0.0,10
ds004444,sub-025,ses-16,D5_transient_impulse,3,0.7,0.4,0.3,10
ds004444,sub-025,ses-16,D5_transient_impulse,4,1.0,0.7,0.7,10
ds004444,sub-025,ses-16,D6_clipping,1,0.0,0.0,0.0,10
ds004444,sub-025,ses-16,D6_clipping,2,0.0,0.0,0.0,10
ds004444,sub-025,ses-16,D6_clipping,3,0.1,0.0,0.0,10
ds004444,sub-025,ses-16,D6_clipping,4,0.5,0.0,0.0,10
ds004444,sub-025,ses-16,D7_partial_channel_freeze,1,0.0,0.0,0.0,10
ds004444,sub-025,ses-16,D7_partial_channel_freeze,2,0.1,0.0,0.0,10
ds004444,sub-025,ses-16,D7_partial_channel_freeze,3,0.3,0.0,0.0,10
ds004444,sub-025,ses-16,D7_partial_channel_freeze,4,0.3,0.0,0.0,10
ds004444,sub-025,ses-16,D8_full_channel_variance_collapse,1,0.0,0.0,0.0,10
ds004444,sub-025,ses-16,D8_full_channel_variance_collapse,2,0.1,0.0,0.0,10
ds004444,sub-025,ses-16,D8_full_channel_variance_collapse,3,0.2,0.0,0.0,10
ds004444,sub-025,ses-16,D8_full_channel_variance_collapse,4,0.3,0.0,0.0,10
ds004444,sub-025,ses-16,D9_missing_channel,1,1.0,1.0,1.0,10
ds004444,sub-026,ses-01,D0_unchanged,0,0.0,0.0,0.0,10
ds004444,sub-026,ses-01,D1_single_channel_broadband,1,0.2,0.0,0.0,10
ds004444,sub-026,ses-01,D1_single_channel_broadband,2,0.3,0.0,0.0,10
ds004444,sub-026,ses-01,D1_single_channel_broadband,3,1.0,0.5,0.5,10
ds004444,sub-026,ses-01,D1_single_channel_broadband,4,0.8,0.6,0.5,10
ds004444,sub-026,ses-01,D2_common_mode_broadband,1,0.6,0.1,0.1,10
ds004444,sub-026,ses-01,D2_common_mode_broadband,2,1.0,0.8,0.8,10
ds004444,sub-026,ses-01,D2_common_mode_broadband,3,1.0,0.9,0.9,10
ds004444,sub-026,ses-01,D2_common_mode_broadband,4,1.0,1.0,1.0,10
ds004444,sub-026,ses-01,D3_narrowband_35_45,1,1.0,0.8,0.8,10
ds004444,sub-026,ses-01,D3_narrowband_35_45,2,1.0,1.0,1.0,10
ds004444,sub-026,ses-01,D3_narrowband_35_45,3,1.0,1.0,1.0,10
ds004444,sub-026,ses-01,D3_narrowband_35_45,4,1.0,1.0,1.0,10
ds004444,sub-026,ses-01,D4_narrowband_20_30,1,1.0,0.6,0.9,10
ds004444,sub-026,ses-01,D4_narrowband_20_30,2,1.0,0.7,0.9,10
ds004444,sub-026,ses-01,D4_narrowband_20_30,3,1.0,0.8,0.9,10
ds004444,sub-026,ses-01,D4_narrowband_20_30,4,1.0,0.8,0.9,10
ds004444,sub-026,ses-01,D5_transient_impulse,1,0.1,0.0,0.0,10
ds004444,sub-026,ses-01,D5_transient_impulse,2,0.5,0.0,0.1,10
ds004444,sub-026,ses-01,D5_transient_impulse,3,0.8,0.4,0.6,10
ds004444,sub-026,ses-01,D5_transient_impulse,4,1.0,1.0,1.0,10
ds004444,sub-026,ses-01,D6_clipping,1,0.0,0.0,0.0,10
ds004444,sub-026,ses-01,D6_clipping,2,0.0,0.0,0.0,10
ds004444,sub-026,ses-01,D6_clipping,3,0.0,0.0,0.0,10
ds004444,sub-026,ses-01,D6_clipping,4,0.7,0.0,0.0,10
ds004444,sub-026,ses-01,D7_partial_channel_freeze,1,0.1,0.0,0.0,10
ds004444,sub-026,ses-01,D7_partial_channel_freeze,2,0.3,0.0,0.0,10
ds004444,sub-026,ses-01,D7_partial_channel_freeze,3,0.5,0.0,0.0,10
ds004444,sub-026,ses-01,D7_partial_channel_freeze,4,0.5,0.0,0.0,10
ds004444,sub-026,ses-01,D8_full_channel_variance_collapse,1,0.3,0.0,0.0,10
ds004444,sub-026,ses-01,D8_full_channel_variance_collapse,2,0.5,0.0,0.0,10
ds004444,sub-026,ses-01,D8_full_channel_variance_collapse,3,0.5,0.0,0.0,10
ds004444,sub-026,ses-01,D8_full_channel_variance_collapse,4,0.5,0.0,0.0,10
ds004444,sub-026,ses-01,D9_missing_channel,1,1.0,1.0,1.0,10
ds004444,sub-026,ses-16,D0_unchanged,0,0.0,0.0,0.0,10
ds004444,sub-026,ses-16,D1_single_channel_broadband,1,0.7,0.7,0.6,10
ds004444,sub-026,ses-16,D1_single_channel_broadband,2,0.9,0.7,0.7,10
ds004444,sub-026,ses-16,D1_single_channel_broadband,3,0.9,0.8,0.7,10
ds004444,sub-026,ses-16,D1_single_channel_broadband,4,0.9,0.8,0.9,10
ds004444,sub-026,ses-16,D2_common_mode_broadband,1,1.0,1.0,1.0,10
ds004444,sub-026,ses-16,D2_common_mode_broadband,2,1.0,1.0,1.0,10
ds004444,sub-026,ses-16,D2_common_mode_broadband,3,1.0,1.0,1.0,10
ds004444,sub-026,ses-16,D2_common_mode_broadband,4,1.0,1.0,1.0,10
ds004444,sub-026,ses-16,D3_narrowband_35_45,1,1.0,1.0,1.0,10
ds004444,sub-026,ses-16,D3_narrowband_35_45,2,1.0,1.0,1.0,10
ds004444,sub-026,ses-16,D3_narrowband_35_45,3,1.0,1.0,1.0,10
ds004444,sub-026,ses-16,D3_narrowband_35_45,4,1.0,1.0,1.0,10
ds004444,sub-026,ses-16,D4_narrowband_20_30,1,1.0,0.6,0.9,10
ds004444,sub-026,ses-16,D4_narrowband_20_30,2,1.0,0.9,1.0,10
ds004444,sub-026,ses-16,D4_narrowband_20_30,3,1.0,1.0,1.0,10
ds004444,sub-026,ses-16,D4_narrowband_20_30,4,1.0,1.0,1.0,10
ds004444,sub-026,ses-16,D5_transient_impulse,1,0.7,0.6,0.6,10
ds004444,sub-026,ses-16,D5_transient_impulse,2,0.8,0.7,0.7,10
ds004444,sub-026,ses-16,D5_transient_impulse,3,1.0,0.8,0.9,10
ds004444,sub-026,ses-16,D5_transient_impulse,4,1.0,1.0,1.0,10
ds004444,sub-026,ses-16,D6_clipping,1,0.2,0.0,0.0,10
ds004444,sub-026,ses-16,D6_clipping,2,0.5,0.0,0.0,10
ds004444,sub-026,ses-16,D6_clipping,3,0.8,0.0,0.0,10
ds004444,sub-026,ses-16,D6_clipping,4,1.0,0.0,0.0,10
ds004444,sub-026,ses-16,D7_partial_channel_freeze,1,0.0,0.0,0.0,10
ds004444,sub-026,ses-16,D7_partial_channel_freeze,2,0.2,0.0,0.0,10
ds004444,sub-026,ses-16,D7_partial_channel_freeze,3,0.5,0.0,0.0,10
ds004444,sub-026,ses-16,D7_partial_channel_freeze,4,0.6,0.0,0.0,10
ds004444,sub-026,ses-16,D8_full_channel_variance_collapse,1,0.1,0.0,0.0,10
ds004444,sub-026,ses-16,D8_full_channel_variance_collapse,2,0.6,0.0,0.0,10
ds004444,sub-026,ses-16,D8_full_channel_variance_collapse,3,0.6,0.0,0.0,10
ds004444,sub-026,ses-16,D8_full_channel_variance_collapse,4,0.6,0.0,0.0,10
ds004444,sub-026,ses-16,D9_missing_channel,1,1.0,1.0,1.0,10
ds004444,sub-027,ses-01,D0_unchanged,0,0.0,0.0,0.0,10
ds004444,sub-027,ses-01,D1_single_channel_broadband,1,1.0,1.0,1.0,10
ds004444,sub-027,ses-01,D1_single_channel_broadband,2,1.0,1.0,1.0,10
ds004444,sub-027,ses-01,D1_single_channel_broadband,3,1.0,1.0,1.0,10
ds004444,sub-027,ses-01,D1_single_channel_broadband,4,1.0,1.0,1.0,10
ds004444,sub-027,ses-01,D2_common_mode_broadband,1,1.0,1.0,1.0,10
ds004444,sub-027,ses-01,D2_common_mode_broadband,2,1.0,1.0,1.0,10
ds004444,sub-027,ses-01,D2_common_mode_broadband,3,1.0,1.0,1.0,10
ds004444,sub-027,ses-01,D2_common_mode_broadband,4,1.0,1.0,1.0,10
ds004444,sub-027,ses-01,D3_narrowband_35_45,1,1.0,1.0,1.0,10
ds004444,sub-027,ses-01,D3_narrowband_35_45,2,1.0,1.0,1.0,10
ds004444,sub-027,ses-01,D3_narrowband_35_45,3,1.0,1.0,1.0,10
ds004444,sub-027,ses-01,D3_narrowband_35_45,4,1.0,1.0,1.0,10
ds004444,sub-027,ses-01,D4_narrowband_20_30,1,1.0,0.9,1.0,10
ds004444,sub-027,ses-01,D4_narrowband_20_30,2,1.0,1.0,1.0,10
ds004444,sub-027,ses-01,D4_narrowband_20_30,3,1.0,1.0,1.0,10
ds004444,sub-027,ses-01,D4_narrowband_20_30,4,1.0,1.0,1.0,10
ds004444,sub-027,ses-01,D5_transient_impulse,1,1.0,1.0,1.0,10
ds004444,sub-027,ses-01,D5_transient_impulse,2,1.0,1.0,1.0,10
ds004444,sub-027,ses-01,D5_transient_impulse,3,1.0,1.0,1.0,10
ds004444,sub-027,ses-01,D5_transient_impulse,4,1.0,1.0,1.0,10
ds004444,sub-027,ses-01,D6_clipping,1,0.2,0.0,0.0,10
ds004444,sub-027,ses-01,D6_clipping,2,1.0,0.0,0.0,10
ds004444,sub-027,ses-01,D6_clipping,3,1.0,0.0,0.0,10
ds004444,sub-027,ses-01,D6_clipping,4,1.0,0.0,0.0,10
ds004444,sub-027,ses-01,D7_partial_channel_freeze,1,0.0,0.0,0.0,10
ds004444,sub-027,ses-01,D7_partial_channel_freeze,2,0.5,0.0,0.0,10
ds004444,sub-027,ses-01,D7_partial_channel_freeze,3,0.2,0.0,0.0,10
ds004444,sub-027,ses-01,D7_partial_channel_freeze,4,0.2,0.0,0.0,10
ds004444,sub-027,ses-01,D8_full_channel_variance_collapse,1,0.1,0.0,0.0,10
ds004444,sub-027,ses-01,D8_full_channel_variance_collapse,2,0.2,0.0,0.0,10
ds004444,sub-027,ses-01,D8_full_channel_variance_collapse,3,0.2,0.0,0.0,10
ds004444,sub-027,ses-01,D8_full_channel_variance_collapse,4,0.2,0.0,0.0,10
ds004444,sub-027,ses-01,D9_missing_channel,1,1.0,1.0,1.0,10
ds004444,sub-027,ses-16,D0_unchanged,0,0.0,0.0,0.0,10
ds004444,sub-027,ses-16,D1_single_channel_broadband,1,1.0,1.0,1.0,10
ds004444,sub-027,ses-16,D1_single_channel_broadband,2,1.0,1.0,1.0,10
ds004444,sub-027,ses-16,D1_single_channel_broadband,3,1.0,1.0,1.0,10
ds004444,sub-027,ses-16,D1_single_channel_broadband,4,1.0,1.0,1.0,10
ds004444,sub-027,ses-16,D2_common_mode_broadband,1,1.0,1.0,1.0,10
ds004444,sub-027,ses-16,D2_common_mode_broadband,2,1.0,1.0,1.0,10
ds004444,sub-027,ses-16,D2_common_mode_broadband,3,1.0,1.0,1.0,10
ds004444,sub-027,ses-16,D2_common_mode_broadband,4,1.0,1.0,1.0,10
ds004444,sub-027,ses-16,D3_narrowband_35_45,1,1.0,1.0,1.0,10
ds004444,sub-027,ses-16,D3_narrowband_35_45,2,1.0,1.0,1.0,10
ds004444,sub-027,ses-16,D3_narrowband_35_45,3,1.0,1.0,1.0,10
ds004444,sub-027,ses-16,D3_narrowband_35_45,4,1.0,1.0,1.0,10
ds004444,sub-027,ses-16,D4_narrowband_20_30,1,1.0,1.0,1.0,10
ds004444,sub-027,ses-16,D4_narrowband_20_30,2,1.0,1.0,1.0,10
ds004444,sub-027,ses-16,D4_narrowband_20_30,3,1.0,1.0,1.0,10
ds004444,sub-027,ses-16,D4_narrowband_20_30,4,1.0,1.0,1.0,10
ds004444,sub-027,ses-16,D5_transient_impulse,1,1.0,1.0,1.0,10
ds004444,sub-027,ses-16,D5_transient_impulse,2,1.0,1.0,1.0,10
ds004444,sub-027,ses-16,D5_transient_impulse,3,1.0,1.0,1.0,10
ds004444,sub-027,ses-16,D5_transient_impulse,4,1.0,1.0,1.0,10
ds004444,sub-027,ses-16,D6_clipping,1,0.0,0.0,0.0,10
ds004444,sub-027,ses-16,D6_clipping,2,0.0,0.0,0.0,10
ds004444,sub-027,ses-16,D6_clipping,3,0.0,0.0,0.0,10
ds004444,sub-027,ses-16,D6_clipping,4,0.0,0.0,0.0,10
ds004444,sub-027,ses-16,D7_partial_channel_freeze,1,1.0,0.8,0.9,10
ds004444,sub-027,ses-16,D7_partial_channel_freeze,2,1.0,1.0,1.0,10
ds004444,sub-027,ses-16,D7_partial_channel_freeze,3,1.0,0.9,0.8,10
ds004444,sub-027,ses-16,D7_partial_channel_freeze,4,0.2,0.0,0.0,10
ds004444,sub-027,ses-16,D8_full_channel_variance_collapse,1,0.1,0.0,0.0,10
ds004444,sub-027,ses-16,D8_full_channel_variance_collapse,2,0.5,0.0,0.0,10
ds004444,sub-027,ses-16,D8_full_channel_variance_collapse,3,0.8,0.0,0.0,10
ds004444,sub-027,ses-16,D8_full_channel_variance_collapse,4,0.8,0.0,0.0,10
ds004444,sub-027,ses-16,D9_missing_channel,1,1.0,1.0,1.0,10
ds004444,sub-028,ses-01,D0_unchanged,0,0.0,0.0,0.0,10
ds004444,sub-028,ses-01,D1_single_channel_broadband,1,1.0,1.0,1.0,10
ds004444,sub-028,ses-01,D1_single_channel_broadband,2,1.0,1.0,1.0,10
ds004444,sub-028,ses-01,D1_single_channel_broadband,3,1.0,1.0,1.0,10
ds004444,sub-028,ses-01,D1_single_channel_broadband,4,1.0,1.0,1.0,10
ds004444,sub-028,ses-01,D2_common_mode_broadband,1,1.0,1.0,1.0,10
ds004444,sub-028,ses-01,D2_common_mode_broadband,2,1.0,1.0,1.0,10
ds004444,sub-028,ses-01,D2_common_mode_broadband,3,1.0,1.0,1.0,10
ds004444,sub-028,ses-01,D2_common_mode_broadband,4,1.0,1.0,1.0,10
ds004444,sub-028,ses-01,D3_narrowband_35_45,1,1.0,1.0,1.0,10
ds004444,sub-028,ses-01,D3_narrowband_35_45,2,1.0,1.0,1.0,10
ds004444,sub-028,ses-01,D3_narrowband_35_45,3,1.0,1.0,1.0,10
ds004444,sub-028,ses-01,D3_narrowband_35_45,4,1.0,1.0,1.0,10
ds004444,sub-028,ses-01,D4_narrowband_20_30,1,1.0,1.0,1.0,10
ds004444,sub-028,ses-01,D4_narrowband_20_30,2,1.0,1.0,1.0,10
ds004444,sub-028,ses-01,D4_narrowband_20_30,3,1.0,1.0,1.0,10
ds004444,sub-028,ses-01,D4_narrowband_20_30,4,1.0,1.0,1.0,10
ds004444,sub-028,ses-01,D5_transient_impulse,1,1.0,1.0,1.0,10
ds004444,sub-028,ses-01,D5_transient_impulse,2,1.0,1.0,1.0,10
ds004444,sub-028,ses-01,D5_transient_impulse,3,1.0,1.0,1.0,10
ds004444,sub-028,ses-01,D5_transient_impulse,4,1.0,1.0,1.0,10
ds004444,sub-028,ses-01,D6_clipping,1,0.1,0.0,0.0,10
ds004444,sub-028,ses-01,D6_clipping,2,0.5,0.0,0.0,10
ds004444,sub-028,ses-01,D6_clipping,3,1.0,0.0,0.0,10
ds004444,sub-028,ses-01,D6_clipping,4,1.0,0.0,0.0,10
ds004444,sub-028,ses-01,D7_partial_channel_freeze,1,0.9,0.7,0.7,10
ds004444,sub-028,ses-01,D7_partial_channel_freeze,2,1.0,0.8,0.9,10
ds004444,sub-028,ses-01,D7_partial_channel_freeze,3,0.9,0.4,0.4,10
ds004444,sub-028,ses-01,D7_partial_channel_freeze,4,0.1,0.0,0.0,10
ds004444,sub-028,ses-01,D8_full_channel_variance_collapse,1,0.3,0.0,0.0,10
ds004444,sub-028,ses-01,D8_full_channel_variance_collapse,2,0.4,0.0,0.0,10
ds004444,sub-028,ses-01,D8_full_channel_variance_collapse,3,0.4,0.0,0.0,10
ds004444,sub-028,ses-01,D8_full_channel_variance_collapse,4,0.4,0.0,0.0,10
ds004444,sub-028,ses-01,D9_missing_channel,1,1.0,1.0,1.0,10
ds004444,sub-028,ses-16,D0_unchanged,0,0.0,0.0,0.0,10
ds004444,sub-028,ses-16,D1_single_channel_broadband,1,1.0,1.0,1.0,10
ds004444,sub-028,ses-16,D1_single_channel_broadband,2,1.0,1.0,1.0,10
ds004444,sub-028,ses-16,D1_single_channel_broadband,3,1.0,1.0,1.0,10
ds004444,sub-028,ses-16,D1_single_channel_broadband,4,1.0,1.0,1.0,10
ds004444,sub-028,ses-16,D2_common_mode_broadband,1,1.0,1.0,1.0,10
ds004444,sub-028,ses-16,D2_common_mode_broadband,2,1.0,1.0,1.0,10
ds004444,sub-028,ses-16,D2_common_mode_broadband,3,1.0,1.0,1.0,10
ds004444,sub-028,ses-16,D2_common_mode_broadband,4,1.0,1.0,1.0,10
ds004444,sub-028,ses-16,D3_narrowband_35_45,1,1.0,1.0,1.0,10
ds004444,sub-028,ses-16,D3_narrowband_35_45,2,1.0,1.0,1.0,10
ds004444,sub-028,ses-16,D3_narrowband_35_45,3,1.0,1.0,1.0,10
ds004444,sub-028,ses-16,D3_narrowband_35_45,4,1.0,1.0,1.0,10
ds004444,sub-028,ses-16,D4_narrowband_20_30,1,1.0,0.9,1.0,10
ds004444,sub-028,ses-16,D4_narrowband_20_30,2,1.0,1.0,1.0,10
ds004444,sub-028,ses-16,D4_narrowband_20_30,3,1.0,1.0,1.0,10
ds004444,sub-028,ses-16,D4_narrowband_20_30,4,1.0,1.0,1.0,10
ds004444,sub-028,ses-16,D5_transient_impulse,1,1.0,1.0,1.0,10
ds004444,sub-028,ses-16,D5_transient_impulse,2,1.0,1.0,1.0,10
ds004444,sub-028,ses-16,D5_transient_impulse,3,1.0,1.0,1.0,10
ds004444,sub-028,ses-16,D5_transient_impulse,4,1.0,1.0,1.0,10
ds004444,sub-028,ses-16,D6_clipping,1,1.0,0.0,0.0,10
ds004444,sub-028,ses-16,D6_clipping,2,1.0,0.0,0.0,10
ds004444,sub-028,ses-16,D6_clipping,3,1.0,0.0,0.0,10
ds004444,sub-028,ses-16,D6_clipping,4,1.0,0.0,0.0,10
ds004444,sub-028,ses-16,D7_partial_channel_freeze,1,1.0,0.7,0.7,10
ds004444,sub-028,ses-16,D7_partial_channel_freeze,2,1.0,0.9,0.9,10
ds004444,sub-028,ses-16,D7_partial_channel_freeze,3,1.0,0.7,0.7,10
ds004444,sub-028,ses-16,D7_partial_channel_freeze,4,0.5,0.0,0.0,10
ds004444,sub-028,ses-16,D8_full_channel_variance_collapse,1,0.1,0.0,0.0,10
ds004444,sub-028,ses-16,D8_full_channel_variance_collapse,2,0.3,0.0,0.0,10
ds004444,sub-028,ses-16,D8_full_channel_variance_collapse,3,0.4,0.0,0.0,10
ds004444,sub-028,ses-16,D8_full_channel_variance_collapse,4,0.4,0.0,0.0,10
ds004444,sub-028,ses-16,D9_missing_channel,1,1.0,1.0,1.0,10
ds004444,sub-029,ses-01,D0_unchanged,0,0.0,0.0,0.0,10
ds004444,sub-029,ses-01,D1_single_channel_broadband,1,0.1,0.0,0.0,10
ds004444,sub-029,ses-01,D1_single_channel_broadband,2,0.7,0.0,0.0,10
ds004444,sub-029,ses-01,D1_single_channel_broadband,3,0.9,0.2,0.2,10
ds004444,sub-029,ses-01,D1_single_channel_broadband,4,1.0,0.6,0.6,10
ds004444,sub-029,ses-01,D2_common_mode_broadband,1,0.7,0.2,0.2,10
ds004444,sub-029,ses-01,D2_common_mode_broadband,2,1.0,0.8,0.9,10
ds004444,sub-029,ses-01,D2_common_mode_broadband,3,1.0,0.9,0.9,10
ds004444,sub-029,ses-01,D2_common_mode_broadband,4,1.0,1.0,1.0,10
ds004444,sub-029,ses-01,D3_narrowband_35_45,1,1.0,0.2,0.6,10
ds004444,sub-029,ses-01,D3_narrowband_35_45,2,1.0,0.4,0.9,10
ds004444,sub-029,ses-01,D3_narrowband_35_45,3,1.0,0.5,1.0,10
ds004444,sub-029,ses-01,D3_narrowband_35_45,4,1.0,0.6,1.0,10
ds004444,sub-029,ses-01,D4_narrowband_20_30,1,1.0,0.1,0.1,10
ds004444,sub-029,ses-01,D4_narrowband_20_30,2,1.0,0.1,0.2,10
ds004444,sub-029,ses-01,D4_narrowband_20_30,3,1.0,0.1,0.3,10
ds004444,sub-029,ses-01,D4_narrowband_20_30,4,1.0,0.1,0.4,10
ds004444,sub-029,ses-01,D5_transient_impulse,1,0.1,0.0,0.0,10
ds004444,sub-029,ses-01,D5_transient_impulse,2,0.6,0.1,0.1,10
ds004444,sub-029,ses-01,D5_transient_impulse,3,0.9,0.6,0.7,10
ds004444,sub-029,ses-01,D5_transient_impulse,4,1.0,0.8,0.8,10
ds004444,sub-029,ses-01,D6_clipping,1,0.0,0.0,0.0,10
ds004444,sub-029,ses-01,D6_clipping,2,0.0,0.0,0.0,10
ds004444,sub-029,ses-01,D6_clipping,3,0.0,0.0,0.0,10
ds004444,sub-029,ses-01,D6_clipping,4,0.0,0.0,0.0,10
ds004444,sub-029,ses-01,D7_partial_channel_freeze,1,0.0,0.0,0.0,10
ds004444,sub-029,ses-01,D7_partial_channel_freeze,2,0.0,0.0,0.0,10
ds004444,sub-029,ses-01,D7_partial_channel_freeze,3,0.4,0.0,0.0,10
ds004444,sub-029,ses-01,D7_partial_channel_freeze,4,0.4,0.0,0.0,10
ds004444,sub-029,ses-01,D8_full_channel_variance_collapse,1,0.0,0.0,0.0,10
ds004444,sub-029,ses-01,D8_full_channel_variance_collapse,2,0.0,0.0,0.0,10
ds004444,sub-029,ses-01,D8_full_channel_variance_collapse,3,0.2,0.0,0.0,10
ds004444,sub-029,ses-01,D8_full_channel_variance_collapse,4,0.4,0.0,0.0,10
ds004444,sub-029,ses-01,D9_missing_channel,1,1.0,1.0,1.0,10
ds004444,sub-029,ses-16,D0_unchanged,0,0.0,0.0,0.0,10
ds004444,sub-029,ses-16,D1_single_channel_broadband,1,0.8,0.0,0.0,10
ds004444,sub-029,ses-16,D1_single_channel_broadband,2,1.0,0.7,0.7,10
ds004444,sub-029,ses-16,D1_single_channel_broadband,3,1.0,1.0,1.0,10
ds004444,sub-029,ses-16,D1_single_channel_broadband,4,1.0,1.0,1.0,10
ds004444,sub-029,ses-16,D2_common_mode_broadband,1,1.0,1.0,0.9,10
ds004444,sub-029,ses-16,D2_common_mode_broadband,2,1.0,1.0,1.0,10
ds004444,sub-029,ses-16,D2_common_mode_broadband,3,1.0,1.0,1.0,10
ds004444,sub-029,ses-16,D2_common_mode_broadband,4,1.0,1.0,1.0,10
ds004444,sub-029,ses-16,D3_narrowband_35_45,1,1.0,0.8,1.0,10
ds004444,sub-029,ses-16,D3_narrowband_35_45,2,1.0,1.0,1.0,10
ds004444,sub-029,ses-16,D3_narrowband_35_45,3,1.0,1.0,1.0,10
ds004444,sub-029,ses-16,D3_narrowband_35_45,4,1.0,1.0,1.0,10
ds004444,sub-029,ses-16,D4_narrowband_20_30,1,1.0,0.0,0.2,10
ds004444,sub-029,ses-16,D4_narrowband_20_30,2,1.0,0.1,0.7,10
ds004444,sub-029,ses-16,D4_narrowband_20_30,3,1.0,0.3,0.9,10
ds004444,sub-029,ses-16,D4_narrowband_20_30,4,1.0,0.5,1.0,10
ds004444,sub-029,ses-16,D5_transient_impulse,1,0.6,0.0,0.0,10
ds004444,sub-029,ses-16,D5_transient_impulse,2,1.0,0.9,0.9,10
ds004444,sub-029,ses-16,D5_transient_impulse,3,1.0,1.0,1.0,10
ds004444,sub-029,ses-16,D5_transient_impulse,4,1.0,1.0,1.0,10
ds004444,sub-029,ses-16,D6_clipping,1,0.0,0.0,0.0,10
ds004444,sub-029,ses-16,D6_clipping,2,0.0,0.0,0.0,10
ds004444,sub-029,ses-16,D6_clipping,3,0.0,0.0,0.0,10
ds004444,sub-029,ses-16,D6_clipping,4,0.0,0.0,0.0,10
ds004444,sub-029,ses-16,D7_partial_channel_freeze,1,0.0,0.0,0.0,10
ds004444,sub-029,ses-16,D7_partial_channel_freeze,2,0.0,0.0,0.0,10
ds004444,sub-029,ses-16,D7_partial_channel_freeze,3,0.2,0.0,0.0,10
ds004444,sub-029,ses-16,D7_partial_channel_freeze,4,0.2,0.0,0.0,10
ds004444,sub-029,ses-16,D8_full_channel_variance_collapse,1,0.0,0.0,0.0,10
ds004444,sub-029,ses-16,D8_full_channel_variance_collapse,2,0.0,0.0,0.0,10
ds004444,sub-029,ses-16,D8_full_channel_variance_collapse,3,0.2,0.0,0.0,10
ds004444,sub-029,ses-16,D8_full_channel_variance_collapse,4,0.2,0.0,0.0,10
ds004444,sub-029,ses-16,D9_missing_channel,1,1.0,1.0,1.0,10
ds004444,sub-030,ses-01,D0_unchanged,0,0.0,0.0,0.0,10
ds004444,sub-030,ses-01,D1_single_channel_broadband,1,1.0,0.9,0.9,10
ds004444,sub-030,ses-01,D1_single_channel_broadband,2,1.0,1.0,1.0,10
ds004444,sub-030,ses-01,D1_single_channel_broadband,3,1.0,1.0,1.0,10
ds004444,sub-030,ses-01,D1_single_channel_broadband,4,1.0,1.0,1.0,10
ds004444,sub-030,ses-01,D2_common_mode_broadband,1,1.0,1.0,1.0,10
ds004444,sub-030,ses-01,D2_common_mode_broadband,2,1.0,1.0,1.0,10
ds004444,sub-030,ses-01,D2_common_mode_broadband,3,1.0,1.0,1.0,10
ds004444,sub-030,ses-01,D2_common_mode_broadband,4,1.0,1.0,1.0,10
ds004444,sub-030,ses-01,D3_narrowband_35_45,1,1.0,1.0,1.0,10
ds004444,sub-030,ses-01,D3_narrowband_35_45,2,1.0,1.0,1.0,10
ds004444,sub-030,ses-01,D3_narrowband_35_45,3,1.0,1.0,1.0,10
ds004444,sub-030,ses-01,D3_narrowband_35_45,4,1.0,1.0,1.0,10
ds004444,sub-030,ses-01,D4_narrowband_20_30,1,1.0,0.5,0.8,10
ds004444,sub-030,ses-01,D4_narrowband_20_30,2,1.0,0.6,1.0,10
ds004444,sub-030,ses-01,D4_narrowband_20_30,3,1.0,0.7,1.0,10
ds004444,sub-030,ses-01,D4_narrowband_20_30,4,1.0,0.8,1.0,10
ds004444,sub-030,ses-01,D5_transient_impulse,1,1.0,0.9,1.0,10
ds004444,sub-030,ses-01,D5_transient_impulse,2,1.0,1.0,1.0,10
ds004444,sub-030,ses-01,D5_transient_impulse,3,1.0,1.0,1.0,10
ds004444,sub-030,ses-01,D5_transient_impulse,4,1.0,1.0,1.0,10
ds004444,sub-030,ses-01,D6_clipping,1,0.0,0.0,0.0,10
ds004444,sub-030,ses-01,D6_clipping,2,0.0,0.0,0.0,10
ds004444,sub-030,ses-01,D6_clipping,3,0.0,0.0,0.0,10
ds004444,sub-030,ses-01,D6_clipping,4,0.0,0.0,0.0,10
ds004444,sub-030,ses-01,D7_partial_channel_freeze,1,0.5,0.0,0.0,10
ds004444,sub-030,ses-01,D7_partial_channel_freeze,2,0.9,0.4,0.5,10
ds004444,sub-030,ses-01,D7_partial_channel_freeze,3,0.5,0.0,0.1,10
ds004444,sub-030,ses-01,D7_partial_channel_freeze,4,0.6,0.0,0.0,10
ds004444,sub-030,ses-01,D8_full_channel_variance_collapse,1,0.1,0.0,0.0,10
ds004444,sub-030,ses-01,D8_full_channel_variance_collapse,2,0.1,0.0,0.0,10
ds004444,sub-030,ses-01,D8_full_channel_variance_collapse,3,0.4,0.0,0.0,10
ds004444,sub-030,ses-01,D8_full_channel_variance_collapse,4,0.6,0.0,0.0,10
ds004444,sub-030,ses-01,D9_missing_channel,1,1.0,1.0,1.0,10
ds004444,sub-030,ses-16,D0_unchanged,0,0.0,0.0,0.0,10
ds004444,sub-030,ses-16,D1_single_channel_broadband,1,1.0,1.0,1.0,10
ds004444,sub-030,ses-16,D1_single_channel_broadband,2,1.0,1.0,1.0,10
ds004444,sub-030,ses-16,D1_single_channel_broadband,3,1.0,1.0,1.0,10
ds004444,sub-030,ses-16,D1_single_channel_broadband,4,1.0,1.0,1.0,10
ds004444,sub-030,ses-16,D2_common_mode_broadband,1,1.0,1.0,1.0,10
ds004444,sub-030,ses-16,D2_common_mode_broadband,2,1.0,1.0,1.0,10
ds004444,sub-030,ses-16,D2_common_mode_broadband,3,1.0,1.0,1.0,10
ds004444,sub-030,ses-16,D2_common_mode_broadband,4,1.0,1.0,1.0,10
ds004444,sub-030,ses-16,D3_narrowband_35_45,1,1.0,1.0,1.0,10
ds004444,sub-030,ses-16,D3_narrowband_35_45,2,1.0,1.0,1.0,10
ds004444,sub-030,ses-16,D3_narrowband_35_45,3,1.0,1.0,1.0,10
ds004444,sub-030,ses-16,D3_narrowband_35_45,4,1.0,1.0,1.0,10
ds004444,sub-030,ses-16,D4_narrowband_20_30,1,1.0,0.6,0.8,10
ds004444,sub-030,ses-16,D4_narrowband_20_30,2,1.0,0.8,1.0,10
ds004444,sub-030,ses-16,D4_narrowband_20_30,3,1.0,0.8,1.0,10
ds004444,sub-030,ses-16,D4_narrowband_20_30,4,1.0,0.9,1.0,10
ds004444,sub-030,ses-16,D5_transient_impulse,1,1.0,1.0,1.0,10
ds004444,sub-030,ses-16,D5_transient_impulse,2,1.0,1.0,1.0,10
ds004444,sub-030,ses-16,D5_transient_impulse,3,1.0,1.0,1.0,10
ds004444,sub-030,ses-16,D5_transient_impulse,4,1.0,1.0,1.0,10
ds004444,sub-030,ses-16,D6_clipping,1,0.0,0.0,0.0,10
ds004444,sub-030,ses-16,D6_clipping,2,0.3,0.0,0.0,10
ds004444,sub-030,ses-16,D6_clipping,3,0.8,0.0,0.0,10
ds004444,sub-030,ses-16,D6_clipping,4,1.0,0.0,0.0,10
ds004444,sub-030,ses-16,D7_partial_channel_freeze,1,0.6,0.1,0.1,10
ds004444,sub-030,ses-16,D7_partial_channel_freeze,2,0.9,0.5,0.5,10
ds004444,sub-030,ses-16,D7_partial_channel_freeze,3,0.3,0.0,0.0,10
ds004444,sub-030,ses-16,D7_partial_channel_freeze,4,0.2,0.0,0.0,10
ds004444,sub-030,ses-16,D8_full_channel_variance_collapse,1,0.0,0.0,0.0,10
ds004444,sub-030,ses-16,D8_full_channel_variance_collapse,2,0.2,0.0,0.0,10
ds004444,sub-030,ses-16,D8_full_channel_variance_collapse,3,0.3,0.0,0.0,10
ds004444,sub-030,ses-16,D8_full_channel_variance_collapse,4,0.3,0.0,0.0,10
ds004444,sub-030,ses-16,D9_missing_channel,1,1.0,1.0,1.0,10
ds004446,sub-004,ses-01,D0_unchanged,0,0.0,0.0,0.0,10
ds004446,sub-004,ses-01,D1_single_channel_broadband,1,0.1,0.1,0.0,10
ds004446,sub-004,ses-01,D1_single_channel_broadband,2,0.7,0.3,0.2,10
ds004446,sub-004,ses-01,D1_single_channel_broadband,3,0.7,0.4,0.4,10
ds004446,sub-004,ses-01,D1_single_channel_broadband,4,0.9,0.9,0.9,10
ds004446,sub-004,ses-01,D2_common_mode_broadband,1,0.7,0.3,0.3,10
ds004446,sub-004,ses-01,D2_common_mode_broadband,2,1.0,0.9,0.9,10
ds004446,sub-004,ses-01,D2_common_mode_broadband,3,1.0,1.0,1.0,10
ds004446,sub-004,ses-01,D2_common_mode_broadband,4,1.0,1.0,1.0,10
ds004446,sub-004,ses-01,D3_narrowband_35_45,1,1.0,0.6,0.7,10
ds004446,sub-004,ses-01,D3_narrowband_35_45,2,1.0,1.0,1.0,10
ds004446,sub-004,ses-01,D3_narrowband_35_45,3,1.0,1.0,1.0,10
ds004446,sub-004,ses-01,D3_narrowband_35_45,4,1.0,1.0,1.0,10
ds004446,sub-004,ses-01,D4_narrowband_20_30,1,1.0,0.6,0.8,10
ds004446,sub-004,ses-01,D4_narrowband_20_30,2,1.0,0.8,0.9,10
ds004446,sub-004,ses-01,D4_narrowband_20_30,3,1.0,0.8,0.9,10
ds004446,sub-004,ses-01,D4_narrowband_20_30,4,1.0,0.9,0.9,10
ds004446,sub-004,ses-01,D5_transient_impulse,1,0.2,0.1,0.1,10
ds004446,sub-004,ses-01,D5_transient_impulse,2,0.4,0.2,0.1,10
ds004446,sub-004,ses-01,D5_transient_impulse,3,0.9,0.6,0.6,10
ds004446,sub-004,ses-01,D5_transient_impulse,4,1.0,1.0,1.0,10
ds004446,sub-004,ses-01,D6_clipping,1,0.1,0.0,0.0,10
ds004446,sub-004,ses-01,D6_clipping,2,0.2,0.0,0.0,10
ds004446,sub-004,ses-01,D6_clipping,3,0.1,0.0,0.0,10
ds004446,sub-004,ses-01,D6_clipping,4,0.0,0.0,0.0,10
ds004446,sub-004,ses-01,D7_partial_channel_freeze,1,0.0,0.0,0.0,10
ds004446,sub-004,ses-01,D7_partial_channel_freeze,2,0.1,0.0,0.0,10
ds004446,sub-004,ses-01,D7_partial_channel_freeze,3,0.3,0.0,0.0,10
ds004446,sub-004,ses-01,D7_partial_channel_freeze,4,0.3,0.0,0.0,10
ds004446,sub-004,ses-01,D8_full_channel_variance_collapse,1,0.1,0.0,0.0,10
ds004446,sub-004,ses-01,D8_full_channel_variance_collapse,2,0.1,0.0,0.0,10
ds004446,sub-004,ses-01,D8_full_channel_variance_collapse,3,0.2,0.0,0.0,10
ds004446,sub-004,ses-01,D8_full_channel_variance_collapse,4,0.3,0.0,0.0,10
ds004446,sub-004,ses-01,D9_missing_channel,1,1.0,1.0,1.0,10
ds004446,sub-004,ses-08,D0_unchanged,0,0.0,0.0,0.0,10
ds004446,sub-004,ses-08,D1_single_channel_broadband,1,0.1,0.0,0.0,10
ds004446,sub-004,ses-08,D1_single_channel_broadband,2,0.5,0.1,0.0,10
ds004446,sub-004,ses-08,D1_single_channel_broadband,3,0.5,0.2,0.2,10
ds004446,sub-004,ses-08,D1_single_channel_broadband,4,0.7,0.3,0.3,10
ds004446,sub-004,ses-08,D2_common_mode_broadband,1,0.7,0.2,0.2,10
ds004446,sub-004,ses-08,D2_common_mode_broadband,2,1.0,0.5,0.6,10
ds004446,sub-004,ses-08,D2_common_mode_broadband,3,1.0,0.9,0.9,10
ds004446,sub-004,ses-08,D2_common_mode_broadband,4,1.0,1.0,1.0,10
ds004446,sub-004,ses-08,D3_narrowband_35_45,1,1.0,0.1,0.0,10
ds004446,sub-004,ses-08,D3_narrowband_35_45,2,1.0,0.6,0.7,10
ds004446,sub-004,ses-08,D3_narrowband_35_45,3,1.0,0.9,1.0,10
ds004446,sub-004,ses-08,D3_narrowband_35_45,4,1.0,1.0,1.0,10
ds004446,sub-004,ses-08,D4_narrowband_20_30,1,1.0,0.2,0.1,10
ds004446,sub-004,ses-08,D4_narrowband_20_30,2,1.0,0.3,0.5,10
ds004446,sub-004,ses-08,D4_narrowband_20_30,3,1.0,0.4,0.7,10
ds004446,sub-004,ses-08,D4_narrowband_20_30,4,1.0,0.6,0.8,10
ds004446,sub-004,ses-08,D5_transient_impulse,1,0.1,0.0,0.0,10
ds004446,sub-004,ses-08,D5_transient_impulse,2,0.4,0.0,0.0,10
ds004446,sub-004,ses-08,D5_transient_impulse,3,0.8,0.4,0.4,10
ds004446,sub-004,ses-08,D5_transient_impulse,4,1.0,0.9,0.9,10
ds004446,sub-004,ses-08,D6_clipping,1,0.0,0.0,0.0,10
ds004446,sub-004,ses-08,D6_clipping,2,0.0,0.0,0.0,10
ds004446,sub-004,ses-08,D6_clipping,3,0.0,0.0,0.0,10
ds004446,sub-004,ses-08,D6_clipping,4,0.0,0.0,0.0,10
ds004446,sub-004,ses-08,D7_partial_channel_freeze,1,0.0,0.0,0.0,10
ds004446,sub-004,ses-08,D7_partial_channel_freeze,2,0.0,0.0,0.0,10
ds004446,sub-004,ses-08,D7_partial_channel_freeze,3,0.0,0.0,0.0,10
ds004446,sub-004,ses-08,D7_partial_channel_freeze,4,0.1,0.0,0.0,10
ds004446,sub-004,ses-08,D8_full_channel_variance_collapse,1,0.0,0.0,0.0,10
ds004446,sub-004,ses-08,D8_full_channel_variance_collapse,2,0.0,0.0,0.0,10
ds004446,sub-004,ses-08,D8_full_channel_variance_collapse,3,0.0,0.0,0.0,10
ds004446,sub-004,ses-08,D8_full_channel_variance_collapse,4,0.1,0.0,0.0,10
ds004446,sub-004,ses-08,D9_missing_channel,1,1.0,1.0,1.0,10
ds004446,sub-005,ses-01,D0_unchanged,0,0.0,0.0,0.0,10
ds004446,sub-005,ses-01,D1_single_channel_broadband,1,0.1,0.0,0.0,10
ds004446,sub-005,ses-01,D1_single_channel_broadband,2,0.1,0.0,0.0,10
ds004446,sub-005,ses-01,D1_single_channel_broadband,3,0.2,0.0,0.0,10
ds004446,sub-005,ses-01,D1_single_channel_broadband,4,0.8,0.1,0.2,10
ds004446,sub-005,ses-01,D2_common_mode_broadband,1,0.1,0.0,0.0,10
ds004446,sub-005,ses-01,D2_common_mode_broadband,2,1.0,0.6,0.6,10
ds004446,sub-005,ses-01,D2_common_mode_broadband,3,1.0,0.8,0.8,10
ds004446,sub-005,ses-01,D2_common_mode_broadband,4,1.0,1.0,1.0,10
ds004446,sub-005,ses-01,D3_narrowband_35_45,1,1.0,0.5,0.6,10
ds004446,sub-005,ses-01,D3_narrowband_35_45,2,1.0,0.8,0.9,10
ds004446,sub-005,ses-01,D3_narrowband_35_45,3,1.0,0.8,1.0,10
ds004446,sub-005,ses-01,D3_narrowband_35_45,4,1.0,0.8,1.0,10
ds004446,sub-005,ses-01,D4_narrowband_20_30,1,1.0,0.3,0.3,10
ds004446,sub-005,ses-01,D4_narrowband_20_30,2,1.0,0.4,0.5,10
ds004446,sub-005,ses-01,D4_narrowband_20_30,3,1.0,0.4,0.5,10
ds004446,sub-005,ses-01,D4_narrowband_20_30,4,1.0,0.4,0.5,10
ds004446,sub-005,ses-01,D5_transient_impulse,1,0.1,0.0,0.0,10
ds004446,sub-005,ses-01,D5_transient_impulse,2,0.2,0.0,0.0,10
ds004446,sub-005,ses-01,D5_transient_impulse,3,0.6,0.2,0.2,10
ds004446,sub-005,ses-01,D5_transient_impulse,4,1.0,0.8,0.8,10
ds004446,sub-005,ses-01,D6_clipping,1,0.1,0.0,0.0,10
ds004446,sub-005,ses-01,D6_clipping,2,0.1,0.0,0.0,10
ds004446,sub-005,ses-01,D6_clipping,3,0.0,0.0,0.0,10
ds004446,sub-005,ses-01,D6_clipping,4,0.0,0.0,0.0,10
ds004446,sub-005,ses-01,D7_partial_channel_freeze,1,0.0,0.0,0.0,10
ds004446,sub-005,ses-01,D7_partial_channel_freeze,2,0.0,0.0,0.0,10
ds004446,sub-005,ses-01,D7_partial_channel_freeze,3,0.2,0.0,0.0,10
ds004446,sub-005,ses-01,D7_partial_channel_freeze,4,0.2,0.0,0.0,10
ds004446,sub-005,ses-01,D8_full_channel_variance_collapse,1,0.0,0.0,0.0,10
ds004446,sub-005,ses-01,D8_full_channel_variance_collapse,2,0.1,0.0,0.0,10
ds004446,sub-005,ses-01,D8_full_channel_variance_collapse,3,0.1,0.0,0.0,10
ds004446,sub-005,ses-01,D8_full_channel_variance_collapse,4,0.2,0.0,0.0,10
ds004446,sub-005,ses-01,D9_missing_channel,1,1.0,1.0,1.0,10
ds004446,sub-005,ses-08,D0_unchanged,0,0.0,0.0,0.0,10
ds004446,sub-005,ses-08,D1_single_channel_broadband,1,0.0,0.0,0.0,10
ds004446,sub-005,ses-08,D1_single_channel_broadband,2,0.1,0.0,0.0,10
ds004446,sub-005,ses-08,D1_single_channel_broadband,3,0.3,0.1,0.0,10
ds004446,sub-005,ses-08,D1_single_channel_broadband,4,0.7,0.1,0.1,10
ds004446,sub-005,ses-08,D2_common_mode_broadband,1,0.2,0.0,0.0,10
ds004446,sub-005,ses-08,D2_common_mode_broadband,2,0.6,0.1,0.1,10
ds004446,sub-005,ses-08,D2_common_mode_broadband,3,0.6,0.4,0.4,10
ds004446,sub-005,ses-08,D2_common_mode_broadband,4,1.0,1.0,1.0,10
ds004446,sub-005,ses-08,D3_narrowband_35_45,1,1.0,0.1,0.3,10
ds004446,sub-005,ses-08,D3_narrowband_35_45,2,1.0,0.5,1.0,10
ds004446,sub-005,ses-08,D3_narrowband_35_45,3,1.0,0.7,1.0,10
ds004446,sub-005,ses-08,D3_narrowband_35_45,4,1.0,0.9,1.0,10
ds004446,sub-005,ses-08,D4_narrowband_20_30,1,1.0,0.0,0.0,10
ds004446,sub-005,ses-08,D4_narrowband_20_30,2,1.0,0.0,0.2,10
ds004446,sub-005,ses-08,D4_narrowband_20_30,3,1.0,0.0,0.3,10
ds004446,sub-005,ses-08,D4_narrowband_20_30,4,1.0,0.0,0.3,10
ds004446,sub-005,ses-08,D5_transient_impulse,1,0.1,0.0,0.0,10
ds004446,sub-005,ses-08,D5_transient_impulse,2,0.1,0.0,0.0,10
ds004446,sub-005,ses-08,D5_transient_impulse,3,0.7,0.1,0.1,10
ds004446,sub-005,ses-08,D5_transient_impulse,4,1.0,0.6,0.6,10
ds004446,sub-005,ses-08,D6_clipping,1,0.0,0.0,0.0,10
ds004446,sub-005,ses-08,D6_clipping,2,0.0,0.0,0.0,10
ds004446,sub-005,ses-08,D6_clipping,3,0.0,0.0,0.0,10
ds004446,sub-005,ses-08,D6_clipping,4,0.0,0.0,0.0,10
ds004446,sub-005,ses-08,D7_partial_channel_freeze,1,0.0,0.0,0.0,10
ds004446,sub-005,ses-08,D7_partial_channel_freeze,2,0.0,0.0,0.0,10
ds004446,sub-005,ses-08,D7_partial_channel_freeze,3,0.1,0.0,0.0,10
ds004446,sub-005,ses-08,D7_partial_channel_freeze,4,0.2,0.0,0.0,10
ds004446,sub-005,ses-08,D8_full_channel_variance_collapse,1,0.0,0.0,0.0,10
ds004446,sub-005,ses-08,D8_full_channel_variance_collapse,2,0.0,0.0,0.0,10
ds004446,sub-005,ses-08,D8_full_channel_variance_collapse,3,0.1,0.0,0.0,10
ds004446,sub-005,ses-08,D8_full_channel_variance_collapse,4,0.2,0.0,0.0,10
ds004446,sub-005,ses-08,D9_missing_channel,1,1.0,1.0,1.0,10
ds004446,sub-012,ses-01,D0_unchanged,0,0.0,0.0,0.0,10
ds004446,sub-012,ses-01,D1_single_channel_broadband,1,0.0,0.0,0.0,10
ds004446,sub-012,ses-01,D1_single_channel_broadband,2,0.3,0.1,0.0,10
ds004446,sub-012,ses-01,D1_single_channel_broadband,3,0.4,0.0,0.0,10
ds004446,sub-012,ses-01,D1_single_channel_broadband,4,0.9,0.0,0.1,10
ds004446,sub-012,ses-01,D2_common_mode_broadband,1,0.4,0.1,0.0,10
ds004446,sub-012,ses-01,D2_common_mode_broadband,2,0.8,0.4,0.4,10
ds004446,sub-012,ses-01,D2_common_mode_broadband,3,1.0,1.0,1.0,10
ds004446,sub-012,ses-01,D2_common_mode_broadband,4,1.0,1.0,1.0,10
ds004446,sub-012,ses-01,D3_narrowband_35_45,1,1.0,0.3,0.7,10
ds004446,sub-012,ses-01,D3_narrowband_35_45,2,1.0,0.9,1.0,10
ds004446,sub-012,ses-01,D3_narrowband_35_45,3,1.0,1.0,1.0,10
ds004446,sub-012,ses-01,D3_narrowband_35_45,4,1.0,1.0,1.0,10
ds004446,sub-012,ses-01,D4_narrowband_20_30,1,1.0,0.2,0.4,10
ds004446,sub-012,ses-01,D4_narrowband_20_30,2,1.0,0.3,0.6,10
ds004446,sub-012,ses-01,D4_narrowband_20_30,3,1.0,0.3,0.8,10
ds004446,sub-012,ses-01,D4_narrowband_20_30,4,1.0,0.5,0.8,10
ds004446,sub-012,ses-01,D5_transient_impulse,1,0.0,0.0,0.0,10
ds004446,sub-012,ses-01,D5_transient_impulse,2,0.3,0.0,0.0,10
ds004446,sub-012,ses-01,D5_transient_impulse,3,0.8,0.2,0.2,10
ds004446,sub-012,ses-01,D5_transient_impulse,4,1.0,0.9,0.9,10
ds004446,sub-012,ses-01,D6_clipping,1,0.1,0.0,0.0,10
ds004446,sub-012,ses-01,D6_clipping,2,0.4,0.0,0.0,10
ds004446,sub-012,ses-01,D6_clipping,3,0.6,0.0,0.0,10
ds004446,sub-012,ses-01,D6_clipping,4,0.7,0.0,0.0,10
ds004446,sub-012,ses-01,D7_partial_channel_freeze,1,0.0,0.0,0.0,10
ds004446,sub-012,ses-01,D7_partial_channel_freeze,2,0.2,0.0,0.0,10
ds004446,sub-012,ses-01,D7_partial_channel_freeze,3,0.3,0.0,0.0,10
ds004446,sub-012,ses-01,D7_partial_channel_freeze,4,0.3,0.0,0.0,10
ds004446,sub-012,ses-01,D8_full_channel_variance_collapse,1,0.1,0.0,0.0,10
ds004446,sub-012,ses-01,D8_full_channel_variance_collapse,2,0.3,0.0,0.0,10
ds004446,sub-012,ses-01,D8_full_channel_variance_collapse,3,0.3,0.0,0.0,10
ds004446,sub-012,ses-01,D8_full_channel_variance_collapse,4,0.3,0.0,0.0,10
ds004446,sub-012,ses-01,D9_missing_channel,1,1.0,1.0,1.0,10
ds004446,sub-012,ses-08,D0_unchanged,0,0.0,0.0,0.0,10
ds004446,sub-012,ses-08,D1_single_channel_broadband,1,0.0,0.0,0.0,10
ds004446,sub-012,ses-08,D1_single_channel_broadband,2,0.1,0.0,0.0,10
ds004446,sub-012,ses-08,D1_single_channel_broadband,3,0.4,0.0,0.0,10
ds004446,sub-012,ses-08,D1_single_channel_broadband,4,0.6,0.1,0.1,10
ds004446,sub-012,ses-08,D2_common_mode_broadband,1,0.6,0.0,0.0,10
ds004446,sub-012,ses-08,D2_common_mode_broadband,2,1.0,0.5,0.5,10
ds004446,sub-012,ses-08,D2_common_mode_broadband,3,1.0,0.8,0.8,10
ds004446,sub-012,ses-08,D2_common_mode_broadband,4,1.0,0.9,0.9,10
ds004446,sub-012,ses-08,D3_narrowband_35_45,1,1.0,0.2,0.3,10
ds004446,sub-012,ses-08,D3_narrowband_35_45,2,1.0,0.5,0.8,10
ds004446,sub-012,ses-08,D3_narrowband_35_45,3,1.0,0.7,1.0,10
ds004446,sub-012,ses-08,D3_narrowband_35_45,4,1.0,0.9,1.0,10
ds004446,sub-012,ses-08,D4_narrowband_20_30,1,1.0,0.1,0.3,10
ds004446,sub-012,ses-08,D4_narrowband_20_30,2,1.0,0.2,0.6,10
ds004446,sub-012,ses-08,D4_narrowband_20_30,3,1.0,0.2,0.7,10
ds004446,sub-012,ses-08,D4_narrowband_20_30,4,1.0,0.2,0.7,10
ds004446,sub-012,ses-08,D5_transient_impulse,1,0.0,0.0,0.0,10
ds004446,sub-012,ses-08,D5_transient_impulse,2,0.2,0.0,0.0,10
ds004446,sub-012,ses-08,D5_transient_impulse,3,0.7,0.2,0.2,10
ds004446,sub-012,ses-08,D5_transient_impulse,4,1.0,0.8,0.8,10
ds004446,sub-012,ses-08,D6_clipping,1,0.0,0.0,0.0,10
ds004446,sub-012,ses-08,D6_clipping,2,0.1,0.0,0.0,10
ds004446,sub-012,ses-08,D6_clipping,3,0.4,0.0,0.0,10
ds004446,sub-012,ses-08,D6_clipping,4,0.7,0.0,0.0,10
ds004446,sub-012,ses-08,D7_partial_channel_freeze,1,0.0,0.0,0.0,10
ds004446,sub-012,ses-08,D7_partial_channel_freeze,2,0.0,0.0,0.0,10
ds004446,sub-012,ses-08,D7_partial_channel_freeze,3,0.0,0.0,0.0,10
ds004446,sub-012,ses-08,D7_partial_channel_freeze,4,0.0,0.0,0.0,10
ds004446,sub-012,ses-08,D8_full_channel_variance_collapse,1,0.0,0.0,0.0,10
ds004446,sub-012,ses-08,D8_full_channel_variance_collapse,2,0.0,0.0,0.0,10
ds004446,sub-012,ses-08,D8_full_channel_variance_collapse,3,0.0,0.0,0.0,10
ds004446,sub-012,ses-08,D8_full_channel_variance_collapse,4,0.0,0.0,0.0,10
ds004446,sub-012,ses-08,D9_missing_channel,1,1.0,1.0,1.0,10
ds004446,sub-013,ses-01,D0_unchanged,0,0.0,0.0,0.0,10
ds004446,sub-013,ses-01,D1_single_channel_broadband,1,0.4,0.0,0.0,10
ds004446,sub-013,ses-01,D1_single_channel_broadband,2,0.9,0.6,0.3,10
ds004446,sub-013,ses-01,D1_single_channel_broadband,3,1.0,1.0,1.0,10
ds004446,sub-013,ses-01,D1_single_channel_broadband,4,1.0,1.0,1.0,10
ds004446,sub-013,ses-01,D2_common_mode_broadband,1,1.0,0.4,0.3,10
ds004446,sub-013,ses-01,D2_common_mode_broadband,2,1.0,1.0,1.0,10
ds004446,sub-013,ses-01,D2_common_mode_broadband,3,1.0,1.0,1.0,10
ds004446,sub-013,ses-01,D2_common_mode_broadband,4,1.0,1.0,1.0,10
ds004446,sub-013,ses-01,D3_narrowband_35_45,1,1.0,1.0,1.0,10
ds004446,sub-013,ses-01,D3_narrowband_35_45,2,1.0,1.0,1.0,10
ds004446,sub-013,ses-01,D3_narrowband_35_45,3,1.0,1.0,1.0,10
ds004446,sub-013,ses-01,D3_narrowband_35_45,4,1.0,1.0,1.0,10
ds004446,sub-013,ses-01,D4_narrowband_20_30,1,1.0,0.7,1.0,10
ds004446,sub-013,ses-01,D4_narrowband_20_30,2,1.0,0.8,1.0,10
ds004446,sub-013,ses-01,D4_narrowband_20_30,3,1.0,0.9,1.0,10
ds004446,sub-013,ses-01,D4_narrowband_20_30,4,1.0,0.9,1.0,10
ds004446,sub-013,ses-01,D5_transient_impulse,1,0.5,0.0,0.0,10
ds004446,sub-013,ses-01,D5_transient_impulse,2,1.0,0.9,0.8,10
ds004446,sub-013,ses-01,D5_transient_impulse,3,1.0,1.0,1.0,10
ds004446,sub-013,ses-01,D5_transient_impulse,4,1.0,1.0,1.0,10
ds004446,sub-013,ses-01,D6_clipping,1,0.0,0.0,0.0,10
ds004446,sub-013,ses-01,D6_clipping,2,0.0,0.0,0.0,10
ds004446,sub-013,ses-01,D6_clipping,3,0.0,0.0,0.0,10
ds004446,sub-013,ses-01,D6_clipping,4,0.0,0.0,0.0,10
ds004446,sub-013,ses-01,D7_partial_channel_freeze,1,0.0,0.0,0.0,10
ds004446,sub-013,ses-01,D7_partial_channel_freeze,2,0.3,0.0,0.0,10
ds004446,sub-013,ses-01,D7_partial_channel_freeze,3,0.5,0.0,0.0,10
ds004446,sub-013,ses-01,D7_partial_channel_freeze,4,0.6,0.1,0.1,10
ds004446,sub-013,ses-01,D8_full_channel_variance_collapse,1,0.1,0.0,0.0,10
ds004446,sub-013,ses-01,D8_full_channel_variance_collapse,2,0.1,0.0,0.0,10
ds004446,sub-013,ses-01,D8_full_channel_variance_collapse,3,0.5,0.0,0.0,10
ds004446,sub-013,ses-01,D8_full_channel_variance_collapse,4,0.6,0.1,0.1,10
ds004446,sub-013,ses-01,D9_missing_channel,1,1.0,1.0,1.0,10
ds004446,sub-013,ses-08,D0_unchanged,0,0.0,0.0,0.0,10
ds004446,sub-013,ses-08,D1_single_channel_broadband,1,0.1,0.0,0.0,10
ds004446,sub-013,ses-08,D1_single_channel_broadband,2,0.2,0.1,0.1,10
ds004446,sub-013,ses-08,D1_single_channel_broadband,3,0.9,0.4,0.4,10
ds004446,sub-013,ses-08,D1_single_channel_broadband,4,1.0,0.6,0.6,10
ds004446,sub-013,ses-08,D2_common_mode_broadband,1,1.0,0.0,0.0,10
ds004446,sub-013,ses-08,D2_common_mode_broadband,2,1.0,0.5,0.5,10
ds004446,sub-013,ses-08,D2_common_mode_broadband,3,1.0,1.0,1.0,10
ds004446,sub-013,ses-08,D2_common_mode_broadband,4,1.0,1.0,1.0,10
ds004446,sub-013,ses-08,D3_narrowband_35_45,1,1.0,0.6,0.9,10
ds004446,sub-013,ses-08,D3_narrowband_35_45,2,1.0,0.9,1.0,10
ds004446,sub-013,ses-08,D3_narrowband_35_45,3,1.0,1.0,1.0,10
ds004446,sub-013,ses-08,D3_narrowband_35_45,4,1.0,1.0,1.0,10
ds004446,sub-013,ses-08,D4_narrowband_20_30,1,1.0,0.2,0.6,10
ds004446,sub-013,ses-08,D4_narrowband_20_30,2,1.0,0.2,0.9,10
ds004446,sub-013,ses-08,D4_narrowband_20_30,3,1.0,0.5,1.0,10
ds004446,sub-013,ses-08,D4_narrowband_20_30,4,1.0,0.6,1.0,10
ds004446,sub-013,ses-08,D5_transient_impulse,1,0.2,0.0,0.0,10
ds004446,sub-013,ses-08,D5_transient_impulse,2,0.4,0.1,0.0,10
ds004446,sub-013,ses-08,D5_transient_impulse,3,1.0,0.9,0.9,10
ds004446,sub-013,ses-08,D5_transient_impulse,4,1.0,1.0,1.0,10
ds004446,sub-013,ses-08,D6_clipping,1,0.0,0.0,0.0,10
ds004446,sub-013,ses-08,D6_clipping,2,0.0,0.0,0.0,10
ds004446,sub-013,ses-08,D6_clipping,3,0.1,0.0,0.0,10
ds004446,sub-013,ses-08,D6_clipping,4,1.0,0.0,0.0,10
ds004446,sub-013,ses-08,D7_partial_channel_freeze,1,0.0,0.0,0.0,10
ds004446,sub-013,ses-08,D7_partial_channel_freeze,2,0.4,0.0,0.0,10
ds004446,sub-013,ses-08,D7_partial_channel_freeze,3,0.5,0.0,0.0,10
ds004446,sub-013,ses-08,D7_partial_channel_freeze,4,0.5,0.0,0.0,10
ds004446,sub-013,ses-08,D8_full_channel_variance_collapse,1,0.5,0.0,0.0,10
ds004446,sub-013,ses-08,D8_full_channel_variance_collapse,2,0.5,0.0,0.0,10
ds004446,sub-013,ses-08,D8_full_channel_variance_collapse,3,0.5,0.0,0.0,10
ds004446,sub-013,ses-08,D8_full_channel_variance_collapse,4,0.5,0.0,0.0,10
ds004446,sub-013,ses-08,D9_missing_channel,1,1.0,1.0,1.0,10
ds004446,sub-018,ses-01,D0_unchanged,0,0.0,0.0,0.0,10
ds004446,sub-018,ses-01,D1_single_channel_broadband,1,0.3,0.0,0.0,10
ds004446,sub-018,ses-01,D1_single_channel_broadband,2,0.7,0.0,0.0,10
ds004446,sub-018,ses-01,D1_single_channel_broadband,3,1.0,0.4,0.3,10
ds004446,sub-018,ses-01,D1_single_channel_broadband,4,1.0,0.8,0.9,10
ds004446,sub-018,ses-01,D2_common_mode_broadband,1,1.0,0.3,0.3,10
ds004446,sub-018,ses-01,D2_common_mode_broadband,2,1.0,0.9,0.9,10
ds004446,sub-018,ses-01,D2_common_mode_broadband,3,1.0,1.0,1.0,10
ds004446,sub-018,ses-01,D2_common_mode_broadband,4,1.0,1.0,1.0,10
ds004446,sub-018,ses-01,D3_narrowband_35_45,1,1.0,0.9,0.9,10
ds004446,sub-018,ses-01,D3_narrowband_35_45,2,1.0,1.0,1.0,10
ds004446,sub-018,ses-01,D3_narrowband_35_45,3,1.0,1.0,1.0,10
ds004446,sub-018,ses-01,D3_narrowband_35_45,4,1.0,1.0,1.0,10
ds004446,sub-018,ses-01,D4_narrowband_20_30,1,1.0,0.4,0.7,10
ds004446,sub-018,ses-01,D4_narrowband_20_30,2,1.0,0.6,0.9,10
ds004446,sub-018,ses-01,D4_narrowband_20_30,3,1.0,0.6,0.9,10
ds004446,sub-018,ses-01,D4_narrowband_20_30,4,1.0,0.7,1.0,10
ds004446,sub-018,ses-01,D5_transient_impulse,1,0.0,0.0,0.0,10
ds004446,sub-018,ses-01,D5_transient_impulse,2,0.7,0.1,0.1,10
ds004446,sub-018,ses-01,D5_transient_impulse,3,1.0,0.8,1.0,10
ds004446,sub-018,ses-01,D5_transient_impulse,4,1.0,1.0,1.0,10
ds004446,sub-018,ses-01,D6_clipping,1,0.0,0.0,0.0,10
ds004446,sub-018,ses-01,D6_clipping,2,0.2,0.0,0.0,10
ds004446,sub-018,ses-01,D6_clipping,3,0.3,0.0,0.0,10
ds004446,sub-018,ses-01,D6_clipping,4,0.8,0.0,0.0,10
ds004446,sub-018,ses-01,D7_partial_channel_freeze,1,0.0,0.0,0.0,10
ds004446,sub-018,ses-01,D7_partial_channel_freeze,2,0.3,0.0,0.0,10
ds004446,sub-018,ses-01,D7_partial_channel_freeze,3,0.5,0.0,0.0,10
ds004446,sub-018,ses-01,D7_partial_channel_freeze,4,0.5,0.0,0.0,10
ds004446,sub-018,ses-01,D8_full_channel_variance_collapse,1,0.4,0.0,0.0,10
ds004446,sub-018,ses-01,D8_full_channel_variance_collapse,2,0.5,0.0,0.0,10
ds004446,sub-018,ses-01,D8_full_channel_variance_collapse,3,0.5,0.0,0.0,10
ds004446,sub-018,ses-01,D8_full_channel_variance_collapse,4,0.5,0.0,0.0,10
ds004446,sub-018,ses-01,D9_missing_channel,1,1.0,1.0,1.0,10
ds004446,sub-018,ses-08,D0_unchanged,0,0.0,0.0,0.0,10
ds004446,sub-018,ses-08,D1_single_channel_broadband,1,0.1,0.0,0.0,10
ds004446,sub-018,ses-08,D1_single_channel_broadband,2,0.4,0.1,0.0,10
ds004446,sub-018,ses-08,D1_single_channel_broadband,3,0.7,0.3,0.1,10
ds004446,sub-018,ses-08,D1_single_channel_broadband,4,0.7,0.4,0.4,10
ds004446,sub-018,ses-08,D2_common_mode_broadband,1,1.0,0.1,0.1,10
ds004446,sub-018,ses-08,D2_common_mode_broadband,2,1.0,0.8,0.8,10
ds004446,sub-018,ses-08,D2_common_mode_broadband,3,1.0,1.0,1.0,10
ds004446,sub-018,ses-08,D2_common_mode_broadband,4,1.0,1.0,1.0,10
ds004446,sub-018,ses-08,D3_narrowband_35_45,1,1.0,0.3,0.3,10
ds004446,sub-018,ses-08,D3_narrowband_35_45,2,1.0,0.8,1.0,10
ds004446,sub-018,ses-08,D3_narrowband_35_45,3,1.0,1.0,1.0,10
ds004446,sub-018,ses-08,D3_narrowband_35_45,4,1.0,1.0,1.0,10
ds004446,sub-018,ses-08,D4_narrowband_20_30,1,1.0,0.3,0.3,10
ds004446,sub-018,ses-08,D4_narrowband_20_30,2,1.0,0.3,0.6,10
ds004446,sub-018,ses-08,D4_narrowband_20_30,3,1.0,0.5,0.6,10
ds004446,sub-018,ses-08,D4_narrowband_20_30,4,1.0,0.6,0.7,10
ds004446,sub-018,ses-08,D5_transient_impulse,1,0.2,0.0,0.0,10
ds004446,sub-018,ses-08,D5_transient_impulse,2,0.4,0.1,0.0,10
ds004446,sub-018,ses-08,D5_transient_impulse,3,1.0,0.4,0.4,10
ds004446,sub-018,ses-08,D5_transient_impulse,4,1.0,1.0,1.0,10
ds004446,sub-018,ses-08,D6_clipping,1,0.0,0.0,0.0,10
ds004446,sub-018,ses-08,D6_clipping,2,0.0,0.0,0.0,10
ds004446,sub-018,ses-08,D6_clipping,3,0.0,0.0,0.0,10
ds004446,sub-018,ses-08,D6_clipping,4,0.0,0.0,0.0,10
ds004446,sub-018,ses-08,D7_partial_channel_freeze,1,0.0,0.0,0.0,10
ds004446,sub-018,ses-08,D7_partial_channel_freeze,2,0.1,0.0,0.0,10
ds004446,sub-018,ses-08,D7_partial_channel_freeze,3,0.3,0.0,0.0,10
ds004446,sub-018,ses-08,D7_partial_channel_freeze,4,0.4,0.0,0.0,10
ds004446,sub-018,ses-08,D8_full_channel_variance_collapse,1,0.0,0.0,0.0,10
ds004446,sub-018,ses-08,D8_full_channel_variance_collapse,2,0.2,0.0,0.0,10
ds004446,sub-018,ses-08,D8_full_channel_variance_collapse,3,0.3,0.0,0.0,10
ds004446,sub-018,ses-08,D8_full_channel_variance_collapse,4,0.4,0.0,0.0,10
ds004446,sub-018,ses-08,D9_missing_channel,1,1.0,1.0,1.0,10
ds004447,sub-001,ses-01,D0_unchanged,0,0.0,0.0,0.0,10
ds004447,sub-001,ses-01,D1_single_channel_broadband,1,0.0,0.0,0.0,10
ds004447,sub-001,ses-01,D1_single_channel_broadband,2,0.2,0.1,0.1,10
ds004447,sub-001,ses-01,D1_single_channel_broadband,3,0.5,0.2,0.2,10
ds004447,sub-001,ses-01,D1_single_channel_broadband,4,0.6,0.4,0.4,10
ds004447,sub-001,ses-01,D2_common_mode_broadband,1,0.4,0.0,0.0,10
ds004447,sub-001,ses-01,D2_common_mode_broadband,2,1.0,0.7,0.6,10
ds004447,sub-001,ses-01,D2_common_mode_broadband,3,1.0,0.9,0.9,10
ds004447,sub-001,ses-01,D2_common_mode_broadband,4,1.0,1.0,1.0,10
ds004447,sub-001,ses-01,D3_narrowband_35_45,1,1.0,0.7,0.9,10
ds004447,sub-001,ses-01,D3_narrowband_35_45,2,1.0,1.0,1.0,10
ds004447,sub-001,ses-01,D3_narrowband_35_45,3,1.0,1.0,1.0,10
ds004447,sub-001,ses-01,D3_narrowband_35_45,4,1.0,1.0,1.0,10
ds004447,sub-001,ses-01,D4_narrowband_20_30,1,1.0,0.4,0.8,10
ds004447,sub-001,ses-01,D4_narrowband_20_30,2,1.0,0.6,0.9,10
ds004447,sub-001,ses-01,D4_narrowband_20_30,3,1.0,0.7,0.9,10
ds004447,sub-001,ses-01,D4_narrowband_20_30,4,1.0,0.9,0.9,10
ds004447,sub-001,ses-01,D5_transient_impulse,1,0.1,0.0,0.0,10
ds004447,sub-001,ses-01,D5_transient_impulse,2,0.5,0.0,0.0,10
ds004447,sub-001,ses-01,D5_transient_impulse,3,0.6,0.4,0.4,10
ds004447,sub-001,ses-01,D5_transient_impulse,4,1.0,0.9,0.9,10
ds004447,sub-001,ses-01,D6_clipping,1,0.0,0.0,0.0,10
ds004447,sub-001,ses-01,D6_clipping,2,0.0,0.0,0.0,10
ds004447,sub-001,ses-01,D6_clipping,3,0.1,0.0,0.0,10
ds004447,sub-001,ses-01,D6_clipping,4,0.8,0.0,0.0,10
ds004447,sub-001,ses-01,D7_partial_channel_freeze,1,0.0,0.0,0.0,10
ds004447,sub-001,ses-01,D7_partial_channel_freeze,2,0.2,0.0,0.0,10
ds004447,sub-001,ses-01,D7_partial_channel_freeze,3,0.2,0.0,0.0,10
ds004447,sub-001,ses-01,D7_partial_channel_freeze,4,0.2,0.0,0.0,10
ds004447,sub-001,ses-01,D8_full_channel_variance_collapse,1,0.2,0.0,0.0,10
ds004447,sub-001,ses-01,D8_full_channel_variance_collapse,2,0.2,0.0,0.0,10
ds004447,sub-001,ses-01,D8_full_channel_variance_collapse,3,0.2,0.0,0.0,10
ds004447,sub-001,ses-01,D8_full_channel_variance_collapse,4,0.2,0.0,0.0,10
ds004447,sub-001,ses-01,D9_missing_channel,1,1.0,1.0,1.0,10
ds004447,sub-001,ses-19,D0_unchanged,0,0.0,0.0,0.0,10
ds004447,sub-001,ses-19,D1_single_channel_broadband,1,0.0,0.0,0.0,10
ds004447,sub-001,ses-19,D1_single_channel_broadband,2,0.2,0.1,0.0,10
ds004447,sub-001,ses-19,D1_single_channel_broadband,3,0.5,0.3,0.3,10
ds004447,sub-001,ses-19,D1_single_channel_broadband,4,0.5,0.4,0.3,10
ds004447,sub-001,ses-19,D2_common_mode_broadband,1,0.4,0.1,0.1,10
ds004447,sub-001,ses-19,D2_common_mode_broadband,2,0.8,0.6,0.6,10
ds004447,sub-001,ses-19,D2_common_mode_broadband,3,0.9,0.7,0.8,10
ds004447,sub-001,ses-19,D2_common_mode_broadband,4,1.0,1.0,1.0,10
ds004447,sub-001,ses-19,D3_narrowband_35_45,1,1.0,0.2,0.5,10
ds004447,sub-001,ses-19,D3_narrowband_35_45,2,1.0,0.7,1.0,10
ds004447,sub-001,ses-19,D3_narrowband_35_45,3,1.0,1.0,1.0,10
ds004447,sub-001,ses-19,D3_narrowband_35_45,4,1.0,1.0,1.0,10
ds004447,sub-001,ses-19,D4_narrowband_20_30,1,1.0,0.4,0.5,10
ds004447,sub-001,ses-19,D4_narrowband_20_30,2,1.0,0.5,0.7,10
ds004447,sub-001,ses-19,D4_narrowband_20_30,3,1.0,0.7,0.7,10
ds004447,sub-001,ses-19,D4_narrowband_20_30,4,1.0,0.7,0.9,10
ds004447,sub-001,ses-19,D5_transient_impulse,1,0.0,0.0,0.0,10
ds004447,sub-001,ses-19,D5_transient_impulse,2,0.3,0.1,0.1,10
ds004447,sub-001,ses-19,D5_transient_impulse,3,0.5,0.4,0.4,10
ds004447,sub-001,ses-19,D5_transient_impulse,4,0.9,0.9,0.8,10
ds004447,sub-001,ses-19,D6_clipping,1,0.0,0.0,0.0,10
ds004447,sub-001,ses-19,D6_clipping,2,0.0,0.0,0.0,10
ds004447,sub-001,ses-19,D6_clipping,3,0.0,0.0,0.0,10
ds004447,sub-001,ses-19,D6_clipping,4,0.0,0.0,0.0,10
ds004447,sub-001,ses-19,D7_partial_channel_freeze,1,0.0,0.0,0.0,10
ds004447,sub-001,ses-19,D7_partial_channel_freeze,2,0.0,0.0,0.0,10
ds004447,sub-001,ses-19,D7_partial_channel_freeze,3,0.0,0.0,0.0,10
ds004447,sub-001,ses-19,D7_partial_channel_freeze,4,0.0,0.0,0.0,10
ds004447,sub-001,ses-19,D8_full_channel_variance_collapse,1,0.0,0.0,0.0,10
ds004447,sub-001,ses-19,D8_full_channel_variance_collapse,2,0.0,0.0,0.0,10
ds004447,sub-001,ses-19,D8_full_channel_variance_collapse,3,0.0,0.0,0.0,10
ds004447,sub-001,ses-19,D8_full_channel_variance_collapse,4,0.0,0.0,0.0,10
ds004447,sub-001,ses-19,D9_missing_channel,1,1.0,1.0,1.0,10
ds004447,sub-002,ses-01,D0_unchanged,0,0.0,0.0,0.0,10
ds004447,sub-002,ses-01,D1_single_channel_broadband,1,0.0,0.0,0.0,10
ds004447,sub-002,ses-01,D1_single_channel_broadband,2,0.3,0.2,0.2,10
ds004447,sub-002,ses-01,D1_single_channel_broadband,3,0.4,0.2,0.2,10
ds004447,sub-002,ses-01,D1_single_channel_broadband,4,0.8,0.3,0.3,10
ds004447,sub-002,ses-01,D2_common_mode_broadband,1,0.4,0.0,0.0,10
ds004447,sub-002,ses-01,D2_common_mode_broadband,2,0.9,0.7,0.7,10
ds004447,sub-002,ses-01,D2_common_mode_broadband,3,1.0,1.0,1.0,10
ds004447,sub-002,ses-01,D2_common_mode_broadband,4,1.0,1.0,1.0,10
ds004447,sub-002,ses-01,D3_narrowband_35_45,1,1.0,0.4,0.7,10
ds004447,sub-002,ses-01,D3_narrowband_35_45,2,1.0,0.9,1.0,10
ds004447,sub-002,ses-01,D3_narrowband_35_45,3,1.0,1.0,1.0,10
ds004447,sub-002,ses-01,D3_narrowband_35_45,4,1.0,1.0,1.0,10
ds004447,sub-002,ses-01,D4_narrowband_20_30,1,1.0,0.1,0.7,10
ds004447,sub-002,ses-01,D4_narrowband_20_30,2,1.0,0.2,0.8,10
ds004447,sub-002,ses-01,D4_narrowband_20_30,3,1.0,0.4,0.9,10
ds004447,sub-002,ses-01,D4_narrowband_20_30,4,1.0,0.4,1.0,10
ds004447,sub-002,ses-01,D5_transient_impulse,1,0.3,0.0,0.0,10
ds004447,sub-002,ses-01,D5_transient_impulse,2,0.5,0.2,0.2,10
ds004447,sub-002,ses-01,D5_transient_impulse,3,0.9,0.3,0.3,10
ds004447,sub-002,ses-01,D5_transient_impulse,4,1.0,0.8,1.0,10
ds004447,sub-002,ses-01,D6_clipping,1,0.0,0.0,0.0,10
ds004447,sub-002,ses-01,D6_clipping,2,0.0,0.0,0.0,10
ds004447,sub-002,ses-01,D6_clipping,3,0.0,0.0,0.0,10
ds004447,sub-002,ses-01,D6_clipping,4,0.0,0.0,0.0,10
ds004447,sub-002,ses-01,D7_partial_channel_freeze,1,0.0,0.0,0.0,10
ds004447,sub-002,ses-01,D7_partial_channel_freeze,2,0.1,0.0,0.0,10
ds004447,sub-002,ses-01,D7_partial_channel_freeze,3,0.6,0.0,0.0,10
ds004447,sub-002,ses-01,D7_partial_channel_freeze,4,0.6,0.0,0.0,10
ds004447,sub-002,ses-01,D8_full_channel_variance_collapse,1,0.0,0.0,0.0,10
ds004447,sub-002,ses-01,D8_full_channel_variance_collapse,2,0.4,0.0,0.0,10
ds004447,sub-002,ses-01,D8_full_channel_variance_collapse,3,0.6,0.0,0.0,10
ds004447,sub-002,ses-01,D8_full_channel_variance_collapse,4,0.6,0.0,0.0,10
ds004447,sub-002,ses-01,D9_missing_channel,1,1.0,1.0,1.0,10
ds004447,sub-002,ses-19,D0_unchanged,0,0.0,0.0,0.0,10
ds004447,sub-002,ses-19,D1_single_channel_broadband,1,0.0,0.0,0.0,10
ds004447,sub-002,ses-19,D1_single_channel_broadband,2,0.2,0.1,0.0,10
ds004447,sub-002,ses-19,D1_single_channel_broadband,3,0.5,0.3,0.3,10
ds004447,sub-002,ses-19,D1_single_channel_broadband,4,0.5,0.4,0.3,10
ds004447,sub-002,ses-19,D2_common_mode_broadband,1,0.4,0.1,0.1,10
ds004447,sub-002,ses-19,D2_common_mode_broadband,2,0.8,0.6,0.6,10
ds004447,sub-002,ses-19,D2_common_mode_broadband,3,0.9,0.7,0.8,10
ds004447,sub-002,ses-19,D2_common_mode_broadband,4,1.0,1.0,1.0,10
ds004447,sub-002,ses-19,D3_narrowband_35_45,1,1.0,0.2,0.5,10
ds004447,sub-002,ses-19,D3_narrowband_35_45,2,1.0,0.7,1.0,10
ds004447,sub-002,ses-19,D3_narrowband_35_45,3,1.0,1.0,1.0,10
ds004447,sub-002,ses-19,D3_narrowband_35_45,4,1.0,1.0,1.0,10
ds004447,sub-002,ses-19,D4_narrowband_20_30,1,1.0,0.4,0.5,10
ds004447,sub-002,ses-19,D4_narrowband_20_30,2,1.0,0.5,0.7,10
ds004447,sub-002,ses-19,D4_narrowband_20_30,3,1.0,0.7,0.7,10
ds004447,sub-002,ses-19,D4_narrowband_20_30,4,1.0,0.7,0.9,10
ds004447,sub-002,ses-19,D5_transient_impulse,1,0.0,0.0,0.0,10
ds004447,sub-002,ses-19,D5_transient_impulse,2,0.3,0.1,0.1,10
ds004447,sub-002,ses-19,D5_transient_impulse,3,0.5,0.4,0.4,10
ds004447,sub-002,ses-19,D5_transient_impulse,4,0.9,0.9,0.8,10
ds004447,sub-002,ses-19,D6_clipping,1,0.0,0.0,0.0,10
ds004447,sub-002,ses-19,D6_clipping,2,0.0,0.0,0.0,10
ds004447,sub-002,ses-19,D6_clipping,3,0.0,0.0,0.0,10
ds004447,sub-002,ses-19,D6_clipping,4,0.0,0.0,0.0,10
ds004447,sub-002,ses-19,D7_partial_channel_freeze,1,0.0,0.0,0.0,10
ds004447,sub-002,ses-19,D7_partial_channel_freeze,2,0.0,0.0,0.0,10
ds004447,sub-002,ses-19,D7_partial_channel_freeze,3,0.0,0.0,0.0,10
ds004447,sub-002,ses-19,D7_partial_channel_freeze,4,0.0,0.0,0.0,10
ds004447,sub-002,ses-19,D8_full_channel_variance_collapse,1,0.0,0.0,0.0,10
ds004447,sub-002,ses-19,D8_full_channel_variance_collapse,2,0.0,0.0,0.0,10
ds004447,sub-002,ses-19,D8_full_channel_variance_collapse,3,0.0,0.0,0.0,10
ds004447,sub-002,ses-19,D8_full_channel_variance_collapse,4,0.0,0.0,0.0,10
ds004447,sub-002,ses-19,D9_missing_channel,1,1.0,1.0,1.0,10
ds004447,sub-003,ses-01,D0_unchanged,0,0.0,0.0,0.0,10
ds004447,sub-003,ses-01,D1_single_channel_broadband,1,0.1,0.0,0.0,10
ds004447,sub-003,ses-01,D1_single_channel_broadband,2,0.1,0.0,0.0,10
ds004447,sub-003,ses-01,D1_single_channel_broadband,3,0.4,0.0,0.0,10
ds004447,sub-003,ses-01,D1_single_channel_broadband,4,0.2,0.0,0.0,10
ds004447,sub-003,ses-01,D2_common_mode_broadband,1,0.2,0.0,0.0,10
ds004447,sub-003,ses-01,D2_common_mode_broadband,2,0.4,0.0,0.0,10
ds004447,sub-003,ses-01,D2_common_mode_broadband,3,0.6,0.3,0.3,10
ds004447,sub-003,ses-01,D2_common_mode_broadband,4,0.7,0.5,0.5,10
ds004447,sub-003,ses-01,D3_narrowband_35_45,1,1.0,0.0,0.0,10
ds004447,sub-003,ses-01,D3_narrowband_35_45,2,1.0,0.2,0.7,10
ds004447,sub-003,ses-01,D3_narrowband_35_45,3,1.0,0.6,1.0,10
ds004447,sub-003,ses-01,D3_narrowband_35_45,4,1.0,0.6,1.0,10
ds004447,sub-003,ses-01,D4_narrowband_20_30,1,1.0,0.1,0.0,10
ds004447,sub-003,ses-01,D4_narrowband_20_30,2,1.0,0.1,0.1,10
ds004447,sub-003,ses-01,D4_narrowband_20_30,3,1.0,0.1,0.1,10
ds004447,sub-003,ses-01,D4_narrowband_20_30,4,1.0,0.1,0.1,10
ds004447,sub-003,ses-01,D5_transient_impulse,1,0.0,0.0,0.0,10
ds004447,sub-003,ses-01,D5_transient_impulse,2,0.1,0.0,0.0,10
ds004447,sub-003,ses-01,D5_transient_impulse,3,0.2,0.1,0.0,10
ds004447,sub-003,ses-01,D5_transient_impulse,4,1.0,0.3,0.3,10
ds004447,sub-003,ses-01,D6_clipping,1,0.0,0.0,0.0,10
ds004447,sub-003,ses-01,D6_clipping,2,0.0,0.0,0.0,10
ds004447,sub-003,ses-01,D6_clipping,3,0.0,0.0,0.0,10
ds004447,sub-003,ses-01,D6_clipping,4,0.0,0.0,0.0,10
ds004447,sub-003,ses-01,D7_partial_channel_freeze,1,0.0,0.0,0.0,10
ds004447,sub-003,ses-01,D7_partial_channel_freeze,2,0.0,0.0,0.0,10
ds004447,sub-003,ses-01,D7_partial_channel_freeze,3,0.2,0.0,0.0,10
ds004447,sub-003,ses-01,D7_partial_channel_freeze,4,0.2,0.0,0.0,10
ds004447,sub-003,ses-01,D8_full_channel_variance_collapse,1,0.0,0.0,0.0,10
ds004447,sub-003,ses-01,D8_full_channel_variance_collapse,2,0.1,0.0,0.0,10
ds004447,sub-003,ses-01,D8_full_channel_variance_collapse,3,0.2,0.0,0.0,10
ds004447,sub-003,ses-01,D8_full_channel_variance_collapse,4,0.2,0.0,0.0,10
ds004447,sub-003,ses-01,D9_missing_channel,1,1.0,1.0,1.0,10
ds004447,sub-003,ses-19,D0_unchanged,0,0.0,0.0,0.0,10
ds004447,sub-003,ses-19,D1_single_channel_broadband,1,0.1,0.0,0.0,10
ds004447,sub-003,ses-19,D1_single_channel_broadband,2,0.1,0.0,0.0,10
ds004447,sub-003,ses-19,D1_single_channel_broadband,3,0.6,0.1,0.1,10
ds004447,sub-003,ses-19,D1_single_channel_broadband,4,0.7,0.3,0.3,10
ds004447,sub-003,ses-19,D2_common_mode_broadband,1,0.3,0.0,0.0,10
ds004447,sub-003,ses-19,D2_common_mode_broadband,2,0.8,0.4,0.3,10
ds004447,sub-003,ses-19,D2_common_mode_broadband,3,1.0,0.6,0.6,10
ds004447,sub-003,ses-19,D2_common_mode_broadband,4,1.0,0.9,1.0,10
ds004447,sub-003,ses-19,D3_narrowband_35_45,1,1.0,0.1,0.2,10
ds004447,sub-003,ses-19,D3_narrowband_35_45,2,1.0,0.7,0.9,10
ds004447,sub-003,ses-19,D3_narrowband_35_45,3,1.0,0.9,1.0,10
ds004447,sub-003,ses-19,D3_narrowband_35_45,4,1.0,0.9,1.0,10
ds004447,sub-003,ses-19,D4_narrowband_20_30,1,1.0,0.0,0.0,10
ds004447,sub-003,ses-19,D4_narrowband_20_30,2,1.0,0.2,0.4,10
ds004447,sub-003,ses-19,D4_narrowband_20_30,3,1.0,0.2,0.6,10
ds004447,sub-003,ses-19,D4_narrowband_20_30,4,1.0,0.2,0.7,10
ds004447,sub-003,ses-19,D5_transient_impulse,1,0.2,0.0,0.0,10
ds004447,sub-003,ses-19,D5_transient_impulse,2,0.3,0.0,0.0,10
ds004447,sub-003,ses-19,D5_transient_impulse,3,0.8,0.3,0.3,10
ds004447,sub-003,ses-19,D5_transient_impulse,4,0.9,0.9,0.9,10
ds004447,sub-003,ses-19,D6_clipping,1,0.0,0.0,0.0,10
ds004447,sub-003,ses-19,D6_clipping,2,0.0,0.0,0.0,10
ds004447,sub-003,ses-19,D6_clipping,3,0.0,0.0,0.0,10
ds004447,sub-003,ses-19,D6_clipping,4,0.0,0.0,0.0,10
ds004447,sub-003,ses-19,D7_partial_channel_freeze,1,0.0,0.0,0.0,10
ds004447,sub-003,ses-19,D7_partial_channel_freeze,2,0.0,0.0,0.0,10
ds004447,sub-003,ses-19,D7_partial_channel_freeze,3,0.0,0.0,0.0,10
ds004447,sub-003,ses-19,D7_partial_channel_freeze,4,0.0,0.0,0.0,10
ds004447,sub-003,ses-19,D8_full_channel_variance_collapse,1,0.0,0.0,0.0,10
ds004447,sub-003,ses-19,D8_full_channel_variance_collapse,2,0.0,0.0,0.0,10
ds004447,sub-003,ses-19,D8_full_channel_variance_collapse,3,0.0,0.0,0.0,10
ds004447,sub-003,ses-19,D8_full_channel_variance_collapse,4,0.0,0.0,0.0,10
ds004447,sub-003,ses-19,D9_missing_channel,1,1.0,1.0,1.0,10
ds004447,sub-004,ses-01,D0_unchanged,0,0.0,0.0,0.0,10
ds004447,sub-004,ses-01,D1_single_channel_broadband,1,0.1,0.0,0.0,10
ds004447,sub-004,ses-01,D1_single_channel_broadband,2,0.2,0.0,0.0,10
ds004447,sub-004,ses-01,D1_single_channel_broadband,3,0.5,0.0,0.0,10
ds004447,sub-004,ses-01,D1_single_channel_broadband,4,1.0,0.2,0.2,10
ds004447,sub-004,ses-01,D2_common_mode_broadband,1,0.4,0.0,0.0,10
ds004447,sub-004,ses-01,D2_common_mode_broadband,2,0.9,0.3,0.3,10
ds004447,sub-004,ses-01,D2_common_mode_broadband,3,1.0,1.0,1.0,10
ds004447,sub-004,ses-01,D2_common_mode_broadband,4,1.0,1.0,1.0,10
ds004447,sub-004,ses-01,D3_narrowband_35_45,1,1.0,0.5,0.8,10
ds004447,sub-004,ses-01,D3_narrowband_35_45,2,1.0,0.7,1.0,10
ds004447,sub-004,ses-01,D3_narrowband_35_45,3,1.0,0.9,1.0,10
ds004447,sub-004,ses-01,D3_narrowband_35_45,4,1.0,1.0,1.0,10
ds004447,sub-004,ses-01,D4_narrowband_20_30,1,1.0,0.0,0.4,10
ds004447,sub-004,ses-01,D4_narrowband_20_30,2,1.0,0.1,0.6,10
ds004447,sub-004,ses-01,D4_narrowband_20_30,3,1.0,0.2,0.6,10
ds004447,sub-004,ses-01,D4_narrowband_20_30,4,1.0,0.3,0.7,10
ds004447,sub-004,ses-01,D5_transient_impulse,1,0.1,0.0,0.0,10
ds004447,sub-004,ses-01,D5_transient_impulse,2,0.2,0.0,0.0,10
ds004447,sub-004,ses-01,D5_transient_impulse,3,0.9,0.2,0.2,10
ds004447,sub-004,ses-01,D5_transient_impulse,4,1.0,0.9,0.9,10
ds004447,sub-004,ses-01,D6_clipping,1,0.0,0.0,0.0,10
ds004447,sub-004,ses-01,D6_clipping,2,0.0,0.0,0.0,10
ds004447,sub-004,ses-01,D6_clipping,3,0.0,0.0,0.0,10
ds004447,sub-004,ses-01,D6_clipping,4,0.0,0.0,0.0,10
ds004447,sub-004,ses-01,D7_partial_channel_freeze,1,0.0,0.0,0.0,10
ds004447,sub-004,ses-01,D7_partial_channel_freeze,2,0.0,0.0,0.0,10
ds004447,sub-004,ses-01,D7_partial_channel_freeze,3,0.3,0.0,0.0,10
ds004447,sub-004,ses-01,D7_partial_channel_freeze,4,0.3,0.0,0.0,10
ds004447,sub-004,ses-01,D8_full_channel_variance_collapse,1,0.0,0.0,0.0,10
ds004447,sub-004,ses-01,D8_full_channel_variance_collapse,2,0.1,0.0,0.0,10
ds004447,sub-004,ses-01,D8_full_channel_variance_collapse,3,0.1,0.0,0.0,10
ds004447,sub-004,ses-01,D8_full_channel_variance_collapse,4,0.3,0.0,0.0,10
ds004447,sub-004,ses-01,D9_missing_channel,1,1.0,1.0,1.0,10
ds004447,sub-004,ses-19,D0_unchanged,0,0.0,0.0,0.0,10
ds004447,sub-004,ses-19,D1_single_channel_broadband,1,0.1,0.0,0.0,10
ds004447,sub-004,ses-19,D1_single_channel_broadband,2,0.4,0.1,0.0,10
ds004447,sub-004,ses-19,D1_single_channel_broadband,3,0.5,0.2,0.2,10
ds004447,sub-004,ses-19,D1_single_channel_broadband,4,0.9,0.3,0.4,10
ds004447,sub-004,ses-19,D2_common_mode_broadband,1,0.3,0.1,0.1,10
ds004447,sub-004,ses-19,D2_common_mode_broadband,2,1.0,0.7,0.7,10
ds004447,sub-004,ses-19,D2_common_mode_broadband,3,1.0,1.0,1.0,10
ds004447,sub-004,ses-19,D2_common_mode_broadband,4,1.0,1.0,1.0,10
ds004447,sub-004,ses-19,D3_narrowband_35_45,1,1.0,0.2,0.4,10
ds004447,sub-004,ses-19,D3_narrowband_35_45,2,1.0,0.7,1.0,10
ds004447,sub-004,ses-19,D3_narrowband_35_45,3,1.0,0.8,1.0,10
ds004447,sub-004,ses-19,D3_narrowband_35_45,4,1.0,1.0,1.0,10
ds004447,sub-004,ses-19,D4_narrowband_20_30,1,1.0,0.3,0.4,10
ds004447,sub-004,ses-19,D4_narrowband_20_30,2,1.0,0.3,0.6,10
ds004447,sub-004,ses-19,D4_narrowband_20_30,3,1.0,0.4,0.6,10
ds004447,sub-004,ses-19,D4_narrowband_20_30,4,1.0,0.4,0.6,10
ds004447,sub-004,ses-19,D5_transient_impulse,1,0.0,0.0,0.0,10
ds004447,sub-004,ses-19,D5_transient_impulse,2,0.4,0.0,0.0,10
ds004447,sub-004,ses-19,D5_transient_impulse,3,0.8,0.5,0.4,10
ds004447,sub-004,ses-19,D5_transient_impulse,4,1.0,1.0,1.0,10
ds004447,sub-004,ses-19,D6_clipping,1,0.0,0.0,0.0,10
ds004447,sub-004,ses-19,D6_clipping,2,0.0,0.0,0.0,10
ds004447,sub-004,ses-19,D6_clipping,3,0.0,0.0,0.0,10
ds004447,sub-004,ses-19,D6_clipping,4,0.0,0.0,0.0,10
ds004447,sub-004,ses-19,D7_partial_channel_freeze,1,0.0,0.0,0.0,10
ds004447,sub-004,ses-19,D7_partial_channel_freeze,2,0.0,0.0,0.0,10
ds004447,sub-004,ses-19,D7_partial_channel_freeze,3,0.0,0.0,0.0,10
ds004447,sub-004,ses-19,D7_partial_channel_freeze,4,0.0,0.0,0.0,10
ds004447,sub-004,ses-19,D8_full_channel_variance_collapse,1,0.0,0.0,0.0,10
ds004447,sub-004,ses-19,D8_full_channel_variance_collapse,2,0.0,0.0,0.0,10
ds004447,sub-004,ses-19,D8_full_channel_variance_collapse,3,0.0,0.0,0.0,10
ds004447,sub-004,ses-19,D8_full_channel_variance_collapse,4,0.0,0.0,0.0,10
ds004447,sub-004,ses-19,D9_missing_channel,1,1.0,1.0,1.0,10
ds004447,sub-005,ses-01,D0_unchanged,0,0.0,0.0,0.0,10
ds004447,sub-005,ses-01,D1_single_channel_broadband,1,0.1,0.0,0.0,10
ds004447,sub-005,ses-01,D1_single_channel_broadband,2,0.2,0.0,0.0,10
ds004447,sub-005,ses-01,D1_single_channel_broadband,3,0.7,0.3,0.2,10
ds004447,sub-005,ses-01,D1_single_channel_broadband,4,0.7,0.5,0.2,10
ds004447,sub-005,ses-01,D2_common_mode_broadband,1,0.4,0.1,0.1,10
ds004447,sub-005,ses-01,D2_common_mode_broadband,2,0.9,0.3,0.4,10
ds004447,sub-005,ses-01,D2_common_mode_broadband,3,1.0,0.9,0.9,10
ds004447,sub-005,ses-01,D2_common_mode_broadband,4,1.0,1.0,1.0,10
ds004447,sub-005,ses-01,D3_narrowband_35_45,1,1.0,0.4,0.4,10
ds004447,sub-005,ses-01,D3_narrowband_35_45,2,1.0,0.6,0.9,10
ds004447,sub-005,ses-01,D3_narrowband_35_45,3,1.0,1.0,1.0,10
ds004447,sub-005,ses-01,D3_narrowband_35_45,4,1.0,1.0,1.0,10
ds004447,sub-005,ses-01,D4_narrowband_20_30,1,1.0,0.3,0.3,10
ds004447,sub-005,ses-01,D4_narrowband_20_30,2,1.0,0.3,0.5,10
ds004447,sub-005,ses-01,D4_narrowband_20_30,3,1.0,0.3,0.5,10
ds004447,sub-005,ses-01,D4_narrowband_20_30,4,1.0,0.3,0.7,10
ds004447,sub-005,ses-01,D5_transient_impulse,1,0.0,0.0,0.0,10
ds004447,sub-005,ses-01,D5_transient_impulse,2,0.4,0.0,0.0,10
ds004447,sub-005,ses-01,D5_transient_impulse,3,0.6,0.3,0.2,10
ds004447,sub-005,ses-01,D5_transient_impulse,4,1.0,1.0,1.0,10
ds004447,sub-005,ses-01,D6_clipping,1,0.0,0.0,0.0,10
ds004447,sub-005,ses-01,D6_clipping,2,0.0,0.0,0.0,10
ds004447,sub-005,ses-01,D6_clipping,3,0.0,0.0,0.0,10
ds004447,sub-005,ses-01,D6_clipping,4,0.0,0.0,0.0,10
ds004447,sub-005,ses-01,D7_partial_channel_freeze,1,0.0,0.0,0.0,10
ds004447,sub-005,ses-01,D7_partial_channel_freeze,2,0.2,0.0,0.0,10
ds004447,sub-005,ses-01,D7_partial_channel_freeze,3,0.3,0.0,0.0,10
ds004447,sub-005,ses-01,D7_partial_channel_freeze,4,0.3,0.0,0.0,10
ds004447,sub-005,ses-01,D8_full_channel_variance_collapse,1,0.0,0.0,0.0,10
ds004447,sub-005,ses-01,D8_full_channel_variance_collapse,2,0.0,0.0,0.0,10
ds004447,sub-005,ses-01,D8_full_channel_variance_collapse,3,0.1,0.0,0.0,10
ds004447,sub-005,ses-01,D8_full_channel_variance_collapse,4,0.3,0.0,0.0,10
ds004447,sub-005,ses-01,D9_missing_channel,1,1.0,1.0,1.0,10
ds004447,sub-005,ses-19,D0_unchanged,0,0.0,0.0,0.0,10
ds004447,sub-005,ses-19,D1_single_channel_broadband,1,0.0,0.0,0.0,10
ds004447,sub-005,ses-19,D1_single_channel_broadband,2,0.2,0.0,0.0,10
ds004447,sub-005,ses-19,D1_single_channel_broadband,3,0.5,0.0,0.0,10
ds004447,sub-005,ses-19,D1_single_channel_broadband,4,0.7,0.2,0.2,10
ds004447,sub-005,ses-19,D2_common_mode_broadband,1,0.2,0.0,0.0,10
ds004447,sub-005,ses-19,D2_common_mode_broadband,2,0.8,0.1,0.1,10
ds004447,sub-005,ses-19,D2_common_mode_broadband,3,1.0,0.7,0.7,10
ds004447,sub-005,ses-19,D2_common_mode_broadband,4,1.0,0.8,0.8,10
ds004447,sub-005,ses-19,D3_narrowband_35_45,1,1.0,0.1,0.3,10
ds004447,sub-005,ses-19,D3_narrowband_35_45,2,1.0,0.5,1.0,10
ds004447,sub-005,ses-19,D3_narrowband_35_45,3,1.0,0.7,1.0,10
ds004447,sub-005,ses-19,D3_narrowband_35_45,4,1.0,0.8,1.0,10
ds004447,sub-005,ses-19,D4_narrowband_20_30,1,1.0,0.0,0.0,10
ds004447,sub-005,ses-19,D4_narrowband_20_30,2,1.0,0.0,0.1,10
ds004447,sub-005,ses-19,D4_narrowband_20_30,3,1.0,0.0,0.3,10
ds004447,sub-005,ses-19,D4_narrowband_20_30,4,1.0,0.0,0.3,10
ds004447,sub-005,ses-19,D5_transient_impulse,1,0.0,0.0,0.0,10
ds004447,sub-005,ses-19,D5_transient_impulse,2,0.3,0.0,0.0,10
ds004447,sub-005,ses-19,D5_transient_impulse,3,0.7,0.2,0.2,10
ds004447,sub-005,ses-19,D5_transient_impulse,4,1.0,0.7,0.9,10
ds004447,sub-005,ses-19,D6_clipping,1,0.0,0.0,0.0,10
ds004447,sub-005,ses-19,D6_clipping,2,0.0,0.0,0.0,10
ds004447,sub-005,ses-19,D6_clipping,3,0.0,0.0,0.0,10
ds004447,sub-005,ses-19,D6_clipping,4,0.1,0.0,0.0,10
ds004447,sub-005,ses-19,D7_partial_channel_freeze,1,0.0,0.0,0.0,10
ds004447,sub-005,ses-19,D7_partial_channel_freeze,2,0.2,0.0,0.0,10
ds004447,sub-005,ses-19,D7_partial_channel_freeze,3,0.3,0.0,0.0,10
ds004447,sub-005,ses-19,D7_partial_channel_freeze,4,0.3,0.0,0.0,10
ds004447,sub-005,ses-19,D8_full_channel_variance_collapse,1,0.1,0.0,0.0,10
ds004447,sub-005,ses-19,D8_full_channel_variance_collapse,2,0.2,0.0,0.0,10
ds004447,sub-005,ses-19,D8_full_channel_variance_collapse,3,0.2,0.0,0.0,10
ds004447,sub-005,ses-19,D8_full_channel_variance_collapse,4,0.3,0.0,0.0,10
ds004447,sub-005,ses-19,D9_missing_channel,1,1.0,1.0,1.0,10
ds004447,sub-006,ses-01,D0_unchanged,0,0.0,0.0,0.0,10
ds004447,sub-006,ses-01,D1_single_channel_broadband,1,0.0,0.0,0.0,10
ds004447,sub-006,ses-01,D1_single_channel_broadband,2,0.1,0.0,0.0,10
ds004447,sub-006,ses-01,D1_single_channel_broadband,3,0.1,0.0,0.0,10
ds004447,sub-006,ses-01,D1_single_channel_broadband,4,0.2,0.0,0.0,10
ds004447,sub-006,ses-01,D2_common_mode_broadband,1,0.0,0.0,0.0,10
ds004447,sub-006,ses-01,D2_common_mode_broadband,2,0.5,0.0,0.0,10
ds004447,sub-006,ses-01,D2_common_mode_broadband,3,0.9,0.3,0.3,10
ds004447,sub-006,ses-01,D2_common_mode_broadband,4,1.0,0.7,0.7,10
ds004447,sub-006,ses-01,D3_narrowband_35_45,1,1.0,0.0,0.1,10
ds004447,sub-006,ses-01,D3_narrowband_35_45,2,1.0,0.2,0.5,10
ds004447,sub-006,ses-01,D3_narrowband_35_45,3,1.0,0.4,0.9,10
ds004447,sub-006,ses-01,D3_narrowband_35_45,4,1.0,0.4,1.0,10
ds004447,sub-006,ses-01,D4_narrowband_20_30,1,1.0,0.0,0.0,10
ds004447,sub-006,ses-01,D4_narrowband_20_30,2,1.0,0.0,0.0,10
ds004447,sub-006,ses-01,D4_narrowband_20_30,3,1.0,0.0,0.0,10
ds004447,sub-006,ses-01,D4_narrowband_20_30,4,1.0,0.0,0.0,10
ds004447,sub-006,ses-01,D5_transient_impulse,1,0.0,0.0,0.0,10
ds004447,sub-006,ses-01,D5_transient_impulse,2,0.2,0.0,0.0,10
ds004447,sub-006,ses-01,D5_transient_impulse,3,0.4,0.2,0.2,10
ds004447,sub-006,ses-01,D5_transient_impulse,4,0.9,0.4,0.4,10
ds004447,sub-006,ses-01,D6_clipping,1,0.0,0.0,0.0,10
ds004447,sub-006,ses-01,D6_clipping,2,0.0,0.0,0.0,10
ds004447,sub-006,ses-01,D6_clipping,3,0.0,0.0,0.0,10
ds004447,sub-006,ses-01,D6_clipping,4,0.0,0.0,0.0,10
ds004447,sub-006,ses-01,D7_partial_channel_freeze,1,0.0,0.0,0.0,10
ds004447,sub-006,ses-01,D7_partial_channel_freeze,2,0.0,0.0,0.0,10
ds004447,sub-006,ses-01,D7_partial_channel_freeze,3,0.0,0.0,0.0,10
ds004447,sub-006,ses-01,D7_partial_channel_freeze,4,0.0,0.0,0.0,10
ds004447,sub-006,ses-01,D8_full_channel_variance_collapse,1,0.0,0.0,0.0,10
ds004447,sub-006,ses-01,D8_full_channel_variance_collapse,2,0.0,0.0,0.0,10
ds004447,sub-006,ses-01,D8_full_channel_variance_collapse,3,0.0,0.0,0.0,10
ds004447,sub-006,ses-01,D8_full_channel_variance_collapse,4,0.0,0.0,0.0,10
ds004447,sub-006,ses-01,D9_missing_channel,1,1.0,1.0,1.0,10
ds004447,sub-006,ses-19,D0_unchanged,0,0.0,0.0,0.0,10
ds004447,sub-006,ses-19,D1_single_channel_broadband,1,0.0,0.0,0.0,10
ds004447,sub-006,ses-19,D1_single_channel_broadband,2,0.1,0.0,0.0,10
ds004447,sub-006,ses-19,D1_single_channel_broadband,3,0.7,0.1,0.1,10
ds004447,sub-006,ses-19,D1_single_channel_broadband,4,1.0,0.3,0.3,10
ds004447,sub-006,ses-19,D2_common_mode_broadband,1,0.3,0.0,0.0,10
ds004447,sub-006,ses-19,D2_common_mode_broadband,2,0.8,0.2,0.3,10
ds004447,sub-006,ses-19,D2_common_mode_broadband,3,1.0,0.7,0.7,10
ds004447,sub-006,ses-19,D2_common_mode_broadband,4,1.0,0.8,0.8,10
ds004447,sub-006,ses-19,D3_narrowband_35_45,1,1.0,0.0,0.1,10
ds004447,sub-006,ses-19,D3_narrowband_35_45,2,1.0,0.1,0.7,10
ds004447,sub-006,ses-19,D3_narrowband_35_45,3,1.0,0.1,0.8,10
ds004447,sub-006,ses-19,D3_narrowband_35_45,4,1.0,0.4,1.0,10
ds004447,sub-006,ses-19,D4_narrowband_20_30,1,1.0,0.0,0.0,10
ds004447,sub-006,ses-19,D4_narrowband_20_30,2,1.0,0.0,0.0,10
ds004447,sub-006,ses-19,D4_narrowband_20_30,3,1.0,0.0,0.0,10
ds004447,sub-006,ses-19,D4_narrowband_20_30,4,1.0,0.0,0.0,10
ds004447,sub-006,ses-19,D5_transient_impulse,1,0.0,0.0,0.0,10
ds004447,sub-006,ses-19,D5_transient_impulse,2,0.1,0.0,0.0,10
ds004447,sub-006,ses-19,D5_transient_impulse,3,0.8,0.2,0.2,10
ds004447,sub-006,ses-19,D5_transient_impulse,4,1.0,0.6,0.6,10
ds004447,sub-006,ses-19,D6_clipping,1,0.0,0.0,0.0,10
ds004447,sub-006,ses-19,D6_clipping,2,0.0,0.0,0.0,10
ds004447,sub-006,ses-19,D6_clipping,3,0.0,0.0,0.0,10
ds004447,sub-006,ses-19,D6_clipping,4,0.0,0.0,0.0,10
ds004447,sub-006,ses-19,D7_partial_channel_freeze,1,0.0,0.0,0.0,10
ds004447,sub-006,ses-19,D7_partial_channel_freeze,2,0.0,0.0,0.0,10
ds004447,sub-006,ses-19,D7_partial_channel_freeze,3,0.2,0.0,0.0,10
ds004447,sub-006,ses-19,D7_partial_channel_freeze,4,0.2,0.0,0.0,10
ds004447,sub-006,ses-19,D8_full_channel_variance_collapse,1,0.0,0.0,0.0,10
ds004447,sub-006,ses-19,D8_full_channel_variance_collapse,2,0.0,0.0,0.0,10
ds004447,sub-006,ses-19,D8_full_channel_variance_collapse,3,0.1,0.0,0.0,10
ds004447,sub-006,ses-19,D8_full_channel_variance_collapse,4,0.2,0.0,0.0,10
ds004447,sub-006,ses-19,D9_missing_channel,1,1.0,1.0,1.0,10
ds004447,sub-007,ses-01,D0_unchanged,0,0.0,0.0,0.0,10
ds004447,sub-007,ses-01,D1_single_channel_broadband,1,0.0,0.0,0.0,10
ds004447,sub-007,ses-01,D1_single_channel_broadband,2,0.1,0.0,0.0,10
ds004447,sub-007,ses-01,D1_single_channel_broadband,3,0.4,0.2,0.1,10
ds004447,sub-007,ses-01,D1_single_channel_broadband,4,0.7,0.2,0.1,10
ds004447,sub-007,ses-01,D2_common_mode_broadband,1,0.4,0.0,0.0,10
ds004447,sub-007,ses-01,D2_common_mode_broadband,2,1.0,0.5,0.3,10
ds004447,sub-007,ses-01,D2_common_mode_broadband,3,1.0,0.9,0.9,10
ds004447,sub-007,ses-01,D2_common_mode_broadband,4,1.0,1.0,1.0,10
ds004447,sub-007,ses-01,D3_narrowband_35_45,1,1.0,0.0,0.8,10
ds004447,sub-007,ses-01,D3_narrowband_35_45,2,1.0,0.8,1.0,10
ds004447,sub-007,ses-01,D3_narrowband_35_45,3,1.0,0.9,1.0,10
ds004447,sub-007,ses-01,D3_narrowband_35_45,4,1.0,1.0,1.0,10
ds004447,sub-007,ses-01,D4_narrowband_20_30,1,1.0,0.0,0.0,10
ds004447,sub-007,ses-01,D4_narrowband_20_30,2,1.0,0.0,0.5,10
ds004447,sub-007,ses-01,D4_narrowband_20_30,3,1.0,0.2,0.6,10
ds004447,sub-007,ses-01,D4_narrowband_20_30,4,1.0,0.4,0.7,10
ds004447,sub-007,ses-01,D5_transient_impulse,1,0.0,0.0,0.0,10
ds004447,sub-007,ses-01,D5_transient_impulse,2,0.0,0.0,0.0,10
ds004447,sub-007,ses-01,D5_transient_impulse,3,0.7,0.1,0.1,10
ds004447,sub-007,ses-01,D5_transient_impulse,4,1.0,1.0,1.0,10
ds004447,sub-007,ses-01,D6_clipping,1,0.0,0.0,0.0,10
ds004447,sub-007,ses-01,D6_clipping,2,0.0,0.0,0.0,10
ds004447,sub-007,ses-01,D6_clipping,3,0.0,0.0,0.0,10
ds004447,sub-007,ses-01,D6_clipping,4,0.0,0.0,0.0,10
ds004447,sub-007,ses-01,D7_partial_channel_freeze,1,0.0,0.0,0.0,10
ds004447,sub-007,ses-01,D7_partial_channel_freeze,2,0.1,0.0,0.0,10
ds004447,sub-007,ses-01,D7_partial_channel_freeze,3,0.4,0.0,0.0,10
ds004447,sub-007,ses-01,D7_partial_channel_freeze,4,0.4,0.0,0.0,10
ds004447,sub-007,ses-01,D8_full_channel_variance_collapse,1,0.2,0.0,0.0,10
ds004447,sub-007,ses-01,D8_full_channel_variance_collapse,2,0.4,0.0,0.0,10
ds004447,sub-007,ses-01,D8_full_channel_variance_collapse,3,0.4,0.0,0.0,10
ds004447,sub-007,ses-01,D8_full_channel_variance_collapse,4,0.4,0.0,0.0,10
ds004447,sub-007,ses-01,D9_missing_channel,1,1.0,1.0,1.0,10
ds004447,sub-007,ses-19,D0_unchanged,0,0.0,0.0,0.0,10
ds004447,sub-007,ses-19,D1_single_channel_broadband,1,0.0,0.0,0.0,10
ds004447,sub-007,ses-19,D1_single_channel_broadband,2,0.1,0.1,0.0,10
ds004447,sub-007,ses-19,D1_single_channel_broadband,3,0.5,0.3,0.3,10
ds004447,sub-007,ses-19,D1_single_channel_broadband,4,0.9,0.6,0.6,10
ds004447,sub-007,ses-19,D2_common_mode_broadband,1,0.3,0.0,0.0,10
ds004447,sub-007,ses-19,D2_common_mode_broadband,2,0.9,0.2,0.2,10
ds004447,sub-007,ses-19,D2_common_mode_broadband,3,1.0,0.7,0.7,10
ds004447,sub-007,ses-19,D2_common_mode_broadband,4,1.0,1.0,1.0,10
ds004447,sub-007,ses-19,D3_narrowband_35_45,1,1.0,0.3,0.4,10
ds004447,sub-007,ses-19,D3_narrowband_35_45,2,1.0,0.6,1.0,10
ds004447,sub-007,ses-19,D3_narrowband_35_45,3,1.0,1.0,1.0,10
ds004447,sub-007,ses-19,D3_narrowband_35_45,4,1.0,1.0,1.0,10
ds004447,sub-007,ses-19,D4_narrowband_20_30,1,1.0,0.0,0.2,10
ds004447,sub-007,ses-19,D4_narrowband_20_30,2,1.0,0.2,0.6,10
ds004447,sub-007,ses-19,D4_narrowband_20_30,3,1.0,0.3,0.7,10
ds004447,sub-007,ses-19,D4_narrowband_20_30,4,1.0,0.3,0.9,10
ds004447,sub-007,ses-19,D5_transient_impulse,1,0.0,0.0,0.0,10
ds004447,sub-007,ses-19,D5_transient_impulse,2,0.2,0.0,0.0,10
ds004447,sub-007,ses-19,D5_transient_impulse,3,0.8,0.5,0.6,10
ds004447,sub-007,ses-19,D5_transient_impulse,4,1.0,1.0,1.0,10
ds004447,sub-007,ses-19,D6_clipping,1,0.0,0.0,0.0,10
ds004447,sub-007,ses-19,D6_clipping,2,0.0,0.0,0.0,10
ds004447,sub-007,ses-19,D6_clipping,3,0.0,0.0,0.0,10
ds004447,sub-007,ses-19,D6_clipping,4,0.0,0.0,0.0,10
ds004447,sub-007,ses-19,D7_partial_channel_freeze,1,0.0,0.0,0.0,10
ds004447,sub-007,ses-19,D7_partial_channel_freeze,2,0.0,0.0,0.0,10
ds004447,sub-007,ses-19,D7_partial_channel_freeze,3,0.2,0.0,0.0,10
ds004447,sub-007,ses-19,D7_partial_channel_freeze,4,0.2,0.0,0.0,10
ds004447,sub-007,ses-19,D8_full_channel_variance_collapse,1,0.0,0.0,0.0,10
ds004447,sub-007,ses-19,D8_full_channel_variance_collapse,2,0.0,0.0,0.0,10
ds004447,sub-007,ses-19,D8_full_channel_variance_collapse,3,0.1,0.0,0.0,10
ds004447,sub-007,ses-19,D8_full_channel_variance_collapse,4,0.2,0.0,0.0,10
ds004447,sub-007,ses-19,D9_missing_channel,1,1.0,1.0,1.0,10
ds004447,sub-008,ses-01,D0_unchanged,0,0.0,0.0,0.0,10
ds004447,sub-008,ses-01,D1_single_channel_broadband,1,0.1,0.0,0.0,10
ds004447,sub-008,ses-01,D1_single_channel_broadband,2,0.1,0.0,0.0,10
ds004447,sub-008,ses-01,D1_single_channel_broadband,3,0.8,0.6,0.6,10
ds004447,sub-008,ses-01,D1_single_channel_broadband,4,1.0,0.5,0.6,10
ds004447,sub-008,ses-01,D2_common_mode_broadband,1,0.5,0.2,0.2,10
ds004447,sub-008,ses-01,D2_common_mode_broadband,2,0.9,0.5,0.5,10
ds004447,sub-008,ses-01,D2_common_mode_broadband,3,1.0,1.0,1.0,10
ds004447,sub-008,ses-01,D2_common_mode_broadband,4,1.0,1.0,1.0,10
ds004447,sub-008,ses-01,D3_narrowband_35_45,1,1.0,0.4,0.8,10
ds004447,sub-008,ses-01,D3_narrowband_35_45,2,1.0,1.0,1.0,10
ds004447,sub-008,ses-01,D3_narrowband_35_45,3,1.0,1.0,1.0,10
ds004447,sub-008,ses-01,D3_narrowband_35_45,4,1.0,1.0,1.0,10
ds004447,sub-008,ses-01,D4_narrowband_20_30,1,1.0,0.4,0.9,10
ds004447,sub-008,ses-01,D4_narrowband_20_30,2,1.0,0.6,1.0,10
ds004447,sub-008,ses-01,D4_narrowband_20_30,3,1.0,0.7,1.0,10
ds004447,sub-008,ses-01,D4_narrowband_20_30,4,1.0,0.9,1.0,10
ds004447,sub-008,ses-01,D5_transient_impulse,1,0.1,0.0,0.0,10
ds004447,sub-008,ses-01,D5_transient_impulse,2,0.5,0.1,0.1,10
ds004447,sub-008,ses-01,D5_transient_impulse,3,1.0,0.5,0.5,10
ds004447,sub-008,ses-01,D5_transient_impulse,4,1.0,1.0,1.0,10
ds004447,sub-008,ses-01,D6_clipping,1,0.0,0.0,0.0,10
ds004447,sub-008,ses-01,D6_clipping,2,0.0,0.0,0.0,10
ds004447,sub-008,ses-01,D6_clipping,3,0.0,0.0,0.0,10
ds004447,sub-008,ses-01,D6_clipping,4,0.0,0.0,0.0,10
ds004447,sub-008,ses-01,D7_partial_channel_freeze,1,0.0,0.0,0.0,10
ds004447,sub-008,ses-01,D7_partial_channel_freeze,2,0.0,0.0,0.0,10
ds004447,sub-008,ses-01,D7_partial_channel_freeze,3,0.5,0.0,0.0,10
ds004447,sub-008,ses-01,D7_partial_channel_freeze,4,0.5,0.0,0.0,10
ds004447,sub-008,ses-01,D8_full_channel_variance_collapse,1,0.0,0.0,0.0,10
ds004447,sub-008,ses-01,D8_full_channel_variance_collapse,2,0.3,0.0,0.0,10
ds004447,sub-008,ses-01,D8_full_channel_variance_collapse,3,0.4,0.0,0.0,10
ds004447,sub-008,ses-01,D8_full_channel_variance_collapse,4,0.5,0.0,0.0,10
ds004447,sub-008,ses-01,D9_missing_channel,1,1.0,1.0,1.0,10
ds004447,sub-008,ses-19,D0_unchanged,0,0.0,0.0,0.0,10
ds004447,sub-008,ses-19,D1_single_channel_broadband,1,0.0,0.0,0.0,10
ds004447,sub-008,ses-19,D1_single_channel_broadband,2,0.4,0.1,0.1,10
ds004447,sub-008,ses-19,D1_single_channel_broadband,3,0.7,0.5,0.5,10
ds004447,sub-008,ses-19,D1_single_channel_broadband,4,0.7,0.5,0.5,10
ds004447,sub-008,ses-19,D2_common_mode_broadband,1,0.4,0.1,0.1,10
ds004447,sub-008,ses-19,D2_common_mode_broadband,2,0.7,0.6,0.5,10
ds004447,sub-008,ses-19,D2_common_mode_broadband,3,1.0,0.8,0.8,10
ds004447,sub-008,ses-19,D2_common_mode_broadband,4,1.0,0.9,0.9,10
ds004447,sub-008,ses-19,D3_narrowband_35_45,1,1.0,0.5,0.7,10
ds004447,sub-008,ses-19,D3_narrowband_35_45,2,1.0,1.0,1.0,10
ds004447,sub-008,ses-19,D3_narrowband_35_45,3,1.0,1.0,1.0,10
ds004447,sub-008,ses-19,D3_narrowband_35_45,4,1.0,1.0,1.0,10
ds004447,sub-008,ses-19,D4_narrowband_20_30,1,1.0,0.3,0.5,10
ds004447,sub-008,ses-19,D4_narrowband_20_30,2,1.0,0.4,0.8,10
ds004447,sub-008,ses-19,D4_narrowband_20_30,3,1.0,0.7,0.9,10
ds004447,sub-008,ses-19,D4_narrowband_20_30,4,1.0,0.9,1.0,10
ds004447,sub-008,ses-19,D5_transient_impulse,1,0.0,0.0,0.0,10
ds004447,sub-008,ses-19,D5_transient_impulse,2,0.4,0.2,0.0,10
ds004447,sub-008,ses-19,D5_transient_impulse,3,0.9,0.7,0.6,10
ds004447,sub-008,ses-19,D5_transient_impulse,4,1.0,0.9,0.9,10
ds004447,sub-008,ses-19,D6_clipping,1,0.1,0.0,0.0,10
ds004447,sub-008,ses-19,D6_clipping,2,0.1,0.0,0.0,10
ds004447,sub-008,ses-19,D6_clipping,3,0.3,0.0,0.0,10
ds004447,sub-008,ses-19,D6_clipping,4,0.7,0.0,0.0,10
ds004447,sub-008,ses-19,D7_partial_channel_freeze,1,0.0,0.0,0.0,10
ds004447,sub-008,ses-19,D7_partial_channel_freeze,2,0.2,0.0,0.0,10
ds004447,sub-008,ses-19,D7_partial_channel_freeze,3,0.3,0.0,0.0,10
ds004447,sub-008,ses-19,D7_partial_channel_freeze,4,0.3,0.0,0.0,10
ds004447,sub-008,ses-19,D8_full_channel_variance_collapse,1,0.3,0.0,0.0,10
ds004447,sub-008,ses-19,D8_full_channel_variance_collapse,2,0.3,0.0,0.0,10
ds004447,sub-008,ses-19,D8_full_channel_variance_collapse,3,0.3,0.0,0.0,10
ds004447,sub-008,ses-19,D8_full_channel_variance_collapse,4,0.3,0.0,0.0,10
ds004447,sub-008,ses-19,D9_missing_channel,1,1.0,1.0,1.0,10
ds004447,sub-009,ses-01,D0_unchanged,0,0.0,0.0,0.0,10
ds004447,sub-009,ses-01,D1_single_channel_broadband,1,0.1,0.0,0.0,10
ds004447,sub-009,ses-01,D1_single_channel_broadband,2,0.2,0.2,0.2,10
ds004447,sub-009,ses-01,D1_single_channel_broadband,3,0.3,0.2,0.2,10
ds004447,sub-009,ses-01,D1_single_channel_broadband,4,0.5,0.5,0.4,10
ds004447,sub-009,ses-01,D2_common_mode_broadband,1,0.5,0.2,0.2,10
ds004447,sub-009,ses-01,D2_common_mode_broadband,2,0.9,0.4,0.4,10
ds004447,sub-009,ses-01,D2_common_mode_broadband,3,1.0,0.7,0.8,10
ds004447,sub-009,ses-01,D2_common_mode_broadband,4,1.0,0.9,0.9,10
ds004447,sub-009,ses-01,D3_narrowband_35_45,1,1.0,0.8,0.9,10
ds004447,sub-009,ses-01,D3_narrowband_35_45,2,1.0,1.0,1.0,10
ds004447,sub-009,ses-01,D3_narrowband_35_45,3,1.0,1.0,1.0,10
ds004447,sub-009,ses-01,D3_narrowband_35_45,4,1.0,1.0,1.0,10
ds004447,sub-009,ses-01,D4_narrowband_20_30,1,1.0,0.5,0.7,10
ds004447,sub-009,ses-01,D4_narrowband_20_30,2,1.0,0.6,0.9,10
ds004447,sub-009,ses-01,D4_narrowband_20_30,3,1.0,0.6,1.0,10
ds004447,sub-009,ses-01,D4_narrowband_20_30,4,1.0,0.6,1.0,10
ds004447,sub-009,ses-01,D5_transient_impulse,1,0.0,0.0,0.0,10
ds004447,sub-009,ses-01,D5_transient_impulse,2,0.3,0.3,0.2,10
ds004447,sub-009,ses-01,D5_transient_impulse,3,0.4,0.5,0.3,10
ds004447,sub-009,ses-01,D5_transient_impulse,4,1.0,1.0,1.0,10
ds004447,sub-009,ses-01,D6_clipping,1,0.0,0.0,0.0,10
ds004447,sub-009,ses-01,D6_clipping,2,0.2,0.0,0.0,10
ds004447,sub-009,ses-01,D6_clipping,3,0.5,0.0,0.0,10
ds004447,sub-009,ses-01,D6_clipping,4,1.0,0.0,0.0,10
ds004447,sub-009,ses-01,D7_partial_channel_freeze,1,0.0,0.0,0.0,10
ds004447,sub-009,ses-01,D7_partial_channel_freeze,2,0.5,0.0,0.0,10
ds004447,sub-009,ses-01,D7_partial_channel_freeze,3,0.5,0.0,0.0,10
ds004447,sub-009,ses-01,D7_partial_channel_freeze,4,0.5,0.0,0.0,10
ds004447,sub-009,ses-01,D8_full_channel_variance_collapse,1,0.5,0.0,0.0,10
ds004447,sub-009,ses-01,D8_full_channel_variance_collapse,2,0.5,0.0,0.0,10
ds004447,sub-009,ses-01,D8_full_channel_variance_collapse,3,0.5,0.0,0.0,10
ds004447,sub-009,ses-01,D8_full_channel_variance_collapse,4,0.5,0.0,0.0,10
ds004447,sub-009,ses-01,D9_missing_channel,1,1.0,1.0,1.0,10
ds004447,sub-009,ses-19,D0_unchanged,0,0.0,0.0,0.0,10
ds004447,sub-009,ses-19,D1_single_channel_broadband,1,0.2,0.1,0.0,10
ds004447,sub-009,ses-19,D1_single_channel_broadband,2,0.4,0.2,0.2,10
ds004447,sub-009,ses-19,D1_single_channel_broadband,3,0.6,0.3,0.3,10
ds004447,sub-009,ses-19,D1_single_channel_broadband,4,0.6,0.5,0.5,10
ds004447,sub-009,ses-19,D2_common_mode_broadband,1,0.6,0.4,0.4,10
ds004447,sub-009,ses-19,D2_common_mode_broadband,2,0.9,0.6,0.7,10
ds004447,sub-009,ses-19,D2_common_mode_broadband,3,1.0,0.8,0.9,10
ds004447,sub-009,ses-19,D2_common_mode_broadband,4,0.9,0.8,0.9,10
ds004447,sub-009,ses-19,D3_narrowband_35_45,1,1.0,0.6,0.7,10
ds004447,sub-009,ses-19,D3_narrowband_35_45,2,1.0,0.7,0.9,10
ds004447,sub-009,ses-19,D3_narrowband_35_45,3,1.0,0.9,1.0,10
ds004447,sub-009,ses-19,D3_narrowband_35_45,4,1.0,0.9,1.0,10
ds004447,sub-009,ses-19,D4_narrowband_20_30,1,1.0,0.2,0.5,10
ds004447,sub-009,ses-19,D4_narrowband_20_30,2,1.0,0.3,0.6,10
ds004447,sub-009,ses-19,D4_narrowband_20_30,3,1.0,0.4,0.6,10
ds004447,sub-009,ses-19,D4_narrowband_20_30,4,1.0,0.4,0.7,10
ds004447,sub-009,ses-19,D5_transient_impulse,1,0.2,0.1,0.1,10
ds004447,sub-009,ses-19,D5_transient_impulse,2,0.5,0.1,0.1,10
ds004447,sub-009,ses-19,D5_transient_impulse,3,0.7,0.6,0.6,10
ds004447,sub-009,ses-19,D5_transient_impulse,4,0.9,0.8,0.8,10
ds004447,sub-009,ses-19,D6_clipping,1,0.0,0.0,0.0,10
ds004447,sub-009,ses-19,D6_clipping,2,0.0,0.0,0.0,10
ds004447,sub-009,ses-19,D6_clipping,3,0.0,0.0,0.0,10
ds004447,sub-009,ses-19,D6_clipping,4,0.0,0.0,0.0,10
ds004447,sub-009,ses-19,D7_partial_channel_freeze,1,0.0,0.0,0.0,10
ds004447,sub-009,ses-19,D7_partial_channel_freeze,2,0.0,0.0,0.0,10
ds004447,sub-009,ses-19,D7_partial_channel_freeze,3,0.0,0.0,0.0,10
ds004447,sub-009,ses-19,D7_partial_channel_freeze,4,0.0,0.0,0.0,10
ds004447,sub-009,ses-19,D8_full_channel_variance_collapse,1,0.0,0.0,0.0,10
ds004447,sub-009,ses-19,D8_full_channel_variance_collapse,2,0.0,0.0,0.0,10
ds004447,sub-009,ses-19,D8_full_channel_variance_collapse,3,0.0,0.0,0.0,10
ds004447,sub-009,ses-19,D8_full_channel_variance_collapse,4,0.0,0.0,0.0,10
ds004447,sub-009,ses-19,D9_missing_channel,1,1.0,1.0,1.0,10
ds004447,sub-010,ses-01,D0_unchanged,0,0.0,0.0,0.0,10
ds004447,sub-010,ses-01,D1_single_channel_broadband,1,0.0,0.0,0.0,10
ds004447,sub-010,ses-01,D1_single_channel_broadband,2,0.1,0.0,0.0,10
ds004447,sub-010,ses-01,D1_single_channel_broadband,3,0.2,0.0,0.0,10
ds004447,sub-010,ses-01,D1_single_channel_broadband,4,0.5,0.1,0.1,10
ds004447,sub-010,ses-01,D2_common_mode_broadband,1,0.2,0.0,0.0,10
ds004447,sub-010,ses-01,D2_common_mode_broadband,2,0.4,0.2,0.2,10
ds004447,sub-010,ses-01,D2_common_mode_broadband,3,0.9,0.5,0.5,10
ds004447,sub-010,ses-01,D2_common_mode_broadband,4,1.0,0.9,0.9,10
ds004447,sub-010,ses-01,D3_narrowband_35_45,1,1.0,0.2,0.2,10
ds004447,sub-010,ses-01,D3_narrowband_35_45,2,1.0,0.4,0.8,10
ds004447,sub-010,ses-01,D3_narrowband_35_45,3,1.0,0.5,1.0,10
ds004447,sub-010,ses-01,D3_narrowband_35_45,4,1.0,0.8,1.0,10
ds004447,sub-010,ses-01,D4_narrowband_20_30,1,0.9,0.0,0.1,10
ds004447,sub-010,ses-01,D4_narrowband_20_30,2,1.0,0.1,0.2,10
ds004447,sub-010,ses-01,D4_narrowband_20_30,3,1.0,0.2,0.2,10
ds004447,sub-010,ses-01,D4_narrowband_20_30,4,1.0,0.2,0.4,10
ds004447,sub-010,ses-01,D5_transient_impulse,1,0.0,0.0,0.0,10
ds004447,sub-010,ses-01,D5_transient_impulse,2,0.1,0.0,0.0,10
ds004447,sub-010,ses-01,D5_transient_impulse,3,0.3,0.1,0.1,10
ds004447,sub-010,ses-01,D5_transient_impulse,4,1.0,0.3,0.3,10
ds004447,sub-010,ses-01,D6_clipping,1,0.0,0.0,0.0,10
ds004447,sub-010,ses-01,D6_clipping,2,0.0,0.0,0.0,10
ds004447,sub-010,ses-01,D6_clipping,3,0.0,0.0,0.0,10
ds004447,sub-010,ses-01,D6_clipping,4,0.0,0.0,0.0,10
ds004447,sub-010,ses-01,D7_partial_channel_freeze,1,0.0,0.0,0.0,10
ds004447,sub-010,ses-01,D7_partial_channel_freeze,2,0.1,0.0,0.0,10
ds004447,sub-010,ses-01,D7_partial_channel_freeze,3,0.2,0.0,0.0,10
ds004447,sub-010,ses-01,D7_partial_channel_freeze,4,0.2,0.0,0.0,10
ds004447,sub-010,ses-01,D8_full_channel_variance_collapse,1,0.0,0.0,0.0,10
ds004447,sub-010,ses-01,D8_full_channel_variance_collapse,2,0.1,0.0,0.0,10
ds004447,sub-010,ses-01,D8_full_channel_variance_collapse,3,0.1,0.0,0.0,10
ds004447,sub-010,ses-01,D8_full_channel_variance_collapse,4,0.2,0.0,0.0,10
ds004447,sub-010,ses-01,D9_missing_channel,1,1.0,1.0,1.0,10
ds004447,sub-010,ses-19,D0_unchanged,0,0.0,0.0,0.0,10
ds004447,sub-010,ses-19,D1_single_channel_broadband,1,0.0,0.0,0.0,10
ds004447,sub-010,ses-19,D1_single_channel_broadband,2,0.0,0.0,0.0,10
ds004447,sub-010,ses-19,D1_single_channel_broadband,3,0.1,0.0,0.0,10
ds004447,sub-010,ses-19,D1_single_channel_broadband,4,0.2,0.1,0.1,10
ds004447,sub-010,ses-19,D2_common_mode_broadband,1,0.3,0.1,0.0,10
ds004447,sub-010,ses-19,D2_common_mode_broadband,2,0.6,0.3,0.2,10
ds004447,sub-010,ses-19,D2_common_mode_broadband,3,1.0,0.9,0.7,10
ds004447,sub-010,ses-19,D2_common_mode_broadband,4,1.0,0.8,0.9,10
ds004447,sub-010,ses-19,D3_narrowband_35_45,1,1.0,0.2,0.2,10
ds004447,sub-010,ses-19,D3_narrowband_35_45,2,1.0,0.8,1.0,10
ds004447,sub-010,ses-19,D3_narrowband_35_45,3,1.0,1.0,1.0,10
ds004447,sub-010,ses-19,D3_narrowband_35_45,4,1.0,1.0,1.0,10
ds004447,sub-010,ses-19,D4_narrowband_20_30,1,1.0,0.2,0.2,10
ds004447,sub-010,ses-19,D4_narrowband_20_30,2,1.0,0.4,0.5,10
ds004447,sub-010,ses-19,D4_narrowband_20_30,3,1.0,0.4,0.6,10
ds004447,sub-010,ses-19,D4_narrowband_20_30,4,1.0,0.4,0.7,10
ds004447,sub-010,ses-19,D5_transient_impulse,1,0.0,0.0,0.0,10
ds004447,sub-010,ses-19,D5_transient_impulse,2,0.0,0.0,0.0,10
ds004447,sub-010,ses-19,D5_transient_impulse,3,0.2,0.1,0.0,10
ds004447,sub-010,ses-19,D5_transient_impulse,4,0.6,0.3,0.3,10
ds004447,sub-010,ses-19,D6_clipping,1,0.0,0.0,0.0,10
ds004447,sub-010,ses-19,D6_clipping,2,0.0,0.0,0.0,10
ds004447,sub-010,ses-19,D6_clipping,3,0.0,0.0,0.0,10
ds004447,sub-010,ses-19,D6_clipping,4,0.4,0.0,0.0,10
ds004447,sub-010,ses-19,D7_partial_channel_freeze,1,0.0,0.0,0.0,10
ds004447,sub-010,ses-19,D7_partial_channel_freeze,2,0.0,0.0,0.0,10
ds004447,sub-010,ses-19,D7_partial_channel_freeze,3,0.1,0.0,0.0,10
ds004447,sub-010,ses-19,D7_partial_channel_freeze,4,0.1,0.0,0.0,10
ds004447,sub-010,ses-19,D8_full_channel_variance_collapse,1,0.0,0.0,0.0,10
ds004447,sub-010,ses-19,D8_full_channel_variance_collapse,2,0.1,0.0,0.0,10
ds004447,sub-010,ses-19,D8_full_channel_variance_collapse,3,0.1,0.0,0.0,10
ds004447,sub-010,ses-19,D8_full_channel_variance_collapse,4,0.1,0.0,0.0,10
ds004447,sub-010,ses-19,D9_missing_channel,1,1.0,1.0,1.0,10
ds004447,sub-011,ses-01,D0_unchanged,0,0.0,0.0,0.0,10
ds004447,sub-011,ses-01,D1_single_channel_broadband,1,0.0,0.0,0.0,10
ds004447,sub-011,ses-01,D1_single_channel_broadband,2,0.3,0.0,0.0,10
ds004447,sub-011,ses-01,D1_single_channel_broadband,3,0.3,0.1,0.0,10
ds004447,sub-011,ses-01,D1_single_channel_broadband,4,0.6,0.1,0.1,10
ds004447,sub-011,ses-01,D2_common_mode_broadband,1,0.5,0.1,0.1,10
ds004447,sub-011,ses-01,D2_common_mode_broadband,2,0.8,0.2,0.4,10
ds004447,sub-011,ses-01,D2_common_mode_broadband,3,1.0,0.9,1.0,10
ds004447,sub-011,ses-01,D2_common_mode_broadband,4,1.0,1.0,1.0,10
ds004447,sub-011,ses-01,D3_narrowband_35_45,1,1.0,0.4,0.6,10
ds004447,sub-011,ses-01,D3_narrowband_35_45,2,1.0,0.9,1.0,10
ds004447,sub-011,ses-01,D3_narrowband_35_45,3,1.0,1.0,1.0,10
ds004447,sub-011,ses-01,D3_narrowband_35_45,4,1.0,1.0,1.0,10
ds004447,sub-011,ses-01,D4_narrowband_20_30,1,1.0,0.4,0.4,10
ds004447,sub-011,ses-01,D4_narrowband_20_30,2,1.0,0.5,0.7,10
ds004447,sub-011,ses-01,D4_narrowband_20_30,3,1.0,0.5,0.7,10
ds004447,sub-011,ses-01,D4_narrowband_20_30,4,1.0,0.5,0.8,10
ds004447,sub-011,ses-01,D5_transient_impulse,1,0.0,0.0,0.0,10
ds004447,sub-011,ses-01,D5_transient_impulse,2,0.3,0.0,0.0,10
ds004447,sub-011,ses-01,D5_transient_impulse,3,0.5,0.3,0.1,10
ds004447,sub-011,ses-01,D5_transient_impulse,4,0.8,0.5,0.6,10
ds004447,sub-011,ses-01,D6_clipping,1,0.2,0.0,0.0,10
ds004447,sub-011,ses-01,D6_clipping,2,0.4,0.0,0.0,10
ds004447,sub-011,ses-01,D6_clipping,3,0.8,0.0,0.0,10
ds004447,sub-011,ses-01,D6_clipping,4,1.0,0.0,0.0,10
ds004447,sub-011,ses-01,D7_partial_channel_freeze,1,0.0,0.0,0.0,10
ds004447,sub-011,ses-01,D7_partial_channel_freeze,2,0.2,0.0,0.0,10
ds004447,sub-011,ses-01,D7_partial_channel_freeze,3,0.3,0.0,0.0,10
ds004447,sub-011,ses-01,D7_partial_channel_freeze,4,0.3,0.0,0.0,10
ds004447,sub-011,ses-01,D8_full_channel_variance_collapse,1,0.2,0.0,0.0,10
ds004447,sub-011,ses-01,D8_full_channel_variance_collapse,2,0.2,0.0,0.0,10
ds004447,sub-011,ses-01,D8_full_channel_variance_collapse,3,0.2,0.0,0.0,10
ds004447,sub-011,ses-01,D8_full_channel_variance_collapse,4,0.3,0.0,0.0,10
ds004447,sub-011,ses-01,D9_missing_channel,1,1.0,1.0,1.0,10
ds004447,sub-011,ses-19,D0_unchanged,0,0.0,0.0,0.0,10
ds004447,sub-011,ses-19,D1_single_channel_broadband,1,0.1,0.0,0.0,10
ds004447,sub-011,ses-19,D1_single_channel_broadband,2,0.0,0.0,0.0,10
ds004447,sub-011,ses-19,D1_single_channel_broadband,3,0.2,0.0,0.0,10
ds004447,sub-011,ses-19,D1_single_channel_broadband,4,0.4,0.1,0.1,10
ds004447,sub-011,ses-19,D2_common_mode_broadband,1,0.3,0.0,0.0,10
ds004447,sub-011,ses-19,D2_common_mode_broadband,2,1.0,0.5,0.5,10
ds004447,sub-011,ses-19,D2_common_mode_broadband,3,1.0,1.0,1.0,10
ds004447,sub-011,ses-19,D2_common_mode_broadband,4,1.0,1.0,1.0,10
ds004447,sub-011,ses-19,D3_narrowband_35_45,1,1.0,0.6,0.6,10
ds004447,sub-011,ses-19,D3_narrowband_35_45,2,1.0,1.0,1.0,10
ds004447,sub-011,ses-19,D3_narrowband_35_45,3,1.0,1.0,1.0,10
ds004447,sub-011,ses-19,D3_narrowband_35_45,4,1.0,1.0,1.0,10
ds004447,sub-011,ses-19,D4_narrowband_20_30,1,1.0,0.2,0.4,10
ds004447,sub-011,ses-19,D4_narrowband_20_30,2,1.0,0.4,0.9,10
ds004447,sub-011,ses-19,D4_narrowband_20_30,3,1.0,0.4,0.9,10
ds004447,sub-011,ses-19,D4_narrowband_20_30,4,1.0,0.4,1.0,10
ds004447,sub-011,ses-19,D5_transient_impulse,1,0.0,0.0,0.0,10
ds004447,sub-011,ses-19,D5_transient_impulse,2,0.0,0.0,0.0,10
ds004447,sub-011,ses-19,D5_transient_impulse,3,0.5,0.2,0.2,10
ds004447,sub-011,ses-19,D5_transient_impulse,4,1.0,0.7,0.7,10
ds004447,sub-011,ses-19,D6_clipping,1,0.0,0.0,0.0,10
ds004447,sub-011,ses-19,D6_clipping,2,0.0,0.0,0.0,10
ds004447,sub-011,ses-19,D6_clipping,3,0.0,0.0,0.0,10
ds004447,sub-011,ses-19,D6_clipping,4,0.4,0.0,0.0,10
ds004447,sub-011,ses-19,D7_partial_channel_freeze,1,0.0,0.0,0.0,10
ds004447,sub-011,ses-19,D7_partial_channel_freeze,2,0.1,0.0,0.0,10
ds004447,sub-011,ses-19,D7_partial_channel_freeze,3,0.2,0.0,0.0,10
ds004447,sub-011,ses-19,D7_partial_channel_freeze,4,0.2,0.0,0.0,10
ds004447,sub-011,ses-19,D8_full_channel_variance_collapse,1,0.2,0.0,0.0,10
ds004447,sub-011,ses-19,D8_full_channel_variance_collapse,2,0.2,0.0,0.0,10
ds004447,sub-011,ses-19,D8_full_channel_variance_collapse,3,0.2,0.0,0.0,10
ds004447,sub-011,ses-19,D8_full_channel_variance_collapse,4,0.2,0.0,0.0,10
ds004447,sub-011,ses-19,D9_missing_channel,1,1.0,1.0,1.0,10
ds004447,sub-012,ses-01,D0_unchanged,0,0.0,0.0,0.0,10
ds004447,sub-012,ses-01,D1_single_channel_broadband,1,0.0,0.0,0.0,10
ds004447,sub-012,ses-01,D1_single_channel_broadband,2,0.1,0.0,0.0,10
ds004447,sub-012,ses-01,D1_single_channel_broadband,3,0.1,0.0,0.0,10
ds004447,sub-012,ses-01,D1_single_channel_broadband,4,0.5,0.1,0.0,10
ds004447,sub-012,ses-01,D2_common_mode_broadband,1,0.1,0.0,0.0,10
ds004447,sub-012,ses-01,D2_common_mode_broadband,2,0.7,0.1,0.1,10
ds004447,sub-012,ses-01,D2_common_mode_broadband,3,1.0,0.7,0.5,10
ds004447,sub-012,ses-01,D2_common_mode_broadband,4,1.0,0.9,0.9,10
ds004447,sub-012,ses-01,D3_narrowband_35_45,1,1.0,0.1,0.4,10
ds004447,sub-012,ses-01,D3_narrowband_35_45,2,1.0,0.7,1.0,10
ds004447,sub-012,ses-01,D3_narrowband_35_45,3,1.0,0.9,1.0,10
ds004447,sub-012,ses-01,D3_narrowband_35_45,4,1.0,1.0,1.0,10
ds004447,sub-012,ses-01,D4_narrowband_20_30,1,1.0,0.1,0.1,10
ds004447,sub-012,ses-01,D4_narrowband_20_30,2,1.0,0.3,0.3,10
ds004447,sub-012,ses-01,D4_narrowband_20_30,3,1.0,0.3,0.4,10
ds004447,sub-012,ses-01,D4_narrowband_20_30,4,1.0,0.3,0.4,10
ds004447,sub-012,ses-01,D5_transient_impulse,1,0.0,0.0,0.0,10
ds004447,sub-012,ses-01,D5_transient_impulse,2,0.0,0.0,0.0,10
ds004447,sub-012,ses-01,D5_transient_impulse,3,0.5,0.0,0.0,10
ds004447,sub-012,ses-01,D5_transient_impulse,4,1.0,0.6,0.6,10
ds004447,sub-012,ses-01,D6_clipping,1,0.0,0.0,0.0,10
ds004447,sub-012,ses-01,D6_clipping,2,0.0,0.0,0.0,10
ds004447,sub-012,ses-01,D6_clipping,3,0.0,0.0,0.0,10
ds004447,sub-012,ses-01,D6_clipping,4,0.0,0.0,0.0,10
ds004447,sub-012,ses-01,D7_partial_channel_freeze,1,0.0,0.0,0.0,10
ds004447,sub-012,ses-01,D7_partial_channel_freeze,2,0.0,0.0,0.0,10
ds004447,sub-012,ses-01,D7_partial_channel_freeze,3,0.6,0.0,0.0,10
ds004447,sub-012,ses-01,D7_partial_channel_freeze,4,0.6,0.0,0.0,10
ds004447,sub-012,ses-01,D8_full_channel_variance_collapse,1,0.0,0.0,0.0,10
ds004447,sub-012,ses-01,D8_full_channel_variance_collapse,2,0.1,0.0,0.0,10
ds004447,sub-012,ses-01,D8_full_channel_variance_collapse,3,0.3,0.0,0.0,10
ds004447,sub-012,ses-01,D8_full_channel_variance_collapse,4,0.6,0.0,0.0,10
ds004447,sub-012,ses-01,D9_missing_channel,1,1.0,1.0,1.0,10
ds004447,sub-012,ses-19,D0_unchanged,0,0.0,0.0,0.0,10
ds004447,sub-012,ses-19,D1_single_channel_broadband,1,0.1,0.0,0.0,10
ds004447,sub-012,ses-19,D1_single_channel_broadband,2,0.0,0.0,0.0,10
ds004447,sub-012,ses-19,D1_single_channel_broadband,3,0.2,0.0,0.0,10
ds004447,sub-012,ses-19,D1_single_channel_broadband,4,0.4,0.1,0.1,10
ds004447,sub-012,ses-19,D2_common_mode_broadband,1,0.3,0.0,0.0,10
ds004447,sub-012,ses-19,D2_common_mode_broadband,2,1.0,0.5,0.5,10
ds004447,sub-012,ses-19,D2_common_mode_broadband,3,1.0,1.0,1.0,10
ds004447,sub-012,ses-19,D2_common_mode_broadband,4,1.0,1.0,1.0,10
ds004447,sub-012,ses-19,D3_narrowband_35_45,1,1.0,0.6,0.6,10
ds004447,sub-012,ses-19,D3_narrowband_35_45,2,1.0,1.0,1.0,10
ds004447,sub-012,ses-19,D3_narrowband_35_45,3,1.0,1.0,1.0,10
ds004447,sub-012,ses-19,D3_narrowband_35_45,4,1.0,1.0,1.0,10
ds004447,sub-012,ses-19,D4_narrowband_20_30,1,1.0,0.2,0.4,10
ds004447,sub-012,ses-19,D4_narrowband_20_30,2,1.0,0.4,0.9,10
ds004447,sub-012,ses-19,D4_narrowband_20_30,3,1.0,0.4,0.9,10
ds004447,sub-012,ses-19,D4_narrowband_20_30,4,1.0,0.4,1.0,10
ds004447,sub-012,ses-19,D5_transient_impulse,1,0.0,0.0,0.0,10
ds004447,sub-012,ses-19,D5_transient_impulse,2,0.0,0.0,0.0,10
ds004447,sub-012,ses-19,D5_transient_impulse,3,0.5,0.2,0.2,10
ds004447,sub-012,ses-19,D5_transient_impulse,4,1.0,0.7,0.7,10
ds004447,sub-012,ses-19,D6_clipping,1,0.0,0.0,0.0,10
ds004447,sub-012,ses-19,D6_clipping,2,0.0,0.0,0.0,10
ds004447,sub-012,ses-19,D6_clipping,3,0.0,0.0,0.0,10
ds004447,sub-012,ses-19,D6_clipping,4,0.4,0.0,0.0,10
ds004447,sub-012,ses-19,D7_partial_channel_freeze,1,0.0,0.0,0.0,10
ds004447,sub-012,ses-19,D7_partial_channel_freeze,2,0.1,0.0,0.0,10
ds004447,sub-012,ses-19,D7_partial_channel_freeze,3,0.2,0.0,0.0,10
ds004447,sub-012,ses-19,D7_partial_channel_freeze,4,0.2,0.0,0.0,10
ds004447,sub-012,ses-19,D8_full_channel_variance_collapse,1,0.2,0.0,0.0,10
ds004447,sub-012,ses-19,D8_full_channel_variance_collapse,2,0.2,0.0,0.0,10
ds004447,sub-012,ses-19,D8_full_channel_variance_collapse,3,0.2,0.0,0.0,10
ds004447,sub-012,ses-19,D8_full_channel_variance_collapse,4,0.2,0.0,0.0,10
ds004447,sub-012,ses-19,D9_missing_channel,1,1.0,1.0,1.0,10
ds004447,sub-013,ses-01,D0_unchanged,0,0.0,0.0,0.0,10
ds004447,sub-013,ses-01,D1_single_channel_broadband,1,0.0,0.0,0.0,10
ds004447,sub-013,ses-01,D1_single_channel_broadband,2,0.1,0.0,0.0,10
ds004447,sub-013,ses-01,D1_single_channel_broadband,3,0.3,0.0,0.0,10
ds004447,sub-013,ses-01,D1_single_channel_broadband,4,0.8,0.1,0.1,10
ds004447,sub-013,ses-01,D2_common_mode_broadband,1,0.3,0.1,0.0,10
ds004447,sub-013,ses-01,D2_common_mode_broadband,2,0.5,0.3,0.2,10
ds004447,sub-013,ses-01,D2_common_mode_broadband,3,1.0,0.9,0.8,10
ds004447,sub-013,ses-01,D2_common_mode_broadband,4,1.0,1.0,1.0,10
ds004447,sub-013,ses-01,D3_narrowband_35_45,1,1.0,0.2,0.5,10
ds004447,sub-013,ses-01,D3_narrowband_35_45,2,1.0,0.6,1.0,10
ds004447,sub-013,ses-01,D3_narrowband_35_45,3,1.0,0.9,1.0,10
ds004447,sub-013,ses-01,D3_narrowband_35_45,4,1.0,1.0,1.0,10
ds004447,sub-013,ses-01,D4_narrowband_20_30,1,1.0,0.2,0.3,10
ds004447,sub-013,ses-01,D4_narrowband_20_30,2,1.0,0.3,0.5,10
ds004447,sub-013,ses-01,D4_narrowband_20_30,3,1.0,0.3,0.6,10
ds004447,sub-013,ses-01,D4_narrowband_20_30,4,1.0,0.3,0.7,10
ds004447,sub-013,ses-01,D5_transient_impulse,1,0.0,0.0,0.0,10
ds004447,sub-013,ses-01,D5_transient_impulse,2,0.1,0.1,0.0,10
ds004447,sub-013,ses-01,D5_transient_impulse,3,0.5,0.2,0.1,10
ds004447,sub-013,ses-01,D5_transient_impulse,4,1.0,0.8,0.9,10
ds004447,sub-013,ses-01,D6_clipping,1,0.0,0.0,0.0,10
ds004447,sub-013,ses-01,D6_clipping,2,0.0,0.0,0.0,10
ds004447,sub-013,ses-01,D6_clipping,3,0.1,0.0,0.0,10
ds004447,sub-013,ses-01,D6_clipping,4,0.0,0.0,0.0,10
ds004447,sub-013,ses-01,D7_partial_channel_freeze,1,0.0,0.0,0.0,10
ds004447,sub-013,ses-01,D7_partial_channel_freeze,2,0.1,0.0,0.0,10
ds004447,sub-013,ses-01,D7_partial_channel_freeze,3,0.3,0.0,0.0,10
ds004447,sub-013,ses-01,D7_partial_channel_freeze,4,0.3,0.0,0.0,10
ds004447,sub-013,ses-01,D8_full_channel_variance_collapse,1,0.0,0.0,0.0,10
ds004447,sub-013,ses-01,D8_full_channel_variance_collapse,2,0.1,0.0,0.0,10
ds004447,sub-013,ses-01,D8_full_channel_variance_collapse,3,0.3,0.0,0.0,10
ds004447,sub-013,ses-01,D8_full_channel_variance_collapse,4,0.3,0.0,0.0,10
ds004447,sub-013,ses-01,D9_missing_channel,1,1.0,1.0,1.0,10
ds004447,sub-013,ses-20,D0_unchanged,0,0.0,0.0,0.0,10
ds004447,sub-013,ses-20,D1_single_channel_broadband,1,0.0,0.0,0.0,10
ds004447,sub-013,ses-20,D1_single_channel_broadband,2,0.2,0.0,0.0,10
ds004447,sub-013,ses-20,D1_single_channel_broadband,3,0.6,0.3,0.3,10
ds004447,sub-013,ses-20,D1_single_channel_broadband,4,0.9,0.4,0.4,10
ds004447,sub-013,ses-20,D2_common_mode_broadband,1,0.5,0.0,0.0,10
ds004447,sub-013,ses-20,D2_common_mode_broadband,2,1.0,0.6,0.6,10
ds004447,sub-013,ses-20,D2_common_mode_broadband,3,1.0,1.0,1.0,10
ds004447,sub-013,ses-20,D2_common_mode_broadband,4,1.0,1.0,1.0,10
ds004447,sub-013,ses-20,D3_narrowband_35_45,1,1.0,0.7,0.9,10
ds004447,sub-013,ses-20,D3_narrowband_35_45,2,1.0,1.0,1.0,10
ds004447,sub-013,ses-20,D3_narrowband_35_45,3,1.0,1.0,1.0,10
ds004447,sub-013,ses-20,D3_narrowband_35_45,4,1.0,1.0,1.0,10
ds004447,sub-013,ses-20,D4_narrowband_20_30,1,1.0,0.6,0.8,10
ds004447,sub-013,ses-20,D4_narrowband_20_30,2,1.0,0.7,1.0,10
ds004447,sub-013,ses-20,D4_narrowband_20_30,3,1.0,0.8,1.0,10
ds004447,sub-013,ses-20,D4_narrowband_20_30,4,1.0,1.0,1.0,10
ds004447,sub-013,ses-20,D5_transient_impulse,1,0.1,0.0,0.0,10
ds004447,sub-013,ses-20,D5_transient_impulse,2,0.4,0.1,0.0,10
ds004447,sub-013,ses-20,D5_transient_impulse,3,1.0,0.7,0.7,10
ds004447,sub-013,ses-20,D5_transient_impulse,4,1.0,1.0,1.0,10
ds004447,sub-013,ses-20,D6_clipping,1,0.0,0.0,0.0,10
ds004447,sub-013,ses-20,D6_clipping,2,0.0,0.0,0.0,10
ds004447,sub-013,ses-20,D6_clipping,3,0.0,0.0,0.0,10
ds004447,sub-013,ses-20,D6_clipping,4,0.6,0.0,0.0,10
ds004447,sub-013,ses-20,D7_partial_channel_freeze,1,0.0,0.0,0.0,10
ds004447,sub-013,ses-20,D7_partial_channel_freeze,2,0.4,0.0,0.0,10
ds004447,sub-013,ses-20,D7_partial_channel_freeze,3,0.5,0.0,0.0,10
ds004447,sub-013,ses-20,D7_partial_channel_freeze,4,0.5,0.0,0.0,10
ds004447,sub-013,ses-20,D8_full_channel_variance_collapse,1,0.2,0.0,0.0,10
ds004447,sub-013,ses-20,D8_full_channel_variance_collapse,2,0.4,0.0,0.0,10
ds004447,sub-013,ses-20,D8_full_channel_variance_collapse,3,0.4,0.0,0.0,10
ds004447,sub-013,ses-20,D8_full_channel_variance_collapse,4,0.5,0.0,0.0,10
ds004447,sub-013,ses-20,D9_missing_channel,1,1.0,1.0,1.0,10
ds004447,sub-014,ses-01,D0_unchanged,0,0.0,0.0,0.0,10
ds004447,sub-014,ses-01,D1_single_channel_broadband,1,0.2,0.0,0.0,10
ds004447,sub-014,ses-01,D1_single_channel_broadband,2,0.3,0.0,0.0,10
ds004447,sub-014,ses-01,D1_single_channel_broadband,3,0.8,0.1,0.1,10
ds004447,sub-014,ses-01,D1_single_channel_broadband,4,1.0,0.2,0.3,10
ds004447,sub-014,ses-01,D2_common_mode_broadband,1,0.2,0.0,0.0,10
ds004447,sub-014,ses-01,D2_common_mode_broadband,2,0.9,0.3,0.3,10
ds004447,sub-014,ses-01,D2_common_mode_broadband,3,1.0,0.7,0.9,10
ds004447,sub-014,ses-01,D2_common_mode_broadband,4,1.0,0.9,0.9,10
ds004447,sub-014,ses-01,D3_narrowband_35_45,1,1.0,0.0,0.5,10
ds004447,sub-014,ses-01,D3_narrowband_35_45,2,1.0,0.5,1.0,10
ds004447,sub-014,ses-01,D3_narrowband_35_45,3,1.0,0.6,1.0,10
ds004447,sub-014,ses-01,D3_narrowband_35_45,4,1.0,0.6,1.0,10
ds004447,sub-014,ses-01,D4_narrowband_20_30,1,1.0,0.0,0.2,10
ds004447,sub-014,ses-01,D4_narrowband_20_30,2,1.0,0.1,0.3,10
ds004447,sub-014,ses-01,D4_narrowband_20_30,3,1.0,0.1,0.4,10
ds004447,sub-014,ses-01,D4_narrowband_20_30,4,1.0,0.2,0.4,10
ds004447,sub-014,ses-01,D5_transient_impulse,1,0.0,0.0,0.0,10
ds004447,sub-014,ses-01,D5_transient_impulse,2,0.3,0.1,0.1,10
ds004447,sub-014,ses-01,D5_transient_impulse,3,1.0,0.2,0.2,10
ds004447,sub-014,ses-01,D5_transient_impulse,4,1.0,0.7,0.8,10
ds004447,sub-014,ses-01,D6_clipping,1,0.0,0.0,0.0,10
ds004447,sub-014,ses-01,D6_clipping,2,0.0,0.0,0.0,10
ds004447,sub-014,ses-01,D6_clipping,3,0.1,0.0,0.0,10
ds004447,sub-014,ses-01,D6_clipping,4,0.0,0.0,0.0,10
ds004447,sub-014,ses-01,D7_partial_channel_freeze,1,0.0,0.0,0.0,10
ds004447,sub-014,ses-01,D7_partial_channel_freeze,2,0.0,0.0,0.0,10
ds004447,sub-014,ses-01,D7_partial_channel_freeze,3,0.4,0.0,0.0,10
ds004447,sub-014,ses-01,D7_partial_channel_freeze,4,0.4,0.0,0.0,10
ds004447,sub-014,ses-01,D8_full_channel_variance_collapse,1,0.0,0.0,0.0,10
ds004447,sub-014,ses-01,D8_full_channel_variance_collapse,2,0.2,0.0,0.0,10
ds004447,sub-014,ses-01,D8_full_channel_variance_collapse,3,0.3,0.0,0.0,10
ds004447,sub-014,ses-01,D8_full_channel_variance_collapse,4,0.4,0.0,0.0,10
ds004447,sub-014,ses-01,D9_missing_channel,1,1.0,1.0,1.0,10
ds004447,sub-014,ses-19,D0_unchanged,0,0.0,0.0,0.0,10
ds004447,sub-014,ses-19,D1_single_channel_broadband,1,0.3,0.1,0.1,10
ds004447,sub-014,ses-19,D1_single_channel_broadband,2,0.7,0.1,0.1,10
ds004447,sub-014,ses-19,D1_single_channel_broadband,3,0.7,0.3,0.3,10
ds004447,sub-014,ses-19,D1_single_channel_broadband,4,0.8,0.3,0.4,10
ds004447,sub-014,ses-19,D2_common_mode_broadband,1,0.7,0.0,0.0,10
ds004447,sub-014,ses-19,D2_common_mode_broadband,2,0.9,0.4,0.4,10
ds004447,sub-014,ses-19,D2_common_mode_broadband,3,1.0,1.0,1.0,10
ds004447,sub-014,ses-19,D2_common_mode_broadband,4,1.0,1.0,1.0,10
ds004447,sub-014,ses-19,D3_narrowband_35_45,1,1.0,0.6,0.9,10
ds004447,sub-014,ses-19,D3_narrowband_35_45,2,1.0,0.9,1.0,10
ds004447,sub-014,ses-19,D3_narrowband_35_45,3,1.0,1.0,1.0,10
ds004447,sub-014,ses-19,D3_narrowband_35_45,4,1.0,1.0,1.0,10
ds004447,sub-014,ses-19,D4_narrowband_20_30,1,1.0,0.2,0.3,10
ds004447,sub-014,ses-19,D4_narrowband_20_30,2,1.0,0.2,0.9,10
ds004447,sub-014,ses-19,D4_narrowband_20_30,3,1.0,0.2,0.9,10
ds004447,sub-014,ses-19,D4_narrowband_20_30,4,1.0,0.4,0.9,10
ds004447,sub-014,ses-19,D5_transient_impulse,1,0.1,0.0,0.0,10
ds004447,sub-014,ses-19,D5_transient_impulse,2,0.3,0.1,0.1,10
ds004447,sub-014,ses-19,D5_transient_impulse,3,0.7,0.2,0.2,10
ds004447,sub-014,ses-19,D5_transient_impulse,4,1.0,1.0,1.0,10
ds004447,sub-014,ses-19,D6_clipping,1,0.0,0.0,0.0,10
ds004447,sub-014,ses-19,D6_clipping,2,0.0,0.0,0.0,10
ds004447,sub-014,ses-19,D6_clipping,3,0.1,0.0,0.0,10
ds004447,sub-014,ses-19,D6_clipping,4,0.1,0.0,0.0,10
ds004447,sub-014,ses-19,D7_partial_channel_freeze,1,0.0,0.0,0.0,10
ds004447,sub-014,ses-19,D7_partial_channel_freeze,2,0.0,0.0,0.0,10
ds004447,sub-014,ses-19,D7_partial_channel_freeze,3,0.3,0.0,0.0,10
ds004447,sub-014,ses-19,D7_partial_channel_freeze,4,0.4,0.0,0.0,10
ds004447,sub-014,ses-19,D8_full_channel_variance_collapse,1,0.0,0.0,0.0,10
ds004447,sub-014,ses-19,D8_full_channel_variance_collapse,2,0.1,0.0,0.0,10
ds004447,sub-014,ses-19,D8_full_channel_variance_collapse,3,0.1,0.0,0.0,10
ds004447,sub-014,ses-19,D8_full_channel_variance_collapse,4,0.4,0.0,0.0,10
ds004447,sub-014,ses-19,D9_missing_channel,1,1.0,1.0,1.0,10
ds004447,sub-015,ses-01,D0_unchanged,0,0.0,0.0,0.0,10
ds004447,sub-015,ses-01,D1_single_channel_broadband,1,0.0,0.0,0.0,10
ds004447,sub-015,ses-01,D1_single_channel_broadband,2,0.0,0.0,0.0,10
ds004447,sub-015,ses-01,D1_single_channel_broadband,3,0.6,0.0,0.0,10
ds004447,sub-015,ses-01,D1_single_channel_broadband,4,0.7,0.1,0.1,10
ds004447,sub-015,ses-01,D2_common_mode_broadband,1,0.3,0.1,0.1,10
ds004447,sub-015,ses-01,D2_common_mode_broadband,2,0.9,0.7,0.5,10
ds004447,sub-015,ses-01,D2_common_mode_broadband,3,1.0,1.0,1.0,10
ds004447,sub-015,ses-01,D2_common_mode_broadband,4,1.0,1.0,1.0,10
ds004447,sub-015,ses-01,D3_narrowband_35_45,1,1.0,0.4,0.9,10
ds004447,sub-015,ses-01,D3_narrowband_35_45,2,1.0,0.9,1.0,10
ds004447,sub-015,ses-01,D3_narrowband_35_45,3,1.0,0.9,1.0,10
ds004447,sub-015,ses-01,D3_narrowband_35_45,4,1.0,1.0,1.0,10
ds004447,sub-015,ses-01,D4_narrowband_20_30,1,1.0,0.0,0.7,10
ds004447,sub-015,ses-01,D4_narrowband_20_30,2,1.0,0.2,0.8,10
ds004447,sub-015,ses-01,D4_narrowband_20_30,3,1.0,0.4,0.9,10
ds004447,sub-015,ses-01,D4_narrowband_20_30,4,1.0,0.7,0.9,10
ds004447,sub-015,ses-01,D5_transient_impulse,1,0.0,0.0,0.0,10
ds004447,sub-015,ses-01,D5_transient_impulse,2,0.2,0.0,0.0,10
ds004447,sub-015,ses-01,D5_transient_impulse,3,1.0,0.2,0.2,10
ds004447,sub-015,ses-01,D5_transient_impulse,4,1.0,0.9,1.0,10
ds004447,sub-015,ses-01,D6_clipping,1,0.0,0.0,0.0,10
ds004447,sub-015,ses-01,D6_clipping,2,0.0,0.0,0.0,10
ds004447,sub-015,ses-01,D6_clipping,3,0.0,0.0,0.0,10
ds004447,sub-015,ses-01,D6_clipping,4,0.0,0.0,0.0,10
ds004447,sub-015,ses-01,D7_partial_channel_freeze,1,0.0,0.0,0.0,10
ds004447,sub-015,ses-01,D7_partial_channel_freeze,2,0.0,0.0,0.0,10
ds004447,sub-015,ses-01,D7_partial_channel_freeze,3,0.6,0.0,0.0,10
ds004447,sub-015,ses-01,D7_partial_channel_freeze,4,0.6,0.0,0.0,10
ds004447,sub-015,ses-01,D8_full_channel_variance_collapse,1,0.0,0.0,0.0,10
ds004447,sub-015,ses-01,D8_full_channel_variance_collapse,2,0.1,0.0,0.0,10
ds004447,sub-015,ses-01,D8_full_channel_variance_collapse,3,0.2,0.0,0.0,10
ds004447,sub-015,ses-01,D8_full_channel_variance_collapse,4,0.6,0.0,0.0,10
ds004447,sub-015,ses-01,D9_missing_channel,1,1.0,1.0,1.0,10
ds004447,sub-015,ses-19,D0_unchanged,0,0.0,0.0,0.0,10
ds004447,sub-015,ses-19,D1_single_channel_broadband,1,0.0,0.0,0.0,10
ds004447,sub-015,ses-19,D1_single_channel_broadband,2,0.2,0.1,0.0,10
ds004447,sub-015,ses-19,D1_single_channel_broadband,3,0.7,0.3,0.3,10
ds004447,sub-015,ses-19,D1_single_channel_broadband,4,0.9,0.5,0.4,10
ds004447,sub-015,ses-19,D2_common_mode_broadband,1,0.6,0.2,0.1,10
ds004447,sub-015,ses-19,D2_common_mode_broadband,2,0.9,0.8,0.8,10
ds004447,sub-015,ses-19,D2_common_mode_broadband,3,1.0,1.0,1.0,10
ds004447,sub-015,ses-19,D2_common_mode_broadband,4,1.0,1.0,1.0,10
ds004447,sub-015,ses-19,D3_narrowband_35_45,1,1.0,0.8,0.9,10
ds004447,sub-015,ses-19,D3_narrowband_35_45,2,1.0,1.0,1.0,10
ds004447,sub-015,ses-19,D3_narrowband_35_45,3,1.0,1.0,1.0,10
ds004447,sub-015,ses-19,D3_narrowband_35_45,4,1.0,1.0,1.0,10
ds004447,sub-015,ses-19,D4_narrowband_20_30,1,1.0,0.4,0.7,10
ds004447,sub-015,ses-19,D4_narrowband_20_30,2,1.0,0.5,0.9,10
ds004447,sub-015,ses-19,D4_narrowband_20_30,3,1.0,0.5,0.9,10
ds004447,sub-015,ses-19,D4_narrowband_20_30,4,1.0,0.6,0.9,10
ds004447,sub-015,ses-19,D5_transient_impulse,1,0.0,0.0,0.0,10
ds004447,sub-015,ses-19,D5_transient_impulse,2,0.4,0.1,0.1,10
ds004447,sub-015,ses-19,D5_transient_impulse,3,0.8,0.4,0.4,10
ds004447,sub-015,ses-19,D5_transient_impulse,4,1.0,0.8,0.9,10
ds004447,sub-015,ses-19,D6_clipping,1,0.0,0.0,0.0,10
ds004447,sub-015,ses-19,D6_clipping,2,0.0,0.0,0.0,10
ds004447,sub-015,ses-19,D6_clipping,3,0.0,0.0,0.0,10
ds004447,sub-015,ses-19,D6_clipping,4,0.2,0.0,0.0,10
ds004447,sub-015,ses-19,D7_partial_channel_freeze,1,0.0,0.0,0.0,10
ds004447,sub-015,ses-19,D7_partial_channel_freeze,2,0.5,0.0,0.1,10
ds004447,sub-015,ses-19,D7_partial_channel_freeze,3,0.8,0.1,0.1,10
ds004447,sub-015,ses-19,D7_partial_channel_freeze,4,0.8,0.1,0.1,10
ds004447,sub-015,ses-19,D8_full_channel_variance_collapse,1,0.3,0.0,0.0,10
ds004447,sub-015,ses-19,D8_full_channel_variance_collapse,2,0.7,0.0,0.1,10
ds004447,sub-015,ses-19,D8_full_channel_variance_collapse,3,0.8,0.0,0.1,10
ds004447,sub-015,ses-19,D8_full_channel_variance_collapse,4,0.8,0.1,0.1,10
ds004447,sub-015,ses-19,D9_missing_channel,1,1.0,1.0,1.0,10
ds004447,sub-016,ses-01,D0_unchanged,0,0.0,0.0,0.0,10
ds004447,sub-016,ses-01,D1_single_channel_broadband,1,0.1,0.0,0.0,10
ds004447,sub-016,ses-01,D1_single_channel_broadband,2,0.4,0.3,0.3,10
ds004447,sub-016,ses-01,D1_single_channel_broadband,3,0.6,0.4,0.4,10
ds004447,sub-016,ses-01,D1_single_channel_broadband,4,0.7,0.6,0.6,10
ds004447,sub-016,ses-01,D2_common_mode_broadband,1,0.5,0.1,0.1,10
ds004447,sub-016,ses-01,D2_common_mode_broadband,2,1.0,0.9,0.8,10
ds004447,sub-016,ses-01,D2_common_mode_broadband,3,1.0,1.0,1.0,10
ds004447,sub-016,ses-01,D2_common_mode_broadband,4,1.0,1.0,1.0,10
ds004447,sub-016,ses-01,D3_narrowband_35_45,1,1.0,0.6,0.9,10
ds004447,sub-016,ses-01,D3_narrowband_35_45,2,1.0,1.0,1.0,10
ds004447,sub-016,ses-01,D3_narrowband_35_45,3,1.0,1.0,1.0,10
ds004447,sub-016,ses-01,D3_narrowband_35_45,4,1.0,1.0,1.0,10
ds004447,sub-016,ses-01,D4_narrowband_20_30,1,1.0,0.5,0.5,10
ds004447,sub-016,ses-01,D4_narrowband_20_30,2,1.0,0.7,0.9,10
ds004447,sub-016,ses-01,D4_narrowband_20_30,3,1.0,0.7,0.9,10
ds004447,sub-016,ses-01,D4_narrowband_20_30,4,1.0,0.8,1.0,10
ds004447,sub-016,ses-01,D5_transient_impulse,1,0.1,0.0,0.0,10
ds004447,sub-016,ses-01,D5_transient_impulse,2,0.3,0.2,0.2,10
ds004447,sub-016,ses-01,D5_transient_impulse,3,0.9,0.7,0.7,10
ds004447,sub-016,ses-01,D5_transient_impulse,4,1.0,1.0,1.0,10
ds004447,sub-016,ses-01,D6_clipping,1,0.0,0.0,0.0,10
ds004447,sub-016,ses-01,D6_clipping,2,0.4,0.0,0.0,10
ds004447,sub-016,ses-01,D6_clipping,3,0.9,0.0,0.0,10
ds004447,sub-016,ses-01,D6_clipping,4,1.0,0.0,0.0,10
ds004447,sub-016,ses-01,D7_partial_channel_freeze,1,0.1,0.0,0.0,10
ds004447,sub-016,ses-01,D7_partial_channel_freeze,2,0.6,0.0,0.0,10
ds004447,sub-016,ses-01,D7_partial_channel_freeze,3,0.6,0.0,0.0,10
ds004447,sub-016,ses-01,D7_partial_channel_freeze,4,0.6,0.0,0.0,10
ds004447,sub-016,ses-01,D8_full_channel_variance_collapse,1,0.6,0.0,0.0,10
ds004447,sub-016,ses-01,D8_full_channel_variance_collapse,2,0.6,0.0,0.0,10
ds004447,sub-016,ses-01,D8_full_channel_variance_collapse,3,0.6,0.0,0.0,10
ds004447,sub-016,ses-01,D8_full_channel_variance_collapse,4,0.6,0.0,0.0,10
ds004447,sub-016,ses-01,D9_missing_channel,1,1.0,1.0,1.0,10
ds004447,sub-016,ses-18,D0_unchanged,0,0.0,0.0,0.0,10
ds004447,sub-016,ses-18,D1_single_channel_broadband,1,0.4,0.0,0.0,10
ds004447,sub-016,ses-18,D1_single_channel_broadband,2,0.4,0.0,0.0,10
ds004447,sub-016,ses-18,D1_single_channel_broadband,3,0.6,0.4,0.3,10
ds004447,sub-016,ses-18,D1_single_channel_broadband,4,0.9,0.9,0.8,10
ds004447,sub-016,ses-18,D2_common_mode_broadband,1,0.7,0.2,0.2,10
ds004447,sub-016,ses-18,D2_common_mode_broadband,2,0.9,0.7,0.6,10
ds004447,sub-016,ses-18,D2_common_mode_broadband,3,1.0,1.0,1.0,10
ds004447,sub-016,ses-18,D2_common_mode_broadband,4,1.0,1.0,1.0,10
ds004447,sub-016,ses-18,D3_narrowband_35_45,1,1.0,0.4,0.8,10
ds004447,sub-016,ses-18,D3_narrowband_35_45,2,1.0,0.8,1.0,10
ds004447,sub-016,ses-18,D3_narrowband_35_45,3,1.0,0.9,1.0,10
ds004447,sub-016,ses-18,D3_narrowband_35_45,4,1.0,1.0,1.0,10
ds004447,sub-016,ses-18,D4_narrowband_20_30,1,1.0,0.4,0.5,10
ds004447,sub-016,ses-18,D4_narrowband_20_30,2,1.0,0.5,0.8,10
ds004447,sub-016,ses-18,D4_narrowband_20_30,3,1.0,0.5,0.8,10
ds004447,sub-016,ses-18,D4_narrowband_20_30,4,1.0,0.6,0.8,10
ds004447,sub-016,ses-18,D5_transient_impulse,1,0.2,0.0,0.0,10
ds004447,sub-016,ses-18,D5_transient_impulse,2,0.4,0.2,0.1,10
ds004447,sub-016,ses-18,D5_transient_impulse,3,1.0,0.6,0.6,10
ds004447,sub-016,ses-18,D5_transient_impulse,4,1.0,1.0,1.0,10
ds004447,sub-016,ses-18,D6_clipping,1,0.1,0.0,0.0,10
ds004447,sub-016,ses-18,D6_clipping,2,0.2,0.0,0.0,10
ds004447,sub-016,ses-18,D6_clipping,3,0.1,0.0,0.0,10
ds004447,sub-016,ses-18,D6_clipping,4,0.0,0.0,0.0,10
ds004447,sub-016,ses-18,D7_partial_channel_freeze,1,0.0,0.0,0.0,10
ds004447,sub-016,ses-18,D7_partial_channel_freeze,2,0.1,0.0,0.0,10
ds004447,sub-016,ses-18,D7_partial_channel_freeze,3,0.2,0.0,0.0,10
ds004447,sub-016,ses-18,D7_partial_channel_freeze,4,0.2,0.0,0.0,10
ds004447,sub-016,ses-18,D8_full_channel_variance_collapse,1,0.1,0.0,0.0,10
ds004447,sub-016,ses-18,D8_full_channel_variance_collapse,2,0.1,0.0,0.0,10
ds004447,sub-016,ses-18,D8_full_channel_variance_collapse,3,0.1,0.0,0.0,10
ds004447,sub-016,ses-18,D8_full_channel_variance_collapse,4,0.2,0.0,0.0,10
ds004447,sub-016,ses-18,D9_missing_channel,1,1.0,1.0,1.0,10
ds004447,sub-017,ses-01,D0_unchanged,0,0.0,0.0,0.0,10
ds004447,sub-017,ses-01,D1_single_channel_broadband,1,0.1,0.1,0.0,10
ds004447,sub-017,ses-01,D1_single_channel_broadband,2,0.5,0.2,0.2,10
ds004447,sub-017,ses-01,D1_single_channel_broadband,3,0.9,0.3,0.3,10
ds004447,sub-017,ses-01,D1_single_channel_broadband,4,0.6,0.4,0.3,10
ds004447,sub-017,ses-01,D2_common_mode_broadband,1,0.5,0.2,0.0,10
ds004447,sub-017,ses-01,D2_common_mode_broadband,2,0.9,0.5,0.4,10
ds004447,sub-017,ses-01,D2_common_mode_broadband,3,0.9,0.8,0.8,10
ds004447,sub-017,ses-01,D2_common_mode_broadband,4,1.0,1.0,1.0,10
ds004447,sub-017,ses-01,D3_narrowband_35_45,1,1.0,0.8,1.0,10
ds004447,sub-017,ses-01,D3_narrowband_35_45,2,1.0,0.9,1.0,10
ds004447,sub-017,ses-01,D3_narrowband_35_45,3,1.0,1.0,1.0,10
ds004447,sub-017,ses-01,D3_narrowband_35_45,4,1.0,1.0,1.0,10
ds004447,sub-017,ses-01,D4_narrowband_20_30,1,1.0,0.1,0.0,10
ds004447,sub-017,ses-01,D4_narrowband_20_30,2,1.0,0.5,0.7,10
ds004447,sub-017,ses-01,D4_narrowband_20_30,3,1.0,0.7,0.9,10
ds004447,sub-017,ses-01,D4_narrowband_20_30,4,1.0,0.8,0.9,10
ds004447,sub-017,ses-01,D5_transient_impulse,1,0.1,0.0,0.0,10
ds004447,sub-017,ses-01,D5_transient_impulse,2,0.2,0.0,0.0,10
ds004447,sub-017,ses-01,D5_transient_impulse,3,0.9,0.5,0.4,10
ds004447,sub-017,ses-01,D5_transient_impulse,4,1.0,1.0,1.0,10
ds004447,sub-017,ses-01,D6_clipping,1,0.0,0.0,0.0,10
ds004447,sub-017,ses-01,D6_clipping,2,0.0,0.0,0.0,10
ds004447,sub-017,ses-01,D6_clipping,3,0.0,0.0,0.0,10
ds004447,sub-017,ses-01,D6_clipping,4,0.0,0.0,0.0,10
ds004447,sub-017,ses-01,D7_partial_channel_freeze,1,0.0,0.0,0.0,10
ds004447,sub-017,ses-01,D7_partial_channel_freeze,2,0.3,0.0,0.0,10
ds004447,sub-017,ses-01,D7_partial_channel_freeze,3,0.6,0.0,0.0,10
ds004447,sub-017,ses-01,D7_partial_channel_freeze,4,0.7,0.0,0.0,10
ds004447,sub-017,ses-01,D8_full_channel_variance_collapse,1,0.2,0.0,0.0,10
ds004447,sub-017,ses-01,D8_full_channel_variance_collapse,2,0.4,0.0,0.0,10
ds004447,sub-017,ses-01,D8_full_channel_variance_collapse,3,0.5,0.0,0.0,10
ds004447,sub-017,ses-01,D8_full_channel_variance_collapse,4,0.7,0.0,0.0,10
ds004447,sub-017,ses-01,D9_missing_channel,1,1.0,1.0,1.0,10
ds004447,sub-017,ses-19,D0_unchanged,0,0.0,0.0,0.0,10
ds004447,sub-017,ses-19,D1_single_channel_broadband,1,0.3,0.0,0.0,10
ds004447,sub-017,ses-19,D1_single_channel_broadband,2,0.4,0.2,0.0,10
ds004447,sub-017,ses-19,D1_single_channel_broadband,3,0.4,0.2,0.1,10
ds004447,sub-017,ses-19,D1_single_channel_broadband,4,0.3,0.2,0.2,10
ds004447,sub-017,ses-19,D2_common_mode_broadband,1,0.3,0.1,0.0,10
ds004447,sub-017,ses-19,D2_common_mode_broadband,2,1.0,0.7,0.5,10
ds004447,sub-017,ses-19,D2_common_mode_broadband,3,0.9,0.9,0.9,10
ds004447,sub-017,ses-19,D2_common_mode_broadband,4,1.0,1.0,1.0,10
ds004447,sub-017,ses-19,D3_narrowband_35_45,1,1.0,0.8,0.8,10
ds004447,sub-017,ses-19,D3_narrowband_35_45,2,1.0,1.0,1.0,10
ds004447,sub-017,ses-19,D3_narrowband_35_45,3,1.0,1.0,1.0,10
ds004447,sub-017,ses-19,D3_narrowband_35_45,4,1.0,1.0,1.0,10
ds004447,sub-017,ses-19,D4_narrowband_20_30,1,0.8,0.2,0.2,10
ds004447,sub-017,ses-19,D4_narrowband_20_30,2,1.0,0.8,0.9,10
ds004447,sub-017,ses-19,D4_narrowband_20_30,3,1.0,0.8,0.9,10
ds004447,sub-017,ses-19,D4_narrowband_20_30,4,1.0,0.8,1.0,10
ds004447,sub-017,ses-19,D5_transient_impulse,1,0.4,0.0,0.0,10
ds004447,sub-017,ses-19,D5_transient_impulse,2,0.4,0.0,0.0,10
ds004447,sub-017,ses-19,D5_transient_impulse,3,0.6,0.3,0.3,10
ds004447,sub-017,ses-19,D5_transient_impulse,4,0.8,0.8,0.9,10
ds004447,sub-017,ses-19,D6_clipping,1,0.0,0.0,0.0,10
ds004447,sub-017,ses-19,D6_clipping,2,0.0,0.0,0.0,10
ds004447,sub-017,ses-19,D6_clipping,3,0.1,0.0,0.0,10
ds004447,sub-017,ses-19,D6_clipping,4,0.5,0.0,0.0,10
ds004447,sub-017,ses-19,D7_partial_channel_freeze,1,0.0,0.0,0.0,10
ds004447,sub-017,ses-19,D7_partial_channel_freeze,2,0.2,0.0,0.0,10
ds004447,sub-017,ses-19,D7_partial_channel_freeze,3,0.4,0.0,0.0,10
ds004447,sub-017,ses-19,D7_partial_channel_freeze,4,0.4,0.0,0.0,10
ds004447,sub-017,ses-19,D8_full_channel_variance_collapse,1,0.4,0.0,0.0,10
ds004447,sub-017,ses-19,D8_full_channel_variance_collapse,2,0.4,0.0,0.0,10
ds004447,sub-017,ses-19,D8_full_channel_variance_collapse,3,0.4,0.0,0.0,10
ds004447,sub-017,ses-19,D8_full_channel_variance_collapse,4,0.4,0.0,0.0,10
ds004447,sub-017,ses-19,D9_missing_channel,1,1.0,1.0,1.0,10
ds004447,sub-018,ses-01,D0_unchanged,0,0.0,0.0,0.0,10
ds004447,sub-018,ses-01,D1_single_channel_broadband,1,0.0,0.0,0.0,10
ds004447,sub-018,ses-01,D1_single_channel_broadband,2,0.3,0.0,0.0,10
ds004447,sub-018,ses-01,D1_single_channel_broadband,3,0.5,0.2,0.2,10
ds004447,sub-018,ses-01,D1_single_channel_broadband,4,0.6,0.3,0.3,10
ds004447,sub-018,ses-01,D2_common_mode_broadband,1,0.6,0.1,0.0,10
ds004447,sub-018,ses-01,D2_common_mode_broadband,2,0.9,0.3,0.3,10
ds004447,sub-018,ses-01,D2_common_mode_broadband,3,1.0,0.6,0.7,10
ds004447,sub-018,ses-01,D2_common_mode_broadband,4,1.0,0.9,1.0,10
ds004447,sub-018,ses-01,D3_narrowband_35_45,1,1.0,0.1,0.1,10
ds004447,sub-018,ses-01,D3_narrowband_35_45,2,1.0,0.5,0.7,10
ds004447,sub-018,ses-01,D3_narrowband_35_45,3,1.0,0.6,1.0,10
ds004447,sub-018,ses-01,D3_narrowband_35_45,4,1.0,0.7,1.0,10
ds004447,sub-018,ses-01,D4_narrowband_20_30,1,1.0,0.0,0.0,10
ds004447,sub-018,ses-01,D4_narrowband_20_30,2,1.0,0.0,0.0,10
ds004447,sub-018,ses-01,D4_narrowband_20_30,3,1.0,0.0,0.2,10
ds004447,sub-018,ses-01,D4_narrowband_20_30,4,1.0,0.1,0.3,10
ds004447,sub-018,ses-01,D5_transient_impulse,1,0.1,0.0,0.0,10
ds004447,sub-018,ses-01,D5_transient_impulse,2,0.2,0.0,0.0,10
ds004447,sub-018,ses-01,D5_transient_impulse,3,0.5,0.3,0.4,10
ds004447,sub-018,ses-01,D5_transient_impulse,4,1.0,0.7,0.7,10
ds004447,sub-018,ses-01,D6_clipping,1,0.0,0.0,0.0,10
ds004447,sub-018,ses-01,D6_clipping,2,0.0,0.0,0.0,10
ds004447,sub-018,ses-01,D6_clipping,3,0.1,0.0,0.0,10
ds004447,sub-018,ses-01,D6_clipping,4,0.0,0.0,0.0,10
ds004447,sub-018,ses-01,D7_partial_channel_freeze,1,0.0,0.0,0.0,10
ds004447,sub-018,ses-01,D7_partial_channel_freeze,2,0.0,0.0,0.0,10
ds004447,sub-018,ses-01,D7_partial_channel_freeze,3,0.3,0.0,0.0,10
ds004447,sub-018,ses-01,D7_partial_channel_freeze,4,0.3,0.0,0.0,10
ds004447,sub-018,ses-01,D8_full_channel_variance_collapse,1,0.0,0.0,0.0,10
ds004447,sub-018,ses-01,D8_full_channel_variance_collapse,2,0.1,0.0,0.0,10
ds004447,sub-018,ses-01,D8_full_channel_variance_collapse,3,0.2,0.0,0.0,10
ds004447,sub-018,ses-01,D8_full_channel_variance_collapse,4,0.3,0.0,0.0,10
ds004447,sub-018,ses-01,D9_missing_channel,1,1.0,1.0,1.0,10
ds004447,sub-018,ses-19,D0_unchanged,0,0.0,0.0,0.0,10
ds004447,sub-018,ses-19,D1_single_channel_broadband,1,0.0,0.0,0.0,10
ds004447,sub-018,ses-19,D1_single_channel_broadband,2,0.1,0.0,0.0,10
ds004447,sub-018,ses-19,D1_single_channel_broadband,3,0.4,0.0,0.0,10
ds004447,sub-018,ses-19,D1_single_channel_broadband,4,0.9,0.2,0.1,10
ds004447,sub-018,ses-19,D2_common_mode_broadband,1,0.0,0.0,0.0,10
ds004447,sub-018,ses-19,D2_common_mode_broadband,2,0.8,0.3,0.3,10
ds004447,sub-018,ses-19,D2_common_mode_broadband,3,1.0,0.9,0.9,10
ds004447,sub-018,ses-19,D2_common_mode_broadband,4,1.0,1.0,1.0,10
ds004447,sub-018,ses-19,D3_narrowband_35_45,1,1.0,0.2,0.5,10
ds004447,sub-018,ses-19,D3_narrowband_35_45,2,1.0,0.8,0.9,10
ds004447,sub-018,ses-19,D3_narrowband_35_45,3,1.0,0.9,1.0,10
ds004447,sub-018,ses-19,D3_narrowband_35_45,4,1.0,1.0,1.0,10
ds004447,sub-018,ses-19,D4_narrowband_20_30,1,1.0,0.1,0.1,10
ds004447,sub-018,ses-19,D4_narrowband_20_30,2,1.0,0.2,0.4,10
ds004447,sub-018,ses-19,D4_narrowband_20_30,3,1.0,0.3,0.5,10
ds004447,sub-018,ses-19,D4_narrowband_20_30,4,1.0,0.3,0.7,10
ds004447,sub-018,ses-19,D5_transient_impulse,1,0.0,0.0,0.0,10
ds004447,sub-018,ses-19,D5_transient_impulse,2,0.0,0.0,0.0,10
ds004447,sub-018,ses-19,D5_transient_impulse,3,0.9,0.1,0.1,10
ds004447,sub-018,ses-19,D5_transient_impulse,4,1.0,0.7,0.7,10
ds004447,sub-018,ses-19,D6_clipping,1,0.0,0.0,0.0,10
ds004447,sub-018,ses-19,D6_clipping,2,0.2,0.0,0.0,10
ds004447,sub-018,ses-19,D6_clipping,3,0.5,0.0,0.0,10
ds004447,sub-018,ses-19,D6_clipping,4,0.9,0.0,0.0,10
ds004447,sub-018,ses-19,D7_partial_channel_freeze,1,0.0,0.0,0.0,10
ds004447,sub-018,ses-19,D7_partial_channel_freeze,2,0.2,0.0,0.0,10
ds004447,sub-018,ses-19,D7_partial_channel_freeze,3,0.5,0.0,0.0,10
ds004447,sub-018,ses-19,D7_partial_channel_freeze,4,0.5,0.0,0.0,10
ds004447,sub-018,ses-19,D8_full_channel_variance_collapse,1,0.3,0.0,0.0,10
ds004447,sub-018,ses-19,D8_full_channel_variance_collapse,2,0.4,0.0,0.0,10
ds004447,sub-018,ses-19,D8_full_channel_variance_collapse,3,0.5,0.0,0.0,10
ds004447,sub-018,ses-19,D8_full_channel_variance_collapse,4,0.5,0.0,0.0,10
ds004447,sub-018,ses-19,D9_missing_channel,1,1.0,1.0,1.0,10
ds004447,sub-019,ses-01,D0_unchanged,0,0.0,0.0,0.0,10
ds004447,sub-019,ses-01,D1_single_channel_broadband,1,0.1,0.0,0.0,10
ds004447,sub-019,ses-01,D1_single_channel_broadband,2,0.1,0.1,0.0,10
ds004447,sub-019,ses-01,D1_single_channel_broadband,3,0.3,0.1,0.0,10
ds004447,sub-019,ses-01,D1_single_channel_broadband,4,0.5,0.2,0.1,10
ds004447,sub-019,ses-01,D2_common_mode_broadband,1,0.1,0.1,0.0,10
ds004447,sub-019,ses-01,D2_common_mode_broadband,2,0.3,0.2,0.2,10
ds004447,sub-019,ses-01,D2_common_mode_broadband,3,1.0,0.6,0.4,10
ds004447,sub-019,ses-01,D2_common_mode_broadband,4,1.0,0.9,0.9,10
ds004447,sub-019,ses-01,D3_narrowband_35_45,1,1.0,0.2,0.3,10
ds004447,sub-019,ses-01,D3_narrowband_35_45,2,1.0,0.5,0.8,10
ds004447,sub-019,ses-01,D3_narrowband_35_45,3,1.0,0.8,1.0,10
ds004447,sub-019,ses-01,D3_narrowband_35_45,4,1.0,0.9,1.0,10
ds004447,sub-019,ses-01,D4_narrowband_20_30,1,1.0,0.2,0.2,10
ds004447,sub-019,ses-01,D4_narrowband_20_30,2,1.0,0.2,0.2,10
ds004447,sub-019,ses-01,D4_narrowband_20_30,3,1.0,0.2,0.2,10
ds004447,sub-019,ses-01,D4_narrowband_20_30,4,1.0,0.3,0.3,10
ds004447,sub-019,ses-01,D5_transient_impulse,1,0.0,0.0,0.0,10
ds004447,sub-019,ses-01,D5_transient_impulse,2,0.0,0.0,0.0,10
ds004447,sub-019,ses-01,D5_transient_impulse,3,0.3,0.0,0.0,10
ds004447,sub-019,ses-01,D5_transient_impulse,4,0.9,0.5,0.5,10
ds004447,sub-019,ses-01,D6_clipping,1,0.0,0.0,0.0,10
ds004447,sub-019,ses-01,D6_clipping,2,0.0,0.0,0.0,10
ds004447,sub-019,ses-01,D6_clipping,3,0.0,0.0,0.0,10
ds004447,sub-019,ses-01,D6_clipping,4,0.3,0.0,0.0,10
ds004447,sub-019,ses-01,D7_partial_channel_freeze,1,0.0,0.0,0.0,10
ds004447,sub-019,ses-01,D7_partial_channel_freeze,2,0.0,0.0,0.0,10
ds004447,sub-019,ses-01,D7_partial_channel_freeze,3,0.0,0.0,0.0,10
ds004447,sub-019,ses-01,D7_partial_channel_freeze,4,0.0,0.0,0.0,10
ds004447,sub-019,ses-01,D8_full_channel_variance_collapse,1,0.0,0.0,0.0,10
ds004447,sub-019,ses-01,D8_full_channel_variance_collapse,2,0.0,0.0,0.0,10
ds004447,sub-019,ses-01,D8_full_channel_variance_collapse,3,0.0,0.0,0.0,10
ds004447,sub-019,ses-01,D8_full_channel_variance_collapse,4,0.0,0.0,0.0,10
ds004447,sub-019,ses-01,D9_missing_channel,1,1.0,1.0,1.0,10
ds004447,sub-019,ses-19,D0_unchanged,0,0.0,0.0,0.0,10
ds004447,sub-019,ses-19,D1_single_channel_broadband,1,0.2,0.0,0.0,10
ds004447,sub-019,ses-19,D1_single_channel_broadband,2,0.2,0.1,0.1,10
ds004447,sub-019,ses-19,D1_single_channel_broadband,3,0.4,0.2,0.2,10
ds004447,sub-019,ses-19,D1_single_channel_broadband,4,0.6,0.2,0.2,10
ds004447,sub-019,ses-19,D2_common_mode_broadband,1,0.1,0.0,0.0,10
ds004447,sub-019,ses-19,D2_common_mode_broadband,2,0.7,0.3,0.3,10
ds004447,sub-019,ses-19,D2_common_mode_broadband,3,1.0,0.5,0.5,10
ds004447,sub-019,ses-19,D2_common_mode_broadband,4,1.0,0.9,0.9,10
ds004447,sub-019,ses-19,D3_narrowband_35_45,1,1.0,0.2,0.4,10
ds004447,sub-019,ses-19,D3_narrowband_35_45,2,1.0,0.8,1.0,10
ds004447,sub-019,ses-19,D3_narrowband_35_45,3,1.0,1.0,1.0,10
ds004447,sub-019,ses-19,D3_narrowband_35_45,4,1.0,1.0,1.0,10
ds004447,sub-019,ses-19,D4_narrowband_20_30,1,1.0,0.2,0.3,10
ds004447,sub-019,ses-19,D4_narrowband_20_30,2,1.0,0.2,0.4,10
ds004447,sub-019,ses-19,D4_narrowband_20_30,3,1.0,0.2,0.4,10
ds004447,sub-019,ses-19,D4_narrowband_20_30,4,1.0,0.3,0.4,10
ds004447,sub-019,ses-19,D5_transient_impulse,1,0.0,0.0,0.0,10
ds004447,sub-019,ses-19,D5_transient_impulse,2,0.2,0.0,0.0,10
ds004447,sub-019,ses-19,D5_transient_impulse,3,0.5,0.3,0.2,10
ds004447,sub-019,ses-19,D5_transient_impulse,4,0.9,0.6,0.6,10
ds004447,sub-019,ses-19,D6_clipping,1,0.0,0.0,0.0,10
ds004447,sub-019,ses-19,D6_clipping,2,0.0,0.0,0.0,10
ds004447,sub-019,ses-19,D6_clipping,3,0.0,0.0,0.0,10
ds004447,sub-019,ses-19,D6_clipping,4,0.0,0.0,0.0,10
ds004447,sub-019,ses-19,D7_partial_channel_freeze,1,0.1,0.0,0.0,10
ds004447,sub-019,ses-19,D7_partial_channel_freeze,2,0.1,0.0,0.0,10
ds004447,sub-019,ses-19,D7_partial_channel_freeze,3,0.0,0.0,0.0,10
ds004447,sub-019,ses-19,D7_partial_channel_freeze,4,0.0,0.0,0.0,10
ds004447,sub-019,ses-19,D8_full_channel_variance_collapse,1,0.0,0.0,0.0,10
ds004447,sub-019,ses-19,D8_full_channel_variance_collapse,2,0.0,0.0,0.0,10
ds004447,sub-019,ses-19,D8_full_channel_variance_collapse,3,0.0,0.0,0.0,10
ds004447,sub-019,ses-19,D8_full_channel_variance_collapse,4,0.0,0.0,0.0,10
ds004447,sub-019,ses-19,D9_missing_channel,1,1.0,1.0,1.0,10
ds004447,sub-020,ses-01,D0_unchanged,0,0.0,0.0,0.0,10
ds004447,sub-020,ses-01,D1_single_channel_broadband,1,0.1,0.0,0.0,10
ds004447,sub-020,ses-01,D1_single_channel_broadband,2,0.5,0.1,0.0,10
ds004447,sub-020,ses-01,D1_single_channel_broadband,3,0.7,0.1,0.2,10
ds004447,sub-020,ses-01,D1_single_channel_broadband,4,1.0,0.4,0.4,10
ds004447,sub-020,ses-01,D2_common_mode_broadband,1,0.7,0.1,0.1,10
ds004447,sub-020,ses-01,D2_common_mode_broadband,2,1.0,0.6,0.6,10
ds004447,sub-020,ses-01,D2_common_mode_broadband,3,1.0,1.0,1.0,10
ds004447,sub-020,ses-01,D2_common_mode_broadband,4,1.0,1.0,1.0,10
ds004447,sub-020,ses-01,D3_narrowband_35_45,1,1.0,0.6,0.8,10
ds004447,sub-020,ses-01,D3_narrowband_35_45,2,1.0,0.9,1.0,10
ds004447,sub-020,ses-01,D3_narrowband_35_45,3,1.0,1.0,1.0,10
ds004447,sub-020,ses-01,D3_narrowband_35_45,4,1.0,1.0,1.0,10
ds004447,sub-020,ses-01,D4_narrowband_20_30,1,1.0,0.4,0.6,10
ds004447,sub-020,ses-01,D4_narrowband_20_30,2,1.0,0.3,0.8,10
ds004447,sub-020,ses-01,D4_narrowband_20_30,3,1.0,0.4,0.8,10
ds004447,sub-020,ses-01,D4_narrowband_20_30,4,1.0,0.4,0.8,10
ds004447,sub-020,ses-01,D5_transient_impulse,1,0.0,0.0,0.0,10
ds004447,sub-020,ses-01,D5_transient_impulse,2,0.5,0.1,0.0,10
ds004447,sub-020,ses-01,D5_transient_impulse,3,1.0,0.7,0.7,10
ds004447,sub-020,ses-01,D5_transient_impulse,4,1.0,1.0,1.0,10
ds004447,sub-020,ses-01,D6_clipping,1,0.0,0.0,0.0,10
ds004447,sub-020,ses-01,D6_clipping,2,0.0,0.0,0.0,10
ds004447,sub-020,ses-01,D6_clipping,3,0.0,0.0,0.0,10
ds004447,sub-020,ses-01,D6_clipping,4,0.0,0.0,0.0,10
ds004447,sub-020,ses-01,D7_partial_channel_freeze,1,0.0,0.0,0.0,10
ds004447,sub-020,ses-01,D7_partial_channel_freeze,2,0.0,0.0,0.0,10
ds004447,sub-020,ses-01,D7_partial_channel_freeze,3,0.2,0.0,0.0,10
ds004447,sub-020,ses-01,D7_partial_channel_freeze,4,0.2,0.0,0.0,10
ds004447,sub-020,ses-01,D8_full_channel_variance_collapse,1,0.0,0.0,0.0,10
ds004447,sub-020,ses-01,D8_full_channel_variance_collapse,2,0.1,0.0,0.0,10
ds004447,sub-020,ses-01,D8_full_channel_variance_collapse,3,0.1,0.0,0.0,10
ds004447,sub-020,ses-01,D8_full_channel_variance_collapse,4,0.2,0.0,0.0,10
ds004447,sub-020,ses-01,D9_missing_channel,1,1.0,1.0,1.0,10
ds004447,sub-020,ses-19,D0_unchanged,0,0.0,0.0,0.0,10
ds004447,sub-020,ses-19,D1_single_channel_broadband,1,0.1,0.0,0.0,10
ds004447,sub-020,ses-19,D1_single_channel_broadband,2,0.6,0.2,0.3,10
ds004447,sub-020,ses-19,D1_single_channel_broadband,3,0.9,0.3,0.3,10
ds004447,sub-020,ses-19,D1_single_channel_broadband,4,0.9,0.4,0.4,10
ds004447,sub-020,ses-19,D2_common_mode_broadband,1,0.8,0.4,0.3,10
ds004447,sub-020,ses-19,D2_common_mode_broadband,2,1.0,1.0,1.0,10
ds004447,sub-020,ses-19,D2_common_mode_broadband,3,1.0,1.0,1.0,10
ds004447,sub-020,ses-19,D2_common_mode_broadband,4,1.0,1.0,1.0,10
ds004447,sub-020,ses-19,D3_narrowband_35_45,1,1.0,0.8,0.8,10
ds004447,sub-020,ses-19,D3_narrowband_35_45,2,1.0,0.8,1.0,10
ds004447,sub-020,ses-19,D3_narrowband_35_45,3,1.0,1.0,1.0,10
ds004447,sub-020,ses-19,D3_narrowband_35_45,4,1.0,1.0,1.0,10
ds004447,sub-020,ses-19,D4_narrowband_20_30,1,1.0,0.8,0.8,10
ds004447,sub-020,ses-19,D4_narrowband_20_30,2,1.0,0.8,0.9,10
ds004447,sub-020,ses-19,D4_narrowband_20_30,3,1.0,0.8,0.9,10
ds004447,sub-020,ses-19,D4_narrowband_20_30,4,1.0,0.8,0.9,10
ds004447,sub-020,ses-19,D5_transient_impulse,1,0.2,0.0,0.1,10
ds004447,sub-020,ses-19,D5_transient_impulse,2,0.4,0.1,0.1,10
ds004447,sub-020,ses-19,D5_transient_impulse,3,1.0,0.3,0.4,10
ds004447,sub-020,ses-19,D5_transient_impulse,4,1.0,0.9,1.0,10
ds004447,sub-020,ses-19,D6_clipping,1,0.0,0.0,0.0,10
ds004447,sub-020,ses-19,D6_clipping,2,0.0,0.0,0.0,10
ds004447,sub-020,ses-19,D6_clipping,3,0.0,0.0,0.0,10
ds004447,sub-020,ses-19,D6_clipping,4,0.3,0.0,0.0,10
ds004447,sub-020,ses-19,D7_partial_channel_freeze,1,0.0,0.0,0.0,10
ds004447,sub-020,ses-19,D7_partial_channel_freeze,2,0.3,0.0,0.0,10
ds004447,sub-020,ses-19,D7_partial_channel_freeze,3,0.4,0.0,0.0,10
ds004447,sub-020,ses-19,D7_partial_channel_freeze,4,0.4,0.0,0.0,10
ds004447,sub-020,ses-19,D8_full_channel_variance_collapse,1,0.3,0.0,0.0,10
ds004447,sub-020,ses-19,D8_full_channel_variance_collapse,2,0.4,0.0,0.0,10
ds004447,sub-020,ses-19,D8_full_channel_variance_collapse,3,0.4,0.0,0.0,10
ds004447,sub-020,ses-19,D8_full_channel_variance_collapse,4,0.4,0.0,0.0,10
ds004447,sub-020,ses-19,D9_missing_channel,1,1.0,1.0,1.0,10
ds004447,sub-021,ses-01,D0_unchanged,0,0.0,0.0,0.0,10
ds004447,sub-021,ses-01,D1_single_channel_broadband,1,0.1,0.0,0.0,10
ds004447,sub-021,ses-01,D1_single_channel_broadband,2,0.0,0.0,0.0,10
ds004447,sub-021,ses-01,D1_single_channel_broadband,3,0.1,0.0,0.0,10
ds004447,sub-021,ses-01,D1_single_channel_broadband,4,0.4,0.0,0.0,10
ds004447,sub-021,ses-01,D2_common_mode_broadband,1,0.2,0.0,0.0,10
ds004447,sub-021,ses-01,D2_common_mode_broadband,2,0.9,0.0,0.0,10
ds004447,sub-021,ses-01,D2_common_mode_broadband,3,1.0,0.2,0.3,10
ds004447,sub-021,ses-01,D2_common_mode_broadband,4,0.9,0.5,0.6,10
ds004447,sub-021,ses-01,D3_narrowband_35_45,1,1.0,0.0,0.0,10
ds004447,sub-021,ses-01,D3_narrowband_35_45,2,1.0,0.7,1.0,10
ds004447,sub-021,ses-01,D3_narrowband_35_45,3,1.0,1.0,1.0,10
ds004447,sub-021,ses-01,D3_narrowband_35_45,4,1.0,1.0,1.0,10
ds004447,sub-021,ses-01,D4_narrowband_20_30,1,1.0,0.0,0.0,10
ds004447,sub-021,ses-01,D4_narrowband_20_30,2,1.0,0.3,0.3,10
ds004447,sub-021,ses-01,D4_narrowband_20_30,3,1.0,0.3,0.5,10
ds004447,sub-021,ses-01,D4_narrowband_20_30,4,1.0,0.3,0.5,10
ds004447,sub-021,ses-01,D5_transient_impulse,1,0.0,0.0,0.0,10
ds004447,sub-021,ses-01,D5_transient_impulse,2,0.2,0.0,0.0,10
ds004447,sub-021,ses-01,D5_transient_impulse,3,0.5,0.0,0.0,10
ds004447,sub-021,ses-01,D5_transient_impulse,4,1.0,0.8,0.8,10
ds004447,sub-021,ses-01,D6_clipping,1,0.0,0.0,0.0,10
ds004447,sub-021,ses-01,D6_clipping,2,0.0,0.0,0.0,10
ds004447,sub-021,ses-01,D6_clipping,3,0.1,0.0,0.0,10
ds004447,sub-021,ses-01,D6_clipping,4,0.3,0.0,0.0,10
ds004447,sub-021,ses-01,D7_partial_channel_freeze,1,0.0,0.0,0.0,10
ds004447,sub-021,ses-01,D7_partial_channel_freeze,2,0.3,0.0,0.0,10
ds004447,sub-021,ses-01,D7_partial_channel_freeze,3,0.5,0.0,0.0,10
ds004447,sub-021,ses-01,D7_partial_channel_freeze,4,0.5,0.0,0.0,10
ds004447,sub-021,ses-01,D8_full_channel_variance_collapse,1,0.2,0.0,0.0,10
ds004447,sub-021,ses-01,D8_full_channel_variance_collapse,2,0.5,0.0,0.0,10
ds004447,sub-021,ses-01,D8_full_channel_variance_collapse,3,0.5,0.0,0.0,10
ds004447,sub-021,ses-01,D8_full_channel_variance_collapse,4,0.5,0.0,0.0,10
ds004447,sub-021,ses-01,D9_missing_channel,1,1.0,1.0,1.0,10
ds004447,sub-021,ses-19,D0_unchanged,0,0.0,0.0,0.0,10
ds004447,sub-021,ses-19,D1_single_channel_broadband,1,0.1,0.0,0.0,10
ds004447,sub-021,ses-19,D1_single_channel_broadband,2,0.1,0.0,0.0,10
ds004447,sub-021,ses-19,D1_single_channel_broadband,3,0.3,0.1,0.0,10
ds004447,sub-021,ses-19,D1_single_channel_broadband,4,0.3,0.1,0.1,10
ds004447,sub-021,ses-19,D2_common_mode_broadband,1,0.4,0.0,0.0,10
ds004447,sub-021,ses-19,D2_common_mode_broadband,2,0.8,0.1,0.1,10
ds004447,sub-021,ses-19,D2_common_mode_broadband,3,1.0,0.5,0.5,10
ds004447,sub-021,ses-19,D2_common_mode_broadband,4,1.0,0.8,0.8,10
ds004447,sub-021,ses-19,D3_narrowband_35_45,1,1.0,0.1,0.1,10
ds004447,sub-021,ses-19,D3_narrowband_35_45,2,1.0,0.5,0.9,10
ds004447,sub-021,ses-19,D3_narrowband_35_45,3,1.0,0.7,1.0,10
ds004447,sub-021,ses-19,D3_narrowband_35_45,4,1.0,0.9,1.0,10
ds004447,sub-021,ses-19,D4_narrowband_20_30,1,1.0,0.1,0.1,10
ds004447,sub-021,ses-19,D4_narrowband_20_30,2,1.0,0.1,0.2,10
ds004447,sub-021,ses-19,D4_narrowband_20_30,3,1.0,0.2,0.2,10
ds004447,sub-021,ses-19,D4_narrowband_20_30,4,1.0,0.2,0.2,10
ds004447,sub-021,ses-19,D5_transient_impulse,1,0.1,0.0,0.0,10
ds004447,sub-021,ses-19,D5_transient_impulse,2,0.1,0.0,0.0,10
ds004447,sub-021,ses-19,D5_transient_impulse,3,0.2,0.1,0.1,10
ds004447,sub-021,ses-19,D5_transient_impulse,4,1.0,0.7,0.7,10
ds004447,sub-021,ses-19,D6_clipping,1,0.0,0.0,0.0,10
ds004447,sub-021,ses-19,D6_clipping,2,0.0,0.0,0.0,10
ds004447,sub-021,ses-19,D6_clipping,3,0.0,0.0,0.0,10
ds004447,sub-021,ses-19,D6_clipping,4,0.0,0.0,0.0,10
ds004447,sub-021,ses-19,D7_partial_channel_freeze,1,0.0,0.0,0.0,10
ds004447,sub-021,ses-19,D7_partial_channel_freeze,2,0.0,0.0,0.0,10
ds004447,sub-021,ses-19,D7_partial_channel_freeze,3,0.1,0.0,0.0,10
ds004447,sub-021,ses-19,D7_partial_channel_freeze,4,0.1,0.0,0.0,10
ds004447,sub-021,ses-19,D8_full_channel_variance_collapse,1,0.0,0.0,0.0,10
ds004447,sub-021,ses-19,D8_full_channel_variance_collapse,2,0.0,0.0,0.0,10
ds004447,sub-021,ses-19,D8_full_channel_variance_collapse,3,0.1,0.0,0.0,10
ds004447,sub-021,ses-19,D8_full_channel_variance_collapse,4,0.1,0.0,0.0,10
ds004447,sub-021,ses-19,D9_missing_channel,1,1.0,1.0,1.0,10
ds004447,sub-022,ses-01,D0_unchanged,0,0.0,0.0,0.0,10
ds004447,sub-022,ses-01,D1_single_channel_broadband,1,0.2,0.0,0.0,10
ds004447,sub-022,ses-01,D1_single_channel_broadband,2,0.4,0.0,0.0,10
ds004447,sub-022,ses-01,D1_single_channel_broadband,3,0.7,0.3,0.3,10
ds004447,sub-022,ses-01,D1_single_channel_broadband,4,0.9,0.6,0.6,10
ds004447,sub-022,ses-01,D2_common_mode_broadband,1,0.3,0.0,0.0,10
ds004447,sub-022,ses-01,D2_common_mode_broadband,2,0.9,0.7,0.7,10
ds004447,sub-022,ses-01,D2_common_mode_broadband,3,1.0,0.9,0.9,10
ds004447,sub-022,ses-01,D2_common_mode_broadband,4,1.0,1.0,1.0,10
ds004447,sub-022,ses-01,D3_narrowband_35_45,1,1.0,0.5,0.9,10
ds004447,sub-022,ses-01,D3_narrowband_35_45,2,1.0,0.8,1.0,10
ds004447,sub-022,ses-01,D3_narrowband_35_45,3,1.0,1.0,1.0,10
ds004447,sub-022,ses-01,D3_narrowband_35_45,4,1.0,1.0,1.0,10
ds004447,sub-022,ses-01,D4_narrowband_20_30,1,1.0,0.1,0.6,10
ds004447,sub-022,ses-01,D4_narrowband_20_30,2,1.0,0.2,0.7,10
ds004447,sub-022,ses-01,D4_narrowband_20_30,3,1.0,0.4,0.7,10
ds004447,sub-022,ses-01,D4_narrowband_20_30,4,1.0,0.4,0.7,10
ds004447,sub-022,ses-01,D5_transient_impulse,1,0.0,0.0,0.0,10
ds004447,sub-022,ses-01,D5_transient_impulse,2,0.4,0.1,0.1,10
ds004447,sub-022,ses-01,D5_transient_impulse,3,0.9,0.5,0.5,10
ds004447,sub-022,ses-01,D5_transient_impulse,4,1.0,0.9,0.9,10
ds004447,sub-022,ses-01,D6_clipping,1,0.0,0.0,0.0,10
ds004447,sub-022,ses-01,D6_clipping,2,0.0,0.0,0.0,10
ds004447,sub-022,ses-01,D6_clipping,3,0.0,0.0,0.0,10
ds004447,sub-022,ses-01,D6_clipping,4,0.0,0.0,0.0,10
ds004447,sub-022,ses-01,D7_partial_channel_freeze,1,0.0,0.0,0.0,10
ds004447,sub-022,ses-01,D7_partial_channel_freeze,2,0.0,0.0,0.0,10
ds004447,sub-022,ses-01,D7_partial_channel_freeze,3,0.4,0.0,0.0,10
ds004447,sub-022,ses-01,D7_partial_channel_freeze,4,0.5,0.0,0.0,10
ds004447,sub-022,ses-01,D8_full_channel_variance_collapse,1,0.0,0.0,0.0,10
ds004447,sub-022,ses-01,D8_full_channel_variance_collapse,2,0.2,0.0,0.0,10
ds004447,sub-022,ses-01,D8_full_channel_variance_collapse,3,0.3,0.0,0.0,10
ds004447,sub-022,ses-01,D8_full_channel_variance_collapse,4,0.5,0.0,0.0,10
ds004447,sub-022,ses-01,D9_missing_channel,1,1.0,1.0,1.0,10
ds004447,sub-022,ses-19,D0_unchanged,0,0.0,0.0,0.0,10
ds004447,sub-022,ses-19,D1_single_channel_broadband,1,0.2,0.0,0.0,10
ds004447,sub-022,ses-19,D1_single_channel_broadband,2,0.4,0.1,0.2,10
ds004447,sub-022,ses-19,D1_single_channel_broadband,3,0.4,0.1,0.1,10
ds004447,sub-022,ses-19,D1_single_channel_broadband,4,0.5,0.3,0.3,10
ds004447,sub-022,ses-19,D2_common_mode_broadband,1,0.2,0.2,0.1,10
ds004447,sub-022,ses-19,D2_common_mode_broadband,2,0.9,0.6,0.5,10
ds004447,sub-022,ses-19,D2_common_mode_broadband,3,1.0,0.9,0.9,10
ds004447,sub-022,ses-19,D2_common_mode_broadband,4,1.0,1.0,1.0,10
ds004447,sub-022,ses-19,D3_narrowband_35_45,1,1.0,0.5,0.7,10
ds004447,sub-022,ses-19,D3_narrowband_35_45,2,1.0,0.9,1.0,10
ds004447,sub-022,ses-19,D3_narrowband_35_45,3,1.0,1.0,1.0,10
ds004447,sub-022,ses-19,D3_narrowband_35_45,4,1.0,1.0,1.0,10
ds004447,sub-022,ses-19,D4_narrowband_20_30,1,1.0,0.4,0.5,10
ds004447,sub-022,ses-19,D4_narrowband_20_30,2,1.0,0.5,0.5,10
ds004447,sub-022,ses-19,D4_narrowband_20_30,3,1.0,0.5,0.9,10
ds004447,sub-022,ses-19,D4_narrowband_20_30,4,1.0,0.7,0.9,10
ds004447,sub-022,ses-19,D5_transient_impulse,1,0.0,0.0,0.0,10
ds004447,sub-022,ses-19,D5_transient_impulse,2,0.2,0.1,0.0,10
ds004447,sub-022,ses-19,D5_transient_impulse,3,0.5,0.3,0.2,10
ds004447,sub-022,ses-19,D5_transient_impulse,4,0.9,0.8,0.9,10
ds004447,sub-022,ses-19,D6_clipping,1,0.0,0.0,0.0,10
ds004447,sub-022,ses-19,D6_clipping,2,0.1,0.0,0.0,10
ds004447,sub-022,ses-19,D6_clipping,3,0.4,0.0,0.0,10
ds004447,sub-022,ses-19,D6_clipping,4,1.0,0.0,0.0,10
ds004447,sub-022,ses-19,D7_partial_channel_freeze,1,0.0,0.0,0.0,10
ds004447,sub-022,ses-19,D7_partial_channel_freeze,2,0.2,0.0,0.0,10
ds004447,sub-022,ses-19,D7_partial_channel_freeze,3,0.5,0.0,0.0,10
ds004447,sub-022,ses-19,D7_partial_channel_freeze,4,0.5,0.0,0.0,10
ds004447,sub-022,ses-19,D8_full_channel_variance_collapse,1,0.2,0.0,0.0,10
ds004447,sub-022,ses-19,D8_full_channel_variance_collapse,2,0.4,0.0,0.0,10
ds004447,sub-022,ses-19,D8_full_channel_variance_collapse,3,0.4,0.0,0.0,10
ds004447,sub-022,ses-19,D8_full_channel_variance_collapse,4,0.5,0.0,0.0,10
ds004447,sub-022,ses-19,D9_missing_channel,1,1.0,1.0,1.0,10
