dataset,participant,source_session,target_session,direction,monitor,n_windows,overall_agreement,accepted_set_jaccard,withheld_set_jaccard,cohens_kappa,positive_agreement,negative_agreement,acceptance_rate_left,acceptance_rate_right,acceptance_rate_difference,acceptance_to_withhold_flips,withhold_to_acceptance_flips,accepted_windows_per_min_difference,mutual_withholding_fraction,mutual_acceptance_fraction,transported_accepted_windows_per_min,transported_longest_feedback_free_s,transported_transitions_per_min,median_relative_threshold_shift
ds004444,sub-001,ses-01,ses-16,first_to_final,M0_NO_GATE,240,1.0,1.0,1.0,1.0,1.0,1.0,1.0,1.0,0.0,0,0,0.0,0.0,1.0,120.0,0.0,0.0,0.0
ds004444,sub-001,ses-01,ses-16,first_to_final,M1_HIGH_BETA,240,0.325,0.14285714285714285,0.23943661971830985,0.06614785992217896,0.25,0.38636363636363635,0.1125,0.7875,-0.6749999999999999,162,0,-80.99999999999999,0.2125,0.1125,13.5,6.0,20.0,0.191000706551961
ds004444,sub-001,ses-01,ses-16,first_to_final,M2_BROADBAND_HIGH_FREQUENCY,240,0.3875,0.006756756756756757,0.38493723849372385,0.0051883600270697045,0.013422818791946308,0.5558912386706949,0.004166666666666667,0.6166666666666667,-0.6125,147,0,-73.5,0.38333333333333336,0.004166666666666667,0.5,6.0,1.0,0.3948986699395382
ds004444,sub-001,ses-01,ses-16,first_to_final,M3_AMPLITUDE_150,240,1.0,1.0,1.0,1.0,1.0,1.0,0.9916666666666667,0.9916666666666667,0.0,0,0,0.0,0.008333333333333333,0.9916666666666667,119.0,1.0,0.5,0.0
ds004444,sub-001,ses-01,ses-16,first_to_final,M4_NFSQI_FULL_QUALITY,240,0.5333333333333333,0.0,0.5333333333333333,0.0,0.0,0.6956521739130435,0.0,0.4666666666666667,-0.4666666666666667,112,0,-56.0,0.5333333333333333,0.0,0.0,6.0,0.0,0.1268618158992488
ds004444,sub-001,ses-16,ses-01,final_to_first,M0_NO_GATE,240,1.0,1.0,1.0,1.0,1.0,1.0,1.0,1.0,0.0,0,0,0.0,0.0,1.0,120.0,0.0,0.0,0.0
ds004444,sub-001,ses-16,ses-01,final_to_first,M1_HIGH_BETA,240,0.7666666666666667,0.7666666666666667,0.0,0.0,0.8679245283018868,0.0,1.0,0.7666666666666667,0.23333333333333328,0,56,27.999999999999993,0.0,0.7666666666666667,120.0,0.0,0.0,0.23609502270131308
ds004444,sub-001,ses-16,ses-01,final_to_first,M2_BROADBAND_HIGH_FREQUENCY,240,0.6583333333333333,0.6554621848739496,0.023809523809523808,0.030732860520094333,0.7918781725888325,0.046511627906976744,0.9916666666666667,0.65,0.3416666666666667,0,82,41.0,0.008333333333333333,0.65,119.0,0.5,2.0,1.0560427606116367
ds004444,sub-001,ses-16,ses-01,final_to_first,M3_AMPLITUDE_150,240,1.0,1.0,1.0,1.0,1.0,1.0,1.0,1.0,0.0,0,0,0.0,0.0,1.0,120.0,0.0,0.0,0.0
ds004444,sub-001,ses-16,ses-01,final_to_first,M4_NFSQI_FULL_QUALITY,240,0.5875,0.44692737430167595,0.38125,0.18181818181818196,0.6177606177606177,0.5520361990950227,0.6,0.4791666666666667,0.12083333333333329,35,64,14.499999999999995,0.25416666666666665,0.3333333333333333,72.0,3.0,48.5,0.14529408770491964
ds004444,sub-002,ses-01,ses-16,first_to_final,M0_NO_GATE,240,1.0,1.0,1.0,1.0,1.0,1.0,1.0,1.0,0.0,0,0,0.0,0.0,1.0,120.0,0.0,0.0,0.0
ds004444,sub-002,ses-01,ses-16,first_to_final,M1_HIGH_BETA,240,0.975,0.9745762711864406,0.4,0.5609756097560973,0.9871244635193133,0.5714285714285714,0.9833333333333333,0.9583333333333334,0.02499999999999991,0,6,2.9999999999999893,0.016666666666666666,0.9583333333333334,118.0,1.0,2.5,0.06367467417288875
ds004444,sub-002,ses-01,ses-16,first_to_final,M2_BROADBAND_HIGH_FREQUENCY,240,0.8791666666666667,0.863849765258216,0.48214285714285715,0.5880681818181818,0.9269521410579346,0.6506024096385542,0.7666666666666667,0.8875,-0.12083333333333324,29,0,-14.49999999999999,0.1125,0.7666666666666667,92.0,1.0,41.5,0.11831011718137278
ds004444,sub-002,ses-01,ses-16,first_to_final,M3_AMPLITUDE_150,240,1.0,1.0,1.0,1.0,1.0,1.0,0.9916666666666667,0.9916666666666667,0.0,0,0,0.0,0.008333333333333333,0.9916666666666667,119.0,1.0,0.5,0.0
ds004444,sub-002,ses-01,ses-16,first_to_final,M4_NFSQI_FULL_QUALITY,240,0.7875,0.7411167512690355,0.4574468085106383,0.4858870967741935,0.8513119533527697,0.6277372262773723,0.6625,0.7666666666666667,-0.10416666666666674,38,13,-12.500000000000009,0.17916666666666667,0.6083333333333333,79.5,2.5,48.0,0.18423771318534918
ds004444,sub-002,ses-16,ses-01,final_to_first,M0_NO_GATE,240,1.0,1.0,1.0,1.0,1.0,1.0,1.0,1.0,0.0,0,0,0.0,0.0,1.0,120.0,0.0,0.0,0.0
ds004444,sub-002,ses-16,ses-01,final_to_first,M1_HIGH_BETA,240,0.9416666666666667,0.9401709401709402,0.3,0.4400000000000003,0.9691629955947136,0.46153846153846156,0.9166666666666666,0.975,-0.05833333333333335,14,0,-7.000000000000002,0.025,0.9166666666666666,110.0,1.0,16.0,0.05986292211234797
ds004444,sub-002,ses-16,ses-01,final_to_first,M2_BROADBAND_HIGH_FREQUENCY,240,0.9416666666666667,0.9396551724137931,0.36363636363636365,0.5093457943925229,0.9688888888888889,0.5333333333333333,0.9666666666666667,0.9083333333333333,0.05833333333333335,0,14,7.000000000000002,0.03333333333333333,0.9083333333333333,116.0,2.0,4.5,0.14056271647062027
ds004444,sub-002,ses-16,ses-01,final_to_first,M3_AMPLITUDE_150,240,1.0,1.0,1.0,1.0,1.0,1.0,1.0,1.0,0.0,0,0,0.0,0.0,1.0,120.0,0.0,0.0,0.0
ds004444,sub-002,ses-16,ses-01,final_to_first,M4_NFSQI_FULL_QUALITY,240,0.8416666666666667,0.8256880733944955,0.36666666666666664,0.4411079789189852,0.9045226130653267,0.5365853658536586,0.8291666666666667,0.8291666666666667,0.0,19,19,0.0,0.09166666666666666,0.75,99.5,2.0,29.0,0.22584730400415018
ds004444,sub-003,ses-01,ses-16,first_to_final,M0_NO_GATE,240,1.0,1.0,1.0,1.0,1.0,1.0,1.0,1.0,0.0,0,0,0.0,0.0,1.0,120.0,0.0,0.0,0.0
ds004444,sub-003,ses-01,ses-16,first_to_final,M1_HIGH_BETA,240,0.8541666666666666,0.8108108108108109,0.6111111111111112,0.6626506024096385,0.8955223880597015,0.7586206896551724,0.625,0.7708333333333334,-0.14583333333333337,35,0,-17.500000000000004,0.22916666666666666,0.625,75.0,2.5,38.0,0.1868266564142302
ds004444,sub-003,ses-01,ses-16,first_to_final,M2_BROADBAND_HIGH_FREQUENCY,240,0.7125,0.5369127516778524,0.56875,0.46786632390745503,0.6986899563318777,0.7250996015936255,0.3333333333333333,0.6208333333333333,-0.28750000000000003,69,0,-34.50000000000001,0.37916666666666665,0.3333333333333333,40.0,5.0,41.5,0.17845112888690795
ds004444,sub-003,ses-01,ses-16,first_to_final,M3_AMPLITUDE_150,240,1.0,1.0,1.0,1.0,1.0,1.0,1.0,1.0,0.0,0,0,0.0,0.0,1.0,120.0,0.0,0.0,0.0
ds004444,sub-003,ses-01,ses-16,first_to_final,M4_NFSQI_FULL_QUALITY,240,0.7791666666666667,0.5181818181818182,0.7103825136612022,0.5381263616557733,0.6826347305389222,0.8306709265175719,0.2375,0.4583333333333333,-0.22083333333333333,53,0,-26.5,0.5416666666666666,0.2375,28.5,5.5,35.0,0.1868266564142302
ds004444,sub-003,ses-16,ses-01,final_to_first,M0_NO_GATE,240,1.0,1.0,1.0,1.0,1.0,1.0,1.0,1.0,0.0,0,0,0.0,0.0,1.0,120.0,0.0,0.0,0.0
ds004444,sub-003,ses-16,ses-01,final_to_first,M1_HIGH_BETA,240,0.8625,0.8341708542713567,0.5540540540540541,0.632175366895783,0.9095890410958904,0.7130434782608696,0.8291666666666667,0.6916666666666667,0.13750000000000007,0,33,16.500000000000007,0.17083333333333334,0.6916666666666667,99.5,1.0,30.0,0.22975009927206813
ds004444,sub-003,ses-16,ses-01,final_to_first,M2_BROADBAND_HIGH_FREQUENCY,240,0.8541666666666666,0.8341232227488151,0.453125,0.5485812553740326,0.9095607235142119,0.6236559139784946,0.8791666666666667,0.7333333333333333,0.14583333333333337,0,35,17.500000000000004,0.12083333333333333,0.7333333333333333,105.5,1.0,24.5,0.2523358518408881
ds004444,sub-003,ses-16,ses-01,final_to_first,M3_AMPLITUDE_150,240,1.0,1.0,1.0,1.0,1.0,1.0,1.0,1.0,0.0,0,0,0.0,0.0,1.0,120.0,0.0,0.0,0.0
ds004444,sub-003,ses-16,ses-01,final_to_first,M4_NFSQI_FULL_QUALITY,240,0.8125,0.7272727272727273,0.625,0.6206799662826636,0.8421052631578947,0.7692307692307693,0.6708333333333333,0.5166666666666667,0.15416666666666656,4,41,18.499999999999986,0.3125,0.5,80.5,1.5,45.0,0.22975009927206813
ds004444,sub-004,ses-01,ses-16,first_to_final,M0_NO_GATE,240,1.0,1.0,1.0,1.0,1.0,1.0,1.0,1.0,0.0,0,0,0.0,0.0,1.0,120.0,0.0,0.0,0.0
ds004444,sub-004,ses-01,ses-16,first_to_final,M1_HIGH_BETA,240,1.0,1.0,1.0,1.0,1.0,1.0,0.6625,0.6625,0.0,0,0,0.0,0.3375,0.6625,79.5,2.5,43.5,0.0028176091930433985
ds004444,sub-004,ses-01,ses-16,first_to_final,M2_BROADBAND_HIGH_FREQUENCY,240,0.7666666666666667,0.7358490566037735,0.3333333333333333,0.3480791618160655,0.8478260869565217,0.5,0.7583333333333333,0.775,-0.01666666666666672,30,26,-2.000000000000006,0.11666666666666667,0.65,91.0,2.0,30.5,0.3325885118961497
ds004444,sub-004,ses-01,ses-16,first_to_final,M3_AMPLITUDE_150,240,1.0,1.0,1.0,1.0,1.0,1.0,1.0,1.0,0.0,0,0,0.0,0.0,1.0,120.0,0.0,0.0,0.0
ds004444,sub-004,ses-01,ses-16,first_to_final,M4_NFSQI_FULL_QUALITY,240,0.8583333333333333,0.7588652482269503,0.7443609022556391,0.7164303586321934,0.8629032258064516,0.853448275862069,0.525,0.5083333333333333,0.01666666666666672,15,19,2.000000000000006,0.4125,0.44583333333333336,63.0,3.5,44.0,0.35943995694340636
ds004444,sub-004,ses-16,ses-01,final_to_first,M0_NO_GATE,240,1.0,1.0,1.0,1.0,1.0,1.0,1.0,1.0,0.0,0,0,0.0,0.0,1.0,120.0,0.0,0.0,0.0
ds004444,sub-004,ses-16,ses-01,final_to_first,M1_HIGH_BETA,240,1.0,1.0,1.0,1.0,1.0,1.0,0.8833333333333333,0.8833333333333333,0.0,0,0,0.0,0.11666666666666667,0.8833333333333333,106.0,1.0,24.5,0.002809692577407669
ds004444,sub-004,ses-16,ses-01,final_to_first,M2_BROADBAND_HIGH_FREQUENCY,240,0.6208333333333333,0.5645933014354066,0.2540983606557377,0.24627277747101056,0.7217125382262997,0.40522875816993464,0.49583333333333335,0.8666666666666667,-0.37083333333333335,90,1,-44.5,0.12916666666666668,0.49166666666666664,59.5,4.5,56.0,0.35238972319452866
ds004444,sub-004,ses-16,ses-01,final_to_first,M3_AMPLITUDE_150,240,1.0,1.0,1.0,1.0,1.0,1.0,0.9958333333333333,0.9958333333333333,0.0,0,0,0.0,0.004166666666666667,0.9958333333333333,119.5,0.5,0.5,0.0
ds004444,sub-004,ses-16,ses-01,final_to_first,M4_NFSQI_FULL_QUALITY,240,0.5791666666666667,0.4093567251461988,0.40588235294117647,0.27650429799426945,0.5809128630705395,0.5774058577405857,0.3,0.7041666666666667,-0.40416666666666673,99,2,-48.50000000000001,0.2875,0.2916666666666667,36.0,5.5,43.5,0.3291156433104421
ds004444,sub-005,ses-01,ses-16,first_to_final,M0_NO_GATE,240,1.0,1.0,1.0,1.0,1.0,1.0,1.0,1.0,0.0,0,0,0.0,0.0,1.0,120.0,0.0,0.0,0.0
ds004444,sub-005,ses-01,ses-16,first_to_final,M1_HIGH_BETA,240,0.7,0.5167785234899329,0.558282208588957,0.4478174729980187,0.6814159292035398,0.7165354330708661,0.32083333333333336,0.6208333333333333,-0.3,72,0,-36.0,0.37916666666666665,0.32083333333333336,38.5,6.0,17.5,0.28913019943357504
ds004444,sub-005,ses-01,ses-16,first_to_final,M2_BROADBAND_HIGH_FREQUENCY,240,0.7375,0.7272727272727273,0.125,0.16666666666666696,0.8421052631578947,0.2222222222222222,0.9625,0.7,0.26250000000000007,0,63,31.500000000000007,0.0375,0.7,115.5,1.0,5.5,0.8754883852240802
ds004444,sub-005,ses-01,ses-16,first_to_final,M3_AMPLITUDE_150,240,1.0,1.0,1.0,1.0,1.0,1.0,0.0,0.0,0.0,0,0,0.0,1.0,0.0,0.0,6.0,0.0,0.0
ds004444,sub-005,ses-01,ses-16,first_to_final,M4_NFSQI_FULL_QUALITY,240,0.5375,0.059322033898305086,0.5236051502145923,-0.06560000000000002,0.112,0.6873239436619718,0.10416666666666667,0.4166666666666667,-0.3125,93,18,-37.5,0.5083333333333333,0.029166666666666667,12.5,6.0,10.0,0.41849405089789143
ds004444,sub-005,ses-16,ses-01,final_to_first,M0_NO_GATE,240,1.0,1.0,1.0,1.0,1.0,1.0,1.0,1.0,0.0,0,0,0.0,0.0,1.0,120.0,0.0,0.0,0.0
ds004444,sub-005,ses-16,ses-01,final_to_first,M1_HIGH_BETA,240,0.9083333333333333,0.9067796610169492,0.15384615384615385,0.24485125858123488,0.9511111111111111,0.26666666666666666,0.9833333333333333,0.8916666666666667,0.09166666666666656,0,22,10.999999999999988,0.016666666666666666,0.8916666666666667,118.0,1.0,1.5,0.40672736301808643
ds004444,sub-005,ses-16,ses-01,final_to_first,M2_BROADBAND_HIGH_FREQUENCY,240,0.15416666666666667,0.00975609756097561,0.14705882352941177,0.0028653295128939402,0.01932367149758454,0.2564102564102564,0.008333333333333333,0.8541666666666666,-0.8458333333333333,203,0,-101.5,0.14583333333333334,0.008333333333333333,1.0,6.0,2.0,0.4271004201919827
ds004444,sub-005,ses-16,ses-01,final_to_first,M3_AMPLITUDE_150,240,1.0,1.0,1.0,1.0,1.0,1.0,0.0,0.0,0.0,0,0,0.0,1.0,0.0,0.0,6.0,0.0,0.0
ds004444,sub-005,ses-16,ses-01,final_to_first,M4_NFSQI_FULL_QUALITY,240,0.30833333333333335,0.005988023952095809,0.3054393305439331,0.00365127794728148,0.011904761904761904,0.46794871794871795,0.004166666666666667,0.6958333333333333,-0.6916666666666667,166,0,-83.0,0.30416666666666664,0.004166666666666667,0.5,6.0,1.0,0.40672736301808643
ds004444,sub-006,ses-01,ses-16,first_to_final,M0_NO_GATE,240,1.0,1.0,1.0,1.0,1.0,1.0,1.0,1.0,0.0,0,0,0.0,0.0,1.0,120.0,0.0,0.0,0.0
ds004444,sub-006,ses-01,ses-16,first_to_final,M1_HIGH_BETA,240,0.9375,0.9367088607594937,0.16666666666666666,0.27007299270072854,0.9673202614379085,0.2857142857142857,0.9875,0.925,0.0625,0,15,7.5,0.0125,0.925,118.5,0.5,3.0,0.10599734660617624
ds004444,sub-006,ses-01,ses-16,first_to_final,M2_BROADBAND_HIGH_FREQUENCY,240,0.9875,0.9872881355932204,0.5714285714285714,0.721362229102169,0.9936034115138592,0.7272727272727273,0.9833333333333333,0.9708333333333333,0.012499999999999956,0,3,1.4999999999999947,0.016666666666666666,0.9708333333333333,118.0,0.5,3.5,0.271425862254885
ds004444,sub-006,ses-01,ses-16,first_to_final,M3_AMPLITUDE_150,240,1.0,1.0,1.0,1.0,1.0,1.0,1.0,1.0,0.0,0,0,0.0,0.0,1.0,120.0,0.0,0.0,0.0
ds004444,sub-006,ses-01,ses-16,first_to_final,M4_NFSQI_FULL_QUALITY,240,0.6583333333333333,0.6387665198237885,0.1368421052631579,0.08208955223880625,0.7795698924731183,0.24074074074074073,0.6666666666666666,0.8833333333333333,-0.21666666666666667,67,15,-26.0,0.05416666666666667,0.6041666666666666,80.0,3.0,45.0,0.10599734660617624
ds004444,sub-006,ses-16,ses-01,final_to_first,M0_NO_GATE,240,1.0,1.0,1.0,1.0,1.0,1.0,1.0,1.0,0.0,0,0,0.0,0.0,1.0,120.0,0.0,0.0,0.0
ds004444,sub-006,ses-16,ses-01,final_to_first,M1_HIGH_BETA,240,0.8458333333333333,0.8310502283105022,0.3620689655172414,0.46259985475671767,0.9077306733167082,0.5316455696202531,0.7583333333333333,0.9125,-0.15416666666666667,37,0,-18.5,0.0875,0.7583333333333333,91.0,2.0,40.5,0.09583869882819873
ds004444,sub-006,ses-16,ses-01,final_to_first,M2_BROADBAND_HIGH_FREQUENCY,240,0.9541666666666667,0.9495412844036697,0.6666666666666666,0.7752808988764047,0.9741176470588235,0.8,0.8625,0.9083333333333333,-0.04583333333333328,11,0,-5.499999999999994,0.09166666666666666,0.8625,103.5,1.5,24.5,0.17993910145476197
ds004444,sub-006,ses-16,ses-01,final_to_first,M3_AMPLITUDE_150,240,1.0,1.0,1.0,1.0,1.0,1.0,1.0,1.0,0.0,0,0,0.0,0.0,1.0,120.0,0.0,0.0,0.0
ds004444,sub-006,ses-16,ses-01,final_to_first,M4_NFSQI_FULL_QUALITY,240,0.7625,0.703125,0.45714285714285713,0.46217958798553216,0.8256880733944955,0.6274509803921569,0.6208333333333333,0.7416666666666667,-0.12083333333333335,43,14,-14.500000000000002,0.2,0.5625,74.5,2.5,47.0,0.10066066359774288
ds004444,sub-007,ses-01,ses-16,first_to_final,M0_NO_GATE,240,1.0,1.0,1.0,1.0,1.0,1.0,1.0,1.0,0.0,0,0,0.0,0.0,1.0,120.0,0.0,0.0,0.0
ds004444,sub-007,ses-01,ses-16,first_to_final,M1_HIGH_BETA,240,0.9708333333333333,0.968609865470852,0.7083333333333334,0.8138297872340424,0.9840546697038725,0.8292682926829268,0.9291666666666667,0.9,0.029166666666666674,0,7,3.500000000000001,0.07083333333333333,0.9,111.5,0.5,16.5,0.041336303254866424
ds004444,sub-007,ses-01,ses-16,first_to_final,M2_BROADBAND_HIGH_FREQUENCY,240,0.9875,0.9868995633187773,0.7857142857142857,0.873506676036543,0.9934065934065934,0.88,0.9541666666666667,0.9416666666666667,0.012500000000000067,0,3,1.500000000000008,0.04583333333333333,0.9416666666666667,114.5,1.0,8.0,0.0333503943669504
ds004444,sub-007,ses-01,ses-16,first_to_final,M3_AMPLITUDE_150,240,1.0,1.0,1.0,1.0,1.0,1.0,1.0,1.0,0.0,0,0,0.0,0.0,1.0,120.0,0.0,0.0,0.0
ds004444,sub-007,ses-01,ses-16,first_to_final,M4_NFSQI_FULL_QUALITY,240,0.8416666666666667,0.81,0.5128205128205128,0.574428371441904,0.8950276243093923,0.6779661016949152,0.7791666666666667,0.7291666666666666,0.050000000000000044,13,25,6.000000000000005,0.16666666666666666,0.675,93.5,2.0,32.5,0.05257279139901983
ds004444,sub-007,ses-16,ses-01,final_to_first,M0_NO_GATE,240,1.0,1.0,1.0,1.0,1.0,1.0,1.0,1.0,0.0,0,0,0.0,0.0,1.0,120.0,0.0,0.0,0.0
ds004444,sub-007,ses-16,ses-01,final_to_first,M1_HIGH_BETA,240,0.9583333333333334,0.9514563106796117,0.7727272727272727,0.8474059003051883,0.9751243781094527,0.8717948717948718,0.8166666666666667,0.8583333333333333,-0.04166666666666663,10,0,-4.999999999999996,0.14166666666666666,0.8166666666666667,98.0,1.5,33.5,0.03969544048897851
ds004444,sub-007,ses-16,ses-01,final_to_first,M2_BROADBAND_HIGH_FREQUENCY,240,0.9708333333333333,0.966824644549763,0.8055555555555556,0.875481766973021,0.983132530120482,0.8923076923076924,0.8583333333333333,0.8708333333333333,-0.012500000000000067,5,2,-1.500000000000008,0.12083333333333333,0.85,103.0,2.0,25.0,0.0321386996409
ds004444,sub-007,ses-16,ses-01,final_to_first,M3_AMPLITUDE_150,240,1.0,1.0,1.0,1.0,1.0,1.0,1.0,1.0,0.0,0,0,0.0,0.0,1.0,120.0,0.0,0.0,0.0
ds004444,sub-007,ses-16,ses-01,final_to_first,M4_NFSQI_FULL_QUALITY,240,0.85,0.7869822485207101,0.6635514018691588,0.6825396825396826,0.8807947019867549,0.797752808988764,0.575,0.6833333333333333,-0.10833333333333339,31,5,-13.000000000000007,0.29583333333333334,0.5541666666666667,69.0,3.0,54.0,0.049946941274382615
ds004444,sub-008,ses-01,ses-16,first_to_final,M0_NO_GATE,240,1.0,1.0,1.0,1.0,1.0,1.0,1.0,1.0,0.0,0,0,0.0,0.0,1.0,120.0,0.0,0.0,0.0
ds004444,sub-008,ses-01,ses-16,first_to_final,M1_HIGH_BETA,240,0.8916666666666667,0.8823529411764706,0.4222222222222222,0.542857142857143,0.9375,0.59375,0.9208333333333333,0.8125,0.10833333333333328,0,26,12.999999999999993,0.07916666666666666,0.8125,110.5,1.0,17.0,0.17873106562768495
ds004444,sub-008,ses-01,ses-16,first_to_final,M2_BROADBAND_HIGH_FREQUENCY,240,0.9458333333333333,0.9177215189873418,0.8631578947368421,0.8840148698884758,0.9570957095709571,0.9265536723163842,0.6583333333333333,0.6041666666666666,0.054166666666666696,0,13,6.5000000000000036,0.3416666666666667,0.6041666666666666,79.0,2.5,44.5,0.050366075779405245
ds004444,sub-008,ses-01,ses-16,first_to_final,M3_AMPLITUDE_150,240,1.0,1.0,1.0,1.0,1.0,1.0,1.0,1.0,0.0,0,0,0.0,0.0,1.0,120.0,0.0,0.0,0.0
ds004444,sub-008,ses-01,ses-16,first_to_final,M4_NFSQI_FULL_QUALITY,240,0.775,0.5939849624060151,0.6645962732919255,0.5453588718164597,0.7452830188679245,0.7985074626865671,0.4125,0.4708333333333333,-0.05833333333333335,34,20,-7.000000000000002,0.44583333333333336,0.32916666666666666,49.5,5.5,41.5,0.17873106562768495
ds004444,sub-008,ses-16,ses-01,final_to_first,M0_NO_GATE,240,1.0,1.0,1.0,1.0,1.0,1.0,1.0,1.0,0.0,0,0,0.0,0.0,1.0,120.0,0.0,0.0,0.0
ds004444,sub-008,ses-16,ses-01,final_to_first,M1_HIGH_BETA,240,0.7916666666666666,0.7422680412371134,0.4791666666666667,0.5247148288973383,0.8520710059171598,0.647887323943662,0.6,0.8083333333333333,-0.20833333333333337,50,0,-25.000000000000004,0.19166666666666668,0.6,72.0,4.0,51.5,0.1516300629037117
ds004444,sub-008,ses-16,ses-01,final_to_first,M2_BROADBAND_HIGH_FREQUENCY,240,0.8916666666666667,0.847953216374269,0.7263157894736842,0.7622857142857143,0.9177215189873418,0.8414634146341463,0.6041666666666666,0.7125,-0.10833333333333339,26,0,-13.000000000000007,0.2875,0.6041666666666666,72.5,5.0,45.5,0.047945357363753424
ds004444,sub-008,ses-16,ses-01,final_to_first,M3_AMPLITUDE_150,240,1.0,1.0,1.0,1.0,1.0,1.0,1.0,1.0,0.0,0,0,0.0,0.0,1.0,120.0,0.0,0.0,0.0
ds004444,sub-008,ses-16,ses-01,final_to_first,M4_NFSQI_FULL_QUALITY,240,0.6791666666666667,0.4166666666666667,0.5837837837837838,0.3401885175664096,0.5882352941176471,0.7372013651877133,0.31666666666666665,0.4625,-0.14583333333333337,56,21,-17.500000000000004,0.45,0.22916666666666666,38.0,5.5,47.0,0.1516300629037117
ds004444,sub-009,ses-01,ses-16,first_to_final,M0_NO_GATE,240,1.0,1.0,1.0,1.0,1.0,1.0,1.0,1.0,0.0,0,0,0.0,0.0,1.0,120.0,0.0,0.0,0.0
ds004444,sub-009,ses-01,ses-16,first_to_final,M1_HIGH_BETA,240,0.975,0.9748953974895398,0.14285714285714285,0.24449108079748247,0.9872881355932204,0.25,0.9958333333333333,0.9708333333333333,0.025000000000000022,0,6,3.0000000000000027,0.004166666666666667,0.9708333333333333,119.5,0.5,0.5,0.1062363579827844
ds004444,sub-009,ses-01,ses-16,first_to_final,M2_BROADBAND_HIGH_FREQUENCY,240,0.9666666666666667,0.9656652360515021,0.4666666666666667,0.6213017751479291,0.982532751091703,0.6363636363636364,0.9708333333333333,0.9375,0.033333333333333326,0,8,3.999999999999999,0.029166666666666667,0.9375,116.5,1.0,6.0,0.14418836206162597
ds004444,sub-009,ses-01,ses-16,first_to_final,M3_AMPLITUDE_150,240,1.0,1.0,1.0,1.0,1.0,1.0,0.9958333333333333,0.9958333333333333,0.0,0,0,0.0,0.004166666666666667,0.9958333333333333,119.5,0.5,0.5,0.0
ds004444,sub-009,ses-01,ses-16,first_to_final,M4_NFSQI_FULL_QUALITY,240,0.9083333333333333,0.9035087719298246,0.35294117647058826,0.4727381665668067,0.9493087557603687,0.5217391304347826,0.9208333333333333,0.8875,0.033333333333333326,7,15,3.999999999999999,0.05,0.8583333333333333,110.5,1.0,13.0,0.1847009778480238
ds004444,sub-009,ses-16,ses-01,final_to_first,M0_NO_GATE,240,1.0,1.0,1.0,1.0,1.0,1.0,1.0,1.0,0.0,0,0,0.0,0.0,1.0,120.0,0.0,0.0,0.0
ds004444,sub-009,ses-16,ses-01,final_to_first,M1_HIGH_BETA,240,0.8541666666666666,0.8416289592760181,0.35185185185185186,0.4569433669511248,0.914004914004914,0.5205479452054794,0.775,0.9208333333333333,-0.14583333333333326,35,0,-17.499999999999993,0.07916666666666666,0.775,93.0,1.5,40.5,0.09603405024266766
ds004444,sub-009,ses-16,ses-01,final_to_first,M2_BROADBAND_HIGH_FREQUENCY,240,0.4,0.32710280373831774,0.15294117647058825,0.09528795811518333,0.49295774647887325,0.2653061224489796,0.2916666666666667,0.8916666666666667,-0.6000000000000001,144,0,-72.00000000000001,0.10833333333333334,0.2916666666666667,35.0,6.0,43.0,0.12446426793164488
ds004444,sub-009,ses-16,ses-01,final_to_first,M3_AMPLITUDE_150,240,1.0,1.0,1.0,1.0,1.0,1.0,0.975,0.975,0.0,0,0,0.0,0.025,0.975,117.0,1.0,3.0,0.0
ds004444,sub-009,ses-16,ses-01,final_to_first,M4_NFSQI_FULL_QUALITY,240,0.3125,0.10326086956521739,0.25339366515837103,0.05099693251533743,0.18719211822660098,0.4043321299638989,0.07916666666666666,0.7666666666666667,-0.6875,165,0,-82.5,0.23333333333333334,0.07916666666666666,9.5,6.0,16.5,0.15590514509705897
ds004444,sub-010,ses-01,ses-16,first_to_final,M0_NO_GATE,240,1.0,1.0,1.0,1.0,1.0,1.0,1.0,1.0,0.0,0,0,0.0,0.0,1.0,120.0,0.0,0.0,0.0
ds004444,sub-010,ses-01,ses-16,first_to_final,M1_HIGH_BETA,240,0.9291666666666667,0.9182692307692307,0.6530612244897959,0.7497546614327772,0.9573934837092731,0.7901234567901234,0.7958333333333333,0.8666666666666667,-0.07083333333333341,17,0,-8.50000000000001,0.13333333333333333,0.7958333333333333,95.5,3.0,32.5,0.0696298280415538
ds004444,sub-010,ses-01,ses-16,first_to_final,M2_BROADBAND_HIGH_FREQUENCY,240,0.2833333333333333,0.0,0.2833333333333333,0.0,0.0,0.44155844155844154,0.0,0.7166666666666667,-0.7166666666666667,172,0,-86.0,0.2833333333333333,0.0,0.0,6.0,0.0,0.7297871837276904
ds004444,sub-010,ses-01,ses-16,first_to_final,M3_AMPLITUDE_150,240,1.0,1.0,1.0,1.0,1.0,1.0,0.0,0.0,0.0,0,0,0.0,1.0,0.0,0.0,6.0,0.0,0.0
ds004444,sub-010,ses-01,ses-16,first_to_final,M4_NFSQI_FULL_QUALITY,240,0.44583333333333336,0.0,0.44583333333333336,1.0017049846242013e-16,0.0,0.6167146974063401,0.0,0.5541666666666667,-0.5541666666666667,133,0,-66.5,0.44583333333333336,0.0,0.0,6.0,0.0,0.6753743389573033
ds004444,sub-010,ses-16,ses-01,final_to_first,M0_NO_GATE,240,1.0,1.0,1.0,1.0,1.0,1.0,1.0,1.0,0.0,0,0,0.0,0.0,1.0,120.0,0.0,0.0,0.0
ds004444,sub-010,ses-16,ses-01,final_to_first,M1_HIGH_BETA,240,0.9541666666666667,0.9485981308411215,0.7027027027027027,0.7999393755683544,0.973621103117506,0.8253968253968254,0.8916666666666667,0.8458333333333333,0.04583333333333339,0,11,5.500000000000007,0.10833333333333334,0.8458333333333333,107.0,2.0,16.5,0.07484099355311633
ds004444,sub-010,ses-16,ses-01,final_to_first,M2_BROADBAND_HIGH_FREQUENCY,240,0.6833333333333333,0.680672268907563,0.02564102564102564,0.03430749682337987,0.81,0.05,0.9916666666666667,0.675,0.31666666666666665,0,76,38.0,0.008333333333333333,0.675,119.0,0.5,2.0,3.284102424719568
ds004444,sub-010,ses-16,ses-01,final_to_first,M3_AMPLITUDE_150,240,1.0,1.0,1.0,1.0,1.0,1.0,0.0,0.0,0.0,0,0,0.0,1.0,0.0,0.0,6.0,0.0,0.0
ds004444,sub-010,ses-16,ses-01,final_to_first,M4_NFSQI_FULL_QUALITY,240,0.7125,0.6310160427807486,0.4344262295081967,0.40619621342512907,0.7737704918032787,0.6057142857142858,0.7375,0.5333333333333333,0.20416666666666672,10,59,24.500000000000007,0.22083333333333333,0.49166666666666664,88.5,4.5,32.5,2.0804712011613704
ds004444,sub-011,ses-01,ses-16,first_to_final,M0_NO_GATE,240,1.0,1.0,1.0,1.0,1.0,1.0,1.0,1.0,0.0,0,0,0.0,0.0,1.0,120.0,0.0,0.0,0.0
ds004444,sub-011,ses-01,ses-16,first_to_final,M1_HIGH_BETA,240,0.925,0.9246861924686193,0.05263157894736842,0.09281814363712829,0.9608695652173913,0.1,0.9958333333333333,0.9208333333333333,0.07500000000000007,0,18,9.000000000000007,0.004166666666666667,0.9208333333333333,119.5,0.5,1.0,0.8605486591379425
ds004444,sub-011,ses-01,ses-16,first_to_final,M2_BROADBAND_HIGH_FREQUENCY,240,0.8666666666666667,0.8620689655172413,0.2,0.29411764705882365,0.9259259259259259,0.3333333333333333,0.9666666666666667,0.8333333333333334,0.1333333333333333,0,32,15.999999999999996,0.03333333333333333,0.8333333333333334,116.0,1.0,5.5,0.5352443810901406
ds004444,sub-011,ses-01,ses-16,first_to_final,M3_AMPLITUDE_150,240,1.0,1.0,1.0,1.0,1.0,1.0,1.0,1.0,0.0,0,0,0.0,0.0,1.0,120.0,0.0,0.0,0.0
ds004444,sub-011,ses-01,ses-16,first_to_final,M4_NFSQI_FULL_QUALITY,240,0.2875,0.07065217391304347,0.24669603524229075,-0.1095490429328431,0.1319796954314721,0.3957597173144876,0.12916666666666668,0.6916666666666667,-0.5625,153,18,-67.5,0.23333333333333334,0.05416666666666667,15.500000000000002,6.0,24.5,0.5942939920876291
ds004444,sub-011,ses-16,ses-01,final_to_first,M0_NO_GATE,240,1.0,1.0,1.0,1.0,1.0,1.0,1.0,1.0,0.0,0,0,0.0,0.0,1.0,120.0,0.0,0.0,0.0
ds004444,sub-011,ses-16,ses-01,final_to_first,M1_HIGH_BETA,240,0.36666666666666664,0.2962962962962963,0.13636363636363635,0.07766990291262137,0.45714285714285713,0.24,0.26666666666666666,0.9,-0.6333333333333333,152,0,-76.0,0.1,0.26666666666666666,32.0,6.0,36.0,0.46252413497030753
ds004444,sub-011,ses-16,ses-01,final_to_first,M2_BROADBAND_HIGH_FREQUENCY,240,0.45416666666666666,0.38207547169811323,0.1761006289308176,0.12608405603735814,0.552901023890785,0.2994652406417112,0.3375,0.8833333333333333,-0.5458333333333333,131,0,-65.5,0.11666666666666667,0.3375,40.5,6.0,45.5,0.34767286448273316
ds004444,sub-011,ses-16,ses-01,final_to_first,M3_AMPLITUDE_150,240,1.0,1.0,1.0,1.0,1.0,1.0,1.0,1.0,0.0,0,0,0.0,0.0,1.0,120.0,0.0,0.0,0.0
ds004444,sub-011,ses-16,ses-01,final_to_first,M4_NFSQI_FULL_QUALITY,240,0.44166666666666665,0.04964539007092199,0.4248927038626609,-0.06539455376664685,0.0945945945945946,0.5963855421686747,0.0875,0.5291666666666667,-0.44166666666666665,120,14,-53.0,0.4125,0.029166666666666667,10.5,6.0,15.0,0.3727631133511568
ds004444,sub-012,ses-01,ses-16,first_to_final,M0_NO_GATE,240,1.0,1.0,1.0,1.0,1.0,1.0,1.0,1.0,0.0,0,0,0.0,0.0,1.0,120.0,0.0,0.0,0.0
ds004444,sub-012,ses-01,ses-16,first_to_final,M1_HIGH_BETA,240,0.8708333333333333,0.8675213675213675,0.16216216216216217,0.24665856622114196,0.9290617848970252,0.27906976744186046,0.975,0.8458333333333333,0.12916666666666665,0,31,15.499999999999998,0.025,0.8458333333333333,117.0,0.5,6.0,0.5402031327367751
ds004444,sub-012,ses-01,ses-16,first_to_final,M2_BROADBAND_HIGH_FREQUENCY,240,0.9416666666666667,0.9181286549707602,0.8313253012048193,0.8653846153846153,0.9573170731707317,0.9078947368421053,0.6666666666666666,0.7,-0.033333333333333326,11,3,-3.999999999999999,0.2875,0.6541666666666667,80.0,3.0,38.0,0.09215743330597956
ds004444,sub-012,ses-01,ses-16,first_to_final,M3_AMPLITUDE_150,240,1.0,1.0,1.0,1.0,1.0,1.0,1.0,1.0,0.0,0,0,0.0,0.0,1.0,120.0,0.0,0.0,0.0
ds004444,sub-012,ses-01,ses-16,first_to_final,M4_NFSQI_FULL_QUALITY,240,0.7708333333333334,0.65625,0.5925925925925926,0.537620849096259,0.7924528301886793,0.7441860465116279,0.5291666666666667,0.575,-0.04583333333333328,33,22,-5.499999999999994,0.3333333333333333,0.4375,63.5,4.0,46.5,0.3239740218949568
ds004444,sub-012,ses-16,ses-01,final_to_first,M0_NO_GATE,240,1.0,1.0,1.0,1.0,1.0,1.0,1.0,1.0,0.0,0,0,0.0,0.0,1.0,120.0,0.0,0.0,0.0
ds004444,sub-012,ses-16,ses-01,final_to_first,M1_HIGH_BETA,240,0.7416666666666667,0.6770833333333334,0.43636363636363634,0.456140350877193,0.8074534161490683,0.6075949367088608,0.5416666666666666,0.8,-0.2583333333333334,62,0,-31.00000000000001,0.2,0.5416666666666666,65.0,5.5,43.5,0.3507349915441948
ds004444,sub-012,ses-16,ses-01,final_to_first,M2_BROADBAND_HIGH_FREQUENCY,240,0.9125,0.8670886075949367,0.7961165048543689,0.8153304997801554,0.9288135593220339,0.8864864864864865,0.6208333333333333,0.6083333333333333,0.012500000000000067,9,12,1.500000000000008,0.3416666666666667,0.5708333333333333,74.5,6.0,41.5,0.10524753871143941
ds004444,sub-012,ses-16,ses-01,final_to_first,M3_AMPLITUDE_150,240,1.0,1.0,1.0,1.0,1.0,1.0,1.0,1.0,0.0,0,0,0.0,0.0,1.0,120.0,0.0,0.0,0.0
ds004444,sub-012,ses-16,ses-01,final_to_first,M4_NFSQI_FULL_QUALITY,240,0.7,0.38461538461538464,0.6307692307692307,0.3422154548915112,0.5555555555555556,0.7735849056603774,0.2708333333333333,0.4041666666666667,-0.13333333333333336,52,20,-16.000000000000004,0.5125,0.1875,32.5,6.0,36.5,0.3507349915441948
ds004444,sub-013,ses-01,ses-16,first_to_final,M0_NO_GATE,240,1.0,1.0,1.0,1.0,1.0,1.0,1.0,1.0,0.0,0,0,0.0,0.0,1.0,120.0,0.0,0.0,0.0
ds004444,sub-013,ses-01,ses-16,first_to_final,M1_HIGH_BETA,240,0.95,0.9454545454545454,0.625,0.7428571428571428,0.9719626168224299,0.7692307692307693,0.9166666666666666,0.8666666666666667,0.04999999999999993,0,12,5.999999999999992,0.08333333333333333,0.8666666666666667,110.0,1.0,17.5,0.05284948245436669
ds004444,sub-013,ses-01,ses-16,first_to_final,M2_BROADBAND_HIGH_FREQUENCY,240,0.8708333333333333,0.869198312236287,0.08823529411764706,0.1424619640387283,0.9300225733634312,0.16216216216216217,0.9875,0.8583333333333333,0.12916666666666676,0,31,15.50000000000001,0.0125,0.8583333333333333,118.5,0.5,2.5,0.2786145766339668
ds004444,sub-013,ses-01,ses-16,first_to_final,M3_AMPLITUDE_150,240,1.0,1.0,1.0,1.0,1.0,1.0,1.0,1.0,0.0,0,0,0.0,0.0,1.0,120.0,0.0,0.0,0.0
ds004444,sub-013,ses-01,ses-16,first_to_final,M4_NFSQI_FULL_QUALITY,240,0.32916666666666666,0.15706806282722513,0.23333333333333334,-0.06060606060606069,0.27149321266968324,0.3783783783783784,0.2,0.7208333333333333,-0.5208333333333333,143,18,-62.49999999999999,0.20416666666666666,0.125,24.0,6.0,27.0,0.29954444059644764
ds004444,sub-013,ses-16,ses-01,final_to_first,M0_NO_GATE,240,1.0,1.0,1.0,1.0,1.0,1.0,1.0,1.0,0.0,0,0,0.0,0.0,1.0,120.0,0.0,0.0,0.0
ds004444,sub-013,ses-16,ses-01,final_to_first,M1_HIGH_BETA,240,0.9625,0.9563106796116505,0.7906976744186046,0.8611468243764465,0.9776674937965261,0.8831168831168831,0.8208333333333333,0.8583333333333333,-0.03749999999999998,9,0,-4.499999999999997,0.14166666666666666,0.8208333333333333,98.5,2.0,26.0,0.05019661721366457
ds004444,sub-013,ses-16,ses-01,final_to_first,M2_BROADBAND_HIGH_FREQUENCY,240,0.7541666666666667,0.7177033492822966,0.34444444444444444,0.39641943734015334,0.8356545961002786,0.512396694214876,0.625,0.8708333333333333,-0.24583333333333335,59,0,-29.5,0.12916666666666668,0.625,75.0,3.5,34.5,0.2176938696462204
ds004444,sub-013,ses-16,ses-01,final_to_first,M3_AMPLITUDE_150,240,1.0,1.0,1.0,1.0,1.0,1.0,0.9833333333333333,0.9833333333333333,0.0,0,0,0.0,0.016666666666666666,0.9833333333333333,118.0,1.0,1.5,0.0
ds004444,sub-013,ses-16,ses-01,final_to_first,M4_NFSQI_FULL_QUALITY,240,0.43333333333333335,0.2727272727272727,0.2804232804232804,0.05746462604678028,0.42857142857142855,0.4380165289256198,0.2708333333333333,0.7208333333333333,-0.45,122,14,-54.0,0.22083333333333333,0.2125,32.5,6.0,36.5,0.23049957449624942
ds004444,sub-014,ses-01,ses-16,first_to_final,M0_NO_GATE,240,1.0,1.0,1.0,1.0,1.0,1.0,1.0,1.0,0.0,0,0,0.0,0.0,1.0,120.0,0.0,0.0,0.0
ds004444,sub-014,ses-01,ses-16,first_to_final,M1_HIGH_BETA,240,0.925,0.9162790697674419,0.5813953488372093,0.6951305575158788,0.9563106796116505,0.7352941176470589,0.8958333333333334,0.8208333333333333,0.07500000000000007,0,18,9.000000000000007,0.10416666666666667,0.8208333333333333,107.5,1.5,17.5,0.03342467641001581
ds004444,sub-014,ses-01,ses-16,first_to_final,M2_BROADBAND_HIGH_FREQUENCY,240,0.9333333333333333,0.9238095238095239,0.6521739130434783,0.7519379844961241,0.9603960396039604,0.7894736842105263,0.8083333333333333,0.875,-0.06666666666666665,16,0,-7.999999999999998,0.125,0.8083333333333333,97.0,1.0,31.000000000000004,0.07296880755708976
ds004444,sub-014,ses-01,ses-16,first_to_final,M3_AMPLITUDE_150,240,1.0,1.0,1.0,1.0,1.0,1.0,0.9958333333333333,0.9958333333333333,0.0,0,0,0.0,0.004166666666666667,0.9958333333333333,119.5,0.5,0.5,0.0
ds004444,sub-014,ses-01,ses-16,first_to_final,M4_NFSQI_FULL_QUALITY,240,0.7666666666666667,0.7005347593582888,0.48623853211009177,0.4883897982489533,0.8238993710691824,0.654320987654321,0.7291666666666666,0.5958333333333333,0.1333333333333333,12,44,15.999999999999996,0.22083333333333333,0.5458333333333333,87.5,2.0,37.5,0.12718028346285418
ds004444,sub-014,ses-16,ses-01,final_to_first,M0_NO_GATE,240,1.0,1.0,1.0,1.0,1.0,1.0,1.0,1.0,0.0,0,0,0.0,0.0,1.0,120.0,0.0,0.0,0.0
ds004444,sub-014,ses-16,ses-01,final_to_first,M1_HIGH_BETA,240,0.9458333333333333,0.9353233830845771,0.75,0.8245614035087718,0.9665809768637532,0.8571428571428571,0.7833333333333333,0.8375,-0.054166666666666696,13,0,-6.5000000000000036,0.1625,0.7833333333333333,94.0,1.5,36.5,0.03234360197990321
ds004444,sub-014,ses-16,ses-01,final_to_first,M2_BROADBAND_HIGH_FREQUENCY,240,0.9541666666666667,0.946078431372549,0.7659574468085106,0.8403483309143688,0.9722921914357683,0.8674698795180723,0.85,0.8041666666666667,0.04583333333333328,0,11,5.499999999999994,0.15,0.8041666666666667,102.0,1.5,24.5,0.08241393419761175
ds004444,sub-014,ses-16,ses-01,final_to_first,M3_AMPLITUDE_150,240,1.0,1.0,1.0,1.0,1.0,1.0,0.9125,0.9125,0.0,0,0,0.0,0.0875,0.9125,109.5,2.0,8.0,0.0
ds004444,sub-014,ses-16,ses-01,final_to_first,M4_NFSQI_FULL_QUALITY,240,0.6333333333333333,0.3383458646616541,0.5487179487179488,0.2978256533014162,0.5056179775280899,0.7086092715231788,0.20416666666666666,0.5375,-0.3333333333333333,84,4,-40.0,0.44583333333333336,0.1875,24.5,6.0,27.5,0.14571197356475113
ds004444,sub-015,ses-01,ses-16,first_to_final,M0_NO_GATE,240,1.0,1.0,1.0,1.0,1.0,1.0,1.0,1.0,0.0,0,0,0.0,0.0,1.0,120.0,0.0,0.0,0.0
ds004444,sub-015,ses-01,ses-16,first_to_final,M1_HIGH_BETA,240,0.7583333333333333,0.7542372881355932,0.06451612903225806,0.09280500521376425,0.8599033816425121,0.12121212121212122,0.9833333333333333,0.7416666666666667,0.24166666666666659,0,58,28.99999999999999,0.016666666666666666,0.7416666666666667,118.0,0.5,3.5,0.18206242503381215
ds004444,sub-015,ses-01,ses-16,first_to_final,M2_BROADBAND_HIGH_FREQUENCY,240,0.7541666666666667,0.6878306878306878,0.4636363636363636,0.48358862144420134,0.8150470219435737,0.6335403726708074,0.7875,0.5416666666666666,0.24583333333333335,0,59,29.5,0.2125,0.5416666666666666,94.5,2.0,28.5,0.20237144165864274
ds004444,sub-015,ses-01,ses-16,first_to_final,M3_AMPLITUDE_150,240,1.0,1.0,1.0,1.0,1.0,1.0,0.9541666666666667,0.9541666666666667,0.0,0,0,0.0,0.04583333333333333,0.9541666666666667,114.5,1.0,3.5,0.0
ds004444,sub-015,ses-01,ses-16,first_to_final,M4_NFSQI_FULL_QUALITY,240,0.5875,0.4,0.43103448275862066,0.24743443557582667,0.5714285714285714,0.6024096385542169,0.6375,0.325,0.31249999999999994,12,87,37.49999999999999,0.3125,0.275,76.5,2.0,50.0,0.2368913445523862
ds004444,sub-015,ses-16,ses-01,final_to_first,M0_NO_GATE,240,1.0,1.0,1.0,1.0,1.0,1.0,1.0,1.0,0.0,0,0,0.0,0.0,1.0,120.0,0.0,0.0,0.0
ds004444,sub-015,ses-16,ses-01,final_to_first,M1_HIGH_BETA,240,0.49583333333333335,0.21935483870967742,0.41262135922330095,0.16599655370476743,0.35978835978835977,0.584192439862543,0.14166666666666666,0.6458333333333334,-0.5041666666666667,121,0,-60.5,0.3541666666666667,0.14166666666666666,17.0,6.0,28.5,0.15402099007470302
ds004444,sub-015,ses-16,ses-01,final_to_first,M2_BROADBAND_HIGH_FREQUENCY,240,0.5375,0.12598425196850394,0.5044642857142857,0.11951348492860908,0.22377622377622378,0.6706231454005934,0.06666666666666667,0.5291666666666667,-0.4625,111,0,-55.5,0.4708333333333333,0.06666666666666667,8.0,6.0,14.0,0.16762416277638173
ds004444,sub-015,ses-16,ses-01,final_to_first,M3_AMPLITUDE_150,240,1.0,1.0,1.0,1.0,1.0,1.0,0.8041666666666667,0.8041666666666667,0.0,0,0,0.0,0.19583333333333333,0.8041666666666667,96.5,1.5,11.5,0.0
ds004444,sub-015,ses-16,ses-01,final_to_first,M4_NFSQI_FULL_QUALITY,240,0.6416666666666667,0.0,0.6416666666666667,3.098296812907413e-16,0.0,0.7817258883248731,0.0,0.35833333333333334,-0.35833333333333334,86,0,-43.0,0.6416666666666667,0.0,0.0,6.0,0.0,0.1915215476247947
ds004444,sub-016,ses-01,ses-16,first_to_final,M0_NO_GATE,240,1.0,1.0,1.0,1.0,1.0,1.0,1.0,1.0,0.0,0,0,0.0,0.0,1.0,120.0,0.0,0.0,0.0
ds004444,sub-016,ses-01,ses-16,first_to_final,M1_HIGH_BETA,240,0.9458333333333333,0.9273743016759777,0.8243243243243243,0.866506931370871,0.9623188405797102,0.9037037037037037,0.6916666666666667,0.7458333333333333,-0.054166666666666696,13,0,-6.5000000000000036,0.25416666666666665,0.6916666666666667,83.0,2.0,44.5,0.04168650624348635
ds004444,sub-016,ses-01,ses-16,first_to_final,M2_BROADBAND_HIGH_FREQUENCY,240,0.7375,0.6440677966101694,0.5,0.4649681528662421,0.7835051546391752,0.6666666666666666,0.525,0.6875,-0.16249999999999998,51,12,-19.499999999999996,0.2625,0.475,63.0,4.0,43.5,0.31034292149994125
ds004444,sub-016,ses-01,ses-16,first_to_final,M3_AMPLITUDE_150,240,1.0,1.0,1.0,1.0,1.0,1.0,0.9708333333333333,0.9708333333333333,0.0,0,0,0.0,0.029166666666666667,0.9708333333333333,116.5,1.0,4.0,0.0
ds004444,sub-016,ses-01,ses-16,first_to_final,M4_NFSQI_FULL_QUALITY,240,0.75,0.5488721804511278,0.6407185628742516,0.5024875621890547,0.7087378640776699,0.781021897810219,0.35,0.5083333333333333,-0.15833333333333333,49,11,-19.0,0.44583333333333336,0.30416666666666664,42.0,6.0,46.0,0.3751097713594954
ds004444,sub-016,ses-16,ses-01,final_to_first,M0_NO_GATE,240,1.0,1.0,1.0,1.0,1.0,1.0,1.0,1.0,0.0,0,0,0.0,0.0,1.0,120.0,0.0,0.0,0.0
ds004444,sub-016,ses-16,ses-01,final_to_first,M1_HIGH_BETA,240,0.9541666666666667,0.95,0.6451612903225806,0.7600000000000002,0.9743589743589743,0.7843137254901961,0.9166666666666666,0.8708333333333333,0.04583333333333328,0,11,5.499999999999994,0.08333333333333333,0.8708333333333333,110.0,1.0,16.5,0.043499863578126734
ds004444,sub-016,ses-16,ses-01,final_to_first,M2_BROADBAND_HIGH_FREQUENCY,240,0.30416666666666664,0.10215053763440861,0.24434389140271492,0.04114832535885175,0.18536585365853658,0.3927272727272727,0.08333333333333333,0.7708333333333334,-0.6875,166,1,-82.5,0.225,0.07916666666666666,10.0,6.0,16.0,0.39871984694008333
ds004444,sub-016,ses-16,ses-01,final_to_first,M3_AMPLITUDE_150,240,1.0,1.0,1.0,1.0,1.0,1.0,0.0,0.0,0.0,0,0,0.0,1.0,0.0,0.0,6.0,0.0,0.0
ds004444,sub-016,ses-16,ses-01,final_to_first,M4_NFSQI_FULL_QUALITY,240,0.38333333333333336,0.0,0.38333333333333336,9.001808307771539e-17,0.0,0.5542168674698795,0.0,0.6166666666666667,-0.6166666666666667,148,0,-74.0,0.38333333333333336,0.0,0.0,6.0,0.0,0.4184864188375986
ds004444,sub-017,ses-01,ses-16,first_to_final,M0_NO_GATE,240,1.0,1.0,1.0,1.0,1.0,1.0,1.0,1.0,0.0,0,0,0.0,0.0,1.0,120.0,0.0,0.0,0.0
ds004444,sub-017,ses-01,ses-16,first_to_final,M1_HIGH_BETA,240,0.9333333333333333,0.901840490797546,0.8279569892473119,0.854973940629957,0.9483870967741935,0.9058823529411765,0.6791666666666667,0.6125,0.06666666666666665,0,16,7.999999999999998,0.32083333333333336,0.6125,81.5,5.5,25.0,0.03345259338909788
ds004444,sub-017,ses-01,ses-16,first_to_final,M2_BROADBAND_HIGH_FREQUENCY,240,0.8916666666666667,0.7952755905511811,0.8129496402877698,0.7853161769765363,0.8859649122807017,0.8968253968253969,0.5291666666666667,0.42083333333333334,0.10833333333333334,0,26,13.0,0.4708333333333333,0.42083333333333334,63.5,5.5,34.0,0.5338319566308813
ds004444,sub-017,ses-01,ses-16,first_to_final,M3_AMPLITUDE_150,240,1.0,1.0,1.0,1.0,1.0,1.0,0.6875,0.6875,0.0,0,0,0.0,0.3125,0.6875,82.5,3.5,18.5,0.0
ds004444,sub-017,ses-01,ses-16,first_to_final,M4_NFSQI_FULL_QUALITY,240,0.7791666666666667,0.22058823529411764,0.7644444444444445,0.2401433691756273,0.3614457831325301,0.8664987405541562,0.125,0.22083333333333333,-0.09583333333333333,38,15,-11.5,0.7166666666666667,0.0625,15.0,6.0,21.0,0.03345259338909788
ds004444,sub-017,ses-16,ses-01,final_to_first,M0_NO_GATE,240,1.0,1.0,1.0,1.0,1.0,1.0,1.0,1.0,0.0,0,0,0.0,0.0,1.0,120.0,0.0,0.0,0.0
ds004444,sub-017,ses-16,ses-01,final_to_first,M1_HIGH_BETA,240,0.9583333333333334,0.9425287356321839,0.868421052631579,0.9001996007984033,0.9704142011834319,0.9295774647887324,0.6833333333333333,0.725,-0.04166666666666663,10,0,-4.999999999999996,0.275,0.6833333333333333,82.0,4.0,37.0,0.0323697415857206
ds004444,sub-017,ses-16,ses-01,final_to_first,M2_BROADBAND_HIGH_FREQUENCY,240,0.7291666666666666,0.5608108108108109,0.5859872611464968,0.49468774293858503,0.7186147186147186,0.7389558232931727,0.3458333333333333,0.6166666666666667,-0.27083333333333337,65,0,-32.50000000000001,0.38333333333333336,0.3458333333333333,41.5,6.0,36.5,0.263099534442857
ds004444,sub-017,ses-16,ses-01,final_to_first,M3_AMPLITUDE_150,240,1.0,1.0,1.0,1.0,1.0,1.0,0.9791666666666666,0.9791666666666666,0.0,0,0,0.0,0.020833333333333332,0.9791666666666666,117.5,2.5,1.0,0.0
ds004444,sub-017,ses-16,ses-01,final_to_first,M4_NFSQI_FULL_QUALITY,240,0.6833333333333333,0.2962962962962963,0.6346153846153846,0.2943361188486537,0.45714285714285713,0.7764705882352941,0.15833333333333333,0.425,-0.26666666666666666,70,6,-32.0,0.55,0.13333333333333333,19.0,6.0,27.5,0.0323697415857206
ds004444,sub-018,ses-01,ses-16,first_to_final,M0_NO_GATE,240,1.0,1.0,1.0,1.0,1.0,1.0,1.0,1.0,0.0,0,0,0.0,0.0,1.0,120.0,0.0,0.0,0.0
ds004444,sub-018,ses-01,ses-16,first_to_final,M1_HIGH_BETA,240,0.4375,0.30412371134020616,0.2541436464088398,0.14349159352860316,0.466403162055336,0.4052863436123348,0.24583333333333332,0.8083333333333333,-0.5625,135,0,-67.5,0.19166666666666668,0.24583333333333332,29.5,6.0,40.0,0.21783048262395313
ds004444,sub-018,ses-01,ses-16,first_to_final,M2_BROADBAND_HIGH_FREQUENCY,240,0.3125,0.05714285714285714,0.2826086956521739,0.03178484107579459,0.10810810810810811,0.4406779661016949,0.041666666666666664,0.7291666666666666,-0.6875,165,0,-82.5,0.2708333333333333,0.041666666666666664,5.0,6.0,8.0,0.40147894221791786
ds004444,sub-018,ses-01,ses-16,first_to_final,M3_AMPLITUDE_150,240,1.0,1.0,1.0,1.0,1.0,1.0,1.0,1.0,0.0,0,0,0.0,0.0,1.0,120.0,0.0,0.0,0.0
ds004444,sub-018,ses-01,ses-16,first_to_final,M4_NFSQI_FULL_QUALITY,240,0.4875,0.008064516129032258,0.48535564853556484,0.007797795106211383,0.016,0.6535211267605634,0.004166666666666667,0.5166666666666667,-0.5125000000000001,123,0,-61.50000000000001,0.48333333333333334,0.004166666666666667,0.5,6.0,1.0,0.5837195773492545
ds004444,sub-018,ses-16,ses-01,final_to_first,M0_NO_GATE,240,1.0,1.0,1.0,1.0,1.0,1.0,1.0,1.0,0.0,0,0,0.0,0.0,1.0,120.0,0.0,0.0,0.0
ds004444,sub-018,ses-16,ses-01,final_to_first,M1_HIGH_BETA,240,0.8416666666666667,0.8410041841004184,0.02564102564102564,0.04221802142406982,0.9136363636363637,0.05,0.9958333333333333,0.8375,0.15833333333333333,0,38,19.0,0.004166666666666667,0.8375,119.5,0.5,1.0,0.2784952338141629
ds004444,sub-018,ses-16,ses-01,final_to_first,M2_BROADBAND_HIGH_FREQUENCY,240,0.6041666666666666,0.6008403361344538,0.020618556701030927,0.02447372924867362,0.7506561679790026,0.04040404040404041,0.9916666666666667,0.5958333333333333,0.39583333333333337,0,95,47.50000000000001,0.008333333333333333,0.5958333333333333,119.0,0.5,2.0,0.8415136862336186
ds004444,sub-018,ses-16,ses-01,final_to_first,M3_AMPLITUDE_150,240,1.0,1.0,1.0,1.0,1.0,1.0,1.0,1.0,0.0,0,0,0.0,0.0,1.0,120.0,0.0,0.0,0.0
ds004444,sub-018,ses-16,ses-01,final_to_first,M4_NFSQI_FULL_QUALITY,240,0.49583333333333335,0.047244094488188976,0.4829059829059829,-0.14691943127962054,0.09022556390977443,0.6512968299711815,0.1375,0.4166666666666667,-0.2791666666666667,94,27,-33.5,0.4708333333333333,0.025,16.5,6.0,27.5,0.9991851012307102
ds004444,sub-019,ses-01,ses-16,first_to_final,M0_NO_GATE,240,1.0,1.0,1.0,1.0,1.0,1.0,1.0,1.0,0.0,0,0,0.0,0.0,1.0,120.0,0.0,0.0,0.0
ds004444,sub-019,ses-01,ses-16,first_to_final,M1_HIGH_BETA,240,1.0,1.0,1.0,1.0,1.0,1.0,0.7625,0.7625,0.0,0,0,0.0,0.2375,0.7625,91.5,2.5,31.000000000000004,0.017474029069731035
ds004444,sub-019,ses-01,ses-16,first_to_final,M2_BROADBAND_HIGH_FREQUENCY,240,0.85,0.8348623853211009,0.3793103448275862,0.4810187409899086,0.91,0.55,0.9083333333333333,0.7583333333333333,0.15000000000000002,0,36,18.000000000000004,0.09166666666666666,0.7583333333333333,109.0,1.5,14.5,0.29508854626007175
ds004444,sub-019,ses-01,ses-16,first_to_final,M3_AMPLITUDE_150,240,1.0,1.0,1.0,1.0,1.0,1.0,0.9833333333333333,0.9833333333333333,0.0,0,0,0.0,0.016666666666666666,0.9833333333333333,118.0,0.5,2.0,0.0
ds004444,sub-019,ses-01,ses-16,first_to_final,M4_NFSQI_FULL_QUALITY,240,0.8458333333333333,0.7823529411764706,0.6542056074766355,0.6702317290552585,0.8778877887788779,0.7909604519774012,0.6625,0.6,0.0625,11,26,7.5,0.2916666666666667,0.5541666666666667,79.5,2.5,39.0,0.3561187019365307
ds004444,sub-019,ses-16,ses-01,final_to_first,M0_NO_GATE,240,1.0,1.0,1.0,1.0,1.0,1.0,1.0,1.0,0.0,0,0,0.0,0.0,1.0,120.0,0.0,0.0,0.0
ds004444,sub-019,ses-16,ses-01,final_to_first,M1_HIGH_BETA,240,0.9833333333333333,0.9796954314720813,0.9148936170212766,0.9453240688005466,0.9897435897435898,0.9555555555555556,0.8041666666666667,0.8208333333333333,-0.016666666666666607,4,0,-1.999999999999993,0.17916666666666667,0.8041666666666667,96.5,1.5,28.5,0.01717393129503994
ds004444,sub-019,ses-16,ses-01,final_to_first,M2_BROADBAND_HIGH_FREQUENCY,240,0.6666666666666666,0.5402298850574713,0.4520547945205479,0.392558845861807,0.7014925373134329,0.6226415094339622,0.39166666666666666,0.725,-0.3333333333333333,80,0,-40.0,0.275,0.39166666666666666,47.0,6.0,44.5,0.22566392187372866
ds004444,sub-019,ses-16,ses-01,final_to_first,M3_AMPLITUDE_150,240,1.0,1.0,1.0,1.0,1.0,1.0,1.0,1.0,0.0,0,0,0.0,0.0,1.0,120.0,0.0,0.0,0.0
ds004444,sub-019,ses-16,ses-01,final_to_first,M4_NFSQI_FULL_QUALITY,240,0.6916666666666667,0.5163398692810458,0.5403726708074534,0.43367346938775503,0.6810344827586207,0.7016129032258065,0.3333333333333333,0.6333333333333333,-0.3,73,1,-36.0,0.3625,0.32916666666666666,40.0,6.0,44.5,0.26682611643196
ds004444,sub-020,ses-01,ses-08,first_to_final,M0_NO_GATE,240,1.0,1.0,1.0,1.0,1.0,1.0,1.0,1.0,0.0,0,0,0.0,0.0,1.0,120.0,0.0,0.0,0.0
ds004444,sub-020,ses-01,ses-08,first_to_final,M1_HIGH_BETA,240,0.975,0.970873786407767,0.85,0.9042553191489361,0.9852216748768473,0.918918918918919,0.8583333333333333,0.8333333333333334,0.02499999999999991,0,6,2.9999999999999893,0.14166666666666666,0.8333333333333334,103.0,2.0,18.0,0.013058777967623341
ds004444,sub-020,ses-01,ses-08,first_to_final,M2_BROADBAND_HIGH_FREQUENCY,240,0.8875,0.864321608040201,0.6029411764705882,0.679715302491103,0.9272237196765498,0.7522935779816514,0.7625,0.7833333333333333,-0.02083333333333337,16,11,-2.5000000000000044,0.17083333333333334,0.7166666666666667,91.5,2.5,27.0,0.13220711455374326
ds004444,sub-020,ses-01,ses-08,first_to_final,M3_AMPLITUDE_150,240,1.0,1.0,1.0,1.0,1.0,1.0,0.9458333333333333,0.9458333333333333,0.0,0,0,0.0,0.05416666666666667,0.9458333333333333,113.5,2.5,3.0,0.0
ds004444,sub-020,ses-01,ses-08,first_to_final,M4_NFSQI_FULL_QUALITY,240,0.7375,0.631578947368421,0.5227272727272727,0.4657998869417751,0.7741935483870968,0.6865671641791045,0.6291666666666667,0.5333333333333333,0.09583333333333333,20,43,11.5,0.2875,0.45,75.5,4.0,30.5,0.1402356110258685
ds004444,sub-020,ses-08,ses-01,final_to_first,M0_NO_GATE,240,1.0,1.0,1.0,1.0,1.0,1.0,1.0,1.0,0.0,0,0,0.0,0.0,1.0,120.0,0.0,0.0,0.0
ds004444,sub-020,ses-08,ses-01,final_to_first,M1_HIGH_BETA,240,0.9875,0.9861751152073732,0.8846153846153846,0.9318439984854224,0.9930394431554525,0.9387755102040817,0.8916666666666667,0.9041666666666667,-0.012499999999999956,3,0,-1.4999999999999947,0.09583333333333334,0.8916666666666667,107.0,1.5,20.0,0.012890444514800592
ds004444,sub-020,ses-08,ses-01,final_to_first,M2_BROADBAND_HIGH_FREQUENCY,240,0.8958333333333334,0.8809523809523809,0.5454545454545454,0.6428571428571429,0.9367088607594937,0.7058823529411765,0.8125,0.8333333333333334,-0.02083333333333337,15,10,-2.5000000000000044,0.125,0.7708333333333334,97.5,1.5,26.5,0.15612270550113644
ds004444,sub-020,ses-08,ses-01,final_to_first,M3_AMPLITUDE_150,240,1.0,1.0,1.0,1.0,1.0,1.0,0.9083333333333333,0.9083333333333333,0.0,0,0,0.0,0.09166666666666666,0.9083333333333333,109.0,1.5,8.0,0.0
ds004444,sub-020,ses-08,ses-01,final_to_first,M4_NFSQI_FULL_QUALITY,240,0.7291666666666666,0.6130952380952381,0.5255474452554745,0.4533987386124736,0.7601476014760148,0.6889952153110048,0.5208333333333334,0.6083333333333333,-0.08749999999999991,43,22,-10.49999999999999,0.3,0.42916666666666664,62.50000000000001,3.0,51.5,0.12298827511596373
ds004444,sub-021,ses-01,ses-16,first_to_final,M0_NO_GATE,240,1.0,1.0,1.0,1.0,1.0,1.0,1.0,1.0,0.0,0,0,0.0,0.0,1.0,120.0,0.0,0.0,0.0
ds004444,sub-021,ses-01,ses-16,first_to_final,M1_HIGH_BETA,240,0.975,0.9689119170984456,0.8867924528301887,0.924282258912609,0.9842105263157894,0.94,0.7791666666666667,0.8041666666666667,-0.025000000000000022,6,0,-3.0000000000000027,0.19583333333333333,0.7791666666666667,93.5,1.0,35.0,0.03906227975295003
ds004444,sub-021,ses-01,ses-16,first_to_final,M2_BROADBAND_HIGH_FREQUENCY,240,0.8958333333333334,0.84472049689441,0.7596153846153846,0.7817229336437719,0.9158249158249159,0.8633879781420765,0.5666666666666667,0.6708333333333333,-0.10416666666666663,25,0,-12.499999999999996,0.32916666666666666,0.5666666666666667,68.0,3.5,42.0,0.09520578497749418
ds004444,sub-021,ses-01,ses-16,first_to_final,M3_AMPLITUDE_150,240,1.0,1.0,1.0,1.0,1.0,1.0,1.0,1.0,0.0,0,0,0.0,0.0,1.0,120.0,0.0,0.0,0.0
ds004444,sub-021,ses-01,ses-16,first_to_final,M4_NFSQI_FULL_QUALITY,240,0.7583333333333333,0.5766423357664233,0.639751552795031,0.5123318385650223,0.7314814814814815,0.7803030303030303,0.4666666666666667,0.43333333333333335,0.033333333333333326,25,33,3.999999999999999,0.42916666666666664,0.32916666666666666,56.0,4.0,40.5,0.07504820476667817
ds004444,sub-021,ses-16,ses-01,final_to_first,M0_NO_GATE,240,1.0,1.0,1.0,1.0,1.0,1.0,1.0,1.0,0.0,0,0,0.0,0.0,1.0,120.0,0.0,0.0,0.0
ds004444,sub-021,ses-16,ses-01,final_to_first,M1_HIGH_BETA,240,0.9625,0.9554455445544554,0.8085106382978723,0.8716425005942477,0.9772151898734177,0.8941176470588236,0.8416666666666667,0.8041666666666667,0.03749999999999998,0,9,4.499999999999997,0.15833333333333333,0.8041666666666667,101.0,1.0,27.0,0.04065016798685705
ds004444,sub-021,ses-16,ses-01,final_to_first,M2_BROADBAND_HIGH_FREQUENCY,240,0.9166666666666666,0.8863636363636364,0.7619047619047619,0.8062015503875969,0.9397590361445783,0.8648648648648649,0.7333333333333333,0.65,0.08333333333333326,0,20,9.999999999999991,0.26666666666666666,0.65,88.0,2.5,30.0,0.10577252533937884
ds004444,sub-021,ses-16,ses-01,final_to_first,M3_AMPLITUDE_150,240,1.0,1.0,1.0,1.0,1.0,1.0,0.9625,0.9625,0.0,0,0,0.0,0.0375,0.9625,115.5,1.0,4.5,0.0
ds004444,sub-021,ses-16,ses-01,final_to_first,M4_NFSQI_FULL_QUALITY,240,0.7541666666666667,0.5986394557823129,0.6118421052631579,0.5091514143094842,0.7489361702127659,0.7591836734693878,0.4666666666666667,0.5125,-0.04583333333333328,35,24,-5.499999999999994,0.3875,0.36666666666666664,56.0,3.0,41.0,0.08113742267806187
ds004444,sub-022,ses-01,ses-16,first_to_final,M0_NO_GATE,240,1.0,1.0,1.0,1.0,1.0,1.0,1.0,1.0,0.0,0,0,0.0,0.0,1.0,120.0,0.0,0.0,0.0
ds004444,sub-022,ses-01,ses-16,first_to_final,M1_HIGH_BETA,240,0.9041666666666667,0.902542372881356,0.14814814814814814,0.23588039867109747,0.9487750556792873,0.25806451612903225,0.9833333333333333,0.8875,0.09583333333333333,0,23,11.5,0.016666666666666666,0.8875,118.0,0.5,3.5,0.12875461481537415
ds004444,sub-022,ses-01,ses-16,first_to_final,M2_BROADBAND_HIGH_FREQUENCY,240,0.8958333333333334,0.8893805309734514,0.358974358974359,0.4840041279669762,0.9414519906323185,0.5283018867924528,0.9416666666666667,0.8375,0.10416666666666663,0,25,12.499999999999996,0.058333333333333334,0.8375,113.0,0.5,13.0,0.06240955745829474
ds004444,sub-022,ses-01,ses-16,first_to_final,M3_AMPLITUDE_150,240,1.0,1.0,1.0,1.0,1.0,1.0,0.9958333333333333,0.9958333333333333,0.0,0,0,0.0,0.004166666666666667,0.9958333333333333,119.5,0.5,0.5,0.0
ds004444,sub-022,ses-01,ses-16,first_to_final,M4_NFSQI_FULL_QUALITY,240,0.7583333333333333,0.7184466019417476,0.3695652173913043,0.38379814077025226,0.8361581920903954,0.5396825396825397,0.7875,0.6875,0.09999999999999998,17,41,11.999999999999996,0.14166666666666666,0.6166666666666667,94.5,2.0,32.0,0.12875461481537415
ds004444,sub-022,ses-16,ses-01,final_to_first,M0_NO_GATE,240,1.0,1.0,1.0,1.0,1.0,1.0,1.0,1.0,0.0,0,0,0.0,0.0,1.0,120.0,0.0,0.0,0.0
ds004444,sub-022,ses-16,ses-01,final_to_first,M1_HIGH_BETA,240,0.8458333333333333,0.8348214285714286,0.3018867924528302,0.40258342303552214,0.9099756690997567,0.463768115942029,0.7791666666666667,0.9333333333333333,-0.15416666666666667,37,0,-18.5,0.06666666666666667,0.7791666666666667,93.5,1.5,34.0,0.1140678524148794
ds004444,sub-022,ses-16,ses-01,final_to_first,M2_BROADBAND_HIGH_FREQUENCY,240,0.7708333333333334,0.75,0.26666666666666666,0.33333333333333365,0.8571428571428571,0.42105263157894735,0.6875,0.9166666666666666,-0.22916666666666663,55,0,-27.499999999999996,0.08333333333333333,0.6875,82.5,2.0,46.0,0.05821980096577625
ds004444,sub-022,ses-16,ses-01,final_to_first,M3_AMPLITUDE_150,240,1.0,1.0,1.0,1.0,1.0,1.0,1.0,1.0,0.0,0,0,0.0,0.0,1.0,120.0,0.0,0.0,0.0
ds004444,sub-022,ses-16,ses-01,final_to_first,M4_NFSQI_FULL_QUALITY,240,0.6291666666666667,0.4971751412429379,0.4144736842105263,0.2596700402051851,0.6641509433962264,0.586046511627907,0.49583333333333335,0.6083333333333333,-0.11249999999999993,58,31,-13.499999999999993,0.2625,0.36666666666666664,59.5,3.0,50.5,0.1140678524148794
ds004444,sub-023,ses-01,ses-16,first_to_final,M0_NO_GATE,240,1.0,1.0,1.0,1.0,1.0,1.0,1.0,1.0,0.0,0,0,0.0,0.0,1.0,120.0,0.0,0.0,0.0
ds004444,sub-023,ses-01,ses-16,first_to_final,M1_HIGH_BETA,240,0.9166666666666666,0.9145299145299145,0.23076923076923078,0.34853420195439716,0.9553571428571429,0.375,0.975,0.8916666666666667,0.08333333333333326,0,20,9.999999999999991,0.025,0.8916666666666667,117.0,0.5,5.5,0.2187460680212649
ds004444,sub-023,ses-01,ses-16,first_to_final,M2_BROADBAND_HIGH_FREQUENCY,240,0.9333333333333333,0.9313304721030042,0.30434782608695654,0.44169816807211365,0.9644444444444444,0.4666666666666667,0.9708333333333333,0.9041666666666667,0.06666666666666665,0,16,7.999999999999998,0.029166666666666667,0.9041666666666667,116.5,1.0,4.0,0.2561845602482904
ds004444,sub-023,ses-01,ses-16,first_to_final,M3_AMPLITUDE_150,240,1.0,1.0,1.0,1.0,1.0,1.0,1.0,1.0,0.0,0,0,0.0,0.0,1.0,120.0,0.0,0.0,0.0
ds004444,sub-023,ses-01,ses-16,first_to_final,M4_NFSQI_FULL_QUALITY,240,0.8333333333333334,0.8230088495575221,0.25925925925925924,0.3517017828200971,0.9029126213592233,0.4117647058823529,0.9416666666666667,0.775,0.16666666666666663,0,40,19.999999999999996,0.058333333333333334,0.775,113.0,1.0,9.5,0.2187460680212649
ds004444,sub-023,ses-16,ses-01,final_to_first,M0_NO_GATE,240,1.0,1.0,1.0,1.0,1.0,1.0,1.0,1.0,0.0,0,0,0.0,0.0,1.0,120.0,0.0,0.0,0.0
ds004444,sub-023,ses-16,ses-01,final_to_first,M1_HIGH_BETA,240,0.6041666666666666,0.525,0.2962962962962963,0.2692307692307691,0.6885245901639344,0.45714285714285713,0.4375,0.8333333333333334,-0.39583333333333337,95,0,-47.50000000000001,0.16666666666666666,0.4375,52.5,6.0,40.0,0.1794845323082086
ds004444,sub-023,ses-16,ses-01,final_to_first,M2_BROADBAND_HIGH_FREQUENCY,240,0.7,0.6086956521739131,0.4375,0.4206008583690986,0.7567567567567568,0.6086956521739131,0.4666666666666667,0.7666666666666667,-0.30000000000000004,72,0,-36.00000000000001,0.23333333333333334,0.4666666666666667,56.0,6.0,40.5,0.19578124977498518
ds004444,sub-023,ses-16,ses-01,final_to_first,M3_AMPLITUDE_150,240,1.0,1.0,1.0,1.0,1.0,1.0,0.9458333333333333,0.9458333333333333,0.0,0,0,0.0,0.05416666666666667,0.9458333333333333,113.5,1.5,5.0,0.0
ds004444,sub-023,ses-16,ses-01,final_to_first,M4_NFSQI_FULL_QUALITY,240,0.5083333333333333,0.21333333333333335,0.4326923076923077,0.16901408450704222,0.3516483516483517,0.6040268456375839,0.13333333333333333,0.625,-0.4916666666666667,118,0,-59.0,0.375,0.13333333333333333,16.0,6.0,20.5,0.1794845323082086
ds004444,sub-024,ses-01,ses-16,first_to_final,M0_NO_GATE,240,1.0,1.0,1.0,1.0,1.0,1.0,1.0,1.0,0.0,0,0,0.0,0.0,1.0,120.0,0.0,0.0,0.0
ds004444,sub-024,ses-01,ses-16,first_to_final,M1_HIGH_BETA,240,0.925,0.9246861924686193,0.05263157894736842,0.09281814363712829,0.9608695652173913,0.1,0.9958333333333333,0.9208333333333333,0.07500000000000007,0,18,9.000000000000007,0.004166666666666667,0.9208333333333333,119.5,0.5,1.0,0.3331105037608017
ds004444,sub-024,ses-01,ses-16,first_to_final,M2_BROADBAND_HIGH_FREQUENCY,240,0.9083333333333333,0.8952380952380953,0.5769230769230769,0.681159420289855,0.9447236180904522,0.7317073170731707,0.875,0.7833333333333333,0.09166666666666667,0,22,11.0,0.125,0.7833333333333333,105.0,6.0,12.5,0.2632807293607145
ds004444,sub-024,ses-01,ses-16,first_to_final,M3_AMPLITUDE_150,240,1.0,1.0,1.0,1.0,1.0,1.0,0.9875,0.9875,0.0,0,0,0.0,0.0125,0.9875,118.5,1.0,1.5,0.0
ds004444,sub-024,ses-01,ses-16,first_to_final,M4_NFSQI_FULL_QUALITY,240,0.65,0.5625,0.36363636363636365,0.26256492793913244,0.72,0.5333333333333333,0.5708333333333333,0.6791666666666667,-0.10833333333333339,55,29,-13.000000000000007,0.2,0.45,68.5,6.0,22.0,0.3331105037608017
ds004444,sub-024,ses-16,ses-01,final_to_first,M0_NO_GATE,240,1.0,1.0,1.0,1.0,1.0,1.0,1.0,1.0,0.0,0,0,0.0,0.0,1.0,120.0,0.0,0.0,0.0
ds004444,sub-024,ses-16,ses-01,final_to_first,M1_HIGH_BETA,240,0.5875,0.505,0.28776978417266186,0.2537688442211056,0.6710963455149501,0.44692737430167595,0.42083333333333334,0.8333333333333334,-0.41250000000000003,99,0,-49.50000000000001,0.16666666666666666,0.42083333333333334,50.5,6.0,48.5,0.2498746374145825
ds004444,sub-024,ses-16,ses-01,final_to_first,M2_BROADBAND_HIGH_FREQUENCY,240,0.8166666666666667,0.7708333333333334,0.5217391304347826,0.5721578478243254,0.8705882352941177,0.6857142857142857,0.6208333333333333,0.7958333333333333,-0.17499999999999993,43,1,-20.999999999999993,0.2,0.6166666666666667,74.5,2.0,52.5,0.1730027511503337
ds004444,sub-024,ses-16,ses-01,final_to_first,M3_AMPLITUDE_150,240,1.0,1.0,1.0,1.0,1.0,1.0,0.9916666666666667,0.9916666666666667,0.0,0,0,0.0,0.008333333333333333,0.9916666666666667,119.0,1.0,1.0,0.0
ds004444,sub-024,ses-16,ses-01,final_to_first,M4_NFSQI_FULL_QUALITY,240,0.5708333333333333,0.2642857142857143,0.49261083743842365,0.20144721540250674,0.4180790960451977,0.6600660066006601,0.17916666666666667,0.5583333333333333,-0.37916666666666665,97,6,-45.5,0.4166666666666667,0.15416666666666667,21.5,6.0,32.0,0.2498746374145825
ds004444,sub-025,ses-01,ses-16,first_to_final,M0_NO_GATE,240,1.0,1.0,1.0,1.0,1.0,1.0,1.0,1.0,0.0,0,0,0.0,0.0,1.0,120.0,0.0,0.0,0.0
ds004444,sub-025,ses-01,ses-16,first_to_final,M1_HIGH_BETA,240,0.8041666666666667,0.780373831775701,0.3561643835616438,0.4349829693448208,0.8766404199475065,0.5252525252525253,0.6958333333333333,0.8916666666666667,-0.19583333333333341,47,0,-23.50000000000001,0.10833333333333334,0.6958333333333333,83.5,2.5,39.0,0.2618984653163802
ds004444,sub-025,ses-01,ses-16,first_to_final,M2_BROADBAND_HIGH_FREQUENCY,240,0.8041666666666667,0.7911111111111111,0.24193548387096775,0.32129963898916986,0.8833746898263027,0.38961038961038963,0.7416666666666667,0.9375,-0.1958333333333333,47,0,-23.499999999999996,0.0625,0.7416666666666667,89.0,2.0,31.5,0.17264519350328766
ds004444,sub-025,ses-01,ses-16,first_to_final,M3_AMPLITUDE_150,240,1.0,1.0,1.0,1.0,1.0,1.0,1.0,1.0,0.0,0,0,0.0,0.0,1.0,120.0,0.0,0.0,0.0
ds004444,sub-025,ses-01,ses-16,first_to_final,M4_NFSQI_FULL_QUALITY,240,0.6041666666666666,0.5,0.3448275862068966,0.2818445256394103,0.6666666666666666,0.5128205128205128,0.4083333333333333,0.7791666666666667,-0.37083333333333335,92,3,-44.5,0.20833333333333334,0.3958333333333333,49.0,5.5,41.5,0.26816832555553227
ds004444,sub-025,ses-16,ses-01,final_to_first,M0_NO_GATE,240,1.0,1.0,1.0,1.0,1.0,1.0,1.0,1.0,0.0,0,0,0.0,0.0,1.0,120.0,0.0,0.0,0.0
ds004444,sub-025,ses-16,ses-01,final_to_first,M1_HIGH_BETA,240,0.8375,0.8311688311688312,0.1875,0.2696629213483148,0.9078014184397163,0.3157894736842105,0.9625,0.8,0.16249999999999998,0,39,19.499999999999996,0.0375,0.8,115.5,1.5,7.0,0.3548271518343889
ds004444,sub-025,ses-16,ses-01,final_to_first,M2_BROADBAND_HIGH_FREQUENCY,240,0.8708333333333333,0.8609865470852018,0.3541666666666667,0.4673539518900343,0.9253012048192771,0.5230769230769231,0.9291666666666667,0.8,0.12916666666666665,0,31,15.499999999999998,0.07083333333333333,0.8,111.5,1.0,15.0,0.22500067416982406
ds004444,sub-025,ses-16,ses-01,final_to_first,M3_AMPLITUDE_150,240,1.0,1.0,1.0,1.0,1.0,1.0,1.0,1.0,0.0,0,0,0.0,0.0,1.0,120.0,0.0,0.0,0.0
ds004444,sub-025,ses-16,ses-01,final_to_first,M4_NFSQI_FULL_QUALITY,240,0.725,0.6842105263157895,0.31958762886597936,0.34889838868793166,0.8125,0.484375,0.8583333333333333,0.6083333333333333,0.25,3,63,30.0,0.12916666666666668,0.5958333333333333,103.0,1.5,26.0,0.36643443420114113
ds004444,sub-026,ses-01,ses-16,first_to_final,M0_NO_GATE,240,1.0,1.0,1.0,1.0,1.0,1.0,1.0,1.0,0.0,0,0,0.0,0.0,1.0,120.0,0.0,0.0,0.0
ds004444,sub-026,ses-01,ses-16,first_to_final,M1_HIGH_BETA,240,0.8416666666666667,0.8396624472573839,0.07317073170731707,0.11576497963932529,0.9128440366972477,0.13636363636363635,0.9875,0.8291666666666667,0.15833333333333333,0,38,19.0,0.0125,0.8291666666666667,118.5,0.5,3.0,0.3176312773217662
ds004444,sub-026,ses-01,ses-16,first_to_final,M2_BROADBAND_HIGH_FREQUENCY,240,0.9125,0.90625,0.43243243243243246,0.5631067961165045,0.9508196721311475,0.6037735849056604,0.9333333333333333,0.8458333333333333,0.08750000000000002,0,21,10.500000000000004,0.06666666666666667,0.8458333333333333,112.0,1.0,12.5,0.17874968059454013
ds004444,sub-026,ses-01,ses-16,first_to_final,M3_AMPLITUDE_150,240,1.0,1.0,1.0,1.0,1.0,1.0,0.9041666666666667,0.9041666666666667,0.0,0,0,0.0,0.09583333333333334,0.9041666666666667,108.5,2.5,9.0,0.0
ds004444,sub-026,ses-01,ses-16,first_to_final,M4_NFSQI_FULL_QUALITY,240,0.55,0.38285714285714284,0.37572254335260113,0.12920782100382996,0.5537190082644629,0.5462184873949579,0.4125,0.5958333333333333,-0.18333333333333335,76,32,-22.0,0.2708333333333333,0.2791666666666667,49.5,6.0,40.5,0.3176312773217662
ds004444,sub-026,ses-16,ses-01,final_to_first,M0_NO_GATE,240,1.0,1.0,1.0,1.0,1.0,1.0,1.0,1.0,0.0,0,0,0.0,0.0,1.0,120.0,0.0,0.0,0.0
ds004444,sub-026,ses-16,ses-01,final_to_first,M1_HIGH_BETA,240,0.5916666666666667,0.5196078431372549,0.26865671641791045,0.24499229583975354,0.6838709677419355,0.4235294117647059,0.44166666666666665,0.85,-0.4083333333333333,98,0,-49.0,0.15,0.44166666666666665,53.0,3.5,49.0,0.2410623387503274
ds004444,sub-026,ses-16,ses-01,final_to_first,M2_BROADBAND_HIGH_FREQUENCY,240,0.7583333333333333,0.639751552795031,0.5766423357664233,0.5389812545538848,0.7803030303030303,0.7314814814814815,0.42916666666666664,0.6708333333333333,-0.24166666666666664,58,0,-28.999999999999996,0.32916666666666666,0.42916666666666664,51.5,4.5,52.5,0.15029831569841304
ds004444,sub-026,ses-16,ses-01,final_to_first,M3_AMPLITUDE_150,240,1.0,1.0,1.0,1.0,1.0,1.0,0.9958333333333333,0.9958333333333333,0.0,0,0,0.0,0.004166666666666667,0.9958333333333333,119.5,0.5,0.5,0.0
ds004444,sub-026,ses-16,ses-01,final_to_first,M4_NFSQI_FULL_QUALITY,240,0.6333333333333333,0.2786885245901639,0.5728155339805825,0.23433874709976796,0.4358974358974359,0.7283950617283951,0.18333333333333332,0.4666666666666667,-0.2833333333333333,78,10,-34.0,0.49166666666666664,0.14166666666666666,22.0,5.5,30.5,0.2410623387503274
ds004444,sub-027,ses-01,ses-16,first_to_final,M0_NO_GATE,240,1.0,1.0,1.0,1.0,1.0,1.0,1.0,1.0,0.0,0,0,0.0,0.0,1.0,120.0,0.0,0.0,0.0
ds004444,sub-027,ses-01,ses-16,first_to_final,M1_HIGH_BETA,240,0.8166666666666667,0.7981651376146789,0.3333333333333333,0.4202898550724636,0.8877551020408163,0.5,0.9083333333333333,0.725,0.18333333333333335,0,44,22.0,0.09166666666666666,0.725,109.0,1.0,20.0,0.12292089031349832
ds004444,sub-027,ses-01,ses-16,first_to_final,M2_BROADBAND_HIGH_FREQUENCY,240,0.5666666666666667,0.21804511278195488,0.5071090047393365,0.1991272540589103,0.35802469135802467,0.6729559748427673,0.12083333333333333,0.5541666666666667,-0.43333333333333335,104,0,-52.0,0.44583333333333336,0.12083333333333333,14.5,6.0,23.0,0.12464635935647514
ds004444,sub-027,ses-01,ses-16,first_to_final,M3_AMPLITUDE_150,240,1.0,1.0,1.0,1.0,1.0,1.0,0.0,0.0,0.0,0,0,0.0,1.0,0.0,0.0,6.0,0.0,0.0
ds004444,sub-027,ses-01,ses-16,first_to_final,M4_NFSQI_FULL_QUALITY,240,0.6083333333333333,0.0,0.6083333333333333,-2.834611977766358e-16,0.0,0.7564766839378239,0.0,0.39166666666666666,-0.39166666666666666,94,0,-47.0,0.6083333333333333,0.0,0.0,6.0,0.0,0.24268022514623436
ds004444,sub-027,ses-16,ses-01,final_to_first,M0_NO_GATE,240,1.0,1.0,1.0,1.0,1.0,1.0,1.0,1.0,0.0,0,0,0.0,0.0,1.0,120.0,0.0,0.0,0.0
ds004444,sub-027,ses-16,ses-01,final_to_first,M1_HIGH_BETA,240,0.8083333333333333,0.7566137566137566,0.5257731958762887,0.5691875439007259,0.8614457831325302,0.6891891891891891,0.5958333333333333,0.7875,-0.19166666666666665,46,0,-23.0,0.2125,0.5958333333333333,71.5,2.5,49.0,0.10946531618908713
ds004444,sub-027,ses-16,ses-01,final_to_first,M2_BROADBAND_HIGH_FREQUENCY,240,0.95,0.925,0.8695652173913043,0.8914763735021478,0.961038961038961,0.9302325581395349,0.6625,0.6208333333333333,0.04166666666666663,1,11,4.999999999999996,0.3333333333333333,0.6166666666666667,79.5,3.5,26.5,0.16350761539203654
ds004444,sub-027,ses-16,ses-01,final_to_first,M3_AMPLITUDE_150,240,1.0,1.0,1.0,1.0,1.0,1.0,0.9916666666666667,0.9916666666666667,0.0,0,0,0.0,0.008333333333333333,0.9916666666666667,119.0,1.0,1.0,0.0
ds004444,sub-027,ses-16,ses-01,final_to_first,M4_NFSQI_FULL_QUALITY,240,0.8291666666666667,0.6771653543307087,0.7337662337662337,0.6577153193265619,0.8075117370892019,0.846441947565543,0.39166666666666666,0.49583333333333335,-0.10416666666666669,33,8,-12.500000000000002,0.4708333333333333,0.35833333333333334,47.0,6.0,42.5,0.28353627724118224
ds004444,sub-028,ses-01,ses-16,first_to_final,M0_NO_GATE,240,1.0,1.0,1.0,1.0,1.0,1.0,1.0,1.0,0.0,0,0,0.0,0.0,1.0,120.0,0.0,0.0,0.0
ds004444,sub-028,ses-01,ses-16,first_to_final,M1_HIGH_BETA,240,0.7916666666666666,0.7641509433962265,0.358974358974359,0.4305239179954439,0.8663101604278075,0.5283018867924528,0.675,0.8833333333333333,-0.20833333333333326,50,0,-24.999999999999993,0.11666666666666667,0.675,81.0,3.0,43.0,0.20990906471953052
ds004444,sub-028,ses-01,ses-16,first_to_final,M2_BROADBAND_HIGH_FREQUENCY,240,0.19166666666666668,0.0,0.19166666666666668,3.433679457603577e-17,0.0,0.32167832167832167,0.0,0.8083333333333333,-0.8083333333333333,194,0,-97.0,0.19166666666666668,0.0,0.0,6.0,0.0,0.5713894333761774
ds004444,sub-028,ses-01,ses-16,first_to_final,M3_AMPLITUDE_150,240,1.0,1.0,1.0,1.0,1.0,1.0,0.0,0.0,0.0,0,0,0.0,1.0,0.0,0.0,6.0,0.0,0.0
ds004444,sub-028,ses-01,ses-16,first_to_final,M4_NFSQI_FULL_QUALITY,240,0.4083333333333333,0.0,0.4083333333333333,0.0,0.0,0.5798816568047337,0.0,0.5916666666666667,-0.5916666666666667,142,0,-71.0,0.4083333333333333,0.0,0.0,6.0,0.0,0.3457909026268096
ds004444,sub-028,ses-16,ses-01,final_to_first,M0_NO_GATE,240,1.0,1.0,1.0,1.0,1.0,1.0,1.0,1.0,0.0,0,0,0.0,0.0,1.0,120.0,0.0,0.0,0.0
ds004444,sub-028,ses-16,ses-01,final_to_first,M1_HIGH_BETA,240,0.9291666666666667,0.9273504273504274,0.2608695652173913,0.3895870736086175,0.9623059866962306,0.41379310344827586,0.975,0.9041666666666667,0.0708333333333333,0,17,8.499999999999996,0.025,0.9041666666666667,117.0,0.5,5.5,0.2656770953143719
ds004444,sub-028,ses-16,ses-01,final_to_first,M2_BROADBAND_HIGH_FREQUENCY,240,0.8458333333333333,0.8377192982456141,0.24489795918367346,0.3404634581105169,0.9116945107398569,0.39344262295081966,0.95,0.7958333333333333,0.15416666666666667,0,37,18.5,0.05,0.7958333333333333,114.0,1.0,8.0,2.2271897984955813
ds004444,sub-028,ses-16,ses-01,final_to_first,M3_AMPLITUDE_150,240,1.0,1.0,1.0,1.0,1.0,1.0,0.0,0.0,0.0,0,0,0.0,1.0,0.0,0.0,6.0,0.0,0.0
ds004444,sub-028,ses-16,ses-01,final_to_first,M4_NFSQI_FULL_QUALITY,240,0.575,0.5024390243902439,0.25547445255474455,0.07608695652173897,0.6688311688311688,0.4069767441860465,0.6333333333333333,0.65,-0.01666666666666672,53,49,-2.000000000000006,0.14583333333333334,0.42916666666666664,76.0,3.5,43.0,0.5285632743647936
ds004444,sub-029,ses-01,ses-16,first_to_final,M0_NO_GATE,240,1.0,1.0,1.0,1.0,1.0,1.0,1.0,1.0,0.0,0,0,0.0,0.0,1.0,120.0,0.0,0.0,0.0
ds004444,sub-029,ses-01,ses-16,first_to_final,M1_HIGH_BETA,240,0.9333333333333333,0.9324894514767933,0.15789473684210525,0.2566782810685254,0.9650655021834061,0.2727272727272727,0.9875,0.9208333333333333,0.06666666666666676,0,16,8.00000000000001,0.0125,0.9208333333333333,118.5,1.0,2.0,0.10434167956545105
ds004444,sub-029,ses-01,ses-16,first_to_final,M2_BROADBAND_HIGH_FREQUENCY,240,0.9458333333333333,0.9446808510638298,0.2777777777777778,0.41573033707865104,0.9715536105032823,0.43478260869565216,0.9791666666666666,0.925,0.054166666666666585,0,13,6.49999999999999,0.020833333333333332,0.925,117.5,0.5,4.5,2.4433094416027314
ds004444,sub-029,ses-01,ses-16,first_to_final,M3_AMPLITUDE_150,240,1.0,1.0,1.0,1.0,1.0,1.0,0.9625,0.9625,0.0,0,0,0.0,0.0375,0.9625,115.5,0.5,4.5,0.0
ds004444,sub-029,ses-01,ses-16,first_to_final,M4_NFSQI_FULL_QUALITY,240,0.8958333333333334,0.8931623931623932,0.1935483870967742,0.2947813822284916,0.9435665914221218,0.32432432432432434,0.975,0.8708333333333333,0.10416666666666663,0,25,12.499999999999996,0.025,0.8708333333333333,117.0,1.0,4.5,0.5573585905126958
ds004444,sub-029,ses-16,ses-01,final_to_first,M0_NO_GATE,240,1.0,1.0,1.0,1.0,1.0,1.0,1.0,1.0,0.0,0,0,0.0,0.0,1.0,120.0,0.0,0.0,0.0
ds004444,sub-029,ses-16,ses-01,final_to_first,M1_HIGH_BETA,240,0.7541666666666667,0.7434782608695653,0.14492753623188406,0.19453924914675755,0.8528678304239401,0.25316455696202533,0.7125,0.9583333333333334,-0.24583333333333335,59,0,-29.5,0.041666666666666664,0.7125,85.5,2.0,39.0,0.09448314909793916
ds004444,sub-029,ses-16,ses-01,final_to_first,M2_BROADBAND_HIGH_FREQUENCY,240,0.8541666666666666,0.8464912280701754,0.2553191489361702,0.3554327808471455,0.9168646080760094,0.4067796610169492,0.8041666666666667,0.95,-0.14583333333333326,35,0,-17.499999999999993,0.05,0.8041666666666667,96.5,4.5,26.0,0.448126571137397
ds004444,sub-029,ses-16,ses-01,final_to_first,M3_AMPLITUDE_150,240,1.0,1.0,1.0,1.0,1.0,1.0,0.9958333333333333,0.9958333333333333,0.0,0,0,0.0,0.004166666666666667,0.9958333333333333,119.5,0.5,0.5,0.0
ds004444,sub-029,ses-16,ses-01,final_to_first,M4_NFSQI_FULL_QUALITY,240,0.6875,0.647887323943662,0.2647058823529412,0.2927864214992928,0.7863247863247863,0.4186046511627907,0.575,0.8875,-0.3125,75,0,-37.5,0.1125,0.575,69.0,5.5,43.0,0.35788712625857644
ds004444,sub-030,ses-01,ses-16,first_to_final,M0_NO_GATE,240,1.0,1.0,1.0,1.0,1.0,1.0,1.0,1.0,0.0,0,0,0.0,0.0,1.0,120.0,0.0,0.0,0.0
ds004444,sub-030,ses-01,ses-16,first_to_final,M1_HIGH_BETA,240,0.7291666666666666,0.7018348623853211,0.25287356321839083,0.30145083288554547,0.8247978436657682,0.4036697247706422,0.6375,0.9083333333333333,-0.27083333333333337,65,0,-32.50000000000001,0.09166666666666666,0.6375,76.5,3.5,43.5,0.1261920497740272
ds004444,sub-030,ses-01,ses-16,first_to_final,M2_BROADBAND_HIGH_FREQUENCY,240,0.35,0.2909090909090909,0.11363636363636363,0.06399999999999993,0.4507042253521127,0.20408163265306123,0.26666666666666666,0.9166666666666666,-0.6499999999999999,156,0,-77.99999999999999,0.08333333333333333,0.26666666666666666,32.0,6.0,37.0,0.3060023118288815
ds004444,sub-030,ses-01,ses-16,first_to_final,M3_AMPLITUDE_150,240,1.0,1.0,1.0,1.0,1.0,1.0,0.0,0.0,0.0,0,0,0.0,1.0,0.0,0.0,6.0,0.0,0.0
ds004444,sub-030,ses-01,ses-16,first_to_final,M4_NFSQI_FULL_QUALITY,240,0.26666666666666666,0.08333333333333333,0.21428571428571427,0.035087719298245654,0.15384615384615385,0.35294117647058826,0.06666666666666667,0.8,-0.7333333333333334,176,0,-88.0,0.2,0.06666666666666667,8.0,6.0,14.0,0.35318401806376565
ds004444,sub-030,ses-16,ses-01,final_to_first,M0_NO_GATE,240,1.0,1.0,1.0,1.0,1.0,1.0,1.0,1.0,0.0,0,0,0.0,0.0,1.0,120.0,0.0,0.0,0.0
ds004444,sub-030,ses-16,ses-01,final_to_first,M1_HIGH_BETA,240,0.8291666666666667,0.8247863247863247,0.1276595744680851,0.1905231984205334,0.9039812646370023,0.22641509433962265,0.975,0.8041666666666667,0.17083333333333328,0,41,20.499999999999993,0.025,0.8041666666666667,117.0,0.5,6.0,0.14441622983791014
ds004444,sub-030,ses-16,ses-01,final_to_first,M2_BROADBAND_HIGH_FREQUENCY,240,0.7916666666666666,0.7890295358649789,0.05660377358490566,0.0855052583447638,0.8820754716981132,0.10714285714285714,0.9875,0.7791666666666667,0.20833333333333337,0,50,25.000000000000004,0.0125,0.7791666666666667,118.5,1.0,1.5,0.4658489642082105
ds004444,sub-030,ses-16,ses-01,final_to_first,M3_AMPLITUDE_150,240,1.0,1.0,1.0,1.0,1.0,1.0,0.7625,0.7625,0.0,0,0,0.0,0.2375,0.7625,91.5,3.5,18.5,0.0
ds004444,sub-030,ses-16,ses-01,final_to_first,M4_NFSQI_FULL_QUALITY,240,0.6416666666666667,0.6055045871559633,0.2037037037037037,0.16342412451361904,0.7542857142857143,0.3384615384615385,0.8583333333333333,0.6,0.2583333333333333,12,74,30.999999999999996,0.09166666666666666,0.55,103.0,1.0,27.5,0.5460347733006138
ds004446,sub-004,ses-01,ses-08,first_to_final,M0_NO_GATE,280,1.0,1.0,1.0,1.0,1.0,1.0,1.0,1.0,0.0,0,0,0.0,0.0,1.0,120.0,0.0,0.0,0.0
ds004446,sub-004,ses-01,ses-08,first_to_final,M1_HIGH_BETA,280,0.8357142857142857,0.828996282527881,0.19298245614035087,0.2758349263465647,0.9065040650406504,0.3235294117647059,0.7964285714285714,0.9607142857142857,-0.16428571428571437,46,0,-19.714285714285722,0.039285714285714285,0.7964285714285714,95.57142857142857,2.0,39.857142857142854,0.1365914314090168
ds004446,sub-004,ses-01,ses-08,first_to_final,M2_BROADBAND_HIGH_FREQUENCY,280,0.7535714285714286,0.6905829596412556,0.4523809523809524,0.47608200455580857,0.8169761273209549,0.6229508196721312,0.55,0.7964285714285714,-0.24642857142857133,69,0,-29.57142857142856,0.20357142857142857,0.55,66.0,4.0,49.285714285714285,0.17352442907047386
ds004446,sub-004,ses-01,ses-08,first_to_final,M3_AMPLITUDE_150,280,1.0,1.0,1.0,1.0,1.0,1.0,0.9857142857142858,0.9857142857142858,0.0,0,0,0.0,0.014285714285714285,0.9857142857142858,118.28571428571429,1.0,1.2857142857142858,0.0
ds004446,sub-004,ses-01,ses-08,first_to_final,M4_NFSQI_FULL_QUALITY,280,0.65,0.5311004784688995,0.42011834319526625,0.3648442201749919,0.69375,0.5916666666666667,0.3964285714285714,0.7464285714285714,-0.35000000000000003,98,0,-42.00000000000001,0.25357142857142856,0.3964285714285714,47.57142857142857,4.0,42.42857142857143,0.1365914314090168
ds004446,sub-004,ses-08,ses-01,final_to_first,M0_NO_GATE,280,1.0,1.0,1.0,1.0,1.0,1.0,1.0,1.0,0.0,0,0,0.0,0.0,1.0,120.0,0.0,0.0,0.0
ds004446,sub-004,ses-08,ses-01,final_to_first,M1_HIGH_BETA,280,0.85,0.8438661710037175,0.20754716981132076,0.2980780709084399,0.9153225806451613,0.34375,0.9607142857142857,0.8107142857142857,0.15000000000000002,0,42,18.000000000000004,0.039285714285714285,0.8107142857142857,115.28571428571429,0.5,9.0,0.15820022684269114
ds004446,sub-004,ses-08,ses-01,final_to_first,M2_BROADBAND_HIGH_FREQUENCY,280,0.8428571428571429,0.8204081632653061,0.4430379746835443,0.5331564986737399,0.9013452914798207,0.6140350877192983,0.875,0.7178571428571429,0.15714285714285714,0,44,18.857142857142858,0.125,0.7178571428571429,105.0,1.0,26.57142857142857,0.233824822446978
ds004446,sub-004,ses-08,ses-01,final_to_first,M3_AMPLITUDE_150,280,1.0,1.0,1.0,1.0,1.0,1.0,0.9928571428571429,0.9928571428571429,0.0,0,0,0.0,0.007142857142857143,0.9928571428571429,119.14285714285714,1.0,0.42857142857142855,0.0
ds004446,sub-004,ses-08,ses-01,final_to_first,M4_NFSQI_FULL_QUALITY,280,0.7642857142857142,0.7013574660633484,0.472,0.4956331877729256,0.824468085106383,0.6413043478260869,0.7857142857142857,0.5571428571428572,0.22857142857142854,1,65,27.428571428571423,0.21071428571428572,0.5535714285714286,94.28571428571428,1.5,35.57142857142857,0.15820022684269114
ds004446,sub-005,ses-01,ses-08,first_to_final,M0_NO_GATE,280,1.0,1.0,1.0,1.0,1.0,1.0,1.0,1.0,0.0,0,0,0.0,0.0,1.0,120.0,0.0,0.0,0.0
ds004446,sub-005,ses-01,ses-08,first_to_final,M1_HIGH_BETA,280,0.9964285714285714,0.9963503649635036,0.8571428571428571,0.9212598425196854,0.9981718464351006,0.9230769230769231,0.975,0.9785714285714285,-0.0035714285714285587,1,0,-0.42857142857142705,0.02142857142857143,0.975,117.0,0.5,6.0,0.015774663711002012
ds004446,sub-005,ses-01,ses-08,first_to_final,M2_BROADBAND_HIGH_FREQUENCY,280,0.9535714285714286,0.950381679389313,0.5806451612903226,0.7112027927642022,0.974559686888454,0.7346938775510204,0.9357142857142857,0.8892857142857142,0.046428571428571486,0,13,5.571428571428578,0.06428571428571428,0.8892857142857142,112.28571428571429,1.5,13.714285714285714,0.0980001372640678
ds004446,sub-005,ses-01,ses-08,first_to_final,M3_AMPLITUDE_150,280,1.0,1.0,1.0,1.0,1.0,1.0,1.0,1.0,0.0,0,0,0.0,0.0,1.0,120.0,0.0,0.0,0.0
ds004446,sub-005,ses-01,ses-08,first_to_final,M4_NFSQI_FULL_QUALITY,280,0.8964285714285715,0.8849206349206349,0.49122807017543857,0.5982584603206016,0.9389473684210526,0.6588235294117647,0.8607142857142858,0.8357142857142857,0.025000000000000022,11,18,3.0000000000000027,0.1,0.7964285714285714,103.28571428571429,1.5,25.71428571428571,0.0946534456625699
ds004446,sub-005,ses-08,ses-01,final_to_first,M0_NO_GATE,280,1.0,1.0,1.0,1.0,1.0,1.0,1.0,1.0,0.0,0,0,0.0,0.0,1.0,120.0,0.0,0.0,0.0
ds004446,sub-005,ses-08,ses-01,final_to_first,M1_HIGH_BETA,280,0.9964285714285714,0.9959839357429718,0.96875,0.9821154828819623,0.9979879275653923,0.9841269841269841,0.8892857142857142,0.8857142857142857,0.0035714285714285587,0,1,0.42857142857142705,0.11071428571428571,0.8857142857142857,106.71428571428571,1.0,22.714285714285715,0.016027492007551915
ds004446,sub-005,ses-08,ses-01,final_to_first,M2_BROADBAND_HIGH_FREQUENCY,280,0.9464285714285714,0.9315068493150684,0.8026315789473685,0.8556105610561056,0.9645390070921985,0.8905109489051095,0.7285714285714285,0.7821428571428571,-0.0535714285714286,15,0,-6.428571428571432,0.21785714285714286,0.7285714285714285,87.42857142857143,2.0,43.285714285714285,0.08749384142809978
ds004446,sub-005,ses-08,ses-01,final_to_first,M3_AMPLITUDE_150,280,1.0,1.0,1.0,1.0,1.0,1.0,0.9392857142857143,0.9392857142857143,0.0,0,0,0.0,0.060714285714285714,0.9392857142857143,112.71428571428571,1.5,6.0,0.0
ds004446,sub-005,ses-08,ses-01,final_to_first,M4_NFSQI_FULL_QUALITY,280,0.9035714285714286,0.8622448979591837,0.7567567567567568,0.7879263913824057,0.9260273972602739,0.8615384615384616,0.6321428571428571,0.6714285714285714,-0.03928571428571426,19,8,-4.714285714285711,0.3,0.6035714285714285,75.85714285714286,2.5,46.285714285714285,0.08646886924589932
ds004446,sub-012,ses-01,ses-08,first_to_final,M0_NO_GATE,280,1.0,1.0,1.0,1.0,1.0,1.0,1.0,1.0,0.0,0,0,0.0,0.0,1.0,120.0,0.0,0.0,0.0
ds004446,sub-012,ses-01,ses-08,first_to_final,M1_HIGH_BETA,280,0.8785714285714286,0.8781362007168458,0.02857142857142857,0.04895104895104961,0.9351145038167938,0.05555555555555555,0.9964285714285714,0.875,0.12142857142857144,0,34,14.571428571428573,0.0035714285714285713,0.875,119.57142857142857,0.5,0.42857142857142855,0.2585281650044601
ds004446,sub-012,ses-01,ses-08,first_to_final,M2_BROADBAND_HIGH_FREQUENCY,280,0.9321428571428572,0.9266409266409267,0.525,0.6530133055048265,0.9619238476953907,0.6885245901639344,0.9178571428571428,0.8642857142857143,0.05357142857142849,2,17,6.428571428571419,0.075,0.8571428571428571,110.14285714285714,2.5,13.714285714285714,0.14697301402800753
ds004446,sub-012,ses-01,ses-08,first_to_final,M3_AMPLITUDE_150,280,1.0,1.0,1.0,1.0,1.0,1.0,1.0,1.0,0.0,0,0,0.0,0.0,1.0,120.0,0.0,0.0,0.0
ds004446,sub-012,ses-01,ses-08,first_to_final,M4_NFSQI_FULL_QUALITY,280,0.8178571428571428,0.7984189723320159,0.34615384615384615,0.42861715749039697,0.8879120879120879,0.5142857142857142,0.8964285714285715,0.7285714285714285,0.16785714285714293,2,49,20.142857142857153,0.09642857142857143,0.7214285714285714,107.57142857142857,2.5,18.42857142857143,0.2585281650044601
ds004446,sub-012,ses-08,ses-01,final_to_first,M0_NO_GATE,280,1.0,1.0,1.0,1.0,1.0,1.0,1.0,1.0,0.0,0,0,0.0,0.0,1.0,120.0,0.0,0.0,0.0
ds004446,sub-012,ses-08,ses-01,final_to_first,M1_HIGH_BETA,280,0.6928571428571428,0.6573705179282868,0.25217391304347825,0.2843982169390785,0.7932692307692307,0.4027777777777778,0.5892857142857143,0.8964285714285715,-0.30714285714285716,86,0,-36.85714285714286,0.10357142857142858,0.5892857142857143,70.71428571428572,7.0,48.0,0.20542104038135997
ds004446,sub-012,ses-08,ses-01,final_to_first,M2_BROADBAND_HIGH_FREQUENCY,280,0.6,0.5313807531380753,0.2679738562091503,0.24929381912194182,0.6939890710382514,0.422680412371134,0.45357142857142857,0.8535714285714285,-0.39999999999999997,112,0,-47.99999999999999,0.14642857142857144,0.45357142857142857,54.42857142857143,5.5,49.714285714285715,0.11680251576584817
ds004446,sub-012,ses-08,ses-01,final_to_first,M3_AMPLITUDE_150,280,1.0,1.0,1.0,1.0,1.0,1.0,0.9964285714285714,0.9964285714285714,0.0,0,0,0.0,0.0035714285714285713,0.9964285714285714,119.57142857142857,0.5,0.42857142857142855,0.0
ds004446,sub-012,ses-08,ses-01,final_to_first,M4_NFSQI_FULL_QUALITY,280,0.5714285714285714,0.29411764705882354,0.4782608695652174,0.24663677130044837,0.45454545454545453,0.6470588235294118,0.17857142857142858,0.6071428571428571,-0.4285714285714285,120,0,-51.428571428571416,0.39285714285714285,0.17857142857142858,21.42857142857143,7.0,28.714285714285715,0.20542104038135997
ds004446,sub-013,ses-01,ses-08,first_to_final,M0_NO_GATE,280,1.0,1.0,1.0,1.0,1.0,1.0,1.0,1.0,0.0,0,0,0.0,0.0,1.0,120.0,0.0,0.0,0.0
ds004446,sub-013,ses-01,ses-08,first_to_final,M1_HIGH_BETA,280,0.825,0.7792792792792793,0.5420560747663551,0.5939386764531785,0.8759493670886076,0.703030303030303,0.6178571428571429,0.7928571428571428,-0.17499999999999993,49,0,-20.999999999999993,0.20714285714285716,0.6178571428571429,74.14285714285714,2.0,52.285714285714285,0.16401153442147293
ds004446,sub-013,ses-01,ses-08,first_to_final,M2_BROADBAND_HIGH_FREQUENCY,280,0.7678571428571429,0.7556390977443609,0.17721518987341772,0.2361927144535842,0.860813704496788,0.3010752688172043,0.7178571428571429,0.95,-0.2321428571428571,65,0,-27.85714285714285,0.05,0.7178571428571429,86.14285714285714,2.0,39.42857142857143,0.2461488428000922
ds004446,sub-013,ses-01,ses-08,first_to_final,M3_AMPLITUDE_150,280,1.0,1.0,1.0,1.0,1.0,1.0,1.0,1.0,0.0,0,0,0.0,0.0,1.0,120.0,0.0,0.0,0.0
ds004446,sub-013,ses-01,ses-08,first_to_final,M4_NFSQI_FULL_QUALITY,280,0.6571428571428571,0.5051546391752577,0.4725274725274725,0.349247082748269,0.6712328767123288,0.6417910447761194,0.4035714285714286,0.6392857142857142,-0.23571428571428565,81,15,-28.285714285714278,0.30714285714285716,0.35,48.42857142857143,4.0,55.714285714285715,0.40823584610016345
ds004446,sub-013,ses-08,ses-01,final_to_first,M0_NO_GATE,280,1.0,1.0,1.0,1.0,1.0,1.0,1.0,1.0,0.0,0,0,0.0,0.0,1.0,120.0,0.0,0.0,0.0
ds004446,sub-013,ses-08,ses-01,final_to_first,M1_HIGH_BETA,280,0.8178571428571428,0.7943548387096774,0.3855421686746988,0.4689080630764654,0.8853932584269663,0.5565217391304348,0.8857142857142857,0.7035714285714286,0.18214285714285705,0,51,21.857142857142847,0.11428571428571428,0.7035714285714286,106.28571428571428,1.5,19.714285714285715,0.19618875280530623
ds004446,sub-013,ses-08,ses-01,final_to_first,M2_BROADBAND_HIGH_FREQUENCY,280,0.8392857142857143,0.8308270676691729,0.23728813559322035,0.3293591654247393,0.9075975359342916,0.3835616438356164,0.95,0.7892857142857143,0.1607142857142857,0,45,19.285714285714285,0.05,0.7892857142857143,114.0,1.0,9.0,0.39081958713613285
ds004446,sub-013,ses-08,ses-01,final_to_first,M3_AMPLITUDE_150,280,1.0,1.0,1.0,1.0,1.0,1.0,0.9892857142857143,0.9892857142857143,0.0,0,0,0.0,0.010714285714285714,0.9892857142857143,118.71428571428572,1.0,0.8571428571428571,0.0
ds004446,sub-013,ses-08,ses-01,final_to_first,M4_NFSQI_FULL_QUALITY,280,0.6428571428571429,0.5575221238938053,0.35064935064935066,0.2857142857142858,0.7159090909090909,0.5192307692307693,0.7571428571428571,0.5,0.2571428571428571,14,86,30.857142857142854,0.19285714285714287,0.45,90.85714285714286,1.5,37.714285714285715,0.6898624112491655
ds004446,sub-018,ses-01,ses-08,first_to_final,M0_NO_GATE,280,1.0,1.0,1.0,1.0,1.0,1.0,1.0,1.0,0.0,0,0,0.0,0.0,1.0,120.0,0.0,0.0,0.0
ds004446,sub-018,ses-01,ses-08,first_to_final,M1_HIGH_BETA,280,0.9642857142857143,0.9576271186440678,0.8148148148148148,0.876586741889986,0.9783549783549783,0.8979591836734694,0.8071428571428572,0.8428571428571429,-0.0357142857142857,10,0,-4.285714285714284,0.15714285714285714,0.8071428571428572,96.85714285714286,3.5,27.857142857142858,0.026903085457186122
ds004446,sub-018,ses-01,ses-08,first_to_final,M2_BROADBAND_HIGH_FREQUENCY,280,0.925,0.9082969432314411,0.7083333333333334,0.7823834196891194,0.9519450800915332,0.8292682926829268,0.75,0.8107142857142857,-0.06071428571428572,19,2,-7.2857142857142865,0.18214285714285713,0.7428571428571429,90.0,4.5,31.28571428571429,0.08187198685846146
ds004446,sub-018,ses-01,ses-08,first_to_final,M3_AMPLITUDE_150,280,1.0,1.0,1.0,1.0,1.0,1.0,0.9964285714285714,0.9964285714285714,0.0,0,0,0.0,0.0035714285714285713,0.9964285714285714,119.57142857142857,0.5,0.42857142857142855,0.0
ds004446,sub-018,ses-01,ses-08,first_to_final,M4_NFSQI_FULL_QUALITY,280,0.775,0.657608695652174,0.6037735849056604,0.5550847457627118,0.7934426229508197,0.7529411764705882,0.475,0.6142857142857143,-0.13928571428571435,51,12,-16.714285714285722,0.34285714285714286,0.43214285714285716,57.0,7.0,46.714285714285715,0.15650460122707624
ds004446,sub-018,ses-08,ses-01,final_to_first,M0_NO_GATE,280,1.0,1.0,1.0,1.0,1.0,1.0,1.0,1.0,0.0,0,0,0.0,0.0,1.0,120.0,0.0,0.0,0.0
ds004446,sub-018,ses-08,ses-01,final_to_first,M1_HIGH_BETA,280,0.9607142857142857,0.9573643410852714,0.6666666666666666,0.7791798107255523,0.9782178217821782,0.8,0.9214285714285714,0.8821428571428571,0.03928571428571426,0,11,4.714285714285711,0.07857142857142857,0.8821428571428571,110.57142857142857,1.0,16.714285714285715,0.027646871606643506
ds004446,sub-018,ses-08,ses-01,final_to_first,M2_BROADBAND_HIGH_FREQUENCY,280,0.9535714285714286,0.9477911646586346,0.7045454545454546,0.799868044864746,0.9731958762886598,0.8266666666666667,0.8642857142857143,0.8678571428571429,-0.0035714285714285587,7,6,-0.42857142857142705,0.11071428571428571,0.8428571428571429,103.71428571428572,1.0,25.71428571428571,0.09636513147216504
ds004446,sub-018,ses-08,ses-01,final_to_first,M3_AMPLITUDE_150,280,1.0,1.0,1.0,1.0,1.0,1.0,0.975,0.975,0.0,0,0,0.0,0.025,0.975,117.0,1.5,2.142857142857143,0.0
ds004446,sub-018,ses-08,ses-01,final_to_first,M4_NFSQI_FULL_QUALITY,280,0.8642857142857143,0.8295964125560538,0.6,0.6582733812949642,0.9068627450980392,0.75,0.7571428571428571,0.7,0.05714285714285716,11,27,6.857142857142859,0.20357142857142857,0.6607142857142857,90.85714285714286,2.5,40.285714285714285,0.18554292229068653
ds004447,sub-001,ses-01,ses-19,first_to_final,M0_NO_GATE,120,1.0,1.0,1.0,1.0,1.0,1.0,1.0,1.0,0.0,0,0,0.0,0.0,1.0,120.0,0.0,0.0,0.0
ds004447,sub-001,ses-01,ses-19,first_to_final,M1_HIGH_BETA,120,0.8666666666666667,0.8666666666666667,0.0,0.0,0.9285714285714286,0.0,1.0,0.8666666666666667,0.1333333333333333,0,16,15.999999999999996,0.0,0.8666666666666667,120.0,0.0,0.0,1.0932376335581857
ds004447,sub-001,ses-01,ses-19,first_to_final,M2_BROADBAND_HIGH_FREQUENCY,120,0.6333333333333333,0.6333333333333333,0.0,0.0,0.7755102040816326,0.0,1.0,0.6333333333333333,0.3666666666666667,0,44,44.0,0.0,0.6333333333333333,120.0,0.0,0.0,1.7283319114697957
ds004447,sub-001,ses-01,ses-19,first_to_final,M3_AMPLITUDE_150,120,1.0,1.0,1.0,1.0,1.0,1.0,1.0,1.0,0.0,0,0,0.0,0.0,1.0,120.0,0.0,0.0,0.0
ds004447,sub-001,ses-01,ses-19,first_to_final,M4_NFSQI_FULL_QUALITY,120,0.425,0.0,0.425,-9.654113257610058e-17,0.0,0.5964912280701754,0.0,0.575,-0.575,69,0,-69.0,0.425,0.0,0.0,6.0,0.0,1.86906890407776
ds004447,sub-001,ses-19,ses-01,final_to_first,M0_NO_GATE,118,1.0,1.0,1.0,1.0,1.0,1.0,1.0,1.0,0.0,0,0,0.0,0.0,1.0,120.0,0.0,0.0,0.0
ds004447,sub-001,ses-19,ses-01,final_to_first,M1_HIGH_BETA,118,0.11016949152542373,0.05405405405405406,0.0625,0.006734006734006773,0.10256410256410256,0.11764705882352941,0.05084745762711865,0.940677966101695,-0.8898305084745763,105,0,-106.77966101694916,0.059322033898305086,0.05084745762711865,6.101694915254238,6.0,11.186440677966102,0.5222711535621725
ds004447,sub-001,ses-19,ses-01,final_to_first,M2_BROADBAND_HIGH_FREQUENCY,118,0.2288135593220339,0.0,0.2288135593220339,7.198149280536728e-17,0.0,0.3724137931034483,0.0,0.7711864406779662,-0.7711864406779662,91,0,-92.54237288135594,0.2288135593220339,0.0,0.0,6.0,0.0,0.5289256599086275
ds004447,sub-001,ses-19,ses-01,final_to_first,M3_AMPLITUDE_150,118,1.0,1.0,1.0,1.0,1.0,1.0,1.0,1.0,0.0,0,0,0.0,0.0,1.0,120.0,0.0,0.0,0.0
ds004447,sub-001,ses-19,ses-01,final_to_first,M4_NFSQI_FULL_QUALITY,118,0.4576271186440678,0.0,0.4576271186440678,0.0,0.0,0.627906976744186,0.0,0.5423728813559322,-0.5423728813559322,64,0,-65.08474576271186,0.4576271186440678,0.0,0.0,6.0,0.0,0.6514548679612691
ds004447,sub-002,ses-01,ses-19,first_to_final,M0_NO_GATE,120,1.0,1.0,1.0,1.0,1.0,1.0,1.0,1.0,0.0,0,0,0.0,0.0,1.0,120.0,0.0,0.0,0.0
ds004447,sub-002,ses-01,ses-19,first_to_final,M1_HIGH_BETA,120,0.8583333333333333,0.8365384615384616,0.48484848484848486,0.5771144278606964,0.9109947643979057,0.6530612244897959,0.725,0.8666666666666667,-0.14166666666666672,17,0,-17.000000000000007,0.13333333333333333,0.725,87.0,2.0,44.0,0.05717424968768134
ds004447,sub-002,ses-01,ses-19,first_to_final,M2_BROADBAND_HIGH_FREQUENCY,120,0.8416666666666667,0.759493670886076,0.6833333333333333,0.6790540540540541,0.8633093525179856,0.8118811881188119,0.525,0.6333333333333333,-0.10833333333333328,16,3,-12.999999999999993,0.3416666666666667,0.5,63.0,4.5,35.0,0.11665290333812242
ds004447,sub-002,ses-01,ses-19,first_to_final,M3_AMPLITUDE_150,120,1.0,1.0,1.0,1.0,1.0,1.0,1.0,1.0,0.0,0,0,0.0,0.0,1.0,120.0,0.0,0.0,0.0
ds004447,sub-002,ses-01,ses-19,first_to_final,M4_NFSQI_FULL_QUALITY,120,0.775,0.6142857142857143,0.6493506493506493,0.5673076923076924,0.7610619469026548,0.7874015748031497,0.36666666666666664,0.575,-0.20833333333333331,26,1,-24.999999999999996,0.4166666666666667,0.35833333333333334,44.0,4.5,31.000000000000004,0.05717424968768134
ds004447,sub-002,ses-19,ses-01,final_to_first,M0_NO_GATE,118,1.0,1.0,1.0,1.0,1.0,1.0,1.0,1.0,0.0,0,0,0.0,0.0,1.0,120.0,0.0,0.0,0.0
ds004447,sub-002,ses-19,ses-01,final_to_first,M1_HIGH_BETA,118,0.8983050847457628,0.8857142857142857,0.52,0.6306729264475747,0.9393939393939394,0.6842105263157895,0.8898305084745762,0.788135593220339,0.10169491525423724,0,12,12.203389830508469,0.11016949152542373,0.788135593220339,106.77966101694915,1.5,19.322033898305083,0.060641374791409665
ds004447,sub-002,ses-19,ses-01,final_to_first,M2_BROADBAND_HIGH_FREQUENCY,118,0.8898305084745762,0.8266666666666667,0.7678571428571429,0.7746106376726417,0.9051094890510949,0.8686868686868687,0.6101694915254238,0.5508474576271186,0.05932203389830515,3,10,7.118644067796618,0.3644067796610169,0.5254237288135594,73.22033898305085,1.5,47.79661016949152,0.14661839072600713
ds004447,sub-002,ses-19,ses-01,final_to_first,M3_AMPLITUDE_150,118,1.0,1.0,1.0,1.0,1.0,1.0,1.0,1.0,0.0,0,0,0.0,0.0,1.0,120.0,0.0,0.0,0.0
ds004447,sub-002,ses-19,ses-01,final_to_first,M4_NFSQI_FULL_QUALITY,118,0.8220338983050848,0.6956521739130435,0.7,0.6530383646037525,0.8205128205128205,0.8235294117647058,0.576271186440678,0.4152542372881356,0.1610169491525424,1,20,19.322033898305087,0.4152542372881356,0.4067796610169492,69.15254237288136,3.0,46.779661016949156,0.060641374791409665
ds004447,sub-003,ses-01,ses-19,first_to_final,M0_NO_GATE,120,1.0,1.0,1.0,1.0,1.0,1.0,1.0,1.0,0.0,0,0,0.0,0.0,1.0,120.0,0.0,0.0,0.0
ds004447,sub-003,ses-01,ses-19,first_to_final,M1_HIGH_BETA,120,0.925,0.9224137931034483,0.3076923076923077,0.44214876033057854,0.9596412556053812,0.47058823529411764,0.9666666666666667,0.8916666666666667,0.07499999999999996,0,9,8.999999999999995,0.03333333333333333,0.8916666666666667,116.0,0.5,8.0,0.15105169272665292
ds004447,sub-003,ses-01,ses-19,first_to_final,M2_BROADBAND_HIGH_FREQUENCY,120,0.8083333333333333,0.8034188034188035,0.11538461538461539,0.16967509025270805,0.8909952606635071,0.20689655172413793,0.975,0.7833333333333333,0.19166666666666665,0,23,23.0,0.025,0.7833333333333333,117.0,1.0,4.0,0.31915766069706186
ds004447,sub-003,ses-01,ses-19,first_to_final,M3_AMPLITUDE_150,120,1.0,1.0,1.0,1.0,1.0,1.0,1.0,1.0,0.0,0,0,0.0,0.0,1.0,120.0,0.0,0.0,0.0
ds004447,sub-003,ses-01,ses-19,first_to_final,M4_NFSQI_FULL_QUALITY,120,0.7666666666666667,0.7358490566037735,0.3333333333333333,0.3939393939393939,0.8478260869565217,0.5,0.8833333333333333,0.65,0.23333333333333328,0,28,27.999999999999993,0.11666666666666667,0.65,106.0,1.5,18.0,0.273739394962657
ds004447,sub-003,ses-19,ses-01,final_to_first,M0_NO_GATE,120,1.0,1.0,1.0,1.0,1.0,1.0,1.0,1.0,0.0,0,0,0.0,0.0,1.0,120.0,0.0,0.0,0.0
ds004447,sub-003,ses-19,ses-01,final_to_first,M1_HIGH_BETA,120,0.85,0.8363636363636363,0.35714285714285715,0.45999999999999974,0.9108910891089109,0.5263157894736842,0.7666666666666667,0.9166666666666666,-0.1499999999999999,18,0,-17.99999999999999,0.08333333333333333,0.7666666666666667,92.0,2.5,37.0,0.13122928681755047
ds004447,sub-003,ses-19,ses-01,final_to_first,M2_BROADBAND_HIGH_FREQUENCY,120,0.7,0.6727272727272727,0.21739130434782608,0.25517241379310335,0.8043478260869565,0.35714285714285715,0.6166666666666667,0.9166666666666666,-0.29999999999999993,36,0,-35.99999999999999,0.08333333333333333,0.6166666666666667,74.0,2.5,42.0,0.24104082155574125
ds004447,sub-003,ses-19,ses-01,final_to_first,M3_AMPLITUDE_150,120,1.0,1.0,1.0,1.0,1.0,1.0,1.0,1.0,0.0,0,0,0.0,0.0,1.0,120.0,0.0,0.0,0.0
ds004447,sub-003,ses-19,ses-01,final_to_first,M4_NFSQI_FULL_QUALITY,120,0.6666666666666666,0.6190476190476191,0.2727272727272727,0.2888888888888888,0.7647058823529411,0.42857142857142855,0.5416666666666666,0.875,-0.33333333333333337,40,0,-40.00000000000001,0.125,0.5416666666666666,65.0,3.0,46.0,0.21491004835465763
ds004447,sub-004,ses-01,ses-19,first_to_final,M0_NO_GATE,120,1.0,1.0,1.0,1.0,1.0,1.0,1.0,1.0,0.0,0,0,0.0,0.0,1.0,120.0,0.0,0.0,0.0
ds004447,sub-004,ses-01,ses-19,first_to_final,M1_HIGH_BETA,120,0.9583333333333334,0.9557522123893806,0.5833333333333334,0.715909090909091,0.9773755656108597,0.7368421052631579,0.9416666666666667,0.9,0.04166666666666663,0,5,4.999999999999996,0.058333333333333334,0.9,113.0,0.5,13.0,0.05599335309153089
ds004447,sub-004,ses-01,ses-19,first_to_final,M2_BROADBAND_HIGH_FREQUENCY,120,0.9583333333333334,0.9537037037037037,0.7058823529411765,0.804177545691906,0.976303317535545,0.8275862068965517,0.8916666666666667,0.8666666666666667,0.025000000000000022,1,4,3.0000000000000027,0.1,0.8583333333333333,107.0,1.5,16.0,0.08409667819762581
ds004447,sub-004,ses-01,ses-19,first_to_final,M3_AMPLITUDE_150,120,1.0,1.0,1.0,1.0,1.0,1.0,1.0,1.0,0.0,0,0,0.0,0.0,1.0,120.0,0.0,0.0,0.0
ds004447,sub-004,ses-01,ses-19,first_to_final,M4_NFSQI_FULL_QUALITY,120,0.85,0.8181818181818182,0.5384615384615384,0.601328903654485,0.9,0.7,0.725,0.775,-0.050000000000000044,12,6,-6.000000000000005,0.175,0.675,87.0,2.0,37.0,0.10086761022953741
ds004447,sub-004,ses-19,ses-01,final_to_first,M0_NO_GATE,116,1.0,1.0,1.0,1.0,1.0,1.0,1.0,1.0,0.0,0,0,0.0,0.0,1.0,120.0,0.0,0.0,0.0
ds004447,sub-004,ses-19,ses-01,final_to_first,M1_HIGH_BETA,116,0.9396551724137931,0.9345794392523364,0.5625,0.6891271056661564,0.966183574879227,0.72,0.8620689655172413,0.9224137931034483,-0.06034482758620696,7,0,-7.241379310344835,0.07758620689655173,0.8620689655172413,103.44827586206895,1.5,22.75862068965517,0.05302434236693299
ds004447,sub-004,ses-19,ses-01,final_to_first,M2_BROADBAND_HIGH_FREQUENCY,116,0.8879310344827587,0.865979381443299,0.59375,0.6761168384879727,0.9281767955801105,0.7450980392156863,0.7413793103448276,0.8189655172413793,-0.07758620689655171,11,2,-9.310344827586206,0.16379310344827586,0.7241379310344828,88.96551724137932,1.5,39.310344827586206,0.08763108990611827
ds004447,sub-004,ses-19,ses-01,final_to_first,M3_AMPLITUDE_150,116,1.0,1.0,1.0,1.0,1.0,1.0,1.0,1.0,0.0,0,0,0.0,0.0,1.0,120.0,0.0,0.0,0.0
ds004447,sub-004,ses-19,ses-01,final_to_first,M4_NFSQI_FULL_QUALITY,116,0.8189655172413793,0.7613636363636364,0.5714285714285714,0.5926421404682275,0.864516129032258,0.7272727272727273,0.646551724137931,0.6896551724137931,-0.0431034482758621,13,8,-5.172413793103452,0.2413793103448276,0.5775862068965517,77.58620689655173,4.0,47.58620689655173,0.09216809475433789
ds004447,sub-005,ses-01,ses-19,first_to_final,M0_NO_GATE,120,1.0,1.0,1.0,1.0,1.0,1.0,1.0,1.0,0.0,0,0,0.0,0.0,1.0,120.0,0.0,0.0,0.0
ds004447,sub-005,ses-01,ses-19,first_to_final,M1_HIGH_BETA,120,0.95,0.9464285714285714,0.5714285714285714,0.7019867549668872,0.9724770642201835,0.7272727272727273,0.9333333333333333,0.8833333333333333,0.050000000000000044,0,6,6.000000000000005,0.06666666666666667,0.8833333333333333,112.0,1.5,9.0,0.09648701308128721
ds004447,sub-005,ses-01,ses-19,first_to_final,M2_BROADBAND_HIGH_FREQUENCY,120,0.925,0.9166666666666666,0.5714285714285714,0.6875000000000003,0.9565217391304348,0.7272727272727273,0.9,0.825,0.07500000000000007,0,9,9.000000000000007,0.1,0.825,108.0,1.5,10.0,0.17287733435640543
ds004447,sub-005,ses-01,ses-19,first_to_final,M3_AMPLITUDE_150,120,1.0,1.0,1.0,1.0,1.0,1.0,0.9833333333333333,0.9833333333333333,0.0,0,0,0.0,0.016666666666666666,0.9833333333333333,118.0,1.0,1.0,0.0
ds004447,sub-005,ses-01,ses-19,first_to_final,M4_NFSQI_FULL_QUALITY,120,0.85,0.8163265306122449,0.55,0.6135957066189623,0.898876404494382,0.7096774193548387,0.7916666666666666,0.6916666666666667,0.09999999999999998,3,15,11.999999999999996,0.18333333333333332,0.6666666666666666,95.0,1.5,25.0,0.09648701308128721
ds004447,sub-005,ses-19,ses-01,final_to_first,M0_NO_GATE,116,1.0,1.0,1.0,1.0,1.0,1.0,1.0,1.0,0.0,0,0,0.0,0.0,1.0,120.0,0.0,0.0,0.0
ds004447,sub-005,ses-19,ses-01,final_to_first,M1_HIGH_BETA,116,0.896551724137931,0.875,0.625,0.7070707070707072,0.9333333333333333,0.7692307692307693,0.7241379310344828,0.8275862068965517,-0.10344827586206895,12,0,-12.413793103448274,0.1724137931034483,0.7241379310344828,86.89655172413794,1.5,40.3448275862069,0.0879964941948056
ds004447,sub-005,ses-19,ses-01,final_to_first,M2_BROADBAND_HIGH_FREQUENCY,116,0.896551724137931,0.8421052631578947,0.7692307692307693,0.7862407862407863,0.9142857142857143,0.8695652173913043,0.5517241379310345,0.6551724137931034,-0.10344827586206895,12,0,-12.413793103448274,0.3448275862068966,0.5517241379310345,66.20689655172414,5.0,46.55172413793103,0.13939302109631724
ds004447,sub-005,ses-19,ses-01,final_to_first,M3_AMPLITUDE_150,116,1.0,1.0,1.0,1.0,1.0,1.0,1.0,1.0,0.0,0,0,0.0,0.0,1.0,120.0,0.0,0.0,0.0
ds004447,sub-005,ses-19,ses-01,final_to_first,M4_NFSQI_FULL_QUALITY,116,0.8362068965517241,0.703125,0.7323943661971831,0.6766431924882628,0.8256880733944955,0.8455284552845529,0.4051724137931034,0.5344827586206896,-0.1293103448275862,17,2,-15.517241379310342,0.4482758620689655,0.3879310344827586,48.62068965517241,5.0,46.55172413793103,0.0879964941948056
ds004447,sub-006,ses-01,ses-19,first_to_final,M0_NO_GATE,120,1.0,1.0,1.0,1.0,1.0,1.0,1.0,1.0,0.0,0,0,0.0,0.0,1.0,120.0,0.0,0.0,0.0
ds004447,sub-006,ses-01,ses-19,first_to_final,M1_HIGH_BETA,120,0.9916666666666667,0.9915254237288136,0.6666666666666666,0.7959183673469403,0.9957446808510638,0.8,0.9833333333333333,0.975,0.008333333333333304,0,1,0.9999999999999964,0.016666666666666666,0.975,118.0,0.5,4.0,0.16287006269480817
ds004447,sub-006,ses-01,ses-19,first_to_final,M2_BROADBAND_HIGH_FREQUENCY,120,0.975,0.9743589743589743,0.5,0.6538461538461534,0.987012987012987,0.6666666666666666,0.9666666666666667,0.9583333333333334,0.008333333333333304,1,2,0.9999999999999964,0.025,0.95,116.0,1.0,3.0,0.16574837072923237
ds004447,sub-006,ses-01,ses-19,first_to_final,M3_AMPLITUDE_150,120,1.0,1.0,1.0,1.0,1.0,1.0,0.95,0.95,0.0,0,0,0.0,0.05,0.95,114.0,1.5,3.0,0.0
ds004447,sub-006,ses-01,ses-19,first_to_final,M4_NFSQI_FULL_QUALITY,120,0.925,0.9174311926605505,0.55,0.6691176470588236,0.9569377990430622,0.7096774193548387,0.9,0.8416666666666667,0.05833333333333335,1,8,7.000000000000002,0.09166666666666666,0.8333333333333334,108.0,1.0,16.0,0.17518230486334369
ds004447,sub-006,ses-19,ses-01,final_to_first,M0_NO_GATE,116,1.0,1.0,1.0,1.0,1.0,1.0,1.0,1.0,0.0,0,0,0.0,0.0,1.0,120.0,0.0,0.0,0.0
ds004447,sub-006,ses-19,ses-01,final_to_first,M1_HIGH_BETA,116,0.9224137931034483,0.9210526315789473,0.18181818181818182,0.28688524590163983,0.958904109589041,0.3076923076923077,0.9051724137931034,0.9827586206896551,-0.07758620689655171,9,0,-9.310344827586206,0.017241379310344827,0.9051724137931034,108.62068965517241,0.5,19.655172413793103,0.1400586943629599
ds004447,sub-006,ses-19,ses-01,final_to_first,M2_BROADBAND_HIGH_FREQUENCY,116,0.9827586206896551,0.9826086956521739,0.3333333333333333,0.49344978165938597,0.9912280701754386,0.5,0.9741379310344828,0.9913793103448276,-0.017241379310344862,2,0,-2.0689655172413834,0.008620689655172414,0.9741379310344828,116.89655172413794,0.5,5.172413793103448,0.17378622549118117
ds004447,sub-006,ses-19,ses-01,final_to_first,M3_AMPLITUDE_150,116,1.0,1.0,1.0,1.0,1.0,1.0,1.0,1.0,0.0,0,0,0.0,0.0,1.0,120.0,0.0,0.0,0.0
ds004447,sub-006,ses-19,ses-01,final_to_first,M4_NFSQI_FULL_QUALITY,116,0.3793103448275862,0.32710280373831774,0.1111111111111111,0.07014028056112223,0.49295774647887325,0.2,0.3017241379310345,0.9224137931034483,-0.6206896551724138,72,0,-74.48275862068965,0.07758620689655173,0.3017241379310345,36.206896551724135,5.0,35.172413793103445,0.21238912052477169
ds004447,sub-007,ses-01,ses-19,first_to_final,M0_NO_GATE,120,1.0,1.0,1.0,1.0,1.0,1.0,1.0,1.0,0.0,0,0,0.0,0.0,1.0,120.0,0.0,0.0,0.0
ds004447,sub-007,ses-01,ses-19,first_to_final,M1_HIGH_BETA,120,0.975,0.9727272727272728,0.7692307692307693,0.8559999999999999,0.9861751152073732,0.8695652173913043,0.9166666666666666,0.8916666666666667,0.02499999999999991,0,3,2.9999999999999893,0.08333333333333333,0.8916666666666667,110.0,0.5,20.0,0.02285951719753729
ds004447,sub-007,ses-01,ses-19,first_to_final,M2_BROADBAND_HIGH_FREQUENCY,120,0.9333333333333333,0.9285714285714286,0.5,0.6341463414634149,0.9629629629629629,0.6666666666666666,0.9333333333333333,0.8666666666666667,0.06666666666666665,0,8,7.999999999999998,0.06666666666666667,0.8666666666666667,112.0,0.5,14.0,0.2503349246528292
ds004447,sub-007,ses-01,ses-19,first_to_final,M3_AMPLITUDE_150,120,1.0,1.0,1.0,1.0,1.0,1.0,1.0,1.0,0.0,0,0,0.0,0.0,1.0,120.0,0.0,0.0,0.0
ds004447,sub-007,ses-01,ses-19,first_to_final,M4_NFSQI_FULL_QUALITY,120,0.875,0.85,0.5714285714285714,0.6519721577726219,0.918918918918919,0.7272727272727273,0.825,0.7166666666666667,0.10833333333333328,1,14,12.999999999999993,0.16666666666666666,0.7083333333333334,99.0,1.0,36.0,0.063964100415583
ds004447,sub-007,ses-19,ses-01,final_to_first,M0_NO_GATE,120,1.0,1.0,1.0,1.0,1.0,1.0,1.0,1.0,0.0,0,0,0.0,0.0,1.0,120.0,0.0,0.0,0.0
ds004447,sub-007,ses-19,ses-01,final_to_first,M1_HIGH_BETA,120,0.9916666666666667,0.9905660377358491,0.9333333333333333,0.9607843137254903,0.995260663507109,0.9655172413793104,0.875,0.8833333333333333,-0.008333333333333304,1,0,-0.9999999999999964,0.11666666666666667,0.875,105.0,1.0,23.0,0.022348638120089567
ds004447,sub-007,ses-19,ses-01,final_to_first,M2_BROADBAND_HIGH_FREQUENCY,120,0.7916666666666666,0.7706422018348624,0.3055555555555556,0.3811881188118813,0.8704663212435233,0.46808510638297873,0.7,0.9083333333333333,-0.20833333333333337,25,0,-25.000000000000004,0.09166666666666666,0.7,84.0,1.5,49.0,0.18204095712966284
ds004447,sub-007,ses-19,ses-01,final_to_first,M3_AMPLITUDE_150,120,1.0,1.0,1.0,1.0,1.0,1.0,1.0,1.0,0.0,0,0,0.0,0.0,1.0,120.0,0.0,0.0,0.0
ds004447,sub-007,ses-19,ses-01,final_to_first,M4_NFSQI_FULL_QUALITY,120,0.7833333333333333,0.7346938775510204,0.4583333333333333,0.49983969220904134,0.8470588235294118,0.6285714285714286,0.6083333333333333,0.8083333333333333,-0.20000000000000007,25,1,-24.000000000000007,0.18333333333333332,0.6,73.0,2.0,50.0,0.06011866414533978
ds004447,sub-008,ses-01,ses-19,first_to_final,M0_NO_GATE,120,1.0,1.0,1.0,1.0,1.0,1.0,1.0,1.0,0.0,0,0,0.0,0.0,1.0,120.0,0.0,0.0,0.0
ds004447,sub-008,ses-01,ses-19,first_to_final,M1_HIGH_BETA,120,0.8333333333333334,0.8181818181818182,0.3333333333333333,0.4285714285714286,0.9,0.5,0.75,0.9166666666666666,-0.16666666666666663,20,0,-19.999999999999996,0.08333333333333333,0.75,90.0,2.5,35.0,0.13787290951354134
ds004447,sub-008,ses-01,ses-19,first_to_final,M2_BROADBAND_HIGH_FREQUENCY,120,0.6583333333333333,0.5393258426966292,0.4305555555555556,0.3768996960486322,0.7007299270072993,0.6019417475728155,0.4,0.7416666666666667,-0.3416666666666667,41,0,-41.0,0.25833333333333336,0.4,48.0,5.0,39.0,0.20755592781780915
ds004447,sub-008,ses-01,ses-19,first_to_final,M3_AMPLITUDE_150,120,1.0,1.0,1.0,1.0,1.0,1.0,1.0,1.0,0.0,0,0,0.0,0.0,1.0,120.0,0.0,0.0,0.0
ds004447,sub-008,ses-01,ses-19,first_to_final,M4_NFSQI_FULL_QUALITY,120,0.6416666666666667,0.4027777777777778,0.5274725274725275,0.32389937106918254,0.5742574257425742,0.6906474820143885,0.275,0.5666666666666667,-0.29166666666666663,39,4,-34.99999999999999,0.4,0.24166666666666667,33.0,5.0,41.0,0.34753896217032615
ds004447,sub-008,ses-19,ses-01,final_to_first,M0_NO_GATE,116,1.0,1.0,1.0,1.0,1.0,1.0,1.0,1.0,0.0,0,0,0.0,0.0,1.0,120.0,0.0,0.0,0.0
ds004447,sub-008,ses-19,ses-01,final_to_first,M1_HIGH_BETA,116,0.9482758620689655,0.9478260869565217,0.14285714285714285,0.23851203501093907,0.9732142857142857,0.25,0.9913793103448276,0.9396551724137931,0.051724137931034475,0,6,6.206896551724137,0.008620689655172414,0.9396551724137931,118.96551724137932,0.5,2.0689655172413794,0.15992179231457163
ds004447,sub-008,ses-19,ses-01,final_to_first,M2_BROADBAND_HIGH_FREQUENCY,116,0.7327586206896551,0.6836734693877551,0.3673469387755102,0.4014647137150466,0.8121212121212121,0.5373134328358209,0.8448275862068966,0.5775862068965517,0.26724137931034486,0,31,32.06896551724138,0.15517241379310345,0.5775862068965517,101.37931034482759,1.5,23.793103448275865,0.30256423100659235
ds004447,sub-008,ses-19,ses-01,final_to_first,M3_AMPLITUDE_150,116,1.0,1.0,1.0,1.0,1.0,1.0,1.0,1.0,0.0,0,0,0.0,0.0,1.0,120.0,0.0,0.0,0.0
ds004447,sub-008,ses-19,ses-01,final_to_first,M4_NFSQI_FULL_QUALITY,116,0.6293103448275862,0.5473684210526316,0.328125,0.2396341463414634,0.7074829931972789,0.49411764705882355,0.7413793103448276,0.5258620689655172,0.2155172413793104,9,34,25.862068965517246,0.1810344827586207,0.4482758620689655,88.96551724137932,1.5,45.51724137931034,0.3942653249578152
ds004447,sub-009,ses-01,ses-19,first_to_final,M0_NO_GATE,120,1.0,1.0,1.0,1.0,1.0,1.0,1.0,1.0,0.0,0,0,0.0,0.0,1.0,120.0,0.0,0.0,0.0
ds004447,sub-009,ses-01,ses-19,first_to_final,M1_HIGH_BETA,120,0.95,0.9439252336448598,0.6842105263157895,0.7848176927674833,0.9711538461538461,0.8125,0.8916666666666667,0.8416666666666667,0.050000000000000044,0,6,6.000000000000005,0.10833333333333334,0.8416666666666667,107.0,1.5,14.0,0.08493736597205793
ds004447,sub-009,ses-01,ses-19,first_to_final,M2_BROADBAND_HIGH_FREQUENCY,120,0.8,0.76,0.45454545454545453,0.4931362196409717,0.8636363636363636,0.625,0.6916666666666667,0.775,-0.08333333333333337,17,7,-10.000000000000004,0.16666666666666666,0.6333333333333333,83.0,1.0,52.0,0.2286815986820656
ds004447,sub-009,ses-01,ses-19,first_to_final,M3_AMPLITUDE_150,120,1.0,1.0,1.0,1.0,1.0,1.0,0.9416666666666667,0.9416666666666667,0.0,0,0,0.0,0.058333333333333334,0.9416666666666667,113.0,1.5,6.0,0.0
ds004447,sub-009,ses-01,ses-19,first_to_final,M4_NFSQI_FULL_QUALITY,120,0.3416666666666667,0.12222222222222222,0.27522935779816515,0.02106567534076827,0.21782178217821782,0.4316546762589928,0.11666666666666667,0.725,-0.6083333333333333,76,3,-73.0,0.25,0.09166666666666666,14.0,6.0,17.0,0.32847659508260785
ds004447,sub-009,ses-19,ses-01,final_to_first,M0_NO_GATE,118,1.0,1.0,1.0,1.0,1.0,1.0,1.0,1.0,0.0,0,0,0.0,0.0,1.0,120.0,0.0,0.0,0.0
ds004447,sub-009,ses-19,ses-01,final_to_first,M1_HIGH_BETA,118,0.9576271186440678,0.9572649572649573,0.16666666666666666,0.2751842751842745,0.9781659388646288,0.2857142857142857,0.9491525423728814,0.9915254237288136,-0.0423728813559322,5,0,-5.084745762711864,0.00847457627118644,0.9491525423728814,113.89830508474577,0.5,11.186440677966102,0.07828780594717341
ds004447,sub-009,ses-19,ses-01,final_to_first,M2_BROADBAND_HIGH_FREQUENCY,118,0.8220338983050848,0.8173913043478261,0.125,0.12314225053078527,0.8995215311004785,0.2222222222222222,0.8983050847457628,0.8728813559322034,0.025423728813559365,9,12,3.050847457627124,0.025423728813559324,0.7966101694915254,107.79661016949153,0.5,23.389830508474578,0.3341472042091621
ds004447,sub-009,ses-19,ses-01,final_to_first,M3_AMPLITUDE_150,118,1.0,1.0,1.0,1.0,1.0,1.0,1.0,1.0,0.0,0,0,0.0,0.0,1.0,120.0,0.0,0.0,0.0
ds004447,sub-009,ses-19,ses-01,final_to_first,M4_NFSQI_FULL_QUALITY,118,0.5,0.4824561403508772,0.06349206349206349,-0.13350700097688037,0.650887573964497,0.11940298507462686,0.847457627118644,0.5847457627118644,0.2627118644067796,14,45,31.525423728813557,0.03389830508474576,0.4661016949152542,101.69491525423729,1.0,32.54237288135593,0.4891513723531581
ds004447,sub-010,ses-01,ses-19,first_to_final,M0_NO_GATE,120,1.0,1.0,1.0,1.0,1.0,1.0,1.0,1.0,0.0,0,0,0.0,0.0,1.0,120.0,0.0,0.0,0.0
ds004447,sub-010,ses-01,ses-19,first_to_final,M1_HIGH_BETA,120,0.8833333333333333,0.8771929824561403,0.3,0.4166666666666667,0.9345794392523364,0.46153846153846156,0.95,0.8333333333333334,0.11666666666666659,0,14,13.99999999999999,0.05,0.8333333333333334,114.0,1.0,10.0,0.24001347757417954
ds004447,sub-010,ses-01,ses-19,first_to_final,M2_BROADBAND_HIGH_FREQUENCY,120,0.9666666666666667,0.9611650485436893,0.8095238095238095,0.8751950078003121,0.9801980198019802,0.8947368421052632,0.8583333333333333,0.825,0.033333333333333326,0,4,3.999999999999999,0.14166666666666666,0.825,103.0,1.0,23.0,0.2289671877689222
ds004447,sub-010,ses-01,ses-19,first_to_final,M3_AMPLITUDE_150,120,1.0,1.0,1.0,1.0,1.0,1.0,1.0,1.0,0.0,0,0,0.0,0.0,1.0,120.0,0.0,0.0,0.0
ds004447,sub-010,ses-01,ses-19,first_to_final,M4_NFSQI_FULL_QUALITY,120,0.8,0.7241379310344828,0.5789473684210527,0.5833333333333334,0.84,0.7333333333333333,0.7,0.55,0.1499999999999999,3,21,17.99999999999999,0.275,0.525,84.0,3.5,36.0,0.4002359175517557
ds004447,sub-010,ses-19,ses-01,final_to_first,M0_NO_GATE,116,1.0,1.0,1.0,1.0,1.0,1.0,1.0,1.0,0.0,0,0,0.0,0.0,1.0,120.0,0.0,0.0,0.0
ds004447,sub-010,ses-19,ses-01,final_to_first,M1_HIGH_BETA,116,0.896551724137931,0.8811881188118812,0.5555555555555556,0.6573116691285081,0.9368421052631579,0.7142857142857143,0.7672413793103449,0.8706896551724138,-0.10344827586206895,12,0,-12.413793103448274,0.12931034482758622,0.7672413793103449,92.06896551724138,3.5,33.10344827586207,0.19355715233330725
ds004447,sub-010,ses-19,ses-01,final_to_first,M2_BROADBAND_HIGH_FREQUENCY,116,0.7844827586206896,0.7663551401869159,0.2647058823529412,0.3372943327239487,0.8677248677248677,0.4186046511627907,0.7068965517241379,0.9224137931034483,-0.2155172413793104,25,0,-25.862068965517246,0.07758620689655173,0.7068965517241379,84.82758620689654,4.0,30.0,0.17019279184843197
ds004447,sub-010,ses-19,ses-01,final_to_first,M3_AMPLITUDE_150,116,1.0,1.0,1.0,1.0,1.0,1.0,1.0,1.0,0.0,0,0,0.0,0.0,1.0,120.0,0.0,0.0,0.0
ds004447,sub-010,ses-19,ses-01,final_to_first,M4_NFSQI_FULL_QUALITY,116,0.6982758620689655,0.6236559139784946,0.39655172413793105,0.39655172413793105,0.7682119205298014,0.5679012345679012,0.5,0.8017241379310345,-0.3017241379310345,35,0,-36.206896551724135,0.19827586206896552,0.5,60.0,4.0,46.55172413793103,0.28583463153234107
ds004447,sub-011,ses-01,ses-19,first_to_final,M0_NO_GATE,120,1.0,1.0,1.0,1.0,1.0,1.0,1.0,1.0,0.0,0,0,0.0,0.0,1.0,120.0,0.0,0.0,0.0
ds004447,sub-011,ses-01,ses-19,first_to_final,M1_HIGH_BETA,120,0.9666666666666667,0.9655172413793104,0.5,0.6511627906976744,0.9824561403508771,0.6666666666666666,0.9333333333333333,0.9666666666666667,-0.033333333333333326,4,0,-3.999999999999999,0.03333333333333333,0.9333333333333333,112.0,1.0,12.0,0.04512461279646942
ds004447,sub-011,ses-01,ses-19,first_to_final,M2_BROADBAND_HIGH_FREQUENCY,120,0.85,0.8301886792452831,0.4375,0.5328719723183392,0.9072164948453608,0.6086956521739131,0.8833333333333333,0.7333333333333333,0.15000000000000002,0,18,18.000000000000004,0.11666666666666667,0.7333333333333333,106.0,1.0,20.0,0.16065464470998966
ds004447,sub-011,ses-01,ses-19,first_to_final,M3_AMPLITUDE_150,120,1.0,1.0,1.0,1.0,1.0,1.0,1.0,1.0,0.0,0,0,0.0,0.0,1.0,120.0,0.0,0.0,0.0
ds004447,sub-011,ses-01,ses-19,first_to_final,M4_NFSQI_FULL_QUALITY,120,0.4166666666666667,0.11392405063291139,0.36936936936936937,-0.058201058201058135,0.20454545454545456,0.5394736842105263,0.15833333333333333,0.575,-0.41666666666666663,60,10,-49.99999999999999,0.3416666666666667,0.075,19.0,6.0,28.0,0.1620908607928573
ds004447,sub-011,ses-19,ses-01,final_to_first,M0_NO_GATE,116,1.0,1.0,1.0,1.0,1.0,1.0,1.0,1.0,0.0,0,0,0.0,0.0,1.0,120.0,0.0,0.0,0.0
ds004447,sub-011,ses-19,ses-01,final_to_first,M1_HIGH_BETA,116,0.9827586206896551,0.9805825242718447,0.8666666666666667,0.9188243526941916,0.9901960784313726,0.9285714285714286,0.8879310344827587,0.8706896551724138,0.017241379310344862,0,2,2.0689655172413834,0.11206896551724138,0.8706896551724138,106.55172413793105,1.0,22.75862068965517,0.04725706977181847
ds004447,sub-011,ses-19,ses-01,final_to_first,M2_BROADBAND_HIGH_FREQUENCY,116,0.6379310344827587,0.5670103092783505,0.3114754098360656,0.3002010916403333,0.7236842105263158,0.475,0.47413793103448276,0.8362068965517241,-0.3620689655172413,42,0,-43.44827586206896,0.16379310344827586,0.47413793103448276,56.89655172413793,4.5,57.931034482758626,0.13841594847713118
ds004447,sub-011,ses-19,ses-01,final_to_first,M3_AMPLITUDE_150,116,1.0,1.0,1.0,1.0,1.0,1.0,1.0,1.0,0.0,0,0,0.0,0.0,1.0,120.0,0.0,0.0,0.0
ds004447,sub-011,ses-19,ses-01,final_to_first,M4_NFSQI_FULL_QUALITY,116,0.5517241379310345,0.34177215189873417,0.4157303370786517,0.15375982042648711,0.5094339622641509,0.5873015873015873,0.3275862068965517,0.5862068965517241,-0.2586206896551724,41,11,-31.034482758620683,0.31896551724137934,0.23275862068965517,39.310344827586206,4.5,42.41379310344827,0.1394820889325882
ds004447,sub-012,ses-01,ses-19,first_to_final,M0_NO_GATE,120,1.0,1.0,1.0,1.0,1.0,1.0,1.0,1.0,0.0,0,0,0.0,0.0,1.0,120.0,0.0,0.0,0.0
ds004447,sub-012,ses-01,ses-19,first_to_final,M1_HIGH_BETA,120,0.9666666666666667,0.9666666666666667,0.0,0.0,0.9830508474576272,0.0,1.0,0.9666666666666667,0.033333333333333326,0,4,3.999999999999999,0.0,0.9666666666666667,120.0,0.0,0.0,0.25812353605042376
ds004447,sub-012,ses-01,ses-19,first_to_final,M2_BROADBAND_HIGH_FREQUENCY,120,0.8166666666666667,0.8,0.3125,0.4,0.8888888888888888,0.47619047619047616,0.9166666666666666,0.7333333333333333,0.18333333333333335,0,22,22.0,0.08333333333333333,0.7333333333333333,110.0,1.0,14.0,0.40040583528085605
ds004447,sub-012,ses-01,ses-19,first_to_final,M3_AMPLITUDE_150,120,1.0,1.0,1.0,1.0,1.0,1.0,1.0,1.0,0.0,0,0,0.0,0.0,1.0,120.0,0.0,0.0,0.0
ds004447,sub-012,ses-01,ses-19,first_to_final,M4_NFSQI_FULL_QUALITY,120,0.7166666666666667,0.6699029126213593,0.3333333333333333,0.36507936507936517,0.8023255813953488,0.5,0.8583333333333333,0.575,0.2833333333333333,0,34,34.0,0.14166666666666666,0.575,103.0,1.0,24.0,0.5175941819387805
ds004447,sub-012,ses-19,ses-01,final_to_first,M0_NO_GATE,116,1.0,1.0,1.0,1.0,1.0,1.0,1.0,1.0,0.0,0,0,0.0,0.0,1.0,120.0,0.0,0.0,0.0
ds004447,sub-012,ses-19,ses-01,final_to_first,M1_HIGH_BETA,116,0.8017241379310345,0.7946428571428571,0.14814814814814814,0.2106508875739646,0.8855721393034826,0.25806451612903225,0.7672413793103449,0.9655172413793104,-0.19827586206896552,23,0,-23.793103448275865,0.034482758620689655,0.7672413793103449,92.06896551724138,2.0,30.0,0.20516549341469323
ds004447,sub-012,ses-19,ses-01,final_to_first,M2_BROADBAND_HIGH_FREQUENCY,116,0.5086206896551724,0.4411764705882353,0.19718309859154928,0.16006097560975607,0.6122448979591837,0.32941176470588235,0.3879310344827586,0.8793103448275862,-0.49137931034482757,57,0,-58.96551724137931,0.1206896551724138,0.3879310344827586,46.55172413793103,5.0,36.206896551724135,0.28088559414498654
ds004447,sub-012,ses-19,ses-01,final_to_first,M3_AMPLITUDE_150,116,1.0,1.0,1.0,1.0,1.0,1.0,0.9741379310344828,0.9741379310344828,0.0,0,0,0.0,0.02586206896551724,0.9741379310344828,116.89655172413794,1.5,1.0344827586206897,0.0
ds004447,sub-012,ses-19,ses-01,final_to_first,M4_NFSQI_FULL_QUALITY,116,0.5,0.34831460674157305,0.3176470588235294,0.1992382766008093,0.5166666666666667,0.48214285714285715,0.2672413793103448,0.7672413793103449,-0.5,58,0,-60.0,0.23275862068965517,0.2672413793103448,32.068965517241374,5.0,33.10344827586207,0.3410623130338675
ds004447,sub-013,ses-01,ses-20,first_to_final,M0_NO_GATE,120,1.0,1.0,1.0,1.0,1.0,1.0,1.0,1.0,0.0,0,0,0.0,0.0,1.0,120.0,0.0,0.0,0.0
ds004447,sub-013,ses-01,ses-20,first_to_final,M1_HIGH_BETA,120,0.9,0.88,0.625,0.7096774193548389,0.9361702127659575,0.7692307692307693,0.7333333333333333,0.8333333333333334,-0.10000000000000009,12,0,-12.00000000000001,0.16666666666666666,0.7333333333333333,88.0,1.5,41.0,0.06186756000250809
ds004447,sub-013,ses-01,ses-20,first_to_final,M2_BROADBAND_HIGH_FREQUENCY,120,0.9833333333333333,0.9782608695652174,0.9333333333333333,0.9545454545454544,0.989010989010989,0.9655172413793104,0.7666666666666667,0.75,0.01666666666666672,0,2,2.000000000000006,0.23333333333333334,0.75,92.0,1.0,39.0,0.06935016660951678
ds004447,sub-013,ses-01,ses-20,first_to_final,M3_AMPLITUDE_150,120,1.0,1.0,1.0,1.0,1.0,1.0,1.0,1.0,0.0,0,0,0.0,0.0,1.0,120.0,0.0,0.0,0.0
ds004447,sub-013,ses-01,ses-20,first_to_final,M4_NFSQI_FULL_QUALITY,120,0.6916666666666667,0.4861111111111111,0.5647058823529412,0.40226171243941844,0.6542056074766355,0.7218045112781954,0.3416666666666667,0.55,-0.20833333333333337,31,6,-25.000000000000004,0.4,0.2916666666666667,41.0,6.0,40.0,0.09507436777127769
ds004447,sub-013,ses-20,ses-01,final_to_first,M0_NO_GATE,116,1.0,1.0,1.0,1.0,1.0,1.0,1.0,1.0,0.0,0,0,0.0,0.0,1.0,120.0,0.0,0.0,0.0
ds004447,sub-013,ses-20,ses-01,final_to_first,M1_HIGH_BETA,116,0.9310344827586207,0.9238095238095239,0.5789473684210527,0.6969301110385367,0.9603960396039604,0.7333333333333333,0.9051724137931034,0.8362068965517241,0.06896551724137934,0,8,8.27586206896552,0.09482758620689655,0.8362068965517241,108.62068965517241,1.5,15.517241379310345,0.06594757559249684
ds004447,sub-013,ses-20,ses-01,final_to_first,M2_BROADBAND_HIGH_FREQUENCY,116,0.9310344827586207,0.9207920792079208,0.6521739130434783,0.750403442711135,0.9587628865979382,0.7894736842105263,0.8017241379310345,0.8706896551724138,-0.06896551724137934,8,0,-8.27586206896552,0.12931034482758622,0.8017241379310345,96.20689655172414,2.0,31.03448275862069,0.06128678550541242
ds004447,sub-013,ses-20,ses-01,final_to_first,M3_AMPLITUDE_150,116,1.0,1.0,1.0,1.0,1.0,1.0,1.0,1.0,0.0,0,0,0.0,0.0,1.0,120.0,0.0,0.0,0.0
ds004447,sub-013,ses-20,ses-01,final_to_first,M4_NFSQI_FULL_QUALITY,116,0.7068965517241379,0.6,0.47692307692307695,0.40242424242424235,0.75,0.6458333333333334,0.5344827586206896,0.6379310344827587,-0.10344827586206906,23,11,-12.413793103448288,0.2672413793103448,0.4396551724137931,64.13793103448275,4.0,50.689655172413794,0.08682001019234464
ds004447,sub-014,ses-01,ses-19,first_to_final,M0_NO_GATE,120,1.0,1.0,1.0,1.0,1.0,1.0,1.0,1.0,0.0,0,0,0.0,0.0,1.0,120.0,0.0,0.0,0.0
ds004447,sub-014,ses-01,ses-19,first_to_final,M1_HIGH_BETA,120,0.9083333333333333,0.9,0.47619047619047616,0.5999999999999999,0.9473684210526315,0.6451612903225806,0.9166666666666666,0.825,0.09166666666666667,0,11,11.0,0.08333333333333333,0.825,110.0,0.5,17.0,0.12660752258936686
ds004447,sub-014,ses-01,ses-19,first_to_final,M2_BROADBAND_HIGH_FREQUENCY,120,0.7916666666666666,0.7844827586206896,0.13793103448275862,0.19527896995708124,0.8792270531400966,0.24242424242424243,0.9666666666666667,0.7583333333333333,0.20833333333333337,0,25,25.000000000000004,0.03333333333333333,0.7583333333333333,116.0,0.5,7.0,0.1999046737558039
ds004447,sub-014,ses-01,ses-19,first_to_final,M3_AMPLITUDE_150,120,1.0,1.0,1.0,1.0,1.0,1.0,1.0,1.0,0.0,0,0,0.0,0.0,1.0,120.0,0.0,0.0,0.0
ds004447,sub-014,ses-01,ses-19,first_to_final,M4_NFSQI_FULL_QUALITY,120,0.7583333333333333,0.7184466019417476,0.3695652173913043,0.4196130753835889,0.8361581920903954,0.5396825396825397,0.8583333333333333,0.6166666666666667,0.24166666666666659,0,29,28.99999999999999,0.14166666666666666,0.6166666666666667,103.0,0.5,29.0,0.12660752258936686
ds004447,sub-014,ses-19,ses-01,final_to_first,M0_NO_GATE,116,1.0,1.0,1.0,1.0,1.0,1.0,1.0,1.0,0.0,0,0,0.0,0.0,1.0,120.0,0.0,0.0,0.0
ds004447,sub-014,ses-19,ses-01,final_to_first,M1_HIGH_BETA,116,0.8793103448275862,0.8679245283018868,0.4166666666666667,0.5311778290993071,0.9292929292929293,0.5882352941176471,0.7931034482758621,0.9137931034482759,-0.12068965517241381,14,0,-14.482758620689658,0.08620689655172414,0.7931034482758621,95.17241379310346,1.5,33.10344827586207,0.11237944008963767
ds004447,sub-014,ses-19,ses-01,final_to_first,M2_BROADBAND_HIGH_FREQUENCY,116,0.7327586206896551,0.69,0.3404255319148936,0.3804272915230874,0.8165680473372781,0.5079365079365079,0.5948275862068966,0.8620689655172413,-0.26724137931034475,31,0,-32.06896551724137,0.13793103448275862,0.5948275862068966,71.37931034482759,1.5,52.758620689655174,0.1656722615380883
ds004447,sub-014,ses-19,ses-01,final_to_first,M3_AMPLITUDE_150,116,1.0,1.0,1.0,1.0,1.0,1.0,1.0,1.0,0.0,0,0,0.0,0.0,1.0,120.0,0.0,0.0,0.0
ds004447,sub-014,ses-19,ses-01,final_to_first,M4_NFSQI_FULL_QUALITY,116,0.7068965517241379,0.5802469135802469,0.5072463768115942,0.45479679292231123,0.734375,0.6730769230769231,0.4051724137931034,0.6982758620689655,-0.2931034482758621,34,0,-35.17241379310345,0.3017241379310345,0.4051724137931034,48.62068965517241,2.5,54.827586206896555,0.11237944008963767
ds004447,sub-015,ses-01,ses-19,first_to_final,M0_NO_GATE,120,1.0,1.0,1.0,1.0,1.0,1.0,1.0,1.0,0.0,0,0,0.0,0.0,1.0,120.0,0.0,0.0,0.0
ds004447,sub-015,ses-01,ses-19,first_to_final,M1_HIGH_BETA,120,0.9833333333333333,0.9818181818181818,0.8333333333333334,0.8999999999999997,0.9908256880733946,0.9090909090909091,0.9166666666666666,0.9,0.016666666666666607,0,2,1.999999999999993,0.08333333333333333,0.9,110.0,1.0,15.0,0.0242971906168743
ds004447,sub-015,ses-01,ses-19,first_to_final,M2_BROADBAND_HIGH_FREQUENCY,120,0.8583333333333333,0.8333333333333334,0.5142857142857142,0.6,0.9090909090909091,0.6792452830188679,0.85,0.7083333333333334,0.1416666666666666,0,17,16.999999999999993,0.15,0.7083333333333334,102.0,1.0,24.0,0.0754305968638222
ds004447,sub-015,ses-01,ses-19,first_to_final,M3_AMPLITUDE_150,120,1.0,1.0,1.0,1.0,1.0,1.0,0.9833333333333333,0.9833333333333333,0.0,0,0,0.0,0.016666666666666666,0.9833333333333333,118.0,1.0,1.0,0.0
ds004447,sub-015,ses-01,ses-19,first_to_final,M4_NFSQI_FULL_QUALITY,120,0.8333333333333334,0.7777777777777778,0.6,0.6363636363636365,0.875,0.75,0.75,0.5833333333333334,0.16666666666666663,0,20,19.999999999999996,0.25,0.5833333333333334,90.0,2.0,33.0,0.12293389377182627
ds004447,sub-015,ses-19,ses-01,final_to_first,M0_NO_GATE,116,1.0,1.0,1.0,1.0,1.0,1.0,1.0,1.0,0.0,0,0,0.0,0.0,1.0,120.0,0.0,0.0,0.0
ds004447,sub-015,ses-19,ses-01,final_to_first,M1_HIGH_BETA,116,0.9913793103448276,0.9905660377358491,0.9090909090909091,0.9476534296028883,0.995260663507109,0.9523809523809523,0.9051724137931034,0.9137931034482759,-0.008620689655172487,1,0,-1.0344827586206984,0.08620689655172414,0.9051724137931034,108.62068965517241,1.0,19.655172413793103,0.02372084082573879
ds004447,sub-015,ses-19,ses-01,final_to_first,M2_BROADBAND_HIGH_FREQUENCY,116,0.9051724137931034,0.8921568627450981,0.56,0.6663179916317991,0.9430051813471503,0.717948717948718,0.7844827586206896,0.8793103448275862,-0.09482758620689657,11,0,-11.379310344827589,0.1206896551724138,0.7844827586206896,94.13793103448275,2.0,36.206896551724135,0.06832209202202946
ds004447,sub-015,ses-19,ses-01,final_to_first,M3_AMPLITUDE_150,116,1.0,1.0,1.0,1.0,1.0,1.0,1.0,1.0,0.0,0,0,0.0,0.0,1.0,120.0,0.0,0.0,0.0
ds004447,sub-015,ses-19,ses-01,final_to_first,M4_NFSQI_FULL_QUALITY,116,0.7672413793103449,0.6896551724137931,0.5178571428571429,0.5263157894736842,0.8163265306122449,0.6823529411764706,0.5172413793103449,0.75,-0.23275862068965514,27,0,-27.931034482758616,0.25,0.5172413793103449,62.06896551724138,2.0,57.931034482758626,0.10947562848860427
ds004447,sub-016,ses-01,ses-18,first_to_final,M0_NO_GATE,120,1.0,1.0,1.0,1.0,1.0,1.0,1.0,1.0,0.0,0,0,0.0,0.0,1.0,120.0,0.0,0.0,0.0
ds004447,sub-016,ses-01,ses-18,first_to_final,M1_HIGH_BETA,120,0.8666666666666667,0.8279569892473119,0.627906976744186,0.6841066140177691,0.9058823529411765,0.7714285714285715,0.6416666666666667,0.775,-0.1333333333333333,16,0,-15.999999999999996,0.225,0.6416666666666667,77.0,5.0,30.0,0.0629952219214106
ds004447,sub-016,ses-01,ses-18,first_to_final,M2_BROADBAND_HIGH_FREQUENCY,120,0.8083333333333333,0.7088607594936709,0.640625,0.6245919477693145,0.8296296296296296,0.780952380952381,0.4666666666666667,0.6583333333333333,-0.19166666666666665,23,0,-23.0,0.3416666666666667,0.4666666666666667,56.0,4.5,41.0,0.1384067786988913
ds004447,sub-016,ses-01,ses-18,first_to_final,M3_AMPLITUDE_150,120,1.0,1.0,1.0,1.0,1.0,1.0,1.0,1.0,0.0,0,0,0.0,0.0,1.0,120.0,0.0,0.0,0.0
ds004447,sub-016,ses-01,ses-18,first_to_final,M4_NFSQI_FULL_QUALITY,120,0.7916666666666666,0.6031746031746031,0.6951219512195121,0.5908346972176759,0.7524752475247525,0.8201438848920863,0.31666666666666665,0.525,-0.20833333333333337,25,0,-25.000000000000004,0.475,0.31666666666666665,38.0,6.0,37.0,0.2565271020185321
ds004447,sub-016,ses-18,ses-01,final_to_first,M0_NO_GATE,116,1.0,1.0,1.0,1.0,1.0,1.0,1.0,1.0,0.0,0,0,0.0,0.0,1.0,120.0,0.0,0.0,0.0
ds004447,sub-016,ses-18,ses-01,final_to_first,M1_HIGH_BETA,116,0.9568965517241379,0.954954954954955,0.5,0.646341463414634,0.9769585253456221,0.6666666666666666,0.9568965517241379,0.9137931034482759,0.04310344827586199,0,5,5.172413793103439,0.04310344827586207,0.9137931034482759,114.82758620689654,1.0,8.275862068965518,0.06723041695751844
ds004447,sub-016,ses-18,ses-01,final_to_first,M2_BROADBAND_HIGH_FREQUENCY,116,0.8620689655172413,0.8446601941747572,0.4482758620689655,0.5492957746478873,0.9157894736842105,0.6190476190476191,0.8879310344827587,0.75,0.13793103448275867,0,16,16.55172413793104,0.11206896551724138,0.75,106.55172413793105,1.5,15.517241379310345,0.1828727295366787
ds004447,sub-016,ses-18,ses-01,final_to_first,M3_AMPLITUDE_150,116,1.0,1.0,1.0,1.0,1.0,1.0,1.0,1.0,0.0,0,0,0.0,0.0,1.0,120.0,0.0,0.0,0.0
ds004447,sub-016,ses-18,ses-01,final_to_first,M4_NFSQI_FULL_QUALITY,116,0.7931034482758621,0.7551020408163265,0.42857142857142855,0.4889867841409691,0.8604651162790697,0.6,0.8448275862068966,0.6379310344827587,0.2068965517241379,0,24,24.827586206896548,0.15517241379310345,0.6379310344827587,101.37931034482759,1.5,21.724137931034484,0.34503894185652806
ds004447,sub-017,ses-01,ses-19,first_to_final,M0_NO_GATE,120,1.0,1.0,1.0,1.0,1.0,1.0,1.0,1.0,0.0,0,0,0.0,0.0,1.0,120.0,0.0,0.0,0.0
ds004447,sub-017,ses-01,ses-19,first_to_final,M1_HIGH_BETA,120,0.9416666666666667,0.9380530973451328,0.5,0.63855421686747,0.9680365296803652,0.6666666666666666,0.8833333333333333,0.9416666666666667,-0.05833333333333335,7,0,-7.000000000000002,0.058333333333333334,0.8833333333333333,106.0,1.5,14.0,0.1568958395055364
ds004447,sub-017,ses-01,ses-19,first_to_final,M2_BROADBAND_HIGH_FREQUENCY,120,0.9,0.8309859154929577,0.8032786885245902,0.8006092495153697,0.9076923076923077,0.8909090909090909,0.5916666666666667,0.49166666666666664,0.10000000000000003,0,12,12.000000000000004,0.4083333333333333,0.49166666666666664,71.0,3.0,47.0,0.16607380078509543
ds004447,sub-017,ses-01,ses-19,first_to_final,M3_AMPLITUDE_150,120,1.0,1.0,1.0,1.0,1.0,1.0,1.0,1.0,0.0,0,0,0.0,0.0,1.0,120.0,0.0,0.0,0.0
ds004447,sub-017,ses-01,ses-19,first_to_final,M4_NFSQI_FULL_QUALITY,120,0.8166666666666667,0.6206896551724138,0.7380952380952381,0.6180555555555555,0.7659574468085106,0.8493150684931506,0.43333333333333335,0.35,0.08333333333333337,6,16,10.000000000000004,0.5166666666666667,0.3,52.0,4.0,51.0,0.2766371368799289
ds004447,sub-017,ses-19,ses-01,final_to_first,M0_NO_GATE,116,1.0,1.0,1.0,1.0,1.0,1.0,1.0,1.0,0.0,0,0,0.0,0.0,1.0,120.0,0.0,0.0,0.0
ds004447,sub-017,ses-19,ses-01,final_to_first,M1_HIGH_BETA,116,0.9224137931034483,0.9,0.7428571428571429,0.8013698630136986,0.9473684210526315,0.8524590163934426,0.7758620689655172,0.6982758620689655,0.07758620689655171,0,9,9.310344827586206,0.22413793103448276,0.6982758620689655,93.10344827586206,2.0,38.27586206896552,0.18609306756773705
ds004447,sub-017,ses-19,ses-01,final_to_first,M2_BROADBAND_HIGH_FREQUENCY,116,0.8793103448275862,0.8426966292134831,0.6585365853658537,0.713782164258019,0.9146341463414634,0.7941176470588235,0.646551724137931,0.7672413793103449,-0.12068965517241381,14,0,-14.482758620689658,0.23275862068965517,0.646551724137931,77.58620689655173,1.5,49.6551724137931,0.12650306328139796
ds004447,sub-017,ses-19,ses-01,final_to_first,M3_AMPLITUDE_150,116,1.0,1.0,1.0,1.0,1.0,1.0,1.0,1.0,0.0,0,0,0.0,0.0,1.0,120.0,0.0,0.0,0.0
ds004447,sub-017,ses-19,ses-01,final_to_first,M4_NFSQI_FULL_QUALITY,116,0.7586206896551724,0.5555555555555556,0.654320987654321,0.5106959927689063,0.7142857142857143,0.7910447761194029,0.3706896551724138,0.47413793103448276,-0.10344827586206895,20,8,-12.413793103448274,0.45689655172413796,0.3017241379310345,44.48275862068966,3.5,39.310344827586206,0.2166920645564358
ds004447,sub-018,ses-01,ses-19,first_to_final,M0_NO_GATE,120,1.0,1.0,1.0,1.0,1.0,1.0,1.0,1.0,0.0,0,0,0.0,0.0,1.0,120.0,0.0,0.0,0.0
ds004447,sub-018,ses-01,ses-19,first_to_final,M1_HIGH_BETA,120,0.6166666666666667,0.5964912280701754,0.11538461538461539,0.12878787878787876,0.7472527472527473,0.20689655172413793,0.5666666666666667,0.95,-0.3833333333333333,46,0,-46.0,0.05,0.5666666666666667,68.0,2.0,50.0,0.21317363023005098
ds004447,sub-018,ses-01,ses-19,first_to_final,M2_BROADBAND_HIGH_FREQUENCY,120,0.9,0.8974358974358975,0.2,0.2857142857142859,0.9459459459459459,0.3333333333333333,0.9,0.95,-0.04999999999999993,9,3,-5.999999999999992,0.025,0.875,108.0,1.5,19.0,0.35750963844262673
ds004447,sub-018,ses-01,ses-19,first_to_final,M3_AMPLITUDE_150,120,1.0,1.0,1.0,1.0,1.0,1.0,1.0,1.0,0.0,0,0,0.0,0.0,1.0,120.0,0.0,0.0,0.0
ds004447,sub-018,ses-01,ses-19,first_to_final,M4_NFSQI_FULL_QUALITY,120,0.5,0.45454545454545453,0.14285714285714285,-0.01095197978096032,0.625,0.25,0.5083333333333333,0.825,-0.31666666666666665,49,11,-38.0,0.08333333333333333,0.4166666666666667,61.0,2.5,52.0,0.29644701846127175
ds004447,sub-018,ses-19,ses-01,final_to_first,M0_NO_GATE,116,1.0,1.0,1.0,1.0,1.0,1.0,1.0,1.0,0.0,0,0,0.0,0.0,1.0,120.0,0.0,0.0,0.0
ds004447,sub-018,ses-19,ses-01,final_to_first,M1_HIGH_BETA,116,0.8189655172413793,0.8141592920353983,0.125,0.18473895582329344,0.8975609756097561,0.2222222222222222,0.9741379310344828,0.7931034482758621,0.18103448275862066,0,21,21.72413793103448,0.02586206896551724,0.7931034482758621,116.89655172413794,0.5,6.206896551724138,0.27092842642319975
ds004447,sub-018,ses-19,ses-01,final_to_first,M2_BROADBAND_HIGH_FREQUENCY,116,0.8362068965517241,0.8256880733944955,0.2692307692307692,0.3637413394919167,0.9045226130653267,0.42424242424242425,0.9396551724137931,0.7758620689655172,0.1637931034482759,0,19,19.65517241379311,0.0603448275862069,0.7758620689655172,112.75862068965517,0.5,12.413793103448276,0.26591875417691035
ds004447,sub-018,ses-19,ses-01,final_to_first,M3_AMPLITUDE_150,116,1.0,1.0,1.0,1.0,1.0,1.0,1.0,1.0,0.0,0,0,0.0,0.0,1.0,120.0,0.0,0.0,0.0
ds004447,sub-018,ses-19,ses-01,final_to_first,M4_NFSQI_FULL_QUALITY,116,0.6810344827586207,0.6476190476190476,0.22916666666666666,0.20753323485967495,0.7861271676300579,0.3728813559322034,0.853448275862069,0.6379310344827587,0.21551724137931028,6,31,25.86206896551723,0.09482758620689655,0.5862068965517241,102.41379310344827,1.5,24.82758620689655,0.36341035352355244
ds004447,sub-019,ses-01,ses-19,first_to_final,M0_NO_GATE,120,1.0,1.0,1.0,1.0,1.0,1.0,1.0,1.0,0.0,0,0,0.0,0.0,1.0,120.0,0.0,0.0,0.0
ds004447,sub-019,ses-01,ses-19,first_to_final,M1_HIGH_BETA,120,0.975,0.9696969696969697,0.875,0.9180327868852458,0.9846153846153847,0.9333333333333333,0.825,0.8,0.02499999999999991,0,3,2.9999999999999893,0.175,0.8,99.0,2.0,29.0,0.009871986330762184
ds004447,sub-019,ses-01,ses-19,first_to_final,M2_BROADBAND_HIGH_FREQUENCY,120,0.85,0.8285714285714286,0.45454545454545453,0.5471698113207546,0.90625,0.625,0.875,0.725,0.15000000000000002,0,18,18.000000000000004,0.125,0.725,105.0,1.0,24.0,0.21106511897863822
ds004447,sub-019,ses-01,ses-19,first_to_final,M3_AMPLITUDE_150,120,1.0,1.0,1.0,1.0,1.0,1.0,1.0,1.0,0.0,0,0,0.0,0.0,1.0,120.0,0.0,0.0,0.0
ds004447,sub-019,ses-01,ses-19,first_to_final,M4_NFSQI_FULL_QUALITY,120,0.5416666666666666,0.1791044776119403,0.49074074074074076,0.12698412698412695,0.3037974683544304,0.6583850931677019,0.125,0.5333333333333333,-0.4083333333333333,52,3,-49.0,0.44166666666666665,0.1,15.0,6.0,22.0,0.24058273046681752
ds004447,sub-019,ses-19,ses-01,final_to_first,M0_NO_GATE,116,1.0,1.0,1.0,1.0,1.0,1.0,1.0,1.0,0.0,0,0,0.0,0.0,1.0,120.0,0.0,0.0,0.0
ds004447,sub-019,ses-19,ses-01,final_to_first,M1_HIGH_BETA,116,1.0,1.0,1.0,1.0,1.0,1.0,0.9224137931034483,0.9224137931034483,0.0,0,0,0.0,0.07758620689655173,0.9224137931034483,110.6896551724138,1.5,12.413793103448276,0.009775482897224188
ds004447,sub-019,ses-19,ses-01,final_to_first,M2_BROADBAND_HIGH_FREQUENCY,116,0.9310344827586207,0.9304347826086956,0.1111111111111111,0.18739054290717969,0.963963963963964,0.2,0.9224137931034483,0.9913793103448276,-0.06896551724137934,8,0,-8.27586206896552,0.008620689655172414,0.9224137931034483,110.6896551724138,2.5,9.310344827586206,0.17337381693566756
ds004447,sub-019,ses-19,ses-01,final_to_first,M3_AMPLITUDE_150,116,1.0,1.0,1.0,1.0,1.0,1.0,1.0,1.0,0.0,0,0,0.0,0.0,1.0,120.0,0.0,0.0,0.0
ds004447,sub-019,ses-19,ses-01,final_to_first,M4_NFSQI_FULL_QUALITY,116,0.75,0.7238095238095238,0.275,0.2884940778341792,0.8397790055248618,0.43137254901960786,0.7155172413793104,0.8448275862068966,-0.1293103448275862,22,7,-15.517241379310342,0.09482758620689655,0.6551724137931034,85.86206896551725,3.0,32.068965517241374,0.2007516481920418
ds004447,sub-020,ses-01,ses-19,first_to_final,M0_NO_GATE,120,1.0,1.0,1.0,1.0,1.0,1.0,1.0,1.0,0.0,0,0,0.0,0.0,1.0,120.0,0.0,0.0,0.0
ds004447,sub-020,ses-01,ses-19,first_to_final,M1_HIGH_BETA,120,0.975,0.9711538461538461,0.8421052631578947,0.8997772828507794,0.9853658536585366,0.9142857142857143,0.8416666666666667,0.8666666666666667,-0.025000000000000022,3,0,-3.0000000000000027,0.13333333333333333,0.8416666666666667,101.0,1.0,31.000000000000004,0.0043185514729890155
ds004447,sub-020,ses-01,ses-19,first_to_final,M2_BROADBAND_HIGH_FREQUENCY,120,0.9083333333333333,0.8921568627450981,0.6206896551724138,0.708994708994709,0.9430051813471503,0.7659574468085106,0.8083333333333333,0.8,0.008333333333333304,5,6,0.9999999999999964,0.15,0.7583333333333333,97.0,1.0,36.0,0.06171977638491355
ds004447,sub-020,ses-01,ses-19,first_to_final,M3_AMPLITUDE_150,120,1.0,1.0,1.0,1.0,1.0,1.0,1.0,1.0,0.0,0,0,0.0,0.0,1.0,120.0,0.0,0.0,0.0
ds004447,sub-020,ses-01,ses-19,first_to_final,M4_NFSQI_FULL_QUALITY,120,0.8416666666666667,0.7710843373493976,0.6607142857142857,0.6676384839650146,0.8707482993197279,0.7956989247311828,0.6416666666666667,0.5833333333333334,0.05833333333333335,6,13,7.000000000000002,0.30833333333333335,0.5333333333333333,77.0,2.0,49.0,0.07547594880980145
ds004447,sub-020,ses-19,ses-01,final_to_first,M0_NO_GATE,120,1.0,1.0,1.0,1.0,1.0,1.0,1.0,1.0,0.0,0,0,0.0,0.0,1.0,120.0,0.0,0.0,0.0
ds004447,sub-020,ses-19,ses-01,final_to_first,M1_HIGH_BETA,120,1.0,1.0,1.0,1.0,1.0,1.0,0.8583333333333333,0.8583333333333333,0.0,0,0,0.0,0.14166666666666666,0.8583333333333333,103.0,1.5,22.0,0.004337282249636954
ds004447,sub-020,ses-19,ses-01,final_to_first,M2_BROADBAND_HIGH_FREQUENCY,120,0.95,0.9423076923076923,0.7272727272727273,0.8124022928608648,0.9702970297029703,0.8421052631578947,0.8416666666666667,0.8416666666666667,0.0,3,3,0.0,0.13333333333333333,0.8166666666666667,101.0,1.5,25.0,0.06681942362937202
ds004447,sub-020,ses-19,ses-01,final_to_first,M3_AMPLITUDE_150,120,1.0,1.0,1.0,1.0,1.0,1.0,1.0,1.0,0.0,0,0,0.0,0.0,1.0,120.0,0.0,0.0,0.0
ds004447,sub-020,ses-19,ses-01,final_to_first,M4_NFSQI_FULL_QUALITY,120,0.8666666666666667,0.8072289156626506,0.6981132075471698,0.7176470588235294,0.8933333333333333,0.8222222222222222,0.5833333333333334,0.6666666666666666,-0.08333333333333326,13,3,-9.999999999999991,0.30833333333333335,0.5583333333333333,70.0,2.0,48.0,0.08163762609813824
ds004447,sub-021,ses-01,ses-19,first_to_final,M0_NO_GATE,120,1.0,1.0,1.0,1.0,1.0,1.0,1.0,1.0,0.0,0,0,0.0,0.0,1.0,120.0,0.0,0.0,0.0
ds004447,sub-021,ses-01,ses-19,first_to_final,M1_HIGH_BETA,120,0.9833333333333333,0.9833333333333333,0.0,0.0,0.9915966386554622,0.0,1.0,0.9833333333333333,0.01666666666666672,0,2,2.000000000000006,0.0,0.9833333333333333,120.0,0.0,0.0,0.07383762253140783
ds004447,sub-021,ses-01,ses-19,first_to_final,M2_BROADBAND_HIGH_FREQUENCY,120,0.975,0.9743589743589743,0.5,0.6551724137931038,0.987012987012987,0.6666666666666666,0.975,0.95,0.025000000000000022,0,3,3.0000000000000027,0.025,0.95,117.0,0.5,6.0,0.10767132556821626
ds004447,sub-021,ses-01,ses-19,first_to_final,M3_AMPLITUDE_150,120,1.0,1.0,1.0,1.0,1.0,1.0,1.0,1.0,0.0,0,0,0.0,0.0,1.0,120.0,0.0,0.0,0.0
ds004447,sub-021,ses-01,ses-19,first_to_final,M4_NFSQI_FULL_QUALITY,120,0.6833333333333333,0.6724137931034483,0.09523809523809523,0.06056860321384448,0.8041237113402062,0.17391304347826086,0.6916666666666667,0.925,-0.2333333333333334,33,5,-28.000000000000007,0.03333333333333333,0.65,83.0,1.5,43.0,0.14464357821101073
ds004447,sub-021,ses-19,ses-01,final_to_first,M0_NO_GATE,120,1.0,1.0,1.0,1.0,1.0,1.0,1.0,1.0,0.0,0,0,0.0,0.0,1.0,120.0,0.0,0.0,0.0
ds004447,sub-021,ses-19,ses-01,final_to_first,M1_HIGH_BETA,120,0.9416666666666667,0.9391304347826087,0.4166666666666667,0.5624999999999998,0.968609865470852,0.5882352941176471,0.9,0.9583333333333334,-0.05833333333333335,7,0,-7.000000000000002,0.041666666666666664,0.9,108.0,1.0,21.0,0.06876050995247023
ds004447,sub-021,ses-19,ses-01,final_to_first,M2_BROADBAND_HIGH_FREQUENCY,120,0.9416666666666667,0.9363636363636364,0.5882352941176471,0.7103448275862071,0.9671361502347418,0.7407407407407407,0.8583333333333333,0.9166666666666666,-0.05833333333333335,7,0,-7.000000000000002,0.08333333333333333,0.8583333333333333,103.0,1.0,24.0,0.09619818219817988
ds004447,sub-021,ses-19,ses-01,final_to_first,M3_AMPLITUDE_150,120,1.0,1.0,1.0,1.0,1.0,1.0,1.0,1.0,0.0,0,0,0.0,0.0,1.0,120.0,0.0,0.0,0.0
ds004447,sub-021,ses-19,ses-01,final_to_first,M4_NFSQI_FULL_QUALITY,120,0.7583333333333333,0.7184466019417476,0.3695652173913043,0.375896700143472,0.8361581920903954,0.5396825396825397,0.7416666666666667,0.7333333333333333,0.008333333333333415,14,15,1.0000000000000098,0.14166666666666666,0.6166666666666667,89.0,2.0,36.0,0.12636560494846563
ds004447,sub-022,ses-01,ses-19,first_to_final,M0_NO_GATE,120,1.0,1.0,1.0,1.0,1.0,1.0,1.0,1.0,0.0,0,0,0.0,0.0,1.0,120.0,0.0,0.0,0.0
ds004447,sub-022,ses-01,ses-19,first_to_final,M1_HIGH_BETA,120,1.0,1.0,1.0,1.0,1.0,1.0,0.9166666666666666,0.9166666666666666,0.0,0,0,0.0,0.08333333333333333,0.9166666666666666,110.0,1.5,15.0,0.024209101173143004
ds004447,sub-022,ses-01,ses-19,first_to_final,M2_BROADBAND_HIGH_FREQUENCY,120,0.8916666666666667,0.8796296296296297,0.48,0.5937500000000001,0.9359605911330049,0.6486486486486487,0.9,0.7916666666666666,0.10833333333333339,0,13,13.000000000000007,0.1,0.7916666666666666,108.0,1.0,16.0,0.07281641736291286
ds004447,sub-022,ses-01,ses-19,first_to_final,M3_AMPLITUDE_150,120,1.0,1.0,1.0,1.0,1.0,1.0,1.0,1.0,0.0,0,0,0.0,0.0,1.0,120.0,0.0,0.0,0.0
ds004447,sub-022,ses-01,ses-19,first_to_final,M4_NFSQI_FULL_QUALITY,120,0.8333333333333334,0.7959183673469388,0.5238095238095238,0.588477366255144,0.8863636363636364,0.6875,0.8166666666666667,0.65,0.16666666666666663,0,20,19.999999999999996,0.18333333333333332,0.65,98.0,1.5,27.0,0.10250917392211256
ds004447,sub-022,ses-19,ses-01,final_to_first,M0_NO_GATE,120,1.0,1.0,1.0,1.0,1.0,1.0,1.0,1.0,0.0,0,0,0.0,0.0,1.0,120.0,0.0,0.0,0.0
ds004447,sub-022,ses-19,ses-01,final_to_first,M1_HIGH_BETA,120,0.9666666666666667,0.956989247311828,0.8709677419354839,0.9091940976163451,0.978021978021978,0.9310344827586207,0.7416666666666667,0.775,-0.033333333333333326,4,0,-3.999999999999999,0.225,0.7416666666666667,89.0,2.0,37.0,0.023636873706173445
ds004447,sub-022,ses-19,ses-01,final_to_first,M2_BROADBAND_HIGH_FREQUENCY,120,0.8,0.7176470588235294,0.5932203389830508,0.5972027972027973,0.8356164383561644,0.7446808510638298,0.5083333333333333,0.7083333333333334,-0.20000000000000007,24,0,-24.000000000000007,0.2916666666666667,0.5083333333333333,61.0,3.5,46.0,0.06715947958088946
ds004447,sub-022,ses-19,ses-01,final_to_first,M3_AMPLITUDE_150,120,1.0,1.0,1.0,1.0,1.0,1.0,1.0,1.0,0.0,0,0,0.0,0.0,1.0,120.0,0.0,0.0,0.0
ds004447,sub-022,ses-19,ses-01,final_to_first,M4_NFSQI_FULL_QUALITY,120,0.6833333333333333,0.4411764705882353,0.5777777777777777,0.40625,0.6122448979591837,0.7323943661971831,0.25,0.5666666666666667,-0.31666666666666665,38,0,-38.0,0.43333333333333335,0.25,30.0,6.0,33.0,0.09297806888757408
